timestep,seed,scenario,agent,workload_level,queue_avg,action,selected_latency_s,selected_energy_j,latency_weight,energy_weight,reward,actor_loss,critic_loss,td_error,td_lat,td_eng,replay_priority,phase
0,50,scenario3_repeated_spike,SAC,50,4.0,1,0.09145454545454544,0.11316363636363636,0.5,0.5,-0.1023090909090909,,,,,,,normal
1,50,scenario3_repeated_spike,SAC,50,4.6,0,0.062875,0.2006,0.5,0.5,-0.1317375,,,,,,,normal
2,50,scenario3_repeated_spike,SAC,50,5.140000000000001,0,0.06321249999999999,0.20113999999999999,0.5,0.5,-0.13217625,,,,,,,normal
3,50,scenario3_repeated_spike,SAC,50,0.0,1,0.09,0.11199999999999999,0.5,0.5,-0.10099999999999999,,,,,,,normal
4,50,scenario3_repeated_spike,SAC,50,1.0,0,0.060625,0.197,0.5,0.5,-0.1288125,,,,,,,normal
5,50,scenario3_repeated_spike,SAC,50,0.0,1,0.09,0.11199999999999999,0.5,0.5,-0.10099999999999999,,,,,,,normal
6,50,scenario3_repeated_spike,SAC,50,0.0,1,0.09,0.11199999999999999,0.5,0.5,-0.10099999999999999,,,,,,,normal
7,50,scenario3_repeated_spike,SAC,50,0.0,1,0.09,0.11199999999999999,0.5,0.5,-0.10099999999999999,,,,,,,normal
8,50,scenario3_repeated_spike,SAC,50,0.0,1,0.09,0.11199999999999999,0.5,0.5,-0.10099999999999999,,,,,,,normal
9,50,scenario3_repeated_spike,SAC,50,1.0,0,0.060625,0.197,0.5,0.5,-0.1288125,,,,,,,normal
10,50,scenario3_repeated_spike,SAC,50,0.0,1,0.09,0.11199999999999999,0.5,0.5,-0.10099999999999999,,,,,,,normal
11,50,scenario3_repeated_spike,SAC,50,0.0,1,0.09,0.11199999999999999,0.5,0.5,-0.10099999999999999,,,,,,,normal
12,50,scenario3_repeated_spike,SAC,50,0.0,1,0.09,0.11199999999999999,0.5,0.5,-0.10099999999999999,,,,,,,normal
13,50,scenario3_repeated_spike,SAC,50,0.0,1,0.09,0.11199999999999999,0.5,0.5,-0.10099999999999999,,,,,,,normal
14,50,scenario3_repeated_spike,SAC,50,1.0,0,0.060625,0.197,0.5,0.5,-0.1288125,,,,,,,normal
15,50,scenario3_repeated_spike,SAC,50,1.9000000000000004,0,0.0611875,0.19790000000000002,0.5,0.5,-0.12954375,,,,,,,normal
16,50,scenario3_repeated_spike,SAC,50,2.710000000000001,0,0.061693750000000006,0.19871000000000003,0.5,0.5,-0.13020187500000002,,,,,,,normal
17,50,scenario3_repeated_spike,SAC,50,0.0,1,0.09,0.11199999999999999,0.5,0.5,-0.10099999999999999,,,,,,,normal
18,50,scenario3_repeated_spike,SAC,50,0.0,1,0.09,0.11199999999999999,0.5,0.5,-0.10099999999999999,,,,,,,normal
19,50,scenario3_repeated_spike,SAC,50,1.0,0,0.060625,0.197,0.5,0.5,-0.1288125,,,,,,,normal
20,50,scenario3_repeated_spike,SAC,50,0.0,1,0.09,0.11199999999999999,0.5,0.5,-0.10099999999999999,,,,,,,normal
21,50,scenario3_repeated_spike,SAC,50,1.0,0,0.060625,0.197,0.5,0.5,-0.1288125,,,,,,,normal
22,50,scenario3_repeated_spike,SAC,50,0.0,1,0.09,0.11199999999999999,0.5,0.5,-0.10099999999999999,,,,,,,normal
23,50,scenario3_repeated_spike,SAC,50,1.0,0,0.060625,0.197,0.5,0.5,-0.1288125,,,,,,,normal
24,50,scenario3_repeated_spike,SAC,50,0.0,1,0.09,0.11199999999999999,0.5,0.5,-0.10099999999999999,,,,,,,normal
25,50,scenario3_repeated_spike,SAC,50,1.0,0,0.060625,0.197,0.5,0.5,-0.1288125,,,,,,,normal
26,50,scenario3_repeated_spike,SAC,50,1.9000000000000004,0,0.0611875,0.19790000000000002,0.5,0.5,-0.12954375,,,,,,,normal
27,50,scenario3_repeated_spike,SAC,50,2.710000000000001,0,0.061693750000000006,0.19871000000000003,0.5,0.5,-0.13020187500000002,,,,,,,normal
28,50,scenario3_repeated_spike,SAC,50,3.439,0,0.062149375,0.199439,0.5,0.5,-0.1307941875,,,,,,,normal
29,50,scenario3_repeated_spike,SAC,50,4.0951,0,0.06255943750000001,0.20009510000000003,0.5,0.5,-0.13132726875,,,,,,,normal
30,50,scenario3_repeated_spike,SAC,50,0.0,1,0.09,0.11199999999999999,0.5,0.5,-0.10099999999999999,,,,,,,normal
31,50,scenario3_repeated_spike,SAC,50,0.0,1,0.09,0.11199999999999999,0.5,0.5,-0.10099999999999999,,,,,,,normal
32,50,scenario3_repeated_spike,SAC,50,1.0,0,0.060625,0.197,0.5,0.5,-0.1288125,,,,,,,normal
33,50,scenario3_repeated_spike,SAC,50,1.9000000000000004,0,0.0611875,0.19790000000000002,0.5,0.5,-0.12954375,,,,,,,normal
34,50,scenario3_repeated_spike,SAC,50,0.0,1,0.09,0.11199999999999999,0.5,0.5,-0.10099999999999999,,,,,,,normal
35,50,scenario3_repeated_spike,SAC,50,1.0,0,0.060625,0.197,0.5,0.5,-0.1288125,,,,,,,normal
36,50,scenario3_repeated_spike,SAC,50,0.0,1,0.09,0.11199999999999999,0.5,0.5,-0.10099999999999999,,,,,,,normal
37,50,scenario3_repeated_spike,SAC,50,0.0,1,0.09,0.11199999999999999,0.5,0.5,-0.10099999999999999,,,,,,,normal
38,50,scenario3_repeated_spike,SAC,50,0.0,1,0.09,0.11199999999999999,0.5,0.5,-0.10099999999999999,,,,,,,normal
39,50,scenario3_repeated_spike,SAC,50,1.0,0,0.060625,0.197,0.5,0.5,-0.1288125,,,,,,,normal
40,50,scenario3_repeated_spike,SAC,50,0.0,1,0.09,0.11199999999999999,0.5,0.5,-0.10099999999999999,,,,,,,normal
41,50,scenario3_repeated_spike,SAC,50,0.0,1,0.09,0.11199999999999999,0.5,0.5,-0.10099999999999999,,,,,,,normal
42,50,scenario3_repeated_spike,SAC,50,1.0,0,0.060625,0.197,0.5,0.5,-0.1288125,,,,,,,normal
43,50,scenario3_repeated_spike,SAC,50,0.0,1,0.09,0.11199999999999999,0.5,0.5,-0.10099999999999999,,,,,,,normal
44,50,scenario3_repeated_spike,SAC,50,0.0,1,0.09,0.11199999999999999,0.5,0.5,-0.10099999999999999,,,,,,,normal
45,50,scenario3_repeated_spike,SAC,50,1.0,0,0.060625,0.197,0.5,0.5,-0.1288125,,,,,,,normal
46,50,scenario3_repeated_spike,SAC,50,1.9000000000000004,0,0.0611875,0.19790000000000002,0.5,0.5,-0.12954375,,,,,,,normal
47,50,scenario3_repeated_spike,SAC,50,2.710000000000001,0,0.061693750000000006,0.19871000000000003,0.5,0.5,-0.13020187500000002,,,,,,,normal
48,50,scenario3_repeated_spike,SAC,50,0.0,1,0.09,0.11199999999999999,0.5,0.5,-0.10099999999999999,,,,,,,normal
49,50,scenario3_repeated_spike,SAC,50,0.0,1,0.09,0.11199999999999999,0.5,0.5,-0.10099999999999999,,,,,,,normal
50,50,scenario3_repeated_spike,SAC,50,0.0,1,0.09,0.11199999999999999,0.5,0.5,-0.10099999999999999,,,,,,,normal
51,50,scenario3_repeated_spike,SAC,50,1.0,0,0.060625,0.197,0.5,0.5,-0.1288125,,,,,,,normal
52,50,scenario3_repeated_spike,SAC,50,0.0,1,0.09,0.11199999999999999,0.5,0.5,-0.10099999999999999,,,,,,,normal
53,50,scenario3_repeated_spike,SAC,50,0.0,1,0.09,0.11199999999999999,0.5,0.5,-0.10099999999999999,,,,,,,normal
54,50,scenario3_repeated_spike,SAC,50,0.0,1,0.09,0.11199999999999999,0.5,0.5,-0.10099999999999999,,,,,,,normal
55,50,scenario3_repeated_spike,SAC,50,0.0,1,0.09,0.11199999999999999,0.5,0.5,-0.10099999999999999,,,,,,,normal
56,50,scenario3_repeated_spike,SAC,50,0.0,1,0.09,0.11199999999999999,0.5,0.5,-0.10099999999999999,,,,,,,normal
57,50,scenario3_repeated_spike,SAC,50,0.0,1,0.09,0.11199999999999999,0.5,0.5,-0.10099999999999999,,,,,,,normal
58,50,scenario3_repeated_spike,SAC,50,0.0,1,0.09,0.11199999999999999,0.5,0.5,-0.10099999999999999,,,,,,,normal
59,50,scenario3_repeated_spike,SAC,50,1.0,0,0.060625,0.197,0.5,0.5,-0.1288125,,,,,,,normal
60,50,scenario3_repeated_spike,SAC,50,0.0,1,0.09,0.11199999999999999,0.5,0.5,-0.10099999999999999,,,,,,,normal
61,50,scenario3_repeated_spike,SAC,50,0.0,1,0.09,0.11199999999999999,0.5,0.5,-0.10099999999999999,,,,,,,normal
62,50,scenario3_repeated_spike,SAC,50,0.0,1,0.09,0.11199999999999999,0.5,0.5,-0.10099999999999999,,,,,,,normal
63,50,scenario3_repeated_spike,SAC,50,0.0,1,0.09,0.11199999999999999,0.5,0.5,-0.10099999999999999,-0.15975144505500793,0.034160859882831573,0.07397753745317459,,,1.0,normal
64,50,scenario3_repeated_spike,SAC,50,0.0,1,0.09,0.11199999999999999,0.5,0.5,-0.10099999999999999,-0.16161830723285675,0.031075090169906616,0.06798548251390457,,,1.0,normal
65,50,scenario3_repeated_spike,SAC,50,1.0,0,0.060625,0.197,0.5,0.5,-0.1288125,-0.16339536011219025,0.028715165331959724,0.0647134855389595,,,1.0,normal
66,50,scenario3_repeated_spike,SAC,50,0.0,1,0.09,0.11199999999999999,0.5,0.5,-0.10099999999999999,-0.1649763286113739,0.025957318022847176,0.05800650268793106,,,1.0,normal
67,50,scenario3_repeated_spike,SAC,50,1.0,0,0.060625,0.197,0.5,0.5,-0.1288125,-0.1657523512840271,0.023663923144340515,0.05464859679341316,,,1.0,normal
68,50,scenario3_repeated_spike,SAC,50,1.9000000000000004,0,0.0611875,0.19790000000000002,0.5,0.5,-0.12954375,-0.16831278800964355,0.021890226751565933,0.051173750311136246,,,1.0,normal
69,50,scenario3_repeated_spike,SAC,50,2.710000000000001,0,0.061693750000000006,0.19871000000000003,0.5,0.5,-0.13020187500000002,-0.16870741546154022,0.01387602649629116,0.042969606816768646,,,1.0,normal
70,50,scenario3_repeated_spike,SAC,50,0.0,1,0.09,0.11199999999999999,0.5,0.5,-0.10099999999999999,-0.16924697160720825,0.018825173377990723,0.046726640313863754,,,1.0,normal
71,50,scenario3_repeated_spike,SAC,50,1.0,0,0.060625,0.197,0.5,0.5,-0.1288125,-0.16827067732810974,0.01686897873878479,0.04252191632986069,,,1.0,normal
72,50,scenario3_repeated_spike,SAC,50,1.9000000000000004,0,0.0611875,0.19790000000000002,0.5,0.5,-0.12954375,-0.16760803759098053,0.015635395422577858,0.040362756699323654,,,1.0,normal
73,50,scenario3_repeated_spike,SAC,50,0.0,1,0.09,0.11199999999999999,0.5,0.5,-0.10099999999999999,-0.16740024089813232,0.013409226201474667,0.03685907647013664,,,1.0,normal
74,50,scenario3_repeated_spike,SAC,50,0.0,1,0.09,0.11199999999999999,0.5,0.5,-0.10099999999999999,-0.16616535186767578,0.011644973419606686,0.03536699712276459,,,1.0,normal
75,50,scenario3_repeated_spike,SAC,50,0.0,1,0.09,0.11199999999999999,0.5,0.5,-0.10099999999999999,-0.16509395837783813,0.007977496832609177,0.030072299763560295,,,1.0,normal
76,50,scenario3_repeated_spike,SAC,50,1.0,0,0.060625,0.197,0.5,0.5,-0.1288125,-0.1638995110988617,0.01119311898946762,0.03350990265607834,,,1.0,normal
77,50,scenario3_repeated_spike,SAC,50,0.0,1,0.09,0.11199999999999999,0.5,0.5,-0.10099999999999999,-0.16538241505622864,0.010419277474284172,0.03269464150071144,,,1.0,normal
78,50,scenario3_repeated_spike,SAC,50,0.0,1,0.09,0.11199999999999999,0.5,0.5,-0.10099999999999999,-0.16458240151405334,0.007417177781462669,0.028627153486013412,,,1.0,normal
79,50,scenario3_repeated_spike,SAC,50,1.0,0,0.060625,0.197,0.5,0.5,-0.1288125,-0.16321340203285217,0.004470746964216232,0.02388576790690422,,,1.0,normal
80,50,scenario3_repeated_spike,SAC,50,0.0,1,0.09,0.11199999999999999,0.5,0.5,-0.10099999999999999,-0.16226013004779816,0.004768945276737213,0.02318601869046688,,,1.0,normal
81,50,scenario3_repeated_spike,SAC,50,1.0,0,0.060625,0.197,0.5,0.5,-0.1288125,-0.16310764849185944,0.00723573612049222,0.026545900851488113,,,1.0,normal
82,50,scenario3_repeated_spike,SAC,50,0.0,1,0.09,0.11199999999999999,0.5,0.5,-0.10099999999999999,-0.16272902488708496,0.006040198262780905,0.025112828239798546,,,1.0,normal
83,50,scenario3_repeated_spike,SAC,50,0.0,1,0.09,0.11199999999999999,0.5,0.5,-0.10099999999999999,-0.16163384914398193,0.0016732238000258803,0.01755939982831478,,,1.0,normal
84,50,scenario3_repeated_spike,SAC,50,0.0,1,0.09,0.11199999999999999,0.5,0.5,-0.10099999999999999,-0.16149814426898956,0.005539895035326481,0.023124296218156815,,,1.0,normal
85,50,scenario3_repeated_spike,SAC,50,1.0,0,0.060625,0.197,0.5,0.5,-0.1288125,-0.16018109023571014,0.005299680400639772,0.023844901472330093,,,1.0,normal
86,50,scenario3_repeated_spike,SAC,50,0.0,1,0.09,0.11199999999999999,0.5,0.5,-0.10099999999999999,-0.16191434860229492,0.004880501423031092,0.024200519546866417,,,1.0,normal
87,50,scenario3_repeated_spike,SAC,50,1.0,0,0.060625,0.197,0.5,0.5,-0.1288125,-0.16177958250045776,0.004256400279700756,0.021353300660848618,,,1.0,normal
88,50,scenario3_repeated_spike,SAC,50,1.9000000000000004,0,0.0611875,0.19790000000000002,0.5,0.5,-0.12954375,-0.16197261214256287,0.0028929051477462053,0.021160108968615532,,,1.0,normal
89,50,scenario3_repeated_spike,SAC,50,2.710000000000001,0,0.061693750000000006,0.19871000000000003,0.5,0.5,-0.13020187500000002,-0.16266459226608276,0.0027476262766867876,0.017935391515493393,,,1.0,normal
90,50,scenario3_repeated_spike,SAC,50,0.0,1,0.09,0.11199999999999999,0.5,0.5,-0.10099999999999999,-0.16371028125286102,0.0032192778307944536,0.019408199936151505,,,1.0,normal
91,50,scenario3_repeated_spike,SAC,50,0.0,1,0.09,0.11199999999999999,0.5,0.5,-0.10099999999999999,-0.16260547935962677,0.0027823015116155148,0.018993360921740532,,,1.0,normal
92,50,scenario3_repeated_spike,SAC,50,0.0,1,0.09,0.11199999999999999,0.5,0.5,-0.10099999999999999,-0.1638459861278534,0.0021961755119264126,0.01724385656416416,,,1.0,normal
93,50,scenario3_repeated_spike,SAC,50,1.0,0,0.060625,0.197,0.5,0.5,-0.1288125,-0.16452468931674957,0.0022767079062759876,0.01765953190624714,,,1.0,normal
94,50,scenario3_repeated_spike,SAC,50,1.9000000000000004,0,0.0611875,0.19790000000000002,0.5,0.5,-0.12954375,-0.1671755313873291,0.002237939275801182,0.018083374947309494,,,1.0,normal
95,50,scenario3_repeated_spike,SAC,50,0.0,1,0.09,0.11199999999999999,0.5,0.5,-0.10099999999999999,-0.16719281673431396,0.0018214501906186342,0.016071557998657227,,,1.0,normal
96,50,scenario3_repeated_spike,SAC,50,0.0,1,0.09,0.11199999999999999,0.5,0.5,-0.10099999999999999,-0.16724233329296112,0.001227814587764442,0.015169010497629642,,,1.0,normal
97,50,scenario3_repeated_spike,SAC,50,1.0,0,0.060625,0.197,0.5,0.5,-0.1288125,-0.16760708391666412,0.0013047790853306651,0.015859317034482956,,,1.0,normal
98,50,scenario3_repeated_spike,SAC,50,0.0,1,0.09,0.11199999999999999,0.5,0.5,-0.10099999999999999,-0.1686968356370926,0.001538340700790286,0.015869375318288803,,,1.0,normal
99,50,scenario3_repeated_spike,SAC,50,0.0,1,0.09,0.11199999999999999,0.5,0.5,-0.10099999999999999,-0.16937051713466644,0.0015090575907379389,0.016233710572123528,,,1.0,normal
100,50,scenario3_repeated_spike,SAC,50,0.0,1,0.09,0.11199999999999999,0.5,0.5,-0.10099999999999999,-0.16950181126594543,0.0014016524655744433,0.015520879998803139,,,1.0,normal
101,50,scenario3_repeated_spike,SAC,50,0.0,1,0.09,0.11199999999999999,0.5,0.5,-0.10099999999999999,-0.17123860120773315,0.0007364334887824953,0.012571320869028568,,,1.0,normal
102,50,scenario3_repeated_spike,SAC,50,1.0,0,0.060625,0.197,0.5,0.5,-0.1288125,-0.1730322241783142,0.0008101862040348351,0.012564720585942268,,,1.0,normal
103,50,scenario3_repeated_spike,SAC,50,1.9000000000000004,0,0.0611875,0.19790000000000002,0.5,0.5,-0.12954375,-0.17278799414634705,0.0009416518150828779,0.01256665401160717,,,1.0,normal
104,50,scenario3_repeated_spike,SAC,50,0.0,1,0.09,0.11199999999999999,0.5,0.5,-0.10099999999999999,-0.17239859700202942,0.0005623895558528602,0.010264432989060879,,,1.0,normal
105,50,scenario3_repeated_spike,SAC,50,1.0,0,0.060625,0.197,0.5,0.5,-0.1288125,-0.17542165517807007,0.0007994813495315611,0.01148897409439087,,,1.0,normal
106,50,scenario3_repeated_spike,SAC,50,0.0,1,0.09,0.11199999999999999,0.5,0.5,-0.10099999999999999,-0.17562557756900787,0.000712130859028548,0.010598406195640564,,,1.0,normal
107,50,scenario3_repeated_spike,SAC,50,0.0,1,0.09,0.11199999999999999,0.5,0.5,-0.10099999999999999,-0.17576560378074646,0.00036368914879858494,0.008424109779298306,,,1.0,normal
108,50,scenario3_repeated_spike,SAC,50,0.0,1,0.09,0.11199999999999999,0.5,0.5,-0.10099999999999999,-0.17739498615264893,0.0006244157557375729,0.00969624426215887,,,1.0,normal
109,50,scenario3_repeated_spike,SAC,50,1.0,0,0.060625,0.197,0.5,0.5,-0.1288125,-0.1753908395767212,0.0006366903544403613,0.009794458746910095,,,1.0,normal
110,50,scenario3_repeated_spike,SAC,50,0.0,1,0.09,0.11199999999999999,0.5,0.5,-0.10099999999999999,-0.17849116027355194,0.0005426848656497896,0.009076062589883804,,,1.0,normal
111,50,scenario3_repeated_spike,SAC,50,1.0,0,0.060625,0.197,0.5,0.5,-0.1288125,-0.18098586797714233,0.0003642947121988982,0.007942511700093746,,,1.0,normal
112,50,scenario3_repeated_spike,SAC,50,1.9000000000000004,0,0.0611875,0.19790000000000002,0.5,0.5,-0.12954375,-0.18199335038661957,0.0003814860829152167,0.007316861301660538,,,1.0,normal
113,50,scenario3_repeated_spike,SAC,50,2.710000000000001,0,0.061693750000000006,0.19871000000000003,0.5,0.5,-0.13020187500000002,-0.17637230455875397,0.000572737364564091,0.00961932260543108,,,1.0,normal
114,50,scenario3_repeated_spike,SAC,50,0.0,1,0.09,0.11199999999999999,0.5,0.5,-0.10099999999999999,-0.18262730538845062,0.00038853296427987516,0.007291046902537346,,,1.0,normal
115,50,scenario3_repeated_spike,SAC,50,0.0,1,0.09,0.11199999999999999,0.5,0.5,-0.10099999999999999,-0.18218576908111572,0.0002785864635370672,0.006061142310500145,,,1.0,normal
116,50,scenario3_repeated_spike,SAC,50,0.0,1,0.09,0.11199999999999999,0.5,0.5,-0.10099999999999999,-0.18313317000865936,0.00030243516084738076,0.00604941276833415,,,1.0,normal
117,50,scenario3_repeated_spike,SAC,50,1.0,0,0.060625,0.197,0.5,0.5,-0.1288125,-0.18276453018188477,0.0002382898674113676,0.005741852335631847,,,1.0,normal
118,50,scenario3_repeated_spike,SAC,50,1.9000000000000004,0,0.0611875,0.19790000000000002,0.5,0.5,-0.12954375,-0.1869187355041504,0.00014999562699813396,0.004129541572183371,,,1.0,normal
119,50,scenario3_repeated_spike,SAC,50,0.0,1,0.09,0.11199999999999999,0.5,0.5,-0.10099999999999999,-0.18290118873119354,0.0003142761706840247,0.005799414124339819,,,1.0,normal
120,50,scenario3_repeated_spike,SAC,50,1.0,0,0.060625,0.197,0.5,0.5,-0.1288125,-0.1815113127231598,0.0002143242600141093,0.0054586841724812984,,,1.0,normal
121,50,scenario3_repeated_spike,SAC,50,0.0,1,0.09,0.11199999999999999,0.5,0.5,-0.10099999999999999,-0.1853167861700058,0.00025032914709299803,0.005273144226521254,,,1.0,normal
122,50,scenario3_repeated_spike,SAC,50,0.0,1,0.09,0.11199999999999999,0.5,0.5,-0.10099999999999999,-0.18554195761680603,0.00025882336194626987,0.005412140861153603,,,1.0,normal
123,50,scenario3_repeated_spike,SAC,50,0.0,1,0.09,0.11199999999999999,0.5,0.5,-0.10099999999999999,-0.184768408536911,0.00017398451745975763,0.005140137393027544,,,1.0,normal
124,50,scenario3_repeated_spike,SAC,50,1.0,0,0.060625,0.197,0.5,0.5,-0.1288125,-0.1848836988210678,0.000169428123626858,0.00531137827783823,,,1.0,normal
125,50,scenario3_repeated_spike,SAC,50,0.0,1,0.09,0.11199999999999999,0.5,0.5,-0.10099999999999999,-0.18883401155471802,0.00018304218247067183,0.004693405237048864,,,1.0,normal
126,50,scenario3_repeated_spike,SAC,50,1.0,0,0.060625,0.197,0.5,0.5,-0.1288125,-0.1876707375049591,0.00015274982433766127,0.005028733052313328,,,1.0,normal
127,50,scenario3_repeated_spike,SAC,50,0.0,1,0.09,0.11199999999999999,0.5,0.5,-0.10099999999999999,-0.18869127333164215,0.00018606317462399602,0.005105909425765276,,,1.0,normal
128,50,scenario3_repeated_spike,SAC,50,1.0,0,0.060625,0.197,0.5,0.5,-0.1288125,-0.18783429265022278,0.00012865134340245277,0.0050354269333183765,,,1.0,normal
129,50,scenario3_repeated_spike,SAC,50,0.0,1,0.09,0.11199999999999999,0.5,0.5,-0.10099999999999999,-0.18706823885440826,0.00020042552205268294,0.005539830308407545,,,1.0,normal
130,50,scenario3_repeated_spike,SAC,50,1.0,0,0.060625,0.197,0.5,0.5,-0.1288125,-0.1872512549161911,0.00020534930808935314,0.005575831048190594,,,1.0,normal
131,50,scenario3_repeated_spike,SAC,50,1.9000000000000004,0,0.0611875,0.19790000000000002,0.5,0.5,-0.12954375,-0.18553565442562103,0.00014097201346885413,0.005660021677613258,,,1.0,normal
132,50,scenario3_repeated_spike,SAC,50,0.0,1,0.09,0.11199999999999999,0.5,0.5,-0.10099999999999999,-0.18675705790519714,0.00021156865113880485,0.005762658081948757,,,1.0,normal
133,50,scenario3_repeated_spike,SAC,50,1.0,0,0.060625,0.197,0.5,0.5,-0.1288125,-0.18689052760601044,0.00022535071184393018,0.00629502534866333,,,1.0,normal
134,50,scenario3_repeated_spike,SAC,50,0.0,1,0.09,0.11199999999999999,0.5,0.5,-0.10099999999999999,-0.18994584679603577,0.00016819860320538282,0.005292927380651236,,,1.0,normal
135,50,scenario3_repeated_spike,SAC,50,0.0,1,0.09,0.11199999999999999,0.5,0.5,-0.10099999999999999,-0.18759900331497192,0.00019479407637845725,0.005778784863650799,,,1.0,normal
136,50,scenario3_repeated_spike,SAC,50,1.0,0,0.060625,0.197,0.5,0.5,-0.1288125,-0.18724605441093445,0.0001880405907286331,0.005740845575928688,,,1.0,normal
137,50,scenario3_repeated_spike,SAC,50,1.9000000000000004,0,0.0611875,0.19790000000000002,0.5,0.5,-0.12954375,-0.18787696957588196,0.0001922217634273693,0.005761713720858097,,,1.0,normal
138,50,scenario3_repeated_spike,SAC,50,0.0,1,0.09,0.11199999999999999,0.5,0.5,-0.10099999999999999,-0.187249094247818,0.00015794737555552274,0.005211771931499243,,,1.0,normal
139,50,scenario3_repeated_spike,SAC,50,0.0,1,0.09,0.11199999999999999,0.5,0.5,-0.10099999999999999,-0.1883145123720169,0.00014838844072073698,0.005094896070659161,,,1.0,normal
140,50,scenario3_repeated_spike,SAC,50,1.0,0,0.060625,0.197,0.5,0.5,-0.1288125,-0.1884259581565857,0.00015850445197429508,0.005307330749928951,,,1.0,normal
141,50,scenario3_repeated_spike,SAC,50,0.0,1,0.09,0.11199999999999999,0.5,0.5,-0.10099999999999999,-0.18911577761173248,0.00011884713603649288,0.005051052663475275,,,1.0,normal
142,50,scenario3_repeated_spike,SAC,50,0.0,1,0.09,0.11199999999999999,0.5,0.5,-0.10099999999999999,-0.18918751180171967,0.00014555975212715566,0.004989282693713903,,,1.0,normal
143,50,scenario3_repeated_spike,SAC,50,1.0,0,0.060625,0.197,0.5,0.5,-0.1288125,-0.18711432814598083,0.00012557319132611156,0.005087703932076693,,,1.0,normal
144,50,scenario3_repeated_spike,SAC,50,1.9000000000000004,0,0.0611875,0.19790000000000002,0.5,0.5,-0.12954375,-0.18642683327198029,0.00016684189904481173,0.005610203370451927,,,1.0,normal
145,50,scenario3_repeated_spike,SAC,50,0.0,1,0.09,0.11199999999999999,0.5,0.5,-0.10099999999999999,-0.1886843591928482,0.00013545146794058383,0.00484907953068614,,,1.0,normal
146,50,scenario3_repeated_spike,SAC,50,1.0,0,0.060625,0.197,0.5,0.5,-0.1288125,-0.18949566781520844,0.00012506601342465729,0.004691741429269314,,,1.0,normal
147,50,scenario3_repeated_spike,SAC,50,1.9000000000000004,0,0.0611875,0.19790000000000002,0.5,0.5,-0.12954375,-0.1895543783903122,0.00011463634291430935,0.004704178776592016,,,1.0,normal
148,50,scenario3_repeated_spike,SAC,50,0.0,1,0.09,0.11199999999999999,0.5,0.5,-0.10099999999999999,-0.18840108811855316,0.00012670834257733077,0.004765552002936602,,,1.0,normal
149,50,scenario3_repeated_spike,SAC,50,1.0,0,0.060625,0.197,0.5,0.5,-0.1288125,-0.19055746495723724,0.0001091678932425566,0.004263858310878277,,,1.0,normal
150,50,scenario3_repeated_spike,SAC,50,0.0,1,0.09,0.11199999999999999,0.5,0.5,-0.10099999999999999,-0.18996040523052216,0.0001252052461495623,0.004540998954325914,,,1.0,normal
151,50,scenario3_repeated_spike,SAC,50,0.0,1,0.09,0.11199999999999999,0.5,0.5,-0.10099999999999999,-0.19085748493671417,8.337989856954664e-05,0.004006217233836651,,,1.0,normal
152,50,scenario3_repeated_spike,SAC,50,1.0,0,0.060625,0.197,0.5,0.5,-0.1288125,-0.18846847116947174,0.00012357826926745474,0.004713549744337797,,,1.0,normal
153,50,scenario3_repeated_spike,SAC,50,0.0,1,0.09,0.11199999999999999,0.5,0.5,-0.10099999999999999,-0.19045671820640564,9.587962267687544e-05,0.003936619032174349,,,1.0,normal
154,50,scenario3_repeated_spike,SAC,50,1.0,0,0.060625,0.197,0.5,0.5,-0.1288125,-0.19241176545619965,8.190562220988795e-05,0.003726332914084196,,,1.0,normal
155,50,scenario3_repeated_spike,SAC,50,1.9000000000000004,0,0.0611875,0.19790000000000002,0.5,0.5,-0.12954375,-0.19115370512008667,7.08380903233774e-05,0.0035328511148691177,,,1.0,normal
156,50,scenario3_repeated_spike,SAC,50,2.710000000000001,0,0.061693750000000006,0.19871000000000003,0.5,0.5,-0.13020187500000002,-0.19075679779052734,8.70113362907432e-05,0.00402204692363739,,,1.0,normal
157,50,scenario3_repeated_spike,SAC,50,0.0,1,0.09,0.11199999999999999,0.5,0.5,-0.10099999999999999,-0.19100643694400787,0.00011244229244766757,0.004476325586438179,,,1.0,normal
158,50,scenario3_repeated_spike,SAC,50,1.0,0,0.060625,0.197,0.5,0.5,-0.1288125,-0.19161108136177063,9.058762225322425e-05,0.0037917951121926308,,,1.0,normal
159,50,scenario3_repeated_spike,SAC,50,1.9000000000000004,0,0.0611875,0.19790000000000002,0.5,0.5,-0.12954375,-0.19277885556221008,7.271702634170651e-05,0.0038169065956026316,,,1.0,normal
160,50,scenario3_repeated_spike,SAC,50,2.710000000000001,0,0.061693750000000006,0.19871000000000003,0.5,0.5,-0.13020187500000002,-0.19167882204055786,8.116436220007017e-05,0.003460102714598179,,,1.0,normal
161,50,scenario3_repeated_spike,SAC,50,3.439,0,0.062149375,0.199439,0.5,0.5,-0.1307941875,-0.19072213768959045,6.705898704240099e-05,0.003519237507134676,,,1.0,normal
162,50,scenario3_repeated_spike,SAC,50,0.0,1,0.09,0.11199999999999999,0.5,0.5,-0.10099999999999999,-0.1920083612203598,5.933686770731583e-05,0.0032931179739534855,,,1.0,normal
163,50,scenario3_repeated_spike,SAC,50,1.0,0,0.060625,0.197,0.5,0.5,-0.1288125,-0.19183605909347534,8.673297270433977e-05,0.003658565692603588,,,1.0,normal
164,50,scenario3_repeated_spike,SAC,50,1.9000000000000004,0,0.0611875,0.19790000000000002,0.5,0.5,-0.12954375,-0.19303762912750244,5.2145936933811754e-05,0.0030377693474292755,,,1.0,normal
165,50,scenario3_repeated_spike,SAC,50,2.710000000000001,0,0.061693750000000006,0.19871000000000003,0.5,0.5,-0.13020187500000002,-0.19236403703689575,5.925280129304156e-05,0.0034405128099024296,,,1.0,normal
166,50,scenario3_repeated_spike,SAC,50,0.0,1,0.09,0.11199999999999999,0.5,0.5,-0.10099999999999999,-0.1937858760356903,4.9845340981846675e-05,0.002977647352963686,,,1.0,normal
167,50,scenario3_repeated_spike,SAC,50,0.0,1,0.09,0.11199999999999999,0.5,0.5,-0.10099999999999999,-0.19223056733608246,4.922090010950342e-05,0.003035392612218857,,,1.0,normal
168,50,scenario3_repeated_spike,SAC,50,0.0,1,0.09,0.11199999999999999,0.5,0.5,-0.10099999999999999,-0.19430989027023315,6.685227708658203e-05,0.0028989447746425867,,,1.0,normal
169,50,scenario3_repeated_spike,SAC,50,1.0,0,0.060625,0.197,0.5,0.5,-0.1288125,-0.19306357204914093,7.428181561408564e-05,0.003115691477432847,,,1.0,normal
170,50,scenario3_repeated_spike,SAC,50,1.9000000000000004,0,0.0611875,0.19790000000000002,0.5,0.5,-0.12954375,-0.193094864487648,7.306240877369419e-05,0.003154295263811946,,,1.0,normal
171,50,scenario3_repeated_spike,SAC,50,2.710000000000001,0,0.061693750000000006,0.19871000000000003,0.5,0.5,-0.13020187500000002,-0.19301657378673553,4.3031308450736105e-05,0.003016384784132242,,,1.0,normal
172,50,scenario3_repeated_spike,SAC,50,3.439,0,0.062149375,0.199439,0.5,0.5,-0.1307941875,-0.1928483545780182,4.841783083975315e-05,0.0031570945866405964,,,1.0,normal
173,50,scenario3_repeated_spike,SAC,50,4.0951,0,0.06255943750000001,0.20009510000000003,0.5,0.5,-0.13132726875,-0.1934087872505188,7.779771840432659e-05,0.0033574127592146397,,,1.0,normal
174,50,scenario3_repeated_spike,SAC,50,0.0,1,0.09,0.11199999999999999,0.5,0.5,-0.10099999999999999,-0.19438064098358154,3.673951869131997e-05,0.0027483971789479256,,,1.0,normal
175,50,scenario3_repeated_spike,SAC,50,0.0,1,0.09,0.11199999999999999,0.5,0.5,-0.10099999999999999,-0.19513167440891266,2.9800447009620257e-05,0.0023785855155438185,,,1.0,normal
176,50,scenario3_repeated_spike,SAC,50,1.0,0,0.060625,0.197,0.5,0.5,-0.1288125,-0.19414466619491577,6.123464845586568e-05,0.0028787690680474043,,,1.0,normal
177,50,scenario3_repeated_spike,SAC,50,1.9000000000000004,0,0.0611875,0.19790000000000002,0.5,0.5,-0.12954375,-0.1940053105354309,3.1626972486265004e-05,0.0025679459795355797,,,1.0,normal
178,50,scenario3_repeated_spike,SAC,50,0.0,1,0.09,0.11199999999999999,0.5,0.5,-0.10099999999999999,-0.19527626037597656,3.4265383874299005e-05,0.002420051023364067,,,1.0,normal
179,50,scenario3_repeated_spike,SAC,50,1.0,0,0.060625,0.197,0.5,0.5,-0.1288125,-0.1946667730808258,2.9669252398889512e-05,0.0023800607305020094,,,1.0,normal
180,50,scenario3_repeated_spike,SAC,50,1.9000000000000004,0,0.0611875,0.19790000000000002,0.5,0.5,-0.12954375,-0.19561180472373962,3.4464741474948823e-05,0.0024248845875263214,,,1.0,normal
181,50,scenario3_repeated_spike,SAC,50,2.710000000000001,0,0.061693750000000006,0.19871000000000003,0.5,0.5,-0.13020187500000002,-0.1957065761089325,3.6708228435600176e-05,0.0026034575421363115,,,1.0,normal
182,50,scenario3_repeated_spike,SAC,50,3.439,0,0.062149375,0.199439,0.5,0.5,-0.1307941875,-0.19572299718856812,2.319403938599862e-05,0.002106534782797098,,,1.0,normal
183,50,scenario3_repeated_spike,SAC,50,0.0,1,0.09,0.11199999999999999,0.5,0.5,-0.10099999999999999,-0.19722314178943634,2.2935028027859516e-05,0.002042509615421295,,,1.0,normal
184,50,scenario3_repeated_spike,SAC,50,0.0,1,0.09,0.11199999999999999,0.5,0.5,-0.10099999999999999,-0.19675688445568085,1.9582468667067587e-05,0.002001560991629958,,,1.0,normal
185,50,scenario3_repeated_spike,SAC,50,0.0,1,0.09,0.11199999999999999,0.5,0.5,-0.10099999999999999,-0.19724096357822418,2.165266232623253e-05,0.002006828086450696,,,1.0,normal
186,50,scenario3_repeated_spike,SAC,50,0.0,1,0.09,0.11199999999999999,0.5,0.5,-0.10099999999999999,-0.19709424674510956,2.3363891159533523e-05,0.0021099091973155737,,,1.0,normal
187,50,scenario3_repeated_spike,SAC,50,0.0,1,0.09,0.11199999999999999,0.5,0.5,-0.10099999999999999,-0.1978742927312851,1.6725542081985623e-05,0.0017893837066367269,,,1.0,normal
188,50,scenario3_repeated_spike,SAC,50,0.0,1,0.09,0.11199999999999999,0.5,0.5,-0.10099999999999999,-0.19536378979682922,3.415329774725251e-05,0.002424567937850952,,,1.0,normal
189,50,scenario3_repeated_spike,SAC,50,1.0,0,0.060625,0.197,0.5,0.5,-0.1288125,-0.19618336856365204,5.070063707535155e-05,0.002299658954143524,,,1.0,normal
190,50,scenario3_repeated_spike,SAC,50,1.9000000000000004,0,0.0611875,0.19790000000000002,0.5,0.5,-0.12954375,-0.19654759764671326,2.2144262402434833e-05,0.002034224336966872,,,1.0,normal
191,50,scenario3_repeated_spike,SAC,50,0.0,1,0.09,0.11199999999999999,0.5,0.5,-0.10099999999999999,-0.19681739807128906,1.8498923964216374e-05,0.00189138762652874,,,1.0,normal
192,50,scenario3_repeated_spike,SAC,50,0.0,1,0.09,0.11199999999999999,0.5,0.5,-0.10099999999999999,-0.19739577174186707,2.7757176212617196e-05,0.0020779676269739866,,,1.0,normal
193,50,scenario3_repeated_spike,SAC,50,1.0,0,0.060625,0.197,0.5,0.5,-0.1288125,-0.1971750557422638,2.12373815884348e-05,0.001985548296943307,,,1.0,normal
194,50,scenario3_repeated_spike,SAC,50,1.9000000000000004,0,0.0611875,0.19790000000000002,0.5,0.5,-0.12954375,-0.19699570536613464,1.7443811884731986e-05,0.0018289503641426563,,,1.0,normal
195,50,scenario3_repeated_spike,SAC,50,0.0,1,0.09,0.11199999999999999,0.5,0.5,-0.10099999999999999,-0.19844749569892883,4.3689531594282016e-05,0.0019115296890959144,,,1.0,normal
196,50,scenario3_repeated_spike,SAC,50,0.0,1,0.09,0.11199999999999999,0.5,0.5,-0.10099999999999999,-0.19722501933574677,4.4432006689021364e-05,0.002010046038776636,,,1.0,normal
197,50,scenario3_repeated_spike,SAC,50,0.0,1,0.09,0.11199999999999999,0.5,0.5,-0.10099999999999999,-0.19883736968040466,1.4363055015564896e-05,0.001534890616312623,,,1.0,normal
198,50,scenario3_repeated_spike,SAC,50,1.0,0,0.060625,0.197,0.5,0.5,-0.1288125,-0.1970912516117096,2.6803551008924842e-05,0.0020674022380262613,,,1.0,normal
199,50,scenario3_repeated_spike,SAC,50,1.9000000000000004,0,0.0611875,0.19790000000000002,0.5,0.5,-0.12954375,-0.19695192575454712,5.050509935244918e-05,0.0022442264016717672,,,1.0,normal
200,50,scenario3_repeated_spike,SAC,50,0.0,1,0.09,0.11199999999999999,0.5,0.5,-0.10099999999999999,-0.19802109897136688,1.748443719407078e-05,0.0018423370784148574,,,1.0,normal
201,50,scenario3_repeated_spike,SAC,50,0.0,1,0.09,0.11199999999999999,0.5,0.5,-0.10099999999999999,-0.1996850073337555,1.2556442015920766e-05,0.0013977907365188003,,,1.0,normal
202,50,scenario3_repeated_spike,SAC,50,0.0,1,0.09,0.11199999999999999,0.5,0.5,-0.10099999999999999,-0.1985616832971573,3.740394822671078e-05,0.0018548347288742661,,,1.0,normal
203,50,scenario3_repeated_spike,SAC,50,1.0,0,0.060625,0.197,0.5,0.5,-0.1288125,-0.1993577629327774,1.2261517440492753e-05,0.0013927895342931151,,,1.0,normal
204,50,scenario3_repeated_spike,SAC,50,0.0,1,0.09,0.11199999999999999,0.5,0.5,-0.10099999999999999,-0.19968844950199127,3.2911259040702134e-05,0.0017406359547749162,,,1.0,normal
205,50,scenario3_repeated_spike,SAC,50,0.0,1,0.09,0.11199999999999999,0.5,0.5,-0.10099999999999999,-0.19894352555274963,3.250016015954316e-05,0.0017272386467084289,,,1.0,normal
206,50,scenario3_repeated_spike,SAC,50,1.0,0,0.060625,0.197,0.5,0.5,-0.1288125,-0.2003505378961563,1.0793147339427378e-05,0.0013377672294154763,,,1.0,normal
207,50,scenario3_repeated_spike,SAC,50,1.9000000000000004,0,0.0611875,0.19790000000000002,0.5,0.5,-0.12954375,-0.199038565158844,1.1325460945954546e-05,0.0013459293404594064,,,1.0,normal
208,50,scenario3_repeated_spike,SAC,50,0.0,1,0.09,0.11199999999999999,0.5,0.5,-0.10099999999999999,-0.19788630306720734,3.062541509279981e-05,0.0018528494983911514,,,1.0,normal
209,50,scenario3_repeated_spike,SAC,50,1.0,0,0.060625,0.197,0.5,0.5,-0.1288125,-0.20018845796585083,1.741098276397679e-05,0.0014246839564293623,,,1.0,normal
210,50,scenario3_repeated_spike,SAC,50,1.9000000000000004,0,0.0611875,0.19790000000000002,0.5,0.5,-0.12954375,-0.20076866447925568,1.3297157238412183e-05,0.0013124097604304552,,,1.0,normal
211,50,scenario3_repeated_spike,SAC,50,0.0,1,0.09,0.11199999999999999,0.5,0.5,-0.10099999999999999,-0.19885645806789398,1.5931176676531322e-05,0.0016416828148066998,,,1.0,normal
212,50,scenario3_repeated_spike,SAC,50,0.0,1,0.09,0.11199999999999999,0.5,0.5,-0.10099999999999999,-0.20122016966342926,1.5702324162703007e-05,0.0013789969962090254,,,1.0,normal
213,50,scenario3_repeated_spike,SAC,50,0.0,1,0.09,0.11199999999999999,0.5,0.5,-0.10099999999999999,-0.2009260207414627,2.471542939019855e-05,0.0014984930166974664,,,1.0,normal
214,50,scenario3_repeated_spike,SAC,50,1.0,0,0.060625,0.197,0.5,0.5,-0.1288125,-0.20076647400856018,9.594006769475527e-06,0.001167542883194983,,,1.0,normal
215,50,scenario3_repeated_spike,SAC,50,1.9000000000000004,0,0.0611875,0.19790000000000002,0.5,0.5,-0.12954375,-0.20097307860851288,2.4525597837055102e-05,0.0015892124501988292,,,1.0,normal
216,50,scenario3_repeated_spike,SAC,50,2.710000000000001,0,0.061693750000000006,0.19871000000000003,0.5,0.5,-0.13020187500000002,-0.20166294276714325,1.0676705642254092e-05,0.0012861639261245728,,,1.0,normal
217,50,scenario3_repeated_spike,SAC,50,0.0,1,0.09,0.11199999999999999,0.5,0.5,-0.10099999999999999,-0.2002500742673874,1.5886587789282203e-05,0.0016386153874918818,,,1.0,normal
218,50,scenario3_repeated_spike,SAC,50,0.0,1,0.09,0.11199999999999999,0.5,0.5,-0.10099999999999999,-0.20177027583122253,1.1778675798268523e-05,0.0013725163880735636,,,1.0,normal
219,50,scenario3_repeated_spike,SAC,50,0.0,1,0.09,0.11199999999999999,0.5,0.5,-0.10099999999999999,-0.20090311765670776,1.2105838322895579e-05,0.0014059237437322736,,,1.0,normal
220,50,scenario3_repeated_spike,SAC,50,0.0,1,0.09,0.11199999999999999,0.5,0.5,-0.10099999999999999,-0.20053783059120178,1.310404059040593e-05,0.0015776277286931872,,,1.0,normal
221,50,scenario3_repeated_spike,SAC,50,0.0,1,0.09,0.11199999999999999,0.5,0.5,-0.10099999999999999,-0.2017233818769455,9.423517440154683e-06,0.0012715946650132537,,,1.0,normal
222,50,scenario3_repeated_spike,SAC,50,1.0,0,0.060625,0.197,0.5,0.5,-0.1288125,-0.19966578483581543,2.696520277822856e-05,0.0017965061124414206,,,1.0,normal
223,50,scenario3_repeated_spike,SAC,50,1.9000000000000004,0,0.0611875,0.19790000000000002,0.5,0.5,-0.12954375,-0.20236457884311676,1.1540243576746434e-05,0.0013550983276218176,,,1.0,normal
224,50,scenario3_repeated_spike,SAC,50,2.710000000000001,0,0.061693750000000006,0.19871000000000003,0.5,0.5,-0.13020187500000002,-0.20183683931827545,2.3110782422008924e-05,0.0014887105207890272,,,1.0,normal
225,50,scenario3_repeated_spike,SAC,50,3.439,0,0.062149375,0.199439,0.5,0.5,-0.1307941875,-0.20114147663116455,9.59458793658996e-06,0.0012984180357307196,,,1.0,normal
226,50,scenario3_repeated_spike,SAC,50,4.0951,0,0.06255943750000001,0.20009510000000003,0.5,0.5,-0.13132726875,-0.20069797337055206,1.1084539437433705e-05,0.00138291553594172,,,1.0,normal
227,50,scenario3_repeated_spike,SAC,50,4.685590000000001,0,0.06292849375000001,0.20068559000000002,0.5,0.5,-0.13180704187500003,-0.20218633115291595,1.3619119272334501e-05,0.0013772149104624987,,,1.0,normal
228,50,scenario3_repeated_spike,SAC,50,0.0,1,0.09,0.11199999999999999,0.5,0.5,-0.10099999999999999,-0.20230808854103088,7.5336611189413816e-06,0.0011529546463862062,,,1.0,normal
229,50,scenario3_repeated_spike,SAC,50,0.0,1,0.09,0.11199999999999999,0.5,0.5,-0.10099999999999999,-0.20264966785907745,9.977096851798706e-06,0.0012309426674619317,,,1.0,normal
230,50,scenario3_repeated_spike,SAC,50,0.0,1,0.09,0.11199999999999999,0.5,0.5,-0.10099999999999999,-0.20332354307174683,9.07118919712957e-06,0.0010528747225180268,,,1.0,normal
231,50,scenario3_repeated_spike,SAC,50,0.0,1,0.09,0.11199999999999999,0.5,0.5,-0.10099999999999999,-0.20312125980854034,8.929710020311177e-06,0.001091182348318398,,,1.0,normal
232,50,scenario3_repeated_spike,SAC,50,0.0,1,0.09,0.11199999999999999,0.5,0.5,-0.10099999999999999,-0.2035355418920517,1.6717720427550375e-05,0.0011817992199212313,,,1.0,normal
233,50,scenario3_repeated_spike,SAC,50,0.0,1,0.09,0.11199999999999999,0.5,0.5,-0.10099999999999999,-0.20363813638687134,6.338947969197761e-06,0.001021433505229652,,,1.0,normal
234,50,scenario3_repeated_spike,SAC,50,1.0,0,0.060625,0.197,0.5,0.5,-0.1288125,-0.20395031571388245,1.6352989405277185e-05,0.0011623527389019728,,,1.0,normal
235,50,scenario3_repeated_spike,SAC,50,1.9000000000000004,0,0.0611875,0.19790000000000002,0.5,0.5,-0.12954375,-0.204215407371521,5.691556452802615e-06,0.0009219147032126784,,,1.0,normal
236,50,scenario3_repeated_spike,SAC,50,0.0,1,0.09,0.11199999999999999,0.5,0.5,-0.10099999999999999,-0.20312385261058807,1.9489380065351725e-05,0.0013024688232690096,,,1.0,normal
237,50,scenario3_repeated_spike,SAC,50,1.0,0,0.060625,0.197,0.5,0.5,-0.1288125,-0.20357783138751984,8.568631528760307e-06,0.001083639799617231,,,1.0,normal
238,50,scenario3_repeated_spike,SAC,50,1.9000000000000004,0,0.0611875,0.19790000000000002,0.5,0.5,-0.12954375,-0.2027275264263153,1.915025495691225e-05,0.0014409529976546764,,,1.0,normal
239,50,scenario3_repeated_spike,SAC,50,0.0,1,0.09,0.11199999999999999,0.5,0.5,-0.10099999999999999,-0.20396476984024048,6.7470732574292924e-06,0.0010543896351009607,,,1.0,normal
240,50,scenario3_repeated_spike,SAC,50,1.0,0,0.060625,0.197,0.5,0.5,-0.1288125,-0.2027958780527115,1.0680189006961882e-05,0.0012176864547654986,,,1.0,normal
241,50,scenario3_repeated_spike,SAC,50,1.9000000000000004,0,0.0611875,0.19790000000000002,0.5,0.5,-0.12954375,-0.20231403410434723,1.845135739131365e-05,0.0014914978528395295,,,1.0,normal
242,50,scenario3_repeated_spike,SAC,50,2.710000000000001,0,0.061693750000000006,0.19871000000000003,0.5,0.5,-0.13020187500000002,-0.20360340178012848,1.0075174031953793e-05,0.0011998882982879877,,,1.0,normal
243,50,scenario3_repeated_spike,SAC,50,3.439,0,0.062149375,0.199439,0.5,0.5,-0.1307941875,-0.20359085500240326,9.312065230915323e-06,0.001229774672538042,,,1.0,normal
244,50,scenario3_repeated_spike,SAC,50,4.0951,0,0.06255943750000001,0.20009510000000003,0.5,0.5,-0.13132726875,-0.20320440828800201,1.0655207006493583e-05,0.0013476212043315172,,,1.0,normal
245,50,scenario3_repeated_spike,SAC,50,0.0,1,0.09,0.11199999999999999,0.5,0.5,-0.10099999999999999,-0.20426441729068756,9.185696399072185e-06,0.0012281299568712711,,,1.0,normal
246,50,scenario3_repeated_spike,SAC,50,0.0,1,0.09,0.11199999999999999,0.5,0.5,-0.10099999999999999,-0.20427346229553223,1.0544680662860628e-05,0.0012438080739229918,,,1.0,normal
247,50,scenario3_repeated_spike,SAC,50,0.0,1,0.09,0.11199999999999999,0.5,0.5,-0.10099999999999999,-0.2021857053041458,1.625801633053925e-05,0.001528994063846767,,,1.0,normal
248,50,scenario3_repeated_spike,SAC,50,0.0,1,0.09,0.11199999999999999,0.5,0.5,-0.10099999999999999,-0.20405352115631104,8.423652616329491e-06,0.0011699532624334097,,,1.0,normal
249,50,scenario3_repeated_spike,SAC,50,0.0,1,0.09,0.11199999999999999,0.5,0.5,-0.10099999999999999,-0.20524862408638,6.706956810376141e-06,0.00109608203638345,,,1.0,normal
250,50,scenario3_repeated_spike,SAC,50,1.0,0,0.060625,0.197,0.5,0.5,-0.1288125,-0.2048386037349701,6.431346264434978e-06,0.0011144690215587616,,,1.0,normal
251,50,scenario3_repeated_spike,SAC,50,0.0,1,0.09,0.11199999999999999,0.5,0.5,-0.10099999999999999,-0.20539021492004395,1.2380232874420471e-05,0.0012567872181534767,,,1.0,normal
252,50,scenario3_repeated_spike,SAC,50,0.0,1,0.09,0.11199999999999999,0.5,0.5,-0.10099999999999999,-0.20581305027008057,1.1095445188402664e-05,0.00114832678809762,,,1.0,normal
253,50,scenario3_repeated_spike,SAC,50,0.0,1,0.09,0.11199999999999999,0.5,0.5,-0.10099999999999999,-0.20571589469909668,6.254916115722153e-06,0.0009671977604739368,,,1.0,normal
254,50,scenario3_repeated_spike,SAC,50,1.0,0,0.060625,0.197,0.5,0.5,-0.1288125,-0.20535828173160553,1.1193108548468444e-05,0.001098225824534893,,,1.0,normal
255,50,scenario3_repeated_spike,SAC,50,0.0,1,0.09,0.11199999999999999,0.5,0.5,-0.10099999999999999,-0.2065080851316452,4.926384463033173e-06,0.0008733476861380041,,,1.0,normal
256,50,scenario3_repeated_spike,SAC,50,1.0,0,0.060625,0.197,0.5,0.5,-0.1288125,-0.20580708980560303,1.0775812370411586e-05,0.0011408692225813866,,,1.0,normal
257,50,scenario3_repeated_spike,SAC,50,0.0,1,0.09,0.11199999999999999,0.5,0.5,-0.10099999999999999,-0.20544977486133575,5.840853191330098e-06,0.0010919951600953937,,,1.0,normal
258,50,scenario3_repeated_spike,SAC,50,0.0,1,0.09,0.11199999999999999,0.5,0.5,-0.10099999999999999,-0.20587357878684998,4.918500508210855e-06,0.0009657611371949315,,,1.0,normal
259,50,scenario3_repeated_spike,SAC,50,0.0,1,0.09,0.11199999999999999,0.5,0.5,-0.10099999999999999,-0.20707453787326813,3.4197289551229915e-06,0.0006906880298629403,,,1.0,normal
260,50,scenario3_repeated_spike,SAC,50,1.0,0,0.060625,0.197,0.5,0.5,-0.1288125,-0.20658431947231293,4.366558187030023e-06,0.0008127844193950295,,,1.0,normal
261,50,scenario3_repeated_spike,SAC,50,1.9000000000000004,0,0.0611875,0.19790000000000002,0.5,0.5,-0.12954375,-0.20623907446861267,4.313684712542454e-06,0.0008472552290186286,,,1.0,normal
262,50,scenario3_repeated_spike,SAC,50,0.0,1,0.09,0.11199999999999999,0.5,0.5,-0.10099999999999999,-0.20623807609081268,9.822589163377415e-06,0.0010066498070955276,,,1.0,normal
263,50,scenario3_repeated_spike,SAC,50,1.0,0,0.060625,0.197,0.5,0.5,-0.1288125,-0.20556378364562988,7.388007361441851e-06,0.0010162708349525928,,,1.0,normal
264,50,scenario3_repeated_spike,SAC,50,1.9000000000000004,0,0.0611875,0.19790000000000002,0.5,0.5,-0.12954375,-0.20709729194641113,9.628873158362694e-06,0.0009551065741106868,,,1.0,normal
265,50,scenario3_repeated_spike,SAC,50,0.0,1,0.09,0.11199999999999999,0.5,0.5,-0.10099999999999999,-0.20755665004253387,8.653054464957677e-06,0.000912204384803772,,,1.0,normal
266,50,scenario3_repeated_spike,SAC,50,1.0,0,0.060625,0.197,0.5,0.5,-0.1288125,-0.20702418684959412,4.77226512884954e-06,0.0009377504466101527,,,1.0,normal
267,50,scenario3_repeated_spike,SAC,50,0.0,1,0.09,0.11199999999999999,0.5,0.5,-0.10099999999999999,-0.20669980347156525,8.489901119901333e-06,0.0009979146998375654,,,1.0,normal
268,50,scenario3_repeated_spike,SAC,50,0.0,1,0.09,0.11199999999999999,0.5,0.5,-0.10099999999999999,-0.20721372961997986,4.535606876743259e-06,0.0008740832563489676,,,1.0,normal
269,50,scenario3_repeated_spike,SAC,50,0.0,1,0.09,0.11199999999999999,0.5,0.5,-0.10099999999999999,-0.2065657079219818,5.389512352849124e-06,0.0009104861528612673,,,1.0,normal
270,50,scenario3_repeated_spike,SAC,50,1.0,0,0.060625,0.197,0.5,0.5,-0.1288125,-0.20770186185836792,4.104440449737012e-06,0.0007602614350616932,,,1.0,normal
271,50,scenario3_repeated_spike,SAC,50,0.0,1,0.09,0.11199999999999999,0.5,0.5,-0.10099999999999999,-0.20797057449817657,4.7131738938333e-06,0.0008319129701703787,,,1.0,normal
272,50,scenario3_repeated_spike,SAC,50,0.0,1,0.09,0.11199999999999999,0.5,0.5,-0.10099999999999999,-0.2085440754890442,3.835603820334654e-06,0.0006132188718765974,,,1.0,normal
273,50,scenario3_repeated_spike,SAC,50,1.0,0,0.060625,0.197,0.5,0.5,-0.1288125,-0.2070363610982895,8.769873602432199e-06,0.0009172621066682041,,,1.0,normal
274,50,scenario3_repeated_spike,SAC,50,1.9000000000000004,0,0.0611875,0.19790000000000002,0.5,0.5,-0.12954375,-0.20677177608013153,6.387368102878099e-06,0.0008763958467170596,,,1.0,normal
275,50,scenario3_repeated_spike,SAC,50,2.710000000000001,0,0.061693750000000006,0.19871000000000003,0.5,0.5,-0.13020187500000002,-0.20886032283306122,2.789411155390553e-06,0.0006437909323722124,,,1.0,normal
276,50,scenario3_repeated_spike,SAC,50,0.0,1,0.09,0.11199999999999999,0.5,0.5,-0.10099999999999999,-0.2071259319782257,4.4051830627722666e-06,0.0007978627108968794,,,1.0,normal
277,50,scenario3_repeated_spike,SAC,50,0.0,1,0.09,0.11199999999999999,0.5,0.5,-0.10099999999999999,-0.20916712284088135,4.0179611460189335e-06,0.0006744270795024931,,,1.0,normal
278,50,scenario3_repeated_spike,SAC,50,1.0,0,0.060625,0.197,0.5,0.5,-0.1288125,-0.20802274346351624,3.998289685114287e-06,0.0007764561451040208,,,1.0,normal
279,50,scenario3_repeated_spike,SAC,50,1.9000000000000004,0,0.0611875,0.19790000000000002,0.5,0.5,-0.12954375,-0.20983199775218964,2.749302439042367e-06,0.000671987421810627,,,1.0,normal
280,50,scenario3_repeated_spike,SAC,50,0.0,1,0.09,0.11199999999999999,0.5,0.5,-0.10099999999999999,-0.20842231810092926,2.990058874274837e-06,0.0007426845841109753,,,1.0,normal
281,50,scenario3_repeated_spike,SAC,50,1.0,0,0.060625,0.197,0.5,0.5,-0.1288125,-0.20874792337417603,7.74802356318105e-06,0.0007814565324224532,,,1.0,normal
282,50,scenario3_repeated_spike,SAC,50,1.9000000000000004,0,0.0611875,0.19790000000000002,0.5,0.5,-0.12954375,-0.20933333039283752,3.512895318635856e-06,0.0007253868388943374,,,1.0,normal
283,50,scenario3_repeated_spike,SAC,50,0.0,1,0.09,0.11199999999999999,0.5,0.5,-0.10099999999999999,-0.20887614786624908,3.4564877751108725e-06,0.0007354188710451126,,,1.0,normal
284,50,scenario3_repeated_spike,SAC,50,0.0,1,0.09,0.11199999999999999,0.5,0.5,-0.10099999999999999,-0.20979376137256622,2.804868927341886e-06,0.0007233931100927293,,,1.0,normal
285,50,scenario3_repeated_spike,SAC,50,0.0,1,0.09,0.11199999999999999,0.5,0.5,-0.10099999999999999,-0.20939625799655914,3.0736582630197518e-06,0.0008140766876749694,,,1.0,normal
286,50,scenario3_repeated_spike,SAC,50,0.0,1,0.09,0.11199999999999999,0.5,0.5,-0.10099999999999999,-0.20891064405441284,9.736735592014156e-06,0.0010019674664363265,,,1.0,normal
287,50,scenario3_repeated_spike,SAC,50,0.0,1,0.09,0.11199999999999999,0.5,0.5,-0.10099999999999999,-0.21019680798053741,3.6614192140405066e-06,0.0006932665128260851,,,1.0,normal
288,50,scenario3_repeated_spike,SAC,50,0.0,1,0.09,0.11199999999999999,0.5,0.5,-0.10099999999999999,-0.20974963903427124,2.44414400185633e-06,0.0006367271998897195,,,1.0,normal
289,50,scenario3_repeated_spike,SAC,50,1.0,0,0.060625,0.197,0.5,0.5,-0.1288125,-0.20983856916427612,2.791107590383035e-06,0.0006711863097734749,,,1.0,normal
290,50,scenario3_repeated_spike,SAC,50,0.0,1,0.09,0.11199999999999999,0.5,0.5,-0.10099999999999999,-0.21032816171646118,2.1796954570163507e-06,0.0005883635021746159,,,1.0,normal
291,50,scenario3_repeated_spike,SAC,50,1.0,0,0.060625,0.197,0.5,0.5,-0.1288125,-0.20896214246749878,4.725559392682044e-06,0.0007859069737605751,,,1.0,normal
292,50,scenario3_repeated_spike,SAC,50,0.0,1,0.09,0.11199999999999999,0.5,0.5,-0.10099999999999999,-0.210999995470047,6.3395036704605445e-06,0.0006209147977642715,,,1.0,normal
293,50,scenario3_repeated_spike,SAC,50,1.0,0,0.060625,0.197,0.5,0.5,-0.1288125,-0.20946374535560608,4.1820790102065075e-06,0.0007464145892299712,,,1.0,normal
294,50,scenario3_repeated_spike,SAC,50,0.0,1,0.09,0.11199999999999999,0.5,0.5,-0.10099999999999999,-0.21111546456813812,2.012708591792034e-06,0.00054670445388183,,,1.0,normal
295,50,scenario3_repeated_spike,SAC,50,0.0,1,0.09,0.11199999999999999,0.5,0.5,-0.10099999999999999,-0.21016328036785126,3.2582859148533316e-06,0.0007334960391744971,,,1.0,normal
296,50,scenario3_repeated_spike,SAC,50,0.0,1,0.09,0.11199999999999999,0.5,0.5,-0.10099999999999999,-0.21148811280727386,5.323694495018572e-06,0.0006285893032327294,,,1.0,normal
297,50,scenario3_repeated_spike,SAC,50,0.0,1,0.09,0.11199999999999999,0.5,0.5,-0.10099999999999999,-0.21012698113918304,6.86265366312e-06,0.0008322064531967044,,,1.0,normal
298,50,scenario3_repeated_spike,SAC,50,1.0,0,0.060625,0.197,0.5,0.5,-0.1288125,-0.21068988740444183,2.8955362267879536e-06,0.000640456797555089,,,1.0,normal
299,50,scenario3_repeated_spike,SAC,50,0.0,1,0.09,0.11199999999999999,0.5,0.5,-0.10099999999999999,-0.21088963747024536,3.230317361158086e-06,0.0006470591179095209,,,1.0,normal
300,50,scenario3_repeated_spike,SAC,50,1.0,0,0.060625,0.197,0.5,0.5,-0.1288125,-0.21209530532360077,1.903075713016733e-06,0.000504668103531003,,,1.0,normal
301,50,scenario3_repeated_spike,SAC,50,0.0,1,0.09,0.11199999999999999,0.5,0.5,-0.10099999999999999,-0.21219299733638763,1.9336462173669133e-06,0.0005476498045027256,,,1.0,normal
302,50,scenario3_repeated_spike,SAC,50,1.0,0,0.060625,0.197,0.5,0.5,-0.1288125,-0.21260705590248108,4.719605385616887e-06,0.000582854263484478,,,1.0,normal
303,50,scenario3_repeated_spike,SAC,50,0.0,1,0.09,0.11199999999999999,0.5,0.5,-0.10099999999999999,-0.21082067489624023,3.495528744679177e-06,0.0008014042978174984,,,1.0,normal
304,50,scenario3_repeated_spike,SAC,50,0.0,1,0.09,0.11199999999999999,0.5,0.5,-0.10099999999999999,-0.21086421608924866,5.159815827937564e-06,0.0007285871542990208,,,1.0,normal
305,50,scenario3_repeated_spike,SAC,50,0.0,1,0.09,0.11199999999999999,0.5,0.5,-0.10099999999999999,-0.21146129071712494,2.650665237524663e-06,0.0006233043386600912,,,1.0,normal
306,50,scenario3_repeated_spike,SAC,50,0.0,1,0.09,0.11199999999999999,0.5,0.5,-0.10099999999999999,-0.21217858791351318,4.801783234142931e-06,0.0006594516453333199,,,1.0,normal
307,50,scenario3_repeated_spike,SAC,50,0.0,1,0.09,0.11199999999999999,0.5,0.5,-0.10099999999999999,-0.21169117093086243,5.439189862954663e-06,0.0007260949350893497,,,1.0,normal
308,50,scenario3_repeated_spike,SAC,50,1.0,0,0.060625,0.197,0.5,0.5,-0.1288125,-0.2123415321111679,2.2085935142968083e-06,0.0005810849834233522,,,1.0,normal
309,50,scenario3_repeated_spike,SAC,50,1.9000000000000004,0,0.0611875,0.19790000000000002,0.5,0.5,-0.12954375,-0.2124134600162506,1.9443689325271407e-06,0.0006444558966904879,,,1.0,normal
310,50,scenario3_repeated_spike,SAC,50,0.0,1,0.09,0.11199999999999999,0.5,0.5,-0.10099999999999999,-0.21196995675563812,2.8760271106875734e-06,0.0006727725849486887,,,1.0,normal
311,50,scenario3_repeated_spike,SAC,50,0.0,1,0.09,0.11199999999999999,0.5,0.5,-0.10099999999999999,-0.21283754706382751,2.1885978185309796e-06,0.0005722322384826839,,,1.0,normal
312,50,scenario3_repeated_spike,SAC,50,0.0,1,0.09,0.11199999999999999,0.5,0.5,-0.10099999999999999,-0.21150048077106476,5.088279976916965e-06,0.000804101291578263,,,1.0,normal
313,50,scenario3_repeated_spike,SAC,50,1.0,0,0.060625,0.197,0.5,0.5,-0.1288125,-0.21197880804538727,4.703493232227629e-06,0.0007055643945932388,,,1.0,normal
314,50,scenario3_repeated_spike,SAC,50,0.0,1,0.09,0.11199999999999999,0.5,0.5,-0.10099999999999999,-0.2131652981042862,3.990171535406262e-06,0.0006221847143024206,,,1.0,normal
315,50,scenario3_repeated_spike,SAC,50,1.0,0,0.060625,0.197,0.5,0.5,-0.1288125,-0.21439336240291595,1.3417666195891798e-06,0.0004423714417498559,,,1.0,normal
316,50,scenario3_repeated_spike,SAC,50,1.9000000000000004,0,0.0611875,0.19790000000000002,0.5,0.5,-0.12954375,-0.21332484483718872,4.0450490814691875e-06,0.0006220379145815969,,,1.0,normal
317,50,scenario3_repeated_spike,SAC,50,0.0,1,0.09,0.11199999999999999,0.5,0.5,-0.10099999999999999,-0.213075190782547,2.4870139441190986e-06,0.0006287647411227226,,,1.0,normal
318,50,scenario3_repeated_spike,SAC,50,1.0,0,0.060625,0.197,0.5,0.5,-0.1288125,-0.2124669998884201,3.514110176183749e-06,0.0006959760212339461,,,1.0,normal
319,50,scenario3_repeated_spike,SAC,50,0.0,1,0.09,0.11199999999999999,0.5,0.5,-0.10099999999999999,-0.2134709656238556,2.648796453286195e-06,0.0005694166175089777,,,1.0,normal
320,50,scenario3_repeated_spike,SAC,50,0.0,1,0.09,0.11199999999999999,0.5,0.5,-0.10099999999999999,-0.21363268792629242,3.989108336099889e-06,0.0006440177676267922,,,1.0,normal
321,50,scenario3_repeated_spike,SAC,50,1.0,0,0.060625,0.197,0.5,0.5,-0.1288125,-0.21320772171020508,2.996710918523604e-06,0.0007437268504872918,,,1.0,normal
322,50,scenario3_repeated_spike,SAC,50,0.0,1,0.09,0.11199999999999999,0.5,0.5,-0.10099999999999999,-0.2136029601097107,3.2539378480578307e-06,0.0006372495554387569,,,1.0,normal
323,50,scenario3_repeated_spike,SAC,50,0.0,1,0.09,0.11199999999999999,0.5,0.5,-0.10099999999999999,-0.2145322859287262,1.197045548906317e-06,0.0003857837582472712,,,1.0,normal
324,50,scenario3_repeated_spike,SAC,50,1.0,0,0.060625,0.197,0.5,0.5,-0.1288125,-0.21361520886421204,2.482279342075344e-06,0.000532460049726069,,,1.0,normal
325,50,scenario3_repeated_spike,SAC,50,1.9000000000000004,0,0.0611875,0.19790000000000002,0.5,0.5,-0.12954375,-0.21420332789421082,1.6031964378271368e-06,0.0005192988319322467,,,1.0,normal
326,50,scenario3_repeated_spike,SAC,50,2.710000000000001,0,0.061693750000000006,0.19871000000000003,0.5,0.5,-0.13020187500000002,-0.21365131437778473,2.6237185011268593e-06,0.0006671624723821878,,,1.0,normal
327,50,scenario3_repeated_spike,SAC,50,0.0,1,0.09,0.11199999999999999,0.5,0.5,-0.10099999999999999,-0.21451187133789062,1.910296305140946e-06,0.0005840333178639412,,,1.0,normal
328,50,scenario3_repeated_spike,SAC,50,0.0,1,0.09,0.11199999999999999,0.5,0.5,-0.10099999999999999,-0.214851513504982,1.2917996627948014e-06,0.00041989906458184123,,,1.0,normal
329,50,scenario3_repeated_spike,SAC,50,0.0,1,0.09,0.11199999999999999,0.5,0.5,-0.10099999999999999,-0.2154569923877716,1.0284330755894189e-06,0.0004054481687489897,,,1.0,normal
330,50,scenario3_repeated_spike,SAC,50,1.0,0,0.060625,0.197,0.5,0.5,-0.1288125,-0.21538935601711273,1.2189104836579645e-06,0.00042259308975189924,,,1.0,normal
331,50,scenario3_repeated_spike,SAC,50,1.9000000000000004,0,0.0611875,0.19790000000000002,0.5,0.5,-0.12954375,-0.21489186584949493,2.5829142487054924e-06,0.0006103951018303633,,,1.0,normal
332,50,scenario3_repeated_spike,SAC,50,0.0,1,0.09,0.11199999999999999,0.5,0.5,-0.10099999999999999,-0.21547892689704895,1.2893069651909173e-06,0.0004681802529376,,,1.0,normal
333,50,scenario3_repeated_spike,SAC,50,1.0,0,0.060625,0.197,0.5,0.5,-0.1288125,-0.21533691883087158,1.8788729221341782e-06,0.0005108230980113149,,,1.0,normal
334,50,scenario3_repeated_spike,SAC,50,1.9000000000000004,0,0.0611875,0.19790000000000002,0.5,0.5,-0.12954375,-0.21496427059173584,2.395739784333273e-06,0.0005087247700430453,,,1.0,normal
335,50,scenario3_repeated_spike,SAC,50,0.0,1,0.09,0.11199999999999999,0.5,0.5,-0.10099999999999999,-0.21619413793087006,5.038371000409825e-07,0.0003100493340753019,,,1.0,normal
336,50,scenario3_repeated_spike,SAC,50,0.0,1,0.09,0.11199999999999999,0.5,0.5,-0.10099999999999999,-0.2144867479801178,6.4447153818036895e-06,0.0006486877682618797,,,1.0,normal
337,50,scenario3_repeated_spike,SAC,50,1.0,0,0.060625,0.197,0.5,0.5,-0.1288125,-0.21532578766345978,4.749501840706216e-06,0.0006032921955920756,,,1.0,normal
338,50,scenario3_repeated_spike,SAC,50,0.0,1,0.09,0.11199999999999999,0.5,0.5,-0.10099999999999999,-0.2161087989807129,1.2205663324493798e-06,0.0004640303086489439,,,1.0,normal
339,50,scenario3_repeated_spike,SAC,50,0.0,1,0.09,0.11199999999999999,0.5,0.5,-0.10099999999999999,-0.2150409072637558,4.2655419747461565e-06,0.0006051636300981045,,,1.0,normal
340,50,scenario3_repeated_spike,SAC,50,0.0,1,0.09,0.11199999999999999,0.5,0.5,-0.10099999999999999,-0.21586968004703522,3.815626314462861e-06,0.0005184062174521387,,,1.0,normal
341,50,scenario3_repeated_spike,SAC,50,0.0,1,0.09,0.11199999999999999,0.5,0.5,-0.10099999999999999,-0.2158350646495819,1.6757003322709352e-06,0.0004753473331220448,,,1.0,normal
342,50,scenario3_repeated_spike,SAC,50,0.0,1,0.09,0.11199999999999999,0.5,0.5,-0.10099999999999999,-0.2162398397922516,4.5799315557815135e-06,0.0006427110638469458,,,1.0,normal
343,50,scenario3_repeated_spike,SAC,50,1.0,0,0.060625,0.197,0.5,0.5,-0.1288125,-0.21652840077877045,1.5733098734926898e-06,0.00043836457189172506,,,1.0,normal
344,50,scenario3_repeated_spike,SAC,50,0.0,1,0.09,0.11199999999999999,0.5,0.5,-0.10099999999999999,-0.21552783250808716,3.8118648717500037e-06,0.0006916726124472916,,,1.0,normal
345,50,scenario3_repeated_spike,SAC,50,1.0,0,0.060625,0.197,0.5,0.5,-0.1288125,-0.21527257561683655,2.72523948297021e-06,0.0006304180715233088,,,1.0,normal
346,50,scenario3_repeated_spike,SAC,50,0.0,1,0.09,0.11199999999999999,0.5,0.5,-0.10099999999999999,-0.21600444614887238,3.630500486906385e-06,0.0006598001345992088,,,1.0,normal
347,50,scenario3_repeated_spike,SAC,50,1.0,0,0.060625,0.197,0.5,0.5,-0.1288125,-0.2164408415555954,2.5124606963800034e-06,0.0006266270647756755,,,1.0,normal
348,50,scenario3_repeated_spike,SAC,50,0.0,1,0.09,0.11199999999999999,0.5,0.5,-0.10099999999999999,-0.21647503972053528,1.498715619163704e-06,0.0005730762495659292,,,1.0,normal
349,50,scenario3_repeated_spike,SAC,50,0.0,1,0.09,0.11199999999999999,0.5,0.5,-0.10099999999999999,-0.21621981263160706,2.154503590645618e-06,0.0006994102150201797,,,1.0,normal
350,50,scenario3_repeated_spike,SAC,50,0.0,1,0.09,0.11199999999999999,0.5,0.5,-0.10099999999999999,-0.21645519137382507,3.5565994949138258e-06,0.0007057944894768298,,,1.0,normal
351,50,scenario3_repeated_spike,SAC,50,0.0,1,0.09,0.11199999999999999,0.5,0.5,-0.10099999999999999,-0.21715401113033295,1.8175711602452793e-06,0.0005876843933947384,,,1.0,normal
352,50,scenario3_repeated_spike,SAC,50,1.0,0,0.060625,0.197,0.5,0.5,-0.1288125,-0.21632550656795502,1.6969063381111482e-06,0.0005771183641627431,,,1.0,normal
353,50,scenario3_repeated_spike,SAC,50,1.9000000000000004,0,0.0611875,0.19790000000000002,0.5,0.5,-0.12954375,-0.21831196546554565,1.4208735592546873e-06,0.00047377776354551315,,,1.0,normal
354,50,scenario3_repeated_spike,SAC,50,0.0,1,0.09,0.11199999999999999,0.5,0.5,-0.10099999999999999,-0.21692179143428802,2.593304088804871e-06,0.0006122628692537546,,,1.0,normal
355,50,scenario3_repeated_spike,SAC,50,0.0,1,0.09,0.11199999999999999,0.5,0.5,-0.10099999999999999,-0.21767380833625793,1.415030510543147e-06,0.0004843026399612427,,,1.0,normal
356,50,scenario3_repeated_spike,SAC,50,0.0,1,0.09,0.11199999999999999,0.5,0.5,-0.10099999999999999,-0.21756455302238464,9.883507345875842e-07,0.00041132839396595955,,,1.0,normal
357,50,scenario3_repeated_spike,SAC,50,1.0,0,0.060625,0.197,0.5,0.5,-0.1288125,-0.21789395809173584,1.182629716822703e-06,0.00043026491766795516,,,1.0,normal
358,50,scenario3_repeated_spike,SAC,50,1.9000000000000004,0,0.0611875,0.19790000000000002,0.5,0.5,-0.12954375,-0.21859975159168243,7.563944564026315e-07,0.000342245155479759,,,1.0,normal
359,50,scenario3_repeated_spike,SAC,50,0.0,1,0.09,0.11199999999999999,0.5,0.5,-0.10099999999999999,-0.21855968236923218,1.3873401485398063e-06,0.00040712152258493006,,,1.0,normal
360,50,scenario3_repeated_spike,SAC,50,0.0,1,0.09,0.11199999999999999,0.5,0.5,-0.10099999999999999,-0.21834297478199005,1.3327190799827804e-06,0.00039664452197030187,,,1.0,normal
361,50,scenario3_repeated_spike,SAC,50,0.0,1,0.09,0.11199999999999999,0.5,0.5,-0.10099999999999999,-0.21734006702899933,4.22528410126688e-06,0.0004835626168642193,,,1.0,normal
362,50,scenario3_repeated_spike,SAC,50,1.0,0,0.060625,0.197,0.5,0.5,-0.1288125,-0.21932421624660492,6.78437515944097e-07,0.00022837909637019038,,,1.0,normal
363,50,scenario3_repeated_spike,SAC,50,0.0,1,0.09,0.11199999999999999,0.5,0.5,-0.10099999999999999,-0.21928218007087708,7.801705237397982e-07,0.00030907418113201857,,,1.0,normal
364,50,scenario3_repeated_spike,SAC,50,1.0,0,0.060625,0.197,0.5,0.5,-0.1288125,-0.21856996417045593,1.6340910633516614e-06,0.0004436178132891655,,,1.0,normal
365,50,scenario3_repeated_spike,SAC,50,0.0,1,0.09,0.11199999999999999,0.5,0.5,-0.10099999999999999,-0.2191140204668045,6.825227956142044e-07,0.00030865217559039593,,,1.0,normal
366,50,scenario3_repeated_spike,SAC,50,1.0,0,0.060625,0.197,0.5,0.5,-0.1288125,-0.21894706785678864,9.393444315719535e-07,0.0003567407256923616,,,1.0,normal
367,50,scenario3_repeated_spike,SAC,50,0.0,1,0.09,0.11199999999999999,0.5,0.5,-0.10099999999999999,-0.21934734284877777,6.906175826770777e-07,0.0002887182345148176,,,1.0,normal
368,50,scenario3_repeated_spike,SAC,50,1.0,0,0.060625,0.197,0.5,0.5,-0.1288125,-0.2191585749387741,1.4498857581202174e-06,0.0004281532601453364,,,1.0,normal
369,50,scenario3_repeated_spike,SAC,50,1.9000000000000004,0,0.0611875,0.19790000000000002,0.5,0.5,-0.12954375,-0.2183798998594284,1.5766836440889165e-06,0.0005114594241604209,,,1.0,normal
370,50,scenario3_repeated_spike,SAC,50,2.710000000000001,0,0.061693750000000006,0.19871000000000003,0.5,0.5,-0.13020187500000002,-0.21872328221797943,1.1279059890512144e-06,0.0004882435314357281,,,1.0,normal
371,50,scenario3_repeated_spike,SAC,50,0.0,1,0.09,0.11199999999999999,0.5,0.5,-0.10099999999999999,-0.21849972009658813,4.290400738682365e-06,0.0006195947644300759,,,1.0,normal
372,50,scenario3_repeated_spike,SAC,50,1.0,0,0.060625,0.197,0.5,0.5,-0.1288125,-0.219821959733963,7.220650104500237e-07,0.00037770887138321996,,,1.0,normal
373,50,scenario3_repeated_spike,SAC,50,0.0,1,0.09,0.11199999999999999,0.5,0.5,-0.10099999999999999,-0.2194993644952774,1.0793850151458173e-06,0.000431796011980623,,,1.0,normal
374,50,scenario3_repeated_spike,SAC,50,1.0,0,0.060625,0.197,0.5,0.5,-0.1288125,-0.22024662792682648,8.945966669671179e-07,0.0003984928480349481,,,1.0,normal
375,50,scenario3_repeated_spike,SAC,50,0.0,1,0.09,0.11199999999999999,0.5,0.5,-0.10099999999999999,-0.2197379171848297,1.1020161991837085e-06,0.0004498689086176455,,,1.0,normal
376,50,scenario3_repeated_spike,SAC,50,1.0,0,0.060625,0.197,0.5,0.5,-0.1288125,-0.21972207725048065,1.183849121844105e-06,0.0004600917745847255,,,1.0,normal
377,50,scenario3_repeated_spike,SAC,50,0.0,1,0.09,0.11199999999999999,0.5,0.5,-0.10099999999999999,-0.22032198309898376,8.89150044258713e-07,0.0003983138594776392,,,1.0,normal
378,50,scenario3_repeated_spike,SAC,50,0.0,1,0.09,0.11199999999999999,0.5,0.5,-0.10099999999999999,-0.2198617309331894,1.3896503787691472e-06,0.00048103564768098295,,,1.0,normal
379,50,scenario3_repeated_spike,SAC,50,0.0,1,0.09,0.11199999999999999,0.5,0.5,-0.10099999999999999,-0.22052046656608582,1.0556224196989206e-06,0.00042813082109205425,,,1.0,normal
380,50,scenario3_repeated_spike,SAC,50,1.0,0,0.060625,0.197,0.5,0.5,-0.1288125,-0.22056245803833008,8.634686992081697e-07,0.00041860691271722317,,,1.0,normal
381,50,scenario3_repeated_spike,SAC,50,0.0,1,0.09,0.11199999999999999,0.5,0.5,-0.10099999999999999,-0.22044268250465393,1.0022043852586648e-06,0.00043442961759865284,,,1.0,normal
382,50,scenario3_repeated_spike,SAC,50,0.0,1,0.09,0.11199999999999999,0.5,0.5,-0.10099999999999999,-0.22054523229599,3.478303369774949e-06,0.0005308442050591111,,,1.0,normal
383,50,scenario3_repeated_spike,SAC,50,1.0,0,0.060625,0.197,0.5,0.5,-0.1288125,-0.22016999125480652,1.685692268438288e-06,0.00048452633200213313,,,1.0,normal
384,50,scenario3_repeated_spike,SAC,50,1.9000000000000004,0,0.0611875,0.19790000000000002,0.5,0.5,-0.12954375,-0.21936023235321045,3.4651404803298647e-06,0.0005596941919066012,,,1.0,normal
385,50,scenario3_repeated_spike,SAC,50,0.0,1,0.09,0.11199999999999999,0.5,0.5,-0.10099999999999999,-0.22064906358718872,3.1090853553905617e-06,0.00047730401274748147,,,1.0,normal
386,50,scenario3_repeated_spike,SAC,50,1.0,0,0.060625,0.197,0.5,0.5,-0.1288125,-0.22053654491901398,1.6583096567046596e-06,0.00048581737792119384,,,1.0,normal
387,50,scenario3_repeated_spike,SAC,50,0.0,1,0.09,0.11199999999999999,0.5,0.5,-0.10099999999999999,-0.22099173069000244,1.5686972574258107e-06,0.0004582110559567809,,,1.0,normal
388,50,scenario3_repeated_spike,SAC,50,0.0,1,0.09,0.11199999999999999,0.5,0.5,-0.10099999999999999,-0.22140862047672272,1.2830823834519833e-06,0.0003914711996912956,,,1.0,normal
389,50,scenario3_repeated_spike,SAC,50,1.0,0,0.060625,0.197,0.5,0.5,-0.1288125,-0.2218775898218155,8.271468345810717e-07,0.0003265437262598425,,,1.0,normal
390,50,scenario3_repeated_spike,SAC,50,1.9000000000000004,0,0.0611875,0.19790000000000002,0.5,0.5,-0.12954375,-0.22068065404891968,1.529463929728081e-06,0.0004715125833172351,,,1.0,normal
391,50,scenario3_repeated_spike,SAC,50,0.0,1,0.09,0.11199999999999999,0.5,0.5,-0.10099999999999999,-0.2214324176311493,1.2954976682522101e-06,0.0004545234842225909,,,1.0,normal
392,50,scenario3_repeated_spike,SAC,50,1.0,0,0.060625,0.197,0.5,0.5,-0.1288125,-0.22184015810489655,1.014498252516205e-06,0.00041418569162487984,,,1.0,normal
393,50,scenario3_repeated_spike,SAC,50,1.9000000000000004,0,0.0611875,0.19790000000000002,0.5,0.5,-0.12954375,-0.22124934196472168,1.4364661637955578e-06,0.0004929044516757131,,,1.0,normal
394,50,scenario3_repeated_spike,SAC,50,0.0,1,0.09,0.11199999999999999,0.5,0.5,-0.10099999999999999,-0.2213096022605896,1.1613907417995506e-06,0.0004543644899968058,,,1.0,normal
395,50,scenario3_repeated_spike,SAC,50,0.0,1,0.09,0.11199999999999999,0.5,0.5,-0.10099999999999999,-0.2219090461730957,9.669237215348403e-07,0.000435147259850055,,,1.0,normal
396,50,scenario3_repeated_spike,SAC,50,1.0,0,0.060625,0.197,0.5,0.5,-0.1288125,-0.22226117551326752,1.1202930636500241e-06,0.00047726562479510903,,,1.0,normal
397,50,scenario3_repeated_spike,SAC,50,0.0,1,0.09,0.11199999999999999,0.5,0.5,-0.10099999999999999,-0.22179631888866425,3.1712672807771014e-06,0.0005394633044488728,,,1.0,normal
398,50,scenario3_repeated_spike,SAC,50,1.0,0,0.060625,0.197,0.5,0.5,-0.1288125,-0.22286878526210785,7.678703468627646e-07,0.0003722455003298819,,,1.0,normal
399,50,scenario3_repeated_spike,SAC,50,1.9000000000000004,0,0.0611875,0.19790000000000002,0.5,0.5,-0.12954375,-0.22295942902565002,4.867147254117299e-07,0.00030446096207015216,,,1.0,normal
400,50,scenario3_repeated_spike,SAC,50,0.0,1,0.09,0.11199999999999999,0.5,0.5,-0.10099999999999999,-0.22283697128295898,9.164199923361593e-07,0.0003497595607768744,,,1.0,normal
401,50,scenario3_repeated_spike,SAC,50,1.0,0,0.060625,0.197,0.5,0.5,-0.1288125,-0.22327879071235657,4.3904861968258047e-07,0.00027855177177116275,,,1.0,normal
402,50,scenario3_repeated_spike,SAC,50,1.9000000000000004,0,0.0611875,0.19790000000000002,0.5,0.5,-0.12954375,-0.22292546927928925,4.519933156643674e-07,0.0002858251391444355,,,1.0,normal
403,50,scenario3_repeated_spike,SAC,50,0.0,1,0.09,0.11199999999999999,0.5,0.5,-0.10099999999999999,-0.22327777743339539,5.674131102750835e-07,0.00030889612389728427,,,1.0,normal
404,50,scenario3_repeated_spike,SAC,50,0.0,1,0.09,0.11199999999999999,0.5,0.5,-0.10099999999999999,-0.22320416569709778,4.784472480423574e-07,0.00028245069552212954,,,1.0,normal
405,50,scenario3_repeated_spike,SAC,50,1.0,0,0.060625,0.197,0.5,0.5,-0.1288125,-0.2235299050807953,8.625510758974997e-07,0.0002989016647916287,,,1.0,normal
406,50,scenario3_repeated_spike,SAC,50,0.0,1,0.09,0.11199999999999999,0.5,0.5,-0.10099999999999999,-0.2232276201248169,9.791974662221037e-07,0.0003489095834083855,,,1.0,normal
407,50,scenario3_repeated_spike,SAC,50,0.0,1,0.09,0.11199999999999999,0.5,0.5,-0.10099999999999999,-0.22405068576335907,5.661135560330877e-07,0.0002882599947042763,,,1.0,normal
408,50,scenario3_repeated_spike,SAC,50,1.0,0,0.060625,0.197,0.5,0.5,-0.1288125,-0.22403155267238617,5.007434538129019e-07,0.0002986176696140319,,,1.0,normal
409,50,scenario3_repeated_spike,SAC,50,0.0,1,0.09,0.11199999999999999,0.5,0.5,-0.10099999999999999,-0.22381259500980377,5.347800993149576e-07,0.00030286479159258306,,,1.0,normal
410,50,scenario3_repeated_spike,SAC,50,1.0,0,0.060625,0.197,0.5,0.5,-0.1288125,-0.22322456538677216,5.227544761510217e-07,0.00029878303757868707,,,1.0,normal
411,50,scenario3_repeated_spike,SAC,50,0.0,1,0.09,0.11199999999999999,0.5,0.5,-0.10099999999999999,-0.2235526740550995,4.4826452949564555e-07,0.00026900559896603227,,,1.0,normal
412,50,scenario3_repeated_spike,SAC,50,0.0,1,0.09,0.11199999999999999,0.5,0.5,-0.10099999999999999,-0.22374975681304932,7.530310881520563e-07,0.00032931650639511645,,,1.0,normal
413,50,scenario3_repeated_spike,SAC,50,1.0,0,0.060625,0.197,0.5,0.5,-0.1288125,-0.22394685447216034,3.6716076010634424e-06,0.0004732589004561305,,,1.0,normal
414,50,scenario3_repeated_spike,SAC,50,1.9000000000000004,0,0.0611875,0.19790000000000002,0.5,0.5,-0.12954375,-0.22415821254253387,5.903802957618609e-07,0.0003100884205196053,,,1.0,normal
415,50,scenario3_repeated_spike,SAC,50,0.0,1,0.09,0.11199999999999999,0.5,0.5,-0.10099999999999999,-0.22439850866794586,5.885390805815405e-07,0.00031854648841544986,,,1.0,normal
416,50,scenario3_repeated_spike,SAC,50,0.0,1,0.09,0.11199999999999999,0.5,0.5,-0.10099999999999999,-0.2246856391429901,5.941855079072411e-07,0.00030183244962245226,,,1.0,normal
417,50,scenario3_repeated_spike,SAC,50,1.0,0,0.060625,0.197,0.5,0.5,-0.1288125,-0.22419953346252441,8.821771757538954e-07,0.000369654648238793,,,1.0,normal
418,50,scenario3_repeated_spike,SAC,50,0.0,1,0.09,0.11199999999999999,0.5,0.5,-0.10099999999999999,-0.2242615520954132,1.0442008715472184e-06,0.0004173796041868627,,,1.0,normal
419,50,scenario3_repeated_spike,SAC,50,1.0,0,0.060625,0.197,0.5,0.5,-0.1288125,-0.22484149038791656,7.561114898635424e-07,0.00038757070433348417,,,1.0,normal
420,50,scenario3_repeated_spike,SAC,50,1.9000000000000004,0,0.0611875,0.19790000000000002,0.5,0.5,-0.12954375,-0.22461168467998505,3.1183421924652066e-06,0.00047114124754443765,,,1.0,normal
421,50,scenario3_repeated_spike,SAC,50,0.0,1,0.09,0.11199999999999999,0.5,0.5,-0.10099999999999999,-0.22472737729549408,6.002712780173169e-07,0.00037027819780632854,,,1.0,normal
422,50,scenario3_repeated_spike,SAC,50,0.0,1,0.09,0.11199999999999999,0.5,0.5,-0.10099999999999999,-0.22447070479393005,8.421118309343001e-07,0.0004090297734364867,,,1.0,normal
423,50,scenario3_repeated_spike,SAC,50,1.0,0,0.060625,0.197,0.5,0.5,-0.1288125,-0.2249561846256256,2.9314435323612997e-06,0.000466471363324672,,,1.0,normal
424,50,scenario3_repeated_spike,SAC,50,0.0,1,0.09,0.11199999999999999,0.5,0.5,-0.10099999999999999,-0.22507838904857635,1.1370209449523827e-06,0.00043462435132823884,,,1.0,normal
425,50,scenario3_repeated_spike,SAC,50,1.0,0,0.060625,0.197,0.5,0.5,-0.1288125,-0.2255305051803589,6.502575047306891e-07,0.0003442980523686856,,,1.0,normal
426,50,scenario3_repeated_spike,SAC,50,1.9000000000000004,0,0.0611875,0.19790000000000002,0.5,0.5,-0.12954375,-0.22509153187274933,1.0902085705311038e-06,0.0004325280315242708,,,1.0,normal
427,50,scenario3_repeated_spike,SAC,50,2.710000000000001,0,0.061693750000000006,0.19871000000000003,0.5,0.5,-0.13020187500000002,-0.22551321983337402,9.5520817922079e-07,0.0004019715706817806,,,1.0,normal
428,50,scenario3_repeated_spike,SAC,50,0.0,1,0.09,0.11199999999999999,0.5,0.5,-0.10099999999999999,-0.22473780810832977,2.8536669560708106e-06,0.0005367393605411053,,,1.0,normal
429,50,scenario3_repeated_spike,SAC,50,0.0,1,0.09,0.11199999999999999,0.5,0.5,-0.10099999999999999,-0.2251303791999817,9.590133913661703e-07,0.0004067912232130766,,,1.0,normal
430,50,scenario3_repeated_spike,SAC,50,1.0,0,0.060625,0.197,0.5,0.5,-0.1288125,-0.22537779808044434,1.069996415026253e-06,0.00046757241943851113,,,1.0,normal
431,50,scenario3_repeated_spike,SAC,50,1.9000000000000004,0,0.0611875,0.19790000000000002,0.5,0.5,-0.12954375,-0.22549323737621307,8.717777291167295e-07,0.00043884196202270687,,,1.0,normal
432,50,scenario3_repeated_spike,SAC,50,0.0,1,0.09,0.11199999999999999,0.5,0.5,-0.10099999999999999,-0.22589722275733948,9.717716693558032e-07,0.00044370180694386363,,,1.0,normal
433,50,scenario3_repeated_spike,SAC,50,0.0,1,0.09,0.11199999999999999,0.5,0.5,-0.10099999999999999,-0.22636134922504425,7.704739459768462e-07,0.0003899345174431801,,,1.0,normal
434,50,scenario3_repeated_spike,SAC,50,1.0,0,0.060625,0.197,0.5,0.5,-0.1288125,-0.2263561636209488,2.314348421350587e-06,0.00042916153324767947,,,1.0,normal
435,50,scenario3_repeated_spike,SAC,50,1.9000000000000004,0,0.0611875,0.19790000000000002,0.5,0.5,-0.12954375,-0.22626402974128723,8.536419500160264e-07,0.00040079845348373055,,,1.0,normal
436,50,scenario3_repeated_spike,SAC,50,2.710000000000001,0,0.061693750000000006,0.19871000000000003,0.5,0.5,-0.13020187500000002,-0.22633129358291626,7.26607311207772e-07,0.00037693599006161094,,,1.0,normal
437,50,scenario3_repeated_spike,SAC,50,0.0,1,0.09,0.11199999999999999,0.5,0.5,-0.10099999999999999,-0.2263909876346588,2.6589752906147623e-06,0.0004883571527898312,,,1.0,normal
438,50,scenario3_repeated_spike,SAC,50,0.0,1,0.09,0.11199999999999999,0.5,0.5,-0.10099999999999999,-0.22621600329875946,2.774387667159317e-06,0.0005153990932740271,,,1.0,normal
439,50,scenario3_repeated_spike,SAC,50,1.0,0,0.060625,0.197,0.5,0.5,-0.1288125,-0.227083221077919,5.655804216075921e-07,0.00033454596996307373,,,1.0,normal
440,50,scenario3_repeated_spike,SAC,50,0.0,1,0.09,0.11199999999999999,0.5,0.5,-0.10099999999999999,-0.2261946201324463,1.126116217164963e-06,0.0004530064470600337,,,1.0,normal
441,50,scenario3_repeated_spike,SAC,50,1.0,0,0.060625,0.197,0.5,0.5,-0.1288125,-0.22721070051193237,7.837505222596519e-07,0.000365269195754081,,,1.0,normal
442,50,scenario3_repeated_spike,SAC,50,1.9000000000000004,0,0.0611875,0.19790000000000002,0.5,0.5,-0.12954375,-0.22710444033145905,7.99229383119382e-07,0.00037157838232815266,,,1.0,normal
443,50,scenario3_repeated_spike,SAC,50,2.710000000000001,0,0.061693750000000006,0.19871000000000003,0.5,0.5,-0.13020187500000002,-0.2268400490283966,8.41246901472914e-07,0.0003768067108467221,,,1.0,normal
444,50,scenario3_repeated_spike,SAC,50,3.439,0,0.062149375,0.199439,0.5,0.5,-0.1307941875,-0.2278902530670166,4.2881131889771495e-07,0.00027287774719297886,,,1.0,normal
445,50,scenario3_repeated_spike,SAC,50,0.0,1,0.09,0.11199999999999999,0.5,0.5,-0.10099999999999999,-0.22733554244041443,1.1092853355876287e-06,0.0003974244464188814,,,1.0,normal
446,50,scenario3_repeated_spike,SAC,50,1.0,0,0.060625,0.197,0.5,0.5,-0.1288125,-0.22650152444839478,1.4982724678702652e-06,0.0004815059946849942,,,1.0,normal
447,50,scenario3_repeated_spike,SAC,50,0.0,1,0.09,0.11199999999999999,0.5,0.5,-0.10099999999999999,-0.22792072594165802,5.155175699655956e-07,0.00029515105416066945,,,1.0,normal
448,50,scenario3_repeated_spike,SAC,50,1.0,0,0.060625,0.197,0.5,0.5,-0.1288125,-0.2277127355337143,6.355045343298116e-07,0.00032758634188212454,,,1.0,normal
449,50,scenario3_repeated_spike,SAC,50,1.9000000000000004,0,0.0611875,0.19790000000000002,0.5,0.5,-0.12954375,-0.22845220565795898,5.060267085355008e-07,0.00031530880369246006,,,1.0,normal
450,50,scenario3_repeated_spike,SAC,50,2.710000000000001,0,0.061693750000000006,0.19871000000000003,0.5,0.5,-0.13020187500000002,-0.22870296239852905,4.5780876689605066e-07,0.0002999482676386833,,,1.0,normal
451,50,scenario3_repeated_spike,SAC,50,0.0,1,0.09,0.11199999999999999,0.5,0.5,-0.10099999999999999,-0.22852444648742676,4.371344743958616e-07,0.00029628045740537345,,,1.0,normal
452,50,scenario3_repeated_spike,SAC,50,0.0,1,0.09,0.11199999999999999,0.5,0.5,-0.10099999999999999,-0.22840964794158936,5.958127644589695e-07,0.0003056577406823635,,,1.0,normal
453,50,scenario3_repeated_spike,SAC,50,1.0,0,0.060625,0.197,0.5,0.5,-0.1288125,-0.22848108410835266,7.169650757532509e-07,0.0003026277991011739,,,1.0,normal
454,50,scenario3_repeated_spike,SAC,50,1.9000000000000004,0,0.0611875,0.19790000000000002,0.5,0.5,-0.12954375,-0.22809834778308868,1.1354238722560694e-06,0.00034958505420945585,,,1.0,normal
455,50,scenario3_repeated_spike,SAC,50,2.710000000000001,0,0.061693750000000006,0.19871000000000003,0.5,0.5,-0.13020187500000002,-0.22849015891551971,6.158527980915096e-07,0.00029376818565651774,,,1.0,normal
456,50,scenario3_repeated_spike,SAC,50,3.439,0,0.062149375,0.199439,0.5,0.5,-0.1307941875,-0.2288229912519455,4.529027819444309e-07,0.0002508810139261186,,,1.0,normal
457,50,scenario3_repeated_spike,SAC,50,0.0,1,0.09,0.11199999999999999,0.5,0.5,-0.10099999999999999,-0.22876212000846863,4.343599471212656e-07,0.00024392997147515416,,,1.0,normal
458,50,scenario3_repeated_spike,SAC,50,0.0,1,0.09,0.11199999999999999,0.5,0.5,-0.10099999999999999,-0.22879517078399658,5.561347506954917e-07,0.0003053463879041374,,,1.0,normal
459,50,scenario3_repeated_spike,SAC,50,0.0,1,0.09,0.11199999999999999,0.5,0.5,-0.10099999999999999,-0.22852922976016998,2.8328627195151057e-06,0.0004806729266420007,,,1.0,normal
460,50,scenario3_repeated_spike,SAC,50,1.0,0,0.060625,0.197,0.5,0.5,-0.1288125,-0.22971773147583008,4.5715663077317004e-07,0.0002998913114424795,,,1.0,normal
461,50,scenario3_repeated_spike,SAC,50,1.9000000000000004,0,0.0611875,0.19790000000000002,0.5,0.5,-0.12954375,-0.23020726442337036,3.3606517035877914e-07,0.0002828071010299027,,,1.0,normal
462,50,scenario3_repeated_spike,SAC,50,0.0,1,0.09,0.11199999999999999,0.5,0.5,-0.10099999999999999,-0.22885967791080475,9.639384188631084e-07,0.00041194792720489204,,,1.0,normal
463,50,scenario3_repeated_spike,SAC,50,1.0,0,0.060625,0.197,0.5,0.5,-0.1288125,-0.2289387434720993,1.4637273579864996e-06,0.00042379696969874203,,,1.0,normal
464,50,scenario3_repeated_spike,SAC,50,0.0,1,0.09,0.11199999999999999,0.5,0.5,-0.10099999999999999,-0.22932754456996918,8.269116165138257e-07,0.0003692982718348503,,,1.0,normal
465,50,scenario3_repeated_spike,SAC,50,1.0,0,0.060625,0.197,0.5,0.5,-0.1288125,-0.22942128777503967,8.069859518400335e-07,0.0003948941011913121,,,1.0,normal
466,50,scenario3_repeated_spike,SAC,50,0.0,1,0.09,0.11199999999999999,0.5,0.5,-0.10099999999999999,-0.2297745943069458,6.903634925947699e-07,0.0003816001699306071,,,1.0,normal
467,50,scenario3_repeated_spike,SAC,50,0.0,1,0.09,0.11199999999999999,0.5,0.5,-0.10099999999999999,-0.22960931062698364,8.387869456782937e-07,0.0004093152820132673,,,1.0,normal
468,50,scenario3_repeated_spike,SAC,50,0.0,1,0.09,0.11199999999999999,0.5,0.5,-0.10099999999999999,-0.23004966974258423,6.250481874303659e-07,0.00038477021735161543,,,1.0,normal
469,50,scenario3_repeated_spike,SAC,50,1.0,0,0.060625,0.197,0.5,0.5,-0.1288125,-0.23002377152442932,6.147342901385855e-07,0.0004080892540514469,,,1.0,normal
470,50,scenario3_repeated_spike,SAC,50,0.0,1,0.09,0.11199999999999999,0.5,0.5,-0.10099999999999999,-0.22921910881996155,1.268312985303055e-06,0.000530178309418261,,,1.0,normal
471,50,scenario3_repeated_spike,SAC,50,1.0,0,0.060625,0.197,0.5,0.5,-0.1288125,-0.22949080169200897,1.020976014842745e-06,0.00045813864562660456,,,1.0,normal
472,50,scenario3_repeated_spike,SAC,50,0.0,1,0.09,0.11199999999999999,0.5,0.5,-0.10099999999999999,-0.2303985059261322,5.414880774878839e-07,0.000357273209374398,,,1.0,normal
473,50,scenario3_repeated_spike,SAC,50,1.0,0,0.060625,0.197,0.5,0.5,-0.1288125,-0.23054823279380798,7.312189040931116e-07,0.00039696524618193507,,,1.0,normal
474,50,scenario3_repeated_spike,SAC,50,1.9000000000000004,0,0.0611875,0.19790000000000002,0.5,0.5,-0.12954375,-0.2299964427947998,6.014889777361532e-07,0.00037481586332432926,,,1.0,normal
475,50,scenario3_repeated_spike,SAC,50,0.0,1,0.09,0.11199999999999999,0.5,0.5,-0.10099999999999999,-0.23051735758781433,2.387071390330675e-06,0.0004519050125963986,,,1.0,normal
476,50,scenario3_repeated_spike,SAC,50,0.0,1,0.09,0.11199999999999999,0.5,0.5,-0.10099999999999999,-0.23071527481079102,7.069382945701363e-07,0.00035698042484000325,,,1.0,normal
477,50,scenario3_repeated_spike,SAC,50,0.0,1,0.09,0.11199999999999999,0.5,0.5,-0.10099999999999999,-0.23083916306495667,5.105089257995132e-07,0.0003272885805927217,,,1.0,normal
478,50,scenario3_repeated_spike,SAC,50,1.0,0,0.060625,0.197,0.5,0.5,-0.1288125,-0.23138077557086945,4.872568979408243e-07,0.00031512154964730144,,,1.0,normal
479,50,scenario3_repeated_spike,SAC,50,0.0,1,0.09,0.11199999999999999,0.5,0.5,-0.10099999999999999,-0.23145127296447754,5.319865294950432e-07,0.00030919298296794295,,,1.0,normal
480,50,scenario3_repeated_spike,SAC,50,1.0,0,0.060625,0.197,0.5,0.5,-0.1288125,-0.2311224341392517,2.2073299987823702e-06,0.0003961095353588462,,,1.0,normal
481,50,scenario3_repeated_spike,SAC,50,0.0,1,0.09,0.11199999999999999,0.5,0.5,-0.10099999999999999,-0.23167702555656433,1.8352347979089245e-06,0.0003086784854531288,,,1.0,normal
482,50,scenario3_repeated_spike,SAC,50,1.0,0,0.060625,0.197,0.5,0.5,-0.1288125,-0.2309032678604126,9.47406078921631e-07,0.0003450036747381091,,,1.0,normal
483,50,scenario3_repeated_spike,SAC,50,1.9000000000000004,0,0.0611875,0.19790000000000002,0.5,0.5,-0.12954375,-0.23179467022418976,6.334409476949077e-07,0.00026857637567445636,,,1.0,normal
484,50,scenario3_repeated_spike,SAC,50,2.710000000000001,0,0.061693750000000006,0.19871000000000003,0.5,0.5,-0.13020187500000002,-0.23178306221961975,5.106294338474981e-07,0.00027525232871994376,,,1.0,normal
485,50,scenario3_repeated_spike,SAC,50,3.439,0,0.062149375,0.199439,0.5,0.5,-0.1307941875,-0.2309640645980835,1.021906314235821e-06,0.00039346536505036056,,,1.0,normal
486,50,scenario3_repeated_spike,SAC,50,4.0951,0,0.06255943750000001,0.20009510000000003,0.5,0.5,-0.13132726875,-0.2317141443490982,7.913621402622084e-07,0.000360263220500201,,,1.0,normal
487,50,scenario3_repeated_spike,SAC,50,0.0,1,0.09,0.11199999999999999,0.5,0.5,-0.10099999999999999,-0.23124994337558746,2.2178546714712866e-06,0.000481580151244998,,,1.0,normal
488,50,scenario3_repeated_spike,SAC,50,0.0,1,0.09,0.11199999999999999,0.5,0.5,-0.10099999999999999,-0.23169872164726257,8.104233870653843e-07,0.00039580505108460784,,,1.0,normal
489,50,scenario3_repeated_spike,SAC,50,1.0,0,0.060625,0.197,0.5,0.5,-0.1288125,-0.23172076046466827,7.246942459460115e-07,0.0003921827592421323,,,1.0,normal
490,50,scenario3_repeated_spike,SAC,50,0.0,1,0.09,0.11199999999999999,0.5,0.5,-0.10099999999999999,-0.23171129822731018,8.314725050695415e-07,0.0004265092429704964,,,1.0,normal
491,50,scenario3_repeated_spike,SAC,50,1.0,0,0.060625,0.197,0.5,0.5,-0.1288125,-0.23144499957561493,9.342067528450571e-07,0.00046273396583274007,,,1.0,normal
492,50,scenario3_repeated_spike,SAC,50,0.0,1,0.09,0.11199999999999999,0.5,0.5,-0.10099999999999999,-0.23174135386943817,1.0967277148665744e-06,0.00047786609502509236,,,1.0,normal
493,50,scenario3_repeated_spike,SAC,50,0.0,1,0.09,0.11199999999999999,0.5,0.5,-0.10099999999999999,-0.23249581456184387,8.788932746028877e-07,0.0004062102525494993,,,1.0,normal
494,50,scenario3_repeated_spike,SAC,50,0.0,1,0.09,0.11199999999999999,0.5,0.5,-0.10099999999999999,-0.2323991358280182,9.829159353103023e-07,0.0004153014160692692,,,1.0,normal
495,50,scenario3_repeated_spike,SAC,50,1.0,0,0.060625,0.197,0.5,0.5,-0.1288125,-0.23201210796833038,8.152604209499259e-07,0.0004085854743607342,,,1.0,normal
496,50,scenario3_repeated_spike,SAC,50,0.0,1,0.09,0.11199999999999999,0.5,0.5,-0.10099999999999999,-0.23248866200447083,6.344957341752888e-07,0.00034256308572366834,,,1.0,normal
497,50,scenario3_repeated_spike,SAC,50,1.0,0,0.060625,0.197,0.5,0.5,-0.1288125,-0.23259058594703674,8.417814001404622e-07,0.00035711826058104634,,,1.0,normal
498,50,scenario3_repeated_spike,SAC,50,0.0,1,0.09,0.11199999999999999,0.5,0.5,-0.10099999999999999,-0.23344460129737854,2.932307552327984e-07,0.00023545592557638884,,,1.0,normal
499,50,scenario3_repeated_spike,SAC,50,1.0,0,0.060625,0.197,0.5,0.5,-0.1288125,-0.23297245800495148,7.62060551551258e-07,0.0003313843044452369,,,1.0,normal
500,50,scenario3_repeated_spike,SAC,150,19.9,0,0.0924375,0.44789999999999996,0.5,0.5,-0.27016874999999996,-0.23291540145874023,0.0017278750892728567,0.00400172546505928,,,1.0,spike
501,50,scenario3_repeated_spike,SAC,150,36.91,0,0.10306875,0.46491,0.5,0.5,-0.283989375,-0.23254705965518951,2.5258486857637763e-06,0.0007480140193365514,,,1.0,spike
502,50,scenario3_repeated_spike,SAC,150,52.219,0,0.112636875,0.480219,0.5,0.5,-0.2964279375,-0.23275521397590637,4.587489002005896e-06,0.0009093552362173796,,,1.0,spike
503,50,scenario3_repeated_spike,SAC,150,65.9971,0,0.1212481875,0.49399709999999997,0.5,0.5,-0.30762264375,-0.23207610845565796,0.0016768828500062227,0.004563943017274141,,,1.0,spike
504,50,scenario3_repeated_spike,SAC,150,78.39739,0,0.12899836875,0.5063973900000001,0.5,0.5,-0.31769787937500005,-0.23306643962860107,6.262834631343139e-06,0.0010688611073419452,,,1.0,spike
505,50,scenario3_repeated_spike,SAC,150,89.557651,0,0.13597353187500003,0.5175576510000001,0.5,0.5,-0.32676559143750006,-0.231916144490242,1.256645282410318e-05,0.00164812954608351,,,1.0,spike
506,50,scenario3_repeated_spike,SAC,150,93.60188590000001,1,0.14403704941818182,0.23522963953454545,0.5,0.5,-0.18963334447636365,-0.2266853153705597,0.07973781228065491,0.022484691813588142,,,1.0,spike
507,50,scenario3_repeated_spike,SAC,150,97.24169731000002,1,0.14536061720363638,0.2362884937629091,0.5,0.5,-0.19082455548327276,-0.22444680333137512,0.15553317964076996,0.0498238131403923,,,1.0,spike
508,50,scenario3_repeated_spike,SAC,150,100.51752757900002,1,0.14655182821054547,0.23724146256843637,0.5,0.5,-0.19189664538949092,-0.22683291137218475,0.00020831479923799634,0.006175043061375618,,,1.0,spike
509,50,scenario3_repeated_spike,SAC,150,103.46577482110001,1,0.14762391811676365,0.2380991344934109,0.5,0.5,-0.1928615263050873,-0.2248656302690506,0.00038987401057966053,0.008039386011660099,,,1.0,spike
510,50,scenario3_repeated_spike,SAC,150,106.11919733899002,1,0.14858879903236002,0.23887103922588804,0.5,0.5,-0.19372991912912402,-0.22323286533355713,0.0007868278189562261,0.008466620929539204,,,1.0,spike
511,50,scenario3_repeated_spike,SAC,150,108.50727760509102,1,0.14945719185639672,0.23956575348511738,0.5,0.5,-0.19451147267075705,-0.19490791857242584,0.04181423783302307,0.0318613275885582,,,1.0,spike
512,50,scenario3_repeated_spike,SAC,150,110.65654984458192,1,0.15023874539802978,0.24019099631842383,0.5,0.5,-0.1952148708582268,-0.20437504351139069,0.003825935535132885,0.016067031770944595,,,1.0,spike
513,50,scenario3_repeated_spike,SAC,150,112.59089486012373,1,0.15094214358549954,0.24075371486839964,0.5,0.5,-0.1958479292269496,-0.2109101265668869,0.00097611581441015,0.010321968235075474,,,1.0,spike
514,50,scenario3_repeated_spike,SAC,150,114.33180537411135,1,0.1515752019542223,0.24126016156337787,0.5,0.5,-0.1964176817588001,-0.17389288544654846,0.04507375508546829,0.0305868461728096,,,1.0,spike
515,50,scenario3_repeated_spike,SAC,150,115.89862483670021,1,0.15214495448607282,0.24171596358885827,0.5,0.5,-0.19693045903746553,-0.1963540017604828,0.024851420894265175,0.02763037383556366,,,1.0,spike
516,50,scenario3_repeated_spike,SAC,150,117.3087623530302,1,0.15265773176473826,0.24212618541179062,0.5,0.5,-0.19739195858826444,-0.224195659160614,0.0018454750534147024,0.007936227135360241,,,1.0,spike
517,50,scenario3_repeated_spike,SAC,150,118.57788611772719,1,0.15311923131553715,0.24249538505242973,0.5,0.5,-0.19780730818398345,-0.20483025908470154,0.04528433829545975,0.03146335482597351,,,1.0,spike
518,50,scenario3_repeated_spike,SAC,150,119.72009750595447,1,0.15353458091125619,0.24282766472900497,0.5,0.5,-0.19818112282013056,-0.2027502804994583,0.026140708476305008,0.019307518377900124,,,1.0,spike
519,50,scenario3_repeated_spike,SAC,150,120.74808775535902,1,0.1539083955474033,0.24312671643792266,0.5,0.5,-0.19851755599266296,-0.2080337107181549,0.0038386317901313305,0.010853704065084457,,,1.0,spike
520,50,scenario3_repeated_spike,SAC,150,121.67327897982312,1,0.1542448287199357,0.24339586297594856,0.5,0.5,-0.19882034584794211,-0.11353502422571182,0.02184670977294445,0.038037896156311035,,,1.0,spike
521,50,scenario3_repeated_spike,SAC,150,122.5059510818408,1,0.15454761857521482,0.24363809486017185,0.5,0.5,-0.19909285671769333,-0.17149120569229126,0.023815490305423737,0.027667995542287827,,,1.0,spike
522,50,scenario3_repeated_spike,SAC,150,123.25535597365672,1,0.1548201294449661,0.24385610355597287,0.5,0.5,-0.19933811650046948,-0.17737454175949097,0.03616351634263992,0.0436754934489727,,,1.0,spike
523,50,scenario3_repeated_spike,SAC,150,123.92982037629105,1,0.15506538922774218,0.24405231138219374,0.5,0.5,-0.19955885030496795,-0.20297972857952118,0.0015030978247523308,0.009849859401583672,,,1.0,spike
524,50,scenario3_repeated_spike,SAC,150,124.53683833866194,1,0.1552861230322407,0.2442288984257926,0.5,0.5,-0.19975751072901665,-0.2234443575143814,0.005342372227460146,0.008801276795566082,,,1.0,spike
525,50,scenario3_repeated_spike,SAC,150,125.08315450479574,1,0.15548478345628935,0.2443878267650315,0.5,0.5,-0.19993630511066043,-0.21768295764923096,0.01613660529255867,0.014935815706849098,,,1.0,spike
526,50,scenario3_repeated_spike,SAC,150,125.57483905431616,1,0.15566357783793314,0.24453086227034654,0.5,0.5,-0.20009722005413982,-0.22061890363693237,0.008001336827874184,0.00986811425536871,,,1.0,spike
527,50,scenario3_repeated_spike,SAC,150,126.01735514888455,1,0.15582449278141255,0.24465959422513006,0.5,0.5,-0.2002420435032713,-0.21184910833835602,0.0035388555843383074,0.009061301127076149,,,1.0,spike
528,50,scenario3_repeated_spike,SAC,150,126.4156196339961,1,0.15596931623054403,0.24477545298443523,0.5,0.5,-0.20037238460748963,-0.20838554203510284,0.001321418327279389,0.008389266207814217,,,1.0,spike
529,50,scenario3_repeated_spike,SAC,150,126.7740576705965,1,0.15609965733476236,0.2448797258678099,0.5,0.5,-0.20048969160128613,-0.18984733521938324,0.006521753501147032,0.016125410795211792,,,1.0,spike
530,50,scenario3_repeated_spike,SAC,150,127.09665190353684,1,0.15621696432855886,0.2449735714628471,0.5,0.5,-0.20059526789570298,-0.18946152925491333,0.004724262747913599,0.015173681080341339,,,1.0,spike
531,50,scenario3_repeated_spike,SAC,150,127.38698671318315,1,0.1563225406229757,0.2450580324983806,0.5,0.5,-0.20069028656067817,-0.18787816166877747,0.0024428379256278276,0.012552420608699322,,,1.0,spike
532,50,scenario3_repeated_spike,SAC,150,127.64828804186482,1,0.15641755928795084,0.2451340474303607,0.5,0.5,-0.2007758033591558,-0.1852390021085739,0.002284834161400795,0.011789539828896523,,,1.0,spike
533,50,scenario3_repeated_spike,SAC,150,127.88345923767832,1,0.1565030760864285,0.24520246086914282,0.5,0.5,-0.20085276847778566,-0.1924191415309906,0.0018059490248560905,0.013160862028598785,,,1.0,spike
534,50,scenario3_repeated_spike,SAC,150,128.09511331391047,1,0.15658004120505836,0.2452640329640467,0.5,0.5,-0.20092203708455253,-0.22656987607479095,0.0004930120194330812,0.009133306331932545,,,1.0,spike
535,50,scenario3_repeated_spike,SAC,150,128.28560198251944,1,0.15664930981182526,0.24531944784946025,0.5,0.5,-0.20098437883064274,-0.18458177149295807,0.014015456661581993,0.021291475743055344,,,1.0,spike
536,50,scenario3_repeated_spike,SAC,150,128.45704178426752,1,0.15671165155791544,0.24536932124633237,0.5,0.5,-0.2010404864021239,-0.177911639213562,0.008140234276652336,0.018683480098843575,,,1.0,spike
537,50,scenario3_repeated_spike,SAC,150,128.6113376058408,1,0.15676775912939664,0.24541420730351732,0.5,0.5,-0.20109098321645696,-0.16175225377082825,0.019691605120897293,0.025418829172849655,,,1.0,spike
538,50,scenario3_repeated_spike,SAC,150,128.7502038452567,1,0.1568182559437297,0.24545460475498376,0.5,0.5,-0.20113643034935674,-0.14609138667583466,0.00037778413388878107,0.007009407505393028,,,1.0,spike
539,50,scenario3_repeated_spike,SAC,150,128.87518346073102,1,0.15686370307662947,0.24549096246130359,0.5,0.5,-0.20117733276896654,-0.14539778232574463,0.017943307757377625,0.02851644530892372,,,1.0,spike
540,50,scenario3_repeated_spike,SAC,150,128.98766511465794,1,0.15690460549623925,0.2455236843969914,0.5,0.5,-0.20121414494661533,-0.16107039153575897,0.020790133625268936,0.028852686285972595,,,1.0,spike
541,50,scenario3_repeated_spike,SAC,150,129.08889860319215,1,0.15694141767388806,0.24555313413911045,0.5,0.5,-0.20124727590649927,-0.19190029799938202,0.013127829879522324,0.021175988018512726,,,1.0,spike
542,50,scenario3_repeated_spike,SAC,150,129.18000874287293,1,0.15697454863377197,0.24557963890701762,0.5,0.5,-0.2012770937703948,-0.19599103927612305,0.0017542350105941296,0.013281338848173618,,,1.0,spike
543,50,scenario3_repeated_spike,SAC,150,129.26200786858564,1,0.1570043664976675,0.24560349319813402,0.5,0.5,-0.20130392984790074,-0.20055249333381653,0.009963415563106537,0.020832523703575134,,,1.0,spike
544,50,scenario3_repeated_spike,SAC,150,129.33580708172707,1,0.15703120257517347,0.24562496206013879,0.5,0.5,-0.20132808231765614,-0.17382748425006866,0.04157304763793945,0.046943530440330505,,,1.0,spike
545,50,scenario3_repeated_spike,SAC,150,129.40222637355436,1,0.15705535504492887,0.24564428403594313,0.5,0.5,-0.20134981954043601,-0.2086876779794693,0.02010313794016838,0.025008585304021835,,,1.0,spike
546,50,scenario3_repeated_spike,SAC,150,129.46200373619894,1,0.1570770922677087,0.24566167381416698,0.5,0.5,-0.20136938304093782,-0.14061030745506287,0.012668916955590248,0.03019775077700615,,,1.0,spike
547,50,scenario3_repeated_spike,SAC,150,129.51580336257905,1,0.15709665576821055,0.24567732461456848,0.5,0.5,-0.2013869901913895,-0.20189478993415833,0.0033094235695898533,0.012179382145404816,,,1.0,spike
548,50,scenario3_repeated_spike,SAC,150,129.56422302632114,1,0.15711426291866223,0.2456914103349298,0.5,0.5,-0.20140283662679603,-0.15564055740833282,0.013911948539316654,0.028083868324756622,,,1.0,spike
549,50,scenario3_repeated_spike,SAC,150,129.60780072368902,1,0.15713010935406874,0.245704087483255,0.5,0.5,-0.20141709841866187,-0.20315712690353394,0.005213832017034292,0.014981569722294807,,,1.0,spike
550,50,scenario3_repeated_spike,SAC,150,129.64702065132013,1,0.15714437114593457,0.24571549691674766,0.5,0.5,-0.20142993403134113,-0.19615080952644348,0.0040981220081448555,0.012226596474647522,,,1.0,spike
551,50,scenario3_repeated_spike,SAC,150,129.6823185861881,1,0.15715720675861386,0.24572576540689112,0.5,0.5,-0.20144148608275247,-0.14701318740844727,0.007520353887230158,0.025963515043258667,,,1.0,spike
552,50,scenario3_repeated_spike,SAC,150,129.71408672756928,1,0.1571687588100252,0.2457350070480202,0.5,0.5,-0.20145188292902272,-0.16799592971801758,0.0019304431043565273,0.012079987674951553,,,1.0,spike
553,50,scenario3_repeated_spike,SAC,150,129.74267805481236,1,0.1571791556562954,0.24574332452503633,0.5,0.5,-0.20146124009066585,-0.11527862399816513,0.006692645605653524,0.023338060826063156,,,1.0,spike
554,50,scenario3_repeated_spike,SAC,150,129.7684102493311,1,0.15718851281793858,0.24575081025435086,0.5,0.5,-0.2014696615361447,-0.18291562795639038,0.0046461899764835835,0.01634368859231472,,,1.0,spike
555,50,scenario3_repeated_spike,SAC,150,129.79156922439802,1,0.15719693426341746,0.24575754741073397,0.5,0.5,-0.20147724083707572,-0.16659818589687347,0.012698458507657051,0.02764495089650154,,,1.0,spike
556,50,scenario3_repeated_spike,SAC,150,129.8124123019582,1,0.15720451356434845,0.2457636108514788,0.5,0.5,-0.20148406220791362,-0.15592561662197113,0.003189890878275037,0.018227968364953995,,,1.0,spike
557,50,scenario3_repeated_spike,SAC,150,129.83117107176238,1,0.15721133493518633,0.24576906794814907,0.5,0.5,-0.20149020144166768,-0.16120368242263794,0.019252384081482887,0.03247635439038277,,,1.0,spike
558,50,scenario3_repeated_spike,SAC,150,129.84805396458614,1,0.1572174741689404,0.24577397933515233,0.5,0.5,-0.20149572675204636,-0.1889761984348297,0.0012856151442974806,0.011384649202227592,,,1.0,spike
559,50,scenario3_repeated_spike,SAC,150,129.86324856812752,1,0.1572229994793191,0.24577839958345526,0.5,0.5,-0.20150069953138716,-0.14061711728572845,0.0044978344812989235,0.019062405452132225,,,1.0,spike
560,50,scenario3_repeated_spike,SAC,150,129.87692371131476,1,0.15722797225865992,0.24578237780692797,0.5,0.5,-0.20150517503279394,-0.10868408530950546,0.009986896999180317,0.03152047470211983,,,1.0,spike
561,50,scenario3_repeated_spike,SAC,150,129.8892313401833,1,0.15723244776006667,0.24578595820805338,0.5,0.5,-0.20150920298406003,-0.15784819424152374,0.003020926844328642,0.016419153660535812,,,1.0,spike
562,50,scenario3_repeated_spike,SAC,150,129.900308206165,1,0.15723647571133273,0.24578918056906618,0.5,0.5,-0.20151282814019944,-0.16723190248012543,0.0036447900347411633,0.020125318318605423,,,1.0,spike
563,50,scenario3_repeated_spike,SAC,150,129.9102773855485,1,0.1572401008674722,0.2457920806939778,0.5,0.5,-0.201516090780725,-0.17567996680736542,0.006931516341865063,0.02436482347548008,,,1.0,spike
564,50,scenario3_repeated_spike,SAC,150,129.91924964699365,1,0.1572433635079977,0.24579469080639815,0.5,0.5,-0.20151902715719794,-0.11425192654132843,0.003497148398309946,0.021061759442090988,,,1.0,spike
565,50,scenario3_repeated_spike,SAC,150,129.92732468229428,1,0.15724629988447064,0.2457970399075765,0.5,0.5,-0.20152166989602358,-0.17450395226478577,0.0017731159459799528,0.012052018195390701,,,1.0,spike
566,50,scenario3_repeated_spike,SAC,150,129.93459221406488,1,0.1572489426232963,0.24579915409863706,0.5,0.5,-0.20152404836096668,-0.128368079662323,0.01169466320425272,0.028779515996575356,,,1.0,spike
567,50,scenario3_repeated_spike,SAC,150,129.9411329926584,1,0.15725132108823942,0.24580105687059156,0.5,0.5,-0.2015261889794155,-0.20151573419570923,0.0015699577052146196,0.010414744727313519,,,1.0,spike
568,50,scenario3_repeated_spike,SAC,150,129.94701969339258,1,0.15725346170668822,0.24580276936535062,0.5,0.5,-0.2015281155360194,-0.1573290377855301,0.002516640815883875,0.015459495596587658,,,1.0,spike
569,50,scenario3_repeated_spike,SAC,150,129.95231772405333,1,0.15725538826329213,0.24580431061063374,0.5,0.5,-0.20152984943696295,-0.14742517471313477,0.004654073156416416,0.019878273829817772,,,1.0,spike
570,50,scenario3_repeated_spike,SAC,150,129.957085951648,1,0.15725712216423562,0.2458056977313885,0.5,0.5,-0.20153140994781205,-0.03373918682336807,0.004251812119036913,0.023951159790158272,,,1.0,spike
571,50,scenario3_repeated_spike,SAC,150,129.96137735648318,1,0.1572586826750848,0.24580694614006787,0.5,0.5,-0.20153281440757634,-0.13436704874038696,0.004805685020983219,0.019388725981116295,,,1.0,spike
572,50,scenario3_repeated_spike,SAC,150,129.96523962083486,1,0.15726008713484904,0.24580806970787927,0.5,0.5,-0.20153407842136417,-0.11083102226257324,0.009523270651698112,0.02870793081820011,,,1.0,spike
573,50,scenario3_repeated_spike,SAC,150,129.96871565875136,1,0.15726135114863687,0.24580908091890952,0.5,0.5,-0.2015352160337732,-0.14223425090312958,0.003889288753271103,0.017750591039657593,,,1.0,spike
574,50,scenario3_repeated_spike,SAC,150,129.9718440928762,1,0.1572624887610459,0.24580999100883671,0.5,0.5,-0.2015362398849413,-0.16011065244674683,0.002064686268568039,0.01402712520211935,,,1.0,spike
575,50,scenario3_repeated_spike,SAC,150,129.97465968358858,1,0.15726351261221402,0.24581081008977124,0.5,0.5,-0.20153716135099264,-0.12232352793216705,0.005696740932762623,0.02524411864578724,,,1.0,spike
576,50,scenario3_repeated_spike,SAC,150,129.97719371522973,1,0.15726443407826537,0.24581154726261234,0.5,0.5,-0.20153799067043887,-0.17250622808933258,0.001485559856519103,0.009298339486122131,,,1.0,spike
577,50,scenario3_repeated_spike,SAC,150,129.97947434370676,1,0.15726526339771155,0.24581221071816928,0.5,0.5,-0.2015387370579404,-0.12081487476825714,0.006785874255001545,0.023801090195775032,,,1.0,spike
578,50,scenario3_repeated_spike,SAC,150,129.98152690933608,1,0.15726600978521313,0.2458128078281705,0.5,0.5,-0.2015394088066918,-0.08755284547805786,0.01279059611260891,0.03274908661842346,,,1.0,spike
579,50,scenario3_repeated_spike,SAC,150,129.98337421840247,1,0.15726668153396453,0.24581334522717163,0.5,0.5,-0.2015400133805681,-0.184964120388031,0.0032240545842796564,0.014593596570193768,,,1.0,spike
580,50,scenario3_repeated_spike,SAC,150,129.9850367965622,1,0.1572672861078408,0.24581382888627268,0.5,0.5,-0.20154055749705674,-0.1456383764743805,0.0022649234160780907,0.01300671137869358,,,1.0,spike
581,50,scenario3_repeated_spike,SAC,150,129.986533116906,1,0.15726783022432947,0.24581426417946362,0.5,0.5,-0.20154104720189653,-0.1418139785528183,0.003010651795193553,0.015195316635072231,,,1.0,spike
582,50,scenario3_repeated_spike,SAC,150,129.9878798052154,1,0.15726831992916926,0.2458146559433354,0.5,0.5,-0.20154148793625232,-0.0885455459356308,0.001976100727915764,0.014535211026668549,,,1.0,spike
583,50,scenario3_repeated_spike,SAC,150,129.98909182469387,1,0.15726876066352505,0.24581500853082006,0.5,0.5,-0.20154188459717254,-0.0738079696893692,0.007825282402336597,0.028886258602142334,,,1.0,spike
584,50,scenario3_repeated_spike,SAC,150,129.99018264222448,1,0.15726915732444527,0.24581532585955623,0.5,0.5,-0.20154224159200074,-0.11551377922296524,0.007777289487421513,0.025310780853033066,,,1.0,spike
585,50,scenario3_repeated_spike,SAC,150,129.99116437800205,1,0.15726951431927347,0.2458156114554188,0.5,0.5,-0.20154256288734612,-0.10987912863492966,0.0029175495728850365,0.01712688058614731,,,1.0,spike
586,50,scenario3_repeated_spike,SAC,150,129.99204794020187,1,0.15726983561461885,0.24581586849169512,0.5,0.5,-0.20154285205315697,-0.1817810833454132,0.0020628792699426413,0.011497991159558296,,,1.0,spike
587,50,scenario3_repeated_spike,SAC,150,129.99284314618168,1,0.1572701247804297,0.24581609982434377,0.5,0.5,-0.20154311230238675,-0.17362192273139954,0.005536660086363554,0.019836386665701866,,,1.0,spike
588,50,scenario3_repeated_spike,SAC,150,129.99355883156352,1,0.15727038502965948,0.24581630802372761,0.5,0.5,-0.20154334652669353,-0.14304950833320618,0.0030143349431455135,0.015990035608410835,,,1.0,spike
589,50,scenario3_repeated_spike,SAC,150,129.99420294840718,1,0.15727061925396627,0.24581649540317302,0.5,0.5,-0.20154355732856966,-0.15065667033195496,0.004307040944695473,0.018001103773713112,,,1.0,spike
590,50,scenario3_repeated_spike,SAC,150,129.99478265356646,1,0.15727083005584233,0.2458166640446739,0.5,0.5,-0.20154374705025813,-0.11741533875465393,0.0031936916057020426,0.018013298511505127,,,1.0,spike
591,50,scenario3_repeated_spike,SAC,150,129.99530438820983,1,0.15727101977753086,0.2458168158220247,0.5,0.5,-0.20154391779977776,-0.15329810976982117,0.0026267128996551037,0.01455208845436573,,,1.0,spike
592,50,scenario3_repeated_spike,SAC,150,129.99577394938885,1,0.1572711905270505,0.24581695242164042,0.5,0.5,-0.20154407147434544,-0.16646060347557068,0.003478032536804676,0.014356951229274273,,,1.0,spike
593,50,scenario3_repeated_spike,SAC,150,129.99619655444997,1,0.15727134420161817,0.24581707536129455,0.5,0.5,-0.20154420978145637,-0.15762923657894135,0.005431949160993099,0.018549690023064613,,,1.0,spike
594,50,scenario3_repeated_spike,SAC,150,129.996576899005,1,0.15727148250872908,0.24581718600698327,0.5,0.5,-0.20154433425785617,-0.1423676609992981,0.0030088811181485653,0.014745272696018219,,,1.0,spike
595,50,scenario3_repeated_spike,SAC,150,129.99691920910448,1,0.1572716069851289,0.24581728558810312,0.5,0.5,-0.201544446286616,-0.11003844439983368,0.0029976172372698784,0.016634289175271988,,,1.0,spike
596,50,scenario3_repeated_spike,SAC,150,129.99722728819404,1,0.15727171901388876,0.24581737521111102,0.5,0.5,-0.2015445471124999,-0.07393118739128113,0.0077772061340510845,0.03148817643523216,,,1.0,spike
597,50,scenario3_repeated_spike,SAC,150,129.99750455937465,1,0.15727181983977262,0.24581745587181814,0.5,0.5,-0.20154463785579538,-0.13142472505569458,0.0009661003714427352,0.010551010258495808,,,1.0,spike
598,50,scenario3_repeated_spike,SAC,150,129.9977541034372,1,0.15727191058306808,0.2458175284664545,0.5,0.5,-0.20154471952476127,-0.13996146619319916,0.0056046489626169205,0.02224767580628395,,,1.0,spike
599,50,scenario3_repeated_spike,SAC,150,129.99797869309347,1,0.157271992252034,0.2458175938016272,0.5,0.5,-0.2015447930268306,-0.13286706805229187,0.01323510892689228,0.035093072801828384,,,1.0,spike
600,50,scenario3_repeated_spike,SAC,150,129.99818082378414,1,0.15727206575410332,0.2458176526032827,0.5,0.5,-0.20154485917869303,-0.14716872572898865,0.0043346998281776905,0.018753482028841972,,,1.0,spike
601,50,scenario3_repeated_spike,SAC,150,129.99836274140574,1,0.15727213190596573,0.2458177055247726,0.5,0.5,-0.20154491871536917,-0.12798403203487396,0.001156712882220745,0.011293856427073479,,,1.0,spike
602,50,scenario3_repeated_spike,SAC,150,129.99852646726515,1,0.15727219144264187,0.24581775315411353,0.5,0.5,-0.2015449722983777,-0.11525486409664154,0.001857864554040134,0.014507581479847431,,,1.0,spike
603,50,scenario3_repeated_spike,SAC,150,135.99867382053864,0,0.1649991711378367,0.5639986738205387,0.5,0.5,-0.3644989224791877,-0.12567536532878876,0.0038621369749307632,0.015237557701766491,,,1.0,spike
604,50,scenario3_repeated_spike,SAC,150,135.39880643848477,1,0.15923592961399446,0.24738874369119557,0.5,0.5,-0.20331233665259502,-0.126479372382164,0.00392755214124918,0.016550589352846146,,,1.0,spike
605,50,scenario3_repeated_spike,SAC,150,134.8589257946363,1,0.15903960937986775,0.24723168750389424,0.5,0.5,-0.20313564844188098,-0.19572603702545166,0.0022272567730396986,0.008298764005303383,,,1.0,spike
606,50,scenario3_repeated_spike,SAC,150,134.37303321517265,1,0.15886292116915368,0.24709033693532295,0.5,0.5,-0.20297662905223832,-0.13554072380065918,0.0003231647424399853,0.006473680958151817,,,1.0,spike
607,50,scenario3_repeated_spike,SAC,150,133.93572989365538,1,0.15870390177951105,0.24696312142360888,0.5,0.5,-0.20283351160155996,-0.14100809395313263,0.0026256314013153315,0.014591711573302746,,,1.0,spike
608,50,scenario3_repeated_spike,SAC,150,133.54215690428984,1,0.15856078432883267,0.24684862746306613,0.5,0.5,-0.2027047058959494,-0.12799082696437836,0.002103209961205721,0.012878566049039364,,,1.0,spike
609,50,scenario3_repeated_spike,SAC,150,139.18794121386085,0,0.16699246325866304,0.5671879412138608,0.5,0.5,-0.36709020223626193,-0.13305708765983582,0.0008730697445571423,0.009970120154321194,,,1.0,spike
610,50,scenario3_repeated_spike,SAC,150,144.26914709247478,0,0.17016821693279674,0.5722691470924748,0.5,0.5,-0.37121868201263575,-0.06867136806249619,0.0005239617894403636,0.00798814557492733,,,1.0,spike
611,50,scenario3_repeated_spike,SAC,150,142.8422323832273,1,0.1619426299575372,0.24955410396602978,0.5,0.5,-0.2057483669617835,-0.11588393151760101,0.006624921690672636,0.021530993282794952,,,1.0,spike
612,50,scenario3_repeated_spike,SAC,150,141.55800914490456,1,0.16147563968905623,0.249180511751245,0.5,0.5,-0.2053280757201506,-0.11904286593198776,0.01036093384027481,0.027862492948770523,,,1.0,spike
613,50,scenario3_repeated_spike,SAC,150,140.4022082304141,1,0.1610553484474233,0.24884427875793869,0.5,0.5,-0.204949813602681,-0.010331934317946434,0.0030915909446775913,0.015567281283438206,,,1.0,spike
614,50,scenario3_repeated_spike,SAC,150,145.36198740737268,0,0.17085124212960795,0.5733619874073728,0.5,0.5,-0.3721066147684904,-0.09839379042387009,0.011467266827821732,0.030711404979228973,,,1.0,spike
615,50,scenario3_repeated_spike,SAC,150,149.82578866663542,0,0.17364111791664716,0.5778257886666355,0.5,0.5,-0.3757334532916413,-0.14028115570545197,0.018835188820958138,0.032348573207855225,,,1.0,spike
616,50,scenario3_repeated_spike,SAC,150,153.84320979997187,0,0.17615200612498244,0.581843209799972,0.5,0.5,-0.37899760796247717,-0.06962154060602188,0.025323281064629555,0.044422928243875504,,,1.0,spike
617,50,scenario3_repeated_spike,SAC,150,157.4588888199747,0,0.1784118055124842,0.5854588888199748,0.5,0.5,-0.38193534716622946,0.01902959682047367,0.00581775140017271,0.027104534208774567,,,1.0,spike
618,50,scenario3_repeated_spike,SAC,150,160.71299993797723,0,0.18044562496123578,0.5887129999379772,0.5,0.5,-0.3845793124496065,0.028942734003067017,0.011822110041975975,0.030360203236341476,,,1.0,spike
619,50,scenario3_repeated_spike,SAC,150,157.64169994417952,1,0.1673242545251562,0.253859403620125,0.5,0.5,-0.2105918290726406,0.004687870852649212,0.03157781809568405,0.055842697620391846,,,1.0,spike
620,50,scenario3_repeated_spike,SAC,150,160.87752994976157,0,0.180548456218601,0.5888775299497616,0.5,0.5,-0.3847129930841813,-0.01879645138978958,0.02174794301390648,0.043605104088783264,,,1.0,spike
621,50,scenario3_repeated_spike,SAC,150,157.78977695478542,1,0.16737810071083106,0.2539024805686649,0.5,0.5,-0.21064029063974798,-0.01067094411700964,0.01343558169901371,0.03906683623790741,,,1.0,spike
622,50,scenario3_repeated_spike,SAC,150,155.01079925930688,1,0.1663675633670207,0.25309405069361657,0.5,0.5,-0.20973080703031863,-0.15840980410575867,0.006708743050694466,0.019467471167445183,,,1.0,spike
623,50,scenario3_repeated_spike,SAC,150,152.50971933337618,1,0.16545807975759133,0.2523664638060731,0.5,0.5,-0.2089122717818322,-0.06507676839828491,0.015355003997683525,0.04442913830280304,,,1.0,spike
624,50,scenario3_repeated_spike,SAC,150,150.25874740003857,1,0.16463954450910492,0.25171163560728393,0.5,0.5,-0.20817559005819442,-0.15485846996307373,0.01451160665601492,0.02982848323881626,,,1.0,spike
625,50,scenario3_repeated_spike,SAC,150,148.23287266003473,1,0.16390286278546717,0.25112229022837373,0.5,0.5,-0.20751257650692045,-0.1012999564409256,0.030804799869656563,0.057507455348968506,,,1.0,spike
626,50,scenario3_repeated_spike,SAC,150,146.40958539403127,1,0.16323984923419319,0.25059187938735455,0.5,0.5,-0.20691586431077386,-0.03415825963020325,0.019386842846870422,0.0493595190346241,,,1.0,spike
627,50,scenario3_repeated_spike,SAC,150,144.76862685462814,1,0.16264313703804661,0.2501145096304373,0.5,0.5,-0.20637882333424196,-0.058858536183834076,0.007856842130422592,0.025146378204226494,,,1.0,spike
628,50,scenario3_repeated_spike,SAC,150,143.29176416916533,1,0.16210609606151466,0.24968487684921176,0.5,0.5,-0.2058954864553632,0.00790964625775814,0.011733043007552624,0.03691853955388069,,,1.0,spike
629,50,scenario3_repeated_spike,SAC,150,141.9625877522488,1,0.16162275918263594,0.24929820734610875,0.5,0.5,-0.20546048326437233,0.05283530429005623,0.026374466717243195,0.051523949950933456,,,1.0,spike
630,50,scenario3_repeated_spike,SAC,150,140.76632897702393,1,0.1611877559916451,0.2489502047933161,0.5,0.5,-0.2050689803924806,-0.017682109028100967,0.021584343165159225,0.04361888766288757,,,1.0,spike
631,50,scenario3_repeated_spike,SAC,150,139.68969607932155,1,0.1607962531197533,0.24863700249580267,0.5,0.5,-0.204716627807778,-0.0770510584115982,0.007291067857295275,0.026734312996268272,,,1.0,spike
632,50,scenario3_repeated_spike,SAC,150,138.7207264713894,1,0.1604439005350507,0.2483551204280406,0.5,0.5,-0.20439951048154564,-0.13170798122882843,0.0009554541320540011,0.009158950299024582,,,1.0,spike
633,50,scenario3_repeated_spike,SAC,150,137.84865382425048,1,0.16012678320881837,0.2481014265670547,0.5,0.5,-0.20411410488793652,-0.01751081459224224,0.02964404970407486,0.052119068801403046,,,1.0,spike
634,50,scenario3_repeated_spike,SAC,150,137.06378844182544,1,0.15984137761520925,0.2478731020921674,0.5,0.5,-0.2038572398536883,-0.053826600313186646,0.01269858330488205,0.027112774550914764,,,1.0,spike
635,50,scenario3_repeated_spike,SAC,150,136.3574095976429,1,0.15958451258096104,0.24766761006476884,0.5,0.5,-0.20362606132286493,-0.026630887761712074,0.009911999106407166,0.024206610396504402,,,1.0,spike
636,50,scenario3_repeated_spike,SAC,150,135.72166863787862,1,0.15935333405013768,0.24748266724011014,0.5,0.5,-0.20341800064512391,-0.059706080704927444,0.004470878280699253,0.0200336966663599,,,1.0,spike
637,50,scenario3_repeated_spike,SAC,150,141.14950177409077,0,0.16821843860880675,0.5691495017740908,0.5,0.5,-0.36868397019144883,-0.14461955428123474,0.008573932573199272,0.025869326665997505,,,1.0,spike
638,50,scenario3_repeated_spike,SAC,150,140.0345515966817,1,0.16092165512606607,0.24873732410085286,0.5,0.5,-0.20482948961345948,-0.03747321665287018,0.02092706970870495,0.04245302081108093,,,1.0,spike
639,50,scenario3_repeated_spike,SAC,150,139.03109643701353,1,0.16055676234073218,0.2484454098725858,0.5,0.5,-0.20450108610665899,-0.034675709903240204,0.029352255165576935,0.049133460968732834,,,1.0,spike
640,50,scenario3_repeated_spike,SAC,150,138.12798679331217,1,0.16022835883393172,0.2481826870671454,0.5,0.5,-0.20420552295053856,-0.13317598402500153,0.015581333078444004,0.02352774515748024,,,1.0,spike
641,50,scenario3_repeated_spike,SAC,150,143.31518811398098,0,0.16957199257123812,0.571315188113981,0.5,0.5,-0.37044359034260954,-0.051730550825595856,0.012186408042907715,0.03232176974415779,,,1.0,spike
642,50,scenario3_repeated_spike,SAC,150,141.98366930258288,1,0.16163042520093926,0.24930434016075143,0.5,0.5,-0.20546738268084536,-0.10496367514133453,0.001632624538615346,0.0135685745626688,,,1.0,spike
643,50,scenario3_repeated_spike,SAC,150,146.7853023723246,0,0.17174081398270288,0.5747853023723246,0.5,0.5,-0.37326305817751376,-0.023595143109560013,0.015848109498620033,0.02690519392490387,,,1.0,spike
644,50,scenario3_repeated_spike,SAC,150,145.10677213509214,1,0.16276609895821534,0.2502128791665723,0.5,0.5,-0.20648948906239384,0.11664380133152008,0.016981473192572594,0.041801661252975464,,,1.0,spike
645,50,scenario3_repeated_spike,SAC,150,143.59609492158293,1,0.16221676178966654,0.24977340943173326,0.5,0.5,-0.2059950856106999,-0.023483140394091606,0.011046563275158405,0.028080636635422707,,,1.0,spike
646,50,scenario3_repeated_spike,SAC,150,142.23648542942465,1,0.1617223583379726,0.24937788667037808,0.5,0.5,-0.20555012250417534,-0.09641585499048233,0.00480934651568532,0.02049618400633335,,,1.0,spike
647,50,scenario3_repeated_spike,SAC,150,141.01283688648218,1,0.16127739523144807,0.24902191618515845,0.5,0.5,-0.20514965570830326,-0.11101415753364563,0.010876897722482681,0.0303373821079731,,,1.0,spike
648,50,scenario3_repeated_spike,SAC,150,139.91155319783397,1,0.16087692843557597,0.2487015427484608,0.5,0.5,-0.2047892355920184,-0.09872450679540634,0.02527022734284401,0.05368231236934662,,,1.0,spike
649,50,scenario3_repeated_spike,SAC,150,138.92039787805058,1,0.16051650831929112,0.24841320665543293,0.5,0.5,-0.20446485748736204,-0.13821889460086823,0.015248436480760574,0.03698641061782837,,,1.0,spike
650,50,scenario3_repeated_spike,SAC,150,138.02835809024552,1,0.16019213021463471,0.2481537041717078,0.5,0.5,-0.20417291719317127,0.015379255637526512,0.013210773468017578,0.036437444388866425,,,1.0,spike
651,50,scenario3_repeated_spike,SAC,150,137.22552228122098,1,0.15990018992044397,0.2479201519363552,0.5,0.5,-0.20391017092839958,0.017659716308116913,0.0116640105843544,0.034991536289453506,,,1.0,spike
652,50,scenario3_repeated_spike,SAC,150,136.50297005309886,1,0.1596374436556723,0.24770995492453785,0.5,0.5,-0.2036736992901051,0.04288072884082794,0.02512839436531067,0.058564912527799606,,,1.0,spike
653,50,scenario3_repeated_spike,SAC,150,135.85267304778898,1,0.15940097201737782,0.2475207776139023,0.5,0.5,-0.20346087481564007,-0.07696317136287689,0.010557355359196663,0.028993360698223114,,,1.0,spike
654,50,scenario3_repeated_spike,SAC,150,135.2674057430101,1,0.15918814754291277,0.24735051803433022,0.5,0.5,-0.2032693327886215,-0.13513533771038055,0.0057572186924517155,0.023087073117494583,,,1.0,spike
655,50,scenario3_repeated_spike,SAC,150,134.74066516870909,1,0.1589966055158942,0.24719728441271538,0.5,0.5,-0.2030969449643048,-0.03228054195642471,0.023228980600833893,0.059672873467206955,,,1.0,spike
656,50,scenario3_repeated_spike,SAC,150,134.2665986518382,1,0.1588242176915775,0.247059374153262,0.5,0.5,-0.20294179592241976,-0.019910205155611038,0.020722810178995132,0.04885098338127136,,,1.0,spike
657,50,scenario3_repeated_spike,SAC,150,133.8399387866544,1,0.15866906864969252,0.24693525491975404,0.5,0.5,-0.20280216178472327,0.009743365459144115,0.019626490771770477,0.04878588393330574,,,1.0,spike
658,50,scenario3_repeated_spike,SAC,150,133.45594490798896,1,0.158529434511996,0.2468235476095968,0.5,0.5,-0.20267649106079638,-0.05692306533455849,0.009460322558879852,0.033431489020586014,,,1.0,spike
659,50,scenario3_repeated_spike,SAC,150,133.1103504171901,1,0.1584037637880691,0.2467230110304553,0.5,0.5,-0.20256338740926222,-0.05330083519220352,0.004810485057532787,0.022575225681066513,,,1.0,spike
660,50,scenario3_repeated_spike,SAC,150,132.79931537547108,1,0.15829066013653495,0.24663252810922798,0.5,0.5,-0.20246159412288145,-0.011330632492899895,0.014581436291337013,0.04285026714205742,,,1.0,spike
661,50,scenario3_repeated_spike,SAC,150,132.51938383792398,1,0.15818886685015418,0.24655109348012338,0.5,0.5,-0.2023699801651388,-0.004677820019423962,0.031287845224142075,0.0636068657040596,,,1.0,spike
662,50,scenario3_repeated_spike,SAC,150,132.26744545413158,1,0.1580972528924115,0.24647780231392924,0.5,0.5,-0.20228752760317037,-0.06983006000518799,0.007049249485135078,0.024171018972992897,,,1.0,spike
663,50,scenario3_repeated_spike,SAC,150,132.0407009087184,1,0.15801480033044307,0.24641184026435448,0.5,0.5,-0.20221332029739877,-0.028636567294597626,0.008279058150947094,0.03140892833471298,,,1.0,spike
664,50,scenario3_repeated_spike,SAC,150,131.83663081784658,1,0.15794059302467148,0.24635247441973718,0.5,0.5,-0.2021465337222043,-0.09753155708312988,0.010915761813521385,0.03259244188666344,,,1.0,spike
665,50,scenario3_repeated_spike,SAC,150,131.65296773606192,1,0.15787380644947707,0.24629904515958168,0.5,0.5,-0.20208642580452937,-0.008213873021304607,0.00987972691655159,0.03913087397813797,,,1.0,spike
666,50,scenario3_repeated_spike,SAC,150,131.48767096245575,1,0.1578136985318021,0.24625095882544168,0.5,0.5,-0.2020323286786219,-0.06046505644917488,0.008389083668589592,0.023186130449175835,,,1.0,spike
667,50,scenario3_repeated_spike,SAC,150,131.33890386621016,1,0.15775960140589462,0.2462076811247157,0.5,0.5,-0.20198364126530516,0.049432095140218735,0.01699904166162014,0.052434202283620834,,,1.0,spike
668,50,scenario3_repeated_spike,SAC,150,131.20501347958913,1,0.15771091399257786,0.2461687311940623,0.5,0.5,-0.20193982259332008,0.044951748102903366,0.013566948473453522,0.048063747584819794,,,1.0,spike
669,50,scenario3_repeated_spike,SAC,150,131.08451213163022,1,0.1576670953205928,0.24613367625647425,0.5,0.5,-0.20190038578853353,-0.012685809284448624,0.009728256613016129,0.03566908836364746,,,1.0,spike
670,50,scenario3_repeated_spike,SAC,150,130.9760609184672,1,0.15762765851580626,0.24610212681264504,0.5,0.5,-0.20186489266422564,-0.07777776569128036,0.008526881225407124,0.02798820100724697,,,1.0,spike
671,50,scenario3_repeated_spike,SAC,150,130.8784548266205,1,0.15759216539149837,0.24607373231319873,0.5,0.5,-0.20183294885234854,-0.07519674301147461,0.005442831665277481,0.02706233412027359,,,1.0,spike
672,50,scenario3_repeated_spike,SAC,150,130.79060934395847,1,0.15756022157962124,0.246048177263697,0.5,0.5,-0.20180419942165911,-0.08036331832408905,0.002511582337319851,0.017650190740823746,,,1.0,spike
673,50,scenario3_repeated_spike,SAC,150,130.71154840956262,1,0.15753147214893187,0.2460251777191455,0.5,0.5,-0.2017783249340387,-0.024449214339256287,0.00945424847304821,0.03488451987504959,,,1.0,spike
674,50,scenario3_repeated_spike,SAC,150,130.64039356860638,1,0.15750559766131142,0.24600447812904913,0.5,0.5,-0.2017550378951803,-0.005214806646108627,0.010180588811635971,0.03732238709926605,,,1.0,spike
675,50,scenario3_repeated_spike,SAC,150,130.57635421174575,1,0.157482310622453,0.2459858484979624,0.5,0.5,-0.2017340795602077,0.07824526727199554,0.008806207217276096,0.03782384842634201,,,1.0,spike
676,50,scenario3_repeated_spike,SAC,150,130.5187187905712,1,0.15746135228748043,0.24596908182998434,0.5,0.5,-0.20171521705873238,-0.0821773111820221,0.007577311713248491,0.027959488332271576,,,1.0,spike
677,50,scenario3_repeated_spike,SAC,150,130.4668469115141,1,0.15744248978600514,0.24595399182880412,0.5,0.5,-0.20169824080740462,-0.0775231420993805,0.006149280816316605,0.028510496020317078,,,1.0,spike
678,50,scenario3_repeated_spike,SAC,150,130.42016222036267,1,0.15742551353467732,0.24594041082774187,0.5,0.5,-0.2016829621812096,-0.02921193838119507,0.00501001812517643,0.02460552006959915,,,1.0,spike
679,50,scenario3_repeated_spike,SAC,150,130.3781459983264,1,0.15741023490848233,0.2459281879267859,0.5,0.5,-0.2016692114176341,-0.09934450685977936,0.0064954995177686214,0.024640604853630066,,,1.0,spike
680,50,scenario3_repeated_spike,SAC,150,130.34033139849376,1,0.15739648414490684,0.2459171873159255,0.5,0.5,-0.20165683573041615,0.003069724887609482,0.008961274288594723,0.035825349390506744,,,1.0,spike
681,50,scenario3_repeated_spike,SAC,150,130.3062982586444,1,0.15738410845768888,0.24590728676615115,0.5,0.5,-0.20164569761192003,0.037688471376895905,0.006831549108028412,0.031784944236278534,,,1.0,spike
682,50,scenario3_repeated_spike,SAC,150,130.27566843277998,1,0.15737297033919273,0.2458983762713542,0.5,0.5,-0.20163567330527346,0.021058358252048492,0.00923593807965517,0.03939097374677658,,,1.0,spike
683,50,scenario3_repeated_spike,SAC,150,130.24810158950197,1,0.15736294603254616,0.24589035682603694,0.5,0.5,-0.20162665142929154,-0.023757431656122208,0.008214137516915798,0.03325871750712395,,,1.0,spike
684,50,scenario3_repeated_spike,SAC,150,130.2232914305518,1,0.1573539241565643,0.24588313932525147,0.5,0.5,-0.20161853174090788,0.022463390603661537,0.011106396093964577,0.04095657169818878,,,1.0,spike
685,50,scenario3_repeated_spike,SAC,150,136.20096228749662,0,0.1651256014296854,0.5642009622874966,0.5,0.5,-0.364663281858591,0.06054689735174179,0.01936035230755806,0.053286515176296234,,,1.0,spike
686,50,scenario3_repeated_spike,SAC,150,135.58086605874695,1,0.15930213311227162,0.24744170648981734,0.5,0.5,-0.20337191980104447,-0.05594490468502045,0.008263303898274899,0.03382111340761185,,,1.0,spike
687,50,scenario3_repeated_spike,SAC,150,135.02277945287227,1,0.1590991925283172,0.24727935402265377,0.5,0.5,-0.20318927327548547,-0.06512302905321121,0.0017438053619116545,0.01595599204301834,,,1.0,spike
688,50,scenario3_repeated_spike,SAC,150,134.52050150758504,1,0.1589165460027582,0.24713323680220656,0.5,0.5,-0.20302489140248237,-0.006669596768915653,0.0063637858256697655,0.031620223075151443,,,1.0,spike
689,50,scenario3_repeated_spike,SAC,150,140.06845135682653,0,0.1675427820980166,0.5680684513568266,0.5,0.5,-0.3678056167274216,-0.06120651960372925,0.005604933016002178,0.023680003359913826,,,1.0,spike
690,50,scenario3_repeated_spike,SAC,150,139.06160622114388,1,0.16056785680768867,0.24845428544615095,0.5,0.5,-0.2045110711269198,0.03222106769680977,0.014247309416532516,0.04785295948386192,,,1.0,spike
691,50,scenario3_repeated_spike,SAC,150,138.1554455990295,1,0.16023834385419256,0.24819067508335407,0.5,0.5,-0.20421450946877331,-0.08462593704462051,0.010692374780774117,0.030400153249502182,,,1.0,spike
692,50,scenario3_repeated_spike,SAC,150,137.33990103912654,1,0.15994178219604602,0.24795342575683682,0.5,0.5,-0.2039476039764414,-0.03799663484096527,0.00976218469440937,0.0377294085919857,,,1.0,spike
693,50,scenario3_repeated_spike,SAC,150,136.6059109352139,1,0.15967487670371416,0.24773990136297136,0.5,0.5,-0.20370738903334276,0.047752946615219116,0.000902240164577961,0.007747786585241556,,,1.0,spike
694,50,scenario3_repeated_spike,SAC,150,135.9453198416925,1,0.15943466176061546,0.2475477294084924,0.5,0.5,-0.20349119558455392,0.022779259830713272,0.01208636723458767,0.037388142198324203,,,1.0,spike
695,50,scenario3_repeated_spike,SAC,150,141.35078785752324,0,0.16834424241095203,0.5693507878575232,0.5,0.5,-0.36884751513423764,0.12149383127689362,0.027900665998458862,0.05304364487528801,,,1.0,spike
696,50,scenario3_repeated_spike,SAC,150,146.2157090717709,0,0.17138481816985685,0.574215709071771,0.5,0.5,-0.3728002636208139,0.133670836687088,0.014075356535613537,0.0377957858145237,,,1.0,spike
697,50,scenario3_repeated_spike,SAC,150,150.59413816459383,0,0.17412133635287116,0.5785941381645938,0.5,0.5,-0.3763577372587325,0.17048320174217224,0.00577404024079442,0.028867706656455994,,,1.0,spike
698,50,scenario3_repeated_spike,SAC,150,154.53472434813446,0,0.17658420271758404,0.5825347243481345,0.5,0.5,-0.37955946353285924,0.44328969717025757,0.0445624515414238,0.0989081859588623,,,1.0,spike
699,50,scenario3_repeated_spike,SAC,150,158.081251913321,0,0.17880078244582565,0.586081251913321,0.5,0.5,-0.38244101717957335,0.2097867727279663,0.052295055240392685,0.07586139440536499,,,1.0,spike
700,50,scenario3_repeated_spike,SAC,150,155.27312672198892,1,0.16646295517163232,0.25317036413730587,0.5,0.5,-0.2098166596544691,0.16880793869495392,0.07410132139921188,0.08288879692554474,,,1.0,spike
701,50,scenario3_repeated_spike,SAC,150,158.74581404979003,0,0.17921613378111878,0.5867458140497901,0.5,0.5,-0.38298097391545444,0.08653441071510315,0.06406041979789734,0.0723191350698471,,,1.0,spike
702,50,scenario3_repeated_spike,SAC,150,161.87123264481102,0,0.1811695204030069,0.589871232644811,0.5,0.5,-0.38552037652390897,0.047380052506923676,0.06261052936315536,0.07362877577543259,,,1.0,spike
703,50,scenario3_repeated_spike,SAC,150,158.68410938032991,1,0.16770331250193812,0.2541626500015505,0.5,0.5,-0.2109329812517443,-0.007299809716641903,0.03939957171678543,0.0615372508764267,,,1.0,spike
704,50,scenario3_repeated_spike,SAC,150,155.81569844229693,1,0.16666025397901707,0.2533282031832137,0.5,0.5,-0.20999422858111538,-0.08381456136703491,0.014110449701547623,0.02352166548371315,,,1.0,spike
705,50,scenario3_repeated_spike,SAC,150,153.23412859806726,1,0.16572150130838811,0.2525772010467105,0.5,0.5,-0.2091493511775493,-0.04704651981592178,0.03783173859119415,0.06037936359643936,,,1.0,spike
706,50,scenario3_repeated_spike,SAC,150,150.91071573826054,1,0.164876623904822,0.2519012991238576,0.5,0.5,-0.2083889615143398,0.07310531288385391,0.07243816554546356,0.0831262618303299,,,1.0,spike
707,50,scenario3_repeated_spike,SAC,150,148.8196441644345,1,0.16411623424161256,0.2512929873932901,0.5,0.5,-0.20770461081745134,0.07754309475421906,0.09755446016788483,0.10696985572576523,,,1.0,spike
708,50,scenario3_repeated_spike,SAC,150,146.93767974799104,1,0.16343188354472404,0.25074550683577923,0.5,0.5,-0.20708869519025164,0.03567548096179962,0.09133753925561905,0.10320843011140823,,,1.0,spike
709,50,scenario3_repeated_spike,SAC,150,145.24391177319194,1,0.16281596791752434,0.2502527743340195,0.5,0.5,-0.20653437112577192,-0.05196361243724823,0.05045541003346443,0.0712054967880249,,,1.0,spike
710,50,scenario3_repeated_spike,SAC,150,143.71952059587275,1,0.16226164385304465,0.24980931508243576,0.5,0.5,-0.2060354794677402,0.0024280576035380363,0.036620110273361206,0.05833146721124649,,,1.0,spike
711,50,scenario3_repeated_spike,SAC,150,142.34756853628548,1,0.16176275219501293,0.24941020175601036,0.5,0.5,-0.20558647697551163,0.032385412603616714,0.012064251117408276,0.03635256364941597,,,1.0,spike
712,50,scenario3_repeated_spike,SAC,150,141.11281168265694,1,0.16131374970278436,0.2490509997622275,0.5,0.5,-0.20518237473250595,0.11638486385345459,0.02617105096578598,0.06730774790048599,,,1.0,spike
713,50,scenario3_repeated_spike,SAC,150,140.00153051439125,1,0.16090964745977865,0.24872771796782295,0.5,0.5,-0.2048186827138008,0.08516909927129745,0.03498067706823349,0.06014905124902725,,,1.0,spike
714,50,scenario3_repeated_spike,SAC,150,139.00137746295212,1,0.1605459554410735,0.24843676435285883,0.5,0.5,-0.20449135989696615,0.13076496124267578,0.02319016121327877,0.06362687051296234,,,1.0,spike
715,50,scenario3_repeated_spike,SAC,150,138.1012397166569,1,0.16021863262423885,0.24817490609939108,0.5,0.5,-0.20419676936181497,0.13910230994224548,0.03654345124959946,0.06418720632791519,,,1.0,spike
716,50,scenario3_repeated_spike,SAC,150,137.2911157449912,1,0.1599240420890877,0.2479392336712702,0.5,0.5,-0.20393163788017893,-0.015029994770884514,0.01533346064388752,0.045857157558202744,,,1.0,spike
717,50,scenario3_repeated_spike,SAC,150,136.5620041704921,1,0.1596589106074517,0.24772712848596135,0.5,0.5,-0.20369301954670652,-0.045731279999017715,0.011632740497589111,0.03578728437423706,,,1.0,spike
718,50,scenario3_repeated_spike,SAC,150,135.90580375344288,1,0.15942029227397925,0.24753623381918344,0.5,0.5,-0.20347826304658134,0.04139097034931183,0.01239689253270626,0.046221621334552765,,,1.0,spike
719,50,scenario3_repeated_spike,SAC,150,135.3152233780986,1,0.15920553577385405,0.24736442861908325,0.5,0.5,-0.20328498219646865,-0.0009179320186376572,0.0017612198134884238,0.016403717920184135,,,1.0,spike
720,50,scenario3_repeated_spike,SAC,150,134.78370104028875,1,0.15901225492374135,0.2472098039389931,0.5,0.5,-0.20311102943136722,0.07387219369411469,0.021516330540180206,0.05283580347895622,,,1.0,spike
721,50,scenario3_repeated_spike,SAC,150,134.30533093625988,1,0.15883830215863995,0.24707064172691195,0.5,0.5,-0.20295447194277594,0.3003219664096832,0.050637830048799515,0.10098738968372345,,,1.0,spike
722,50,scenario3_repeated_spike,SAC,150,133.87479784263388,1,0.1586817446700487,0.24694539573603896,0.5,0.5,-0.20281357020304383,0.1230132132768631,0.04324691742658615,0.0644310787320137,,,1.0,spike
723,50,scenario3_repeated_spike,SAC,150,133.48731805837048,1,0.15854084293031653,0.24683267434425327,0.5,0.5,-0.20268675863728491,0.07465627044439316,0.03704554960131645,0.07845655083656311,,,1.0,spike
724,50,scenario3_repeated_spike,SAC,150,133.13858625253343,1,0.15841403136455762,0.24673122509164613,0.5,0.5,-0.20257262822810188,0.008397849276661873,0.03158769756555557,0.060696039348840714,,,1.0,spike
725,50,scenario3_repeated_spike,SAC,150,132.82472762728008,1,0.15829990095537458,0.2466399207642997,0.5,0.5,-0.20246991085983712,0.06627440452575684,0.021318724378943443,0.06307419389486313,,,1.0,spike
726,50,scenario3_repeated_spike,SAC,150,132.5422548645521,1,0.15819718358710985,0.2465577468696879,0.5,0.5,-0.2023774652283989,0.04346145689487457,0.019250424578785896,0.04558864235877991,,,1.0,spike
727,50,scenario3_repeated_spike,SAC,150,132.2880293780969,1,0.1581047379556716,0.24648379036453727,0.5,0.5,-0.20229426416010443,0.08148808777332306,0.028382403776049614,0.06906037032604218,,,1.0,spike
728,50,scenario3_repeated_spike,SAC,150,132.0592264402872,1,0.15802153688737716,0.24641722950990175,0.5,0.5,-0.20221938319863947,0.0884159654378891,0.025430073961615562,0.07033318281173706,,,1.0,spike
729,50,scenario3_repeated_spike,SAC,150,137.8533037962585,0,0.16615831487266158,0.5658533037962585,0.5,0.5,-0.36600580933446003,0.007167119532823563,0.014525801874697208,0.04385051131248474,,,1.0,spike
730,50,scenario3_repeated_spike,SAC,150,143.06797341663264,0,0.16941748338539542,0.5710679734166326,0.5,0.5,-0.370242728401014,-0.021423354744911194,0.023278020322322845,0.042880915105342865,,,1.0,spike
731,50,scenario3_repeated_spike,SAC,150,147.76117607496937,0,0.17235073504685586,0.5757611760749693,0.5,0.5,-0.3740559555609126,0.14298056066036224,0.051401250064373016,0.08738508075475693,,,1.0,spike
732,50,scenario3_repeated_spike,SAC,150,151.98505846747244,0,0.1749906615421703,0.5799850584674725,0.5,0.5,-0.3774878600048214,0.12759089469909668,0.03920407220721245,0.05816075578331947,,,1.0,spike
733,50,scenario3_repeated_spike,SAC,150,155.7865526207252,0,0.17736659538795327,0.5837865526207252,0.5,0.5,-0.38057657400433925,0.15848278999328613,0.015272408723831177,0.05075310170650482,,,1.0,spike
734,50,scenario3_repeated_spike,SAC,150,159.20789735865267,0,0.17950493584915794,0.5872078973586528,0.5,0.5,-0.38335641660390535,0.15838459134101868,0.011577261611819267,0.034790996462106705,,,1.0,spike
735,50,scenario3_repeated_spike,SAC,150,162.2871076227874,0,0.18142944226424215,0.5902871076227875,0.5,0.5,-0.3858582749435148,0.3887886703014374,0.005420575384050608,0.033087678253650665,,,1.0,spike
736,50,scenario3_repeated_spike,SAC,150,165.05839686050868,0,0.18316149803781795,0.5930583968605088,0.5,0.5,-0.3881099474491634,0.2957400679588318,0.011720648966729641,0.03870651125907898,,,1.0,spike
737,50,scenario3_repeated_spike,SAC,150,167.5525571744578,0,0.18472034823403616,0.5955525571744579,0.5,0.5,-0.390136452704247,0.33740103244781494,0.027584876865148544,0.056045763194561005,,,1.0,spike
738,50,scenario3_repeated_spike,SAC,150,169.79730145701203,0,0.18612331341063254,0.597797301457012,0.5,0.5,-0.39196030743382226,0.2480132281780243,0.03585192188620567,0.06211387738585472,,,1.0,spike
739,50,scenario3_repeated_spike,SAC,150,171.81757131131081,0,0.18738598206956927,0.5998175713113109,0.5,0.5,-0.39360177669044005,0.5008465051651001,0.017820730805397034,0.041529398411512375,,,1.0,spike
740,50,scenario3_repeated_spike,SAC,150,173.63581418017975,0,0.18852238386261236,0.6016358141801799,0.5,0.5,-0.3950790990213961,0.12753966450691223,0.013705776073038578,0.03678417205810547,,,1.0,spike
741,50,scenario3_repeated_spike,SAC,150,175.2722327621618,0,0.18954514547635115,0.6032722327621618,0.5,0.5,-0.3964086891192565,0.21454255282878876,0.030584784224629402,0.059759341180324554,,,1.0,spike
742,50,scenario3_repeated_spike,SAC,150,176.74500948594562,0,0.19046563092871605,0.6047450094859457,0.5,0.5,-0.39760532020733086,0.2032865732908249,0.03619387745857239,0.0644356831908226,,,1.0,spike
743,50,scenario3_repeated_spike,SAC,150,172.07050853735106,1,0.17257109401358223,0.2580568752108658,0.5,0.5,-0.215313984612224,0.024517780169844627,0.018294019624590874,0.04296872019767761,,,1.0,spike
744,50,scenario3_repeated_spike,SAC,150,167.86345768361596,1,0.17104125733949674,0.2568330058715974,0.5,0.5,-0.21393713160554706,-0.009886838495731354,0.005259311757981777,0.026189956814050674,,,1.0,spike
745,50,scenario3_repeated_spike,SAC,150,164.07711191525436,1,0.1696644043328198,0.25573152346625583,0.5,0.5,-0.21269796389953782,0.01011273916810751,0.02450352907180786,0.051908958703279495,,,1.0,spike
746,50,scenario3_repeated_spike,SAC,150,160.66940072372893,1,0.16842523662681053,0.2547401893014484,0.5,0.5,-0.21158271296412948,0.006103334948420525,0.058838777244091034,0.0646287277340889,,,1.0,spike
747,50,scenario3_repeated_spike,SAC,150,157.60246065135604,1,0.16730998569140218,0.25384798855312174,0.5,0.5,-0.21057898712226197,0.04122195392847061,0.08475130796432495,0.0879645049571991,,,1.0,spike
748,50,scenario3_repeated_spike,SAC,150,154.84221458622045,1,0.16630625984953473,0.2530450078796278,0.5,0.5,-0.20967563386458127,0.06957700103521347,0.0937875285744667,0.10860250890254974,,,1.0,spike
749,50,scenario3_repeated_spike,SAC,150,152.3579931275984,1,0.16540290659185394,0.2523223252734832,0.5,0.5,-0.20886261593266858,0.04403182491660118,0.05785754695534706,0.07487857341766357,,,1.0,spike
750,50,scenario3_repeated_spike,SAC,150,150.12219381483857,1,0.16458988865994129,0.25167191092795305,0.5,0.5,-0.20813089979394717,0.11906300485134125,0.05458381026983261,0.0556403212249279,,,1.0,spike
751,50,scenario3_repeated_spike,SAC,150,148.10997443335472,1,0.1638581725212199,0.25108653801697595,0.5,0.5,-0.2074723552690979,0.18294890224933624,0.03207813575863838,0.06668303906917572,,,1.0,spike
752,50,scenario3_repeated_spike,SAC,150,146.29897699001924,1,0.16319962799637064,0.2505597023970965,0.5,0.5,-0.20687966519673356,0.20447656512260437,0.04777101054787636,0.08051146566867828,,,1.0,spike
753,50,scenario3_repeated_spike,SAC,150,144.6690792910173,1,0.1626069379240063,0.25008555033920504,0.5,0.5,-0.20634624413160568,0.05691872537136078,0.026622790843248367,0.05400676652789116,,,1.0,spike
754,50,scenario3_repeated_spike,SAC,150,143.2021713619156,1,0.1620735168588784,0.24965881348710273,0.5,0.5,-0.20586616517299056,0.08842970430850983,0.011931976303458214,0.04548484459519386,,,1.0,spike
755,50,scenario3_repeated_spike,SAC,150,147.88195422572403,0,0.17242622139107755,0.5758819542257241,0.5,0.5,-0.3741540878084008,0.027129892259836197,0.0040149143896996975,0.02529790811240673,,,1.0,spike
756,50,scenario3_repeated_spike,SAC,150,146.09375880315164,1,0.16312500320114606,0.25050000256091687,0.5,0.5,-0.20681250288103148,0.08885844796895981,0.022394102066755295,0.061159197241067886,,,1.0,spike
757,50,scenario3_repeated_spike,SAC,150,150.4843829228365,0,0.17405273932677282,0.5784843829228365,0.5,0.5,-0.37626856112480467,0.061582379043102264,0.022475095465779305,0.059868089854717255,,,1.0,spike
758,50,scenario3_repeated_spike,SAC,150,148.43594463055285,1,0.1639767071383829,0.2511813657107063,0.5,0.5,-0.20757903642454462,0.008108186535537243,0.01150191854685545,0.03324682638049126,,,1.0,spike
759,50,scenario3_repeated_spike,SAC,150,146.59235016749759,1,0.1633063091518173,0.2506450473214539,0.5,0.5,-0.2069756782366356,0.13972869515419006,0.010978799313306808,0.045081403106451035,,,1.0,spike
760,50,scenario3_repeated_spike,SAC,150,144.93311515074782,1,0.16270295096390833,0.2501623607711267,0.5,0.5,-0.20643265586751752,0.09311463683843613,0.01009010337293148,0.04044298455119133,,,1.0,spike
761,50,scenario3_repeated_spike,SAC,150,143.43980363567306,1,0.1621599285947902,0.24972794287583217,0.5,0.5,-0.20594393573531117,0.07187478244304657,0.0017304157372564077,0.0143879484385252,,,1.0,spike
762,50,scenario3_repeated_spike,SAC,150,142.09582327210575,1,0.16167120846258393,0.24933696677006717,0.5,0.5,-0.20550408761632555,0.07359062880277634,0.009946855716407299,0.035968631505966187,,,1.0,spike
763,50,scenario3_repeated_spike,SAC,150,140.88624094489518,1,0.16123136034359825,0.24898508827487864,0.5,0.5,-0.20510822430923845,0.1498781442642212,0.022376244887709618,0.05956628918647766,,,1.0,spike
764,50,scenario3_repeated_spike,SAC,150,139.79761685040566,1,0.16083549703651115,0.24866839762920895,0.5,0.5,-0.20475194733286006,0.03234716132283211,0.007372235879302025,0.032045427709817886,,,1.0,spike
765,50,scenario3_repeated_spike,SAC,150,144.8178551653651,0,0.1705111594783532,0.5728178551653651,0.5,0.5,-0.3716645073218592,0.04371852055191994,0.0017842869274318218,0.01717705838382244,,,1.0,spike
766,50,scenario3_repeated_spike,SAC,150,143.33606964882858,1,0.16212220714502856,0.24969776571602287,0.5,0.5,-0.20590998643052572,-0.0020085284486413,0.002547024516388774,0.017284760251641273,,,1.0,spike
767,50,scenario3_repeated_spike,SAC,150,142.00246268394574,1,0.16163725915779847,0.2493098073262388,0.5,0.5,-0.20547353324201864,0.07055915892124176,0.0029274490661919117,0.02054927870631218,,,1.0,spike
768,50,scenario3_repeated_spike,SAC,150,140.8022164155512,1,0.16120080596929134,0.24896064477543312,0.5,0.5,-0.20508072537236222,0.03947953134775162,0.012274414300918579,0.043693266808986664,,,1.0,spike
769,50,scenario3_repeated_spike,SAC,150,139.72199477399607,1,0.16080799809963495,0.248646398479708,0.5,0.5,-0.20472719828967145,0.027969732880592346,0.015747521072626114,0.04025447368621826,,,1.0,spike
770,50,scenario3_repeated_spike,SAC,150,144.74979529659646,0,0.1704686220603728,0.5727497952965965,0.5,0.5,-0.3716092086784847,0.00530894473195076,0.00687814736738801,0.031182263046503067,,,1.0,spike
771,50,scenario3_repeated_spike,SAC,150,149.27481576693683,0,0.17329675985433554,0.5772748157669368,0.5,0.5,-0.3752857878106362,0.04852454364299774,0.003089901525527239,0.02053844928741455,,,1.0,spike
772,50,scenario3_repeated_spike,SAC,150,147.34733419024315,1,0.16358084879645204,0.25086467903716164,0.5,0.5,-0.20722276391680683,0.19762572646141052,0.012231094762682915,0.04551605135202408,,,1.0,spike
773,50,scenario3_repeated_spike,SAC,150,151.61260077121884,0,0.1747578754820118,0.5796126007712189,0.5,0.5,-0.37718523812661536,0.018396863713860512,0.008340871892869473,0.027690842747688293,,,1.0,spike
774,50,scenario3_repeated_spike,SAC,150,149.45134069409696,1,0.1643459420705807,0.2514767536564646,0.5,0.5,-0.20791134786352267,0.054122067987918854,0.007765885908156633,0.03509141132235527,,,1.0,spike
775,50,scenario3_repeated_spike,SAC,150,147.50620662468725,1,0.16363862059079537,0.2509108964726363,0.5,0.5,-0.20727475853171584,0.02286887727677822,0.0097171226516366,0.036887627094984055,,,1.0,spike
776,50,scenario3_repeated_spike,SAC,150,145.75558596221853,1,0.16300203125898854,0.2504016250071909,0.5,0.5,-0.2067018281330897,0.1472128927707672,0.007423860020935535,0.036378394812345505,,,1.0,spike
777,50,scenario3_repeated_spike,SAC,150,144.1800273659967,1,0.16242910086036244,0.24994328068828997,0.5,0.5,-0.2061861907743262,0.10468871146440506,0.00773797370493412,0.030962277203798294,,,1.0,spike
778,50,scenario3_repeated_spike,SAC,150,142.76202462939702,1,0.1619134635015989,0.24953077080127917,0.5,0.5,-0.20572211715143904,0.21813708543777466,0.012325422838330269,0.04557693004608154,,,1.0,spike
779,50,scenario3_repeated_spike,SAC,150,141.48582216645733,1,0.16144938987871174,0.24915951190296942,0.5,0.5,-0.2053044508908406,0.1399518847465515,0.003939079120755196,0.02509085275232792,,,1.0,spike
780,50,scenario3_repeated_spike,SAC,150,146.3372399498116,0,0.17146077496863227,0.5743372399498117,0.5,0.5,-0.372899007459222,0.11349986493587494,0.00691083213314414,0.03871900588274002,,,1.0,spike
781,50,scenario3_repeated_spike,SAC,150,144.70351595483044,1,0.16261946034721106,0.25009556827776885,0.5,0.5,-0.20635751431248994,0.1555456817150116,0.009775543585419655,0.040410589426755905,,,1.0,spike
782,50,scenario3_repeated_spike,SAC,150,143.2331643593474,1,0.1620847870397627,0.24966782963181017,0.5,0.5,-0.20587630833578643,0.06990919262170792,0.004430348519235849,0.02829453907907009,,,1.0,spike
783,50,scenario3_repeated_spike,SAC,150,147.90984792341266,0,0.17244365495213293,0.5759098479234127,0.5,0.5,-0.37417675143777285,0.0535515621304512,0.005599535070359707,0.024878695607185364,,,1.0,spike
784,50,scenario3_repeated_spike,SAC,150,152.1188631310714,0,0.17507428945691964,0.5801188631310714,0.5,0.5,-0.3775965762939955,0.12563709914684296,0.006158617790788412,0.03173581883311272,,,1.0,spike
785,50,scenario3_repeated_spike,SAC,150,149.90697681796428,1,0.1645116279338052,0.25160930234704415,0.5,0.5,-0.20806046514042467,0.16374216973781586,0.0009767143055796623,0.015125170350074768,,,1.0,spike
786,50,scenario3_repeated_spike,SAC,150,153.91627913616784,0,0.17619767446010492,0.5819162791361678,0.5,0.5,-0.3790569767981364,0.17087674140930176,0.008325581438839436,0.03895267844200134,,,1.0,spike
787,50,scenario3_repeated_spike,SAC,150,157.52465122255106,0,0.17845290701409444,0.5855246512225512,0.5,0.5,-0.3819887791183228,0.2165127694606781,0.01640922576189041,0.05588217452168465,,,1.0,spike
788,50,scenario3_repeated_spike,SAC,150,154.77218610029595,1,0.1662807949455622,0.25302463595644975,0.5,0.5,-0.20965271545100597,0.2245713621377945,0.01112060621380806,0.02923300489783287,,,1.0,spike
789,50,scenario3_repeated_spike,SAC,150,158.29496749026637,0,0.1789343546814165,0.5862949674902664,0.5,0.5,-0.38261466108584147,0.011113214306533337,0.012786542996764183,0.03552071750164032,,,1.0,spike
790,50,scenario3_repeated_spike,SAC,150,155.46547074123973,1,0.1665328984513599,0.2532263187610879,0.5,0.5,-0.2098796086062239,0.18168003857135773,0.021016541868448257,0.06401601433753967,,,1.0,spike
791,50,scenario3_repeated_spike,SAC,150,152.91892366711576,1,0.16560688133349666,0.25248550506679734,0.5,0.5,-0.209046193200147,0.10972259938716888,0.006206069607287645,0.031009886413812637,,,1.0,spike
792,50,scenario3_repeated_spike,SAC,150,150.62703130040418,1,0.1647734659274197,0.25181877274193576,0.5,0.5,-0.20829611933467773,0.09468235075473785,0.019907977432012558,0.05086507275700569,,,1.0,spike
793,50,scenario3_repeated_spike,SAC,150,148.56432817036378,1,0.16402339206195046,0.2512187136495604,0.5,0.5,-0.20762105285575544,0.17858026921749115,0.044394008815288544,0.08652202039957047,,,1.0,spike
794,50,scenario3_repeated_spike,SAC,150,146.70789535332742,1,0.16334832558302814,0.2506786604664225,0.5,0.5,-0.20701349302472533,-0.027133792638778687,0.019239790737628937,0.04825419932603836,,,1.0,spike
795,50,scenario3_repeated_spike,SAC,150,151.03710581799467,0,0.1743981911362467,0.5790371058179947,0.5,0.5,-0.3767176484771207,0.13244464993476868,0.00549783930182457,0.027993449941277504,,,1.0,spike
796,50,scenario3_repeated_spike,SAC,150,148.9333952361952,1,0.16415759826770734,0.2513260786141659,0.5,0.5,-0.20774183844093663,0.20657974481582642,0.019208338111639023,0.05843402445316315,,,1.0,spike
797,50,scenario3_repeated_spike,SAC,150,147.04005571257568,1,0.16346911116820934,0.25077528893456746,0.5,0.5,-0.2071222000513884,0.2816140055656433,0.04327410086989403,0.08807063847780228,,,1.0,spike
798,50,scenario3_repeated_spike,SAC,150,145.3360501413181,1,0.16284947277866113,0.2502795782229289,0.5,0.5,-0.20656452550079502,0.12554983794689178,0.023965515196323395,0.0625993013381958,,,1.0,spike
799,50,scenario3_repeated_spike,SAC,150,149.8024451271863,0,0.17362652820449145,0.5778024451271864,0.5,0.5,-0.3757144866658389,0.17402984201908112,0.003279861994087696,0.02553233504295349,,,1.0,spike
800,50,scenario3_repeated_spike,SAC,50,135.82220061446768,0,0.14488887538404233,0.33182220061446777,0.5,0.5,-0.23835553799925505,0.3022514581680298,0.023737628012895584,0.06902651488780975,,,1.0,normal
801,50,scenario3_repeated_spike,SAC,50,123.23998055302093,0,0.13702498784563807,0.31923998055302094,0.5,0.5,-0.22813248419932952,0.33191075921058655,0.05504218861460686,0.10416661202907562,,,1.0,normal
802,50,scenario3_repeated_spike,SAC,50,111.91598249771884,0,0.1299474890610743,0.3079159824977189,0.5,0.5,-0.21893173577939662,0.25441956520080566,0.04263375699520111,0.09056664258241653,,,1.0,normal
803,50,scenario3_repeated_spike,SAC,50,101.72438424794696,0,0.12357774015496686,0.297724384247947,0.5,0.5,-0.21065106220145693,0.20586057007312775,0.01767350547015667,0.056861236691474915,,,1.0,normal
804,50,scenario3_repeated_spike,SAC,50,86.55194582315227,1,0.12147343484478265,0.13717874787582612,0.5,0.5,-0.12932609136030437,0.2864798307418823,0.014975319616496563,0.054796673357486725,,,1.0,normal
805,50,scenario3_repeated_spike,SAC,50,78.89675124083705,0,0.10931046952552317,0.2748967512408371,0.5,0.5,-0.19210361038318013,0.14475864171981812,0.030430054292082787,0.06767243146896362,,,1.0,normal
806,50,scenario3_repeated_spike,SAC,50,66.00707611675334,1,0.11400257313336486,0.1312020585066919,0.5,0.5,-0.12260231582002837,0.09573489427566528,0.03826352581381798,0.07961910963058472,,,1.0,normal
807,50,scenario3_repeated_spike,SAC,50,54.40636850507801,1,0.10978413400184656,0.12782730720147725,0.5,0.5,-0.1188057206016619,0.10755786299705505,0.030290868133306503,0.07154373824596405,,,1.0,normal
808,50,scenario3_repeated_spike,SAC,50,49.965731654570206,0,0.09122858228410638,0.24596573165457022,0.5,0.5,-0.1685971569693383,0.10749304294586182,0.024942193180322647,0.06998615711927414,,,1.0,normal
809,50,scenario3_repeated_spike,SAC,50,45.969158489113184,0,0.08873072405569575,0.2419691584891132,0.5,0.5,-0.1653499412724045,0.3027648627758026,0.033280059695243835,0.07764918357133865,,,1.0,normal
810,50,scenario3_repeated_spike,SAC,50,36.37224264020187,1,0.1032262700509825,0.122581016040786,0.5,0.5,-0.11290364304588425,0.2795640528202057,0.027209585532546043,0.077667735517025,,,1.0,normal
811,50,scenario3_repeated_spike,SAC,50,33.735018376181685,0,0.08108438648511355,0.2297350183761817,0.5,0.5,-0.15540970243064764,0.1855882704257965,0.020358460023999214,0.05797380954027176,,,1.0,normal
812,50,scenario3_repeated_spike,SAC,50,31.36151653856352,0,0.07960094783660221,0.22736151653856354,0.5,0.5,-0.15348123218758286,0.3022620379924774,0.026716478168964386,0.07462245970964432,,,1.0,normal
813,50,scenario3_repeated_spike,SAC,50,23.22536488470717,1,0.09844558723080261,0.1187564697846421,0.5,0.5,-0.10860102850772235,0.2662111222743988,0.0376257449388504,0.08241774886846542,,,1.0,normal
814,50,scenario3_repeated_spike,SAC,50,21.90282839623645,0,0.07368926774764778,0.21790282839623645,0.5,0.5,-0.14579604807194213,0.204706072807312,0.031168531626462936,0.06545799225568771,,,1.0,normal
815,50,scenario3_repeated_spike,SAC,50,20.712545556612806,0,0.07294534097288301,0.21671254555661282,0.5,0.5,-0.1448289432647479,0.07478901743888855,0.015721196308732033,0.054833270609378815,,,1.0,normal
816,50,scenario3_repeated_spike,SAC,50,19.641291000951526,0,0.0722758068755947,0.21564129100095153,0.5,0.5,-0.14395854893827312,0.08651763200759888,0.012984998524188995,0.04887204244732857,,,1.0,normal
817,50,scenario3_repeated_spike,SAC,50,18.677161900856373,0,0.07167322618803523,0.2146771619008564,0.5,0.5,-0.1431751940444458,0.014715965837240219,0.014229889959096909,0.043879978358745575,,,1.0,normal
818,50,scenario3_repeated_spike,SAC,50,11.809445710770735,1,0.09429434389482573,0.11543547511586058,0.5,0.5,-0.10486490950534316,0.11052069067955017,0.014420471154153347,0.04438924416899681,,,1.0,normal
819,50,scenario3_repeated_spike,SAC,50,11.628501139693661,0,0.06726781321230854,0.20762850113969367,0.5,0.5,-0.13744815717600112,0.23936931788921356,0.014053124003112316,0.0449417345225811,,,1.0,normal
820,50,scenario3_repeated_spike,SAC,50,5.465651025724295,1,0.09198750946389975,0.11359000757111981,0.5,0.5,-0.10278875851750978,0.13877344131469727,0.02798626199364662,0.058517299592494965,,,1.0,normal
821,50,scenario3_repeated_spike,SAC,50,0.0,1,0.09,0.11199999999999999,0.5,0.5,-0.10099999999999999,0.1823606789112091,0.02438696287572384,0.05390278622508049,,,1.0,normal
822,50,scenario3_repeated_spike,SAC,50,0.0,1,0.09,0.11199999999999999,0.5,0.5,-0.10099999999999999,0.0687602087855339,0.020823847502470016,0.04994553327560425,,,1.0,normal
823,50,scenario3_repeated_spike,SAC,50,1.0,0,0.060625,0.197,0.5,0.5,-0.1288125,0.06851530820131302,0.014784634113311768,0.040546879172325134,,,1.0,normal
824,50,scenario3_repeated_spike,SAC,50,1.9000000000000004,0,0.0611875,0.19790000000000002,0.5,0.5,-0.12954375,0.06056078150868416,0.006310060620307922,0.024915091693401337,,,1.0,normal
825,50,scenario3_repeated_spike,SAC,50,2.710000000000001,0,0.061693750000000006,0.19871000000000003,0.5,0.5,-0.13020187500000002,0.1147063672542572,0.009834416210651398,0.03785233572125435,,,1.0,normal
826,50,scenario3_repeated_spike,SAC,50,0.0,1,0.09,0.11199999999999999,0.5,0.5,-0.10099999999999999,0.06818150728940964,0.006558727473020554,0.03449428826570511,,,1.0,normal
827,50,scenario3_repeated_spike,SAC,50,0.0,1,0.09,0.11199999999999999,0.5,0.5,-0.10099999999999999,0.16452494263648987,0.008238143287599087,0.025924375280737877,,,1.0,normal
828,50,scenario3_repeated_spike,SAC,50,1.0,0,0.060625,0.197,0.5,0.5,-0.1288125,0.15904410183429718,0.006856862455606461,0.0305904820561409,,,1.0,normal
829,50,scenario3_repeated_spike,SAC,50,0.0,1,0.09,0.11199999999999999,0.5,0.5,-0.10099999999999999,0.097714863717556,0.007984294556081295,0.027001671493053436,,,1.0,normal
830,50,scenario3_repeated_spike,SAC,50,1.0,0,0.060625,0.197,0.5,0.5,-0.1288125,0.2224336713552475,0.010143574327230453,0.03756147623062134,,,1.0,normal
831,50,scenario3_repeated_spike,SAC,50,1.9000000000000004,0,0.0611875,0.19790000000000002,0.5,0.5,-0.12954375,0.4314627945423126,0.01771370694041252,0.06305253505706787,,,1.0,normal
832,50,scenario3_repeated_spike,SAC,50,2.710000000000001,0,0.061693750000000006,0.19871000000000003,0.5,0.5,-0.13020187500000002,0.15547919273376465,0.01760888658463955,0.04159704968333244,,,1.0,normal
833,50,scenario3_repeated_spike,SAC,50,3.439,0,0.062149375,0.199439,0.5,0.5,-0.1307941875,0.17260979115962982,0.020626448094844818,0.05580044537782669,,,1.0,normal
834,50,scenario3_repeated_spike,SAC,50,4.0951,0,0.06255943750000001,0.20009510000000003,0.5,0.5,-0.13132726875,0.20984958112239838,0.03125984966754913,0.06198999285697937,,,1.0,normal
835,50,scenario3_repeated_spike,SAC,50,0.0,1,0.09,0.11199999999999999,0.5,0.5,-0.10099999999999999,0.02633751928806305,0.01855984702706337,0.03655347228050232,,,1.0,normal
836,50,scenario3_repeated_spike,SAC,50,1.0,0,0.060625,0.197,0.5,0.5,-0.1288125,0.19260850548744202,0.013607438653707504,0.043696608394384384,,,1.0,normal
837,50,scenario3_repeated_spike,SAC,50,1.9000000000000004,0,0.0611875,0.19790000000000002,0.5,0.5,-0.12954375,0.0014190413057804108,0.00578067172318697,0.023870455101132393,,,1.0,normal
838,50,scenario3_repeated_spike,SAC,50,2.710000000000001,0,0.061693750000000006,0.19871000000000003,0.5,0.5,-0.13020187500000002,0.14476095139980316,0.006937133148312569,0.023045124486088753,,,1.0,normal
839,50,scenario3_repeated_spike,SAC,50,0.0,1,0.09,0.11199999999999999,0.5,0.5,-0.10099999999999999,0.2446518987417221,0.010999960824847221,0.04129257798194885,,,1.0,normal
840,50,scenario3_repeated_spike,SAC,50,0.0,1,0.09,0.11199999999999999,0.5,0.5,-0.10099999999999999,0.21106861531734467,0.019599881023168564,0.05445634201169014,,,1.0,normal
841,50,scenario3_repeated_spike,SAC,50,1.0,0,0.060625,0.197,0.5,0.5,-0.1288125,0.0873047336935997,0.011158240027725697,0.0290262158960104,,,1.0,normal
842,50,scenario3_repeated_spike,SAC,50,0.0,1,0.09,0.11199999999999999,0.5,0.5,-0.10099999999999999,0.25656479597091675,0.0326395109295845,0.06840138137340546,,,1.0,normal
843,50,scenario3_repeated_spike,SAC,50,0.0,1,0.09,0.11199999999999999,0.5,0.5,-0.10099999999999999,0.29505082964897156,0.038740385323762894,0.08633051067590714,,,1.0,normal
844,50,scenario3_repeated_spike,SAC,50,0.0,1,0.09,0.11199999999999999,0.5,0.5,-0.10099999999999999,0.11359918117523193,0.012060417793691158,0.0410158671438694,,,1.0,normal
845,50,scenario3_repeated_spike,SAC,50,0.0,1,0.09,0.11199999999999999,0.5,0.5,-0.10099999999999999,0.041316963732242584,0.007444108836352825,0.02716730535030365,,,1.0,normal
846,50,scenario3_repeated_spike,SAC,50,1.0,0,0.060625,0.197,0.5,0.5,-0.1288125,0.20043961703777313,0.02007998898625374,0.05850686877965927,,,1.0,normal
847,50,scenario3_repeated_spike,SAC,50,0.0,1,0.09,0.11199999999999999,0.5,0.5,-0.10099999999999999,0.0036160144954919815,0.008706602267920971,0.025002509355545044,,,1.0,normal
848,50,scenario3_repeated_spike,SAC,50,1.0,0,0.060625,0.197,0.5,0.5,-0.1288125,0.22272470593452454,0.012371210381388664,0.04337120056152344,,,1.0,normal
849,50,scenario3_repeated_spike,SAC,50,0.0,1,0.09,0.11199999999999999,0.5,0.5,-0.10099999999999999,0.07119348645210266,0.0216591227799654,0.04315277934074402,,,1.0,normal
850,50,scenario3_repeated_spike,SAC,50,0.0,1,0.09,0.11199999999999999,0.5,0.5,-0.10099999999999999,0.14343459904193878,0.021311476826667786,0.04953718185424805,,,1.0,normal
851,50,scenario3_repeated_spike,SAC,50,1.0,0,0.060625,0.197,0.5,0.5,-0.1288125,0.24385705590248108,0.005888407118618488,0.029354315251111984,,,1.0,normal
852,50,scenario3_repeated_spike,SAC,50,0.0,1,0.09,0.11199999999999999,0.5,0.5,-0.10099999999999999,0.18337365984916687,0.005338109098374844,0.028823142871260643,,,1.0,normal
853,50,scenario3_repeated_spike,SAC,50,1.0,0,0.060625,0.197,0.5,0.5,-0.1288125,0.10465440154075623,0.008321475237607956,0.02459493651986122,,,1.0,normal
854,50,scenario3_repeated_spike,SAC,50,1.9000000000000004,0,0.0611875,0.19790000000000002,0.5,0.5,-0.12954375,-0.007291972637176514,0.015140368603169918,0.030767757445573807,,,1.0,normal
855,50,scenario3_repeated_spike,SAC,50,0.0,1,0.09,0.11199999999999999,0.5,0.5,-0.10099999999999999,0.17285871505737305,0.022636035457253456,0.05484674870967865,,,1.0,normal
856,50,scenario3_repeated_spike,SAC,50,0.0,1,0.09,0.11199999999999999,0.5,0.5,-0.10099999999999999,0.22706292569637299,0.01025011483579874,0.038326263427734375,,,1.0,normal
857,50,scenario3_repeated_spike,SAC,50,0.0,1,0.09,0.11199999999999999,0.5,0.5,-0.10099999999999999,0.20483669638633728,0.006460544653236866,0.02290181815624237,,,1.0,normal
858,50,scenario3_repeated_spike,SAC,50,0.0,1,0.09,0.11199999999999999,0.5,0.5,-0.10099999999999999,0.2306923270225525,0.019455965608358383,0.05165053531527519,,,1.0,normal
859,50,scenario3_repeated_spike,SAC,50,0.0,1,0.09,0.11199999999999999,0.5,0.5,-0.10099999999999999,0.18138806521892548,0.025595134124159813,0.055939946323633194,,,1.0,normal
860,50,scenario3_repeated_spike,SAC,50,1.0,0,0.060625,0.197,0.5,0.5,-0.1288125,0.09005308151245117,0.017483193427324295,0.046111200004816055,,,1.0,normal
861,50,scenario3_repeated_spike,SAC,50,0.0,1,0.09,0.11199999999999999,0.5,0.5,-0.10099999999999999,0.039823755621910095,0.004852311685681343,0.02495589479804039,,,1.0,normal
862,50,scenario3_repeated_spike,SAC,50,0.0,1,0.09,0.11199999999999999,0.5,0.5,-0.10099999999999999,0.13919976353645325,0.008291586302220821,0.03451639413833618,,,1.0,normal
863,50,scenario3_repeated_spike,SAC,50,1.0,0,0.060625,0.197,0.5,0.5,-0.1288125,0.24607548117637634,0.025975530967116356,0.06495504081249237,,,1.0,normal
864,50,scenario3_repeated_spike,SAC,50,0.0,1,0.09,0.11199999999999999,0.5,0.5,-0.10099999999999999,0.01329326443374157,0.011896695010364056,0.03001277707517147,,,1.0,normal
865,50,scenario3_repeated_spike,SAC,50,0.0,1,0.09,0.11199999999999999,0.5,0.5,-0.10099999999999999,0.2953762412071228,0.03087150678038597,0.04562550410628319,,,1.0,normal
866,50,scenario3_repeated_spike,SAC,50,0.0,1,0.09,0.11199999999999999,0.5,0.5,-0.10099999999999999,0.32221484184265137,0.03299747407436371,0.0662909522652626,,,1.0,normal
867,50,scenario3_repeated_spike,SAC,50,0.0,1,0.09,0.11199999999999999,0.5,0.5,-0.10099999999999999,0.02094646729528904,0.008925184607505798,0.0324283204972744,,,1.0,normal
868,50,scenario3_repeated_spike,SAC,50,0.0,1,0.09,0.11199999999999999,0.5,0.5,-0.10099999999999999,0.05765538662672043,0.00795227475464344,0.030579824000597,,,1.0,normal
869,50,scenario3_repeated_spike,SAC,50,1.0,0,0.060625,0.197,0.5,0.5,-0.1288125,0.15228182077407837,0.016815945506095886,0.049149151891469955,,,1.0,normal
870,50,scenario3_repeated_spike,SAC,50,0.0,1,0.09,0.11199999999999999,0.5,0.5,-0.10099999999999999,0.12119529396295547,0.017256582155823708,0.049003615975379944,,,1.0,normal
871,50,scenario3_repeated_spike,SAC,50,1.0,0,0.060625,0.197,0.5,0.5,-0.1288125,0.07055798172950745,0.014400331303477287,0.04473510757088661,,,1.0,normal
872,50,scenario3_repeated_spike,SAC,50,0.0,1,0.09,0.11199999999999999,0.5,0.5,-0.10099999999999999,0.2307598888874054,0.005600814241915941,0.03321325033903122,,,1.0,normal
873,50,scenario3_repeated_spike,SAC,50,0.0,1,0.09,0.11199999999999999,0.5,0.5,-0.10099999999999999,0.3153025507926941,0.01546986773610115,0.04748416692018509,,,1.0,normal
874,50,scenario3_repeated_spike,SAC,50,0.0,1,0.09,0.11199999999999999,0.5,0.5,-0.10099999999999999,0.09431423991918564,0.015422110445797443,0.04323543980717659,,,1.0,normal
875,50,scenario3_repeated_spike,SAC,50,1.0,0,0.060625,0.197,0.5,0.5,-0.1288125,0.22396279871463776,0.01589701883494854,0.04933072626590729,,,1.0,normal
876,50,scenario3_repeated_spike,SAC,50,1.9000000000000004,0,0.0611875,0.19790000000000002,0.5,0.5,-0.12954375,0.22304436564445496,0.006195760332047939,0.029752127826213837,,,1.0,normal
877,50,scenario3_repeated_spike,SAC,50,0.0,1,0.09,0.11199999999999999,0.5,0.5,-0.10099999999999999,-0.01281692087650299,0.0069899167865514755,0.02584906294941902,,,1.0,normal
878,50,scenario3_repeated_spike,SAC,50,1.0,0,0.060625,0.197,0.5,0.5,-0.1288125,0.11815723776817322,0.010944698005914688,0.040893539786338806,,,1.0,normal
879,50,scenario3_repeated_spike,SAC,50,0.0,1,0.09,0.11199999999999999,0.5,0.5,-0.10099999999999999,0.07228975743055344,0.005653133615851402,0.026234561577439308,,,1.0,normal
880,50,scenario3_repeated_spike,SAC,50,0.0,1,0.09,0.11199999999999999,0.5,0.5,-0.10099999999999999,0.2064015418291092,0.008330383338034153,0.036607228219509125,,,1.0,normal
881,50,scenario3_repeated_spike,SAC,50,0.0,1,0.09,0.11199999999999999,0.5,0.5,-0.10099999999999999,0.12652741372585297,0.009152703918516636,0.03935856372117996,,,1.0,normal
882,50,scenario3_repeated_spike,SAC,50,1.0,0,0.060625,0.197,0.5,0.5,-0.1288125,0.24609339237213135,0.008070200681686401,0.03554797172546387,,,1.0,normal
883,50,scenario3_repeated_spike,SAC,50,0.0,1,0.09,0.11199999999999999,0.5,0.5,-0.10099999999999999,0.15918003022670746,0.003742425236850977,0.02699810452759266,,,1.0,normal
884,50,scenario3_repeated_spike,SAC,50,1.0,0,0.060625,0.197,0.5,0.5,-0.1288125,0.15178517997264862,0.004071561619639397,0.02539515495300293,,,1.0,normal
885,50,scenario3_repeated_spike,SAC,50,0.0,1,0.09,0.11199999999999999,0.5,0.5,-0.10099999999999999,0.08358339220285416,0.0036747679114341736,0.0231618769466877,,,1.0,normal
886,50,scenario3_repeated_spike,SAC,50,0.0,1,0.09,0.11199999999999999,0.5,0.5,-0.10099999999999999,0.1935836225748062,0.005128859076648951,0.03266868367791176,,,1.0,normal
887,50,scenario3_repeated_spike,SAC,50,0.0,1,0.09,0.11199999999999999,0.5,0.5,-0.10099999999999999,0.12967850267887115,0.002254490740597248,0.016183434054255486,,,1.0,normal
888,50,scenario3_repeated_spike,SAC,50,1.0,0,0.060625,0.197,0.5,0.5,-0.1288125,0.12404453754425049,0.0013679062249138951,0.015826085582375526,,,1.0,normal
889,50,scenario3_repeated_spike,SAC,50,1.9000000000000004,0,0.0611875,0.19790000000000002,0.5,0.5,-0.12954375,0.14810369908809662,0.004350454546511173,0.026971539482474327,,,1.0,normal
890,50,scenario3_repeated_spike,SAC,50,2.710000000000001,0,0.061693750000000006,0.19871000000000003,0.5,0.5,-0.13020187500000002,0.07739967107772827,0.0040619708597660065,0.01572190411388874,,,1.0,normal
891,50,scenario3_repeated_spike,SAC,50,0.0,1,0.09,0.11199999999999999,0.5,0.5,-0.10099999999999999,0.17435678839683533,0.006243209354579449,0.02357916533946991,,,1.0,normal
892,50,scenario3_repeated_spike,SAC,50,0.0,1,0.09,0.11199999999999999,0.5,0.5,-0.10099999999999999,0.23280379176139832,0.005588793195784092,0.027569569647312164,,,1.0,normal
893,50,scenario3_repeated_spike,SAC,50,1.0,0,0.060625,0.197,0.5,0.5,-0.1288125,0.14949388802051544,0.00713953236117959,0.032410986721515656,,,1.0,normal
894,50,scenario3_repeated_spike,SAC,50,0.0,1,0.09,0.11199999999999999,0.5,0.5,-0.10099999999999999,0.06759491562843323,0.006190917454659939,0.022371739149093628,,,1.0,normal
895,50,scenario3_repeated_spike,SAC,50,0.0,1,0.09,0.11199999999999999,0.5,0.5,-0.10099999999999999,0.1768707036972046,0.0033692559227347374,0.020442873239517212,,,1.0,normal
896,50,scenario3_repeated_spike,SAC,50,0.0,1,0.09,0.11199999999999999,0.5,0.5,-0.10099999999999999,0.18928365409374237,0.003335118293762207,0.023841354995965958,,,1.0,normal
897,50,scenario3_repeated_spike,SAC,50,0.0,1,0.09,0.11199999999999999,0.5,0.5,-0.10099999999999999,0.2261931300163269,0.004208160098642111,0.024679116904735565,,,1.0,normal
898,50,scenario3_repeated_spike,SAC,50,1.0,0,0.060625,0.197,0.5,0.5,-0.1288125,0.12795737385749817,0.010809755884110928,0.030821893364191055,,,1.0,normal
899,50,scenario3_repeated_spike,SAC,50,0.0,1,0.09,0.11199999999999999,0.5,0.5,-0.10099999999999999,0.16861237585544586,0.007214324548840523,0.032090723514556885,,,1.0,normal
900,50,scenario3_repeated_spike,SAC,50,1.0,0,0.060625,0.197,0.5,0.5,-0.1288125,0.15751419961452484,0.0019001365872099996,0.01855706237256527,,,1.0,normal
901,50,scenario3_repeated_spike,SAC,50,0.0,1,0.09,0.11199999999999999,0.5,0.5,-0.10099999999999999,0.053275834769010544,0.008226003497838974,0.029269972816109657,,,1.0,normal
902,50,scenario3_repeated_spike,SAC,50,0.0,1,0.09,0.11199999999999999,0.5,0.5,-0.10099999999999999,0.15455090999603271,0.0036072954535484314,0.02308822050690651,,,1.0,normal
903,50,scenario3_repeated_spike,SAC,50,1.0,0,0.060625,0.197,0.5,0.5,-0.1288125,-0.025137346237897873,0.004751085303723812,0.02003575675189495,,,1.0,normal
904,50,scenario3_repeated_spike,SAC,50,1.9000000000000004,0,0.0611875,0.19790000000000002,0.5,0.5,-0.12954375,0.1816539168357849,0.005014067515730858,0.024898262694478035,,,1.0,normal
905,50,scenario3_repeated_spike,SAC,50,0.0,1,0.09,0.11199999999999999,0.5,0.5,-0.10099999999999999,0.1953136920928955,0.003608173690736294,0.02313283458352089,,,1.0,normal
906,50,scenario3_repeated_spike,SAC,50,0.0,1,0.09,0.11199999999999999,0.5,0.5,-0.10099999999999999,0.13645362854003906,0.00908923614770174,0.0327470600605011,,,1.0,normal
907,50,scenario3_repeated_spike,SAC,50,0.0,1,0.09,0.11199999999999999,0.5,0.5,-0.10099999999999999,0.23284871876239777,0.006299956701695919,0.025646677240729332,,,1.0,normal
908,50,scenario3_repeated_spike,SAC,50,0.0,1,0.09,0.11199999999999999,0.5,0.5,-0.10099999999999999,0.22411492466926575,0.005989281460642815,0.029410088434815407,,,1.0,normal
909,50,scenario3_repeated_spike,SAC,50,0.0,1,0.09,0.11199999999999999,0.5,0.5,-0.10099999999999999,0.03996074199676514,0.0018522072350606322,0.016663672402501106,,,1.0,normal
910,50,scenario3_repeated_spike,SAC,50,1.0,0,0.060625,0.197,0.5,0.5,-0.1288125,0.12979213893413544,0.006466591730713844,0.03064655512571335,,,1.0,normal
911,50,scenario3_repeated_spike,SAC,50,0.0,1,0.09,0.11199999999999999,0.5,0.5,-0.10099999999999999,0.2907956540584564,0.00983009859919548,0.039897263050079346,,,1.0,normal
912,50,scenario3_repeated_spike,SAC,50,0.0,1,0.09,0.11199999999999999,0.5,0.5,-0.10099999999999999,0.13779400289058685,0.0029978244565427303,0.014205224812030792,,,1.0,normal
913,50,scenario3_repeated_spike,SAC,50,0.0,1,0.09,0.11199999999999999,0.5,0.5,-0.10099999999999999,0.06562593579292297,0.0069161709398031235,0.03504439815878868,,,1.0,normal
914,50,scenario3_repeated_spike,SAC,50,1.0,0,0.060625,0.197,0.5,0.5,-0.1288125,0.10272683948278427,0.006976548582315445,0.032133638858795166,,,1.0,normal
915,50,scenario3_repeated_spike,SAC,50,1.9000000000000004,0,0.0611875,0.19790000000000002,0.5,0.5,-0.12954375,0.3868488669395447,0.01412675715982914,0.03935276344418526,,,1.0,normal
916,50,scenario3_repeated_spike,SAC,50,2.710000000000001,0,0.061693750000000006,0.19871000000000003,0.5,0.5,-0.13020187500000002,0.09429562091827393,0.003590156091377139,0.021324696019291878,,,1.0,normal
917,50,scenario3_repeated_spike,SAC,50,0.0,1,0.09,0.11199999999999999,0.5,0.5,-0.10099999999999999,0.10200145840644836,0.005169256590306759,0.024648047983646393,,,1.0,normal
918,50,scenario3_repeated_spike,SAC,50,0.0,1,0.09,0.11199999999999999,0.5,0.5,-0.10099999999999999,0.15824103355407715,0.0034220865927636623,0.021295690909028053,,,1.0,normal
919,50,scenario3_repeated_spike,SAC,50,0.0,1,0.09,0.11199999999999999,0.5,0.5,-0.10099999999999999,0.08901538699865341,0.004144218750298023,0.021101845428347588,,,1.0,normal
920,50,scenario3_repeated_spike,SAC,50,1.0,0,0.060625,0.197,0.5,0.5,-0.1288125,0.17552311718463898,0.013500703498721123,0.045610733330249786,,,1.0,normal
921,50,scenario3_repeated_spike,SAC,50,0.0,1,0.09,0.11199999999999999,0.5,0.5,-0.10099999999999999,0.07662802934646606,0.006498446688055992,0.026882486417889595,,,1.0,normal
922,50,scenario3_repeated_spike,SAC,50,1.0,0,0.060625,0.197,0.5,0.5,-0.1288125,0.127771258354187,0.005141363013535738,0.02922685258090496,,,1.0,normal
923,50,scenario3_repeated_spike,SAC,50,0.0,1,0.09,0.11199999999999999,0.5,0.5,-0.10099999999999999,0.08475947380065918,0.003510868875309825,0.02271132729947567,,,1.0,normal
924,50,scenario3_repeated_spike,SAC,50,1.0,0,0.060625,0.197,0.5,0.5,-0.1288125,0.08613450825214386,0.005684345029294491,0.024159446358680725,,,1.0,normal
925,50,scenario3_repeated_spike,SAC,50,1.9000000000000004,0,0.0611875,0.19790000000000002,0.5,0.5,-0.12954375,0.17505791783332825,0.006924480199813843,0.03606310859322548,,,1.0,normal
926,50,scenario3_repeated_spike,SAC,50,0.0,1,0.09,0.11199999999999999,0.5,0.5,-0.10099999999999999,0.02620280347764492,0.003916761837899685,0.021751148626208305,,,1.0,normal
927,50,scenario3_repeated_spike,SAC,50,0.0,1,0.09,0.11199999999999999,0.5,0.5,-0.10099999999999999,0.1397232562303543,0.002595155034214258,0.019793055951595306,,,1.0,normal
928,50,scenario3_repeated_spike,SAC,50,1.0,0,0.060625,0.197,0.5,0.5,-0.1288125,0.07077872008085251,0.004070432391017675,0.027653003111481667,,,1.0,normal
929,50,scenario3_repeated_spike,SAC,50,1.9000000000000004,0,0.0611875,0.19790000000000002,0.5,0.5,-0.12954375,0.016570543870329857,0.0038245730102062225,0.021311435848474503,,,1.0,normal
930,50,scenario3_repeated_spike,SAC,50,0.0,1,0.09,0.11199999999999999,0.5,0.5,-0.10099999999999999,0.19281847774982452,0.007046908605843782,0.03598712757229805,,,1.0,normal
931,50,scenario3_repeated_spike,SAC,50,1.0,0,0.060625,0.197,0.5,0.5,-0.1288125,0.15155833959579468,0.00644609984010458,0.03292055055499077,,,1.0,normal
932,50,scenario3_repeated_spike,SAC,50,0.0,1,0.09,0.11199999999999999,0.5,0.5,-0.10099999999999999,0.14334501326084137,0.005889826454222202,0.03031173162162304,,,1.0,normal
933,50,scenario3_repeated_spike,SAC,50,1.0,0,0.060625,0.197,0.5,0.5,-0.1288125,0.08805130422115326,0.011763731017708778,0.04160892963409424,,,1.0,normal
934,50,scenario3_repeated_spike,SAC,50,0.0,1,0.09,0.11199999999999999,0.5,0.5,-0.10099999999999999,0.10708945989608765,0.015462026000022888,0.042919009923934937,,,1.0,normal
935,50,scenario3_repeated_spike,SAC,50,1.0,0,0.060625,0.197,0.5,0.5,-0.1288125,0.184104785323143,0.014163442887365818,0.05206020921468735,,,1.0,normal
936,50,scenario3_repeated_spike,SAC,50,0.0,1,0.09,0.11199999999999999,0.5,0.5,-0.10099999999999999,0.15104404091835022,0.0011162408627569675,0.013162311166524887,,,1.0,normal
937,50,scenario3_repeated_spike,SAC,50,1.0,0,0.060625,0.197,0.5,0.5,-0.1288125,0.112542062997818,0.010300364345312119,0.041562583297491074,,,1.0,normal
938,50,scenario3_repeated_spike,SAC,50,0.0,1,0.09,0.11199999999999999,0.5,0.5,-0.10099999999999999,0.12096307426691055,0.015109501779079437,0.04849744215607643,,,1.0,normal
939,50,scenario3_repeated_spike,SAC,50,1.0,0,0.060625,0.197,0.5,0.5,-0.1288125,0.1736718863248825,0.008843333460390568,0.03644845262169838,,,1.0,normal
940,50,scenario3_repeated_spike,SAC,50,0.0,1,0.09,0.11199999999999999,0.5,0.5,-0.10099999999999999,0.12535226345062256,0.005302073433995247,0.027814757078886032,,,1.0,normal
941,50,scenario3_repeated_spike,SAC,50,0.0,1,0.09,0.11199999999999999,0.5,0.5,-0.10099999999999999,0.08817818760871887,0.0051620230078697205,0.027744311839342117,,,1.0,normal
942,50,scenario3_repeated_spike,SAC,50,1.0,0,0.060625,0.197,0.5,0.5,-0.1288125,0.19404029846191406,0.0014753385912626982,0.014817604795098305,,,1.0,normal
943,50,scenario3_repeated_spike,SAC,50,0.0,1,0.09,0.11199999999999999,0.5,0.5,-0.10099999999999999,0.07824829965829849,0.008939811028540134,0.02716594561934471,,,1.0,normal
944,50,scenario3_repeated_spike,SAC,50,1.0,0,0.060625,0.197,0.5,0.5,-0.1288125,0.18372021615505219,0.01798916794359684,0.04721653088927269,,,1.0,normal
945,50,scenario3_repeated_spike,SAC,50,1.9000000000000004,0,0.0611875,0.19790000000000002,0.5,0.5,-0.12954375,0.09333166480064392,0.009584510698914528,0.03754235431551933,,,1.0,normal
946,50,scenario3_repeated_spike,SAC,50,0.0,1,0.09,0.11199999999999999,0.5,0.5,-0.10099999999999999,0.0725250393152237,0.0025197002105414867,0.015156877227127552,,,1.0,normal
947,50,scenario3_repeated_spike,SAC,50,0.0,1,0.09,0.11199999999999999,0.5,0.5,-0.10099999999999999,0.06851434707641602,0.021096058189868927,0.04918816685676575,,,1.0,normal
948,50,scenario3_repeated_spike,SAC,50,1.0,0,0.060625,0.197,0.5,0.5,-0.1288125,0.17623752355575562,0.04492507502436638,0.06856029480695724,,,1.0,normal
949,50,scenario3_repeated_spike,SAC,50,0.0,1,0.09,0.11199999999999999,0.5,0.5,-0.10099999999999999,0.08749833703041077,0.0357656292617321,0.061818499118089676,,,1.0,normal
950,50,scenario3_repeated_spike,SAC,50,1.0,0,0.060625,0.197,0.5,0.5,-0.1288125,0.1653694212436676,0.02495396137237549,0.06284105777740479,,,1.0,normal
951,50,scenario3_repeated_spike,SAC,50,0.0,1,0.09,0.11199999999999999,0.5,0.5,-0.10099999999999999,0.10127539932727814,0.0013620543759316206,0.012774346396327019,,,1.0,normal
952,50,scenario3_repeated_spike,SAC,50,1.0,0,0.060625,0.197,0.5,0.5,-0.1288125,0.2553104758262634,0.025111781433224678,0.05273968353867531,,,1.0,normal
953,50,scenario3_repeated_spike,SAC,50,1.9000000000000004,0,0.0611875,0.19790000000000002,0.5,0.5,-0.12954375,0.16534890234470367,0.04507172480225563,0.05902203172445297,,,1.0,normal
954,50,scenario3_repeated_spike,SAC,50,0.0,1,0.09,0.11199999999999999,0.5,0.5,-0.10099999999999999,0.18155941367149353,0.061741966754198074,0.07638785243034363,,,1.0,normal
955,50,scenario3_repeated_spike,SAC,50,1.0,0,0.060625,0.197,0.5,0.5,-0.1288125,0.25823482871055603,0.061026133596897125,0.08849292993545532,,,1.0,normal
956,50,scenario3_repeated_spike,SAC,50,0.0,1,0.09,0.11199999999999999,0.5,0.5,-0.10099999999999999,0.1512111872434616,0.019119836390018463,0.046829935163259506,,,1.0,normal
957,50,scenario3_repeated_spike,SAC,50,0.0,1,0.09,0.11199999999999999,0.5,0.5,-0.10099999999999999,0.08544092625379562,0.004293124191462994,0.02198009006679058,,,1.0,normal
958,50,scenario3_repeated_spike,SAC,50,1.0,0,0.060625,0.197,0.5,0.5,-0.1288125,0.16438062489032745,0.01373949833214283,0.03621300309896469,,,1.0,normal
959,50,scenario3_repeated_spike,SAC,50,0.0,1,0.09,0.11199999999999999,0.5,0.5,-0.10099999999999999,0.06384547799825668,0.016113843768835068,0.03926486521959305,,,1.0,normal
960,50,scenario3_repeated_spike,SAC,50,1.0,0,0.060625,0.197,0.5,0.5,-0.1288125,0.25884711742401123,0.020727990195155144,0.05607471987605095,,,1.0,normal
961,50,scenario3_repeated_spike,SAC,50,1.9000000000000004,0,0.0611875,0.19790000000000002,0.5,0.5,-0.12954375,0.15460467338562012,0.009392935782670975,0.03007296472787857,,,1.0,normal
962,50,scenario3_repeated_spike,SAC,50,2.710000000000001,0,0.061693750000000006,0.19871000000000003,0.5,0.5,-0.13020187500000002,0.18284785747528076,0.01076673436909914,0.0390402115881443,,,1.0,normal
963,50,scenario3_repeated_spike,SAC,50,3.439,0,0.062149375,0.199439,0.5,0.5,-0.1307941875,0.023750580847263336,0.0044046989642083645,0.02152206376194954,,,1.0,normal
964,50,scenario3_repeated_spike,SAC,50,4.0951,0,0.06255943750000001,0.20009510000000003,0.5,0.5,-0.13132726875,0.12400843948125839,0.007859460078179836,0.03040117211639881,,,1.0,normal
965,50,scenario3_repeated_spike,SAC,50,0.0,1,0.09,0.11199999999999999,0.5,0.5,-0.10099999999999999,0.022134356200695038,0.004986885469406843,0.024669233709573746,,,1.0,normal
966,50,scenario3_repeated_spike,SAC,50,0.0,1,0.09,0.11199999999999999,0.5,0.5,-0.10099999999999999,0.14663417637348175,0.008468321524560452,0.019276993349194527,,,1.0,normal
967,50,scenario3_repeated_spike,SAC,50,0.0,1,0.09,0.11199999999999999,0.5,0.5,-0.10099999999999999,0.06343356519937515,0.00584494648501277,0.025547552853822708,,,1.0,normal
968,50,scenario3_repeated_spike,SAC,50,0.0,1,0.09,0.11199999999999999,0.5,0.5,-0.10099999999999999,0.22097134590148926,0.01178299356251955,0.03699330613017082,,,1.0,normal
969,50,scenario3_repeated_spike,SAC,50,1.0,0,0.060625,0.197,0.5,0.5,-0.1288125,0.10457134991884232,0.0037405327893793583,0.023788830265402794,,,1.0,normal
970,50,scenario3_repeated_spike,SAC,50,0.0,1,0.09,0.11199999999999999,0.5,0.5,-0.10099999999999999,0.17619451880455017,0.006520112045109272,0.030420348048210144,,,1.0,normal
971,50,scenario3_repeated_spike,SAC,50,1.0,0,0.060625,0.197,0.5,0.5,-0.1288125,0.059111252427101135,0.012510716915130615,0.03621889650821686,,,1.0,normal
972,50,scenario3_repeated_spike,SAC,50,0.0,1,0.09,0.11199999999999999,0.5,0.5,-0.10099999999999999,0.086374931037426,0.0066539933905005455,0.030211159959435463,,,1.0,normal
973,50,scenario3_repeated_spike,SAC,50,0.0,1,0.09,0.11199999999999999,0.5,0.5,-0.10099999999999999,0.2011520266532898,0.006557210348546505,0.03117789700627327,,,1.0,normal
974,50,scenario3_repeated_spike,SAC,50,1.0,0,0.060625,0.197,0.5,0.5,-0.1288125,0.15820397436618805,0.0059886714443564415,0.031107814982533455,,,1.0,normal
975,50,scenario3_repeated_spike,SAC,50,0.0,1,0.09,0.11199999999999999,0.5,0.5,-0.10099999999999999,0.08065482974052429,0.0019068807596340775,0.015379644930362701,,,1.0,normal
976,50,scenario3_repeated_spike,SAC,50,1.0,0,0.060625,0.197,0.5,0.5,-0.1288125,0.21649132668972015,0.014866380020976067,0.04693442955613136,,,1.0,normal
977,50,scenario3_repeated_spike,SAC,50,1.9000000000000004,0,0.0611875,0.19790000000000002,0.5,0.5,-0.12954375,0.08836553245782852,0.01980794221162796,0.05055331438779831,,,1.0,normal
978,50,scenario3_repeated_spike,SAC,50,0.0,1,0.09,0.11199999999999999,0.5,0.5,-0.10099999999999999,0.0826398953795433,0.009000125341117382,0.03597550839185715,,,1.0,normal
979,50,scenario3_repeated_spike,SAC,50,1.0,0,0.060625,0.197,0.5,0.5,-0.1288125,0.2119697630405426,0.0025933352299034595,0.01821659877896309,,,1.0,normal
980,50,scenario3_repeated_spike,SAC,50,0.0,1,0.09,0.11199999999999999,0.5,0.5,-0.10099999999999999,0.21857428550720215,0.0059405164793133736,0.03285740688443184,,,1.0,normal
981,50,scenario3_repeated_spike,SAC,50,0.0,1,0.09,0.11199999999999999,0.5,0.5,-0.10099999999999999,0.17400972545146942,0.016305452212691307,0.041868969798088074,,,1.0,normal
982,50,scenario3_repeated_spike,SAC,50,1.0,0,0.060625,0.197,0.5,0.5,-0.1288125,0.2467740774154663,0.014348121359944344,0.0390377901494503,,,1.0,normal
983,50,scenario3_repeated_spike,SAC,50,0.0,1,0.09,0.11199999999999999,0.5,0.5,-0.10099999999999999,0.11992496252059937,0.011608529835939407,0.03776172548532486,,,1.0,normal
984,50,scenario3_repeated_spike,SAC,50,0.0,1,0.09,0.11199999999999999,0.5,0.5,-0.10099999999999999,0.19641298055648804,0.002313109813258052,0.020554430782794952,,,1.0,normal
985,50,scenario3_repeated_spike,SAC,50,1.0,0,0.060625,0.197,0.5,0.5,-0.1288125,0.2041233628988266,0.011125165969133377,0.044424869120121,,,1.0,normal
986,50,scenario3_repeated_spike,SAC,50,1.9000000000000004,0,0.0611875,0.19790000000000002,0.5,0.5,-0.12954375,-0.002904687076807022,0.007760629523545504,0.031195415183901787,,,1.0,normal
987,50,scenario3_repeated_spike,SAC,50,2.710000000000001,0,0.061693750000000006,0.19871000000000003,0.5,0.5,-0.13020187500000002,0.0013005295768380165,0.002657555043697357,0.016642875969409943,,,1.0,normal
988,50,scenario3_repeated_spike,SAC,50,0.0,1,0.09,0.11199999999999999,0.5,0.5,-0.10099999999999999,0.1312830150127411,0.00582472886890173,0.028536438941955566,,,1.0,normal
989,50,scenario3_repeated_spike,SAC,50,1.0,0,0.060625,0.197,0.5,0.5,-0.1288125,0.16956160962581635,0.011226871982216835,0.04235932603478432,,,1.0,normal
990,50,scenario3_repeated_spike,SAC,50,0.0,1,0.09,0.11199999999999999,0.5,0.5,-0.10099999999999999,0.13359589874744415,0.0036070984788239002,0.02029949054121971,,,1.0,normal
991,50,scenario3_repeated_spike,SAC,50,1.0,0,0.060625,0.197,0.5,0.5,-0.1288125,0.09294497966766357,0.008024798706173897,0.03439961373806,,,1.0,normal
992,50,scenario3_repeated_spike,SAC,50,0.0,1,0.09,0.11199999999999999,0.5,0.5,-0.10099999999999999,0.11113730072975159,0.01435096375644207,0.04918941482901573,,,1.0,normal
993,50,scenario3_repeated_spike,SAC,50,1.0,0,0.060625,0.197,0.5,0.5,-0.1288125,0.005983405746519566,0.006409637164324522,0.025980591773986816,,,1.0,normal
994,50,scenario3_repeated_spike,SAC,50,0.0,1,0.09,0.11199999999999999,0.5,0.5,-0.10099999999999999,0.20421522855758667,0.00671729538589716,0.031133627519011497,,,1.0,normal
995,50,scenario3_repeated_spike,SAC,50,0.0,1,0.09,0.11199999999999999,0.5,0.5,-0.10099999999999999,0.11051301658153534,0.01014728657901287,0.04100607708096504,,,1.0,normal
996,50,scenario3_repeated_spike,SAC,50,1.0,0,0.060625,0.197,0.5,0.5,-0.1288125,0.023626232519745827,0.011015206575393677,0.03140353783965111,,,1.0,normal
997,50,scenario3_repeated_spike,SAC,50,0.0,1,0.09,0.11199999999999999,0.5,0.5,-0.10099999999999999,0.06610855460166931,0.016462448984384537,0.03714672848582268,,,1.0,normal
998,50,scenario3_repeated_spike,SAC,50,0.0,1,0.09,0.11199999999999999,0.5,0.5,-0.10099999999999999,0.12769722938537598,0.014896588400006294,0.04285356029868126,,,1.0,normal
999,50,scenario3_repeated_spike,SAC,50,0.0,1,0.09,0.11199999999999999,0.5,0.5,-0.10099999999999999,0.16916002333164215,0.007905079051852226,0.037735551595687866,,,1.0,normal
1000,50,scenario3_repeated_spike,SAC,50,0.0,1,0.09,0.11199999999999999,0.5,0.5,-0.10099999999999999,0.24795791506767273,0.01180101465433836,0.03892071545124054,,,1.0,normal
1001,50,scenario3_repeated_spike,SAC,50,1.0,0,0.060625,0.197,0.5,0.5,-0.1288125,0.22573891282081604,0.011838333681225777,0.044608790427446365,,,1.0,normal
1002,50,scenario3_repeated_spike,SAC,50,1.9000000000000004,0,0.0611875,0.19790000000000002,0.5,0.5,-0.12954375,0.2179717719554901,0.013487140648066998,0.04960349574685097,,,1.0,normal
1003,50,scenario3_repeated_spike,SAC,50,0.0,1,0.09,0.11199999999999999,0.5,0.5,-0.10099999999999999,0.15982413291931152,0.007174546830356121,0.022736165672540665,,,1.0,normal
1004,50,scenario3_repeated_spike,SAC,50,1.0,0,0.060625,0.197,0.5,0.5,-0.1288125,0.2627107501029968,0.010832952335476875,0.04023671895265579,,,1.0,normal
1005,50,scenario3_repeated_spike,SAC,50,0.0,1,0.09,0.11199999999999999,0.5,0.5,-0.10099999999999999,0.1556301862001419,0.018566172569990158,0.0485251359641552,,,1.0,normal
1006,50,scenario3_repeated_spike,SAC,50,0.0,1,0.09,0.11199999999999999,0.5,0.5,-0.10099999999999999,0.23638561367988586,0.022801071405410767,0.04740298539400101,,,1.0,normal
1007,50,scenario3_repeated_spike,SAC,50,1.0,0,0.060625,0.197,0.5,0.5,-0.1288125,0.15958020091056824,0.013681217096745968,0.03661201521754265,,,1.0,normal
1008,50,scenario3_repeated_spike,SAC,50,1.9000000000000004,0,0.0611875,0.19790000000000002,0.5,0.5,-0.12954375,0.12380800396203995,0.010614379309117794,0.03396773338317871,,,1.0,normal
1009,50,scenario3_repeated_spike,SAC,50,2.710000000000001,0,0.061693750000000006,0.19871000000000003,0.5,0.5,-0.13020187500000002,0.1969466358423233,0.006324681453406811,0.03119637258350849,,,1.0,normal
1010,50,scenario3_repeated_spike,SAC,50,0.0,1,0.09,0.11199999999999999,0.5,0.5,-0.10099999999999999,0.23187632858753204,0.0036161961033940315,0.025045888498425484,,,1.0,normal
1011,50,scenario3_repeated_spike,SAC,50,0.0,1,0.09,0.11199999999999999,0.5,0.5,-0.10099999999999999,0.19232462346553802,0.009559061378240585,0.04100603237748146,,,1.0,normal
1012,50,scenario3_repeated_spike,SAC,50,0.0,1,0.09,0.11199999999999999,0.5,0.5,-0.10099999999999999,0.1282041370868683,0.005777733866125345,0.022770779207348824,,,1.0,normal
1013,50,scenario3_repeated_spike,SAC,50,1.0,0,0.060625,0.197,0.5,0.5,-0.1288125,0.09521559625864029,0.004134857561439276,0.022971998900175095,,,1.0,normal
1014,50,scenario3_repeated_spike,SAC,50,1.9000000000000004,0,0.0611875,0.19790000000000002,0.5,0.5,-0.12954375,0.03525308892130852,0.0024625887162983418,0.017077118158340454,,,1.0,normal
1015,50,scenario3_repeated_spike,SAC,50,2.710000000000001,0,0.061693750000000006,0.19871000000000003,0.5,0.5,-0.13020187500000002,0.14656607806682587,0.0020485229324549437,0.01379376370459795,,,1.0,normal
1016,50,scenario3_repeated_spike,SAC,50,3.439,0,0.062149375,0.199439,0.5,0.5,-0.1307941875,0.16762056946754456,0.002249066950753331,0.020180700346827507,,,1.0,normal
1017,50,scenario3_repeated_spike,SAC,50,4.0951,0,0.06255943750000001,0.20009510000000003,0.5,0.5,-0.13132726875,0.16384077072143555,0.002953173592686653,0.016175681725144386,,,1.0,normal
1018,50,scenario3_repeated_spike,SAC,50,0.0,1,0.09,0.11199999999999999,0.5,0.5,-0.10099999999999999,0.17898587882518768,0.0030509191565215588,0.023170504719018936,,,1.0,normal
1019,50,scenario3_repeated_spike,SAC,50,0.0,1,0.09,0.11199999999999999,0.5,0.5,-0.10099999999999999,0.12071111798286438,0.0035852561704814434,0.016586313024163246,,,1.0,normal
1020,50,scenario3_repeated_spike,SAC,50,0.0,1,0.09,0.11199999999999999,0.5,0.5,-0.10099999999999999,0.07110948115587234,0.003383550327271223,0.020831234753131866,,,1.0,normal
1021,50,scenario3_repeated_spike,SAC,50,0.0,1,0.09,0.11199999999999999,0.5,0.5,-0.10099999999999999,0.007762597873806953,0.0035785415675491095,0.01887396350502968,,,1.0,normal
1022,50,scenario3_repeated_spike,SAC,50,0.0,1,0.09,0.11199999999999999,0.5,0.5,-0.10099999999999999,0.04262082651257515,0.004911212250590324,0.019923202693462372,,,1.0,normal
1023,50,scenario3_repeated_spike,SAC,50,1.0,0,0.060625,0.197,0.5,0.5,-0.1288125,0.23324750363826752,0.008565795607864857,0.0348934568464756,,,1.0,normal
1024,50,scenario3_repeated_spike,SAC,50,0.0,1,0.09,0.11199999999999999,0.5,0.5,-0.10099999999999999,0.1540297120809555,0.002650391310453415,0.02018619328737259,,,1.0,normal
1025,50,scenario3_repeated_spike,SAC,50,1.0,0,0.060625,0.197,0.5,0.5,-0.1288125,0.2224757969379425,0.009556863456964493,0.02601948007941246,,,1.0,normal
1026,50,scenario3_repeated_spike,SAC,50,0.0,1,0.09,0.11199999999999999,0.5,0.5,-0.10099999999999999,0.01686660572886467,0.0016316416440531611,0.013330116868019104,,,1.0,normal
1027,50,scenario3_repeated_spike,SAC,50,1.0,0,0.060625,0.197,0.5,0.5,-0.1288125,0.18056347966194153,0.010562454350292683,0.037109896540641785,,,1.0,normal
1028,50,scenario3_repeated_spike,SAC,50,0.0,1,0.09,0.11199999999999999,0.5,0.5,-0.10099999999999999,0.0654103010892868,0.004921548068523407,0.021602783352136612,,,1.0,normal
1029,50,scenario3_repeated_spike,SAC,50,0.0,1,0.09,0.11199999999999999,0.5,0.5,-0.10099999999999999,0.1920153945684433,0.0038234039675444365,0.026528583839535713,,,1.0,normal
1030,50,scenario3_repeated_spike,SAC,50,1.0,0,0.060625,0.197,0.5,0.5,-0.1288125,0.055968139320611954,0.0042146481573581696,0.022843124344944954,,,1.0,normal
1031,50,scenario3_repeated_spike,SAC,50,0.0,1,0.09,0.11199999999999999,0.5,0.5,-0.10099999999999999,0.0864134281873703,0.00209607882425189,0.0143886124715209,,,1.0,normal
1032,50,scenario3_repeated_spike,SAC,50,1.0,0,0.060625,0.197,0.5,0.5,-0.1288125,0.02447696402668953,0.0027545855846256018,0.019357014447450638,,,1.0,normal
1033,50,scenario3_repeated_spike,SAC,50,1.9000000000000004,0,0.0611875,0.19790000000000002,0.5,0.5,-0.12954375,0.1922978013753891,0.004516851156949997,0.02693307027220726,,,1.0,normal
1034,50,scenario3_repeated_spike,SAC,50,0.0,1,0.09,0.11199999999999999,0.5,0.5,-0.10099999999999999,0.2070997655391693,0.008263342082500458,0.02998102642595768,,,1.0,normal
1035,50,scenario3_repeated_spike,SAC,50,0.0,1,0.09,0.11199999999999999,0.5,0.5,-0.10099999999999999,0.1417422890663147,0.006350143812596798,0.031930483877658844,,,1.0,normal
1036,50,scenario3_repeated_spike,SAC,50,1.0,0,0.060625,0.197,0.5,0.5,-0.1288125,0.06809356808662415,0.0019009102834388614,0.01429583691060543,,,1.0,normal
1037,50,scenario3_repeated_spike,SAC,50,0.0,1,0.09,0.11199999999999999,0.5,0.5,-0.10099999999999999,0.13028371334075928,0.001804515952244401,0.014452158473432064,,,1.0,normal
1038,50,scenario3_repeated_spike,SAC,50,0.0,1,0.09,0.11199999999999999,0.5,0.5,-0.10099999999999999,0.025229234248399734,0.0025023501366376877,0.016467245295643806,,,1.0,normal
1039,50,scenario3_repeated_spike,SAC,50,0.0,1,0.09,0.11199999999999999,0.5,0.5,-0.10099999999999999,-0.024776078760623932,0.0015835606027394533,0.010633571073412895,,,1.0,normal
1040,50,scenario3_repeated_spike,SAC,50,0.0,1,0.09,0.11199999999999999,0.5,0.5,-0.10099999999999999,0.05620383098721504,0.0025775693356990814,0.020070554688572884,,,1.0,normal
1041,50,scenario3_repeated_spike,SAC,50,1.0,0,0.060625,0.197,0.5,0.5,-0.1288125,0.10176437348127365,0.00251929834485054,0.019658364355564117,,,1.0,normal
1042,50,scenario3_repeated_spike,SAC,50,1.9000000000000004,0,0.0611875,0.19790000000000002,0.5,0.5,-0.12954375,0.17806178331375122,0.004902280867099762,0.018764261156320572,,,1.0,normal
1043,50,scenario3_repeated_spike,SAC,50,2.710000000000001,0,0.061693750000000006,0.19871000000000003,0.5,0.5,-0.13020187500000002,0.2037326991558075,0.007946937344968319,0.03238789737224579,,,1.0,normal
1044,50,scenario3_repeated_spike,SAC,50,3.439,0,0.062149375,0.199439,0.5,0.5,-0.1307941875,0.14547452330589294,0.010287577286362648,0.03304755687713623,,,1.0,normal
1045,50,scenario3_repeated_spike,SAC,50,0.0,1,0.09,0.11199999999999999,0.5,0.5,-0.10099999999999999,0.11009687185287476,0.009341401979327202,0.032422665506601334,,,1.0,normal
1046,50,scenario3_repeated_spike,SAC,50,1.0,0,0.060625,0.197,0.5,0.5,-0.1288125,0.08301917463541031,0.0017595664830878377,0.014664917252957821,,,1.0,normal
1047,50,scenario3_repeated_spike,SAC,50,1.9000000000000004,0,0.0611875,0.19790000000000002,0.5,0.5,-0.12954375,0.12251101434230804,0.006126130931079388,0.02552427351474762,,,1.0,normal
1048,50,scenario3_repeated_spike,SAC,50,0.0,1,0.09,0.11199999999999999,0.5,0.5,-0.10099999999999999,0.1811077743768692,0.01823987439274788,0.052528392523527145,,,1.0,normal
1049,50,scenario3_repeated_spike,SAC,50,0.0,1,0.09,0.11199999999999999,0.5,0.5,-0.10099999999999999,0.03984487056732178,0.013291774317622185,0.03785029426217079,,,1.0,normal
1050,50,scenario3_repeated_spike,SAC,50,1.0,0,0.060625,0.197,0.5,0.5,-0.1288125,0.17383891344070435,0.008415118791162968,0.03078043833374977,,,1.0,normal
1051,50,scenario3_repeated_spike,SAC,50,1.9000000000000004,0,0.0611875,0.19790000000000002,0.5,0.5,-0.12954375,0.07368416339159012,0.003621570533141494,0.022261876612901688,,,1.0,normal
1052,50,scenario3_repeated_spike,SAC,50,0.0,1,0.09,0.11199999999999999,0.5,0.5,-0.10099999999999999,-0.039151161909103394,0.0025470489636063576,0.01628466323018074,,,1.0,normal
1053,50,scenario3_repeated_spike,SAC,50,0.0,1,0.09,0.11199999999999999,0.5,0.5,-0.10099999999999999,0.18367289006710052,0.006677853874862194,0.03115815855562687,,,1.0,normal
1054,50,scenario3_repeated_spike,SAC,50,0.0,1,0.09,0.11199999999999999,0.5,0.5,-0.10099999999999999,0.0308489128947258,0.004211972933262587,0.019238807260990143,,,1.0,normal
1055,50,scenario3_repeated_spike,SAC,50,0.0,1,0.09,0.11199999999999999,0.5,0.5,-0.10099999999999999,0.05424566566944122,0.0016607651486992836,0.014573180116713047,,,1.0,normal
1056,50,scenario3_repeated_spike,SAC,50,1.0,0,0.060625,0.197,0.5,0.5,-0.1288125,0.024089477956295013,0.003887714119628072,0.018750783056020737,,,1.0,normal
1057,50,scenario3_repeated_spike,SAC,50,0.0,1,0.09,0.11199999999999999,0.5,0.5,-0.10099999999999999,0.005215196870267391,0.00552079314365983,0.022404788061976433,,,1.0,normal
1058,50,scenario3_repeated_spike,SAC,50,1.0,0,0.060625,0.197,0.5,0.5,-0.1288125,0.14371681213378906,0.0029381497297436,0.019869551062583923,,,1.0,normal
1059,50,scenario3_repeated_spike,SAC,50,1.9000000000000004,0,0.0611875,0.19790000000000002,0.5,0.5,-0.12954375,0.14017894864082336,0.0021130370441824198,0.018236596137285233,,,1.0,normal
1060,50,scenario3_repeated_spike,SAC,50,0.0,1,0.09,0.11199999999999999,0.5,0.5,-0.10099999999999999,0.04472820833325386,0.0033922698348760605,0.018263554200530052,,,1.0,normal
1061,50,scenario3_repeated_spike,SAC,50,0.0,1,0.09,0.11199999999999999,0.5,0.5,-0.10099999999999999,0.21005333960056305,0.0026881881058216095,0.022962693125009537,,,1.0,normal
1062,50,scenario3_repeated_spike,SAC,50,0.0,1,0.09,0.11199999999999999,0.5,0.5,-0.10099999999999999,0.13221429288387299,0.010603385046124458,0.035561975091695786,,,1.0,normal
1063,50,scenario3_repeated_spike,SAC,50,1.0,0,0.060625,0.197,0.5,0.5,-0.1288125,0.07290984690189362,0.005746661219745874,0.026471376419067383,,,1.0,normal
1064,50,scenario3_repeated_spike,SAC,50,0.0,1,0.09,0.11199999999999999,0.5,0.5,-0.10099999999999999,0.020199399441480637,0.0030814441852271557,0.020573733374476433,,,1.0,normal
1065,50,scenario3_repeated_spike,SAC,50,0.0,1,0.09,0.11199999999999999,0.5,0.5,-0.10099999999999999,0.05551595985889435,0.0020843809470534325,0.016002822667360306,,,1.0,normal
1066,50,scenario3_repeated_spike,SAC,50,1.0,0,0.060625,0.197,0.5,0.5,-0.1288125,0.08475954830646515,0.004993979353457689,0.02185959555208683,,,1.0,normal
1067,50,scenario3_repeated_spike,SAC,50,0.0,1,0.09,0.11199999999999999,0.5,0.5,-0.10099999999999999,0.08454011380672455,0.0028205092530697584,0.015631770715117455,,,1.0,normal
1068,50,scenario3_repeated_spike,SAC,50,1.0,0,0.060625,0.197,0.5,0.5,-0.1288125,0.10036557167768478,0.005933711305260658,0.0245050135999918,,,1.0,normal
1069,50,scenario3_repeated_spike,SAC,50,1.9000000000000004,0,0.0611875,0.19790000000000002,0.5,0.5,-0.12954375,-0.030238330364227295,0.0021960907615721226,0.013904026709496975,,,1.0,normal
1070,50,scenario3_repeated_spike,SAC,50,0.0,1,0.09,0.11199999999999999,0.5,0.5,-0.10099999999999999,0.14161860942840576,0.0014264301862567663,0.012922876514494419,,,1.0,normal
1071,50,scenario3_repeated_spike,SAC,50,0.0,1,0.09,0.11199999999999999,0.5,0.5,-0.10099999999999999,0.17658087611198425,0.005848534405231476,0.02123940922319889,,,1.0,normal
1072,50,scenario3_repeated_spike,SAC,50,1.0,0,0.060625,0.197,0.5,0.5,-0.1288125,0.14420858025550842,0.0021692472510039806,0.017252204939723015,,,1.0,normal
1073,50,scenario3_repeated_spike,SAC,50,1.9000000000000004,0,0.0611875,0.19790000000000002,0.5,0.5,-0.12954375,0.1195160299539566,0.0018043725285679102,0.014364422298967838,,,1.0,normal
1074,50,scenario3_repeated_spike,SAC,50,2.710000000000001,0,0.061693750000000006,0.19871000000000003,0.5,0.5,-0.13020187500000002,0.07782537490129471,0.0017481736140325665,0.012398689053952694,,,1.0,normal
1075,50,scenario3_repeated_spike,SAC,50,3.439,0,0.062149375,0.199439,0.5,0.5,-0.1307941875,0.07272373139858246,0.00149195222184062,0.01377769373357296,,,1.0,normal
1076,50,scenario3_repeated_spike,SAC,50,0.0,1,0.09,0.11199999999999999,0.5,0.5,-0.10099999999999999,0.06400538980960846,0.0041082315146923065,0.018197815865278244,,,1.0,normal
1077,50,scenario3_repeated_spike,SAC,50,1.0,0,0.060625,0.197,0.5,0.5,-0.1288125,0.16298747062683105,0.0033219000324606895,0.019812695682048798,,,1.0,normal
1078,50,scenario3_repeated_spike,SAC,50,0.0,1,0.09,0.11199999999999999,0.5,0.5,-0.10099999999999999,0.11004322022199631,0.004378024954348803,0.02599940076470375,,,1.0,normal
1079,50,scenario3_repeated_spike,SAC,50,1.0,0,0.060625,0.197,0.5,0.5,-0.1288125,0.08336968719959259,0.0031080911867320538,0.018981797620654106,,,1.0,normal
1080,50,scenario3_repeated_spike,SAC,50,1.9000000000000004,0,0.0611875,0.19790000000000002,0.5,0.5,-0.12954375,-0.0028963815420866013,0.004009619355201721,0.015514533966779709,,,1.0,normal
1081,50,scenario3_repeated_spike,SAC,50,0.0,1,0.09,0.11199999999999999,0.5,0.5,-0.10099999999999999,0.05756675451993942,0.005320095457136631,0.021983344107866287,,,1.0,normal
1082,50,scenario3_repeated_spike,SAC,50,0.0,1,0.09,0.11199999999999999,0.5,0.5,-0.10099999999999999,0.07297459244728088,0.005806686822324991,0.021700138226151466,,,1.0,normal
1083,50,scenario3_repeated_spike,SAC,50,1.0,0,0.060625,0.197,0.5,0.5,-0.1288125,0.11066804826259613,0.008088001981377602,0.027300510555505753,,,1.0,normal
1084,50,scenario3_repeated_spike,SAC,50,1.9000000000000004,0,0.0611875,0.19790000000000002,0.5,0.5,-0.12954375,0.2422739565372467,0.0066579049453139305,0.03452654927968979,,,1.0,normal
1085,50,scenario3_repeated_spike,SAC,50,0.0,1,0.09,0.11199999999999999,0.5,0.5,-0.10099999999999999,0.13344034552574158,0.0065100411884486675,0.02497764118015766,,,1.0,normal
1086,50,scenario3_repeated_spike,SAC,50,1.0,0,0.060625,0.197,0.5,0.5,-0.1288125,0.09388132393360138,0.002266355324536562,0.01763094961643219,,,1.0,normal
1087,50,scenario3_repeated_spike,SAC,50,1.9000000000000004,0,0.0611875,0.19790000000000002,0.5,0.5,-0.12954375,0.030146848410367966,0.002564186230301857,0.018403278663754463,,,1.0,normal
1088,50,scenario3_repeated_spike,SAC,50,2.710000000000001,0,0.061693750000000006,0.19871000000000003,0.5,0.5,-0.13020187500000002,0.04945417493581772,0.001648301724344492,0.010975141078233719,,,1.0,normal
1089,50,scenario3_repeated_spike,SAC,50,0.0,1,0.09,0.11199999999999999,0.5,0.5,-0.10099999999999999,0.07443791627883911,0.005370837636291981,0.029332755133509636,,,1.0,normal
1090,50,scenario3_repeated_spike,SAC,50,1.0,0,0.060625,0.197,0.5,0.5,-0.1288125,0.029163867235183716,0.009729400277137756,0.03297538310289383,,,1.0,normal
1091,50,scenario3_repeated_spike,SAC,50,0.0,1,0.09,0.11199999999999999,0.5,0.5,-0.10099999999999999,0.07435594499111176,0.012837382033467293,0.027250157669186592,,,1.0,normal
1092,50,scenario3_repeated_spike,SAC,50,0.0,1,0.09,0.11199999999999999,0.5,0.5,-0.10099999999999999,0.13464145362377167,0.008711396716535091,0.028497878462076187,,,1.0,normal
1093,50,scenario3_repeated_spike,SAC,50,0.0,1,0.09,0.11199999999999999,0.5,0.5,-0.10099999999999999,0.13378846645355225,0.005258385092020035,0.02746490202844143,,,1.0,normal
1094,50,scenario3_repeated_spike,SAC,50,1.0,0,0.060625,0.197,0.5,0.5,-0.1288125,0.2140929400920868,0.0023021448869258165,0.01580372080206871,,,1.0,normal
1095,50,scenario3_repeated_spike,SAC,50,0.0,1,0.09,0.11199999999999999,0.5,0.5,-0.10099999999999999,0.20450036227703094,0.010488300584256649,0.03650766611099243,,,1.0,normal
1096,50,scenario3_repeated_spike,SAC,50,0.0,1,0.09,0.11199999999999999,0.5,0.5,-0.10099999999999999,0.10337208211421967,0.00760470749810338,0.02908698283135891,,,1.0,normal
1097,50,scenario3_repeated_spike,SAC,50,0.0,1,0.09,0.11199999999999999,0.5,0.5,-0.10099999999999999,0.11959466338157654,0.009741159155964851,0.026914676651358604,,,1.0,normal
1098,50,scenario3_repeated_spike,SAC,50,0.0,1,0.09,0.11199999999999999,0.5,0.5,-0.10099999999999999,0.07559087872505188,0.0046993885189294815,0.017702829092741013,,,1.0,normal
1099,50,scenario3_repeated_spike,SAC,50,1.0,0,0.060625,0.197,0.5,0.5,-0.1288125,0.08432677388191223,0.0053818682208657265,0.02696852758526802,,,1.0,normal
1100,50,scenario3_repeated_spike,SAC,50,1.9000000000000004,0,0.0611875,0.19790000000000002,0.5,0.5,-0.12954375,0.1657550185918808,0.0019802995957434177,0.01761096902191639,,,1.0,normal
1101,50,scenario3_repeated_spike,SAC,50,0.0,1,0.09,0.11199999999999999,0.5,0.5,-0.10099999999999999,0.02256493642926216,0.005653539672493935,0.026089226827025414,,,1.0,normal
1102,50,scenario3_repeated_spike,SAC,50,1.0,0,0.060625,0.197,0.5,0.5,-0.1288125,0.24862979352474213,0.019339533522725105,0.054917968809604645,,,1.0,normal
1103,50,scenario3_repeated_spike,SAC,50,1.9000000000000004,0,0.0611875,0.19790000000000002,0.5,0.5,-0.12954375,0.170313760638237,0.021914981305599213,0.04093585163354874,,,1.0,normal
1104,50,scenario3_repeated_spike,SAC,50,2.710000000000001,0,0.061693750000000006,0.19871000000000003,0.5,0.5,-0.13020187500000002,0.20766793191432953,0.014822134748101234,0.034989576786756516,,,1.0,normal
1105,50,scenario3_repeated_spike,SAC,50,0.0,1,0.09,0.11199999999999999,0.5,0.5,-0.10099999999999999,0.15069636702537537,0.012302050366997719,0.04153763875365257,,,1.0,normal
1106,50,scenario3_repeated_spike,SAC,50,1.0,0,0.060625,0.197,0.5,0.5,-0.1288125,0.09781361371278763,0.00314887473359704,0.02117551490664482,,,1.0,normal
1107,50,scenario3_repeated_spike,SAC,50,1.9000000000000004,0,0.0611875,0.19790000000000002,0.5,0.5,-0.12954375,0.15419620275497437,0.0037570197600871325,0.02177288942039013,,,1.0,normal
1108,50,scenario3_repeated_spike,SAC,50,2.710000000000001,0,0.061693750000000006,0.19871000000000003,0.5,0.5,-0.13020187500000002,0.0772736445069313,0.010158101096749306,0.03364163637161255,,,1.0,normal
1109,50,scenario3_repeated_spike,SAC,50,0.0,1,0.09,0.11199999999999999,0.5,0.5,-0.10099999999999999,0.059314727783203125,0.003442205488681793,0.01715860143303871,,,1.0,normal
1110,50,scenario3_repeated_spike,SAC,50,1.0,0,0.060625,0.197,0.5,0.5,-0.1288125,0.08118873089551926,0.002509585814550519,0.01775413565337658,,,1.0,normal
1111,50,scenario3_repeated_spike,SAC,50,0.0,1,0.09,0.11199999999999999,0.5,0.5,-0.10099999999999999,0.12847021222114563,0.0032484428957104683,0.02026023343205452,,,1.0,normal
1112,50,scenario3_repeated_spike,SAC,50,1.0,0,0.060625,0.197,0.5,0.5,-0.1288125,0.0849679708480835,0.0028074111323803663,0.018387768417596817,,,1.0,normal
1113,50,scenario3_repeated_spike,SAC,50,0.0,1,0.09,0.11199999999999999,0.5,0.5,-0.10099999999999999,0.13384389877319336,0.007450771052390337,0.03120392933487892,,,1.0,normal
1114,50,scenario3_repeated_spike,SAC,50,0.0,1,0.09,0.11199999999999999,0.5,0.5,-0.10099999999999999,0.16973178088665009,0.008437279611825943,0.03089919686317444,,,1.0,normal
1115,50,scenario3_repeated_spike,SAC,50,0.0,1,0.09,0.11199999999999999,0.5,0.5,-0.10099999999999999,0.20231442153453827,0.007251793053001165,0.031571511179208755,,,1.0,normal
1116,50,scenario3_repeated_spike,SAC,50,1.0,0,0.060625,0.197,0.5,0.5,-0.1288125,0.15092164278030396,0.00026435917243361473,0.006023979280143976,,,1.0,normal
1117,50,scenario3_repeated_spike,SAC,50,0.0,1,0.09,0.11199999999999999,0.5,0.5,-0.10099999999999999,0.03403279930353165,0.0032349368557333946,0.014392420649528503,,,1.0,normal
1118,50,scenario3_repeated_spike,SAC,50,0.0,1,0.09,0.11199999999999999,0.5,0.5,-0.10099999999999999,0.02225000225007534,0.0003630196733865887,0.0064048077911138535,,,1.0,normal
1119,50,scenario3_repeated_spike,SAC,50,0.0,1,0.09,0.11199999999999999,0.5,0.5,-0.10099999999999999,0.11578433960676193,0.007132616825401783,0.027101468294858932,,,1.0,normal
1120,50,scenario3_repeated_spike,SAC,50,0.0,1,0.09,0.11199999999999999,0.5,0.5,-0.10099999999999999,0.06790685653686523,0.009680628776550293,0.02993435226380825,,,1.0,normal
1121,50,scenario3_repeated_spike,SAC,50,1.0,0,0.060625,0.197,0.5,0.5,-0.1288125,0.15274548530578613,0.007380503695458174,0.022113485261797905,,,1.0,normal
1122,50,scenario3_repeated_spike,SAC,50,1.9000000000000004,0,0.0611875,0.19790000000000002,0.5,0.5,-0.12954375,0.1914028376340866,0.006205988582223654,0.03015689179301262,,,1.0,normal
1123,50,scenario3_repeated_spike,SAC,50,0.0,1,0.09,0.11199999999999999,0.5,0.5,-0.10099999999999999,0.031380314379930496,0.006142967380583286,0.027285661548376083,,,1.0,normal
1124,50,scenario3_repeated_spike,SAC,50,1.0,0,0.060625,0.197,0.5,0.5,-0.1288125,0.06765145063400269,0.011113055050373077,0.030720077455043793,,,1.0,normal
1125,50,scenario3_repeated_spike,SAC,50,0.0,1,0.09,0.11199999999999999,0.5,0.5,-0.10099999999999999,0.0071088168770074844,0.007810012437403202,0.02765709161758423,,,1.0,normal
1126,50,scenario3_repeated_spike,SAC,50,0.0,1,0.09,0.11199999999999999,0.5,0.5,-0.10099999999999999,0.04091408848762512,0.004104170948266983,0.021681975573301315,,,1.0,normal
1127,50,scenario3_repeated_spike,SAC,50,1.0,0,0.060625,0.197,0.5,0.5,-0.1288125,0.03403833135962486,0.0038377619348466396,0.015386638231575489,,,1.0,normal
1128,50,scenario3_repeated_spike,SAC,50,1.9000000000000004,0,0.0611875,0.19790000000000002,0.5,0.5,-0.12954375,0.10202194005250931,0.0061622969806194305,0.03040042519569397,,,1.0,normal
1129,50,scenario3_repeated_spike,SAC,50,0.0,1,0.09,0.11199999999999999,0.5,0.5,-0.10099999999999999,0.10168491303920746,0.006231321953237057,0.02563418820500374,,,1.0,normal
1130,50,scenario3_repeated_spike,SAC,50,1.0,0,0.060625,0.197,0.5,0.5,-0.1288125,0.12193658202886581,0.006130026187747717,0.030736379325389862,,,1.0,normal
1131,50,scenario3_repeated_spike,SAC,50,1.9000000000000004,0,0.0611875,0.19790000000000002,0.5,0.5,-0.12954375,0.014661192893981934,0.005691991187632084,0.02284589223563671,,,1.0,normal
1132,50,scenario3_repeated_spike,SAC,50,2.710000000000001,0,0.061693750000000006,0.19871000000000003,0.5,0.5,-0.13020187500000002,0.0470370352268219,0.005298160947859287,0.022830601781606674,,,1.0,normal
1133,50,scenario3_repeated_spike,SAC,50,0.0,1,0.09,0.11199999999999999,0.5,0.5,-0.10099999999999999,0.13619929552078247,0.002800295827910304,0.017602523788809776,,,1.0,normal
1134,50,scenario3_repeated_spike,SAC,50,0.0,1,0.09,0.11199999999999999,0.5,0.5,-0.10099999999999999,0.13895682990550995,0.008151763118803501,0.03316190093755722,,,1.0,normal
1135,50,scenario3_repeated_spike,SAC,50,1.0,0,0.060625,0.197,0.5,0.5,-0.1288125,0.06264747679233551,0.00172841502353549,0.01432071067392826,,,1.0,normal
1136,50,scenario3_repeated_spike,SAC,50,1.9000000000000004,0,0.0611875,0.19790000000000002,0.5,0.5,-0.12954375,0.07034783065319061,0.006111777853220701,0.029905902221798897,,,1.0,normal
1137,50,scenario3_repeated_spike,SAC,50,2.710000000000001,0,0.061693750000000006,0.19871000000000003,0.5,0.5,-0.13020187500000002,0.13797931373119354,0.010595278814435005,0.04111308604478836,,,1.0,normal
1138,50,scenario3_repeated_spike,SAC,50,0.0,1,0.09,0.11199999999999999,0.5,0.5,-0.10099999999999999,0.1275641769170761,0.006344313267618418,0.025132622569799423,,,1.0,normal
1139,50,scenario3_repeated_spike,SAC,50,0.0,1,0.09,0.11199999999999999,0.5,0.5,-0.10099999999999999,0.22810402512550354,0.0028769595082849264,0.017385264858603477,,,1.0,normal
1140,50,scenario3_repeated_spike,SAC,50,1.0,0,0.060625,0.197,0.5,0.5,-0.1288125,0.10740873217582703,0.00879641156643629,0.02786008082330227,,,1.0,normal
1141,50,scenario3_repeated_spike,SAC,50,1.9000000000000004,0,0.0611875,0.19790000000000002,0.5,0.5,-0.12954375,0.10517996549606323,0.0038686878979206085,0.0184289813041687,,,1.0,normal
1142,50,scenario3_repeated_spike,SAC,50,0.0,1,0.09,0.11199999999999999,0.5,0.5,-0.10099999999999999,0.07712573558092117,0.0010344142792746425,0.010535519570112228,,,1.0,normal
1143,50,scenario3_repeated_spike,SAC,50,0.0,1,0.09,0.11199999999999999,0.5,0.5,-0.10099999999999999,0.24330466985702515,0.006278283428400755,0.023465536534786224,,,1.0,normal
1144,50,scenario3_repeated_spike,SAC,50,0.0,1,0.09,0.11199999999999999,0.5,0.5,-0.10099999999999999,0.15940803289413452,0.00981505960226059,0.02948734350502491,,,1.0,normal
1145,50,scenario3_repeated_spike,SAC,50,0.0,1,0.09,0.11199999999999999,0.5,0.5,-0.10099999999999999,0.14644697308540344,0.011663489043712616,0.03550322726368904,,,1.0,normal
1146,50,scenario3_repeated_spike,SAC,50,1.0,0,0.060625,0.197,0.5,0.5,-0.1288125,-0.0068990811705589294,0.003247164422646165,0.01743883453309536,,,1.0,normal
1147,50,scenario3_repeated_spike,SAC,50,1.9000000000000004,0,0.0611875,0.19790000000000002,0.5,0.5,-0.12954375,0.002256840467453003,0.0017246033530682325,0.013297924771904945,,,1.0,normal
1148,50,scenario3_repeated_spike,SAC,50,0.0,1,0.09,0.11199999999999999,0.5,0.5,-0.10099999999999999,0.10478804260492325,0.003420961322262883,0.01817956566810608,,,1.0,normal
1149,50,scenario3_repeated_spike,SAC,50,0.0,1,0.09,0.11199999999999999,0.5,0.5,-0.10099999999999999,0.20289906859397888,0.004821622744202614,0.0191192589700222,,,1.0,normal
1150,50,scenario3_repeated_spike,SAC,50,1.0,0,0.060625,0.197,0.5,0.5,-0.1288125,0.18670222163200378,0.005149831995368004,0.025184785947203636,,,1.0,normal
1151,50,scenario3_repeated_spike,SAC,50,0.0,1,0.09,0.11199999999999999,0.5,0.5,-0.10099999999999999,0.09366916865110397,0.0012151938863098621,0.011933768168091774,,,1.0,normal
1152,50,scenario3_repeated_spike,SAC,50,0.0,1,0.09,0.11199999999999999,0.5,0.5,-0.10099999999999999,0.08838050812482834,0.007271197624504566,0.024962017312645912,,,1.0,normal
1153,50,scenario3_repeated_spike,SAC,50,0.0,1,0.09,0.11199999999999999,0.5,0.5,-0.10099999999999999,0.11592290550470352,0.0061479853466153145,0.02557116001844406,,,1.0,normal
1154,50,scenario3_repeated_spike,SAC,50,1.0,0,0.060625,0.197,0.5,0.5,-0.1288125,-0.013192564249038696,0.0038159301038831472,0.016326462849974632,,,1.0,normal
1155,50,scenario3_repeated_spike,SAC,50,1.9000000000000004,0,0.0611875,0.19790000000000002,0.5,0.5,-0.12954375,0.20856544375419617,0.0054855868220329285,0.027438517659902573,,,1.0,normal
1156,50,scenario3_repeated_spike,SAC,50,2.710000000000001,0,0.061693750000000006,0.19871000000000003,0.5,0.5,-0.13020187500000002,0.11965778470039368,0.004070920869708061,0.021560048684477806,,,1.0,normal
1157,50,scenario3_repeated_spike,SAC,50,3.439,0,0.062149375,0.199439,0.5,0.5,-0.1307941875,0.2240590751171112,0.0008542274590581656,0.013395002111792564,,,1.0,normal
1158,50,scenario3_repeated_spike,SAC,50,4.0951,0,0.06255943750000001,0.20009510000000003,0.5,0.5,-0.13132726875,-0.0743492990732193,0.004040219821035862,0.01887071691453457,,,1.0,normal
1159,50,scenario3_repeated_spike,SAC,50,0.0,1,0.09,0.11199999999999999,0.5,0.5,-0.10099999999999999,0.14146775007247925,0.014804910868406296,0.04666293412446976,,,1.0,normal
1160,50,scenario3_repeated_spike,SAC,50,0.0,1,0.09,0.11199999999999999,0.5,0.5,-0.10099999999999999,0.1522706151008606,0.009421750903129578,0.037115149199962616,,,1.0,normal
1161,50,scenario3_repeated_spike,SAC,50,0.0,1,0.09,0.11199999999999999,0.5,0.5,-0.10099999999999999,0.0694819986820221,0.0020156754180788994,0.015593945048749447,,,1.0,normal
1162,50,scenario3_repeated_spike,SAC,50,0.0,1,0.09,0.11199999999999999,0.5,0.5,-0.10099999999999999,0.16917595267295837,0.005467725917696953,0.026986507698893547,,,1.0,normal
1163,50,scenario3_repeated_spike,SAC,50,1.0,0,0.060625,0.197,0.5,0.5,-0.1288125,0.2681727409362793,0.011913079768419266,0.04419153556227684,,,1.0,normal
1164,50,scenario3_repeated_spike,SAC,50,1.9000000000000004,0,0.0611875,0.19790000000000002,0.5,0.5,-0.12954375,0.10926618427038193,0.007915426045656204,0.029620951041579247,,,1.0,normal
1165,50,scenario3_repeated_spike,SAC,50,0.0,1,0.09,0.11199999999999999,0.5,0.5,-0.10099999999999999,0.002522118389606476,0.01017422042787075,0.024126116186380386,,,1.0,normal
1166,50,scenario3_repeated_spike,SAC,50,1.0,0,0.060625,0.197,0.5,0.5,-0.1288125,0.1339508593082428,0.008470732718706131,0.033064939081668854,,,1.0,normal
1167,50,scenario3_repeated_spike,SAC,50,0.0,1,0.09,0.11199999999999999,0.5,0.5,-0.10099999999999999,0.18894369900226593,0.004307095427066088,0.022071687504649162,,,1.0,normal
1168,50,scenario3_repeated_spike,SAC,50,1.0,0,0.060625,0.197,0.5,0.5,-0.1288125,0.18630921840667725,0.004754454363137484,0.026536164805293083,,,1.0,normal
1169,50,scenario3_repeated_spike,SAC,50,0.0,1,0.09,0.11199999999999999,0.5,0.5,-0.10099999999999999,0.12492992728948593,0.008385411463677883,0.03046307899057865,,,1.0,normal
1170,50,scenario3_repeated_spike,SAC,50,0.0,1,0.09,0.11199999999999999,0.5,0.5,-0.10099999999999999,-0.04410034418106079,0.003768183756619692,0.01945534348487854,,,1.0,normal
1171,50,scenario3_repeated_spike,SAC,50,0.0,1,0.09,0.11199999999999999,0.5,0.5,-0.10099999999999999,0.0561685711145401,0.007011210545897484,0.023553768172860146,,,1.0,normal
1172,50,scenario3_repeated_spike,SAC,50,1.0,0,0.060625,0.197,0.5,0.5,-0.1288125,0.20538951456546783,0.006579441949725151,0.024938136339187622,,,1.0,normal
1173,50,scenario3_repeated_spike,SAC,50,0.0,1,0.09,0.11199999999999999,0.5,0.5,-0.10099999999999999,0.13616208732128143,0.002453871536999941,0.02037612721323967,,,1.0,normal
1174,50,scenario3_repeated_spike,SAC,50,0.0,1,0.09,0.11199999999999999,0.5,0.5,-0.10099999999999999,0.15126332640647888,0.001047957339324057,0.010841388255357742,,,1.0,normal
1175,50,scenario3_repeated_spike,SAC,50,1.0,0,0.060625,0.197,0.5,0.5,-0.1288125,-0.07304857671260834,0.003500099992379546,0.01909761130809784,,,1.0,normal
1176,50,scenario3_repeated_spike,SAC,50,0.0,1,0.09,0.11199999999999999,0.5,0.5,-0.10099999999999999,0.10500665754079819,0.00909295305609703,0.026559311896562576,,,1.0,normal
1177,50,scenario3_repeated_spike,SAC,50,0.0,1,0.09,0.11199999999999999,0.5,0.5,-0.10099999999999999,0.16453072428703308,0.022505255416035652,0.03514615073800087,,,1.0,normal
1178,50,scenario3_repeated_spike,SAC,50,1.0,0,0.060625,0.197,0.5,0.5,-0.1288125,0.08679281175136566,0.0034994278103113174,0.016407515853643417,,,1.0,normal
1179,50,scenario3_repeated_spike,SAC,50,1.9000000000000004,0,0.0611875,0.19790000000000002,0.5,0.5,-0.12954375,-0.017887204885482788,0.0020357626490294933,0.012404875829815865,,,1.0,normal
1180,50,scenario3_repeated_spike,SAC,50,2.710000000000001,0,0.061693750000000006,0.19871000000000003,0.5,0.5,-0.13020187500000002,0.13252921402454376,0.0015110475942492485,0.01430450938642025,,,1.0,normal
1181,50,scenario3_repeated_spike,SAC,50,0.0,1,0.09,0.11199999999999999,0.5,0.5,-0.10099999999999999,0.13813358545303345,0.0036621447652578354,0.02440747618675232,,,1.0,normal
1182,50,scenario3_repeated_spike,SAC,50,1.0,0,0.060625,0.197,0.5,0.5,-0.1288125,0.04652184993028641,0.0047391122207045555,0.019390661269426346,,,1.0,normal
1183,50,scenario3_repeated_spike,SAC,50,1.9000000000000004,0,0.0611875,0.19790000000000002,0.5,0.5,-0.12954375,0.06966087222099304,0.0021904180757701397,0.017004407942295074,,,1.0,normal
1184,50,scenario3_repeated_spike,SAC,50,0.0,1,0.09,0.11199999999999999,0.5,0.5,-0.10099999999999999,0.10705212503671646,0.0029513665940612555,0.019835427403450012,,,1.0,normal
1185,50,scenario3_repeated_spike,SAC,50,1.0,0,0.060625,0.197,0.5,0.5,-0.1288125,0.004259859211742878,0.002287238836288452,0.012355281040072441,,,1.0,normal
1186,50,scenario3_repeated_spike,SAC,50,0.0,1,0.09,0.11199999999999999,0.5,0.5,-0.10099999999999999,0.09258628636598587,0.003506059991195798,0.021198850125074387,,,1.0,normal
1187,50,scenario3_repeated_spike,SAC,50,0.0,1,0.09,0.11199999999999999,0.5,0.5,-0.10099999999999999,0.1066785380244255,0.0041352249681949615,0.023812828585505486,,,1.0,normal
1188,50,scenario3_repeated_spike,SAC,50,0.0,1,0.09,0.11199999999999999,0.5,0.5,-0.10099999999999999,-0.043002158403396606,0.002321595326066017,0.013460100628435612,,,1.0,normal
1189,50,scenario3_repeated_spike,SAC,50,0.0,1,0.09,0.11199999999999999,0.5,0.5,-0.10099999999999999,0.18778479099273682,0.003391577862203121,0.024659287184476852,,,1.0,normal
1190,50,scenario3_repeated_spike,SAC,50,1.0,0,0.060625,0.197,0.5,0.5,-0.1288125,-0.010425984859466553,0.0025924367364495993,0.014884361065924168,,,1.0,normal
1191,50,scenario3_repeated_spike,SAC,50,0.0,1,0.09,0.11199999999999999,0.5,0.5,-0.10099999999999999,0.08346766978502274,0.0018582171760499477,0.01441726740449667,,,1.0,normal
1192,50,scenario3_repeated_spike,SAC,50,1.0,0,0.060625,0.197,0.5,0.5,-0.1288125,0.06914170831441879,0.0037495873402804136,0.01456353161484003,,,1.0,normal
1193,50,scenario3_repeated_spike,SAC,50,0.0,1,0.09,0.11199999999999999,0.5,0.5,-0.10099999999999999,-0.14327314496040344,0.0052871485240757465,0.013962693512439728,,,1.0,normal
1194,50,scenario3_repeated_spike,SAC,50,0.0,1,0.09,0.11199999999999999,0.5,0.5,-0.10099999999999999,0.15433216094970703,0.004083952866494656,0.02476862259209156,,,1.0,normal
1195,50,scenario3_repeated_spike,SAC,50,0.0,1,0.09,0.11199999999999999,0.5,0.5,-0.10099999999999999,0.04732809215784073,0.005307062529027462,0.017400803044438362,,,1.0,normal
1196,50,scenario3_repeated_spike,SAC,50,0.0,1,0.09,0.11199999999999999,0.5,0.5,-0.10099999999999999,0.10707589983940125,0.007714965380728245,0.027965979650616646,,,1.0,normal
1197,50,scenario3_repeated_spike,SAC,50,0.0,1,0.09,0.11199999999999999,0.5,0.5,-0.10099999999999999,0.017505694180727005,0.0035404779482632875,0.01686023361980915,,,1.0,normal
1198,50,scenario3_repeated_spike,SAC,50,0.0,1,0.09,0.11199999999999999,0.5,0.5,-0.10099999999999999,0.11669230461120605,0.0015649087727069855,0.01108033861964941,,,1.0,normal
1199,50,scenario3_repeated_spike,SAC,50,1.0,0,0.060625,0.197,0.5,0.5,-0.1288125,0.05470440536737442,0.002476178575307131,0.018647748976945877,,,1.0,normal
1200,50,scenario3_repeated_spike,SAC,50,0.0,1,0.09,0.11199999999999999,0.5,0.5,-0.10099999999999999,0.14490260183811188,0.003563225967809558,0.019350985065102577,,,1.0,normal
1201,50,scenario3_repeated_spike,SAC,50,1.0,0,0.060625,0.197,0.5,0.5,-0.1288125,0.12593214213848114,0.008347180671989918,0.025372214615345,,,1.0,normal
1202,50,scenario3_repeated_spike,SAC,50,1.9000000000000004,0,0.0611875,0.19790000000000002,0.5,0.5,-0.12954375,-0.050587110221385956,0.0029173786751925945,0.01664246805012226,,,1.0,normal
1203,50,scenario3_repeated_spike,SAC,50,2.710000000000001,0,0.061693750000000006,0.19871000000000003,0.5,0.5,-0.13020187500000002,-0.009197067469358444,0.00039198805461637676,0.006532956846058369,,,1.0,normal
1204,50,scenario3_repeated_spike,SAC,50,0.0,1,0.09,0.11199999999999999,0.5,0.5,-0.10099999999999999,0.009323691949248314,0.006994192022830248,0.02671121433377266,,,1.0,normal
1205,50,scenario3_repeated_spike,SAC,50,0.0,1,0.09,0.11199999999999999,0.5,0.5,-0.10099999999999999,0.03424247354269028,0.011889620684087276,0.032966263592243195,,,1.0,normal
1206,50,scenario3_repeated_spike,SAC,50,0.0,1,0.09,0.11199999999999999,0.5,0.5,-0.10099999999999999,0.004296746104955673,0.005898693576455116,0.020819958299398422,,,1.0,normal
1207,50,scenario3_repeated_spike,SAC,50,1.0,0,0.060625,0.197,0.5,0.5,-0.1288125,-0.02594723179936409,0.0006766172591596842,0.009054216556251049,,,1.0,normal
1208,50,scenario3_repeated_spike,SAC,50,0.0,1,0.09,0.11199999999999999,0.5,0.5,-0.10099999999999999,0.1201222613453865,0.012309474870562553,0.027551334351301193,,,1.0,normal
1209,50,scenario3_repeated_spike,SAC,50,1.0,0,0.060625,0.197,0.5,0.5,-0.1288125,-0.021455835551023483,0.011386694386601448,0.027232715860009193,,,1.0,normal
1210,50,scenario3_repeated_spike,SAC,50,0.0,1,0.09,0.11199999999999999,0.5,0.5,-0.10099999999999999,0.0690547376871109,0.018079765141010284,0.03743822127580643,,,1.0,normal
1211,50,scenario3_repeated_spike,SAC,50,0.0,1,0.09,0.11199999999999999,0.5,0.5,-0.10099999999999999,0.10733838379383087,0.00858036708086729,0.02731751836836338,,,1.0,normal
1212,50,scenario3_repeated_spike,SAC,50,0.0,1,0.09,0.11199999999999999,0.5,0.5,-0.10099999999999999,0.12034402042627335,0.00045307993423193693,0.007496895268559456,,,1.0,normal
1213,50,scenario3_repeated_spike,SAC,50,1.0,0,0.060625,0.197,0.5,0.5,-0.1288125,0.2417154312133789,0.005139656364917755,0.027574431151151657,,,1.0,normal
1214,50,scenario3_repeated_spike,SAC,50,1.9000000000000004,0,0.0611875,0.19790000000000002,0.5,0.5,-0.12954375,0.1005728617310524,0.0026007182896137238,0.01617777906358242,,,1.0,normal
1215,50,scenario3_repeated_spike,SAC,50,2.710000000000001,0,0.061693750000000006,0.19871000000000003,0.5,0.5,-0.13020187500000002,-0.06631819158792496,0.0014062514528632164,0.011120948009192944,,,1.0,normal
1216,50,scenario3_repeated_spike,SAC,50,0.0,1,0.09,0.11199999999999999,0.5,0.5,-0.10099999999999999,0.13150522112846375,0.0028281130362302065,0.01988314278423786,,,1.0,normal
1217,50,scenario3_repeated_spike,SAC,50,1.0,0,0.060625,0.197,0.5,0.5,-0.1288125,0.09744502604007721,0.0009679167415015399,0.01063932478427887,,,1.0,normal
1218,50,scenario3_repeated_spike,SAC,50,0.0,1,0.09,0.11199999999999999,0.5,0.5,-0.10099999999999999,0.09304477274417877,0.006749574560672045,0.029213935136795044,,,1.0,normal
1219,50,scenario3_repeated_spike,SAC,50,1.0,0,0.060625,0.197,0.5,0.5,-0.1288125,0.09397523105144501,0.010937067680060863,0.032167937606573105,,,1.0,normal
1220,50,scenario3_repeated_spike,SAC,50,0.0,1,0.09,0.11199999999999999,0.5,0.5,-0.10099999999999999,0.14019283652305603,0.0079937893897295,0.029512636363506317,,,1.0,normal
1221,50,scenario3_repeated_spike,SAC,50,1.0,0,0.060625,0.197,0.5,0.5,-0.1288125,0.06768383085727692,0.0029125120490789413,0.015859592705965042,,,1.0,normal
1222,50,scenario3_repeated_spike,SAC,50,1.9000000000000004,0,0.0611875,0.19790000000000002,0.5,0.5,-0.12954375,0.19522477686405182,0.00929301604628563,0.03165405988693237,,,1.0,normal
1223,50,scenario3_repeated_spike,SAC,50,2.710000000000001,0,0.061693750000000006,0.19871000000000003,0.5,0.5,-0.13020187500000002,0.18655550479888916,0.017138944938778877,0.0381445437669754,,,1.0,normal
1224,50,scenario3_repeated_spike,SAC,50,0.0,1,0.09,0.11199999999999999,0.5,0.5,-0.10099999999999999,0.0549602285027504,0.009946765378117561,0.026855014264583588,,,1.0,normal
1225,50,scenario3_repeated_spike,SAC,50,0.0,1,0.09,0.11199999999999999,0.5,0.5,-0.10099999999999999,0.12918108701705933,0.0036166629288345575,0.01939479261636734,,,1.0,normal
1226,50,scenario3_repeated_spike,SAC,50,0.0,1,0.09,0.11199999999999999,0.5,0.5,-0.10099999999999999,0.21094053983688354,0.005959349684417248,0.030867908149957657,,,1.0,normal
1227,50,scenario3_repeated_spike,SAC,50,1.0,0,0.060625,0.197,0.5,0.5,-0.1288125,0.12089715152978897,0.009007764980196953,0.029768822714686394,,,1.0,normal
1228,50,scenario3_repeated_spike,SAC,50,1.9000000000000004,0,0.0611875,0.19790000000000002,0.5,0.5,-0.12954375,0.11660540103912354,0.007427213713526726,0.02886146493256092,,,1.0,normal
1229,50,scenario3_repeated_spike,SAC,50,2.710000000000001,0,0.061693750000000006,0.19871000000000003,0.5,0.5,-0.13020187500000002,-0.09501905739307404,0.001164841465651989,0.009197675622999668,,,1.0,normal
1230,50,scenario3_repeated_spike,SAC,50,3.439,0,0.062149375,0.199439,0.5,0.5,-0.1307941875,0.2749716341495514,0.010651417076587677,0.042589038610458374,,,1.0,normal
1231,50,scenario3_repeated_spike,SAC,50,0.0,1,0.09,0.11199999999999999,0.5,0.5,-0.10099999999999999,0.23476046323776245,0.01802096888422966,0.05350969731807709,,,1.0,normal
1232,50,scenario3_repeated_spike,SAC,50,0.0,1,0.09,0.11199999999999999,0.5,0.5,-0.10099999999999999,0.16649505496025085,0.012724724598228931,0.03959086164832115,,,1.0,normal
1233,50,scenario3_repeated_spike,SAC,50,1.0,0,0.060625,0.197,0.5,0.5,-0.1288125,0.01663917675614357,0.0026699688751250505,0.017986394464969635,,,1.0,normal
1234,50,scenario3_repeated_spike,SAC,50,1.9000000000000004,0,0.0611875,0.19790000000000002,0.5,0.5,-0.12954375,0.16683638095855713,0.007694048807024956,0.032926153391599655,,,1.0,normal
1235,50,scenario3_repeated_spike,SAC,50,0.0,1,0.09,0.11199999999999999,0.5,0.5,-0.10099999999999999,0.015441724099218845,0.008747541345655918,0.028733380138874054,,,1.0,normal
1236,50,scenario3_repeated_spike,SAC,50,0.0,1,0.09,0.11199999999999999,0.5,0.5,-0.10099999999999999,0.1681128442287445,0.010274442844092846,0.03730640932917595,,,1.0,normal
1237,50,scenario3_repeated_spike,SAC,50,1.0,0,0.060625,0.197,0.5,0.5,-0.1288125,0.08225812762975693,0.005491986870765686,0.02491798996925354,,,1.0,normal
1238,50,scenario3_repeated_spike,SAC,50,0.0,1,0.09,0.11199999999999999,0.5,0.5,-0.10099999999999999,0.027560750022530556,0.0047151753678917885,0.02137552946805954,,,1.0,normal
1239,50,scenario3_repeated_spike,SAC,50,0.0,1,0.09,0.11199999999999999,0.5,0.5,-0.10099999999999999,0.07615143805742264,0.00905841588973999,0.031141072511672974,,,1.0,normal
1240,50,scenario3_repeated_spike,SAC,50,0.0,1,0.09,0.11199999999999999,0.5,0.5,-0.10099999999999999,0.14752361178398132,0.015708085149526596,0.04819217324256897,,,1.0,normal
1241,50,scenario3_repeated_spike,SAC,50,1.0,0,0.060625,0.197,0.5,0.5,-0.1288125,-0.05888103321194649,0.0028044795617461205,0.01461297832429409,,,1.0,normal
1242,50,scenario3_repeated_spike,SAC,50,1.9000000000000004,0,0.0611875,0.19790000000000002,0.5,0.5,-0.12954375,0.05942291021347046,0.0060039847157895565,0.0235825777053833,,,1.0,normal
1243,50,scenario3_repeated_spike,SAC,50,0.0,1,0.09,0.11199999999999999,0.5,0.5,-0.10099999999999999,0.05063358694314957,0.020642461255192757,0.052118174731731415,,,1.0,normal
1244,50,scenario3_repeated_spike,SAC,50,1.0,0,0.060625,0.197,0.5,0.5,-0.1288125,0.09619812667369843,0.023982517421245575,0.057440806180238724,,,1.0,normal
1245,50,scenario3_repeated_spike,SAC,50,0.0,1,0.09,0.11199999999999999,0.5,0.5,-0.10099999999999999,0.10451168566942215,0.010889600962400436,0.03557923063635826,,,1.0,normal
1246,50,scenario3_repeated_spike,SAC,50,1.0,0,0.060625,0.197,0.5,0.5,-0.1288125,-0.01870807632803917,0.0034015397541224957,0.0185170229524374,,,1.0,normal
1247,50,scenario3_repeated_spike,SAC,50,0.0,1,0.09,0.11199999999999999,0.5,0.5,-0.10099999999999999,-0.07566073536872864,0.005958035588264465,0.021171802654862404,,,1.0,normal
1248,50,scenario3_repeated_spike,SAC,50,0.0,1,0.09,0.11199999999999999,0.5,0.5,-0.10099999999999999,0.04897408187389374,0.0076612550765275955,0.028770241886377335,,,1.0,normal
1249,50,scenario3_repeated_spike,SAC,50,1.0,0,0.060625,0.197,0.5,0.5,-0.1288125,0.12818628549575806,0.005392313469201326,0.026461418718099594,,,1.0,normal
1250,50,scenario3_repeated_spike,SAC,50,0.0,1,0.09,0.11199999999999999,0.5,0.5,-0.10099999999999999,-0.06338679790496826,0.004899781662970781,0.017392011359333992,,,1.0,normal
1251,50,scenario3_repeated_spike,SAC,50,0.0,1,0.09,0.11199999999999999,0.5,0.5,-0.10099999999999999,0.17031064629554749,0.023696351796388626,0.054402269423007965,,,1.0,normal
1252,50,scenario3_repeated_spike,SAC,50,1.0,0,0.060625,0.197,0.5,0.5,-0.1288125,-0.11919564008712769,0.005706422030925751,0.01784634403884411,,,1.0,normal
1253,50,scenario3_repeated_spike,SAC,50,1.9000000000000004,0,0.0611875,0.19790000000000002,0.5,0.5,-0.12954375,0.08828309923410416,0.008079642429947853,0.0304146446287632,,,1.0,normal
1254,50,scenario3_repeated_spike,SAC,50,2.710000000000001,0,0.061693750000000006,0.19871000000000003,0.5,0.5,-0.13020187500000002,0.14399272203445435,0.0020080721005797386,0.016498807817697525,,,1.0,normal
1255,50,scenario3_repeated_spike,SAC,50,0.0,1,0.09,0.11199999999999999,0.5,0.5,-0.10099999999999999,0.034031033515930176,0.005023851990699768,0.022626660764217377,,,1.0,normal
1256,50,scenario3_repeated_spike,SAC,50,0.0,1,0.09,0.11199999999999999,0.5,0.5,-0.10099999999999999,0.2494983971118927,0.007141634356230497,0.02990684285759926,,,1.0,normal
1257,50,scenario3_repeated_spike,SAC,50,0.0,1,0.09,0.11199999999999999,0.5,0.5,-0.10099999999999999,0.03718586266040802,0.001065430580638349,0.011504307389259338,,,1.0,normal
1258,50,scenario3_repeated_spike,SAC,50,1.0,0,0.060625,0.197,0.5,0.5,-0.1288125,-0.057248227298259735,0.004640985745936632,0.01621841825544834,,,1.0,normal
1259,50,scenario3_repeated_spike,SAC,50,0.0,1,0.09,0.11199999999999999,0.5,0.5,-0.10099999999999999,0.039037518203258514,0.01815502718091011,0.03756788372993469,,,1.0,normal
1260,50,scenario3_repeated_spike,SAC,50,0.0,1,0.09,0.11199999999999999,0.5,0.5,-0.10099999999999999,0.002340983599424362,0.013109260238707066,0.02888394333422184,,,1.0,normal
1261,50,scenario3_repeated_spike,SAC,50,0.0,1,0.09,0.11199999999999999,0.5,0.5,-0.10099999999999999,0.28664451837539673,0.011394054628908634,0.04325056076049805,,,1.0,normal
1262,50,scenario3_repeated_spike,SAC,50,0.0,1,0.09,0.11199999999999999,0.5,0.5,-0.10099999999999999,0.10486357659101486,0.004376239143311977,0.018117260187864304,,,1.0,normal
1263,50,scenario3_repeated_spike,SAC,50,0.0,1,0.09,0.11199999999999999,0.5,0.5,-0.10099999999999999,-0.020405158400535583,0.0031536410097032785,0.017212171107530594,,,1.0,normal
1264,50,scenario3_repeated_spike,SAC,50,0.0,1,0.09,0.11199999999999999,0.5,0.5,-0.10099999999999999,0.06357812881469727,0.006163918413221836,0.02719358168542385,,,1.0,normal
1265,50,scenario3_repeated_spike,SAC,50,1.0,0,0.060625,0.197,0.5,0.5,-0.1288125,0.18309052288532257,0.0017449739389121532,0.012768041342496872,,,1.0,normal
1266,50,scenario3_repeated_spike,SAC,50,1.9000000000000004,0,0.0611875,0.19790000000000002,0.5,0.5,-0.12954375,0.0367438942193985,0.01039948221296072,0.03569217398762703,,,1.0,normal
1267,50,scenario3_repeated_spike,SAC,50,0.0,1,0.09,0.11199999999999999,0.5,0.5,-0.10099999999999999,0.11524204164743423,0.02306654118001461,0.05239729955792427,,,1.0,normal
1268,50,scenario3_repeated_spike,SAC,50,0.0,1,0.09,0.11199999999999999,0.5,0.5,-0.10099999999999999,-0.017357297241687775,0.010013427585363388,0.025567006319761276,,,1.0,normal
1269,50,scenario3_repeated_spike,SAC,50,0.0,1,0.09,0.11199999999999999,0.5,0.5,-0.10099999999999999,0.1344996690750122,0.005212838761508465,0.026520226150751114,,,1.0,normal
1270,50,scenario3_repeated_spike,SAC,50,1.0,0,0.060625,0.197,0.5,0.5,-0.1288125,0.15030981600284576,0.007448431570082903,0.03289812058210373,,,1.0,normal
1271,50,scenario3_repeated_spike,SAC,50,0.0,1,0.09,0.11199999999999999,0.5,0.5,-0.10099999999999999,-0.048440657556056976,0.004847816191613674,0.018990136682987213,,,1.0,normal
1272,50,scenario3_repeated_spike,SAC,50,0.0,1,0.09,0.11199999999999999,0.5,0.5,-0.10099999999999999,-0.08730819821357727,0.003653139341622591,0.015259369276463985,,,1.0,normal
1273,50,scenario3_repeated_spike,SAC,50,0.0,1,0.09,0.11199999999999999,0.5,0.5,-0.10099999999999999,0.036166612058877945,0.0022080051712691784,0.01534537598490715,,,1.0,normal
1274,50,scenario3_repeated_spike,SAC,50,0.0,1,0.09,0.11199999999999999,0.5,0.5,-0.10099999999999999,0.1585022658109665,0.005913847126066685,0.021556740626692772,,,1.0,normal
1275,50,scenario3_repeated_spike,SAC,50,0.0,1,0.09,0.11199999999999999,0.5,0.5,-0.10099999999999999,0.15031228959560394,0.016483915969729424,0.04175898805260658,,,1.0,normal
1276,50,scenario3_repeated_spike,SAC,50,0.0,1,0.09,0.11199999999999999,0.5,0.5,-0.10099999999999999,-0.018484266474843025,0.009490535594522953,0.02632216177880764,,,1.0,normal
1277,50,scenario3_repeated_spike,SAC,50,0.0,1,0.09,0.11199999999999999,0.5,0.5,-0.10099999999999999,0.03408532962203026,0.004214692395180464,0.019256602972745895,,,1.0,normal
1278,50,scenario3_repeated_spike,SAC,50,1.0,0,0.060625,0.197,0.5,0.5,-0.1288125,-0.011263314634561539,0.003850612323731184,0.01960950903594494,,,1.0,normal
1279,50,scenario3_repeated_spike,SAC,50,0.0,1,0.09,0.11199999999999999,0.5,0.5,-0.10099999999999999,0.13846296072006226,0.008815649896860123,0.026835983619093895,,,1.0,normal
1280,50,scenario3_repeated_spike,SAC,50,1.0,0,0.060625,0.197,0.5,0.5,-0.1288125,0.06067929416894913,0.01094069518148899,0.034976959228515625,,,1.0,normal
1281,50,scenario3_repeated_spike,SAC,50,1.9000000000000004,0,0.0611875,0.19790000000000002,0.5,0.5,-0.12954375,0.014969214797019958,0.002595838624984026,0.017198212444782257,,,1.0,normal
1282,50,scenario3_repeated_spike,SAC,50,2.710000000000001,0,0.061693750000000006,0.19871000000000003,0.5,0.5,-0.13020187500000002,0.09581011533737183,0.00793265551328659,0.02793711982667446,,,1.0,normal
1283,50,scenario3_repeated_spike,SAC,50,3.439,0,0.062149375,0.199439,0.5,0.5,-0.1307941875,0.12203740328550339,0.018710309639573097,0.05007588118314743,,,1.0,normal
1284,50,scenario3_repeated_spike,SAC,50,0.0,1,0.09,0.11199999999999999,0.5,0.5,-0.10099999999999999,-0.028487585484981537,0.010404616594314575,0.02905300259590149,,,1.0,normal
1285,50,scenario3_repeated_spike,SAC,50,1.0,0,0.060625,0.197,0.5,0.5,-0.1288125,-0.0921865925192833,0.001975089078769088,0.01172502338886261,,,1.0,normal
1286,50,scenario3_repeated_spike,SAC,50,0.0,1,0.09,0.11199999999999999,0.5,0.5,-0.10099999999999999,0.0790969580411911,0.0022227498702704906,0.014455285854637623,,,1.0,normal
1287,50,scenario3_repeated_spike,SAC,50,1.0,0,0.060625,0.197,0.5,0.5,-0.1288125,-0.04659508913755417,0.00842614658176899,0.0281370859593153,,,1.0,normal
1288,50,scenario3_repeated_spike,SAC,50,0.0,1,0.09,0.11199999999999999,0.5,0.5,-0.10099999999999999,0.08080439269542694,0.015973173081874847,0.04281097650527954,,,1.0,normal
1289,50,scenario3_repeated_spike,SAC,50,1.0,0,0.060625,0.197,0.5,0.5,-0.1288125,0.04608571529388428,0.010602482594549656,0.029496800154447556,,,1.0,normal
1290,50,scenario3_repeated_spike,SAC,50,1.9000000000000004,0,0.0611875,0.19790000000000002,0.5,0.5,-0.12954375,-0.01750778779387474,0.008038710802793503,0.02953050658106804,,,1.0,normal
1291,50,scenario3_repeated_spike,SAC,50,2.710000000000001,0,0.061693750000000006,0.19871000000000003,0.5,0.5,-0.13020187500000002,0.06942185759544373,0.013566727750003338,0.03395839408040047,,,1.0,normal
1292,50,scenario3_repeated_spike,SAC,50,0.0,1,0.09,0.11199999999999999,0.5,0.5,-0.10099999999999999,0.12175304442644119,0.014432846568524837,0.04168890416622162,,,1.0,normal
1293,50,scenario3_repeated_spike,SAC,50,0.0,1,0.09,0.11199999999999999,0.5,0.5,-0.10099999999999999,-0.13350951671600342,0.002401320729404688,0.013607572764158249,,,1.0,normal
1294,50,scenario3_repeated_spike,SAC,50,1.0,0,0.060625,0.197,0.5,0.5,-0.1288125,0.08784905821084976,0.004437101539224386,0.022949736565351486,,,1.0,normal
1295,50,scenario3_repeated_spike,SAC,50,1.9000000000000004,0,0.0611875,0.19790000000000002,0.5,0.5,-0.12954375,0.18996770679950714,0.011447244323790073,0.038571108132600784,,,1.0,normal
1296,50,scenario3_repeated_spike,SAC,50,2.710000000000001,0,0.061693750000000006,0.19871000000000003,0.5,0.5,-0.13020187500000002,0.015128785744309425,0.00908094272017479,0.03285249322652817,,,1.0,normal
1297,50,scenario3_repeated_spike,SAC,50,0.0,1,0.09,0.11199999999999999,0.5,0.5,-0.10099999999999999,0.16258639097213745,0.0033458243124186993,0.021590495482087135,,,1.0,normal
1298,50,scenario3_repeated_spike,SAC,50,0.0,1,0.09,0.11199999999999999,0.5,0.5,-0.10099999999999999,0.06976688653230667,0.006146428175270557,0.0260503888130188,,,1.0,normal
1299,50,scenario3_repeated_spike,SAC,50,0.0,1,0.09,0.11199999999999999,0.5,0.5,-0.10099999999999999,0.02971147559583187,0.012373864650726318,0.03463146090507507,,,1.0,normal
1300,50,scenario3_repeated_spike,SAC,50,1.0,0,0.060625,0.197,0.5,0.5,-0.1288125,0.11797062307596207,0.012734932824969292,0.039047837257385254,,,1.0,normal
1301,50,scenario3_repeated_spike,SAC,50,0.0,1,0.09,0.11199999999999999,0.5,0.5,-0.10099999999999999,0.1588209569454193,0.005399687215685844,0.027776438742876053,,,1.0,normal
1302,50,scenario3_repeated_spike,SAC,50,0.0,1,0.09,0.11199999999999999,0.5,0.5,-0.10099999999999999,0.1706579178571701,0.005248603411018848,0.028517967090010643,,,1.0,normal
1303,50,scenario3_repeated_spike,SAC,50,0.0,1,0.09,0.11199999999999999,0.5,0.5,-0.10099999999999999,0.3599506616592407,0.013466496020555496,0.04364903271198273,,,1.0,normal
1304,50,scenario3_repeated_spike,SAC,50,0.0,1,0.09,0.11199999999999999,0.5,0.5,-0.10099999999999999,0.04494593292474747,0.006529855541884899,0.02450205758213997,,,1.0,normal
1305,50,scenario3_repeated_spike,SAC,50,1.0,0,0.060625,0.197,0.5,0.5,-0.1288125,-0.08275351673364639,0.0017749049002304673,0.012310924008488655,,,1.0,normal
1306,50,scenario3_repeated_spike,SAC,50,0.0,1,0.09,0.11199999999999999,0.5,0.5,-0.10099999999999999,0.2136375606060028,0.007681157905608416,0.03332623839378357,,,1.0,normal
1307,50,scenario3_repeated_spike,SAC,50,1.0,0,0.060625,0.197,0.5,0.5,-0.1288125,0.08717486262321472,0.012804688885807991,0.033890850841999054,,,1.0,normal
1308,50,scenario3_repeated_spike,SAC,50,1.9000000000000004,0,0.0611875,0.19790000000000002,0.5,0.5,-0.12954375,-0.04504022002220154,0.010187138803303242,0.029848793521523476,,,1.0,normal
1309,50,scenario3_repeated_spike,SAC,50,0.0,1,0.09,0.11199999999999999,0.5,0.5,-0.10099999999999999,0.10500438511371613,0.00413511274382472,0.024493347853422165,,,1.0,normal
1310,50,scenario3_repeated_spike,SAC,50,1.0,0,0.060625,0.197,0.5,0.5,-0.1288125,-0.10942037403583527,0.0021497299894690514,0.011616763658821583,,,1.0,normal
1311,50,scenario3_repeated_spike,SAC,50,0.0,1,0.09,0.11199999999999999,0.5,0.5,-0.10099999999999999,-0.016964366659522057,0.008438966237008572,0.026419412344694138,,,1.0,normal
1312,50,scenario3_repeated_spike,SAC,50,0.0,1,0.09,0.11199999999999999,0.5,0.5,-0.10099999999999999,-0.057604096829891205,0.003603076096624136,0.017998704686760902,,,1.0,normal
1313,50,scenario3_repeated_spike,SAC,50,1.0,0,0.060625,0.197,0.5,0.5,-0.1288125,0.04141203314065933,0.0015027823392301798,0.011416669934988022,,,1.0,normal
1314,50,scenario3_repeated_spike,SAC,50,1.9000000000000004,0,0.0611875,0.19790000000000002,0.5,0.5,-0.12954375,0.09457668662071228,0.008664201945066452,0.03149518370628357,,,1.0,normal
1315,50,scenario3_repeated_spike,SAC,50,0.0,1,0.09,0.11199999999999999,0.5,0.5,-0.10099999999999999,0.08632484823465347,0.012139726430177689,0.03096920996904373,,,1.0,normal
1316,50,scenario3_repeated_spike,SAC,50,1.0,0,0.060625,0.197,0.5,0.5,-0.1288125,0.015324551612138748,0.009077458642423153,0.025756048038601875,,,1.0,normal
1317,50,scenario3_repeated_spike,SAC,50,1.9000000000000004,0,0.0611875,0.19790000000000002,0.5,0.5,-0.12954375,-0.03918132185935974,0.0012027304619550705,0.010346981696784496,,,1.0,normal
1318,50,scenario3_repeated_spike,SAC,50,0.0,1,0.09,0.11199999999999999,0.5,0.5,-0.10099999999999999,0.09202010929584503,0.004809182602912188,0.023166324943304062,,,1.0,normal
1319,50,scenario3_repeated_spike,SAC,50,1.0,0,0.060625,0.197,0.5,0.5,-0.1288125,0.12003901600837708,0.014208416454494,0.03665103018283844,,,1.0,normal
1320,50,scenario3_repeated_spike,SAC,50,0.0,1,0.09,0.11199999999999999,0.5,0.5,-0.10099999999999999,0.2663932740688324,0.015011407434940338,0.044343575835227966,,,1.0,normal
1321,50,scenario3_repeated_spike,SAC,50,1.0,0,0.060625,0.197,0.5,0.5,-0.1288125,0.05642320588231087,0.00319833867251873,0.020198769867420197,,,1.0,normal
1322,50,scenario3_repeated_spike,SAC,50,1.9000000000000004,0,0.0611875,0.19790000000000002,0.5,0.5,-0.12954375,0.014493654482066631,0.0023360135965049267,0.015024354681372643,,,1.0,normal
1323,50,scenario3_repeated_spike,SAC,50,0.0,1,0.09,0.11199999999999999,0.5,0.5,-0.10099999999999999,0.1118788868188858,0.012524518184363842,0.04238304868340492,,,1.0,normal
1324,50,scenario3_repeated_spike,SAC,50,0.0,1,0.09,0.11199999999999999,0.5,0.5,-0.10099999999999999,-0.00014212355017662048,0.010306952521204948,0.034764643758535385,,,1.0,normal
1325,50,scenario3_repeated_spike,SAC,50,1.0,0,0.060625,0.197,0.5,0.5,-0.1288125,0.01862294226884842,0.005253429990261793,0.023501306772232056,,,1.0,normal
1326,50,scenario3_repeated_spike,SAC,50,1.9000000000000004,0,0.0611875,0.19790000000000002,0.5,0.5,-0.12954375,0.005626346915960312,0.004543560091406107,0.01862279698252678,,,1.0,normal
1327,50,scenario3_repeated_spike,SAC,50,2.710000000000001,0,0.061693750000000006,0.19871000000000003,0.5,0.5,-0.13020187500000002,0.02288464456796646,0.012341991066932678,0.0328485369682312,,,1.0,normal
1328,50,scenario3_repeated_spike,SAC,50,0.0,1,0.09,0.11199999999999999,0.5,0.5,-0.10099999999999999,0.1340668797492981,0.022069590166211128,0.05242191255092621,,,1.0,normal
1329,50,scenario3_repeated_spike,SAC,50,0.0,1,0.09,0.11199999999999999,0.5,0.5,-0.10099999999999999,0.1059778481721878,0.013731421902775764,0.03807198256254196,,,1.0,normal
1330,50,scenario3_repeated_spike,SAC,50,1.0,0,0.060625,0.197,0.5,0.5,-0.1288125,0.07663732767105103,0.0064845941960811615,0.028832146897912025,,,1.0,normal
1331,50,scenario3_repeated_spike,SAC,50,0.0,1,0.09,0.11199999999999999,0.5,0.5,-0.10099999999999999,0.19205650687217712,0.01202730368822813,0.035396527498960495,,,1.0,normal
1332,50,scenario3_repeated_spike,SAC,50,1.0,0,0.060625,0.197,0.5,0.5,-0.1288125,0.06257029622793198,0.012901095673441887,0.040657658129930496,,,1.0,normal
1333,50,scenario3_repeated_spike,SAC,50,1.9000000000000004,0,0.0611875,0.19790000000000002,0.5,0.5,-0.12954375,0.13931500911712646,0.013662999495863914,0.03843815624713898,,,1.0,normal
1334,50,scenario3_repeated_spike,SAC,50,0.0,1,0.09,0.11199999999999999,0.5,0.5,-0.10099999999999999,0.22333143651485443,0.012447354383766651,0.04400021210312843,,,1.0,normal
1335,50,scenario3_repeated_spike,SAC,50,0.0,1,0.09,0.11199999999999999,0.5,0.5,-0.10099999999999999,0.09256269037723541,0.01125207357108593,0.03659207373857498,,,1.0,normal
1336,50,scenario3_repeated_spike,SAC,50,1.0,0,0.060625,0.197,0.5,0.5,-0.1288125,0.052829258143901825,0.008542180992662907,0.026682091876864433,,,1.0,normal
1337,50,scenario3_repeated_spike,SAC,50,0.0,1,0.09,0.11199999999999999,0.5,0.5,-0.10099999999999999,0.09879102557897568,0.005509350914508104,0.02412843517959118,,,1.0,normal
1338,50,scenario3_repeated_spike,SAC,50,1.0,0,0.060625,0.197,0.5,0.5,-0.1288125,0.1286342442035675,0.009675493463873863,0.033425211906433105,,,1.0,normal
1339,50,scenario3_repeated_spike,SAC,50,0.0,1,0.09,0.11199999999999999,0.5,0.5,-0.10099999999999999,0.015233444981276989,0.0015915508847683668,0.010150047019124031,,,1.0,normal
1340,50,scenario3_repeated_spike,SAC,50,1.0,0,0.060625,0.197,0.5,0.5,-0.1288125,0.12086954712867737,0.0035735820420086384,0.0224427729845047,,,1.0,normal
1341,50,scenario3_repeated_spike,SAC,50,0.0,1,0.09,0.11199999999999999,0.5,0.5,-0.10099999999999999,0.08294502645730972,0.008500180207192898,0.026021532714366913,,,1.0,normal
1342,50,scenario3_repeated_spike,SAC,50,0.0,1,0.09,0.11199999999999999,0.5,0.5,-0.10099999999999999,-0.033331528306007385,0.0022706305608153343,0.011632989160716534,,,1.0,normal
1343,50,scenario3_repeated_spike,SAC,50,0.0,1,0.09,0.11199999999999999,0.5,0.5,-0.10099999999999999,0.07145942747592926,0.00968494638800621,0.023736538365483284,,,1.0,normal
1344,50,scenario3_repeated_spike,SAC,50,1.0,0,0.060625,0.197,0.5,0.5,-0.1288125,-0.06266003102064133,0.009376481175422668,0.02697480469942093,,,1.0,normal
1345,50,scenario3_repeated_spike,SAC,50,1.9000000000000004,0,0.0611875,0.19790000000000002,0.5,0.5,-0.12954375,0.13004186749458313,0.009118887595832348,0.03131229802966118,,,1.0,normal
1346,50,scenario3_repeated_spike,SAC,50,0.0,1,0.09,0.11199999999999999,0.5,0.5,-0.10099999999999999,-0.09871266037225723,0.002369409194216132,0.013910876587033272,,,1.0,normal
1347,50,scenario3_repeated_spike,SAC,50,1.0,0,0.060625,0.197,0.5,0.5,-0.1288125,0.1483508199453354,0.012767215259373188,0.029511481523513794,,,1.0,normal
1348,50,scenario3_repeated_spike,SAC,50,1.9000000000000004,0,0.0611875,0.19790000000000002,0.5,0.5,-0.12954375,0.21491548418998718,0.022450953722000122,0.038725875318050385,,,1.0,normal
1349,50,scenario3_repeated_spike,SAC,50,0.0,1,0.09,0.11199999999999999,0.5,0.5,-0.10099999999999999,-0.0005940496921539307,0.006582543253898621,0.022092264145612717,,,1.0,normal
1350,50,scenario3_repeated_spike,SAC,50,0.0,1,0.09,0.11199999999999999,0.5,0.5,-0.10099999999999999,0.06638458371162415,0.0031520389020442963,0.009169675409793854,,,1.0,normal
1351,50,scenario3_repeated_spike,SAC,50,0.0,1,0.09,0.11199999999999999,0.5,0.5,-0.10099999999999999,-0.03547770529985428,0.0026396685279905796,0.01508768554776907,,,1.0,normal
1352,50,scenario3_repeated_spike,SAC,50,0.0,1,0.09,0.11199999999999999,0.5,0.5,-0.10099999999999999,0.1847764253616333,0.011945604346692562,0.032389622181653976,,,1.0,normal
1353,50,scenario3_repeated_spike,SAC,50,0.0,1,0.09,0.11199999999999999,0.5,0.5,-0.10099999999999999,0.05082070082426071,0.011059006676077843,0.026784056797623634,,,1.0,normal
1354,50,scenario3_repeated_spike,SAC,50,0.0,1,0.09,0.11199999999999999,0.5,0.5,-0.10099999999999999,0.19476361572742462,0.0058518992736935616,0.023991961032152176,,,1.0,normal
1355,50,scenario3_repeated_spike,SAC,50,1.0,0,0.060625,0.197,0.5,0.5,-0.1288125,0.07475538551807404,0.003603922436013818,0.019924085587263107,,,1.0,normal
1356,50,scenario3_repeated_spike,SAC,50,1.9000000000000004,0,0.0611875,0.19790000000000002,0.5,0.5,-0.12954375,-0.004534083418548107,0.005566990002989769,0.022814225405454636,,,1.0,normal
1357,50,scenario3_repeated_spike,SAC,50,0.0,1,0.09,0.11199999999999999,0.5,0.5,-0.10099999999999999,0.002079159952700138,0.010312588885426521,0.026781680062413216,,,1.0,normal
1358,50,scenario3_repeated_spike,SAC,50,0.0,1,0.09,0.11199999999999999,0.5,0.5,-0.10099999999999999,0.06489293277263641,0.002338071120902896,0.014653414487838745,,,1.0,normal
1359,50,scenario3_repeated_spike,SAC,50,0.0,1,0.09,0.11199999999999999,0.5,0.5,-0.10099999999999999,0.04167906939983368,0.002679040189832449,0.01634025387465954,,,1.0,normal
1360,50,scenario3_repeated_spike,SAC,50,1.0,0,0.060625,0.197,0.5,0.5,-0.1288125,0.021468011662364006,0.0035859670024365187,0.01652771607041359,,,1.0,normal
1361,50,scenario3_repeated_spike,SAC,50,0.0,1,0.09,0.11199999999999999,0.5,0.5,-0.10099999999999999,0.10543549805879593,0.00692725321277976,0.026588093489408493,,,1.0,normal
1362,50,scenario3_repeated_spike,SAC,50,1.0,0,0.060625,0.197,0.5,0.5,-0.1288125,0.17638950049877167,0.006307197269052267,0.02214932069182396,,,1.0,normal
1363,50,scenario3_repeated_spike,SAC,50,0.0,1,0.09,0.11199999999999999,0.5,0.5,-0.10099999999999999,0.057229235768318176,0.008119715377688408,0.02436630055308342,,,1.0,normal
1364,50,scenario3_repeated_spike,SAC,50,0.0,1,0.09,0.11199999999999999,0.5,0.5,-0.10099999999999999,0.09060321003198624,0.011000693775713444,0.03253249451518059,,,1.0,normal
1365,50,scenario3_repeated_spike,SAC,50,0.0,1,0.09,0.11199999999999999,0.5,0.5,-0.10099999999999999,0.1875184029340744,0.007017218973487616,0.02840355597436428,,,1.0,normal
1366,50,scenario3_repeated_spike,SAC,50,1.0,0,0.060625,0.197,0.5,0.5,-0.1288125,-0.023819804191589355,0.0016436302103102207,0.010484825819730759,,,1.0,normal
1367,50,scenario3_repeated_spike,SAC,50,1.9000000000000004,0,0.0611875,0.19790000000000002,0.5,0.5,-0.12954375,0.16015839576721191,0.009923260658979416,0.027587570250034332,,,1.0,normal
1368,50,scenario3_repeated_spike,SAC,50,0.0,1,0.09,0.11199999999999999,0.5,0.5,-0.10099999999999999,0.018794339150190353,0.008270641788840294,0.023809684440493584,,,1.0,normal
1369,50,scenario3_repeated_spike,SAC,50,0.0,1,0.09,0.11199999999999999,0.5,0.5,-0.10099999999999999,0.07727978378534317,0.005136722233146429,0.020705286413431168,,,1.0,normal
1370,50,scenario3_repeated_spike,SAC,50,1.0,0,0.060625,0.197,0.5,0.5,-0.1288125,-0.005109475925564766,0.0024380567483603954,0.010358903557062149,,,1.0,normal
1371,50,scenario3_repeated_spike,SAC,50,0.0,1,0.09,0.11199999999999999,0.5,0.5,-0.10099999999999999,0.019536655396223068,0.00532836839556694,0.020137613639235497,,,1.0,normal
1372,50,scenario3_repeated_spike,SAC,50,0.0,1,0.09,0.11199999999999999,0.5,0.5,-0.10099999999999999,0.24654434621334076,0.0196226853877306,0.05213528126478195,,,1.0,normal
1373,50,scenario3_repeated_spike,SAC,50,1.0,0,0.060625,0.197,0.5,0.5,-0.1288125,-0.05290384218096733,0.006387555971741676,0.02280404418706894,,,1.0,normal
1374,50,scenario3_repeated_spike,SAC,50,1.9000000000000004,0,0.0611875,0.19790000000000002,0.5,0.5,-0.12954375,0.07602617889642715,0.002516312524676323,0.014283240772783756,,,1.0,normal
1375,50,scenario3_repeated_spike,SAC,50,0.0,1,0.09,0.11199999999999999,0.5,0.5,-0.10099999999999999,0.07595215737819672,0.004586552269756794,0.022988680750131607,,,1.0,normal
1376,50,scenario3_repeated_spike,SAC,50,0.0,1,0.09,0.11199999999999999,0.5,0.5,-0.10099999999999999,0.11399845033884048,0.010616417042911053,0.02917182259261608,,,1.0,normal
1377,50,scenario3_repeated_spike,SAC,50,0.0,1,0.09,0.11199999999999999,0.5,0.5,-0.10099999999999999,0.08548645675182343,0.012568471021950245,0.032399944961071014,,,1.0,normal
1378,50,scenario3_repeated_spike,SAC,50,1.0,0,0.060625,0.197,0.5,0.5,-0.1288125,0.004632681608200073,0.0071370708756148815,0.019330140203237534,,,1.0,normal
1379,50,scenario3_repeated_spike,SAC,50,1.9000000000000004,0,0.0611875,0.19790000000000002,0.5,0.5,-0.12954375,-0.06721119582653046,0.004058586433529854,0.01590501330792904,,,1.0,normal
1380,50,scenario3_repeated_spike,SAC,50,0.0,1,0.09,0.11199999999999999,0.5,0.5,-0.10099999999999999,0.027499191462993622,0.007245674729347229,0.024145154282450676,,,1.0,normal
1381,50,scenario3_repeated_spike,SAC,50,1.0,0,0.060625,0.197,0.5,0.5,-0.1288125,-0.02318108081817627,0.0059635997749865055,0.020097482949495316,,,1.0,normal
1382,50,scenario3_repeated_spike,SAC,50,0.0,1,0.09,0.11199999999999999,0.5,0.5,-0.10099999999999999,0.10399782657623291,0.005589792970567942,0.021656697615981102,,,1.0,normal
1383,50,scenario3_repeated_spike,SAC,50,1.0,0,0.060625,0.197,0.5,0.5,-0.1288125,-0.024812158197164536,0.0015180036425590515,0.012017459608614445,,,1.0,normal
1384,50,scenario3_repeated_spike,SAC,50,0.0,1,0.09,0.11199999999999999,0.5,0.5,-0.10099999999999999,-0.02626965194940567,0.0057938904501497746,0.022854246199131012,,,1.0,normal
1385,50,scenario3_repeated_spike,SAC,50,1.0,0,0.060625,0.197,0.5,0.5,-0.1288125,0.09885495901107788,0.007434585131704807,0.03190923109650612,,,1.0,normal
1386,50,scenario3_repeated_spike,SAC,50,1.9000000000000004,0,0.0611875,0.19790000000000002,0.5,0.5,-0.12954375,0.13849058747291565,0.0019401853205636144,0.014907104894518852,,,1.0,normal
1387,50,scenario3_repeated_spike,SAC,50,2.710000000000001,0,0.061693750000000006,0.19871000000000003,0.5,0.5,-0.13020187500000002,0.017529932782053947,0.005994252860546112,0.025009863078594208,,,1.0,normal
1388,50,scenario3_repeated_spike,SAC,50,3.439,0,0.062149375,0.199439,0.5,0.5,-0.1307941875,0.05978861451148987,0.009706901386380196,0.03559289872646332,,,1.0,normal
1389,50,scenario3_repeated_spike,SAC,50,0.0,1,0.09,0.11199999999999999,0.5,0.5,-0.10099999999999999,0.11172588914632797,0.00642660865560174,0.02872190997004509,,,1.0,normal
1390,50,scenario3_repeated_spike,SAC,50,1.0,0,0.060625,0.197,0.5,0.5,-0.1288125,-0.03724472224712372,0.002788182348012924,0.01319010928273201,,,1.0,normal
1391,50,scenario3_repeated_spike,SAC,50,1.9000000000000004,0,0.0611875,0.19790000000000002,0.5,0.5,-0.12954375,-0.03257282078266144,0.005444807931780815,0.021480940282344818,,,1.0,normal
1392,50,scenario3_repeated_spike,SAC,50,0.0,1,0.09,0.11199999999999999,0.5,0.5,-0.10099999999999999,0.1495041400194168,0.005581557285040617,0.02398078888654709,,,1.0,normal
1393,50,scenario3_repeated_spike,SAC,50,1.0,0,0.060625,0.197,0.5,0.5,-0.1288125,0.023180849850177765,0.0051177809946238995,0.0220399908721447,,,1.0,normal
1394,50,scenario3_repeated_spike,SAC,50,1.9000000000000004,0,0.0611875,0.19790000000000002,0.5,0.5,-0.12954375,0.2167671024799347,0.01081225648522377,0.035296253859996796,,,1.0,normal
1395,50,scenario3_repeated_spike,SAC,50,0.0,1,0.09,0.11199999999999999,0.5,0.5,-0.10099999999999999,0.1460728943347931,0.0060115475207567215,0.029031798243522644,,,1.0,normal
1396,50,scenario3_repeated_spike,SAC,50,1.0,0,0.060625,0.197,0.5,0.5,-0.1288125,0.008523553609848022,0.0021680169738829136,0.013075914233922958,,,1.0,normal
1397,50,scenario3_repeated_spike,SAC,50,0.0,1,0.09,0.11199999999999999,0.5,0.5,-0.10099999999999999,0.07227694243192673,0.0028609847649931908,0.01749706268310547,,,1.0,normal
1398,50,scenario3_repeated_spike,SAC,50,0.0,1,0.09,0.11199999999999999,0.5,0.5,-0.10099999999999999,0.1495816707611084,0.006857356056571007,0.022572996094822884,,,1.0,normal
1399,50,scenario3_repeated_spike,SAC,50,0.0,1,0.09,0.11199999999999999,0.5,0.5,-0.10099999999999999,-0.04625178873538971,0.0025845379568636417,0.01471094973385334,,,1.0,normal
1400,50,scenario3_repeated_spike,SAC,50,0.0,1,0.09,0.11199999999999999,0.5,0.5,-0.10099999999999999,-0.03112715668976307,0.0060570742934942245,0.016106070950627327,,,1.0,normal
1401,50,scenario3_repeated_spike,SAC,50,0.0,1,0.09,0.11199999999999999,0.5,0.5,-0.10099999999999999,0.021497290581464767,0.0009886221960186958,0.010920763947069645,,,1.0,normal
1402,50,scenario3_repeated_spike,SAC,50,1.0,0,0.060625,0.197,0.5,0.5,-0.1288125,0.03646961599588394,0.008573155850172043,0.017518499866127968,,,1.0,normal
1403,50,scenario3_repeated_spike,SAC,50,0.0,1,0.09,0.11199999999999999,0.5,0.5,-0.10099999999999999,-0.07787363976240158,0.003037314396351576,0.010647444054484367,,,1.0,normal
1404,50,scenario3_repeated_spike,SAC,50,0.0,1,0.09,0.11199999999999999,0.5,0.5,-0.10099999999999999,0.07021349668502808,0.0025542755611240864,0.013505817390978336,,,1.0,normal
1405,50,scenario3_repeated_spike,SAC,50,0.0,1,0.09,0.11199999999999999,0.5,0.5,-0.10099999999999999,0.05940049886703491,0.00198143208399415,0.01352972723543644,,,1.0,normal
1406,50,scenario3_repeated_spike,SAC,50,0.0,1,0.09,0.11199999999999999,0.5,0.5,-0.10099999999999999,0.055467259138822556,0.0071446592919528484,0.02509734220802784,,,1.0,normal
1407,50,scenario3_repeated_spike,SAC,50,1.0,0,0.060625,0.197,0.5,0.5,-0.1288125,-0.016542773693799973,0.006272813770920038,0.018972698599100113,,,1.0,normal
1408,50,scenario3_repeated_spike,SAC,50,0.0,1,0.09,0.11199999999999999,0.5,0.5,-0.10099999999999999,0.09888602793216705,0.009802382439374924,0.028116147965192795,,,1.0,normal
1409,50,scenario3_repeated_spike,SAC,50,0.0,1,0.09,0.11199999999999999,0.5,0.5,-0.10099999999999999,0.046720195561647415,0.004854296334087849,0.021306367591023445,,,1.0,normal
1410,50,scenario3_repeated_spike,SAC,50,1.0,0,0.060625,0.197,0.5,0.5,-0.1288125,0.05280274897813797,0.0022606155835092068,0.016311869025230408,,,1.0,normal
1411,50,scenario3_repeated_spike,SAC,50,1.9000000000000004,0,0.0611875,0.19790000000000002,0.5,0.5,-0.12954375,0.0484151653945446,0.0048141018487513065,0.01853330060839653,,,1.0,normal
1412,50,scenario3_repeated_spike,SAC,50,2.710000000000001,0,0.061693750000000006,0.19871000000000003,0.5,0.5,-0.13020187500000002,0.09004652500152588,0.012619836255908012,0.030862100422382355,,,1.0,normal
1413,50,scenario3_repeated_spike,SAC,50,0.0,1,0.09,0.11199999999999999,0.5,0.5,-0.10099999999999999,-0.0036737918853759766,0.0015407530590891838,0.010703696869313717,,,1.0,normal
1414,50,scenario3_repeated_spike,SAC,50,0.0,1,0.09,0.11199999999999999,0.5,0.5,-0.10099999999999999,0.03636787831783295,0.0008484760182909667,0.009885909967124462,,,1.0,normal
1415,50,scenario3_repeated_spike,SAC,50,1.0,0,0.060625,0.197,0.5,0.5,-0.1288125,0.18814949691295624,0.0030996501445770264,0.017849918454885483,,,1.0,normal
1416,50,scenario3_repeated_spike,SAC,50,1.9000000000000004,0,0.0611875,0.19790000000000002,0.5,0.5,-0.12954375,0.012264512479305267,0.0022752825170755386,0.009577135555446148,,,1.0,normal
1417,50,scenario3_repeated_spike,SAC,50,2.710000000000001,0,0.061693750000000006,0.19871000000000003,0.5,0.5,-0.13020187500000002,-0.0174227524548769,0.002402001991868019,0.012717513367533684,,,1.0,normal
1418,50,scenario3_repeated_spike,SAC,50,3.439,0,0.062149375,0.199439,0.5,0.5,-0.1307941875,-0.0837864875793457,0.0006584419752471149,0.008334885351359844,,,1.0,normal
1419,50,scenario3_repeated_spike,SAC,50,0.0,1,0.09,0.11199999999999999,0.5,0.5,-0.10099999999999999,0.09321576356887817,0.001126055489294231,0.00813143327832222,,,1.0,normal
1420,50,scenario3_repeated_spike,SAC,50,0.0,1,0.09,0.11199999999999999,0.5,0.5,-0.10099999999999999,0.08917078375816345,0.003257269272580743,0.016467450186610222,,,1.0,normal
1421,50,scenario3_repeated_spike,SAC,50,0.0,1,0.09,0.11199999999999999,0.5,0.5,-0.10099999999999999,-0.06433995813131332,0.005550391040742397,0.01579948700964451,,,1.0,normal
1422,50,scenario3_repeated_spike,SAC,50,1.0,0,0.060625,0.197,0.5,0.5,-0.1288125,0.17725034058094025,0.004234671592712402,0.02084389515221119,,,1.0,normal
1423,50,scenario3_repeated_spike,SAC,50,1.9000000000000004,0,0.0611875,0.19790000000000002,0.5,0.5,-0.12954375,0.08003590255975723,0.0012999479658901691,0.01267346553504467,,,1.0,normal
1424,50,scenario3_repeated_spike,SAC,50,0.0,1,0.09,0.11199999999999999,0.5,0.5,-0.10099999999999999,0.0018909312784671783,0.001475957571528852,0.011357948184013367,,,1.0,normal
1425,50,scenario3_repeated_spike,SAC,50,1.0,0,0.060625,0.197,0.5,0.5,-0.1288125,0.04688498377799988,0.0019017067970708013,0.012334467843174934,,,1.0,normal
1426,50,scenario3_repeated_spike,SAC,50,0.0,1,0.09,0.11199999999999999,0.5,0.5,-0.10099999999999999,-0.026179641485214233,0.0024200715124607086,0.011497936211526394,,,1.0,normal
1427,50,scenario3_repeated_spike,SAC,50,0.0,1,0.09,0.11199999999999999,0.5,0.5,-0.10099999999999999,-0.08195321261882782,0.0030041502323001623,0.014161750674247742,,,1.0,normal
1428,50,scenario3_repeated_spike,SAC,50,0.0,1,0.09,0.11199999999999999,0.5,0.5,-0.10099999999999999,-8.52048397064209e-05,0.004313313402235508,0.019941488280892372,,,1.0,normal
1429,50,scenario3_repeated_spike,SAC,50,1.0,0,0.060625,0.197,0.5,0.5,-0.1288125,0.06990876793861389,0.0024853702634572983,0.016031112521886826,,,1.0,normal
1430,50,scenario3_repeated_spike,SAC,50,0.0,1,0.09,0.11199999999999999,0.5,0.5,-0.10099999999999999,0.02868744730949402,0.0031211841851472855,0.016346458345651627,,,1.0,normal
1431,50,scenario3_repeated_spike,SAC,50,0.0,1,0.09,0.11199999999999999,0.5,0.5,-0.10099999999999999,-0.058489564806222916,0.0018973266705870628,0.011217838153243065,,,1.0,normal
1432,50,scenario3_repeated_spike,SAC,50,0.0,1,0.09,0.11199999999999999,0.5,0.5,-0.10099999999999999,0.12613356113433838,0.0026472965255379677,0.01783745177090168,,,1.0,normal
1433,50,scenario3_repeated_spike,SAC,50,1.0,0,0.060625,0.197,0.5,0.5,-0.1288125,0.09957791864871979,0.001183479791507125,0.009955156594514847,,,1.0,normal
1434,50,scenario3_repeated_spike,SAC,50,0.0,1,0.09,0.11199999999999999,0.5,0.5,-0.10099999999999999,0.21692702174186707,0.008339597843587399,0.037540215998888016,,,1.0,normal
1435,50,scenario3_repeated_spike,SAC,50,1.0,0,0.060625,0.197,0.5,0.5,-0.1288125,0.17218628525733948,0.013528368435800076,0.03832896053791046,,,1.0,normal
1436,50,scenario3_repeated_spike,SAC,50,0.0,1,0.09,0.11199999999999999,0.5,0.5,-0.10099999999999999,0.16285130381584167,0.009106696583330631,0.03464686498045921,,,1.0,normal
1437,50,scenario3_repeated_spike,SAC,50,0.0,1,0.09,0.11199999999999999,0.5,0.5,-0.10099999999999999,0.08844353258609772,0.0016740922583267093,0.01469726674258709,,,1.0,normal
1438,50,scenario3_repeated_spike,SAC,50,1.0,0,0.060625,0.197,0.5,0.5,-0.1288125,0.05725399777293205,0.008749742060899734,0.025952592492103577,,,1.0,normal
1439,50,scenario3_repeated_spike,SAC,50,1.9000000000000004,0,0.0611875,0.19790000000000002,0.5,0.5,-0.12954375,0.09350757300853729,0.016267618164420128,0.039376143366098404,,,1.0,normal
1440,50,scenario3_repeated_spike,SAC,50,2.710000000000001,0,0.061693750000000006,0.19871000000000003,0.5,0.5,-0.13020187500000002,0.07297615706920624,0.014850848354399204,0.03563974052667618,,,1.0,normal
1441,50,scenario3_repeated_spike,SAC,50,0.0,1,0.09,0.11199999999999999,0.5,0.5,-0.10099999999999999,-0.02097141742706299,0.004292093683034182,0.020349808037281036,,,1.0,normal
1442,50,scenario3_repeated_spike,SAC,50,1.0,0,0.060625,0.197,0.5,0.5,-0.1288125,0.08780360221862793,0.003073055064305663,0.01638735830783844,,,1.0,normal
1443,50,scenario3_repeated_spike,SAC,50,1.9000000000000004,0,0.0611875,0.19790000000000002,0.5,0.5,-0.12954375,0.09101837128400803,0.0072008525021374226,0.02419368177652359,,,1.0,normal
1444,50,scenario3_repeated_spike,SAC,50,0.0,1,0.09,0.11199999999999999,0.5,0.5,-0.10099999999999999,-0.060658104717731476,0.010306566022336483,0.029100501909852028,,,1.0,normal
1445,50,scenario3_repeated_spike,SAC,50,0.0,1,0.09,0.11199999999999999,0.5,0.5,-0.10099999999999999,-0.08662714809179306,0.006698433309793472,0.020317604765295982,,,1.0,normal
1446,50,scenario3_repeated_spike,SAC,50,0.0,1,0.09,0.11199999999999999,0.5,0.5,-0.10099999999999999,-0.08618052303791046,0.005166372284293175,0.017984014004468918,,,1.0,normal
1447,50,scenario3_repeated_spike,SAC,50,1.0,0,0.060625,0.197,0.5,0.5,-0.1288125,0.08494265377521515,0.0028114162851125,0.01632559671998024,,,1.0,normal
1448,50,scenario3_repeated_spike,SAC,50,1.9000000000000004,0,0.0611875,0.19790000000000002,0.5,0.5,-0.12954375,-0.027214793488383293,0.004058790393173695,0.016225887462496758,,,1.0,normal
1449,50,scenario3_repeated_spike,SAC,50,0.0,1,0.09,0.11199999999999999,0.5,0.5,-0.10099999999999999,0.059390999376773834,0.0042000701650977135,0.02319021336734295,,,1.0,normal
1450,50,scenario3_repeated_spike,SAC,50,0.0,1,0.09,0.11199999999999999,0.5,0.5,-0.10099999999999999,-0.049938276410102844,0.002902629319578409,0.013643269427120686,,,1.0,normal
1451,50,scenario3_repeated_spike,SAC,50,0.0,1,0.09,0.11199999999999999,0.5,0.5,-0.10099999999999999,0.01403084583580494,0.0035954946652054787,0.019119642674922943,,,1.0,normal
1452,50,scenario3_repeated_spike,SAC,50,1.0,0,0.060625,0.197,0.5,0.5,-0.1288125,-0.042603857815265656,0.004927331116050482,0.02082875929772854,,,1.0,normal
1453,50,scenario3_repeated_spike,SAC,50,0.0,1,0.09,0.11199999999999999,0.5,0.5,-0.10099999999999999,0.26410844922065735,0.007768698967993259,0.0273667573928833,,,1.0,normal
1454,50,scenario3_repeated_spike,SAC,50,1.0,0,0.060625,0.197,0.5,0.5,-0.1288125,0.12362197041511536,0.0030332058668136597,0.020129380747675896,,,1.0,normal
1455,50,scenario3_repeated_spike,SAC,50,1.9000000000000004,0,0.0611875,0.19790000000000002,0.5,0.5,-0.12954375,0.12590795755386353,0.004527353681623936,0.024811748415231705,,,1.0,normal
1456,50,scenario3_repeated_spike,SAC,50,2.710000000000001,0,0.061693750000000006,0.19871000000000003,0.5,0.5,-0.13020187500000002,0.1925642490386963,0.008377555757761002,0.024080533534288406,,,1.0,normal
1457,50,scenario3_repeated_spike,SAC,50,3.439,0,0.062149375,0.199439,0.5,0.5,-0.1307941875,0.07005646824836731,0.0012204478261992335,0.011643094010651112,,,1.0,normal
1458,50,scenario3_repeated_spike,SAC,50,0.0,1,0.09,0.11199999999999999,0.5,0.5,-0.10099999999999999,0.065916046500206,0.003575785318389535,0.017072422429919243,,,1.0,normal
1459,50,scenario3_repeated_spike,SAC,50,1.0,0,0.060625,0.197,0.5,0.5,-0.1288125,0.05210837721824646,0.0005392793100327253,0.008308567106723785,,,1.0,normal
1460,50,scenario3_repeated_spike,SAC,50,0.0,1,0.09,0.11199999999999999,0.5,0.5,-0.10099999999999999,-0.01789475791156292,0.002892125165089965,0.01561746560037136,,,1.0,normal
1461,50,scenario3_repeated_spike,SAC,50,0.0,1,0.09,0.11199999999999999,0.5,0.5,-0.10099999999999999,0.0926886647939682,0.005410124082118273,0.023993052542209625,,,1.0,normal
1462,50,scenario3_repeated_spike,SAC,50,0.0,1,0.09,0.11199999999999999,0.5,0.5,-0.10099999999999999,-0.04600588232278824,0.0038819052278995514,0.01877583935856819,,,1.0,normal
1463,50,scenario3_repeated_spike,SAC,50,0.0,1,0.09,0.11199999999999999,0.5,0.5,-0.10099999999999999,0.0892912745475769,0.0016240461263805628,0.014061552472412586,,,1.0,normal
1464,50,scenario3_repeated_spike,SAC,50,1.0,0,0.060625,0.197,0.5,0.5,-0.1288125,0.09944525361061096,0.004278930835425854,0.021691279485821724,,,1.0,normal
1465,50,scenario3_repeated_spike,SAC,50,0.0,1,0.09,0.11199999999999999,0.5,0.5,-0.10099999999999999,-0.030731219798326492,0.0049867830239236355,0.021109778434038162,,,1.0,normal
1466,50,scenario3_repeated_spike,SAC,50,0.0,1,0.09,0.11199999999999999,0.5,0.5,-0.10099999999999999,-0.10893352329730988,0.0019080000929534435,0.010878055356442928,,,1.0,normal
1467,50,scenario3_repeated_spike,SAC,50,0.0,1,0.09,0.11199999999999999,0.5,0.5,-0.10099999999999999,0.014628583565354347,0.008499756455421448,0.01923413947224617,,,1.0,normal
1468,50,scenario3_repeated_spike,SAC,50,1.0,0,0.060625,0.197,0.5,0.5,-0.1288125,-0.06479743123054504,0.00251493277028203,0.012507248669862747,,,1.0,normal
1469,50,scenario3_repeated_spike,SAC,50,1.9000000000000004,0,0.0611875,0.19790000000000002,0.5,0.5,-0.12954375,-0.0173430647701025,0.002436509123072028,0.012715775519609451,,,1.0,normal
1470,50,scenario3_repeated_spike,SAC,50,0.0,1,0.09,0.11199999999999999,0.5,0.5,-0.10099999999999999,0.10636849701404572,0.005721766967326403,0.02521476522088051,,,1.0,normal
1471,50,scenario3_repeated_spike,SAC,50,1.0,0,0.060625,0.197,0.5,0.5,-0.1288125,-0.14738819003105164,0.0028547444380819798,0.014282980002462864,,,1.0,normal
1472,50,scenario3_repeated_spike,SAC,50,0.0,1,0.09,0.11199999999999999,0.5,0.5,-0.10099999999999999,0.18186195194721222,0.007508414331823587,0.030272765085101128,,,1.0,normal
1473,50,scenario3_repeated_spike,SAC,50,0.0,1,0.09,0.11199999999999999,0.5,0.5,-0.10099999999999999,0.06060199812054634,0.001262390287593007,0.013264767825603485,,,1.0,normal
1474,50,scenario3_repeated_spike,SAC,50,0.0,1,0.09,0.11199999999999999,0.5,0.5,-0.10099999999999999,0.060548022389411926,0.0021428102627396584,0.014837464317679405,,,1.0,normal
1475,50,scenario3_repeated_spike,SAC,50,1.0,0,0.060625,0.197,0.5,0.5,-0.1288125,0.0676901564002037,0.005127167794853449,0.023739522323012352,,,1.0,normal
1476,50,scenario3_repeated_spike,SAC,50,0.0,1,0.09,0.11199999999999999,0.5,0.5,-0.10099999999999999,0.10874468088150024,0.004258505534380674,0.02108580991625786,,,1.0,normal
1477,50,scenario3_repeated_spike,SAC,50,1.0,0,0.060625,0.197,0.5,0.5,-0.1288125,-0.0039359042420983315,0.001988599542528391,0.01050860621035099,,,1.0,normal
1478,50,scenario3_repeated_spike,SAC,50,0.0,1,0.09,0.11199999999999999,0.5,0.5,-0.10099999999999999,-0.008977960795164108,0.008625509217381477,0.022342171519994736,,,1.0,normal
1479,50,scenario3_repeated_spike,SAC,50,0.0,1,0.09,0.11199999999999999,0.5,0.5,-0.10099999999999999,0.08620010316371918,0.003044677432626486,0.017410483211278915,,,1.0,normal
1480,50,scenario3_repeated_spike,SAC,50,1.0,0,0.060625,0.197,0.5,0.5,-0.1288125,0.15069124102592468,0.00675951736047864,0.01921476423740387,,,1.0,normal
1481,50,scenario3_repeated_spike,SAC,50,0.0,1,0.09,0.11199999999999999,0.5,0.5,-0.10099999999999999,0.00793958269059658,0.001523757353425026,0.01176570076495409,,,1.0,normal
1482,50,scenario3_repeated_spike,SAC,50,0.0,1,0.09,0.11199999999999999,0.5,0.5,-0.10099999999999999,0.03092428669333458,0.003777787322178483,0.017948169261217117,,,1.0,normal
1483,50,scenario3_repeated_spike,SAC,50,0.0,1,0.09,0.11199999999999999,0.5,0.5,-0.10099999999999999,0.08302624523639679,0.005521645303815603,0.018791189417243004,,,1.0,normal
1484,50,scenario3_repeated_spike,SAC,50,0.0,1,0.09,0.11199999999999999,0.5,0.5,-0.10099999999999999,0.15351635217666626,0.004439918324351311,0.022704368457198143,,,1.0,normal
1485,50,scenario3_repeated_spike,SAC,50,0.0,1,0.09,0.11199999999999999,0.5,0.5,-0.10099999999999999,0.04041997343301773,0.0005099216941744089,0.007249424699693918,,,1.0,normal
1486,50,scenario3_repeated_spike,SAC,50,0.0,1,0.09,0.11199999999999999,0.5,0.5,-0.10099999999999999,-0.010824136435985565,0.003996089566498995,0.01983925700187683,,,1.0,normal
1487,50,scenario3_repeated_spike,SAC,50,0.0,1,0.09,0.11199999999999999,0.5,0.5,-0.10099999999999999,0.02443295530974865,0.010715045966207981,0.028185898438096046,,,1.0,normal
1488,50,scenario3_repeated_spike,SAC,50,1.0,0,0.060625,0.197,0.5,0.5,-0.1288125,-0.08290234208106995,0.0037128818221390247,0.013471141457557678,,,1.0,normal
1489,50,scenario3_repeated_spike,SAC,50,1.9000000000000004,0,0.0611875,0.19790000000000002,0.5,0.5,-0.12954375,0.06921081990003586,0.0041340189054608345,0.01651052199304104,,,1.0,normal
1490,50,scenario3_repeated_spike,SAC,50,0.0,1,0.09,0.11199999999999999,0.5,0.5,-0.10099999999999999,0.11684044450521469,0.015004875138401985,0.03786809742450714,,,1.0,normal
1491,50,scenario3_repeated_spike,SAC,50,1.0,0,0.060625,0.197,0.5,0.5,-0.1288125,0.048422276973724365,0.0035273563116788864,0.020477784797549248,,,1.0,normal
1492,50,scenario3_repeated_spike,SAC,50,0.0,1,0.09,0.11199999999999999,0.5,0.5,-0.10099999999999999,0.05186930671334267,0.005742941051721573,0.02277883142232895,,,1.0,normal
1493,50,scenario3_repeated_spike,SAC,50,0.0,1,0.09,0.11199999999999999,0.5,0.5,-0.10099999999999999,-0.05472289025783539,0.004613136872649193,0.017526762560009956,,,1.0,normal
1494,50,scenario3_repeated_spike,SAC,50,1.0,0,0.060625,0.197,0.5,0.5,-0.1288125,0.12414964288473129,0.008289167657494545,0.03278344124555588,,,1.0,normal
1495,50,scenario3_repeated_spike,SAC,50,1.9000000000000004,0,0.0611875,0.19790000000000002,0.5,0.5,-0.12954375,-0.01648237183690071,0.0006071996176615357,0.0067244707606732845,,,1.0,normal
1496,50,scenario3_repeated_spike,SAC,50,0.0,1,0.09,0.11199999999999999,0.5,0.5,-0.10099999999999999,-0.05728823319077492,0.007398705463856459,0.019377106800675392,,,1.0,normal
1497,50,scenario3_repeated_spike,SAC,50,0.0,1,0.09,0.11199999999999999,0.5,0.5,-0.10099999999999999,-0.10484810173511505,0.0034192982129752636,0.01508365385234356,,,1.0,normal
1498,50,scenario3_repeated_spike,SAC,50,0.0,1,0.09,0.11199999999999999,0.5,0.5,-0.10099999999999999,-0.02524559572339058,0.004585518501698971,0.019754299893975258,,,1.0,normal
1499,50,scenario3_repeated_spike,SAC,50,0.0,1,0.09,0.11199999999999999,0.5,0.5,-0.10099999999999999,0.024488192051649094,0.00699301902204752,0.016319405287504196,,,1.0,normal
1500,50,scenario3_repeated_spike,SAC,150,13.0,1,0.11472727272727273,0.21178181818181818,0.5,0.5,-0.16325454545454546,-0.01872810162603855,0.002522696740925312,0.014085803180932999,,,1.0,spike
1501,50,scenario3_repeated_spike,SAC,150,24.700000000000003,1,0.11898181818181819,0.21518545454545457,0.5,0.5,-0.16708363636363638,0.1424018144607544,0.0018426756141707301,0.01520712859928608,,,1.0,spike
1502,50,scenario3_repeated_spike,SAC,150,35.230000000000004,1,0.1228109090909091,0.2182487272727273,0.5,0.5,-0.1705298181818182,0.18015915155410767,0.004282386042177677,0.01904788613319397,,,1.0,spike
1503,50,scenario3_repeated_spike,SAC,150,44.70700000000001,1,0.1262570909090909,0.22100567272727273,0.5,0.5,-0.17363138181818183,0.015419295988976955,0.004408391658216715,0.015274117700755596,,,1.0,spike
1504,50,scenario3_repeated_spike,SAC,150,53.2363,1,0.12935865454545456,0.22348692363636366,0.5,0.5,-0.1764227890909091,0.002351098693907261,0.0007007147651165724,0.00882749818265438,,,1.0,spike
1505,50,scenario3_repeated_spike,SAC,150,60.91266999999999,1,0.13215006181818184,0.2257200494545455,0.5,0.5,-0.17893505563636367,0.06432047486305237,0.0015625501982867718,0.014167513698339462,,,1.0,spike
1506,50,scenario3_repeated_spike,SAC,150,73.821403,0,0.126138376875,0.501821403,0.5,0.5,-0.31397988993750003,-0.028597181662917137,0.0009686066769063473,0.009960577823221684,,,1.0,spike
1507,50,scenario3_repeated_spike,SAC,150,79.4392627,1,0.13888700461818182,0.23110960369454547,0.5,0.5,-0.18499830415636365,0.01694975607097149,0.0021794121712446213,0.013683982193470001,,,1.0,spike
1508,50,scenario3_repeated_spike,SAC,150,84.49533643000001,1,0.14072557688363638,0.23258046150690911,0.5,0.5,-0.18665301919527275,-0.0020382534712553024,0.007298151031136513,0.022326063364744186,,,1.0,spike
1509,50,scenario3_repeated_spike,SAC,150,89.04580278700001,1,0.14238029192254545,0.23390423353803635,0.5,0.5,-0.1881422627302909,0.03659818321466446,0.00272025796584785,0.012025715783238411,,,1.0,spike
1510,50,scenario3_repeated_spike,SAC,150,93.14122250830002,1,0.14386953545756365,0.2350956283660509,0.5,0.5,-0.18948258191180728,0.031212471425533295,0.006065540947020054,0.01477847434580326,,,1.0,spike
1511,50,scenario3_repeated_spike,SAC,150,96.82710025747002,1,0.14520985463908,0.23616788371126402,0.5,0.5,-0.19068886917517203,0.014805234968662262,0.0012393648503348231,0.011142706498503685,,,1.0,spike
1512,50,scenario3_repeated_spike,SAC,150,100.14439023172302,1,0.14641614190244473,0.2371329135219558,0.5,0.5,-0.19177452771220027,0.11263877898454666,0.008407779969274998,0.019790388643741608,,,1.0,spike
1513,50,scenario3_repeated_spike,SAC,150,103.12995120855072,1,0.147501800439473,0.2380014403515784,0.5,0.5,-0.1927516203955257,0.00957479514181614,0.007137657143175602,0.017866654321551323,,,1.0,spike
1514,50,scenario3_repeated_spike,SAC,150,105.81695608769566,1,0.14847889312279844,0.23878311449823875,0.5,0.5,-0.1936310038105186,-0.1080772802233696,0.005167738068848848,0.01804361119866371,,,1.0,spike
1515,50,scenario3_repeated_spike,SAC,150,108.2352604789261,1,0.1493582765377913,0.23948662123023307,0.5,0.5,-0.19442244888401217,-0.022606898099184036,0.0014811060391366482,0.010001502931118011,,,1.0,spike
1516,50,scenario3_repeated_spike,SAC,150,110.41173443103348,1,0.1501497216112849,0.24011977728902795,0.5,0.5,-0.1951347494501564,-0.1783210188150406,0.0006530307000502944,0.0069474224001169205,,,1.0,spike
1517,50,scenario3_repeated_spike,SAC,150,112.37056098793013,1,0.15086202217742914,0.2406896177419433,0.5,0.5,-0.19577581995968624,-0.016634784638881683,0.0006484732148237526,0.007928449660539627,,,1.0,spike
1518,50,scenario3_repeated_spike,SAC,150,114.13350488913713,1,0.15150309268695897,0.2412024741495672,0.5,0.5,-0.19635278341826307,0.1715134084224701,0.008935339748859406,0.027623102068901062,,,1.0,spike
1519,50,scenario3_repeated_spike,SAC,150,115.72015440022341,1,0.15208005614553577,0.24166404491642862,0.5,0.5,-0.1968720505309822,-0.052240002900362015,0.009438987821340561,0.025556109845638275,,,1.0,spike
1520,50,scenario3_repeated_spike,SAC,150,117.14813896020107,1,0.15259932325825495,0.24207945860660396,0.5,0.5,-0.19733939093242947,0.14595837891101837,0.010182589292526245,0.03146103769540787,,,1.0,spike
1521,50,scenario3_repeated_spike,SAC,150,118.43332506418096,1,0.15306666365970217,0.24245333092776175,0.5,0.5,-0.19775999729373195,-0.08561688661575317,0.0024978630244731903,0.013134943321347237,,,1.0,spike
1522,50,scenario3_repeated_spike,SAC,150,119.58999255776286,1,0.15348727002100468,0.24278981601680377,0.5,0.5,-0.1981385430189042,-0.0028702225536108017,0.0020261770114302635,0.014176255092024803,,,1.0,spike
1523,50,scenario3_repeated_spike,SAC,150,120.63099330198656,1,0.15386581574617694,0.24309265259694157,0.5,0.5,-0.19847923417155927,0.1387072503566742,0.001688198884949088,0.01334433164447546,,,1.0,spike
1524,50,scenario3_repeated_spike,SAC,150,127.5678939717879,0,0.15972993373236744,0.5555678939717879,0.5,0.5,-0.35764891385207764,0.19427503645420074,0.0029296651482582092,0.02207554504275322,,,1.0,spike
1525,50,scenario3_repeated_spike,SAC,150,127.81110457460909,1,0.15647676529985785,0.24518141223988632,0.5,0.5,-0.2008290887698721,0.18212515115737915,0.0074410163797438145,0.03218556568026543,,,1.0,spike
1526,50,scenario3_repeated_spike,SAC,150,128.0299941171482,1,0.15655636149714477,0.24524508919771582,0.5,0.5,-0.2009007253474303,0.1072959154844284,0.00766445929184556,0.023487268015742302,,,1.0,spike
1527,50,scenario3_repeated_spike,SAC,150,134.22699470543336,0,0.16389187169089586,0.5622269947054334,0.5,0.5,-0.3630594331981646,0.19893226027488708,0.0018564852653071284,0.015452262945473194,,,1.0,spike
1528,50,scenario3_repeated_spike,SAC,150,133.80429523489002,1,0.15865610735814184,0.2469248858865135,0.5,0.5,-0.20279049662232768,0.027957163751125336,0.0006179370102472603,0.009122139774262905,,,1.0,spike
1529,50,scenario3_repeated_spike,SAC,150,139.42386571140102,0,0.16713991606962564,0.567423865711401,0.5,0.5,-0.36728189089051333,-0.02371528372168541,0.0022324780002236366,0.01217539981007576,,,1.0,spike
1530,50,scenario3_repeated_spike,SAC,150,138.48147914026092,1,0.16035690150554943,0.24828552120443959,0.5,0.5,-0.2043212113549945,-0.004013309255242348,0.0018437259132042527,0.014079073444008827,,,1.0,spike
1531,50,scenario3_repeated_spike,SAC,150,137.63333122623482,1,0.1600484840822672,0.2480387872658138,0.5,0.5,-0.2040436356740405,-0.12553316354751587,0.0038652776274830103,0.014497429132461548,,,1.0,spike
1532,50,scenario3_repeated_spike,SAC,150,136.86999810361135,1,0.15977090840131322,0.2478167267210506,0.5,0.5,-0.20379381756118192,-0.04223773255944252,0.001780340215191245,0.01041726116091013,,,1.0,spike
1533,50,scenario3_repeated_spike,SAC,150,136.18299829325022,1,0.15952109028845463,0.24761687223076373,0.5,0.5,-0.20356898125960918,0.022995000705122948,0.0023591145873069763,0.01400614995509386,,,1.0,spike
1534,50,scenario3_repeated_spike,SAC,150,135.5646984639252,1,0.15929625398688188,0.2474370031895055,0.5,0.5,-0.2033666285881937,0.12177836894989014,0.003429645672440529,0.01861369051039219,,,1.0,spike
1535,50,scenario3_repeated_spike,SAC,150,141.00822861753267,0,0.16813014288595793,0.5690082286175326,0.5,0.5,-0.3685691857517453,0.005133539438247681,0.004655064083635807,0.020428914576768875,,,1.0,spike
1536,50,scenario3_repeated_spike,SAC,150,139.9074057557794,1,0.16087542027482887,0.2487003362198631,0.5,0.5,-0.20478787824734598,0.2018243670463562,0.013718385249376297,0.0410681888461113,,,1.0,spike
1537,50,scenario3_repeated_spike,SAC,150,144.91666518020145,0,0.17057291573762592,0.5729166651802015,0.5,0.5,-0.3717447904589137,0.14845281839370728,0.00877990759909153,0.030933907255530357,,,1.0,spike
1538,50,scenario3_repeated_spike,SAC,150,143.4249986621813,1,0.16215454496806594,0.2497236359744528,0.5,0.5,-0.20593909047125936,0.09452684968709946,0.00336441770195961,0.02010016143321991,,,1.0,spike
1539,50,scenario3_repeated_spike,SAC,150,142.08249879596318,1,0.1616663631985321,0.2493330905588257,0.5,0.5,-0.2054997268786789,0.11843796074390411,0.003635342698544264,0.020396798849105835,,,1.0,spike
1540,50,scenario3_repeated_spike,SAC,150,140.87424891636687,1,0.1612269996059516,0.2489815996847613,0.5,0.5,-0.20510429964535645,-0.05588199943304062,0.0025758498813956976,0.01250537484884262,,,1.0,spike
1541,50,scenario3_repeated_spike,SAC,150,139.78682402473018,1,0.16083157237262918,0.24866525789810334,0.5,0.5,-0.20474841513536626,0.17773966491222382,0.0038781510666012764,0.022361233830451965,,,1.0,spike
1542,50,scenario3_repeated_spike,SAC,150,138.80814162225715,1,0.16047568786263897,0.2483805502901112,0.5,0.5,-0.2044281190763751,-0.006572612561285496,0.0012637835461646318,0.012048906646668911,,,1.0,spike
1543,50,scenario3_repeated_spike,SAC,150,137.92732746003145,1,0.1601553918036478,0.24812431344291824,0.5,0.5,-0.20413985262328302,0.04177716374397278,0.002564100082963705,0.013425063341856003,,,1.0,spike
1544,50,scenario3_repeated_spike,SAC,150,137.1345947140283,1,0.15986712535055575,0.2478937002804446,0.5,0.5,-0.20388041281550018,0.054871007800102234,0.00440349243581295,0.0227739866822958,,,1.0,spike
1545,50,scenario3_repeated_spike,SAC,150,142.4211352426255,0,0.16901320952664095,0.5704211352426255,0.5,0.5,-0.3697171723846332,0.01649010367691517,0.0009578779572620988,0.010801175609230995,,,1.0,spike
1546,50,scenario3_repeated_spike,SAC,150,141.17902171836295,1,0.16133782607940472,0.2490702608635238,0.5,0.5,-0.20520404347146426,0.05170443281531334,0.0020687950309365988,0.014094928279519081,,,1.0,spike
1547,50,scenario3_repeated_spike,SAC,150,140.06111954652664,1,0.16093131619873696,0.24874505295898958,0.5,0.5,-0.20483818457886327,0.11807742714881897,0.0031935640145093203,0.01746639795601368,,,1.0,spike
1548,50,scenario3_repeated_spike,SAC,150,139.05500759187396,1,0.160565457306136,0.24845236584490882,0.5,0.5,-0.20450891157552242,0.03143329173326492,0.0018836148083209991,0.013877872377634048,,,1.0,spike
1549,50,scenario3_repeated_spike,SAC,150,144.14950683268657,0,0.17009344177042912,0.5721495068326866,0.5,0.5,-0.37112147430155784,0.17509275674819946,0.007166599854826927,0.030190013349056244,,,1.0,spike
1550,50,scenario3_repeated_spike,SAC,150,142.73455614941793,1,0.1619034749634247,0.2495227799707398,0.5,0.5,-0.20571312746708226,-0.03967259079217911,0.0066743893548846245,0.02320762909948826,,,1.0,spike
1551,50,scenario3_repeated_spike,SAC,150,141.46110053447615,1,0.161440400194355,0.249152320155484,0.5,0.5,-0.20529636017491948,0.11662821471691132,0.0038822339847683907,0.018441982567310333,,,1.0,spike
1552,50,scenario3_repeated_spike,SAC,150,140.31499048102853,1,0.1610236329021922,0.2488189063217538,0.5,0.5,-0.204921269611973,0.1379300355911255,0.002814134582877159,0.01852935180068016,,,1.0,spike
1553,50,scenario3_repeated_spike,SAC,150,139.2834914329257,1,0.16064854233924572,0.24851883387139662,0.5,0.5,-0.20458368810532118,0.03377005085349083,0.0030942587181925774,0.019082672894001007,,,1.0,spike
1554,50,scenario3_repeated_spike,SAC,150,138.35514228963314,1,0.16031096083259386,0.2482487686660751,0.5,0.5,-0.20427986474933446,0.046302296221256256,0.002706125844269991,0.014355195686221123,,,1.0,spike
1555,50,scenario3_repeated_spike,SAC,150,143.51962806066985,0,0.16969976753791868,0.5715196280606699,0.5,0.5,-0.3706096977992943,0.1431865692138672,0.005403959192335606,0.025796866044402122,,,1.0,spike
1556,50,scenario3_repeated_spike,SAC,150,142.16766525460287,1,0.16169733281985557,0.24935786625588446,0.5,0.5,-0.20552759953787003,0.0338435173034668,0.005951587110757828,0.025584841147065163,,,1.0,spike
1557,50,scenario3_repeated_spike,SAC,150,140.95089872914258,1,0.16125487226514273,0.24900389781211418,0.5,0.5,-0.20512938503862846,0.05693324655294418,0.004263131879270077,0.015496320091187954,,,1.0,spike
1558,50,scenario3_repeated_spike,SAC,150,139.85580885622832,1,0.1608566577659012,0.248685326212721,0.5,0.5,-0.2047709919893111,0.04966690391302109,0.007663542404770851,0.027332093566656113,,,1.0,spike
1559,50,scenario3_repeated_spike,SAC,150,138.8702279706055,1,0.16049826471658382,0.24839861177326705,0.5,0.5,-0.20444843824492542,0.10726660490036011,0.0162191241979599,0.04700573906302452,,,1.0,spike
1560,50,scenario3_repeated_spike,SAC,150,137.98320517354495,1,0.16017571097219815,0.24814056877775853,0.5,0.5,-0.20415813987497833,0.06974335014820099,0.010318677872419357,0.03726576268672943,,,1.0,spike
1561,50,scenario3_repeated_spike,SAC,150,137.18488465619043,1,0.15988541260225106,0.24790833008180085,0.5,0.5,-0.20389687134202594,-0.030672814697027206,0.002900197636336088,0.013160781003534794,,,1.0,spike
1562,50,scenario3_repeated_spike,SAC,150,142.4663961905714,0,0.16904149761910714,0.5704663961905714,0.5,0.5,-0.36975394690483926,0.12255656719207764,0.007986425422132015,0.03219933062791824,,,1.0,spike
1563,50,scenario3_repeated_spike,SAC,150,141.21975657151427,1,0.1613526387532779,0.24908211100262234,0.5,0.5,-0.2052173748779501,0.06269896030426025,0.010401340201497078,0.0334581695497036,,,1.0,spike
1564,50,scenario3_repeated_spike,SAC,150,140.09778091436283,1,0.16094464760522287,0.2487557180841783,0.5,0.5,-0.20485018284470058,0.06420285999774933,0.005708673037588596,0.0211494117975235,,,1.0,spike
1565,50,scenario3_repeated_spike,SAC,150,145.08800282292657,0,0.17068000176432913,0.5730880028229266,0.5,0.5,-0.37188400229362784,-0.0019818954169750214,0.004735584370791912,0.02017926052212715,,,1.0,spike
1566,50,scenario3_repeated_spike,SAC,150,143.57920254063393,1,0.1622106191056851,0.2497684952845481,0.5,0.5,-0.20598955719511658,0.07947376370429993,0.005493334494531155,0.022566188126802444,,,1.0,spike
1567,50,scenario3_repeated_spike,SAC,150,142.22128228657053,1,0.16171682992238928,0.24937346393791143,0.5,0.5,-0.20554514693015036,0.07995592057704926,0.003959957975894213,0.022373009473085403,,,1.0,spike
1568,50,scenario3_repeated_spike,SAC,150,140.99915405791347,1,0.1612724196574231,0.2490179357259385,0.5,0.5,-0.20514517769168078,0.14889474213123322,0.003419227432459593,0.02084164321422577,,,1.0,spike
1569,50,scenario3_repeated_spike,SAC,150,139.8992386521221,1,0.1608724504189535,0.24869796033516284,0.5,0.5,-0.2047852053770582,0.1394820511341095,0.002506149699911475,0.01691528409719467,,,1.0,spike
1570,50,scenario3_repeated_spike,SAC,150,138.9093147869099,1,0.1605124781043309,0.24840998248346474,0.5,0.5,-0.20446123029389782,0.30828678607940674,0.0090725626796484,0.03928495571017265,,,1.0,spike
1571,50,scenario3_repeated_spike,SAC,150,144.01838330821892,0,0.17001148956763684,0.572018383308219,0.5,0.5,-0.37101493643792793,0.019268052652478218,0.0077970284037292,0.02644369937479496,,,1.0,spike
1572,50,scenario3_repeated_spike,SAC,150,142.61654497739704,1,0.16186056180996258,0.2494884494479701,0.5,0.5,-0.20567450562896633,-0.04803590103983879,0.006006949581205845,0.023520037531852722,,,1.0,spike
1573,50,scenario3_repeated_spike,SAC,150,141.35489047965734,1,0.16140177835623903,0.24912142268499127,0.5,0.5,-0.20526160052061515,0.19664911925792694,0.004108566790819168,0.023756902664899826,,,1.0,spike
1574,50,scenario3_repeated_spike,SAC,150,146.2194014316916,0,0.17138712589480729,0.5742194014316917,0.5,0.5,-0.3728032636632495,0.0005372827872633934,0.003884730627760291,0.017115244641900063,,,1.0,spike
1575,50,scenario3_repeated_spike,SAC,150,144.59746128852245,1,0.1625808950140082,0.25006471601120656,0.5,0.5,-0.20632280551260737,0.136759951710701,0.0072035277262330055,0.027337076142430305,,,1.0,spike
1576,50,scenario3_repeated_spike,SAC,150,143.13771515967022,1,0.1620500782398801,0.24964006259190408,0.5,0.5,-0.2058450704158921,0.039314500987529755,0.004429385997354984,0.021038424223661423,,,1.0,spike
1577,50,scenario3_repeated_spike,SAC,150,147.82394364370322,0,0.17238996477731452,0.5758239436437033,0.5,0.5,-0.3741069542105089,0.22989267110824585,0.010005606338381767,0.02979465201497078,,,1.0,spike
1578,50,scenario3_repeated_spike,SAC,150,152.0415492793329,0,0.17502596829958308,0.5800415492793329,0.5,0.5,-0.377533758789458,0.012038357555866241,0.0006698655779473484,0.009289698675274849,,,1.0,spike
1579,50,scenario3_repeated_spike,SAC,150,155.83739435139964,0,0.17739837146962478,0.5838373943513997,0.5,0.5,-0.38061788291051224,0.05079470947384834,0.0017551761120557785,0.01486714743077755,,,1.0,spike
1580,50,scenario3_repeated_spike,SAC,150,153.25365491625968,1,0.1657286017877308,0.25258288143018465,0.5,0.5,-0.20915574160895772,0.19719913601875305,0.0012755617499351501,0.013364017941057682,,,1.0,spike
1581,50,scenario3_repeated_spike,SAC,150,150.9282894246337,1,0.16488301433623043,0.25190641146898435,0.5,0.5,-0.2083947129026074,0.20873695611953735,0.002557203872129321,0.018047261983156204,,,1.0,spike
1582,50,scenario3_repeated_spike,SAC,150,148.83546048217033,1,0.1641219856298801,0.2512975885039041,0.5,0.5,-0.20770978706689208,-0.05184979736804962,0.0028286639135330915,0.013365363702178001,,,1.0,spike
1583,50,scenario3_repeated_spike,SAC,150,146.9519144339533,1,0.16343705979416484,0.2507496478353319,0.5,0.5,-0.20709335381474836,0.011416926980018616,0.0033619392197579145,0.01754688285291195,,,1.0,spike
1584,50,scenario3_repeated_spike,SAC,150,145.256722990558,1,0.1628206265420211,0.25025650123361687,0.5,0.5,-0.206538563887819,0.2511574625968933,0.007785030175000429,0.03310104086995125,,,1.0,spike
1585,50,scenario3_repeated_spike,SAC,150,143.7310506915022,1,0.16226583661509172,0.2498126692920734,0.5,0.5,-0.20603925295358255,0.17095625400543213,0.009996635839343071,0.03105437196791172,,,1.0,spike
1586,50,scenario3_repeated_spike,SAC,150,148.35794562235196,0,0.17272371601397,0.576357945622352,0.5,0.5,-0.374540830818161,0.17621247470378876,0.0039231134578585625,0.024386322125792503,,,1.0,spike
1587,50,scenario3_repeated_spike,SAC,150,146.52215106011678,1,0.1632807822036788,0.2506246257629431,0.5,0.5,-0.20695270398331095,0.06447790563106537,0.0033168764784932137,0.017339961603283882,,,1.0,spike
1588,50,scenario3_repeated_spike,SAC,150,150.8699359541051,0,0.1742937099713157,0.5788699359541052,0.5,0.5,-0.3765818229627105,0.12157435715198517,0.003644302487373352,0.022221943363547325,,,1.0,spike
1589,50,scenario3_repeated_spike,SAC,150,148.78294235869458,1,0.16410288813043442,0.2512823105043476,0.5,0.5,-0.20769259931739098,0.17917360365390778,0.0019983630627393723,0.017499133944511414,,,1.0,spike
1590,50,scenario3_repeated_spike,SAC,150,146.90464812282514,1,0.1634198720446637,0.250735897635731,0.5,0.5,-0.20707788484019735,0.09229260683059692,0.0038521476089954376,0.02204020693898201,,,1.0,spike
1591,50,scenario3_repeated_spike,SAC,150,145.21418331054264,1,0.16280515756747005,0.25024412605397606,0.5,0.5,-0.20652464181072305,0.022778350859880447,0.0030684852972626686,0.013969965279102325,,,1.0,spike
1592,50,scenario3_repeated_spike,SAC,150,143.69276497948837,1,0.16225191453799578,0.24980153163039664,0.5,0.5,-0.20602672308419623,0.19023337960243225,0.004094274248927832,0.021751094609498978,,,1.0,spike
1593,50,scenario3_repeated_spike,SAC,150,142.32348848153953,1,0.1617539958114689,0.24940319664917515,0.5,0.5,-0.20557859623032204,-0.018621662631630898,0.004890268202871084,0.019777832552790642,,,1.0,spike
1594,50,scenario3_repeated_spike,SAC,150,141.09113963338558,1,0.16130586895759474,0.2490446951660758,0.5,0.5,-0.20517528206183527,0.001182500272989273,0.0012633305741474032,0.011134368367493153,,,1.0,spike
1595,50,scenario3_repeated_spike,SAC,150,139.98202567004702,1,0.16090255478910803,0.24872204383128643,0.5,0.5,-0.20481229931019723,0.1703062653541565,0.004840672016143799,0.02246110513806343,,,1.0,spike
1596,50,scenario3_repeated_spike,SAC,150,144.9838231030423,0,0.17061488943940145,0.5729838231030423,0.5,0.5,-0.37179935627122185,-0.03935215622186661,0.003574247006326914,0.01659475453197956,,,1.0,spike
1597,50,scenario3_repeated_spike,SAC,150,149.48544079273807,0,0.17342840049546132,0.5774854407927381,0.5,0.5,-0.37545692064409975,0.17425861954689026,0.008529109880328178,0.023772751912474632,,,1.0,spike
1598,50,scenario3_repeated_spike,SAC,150,147.53689671346427,1,0.16364978062307792,0.25091982449846234,0.5,0.5,-0.20728480256077014,0.12411035597324371,0.0017554874066263437,0.015170233324170113,,,1.0,spike
1599,50,scenario3_repeated_spike,SAC,150,145.78320704211785,1,0.16301207528804285,0.2504096602304343,0.5,0.5,-0.20671086775923858,-0.02646811306476593,0.0033307757694274187,0.013218411244452,,,1.0,spike
1600,50,scenario3_repeated_spike,SAC,150,150.20488633790606,0,0.1738780539611913,0.5782048863379061,0.5,0.5,-0.3760414701495487,0.184648334980011,0.0026586863677948713,0.016359755769371986,,,1.0,spike
1601,50,scenario3_repeated_spike,SAC,150,148.18439770411547,1,0.16388523552876927,0.2511081884230154,0.5,0.5,-0.20749671197589234,0.1993022859096527,0.004919381346553564,0.025544429197907448,,,1.0,spike
1602,50,scenario3_repeated_spike,SAC,150,146.36595793370392,1,0.16322398470316507,0.2505791877625321,0.5,0.5,-0.20690158623284857,0.027141712605953217,0.004205040168017149,0.018594758585095406,,,1.0,spike
1603,50,scenario3_repeated_spike,SAC,150,144.72936214033354,1,0.1626288589601213,0.25010308716809704,0.5,0.5,-0.20636597306410917,0.17625431716442108,0.002379869343712926,0.01915939897298813,,,1.0,spike
1604,50,scenario3_repeated_spike,SAC,150,143.25642592630018,1,0.1620932457913819,0.24967459663310554,0.5,0.5,-0.20588392121224372,0.2871178388595581,0.002043108455836773,0.015721643343567848,,,1.0,spike
1605,50,scenario3_repeated_spike,SAC,150,147.93078333367018,0,0.17245673958354388,0.5759307833336702,0.5,0.5,-0.37419376145860705,0.09510330855846405,0.004467574879527092,0.021338144317269325,,,1.0,spike
1606,50,scenario3_repeated_spike,SAC,150,146.13770500030316,1,0.1631409836364739,0.2505127869091791,0.5,0.5,-0.2068268852728265,0.04290345311164856,0.002130351960659027,0.013718853704631329,,,1.0,spike
1607,50,scenario3_repeated_spike,SAC,150,150.52393450027284,0,0.17407745906267055,0.5785239345002728,0.5,0.5,-0.3763006967814717,0.10670066624879837,0.0025073757860809565,0.01667633093893528,,,1.0,spike
1608,50,scenario3_repeated_spike,SAC,150,148.47154105024558,1,0.16398965129099838,0.25119172103279874,0.5,0.5,-0.20759068616189857,0.01335878111422062,0.0035005444660782814,0.01727496087551117,,,1.0,spike
1609,50,scenario3_repeated_spike,SAC,150,146.62438694522103,1,0.16331795888917128,0.25065436711133704,0.5,0.5,-0.20698616300025416,0.2946445941925049,0.002171361818909645,0.016839705407619476,,,1.0,spike
1610,50,scenario3_repeated_spike,SAC,150,144.96194825069892,1,0.1627134357275269,0.25017074858202154,0.5,0.5,-0.20644209215477421,0.12909425795078278,0.004392480477690697,0.01927843689918518,,,1.0,spike
1611,50,scenario3_repeated_spike,SAC,150,143.46575342562903,1,0.16216936488204692,0.24973549190563754,0.5,0.5,-0.20595242839384223,0.2780325412750244,0.005667530931532383,0.028306197375059128,,,1.0,spike
1612,50,scenario3_repeated_spike,SAC,150,142.11917808306615,1,0.161679701121115,0.24934376089689203,0.5,0.5,-0.2055117310090035,0.045861467719078064,0.001601163879968226,0.013038061559200287,,,1.0,spike
1613,50,scenario3_repeated_spike,SAC,150,140.90726027475955,1,0.1612390037362762,0.248991202989021,0.5,0.5,-0.2051151033626486,-0.0009337207302451134,0.006677709519863129,0.02123117819428444,,,1.0,spike
1614,50,scenario3_repeated_spike,SAC,150,139.81653424728358,1,0.1608423760899213,0.24867390087193708,0.5,0.5,-0.2047581384809292,0.2287638932466507,0.012037491425871849,0.037937045097351074,,,1.0,spike
1615,50,scenario3_repeated_spike,SAC,150,138.83488082255525,1,0.1604854112082019,0.24838832896656154,0.5,0.5,-0.2044368700873817,0.18239447474479675,0.002920355647802353,0.018288029357790947,,,1.0,spike
1616,50,scenario3_repeated_spike,SAC,150,137.95139274029972,1,0.16016414281465444,0.24813131425172358,0.5,0.5,-0.20414772853318902,0.1504192054271698,0.003256233176216483,0.020107146352529526,,,1.0,spike
1617,50,scenario3_repeated_spike,SAC,150,137.15625346626976,1,0.15987500126046172,0.2479000010083694,0.5,0.5,-0.20388750113441556,0.1457826793193817,0.003491691779345274,0.021774897351861,,,1.0,spike
1618,50,scenario3_repeated_spike,SAC,150,142.44062811964278,0,0.16902539257477675,0.5704406281196428,0.5,0.5,-0.3697330103472098,0.05325964838266373,0.004659724421799183,0.018232813104987144,,,1.0,spike
1619,50,scenario3_repeated_spike,SAC,150,141.1965653076785,1,0.16134420556642856,0.24907536445314288,0.5,0.5,-0.2052097850097857,0.25998932123184204,0.0075409975834190845,0.03323076665401459,,,1.0,spike
1620,50,scenario3_repeated_spike,SAC,150,140.07690877691067,1,0.16093705773705844,0.2487496461896468,0.5,0.5,-0.20484335196335263,-0.02857457846403122,0.006546337623149157,0.023694004863500595,,,1.0,spike
1621,50,scenario3_repeated_spike,SAC,150,145.0692178992196,0,0.17066826118701228,0.5730692178992196,0.5,0.5,-0.37186873954311594,0.25893446803092957,0.00443218182772398,0.026246249675750732,,,1.0,spike
1622,50,scenario3_repeated_spike,SAC,150,143.56229610929765,1,0.16220447131247187,0.24976357704997754,0.5,0.5,-0.2059840241812247,0.22714735567569733,0.007964357733726501,0.03444160148501396,,,1.0,spike
1623,50,scenario3_repeated_spike,SAC,150,142.20606649836787,1,0.1617112969084974,0.24936903752679795,0.5,0.5,-0.20554016721764767,0.11988256126642227,0.006432053167372942,0.02594989351928234,,,1.0,spike
1624,50,scenario3_repeated_spike,SAC,150,140.9854598485311,1,0.16126743994492038,0.24901395195593634,0.5,0.5,-0.20514069595042836,0.03945707529783249,0.00490367878228426,0.023932456970214844,,,1.0,spike
1625,50,scenario3_repeated_spike,SAC,150,139.886913863678,1,0.1608679686777011,0.2486943749421609,0.5,0.5,-0.204781171809931,0.11087710410356522,0.009319489821791649,0.03120814636349678,,,1.0,spike
1626,50,scenario3_repeated_spike,SAC,150,144.89822247731018,0,0.17056138904831888,0.5728982224773103,0.5,0.5,-0.37172980576281456,0.20123201608657837,0.003826893400400877,0.023490287363529205,,,1.0,spike
1627,50,scenario3_repeated_spike,SAC,150,143.40840022957917,1,0.16214850917439244,0.24971880733951396,0.5,0.5,-0.2059336582569532,0.031171441078186035,0.0017185464967042208,0.014189577661454678,,,1.0,spike
1628,50,scenario3_repeated_spike,SAC,150,142.06756020662127,1,0.16166093098422593,0.24932874478738076,0.5,0.5,-0.20549483788580336,0.03331653028726578,0.002849834505468607,0.014206436462700367,,,1.0,spike
1629,50,scenario3_repeated_spike,SAC,150,146.86080418595913,0,0.17178800261622448,0.5748608041859592,0.5,0.5,-0.37332440340109185,0.20762351155281067,0.008894164115190506,0.03757460415363312,,,1.0,spike
1630,50,scenario3_repeated_spike,SAC,150,145.17472376736322,1,0.16279080864267756,0.25023264691414204,0.5,0.5,-0.20651172777840981,0.10099564492702484,0.005292738787829876,0.025336524471640587,,,1.0,spike
1631,50,scenario3_repeated_spike,SAC,150,143.6572513906269,1,0.16223900050568252,0.24979120040454605,0.5,0.5,-0.2060151004551143,0.16465748846530914,0.006371167488396168,0.024653272703289986,,,1.0,spike
1632,50,scenario3_repeated_spike,SAC,150,142.29152625156422,1,0.161742373182387,0.2493938985459096,0.5,0.5,-0.2055681358641483,0.1035340204834938,0.0060021234676241875,0.027380574494600296,,,1.0,spike
1633,50,scenario3_repeated_spike,SAC,150,141.0623736264078,1,0.16129540859142105,0.24903632687313687,0.5,0.5,-0.20516586773227896,0.1652880311012268,0.008732760325074196,0.03163423016667366,,,1.0,spike
1634,50,scenario3_repeated_spike,SAC,150,139.956136263767,1,0.16089314045955164,0.2487145123676413,0.5,0.5,-0.20480382641359646,0.10947718471288681,0.003801063634455204,0.020447902381420135,,,1.0,spike
1635,50,scenario3_repeated_spike,SAC,150,144.9605226373903,0,0.17060032664836897,0.5729605226373904,0.5,0.5,-0.3717804246428797,0.056529272347688675,0.0012689671711996198,0.012044230476021767,,,1.0,spike
1636,50,scenario3_repeated_spike,SAC,150,143.4644703736513,1,0.16216889831769138,0.2497351186541531,0.5,0.5,-0.20595200848592224,0.26715150475502014,0.0032247041817754507,0.02341129258275032,,,1.0,spike
1637,50,scenario3_repeated_spike,SAC,150,142.11802333628617,1,0.161679281213195,0.249343424970556,0.5,0.5,-0.20551135309187551,0.1110115796327591,0.0017926524160429835,0.01533095445483923,,,1.0,spike
1638,50,scenario3_repeated_spike,SAC,150,140.90622100265756,1,0.16123862581914822,0.2489909006553186,0.5,0.5,-0.2051147632372334,0.11321456730365753,0.004846564959734678,0.024234449490904808,,,1.0,spike
1639,50,scenario3_repeated_spike,SAC,150,139.8155989023918,1,0.1608420359645061,0.24867362877160493,0.5,0.5,-0.2047578323680555,0.1109820231795311,0.003354125889018178,0.020783672109246254,,,1.0,spike
1640,50,scenario3_repeated_spike,SAC,150,138.83403901215263,1,0.16048510509532826,0.24838808407626262,0.5,0.5,-0.20443659458579544,0.06362485140562057,0.003840056015178561,0.018603691831231117,,,1.0,spike
1641,50,scenario3_repeated_spike,SAC,150,137.95063511093736,1,0.16016386731306814,0.2481310938504545,0.5,0.5,-0.20414748058176133,-0.00303584523499012,0.004305519163608551,0.021088548004627228,,,1.0,spike
1642,50,scenario3_repeated_spike,SAC,150,137.15557159984363,1,0.15987475330903406,0.24789980264722727,0.5,0.5,-0.20388727797813067,0.17779652774333954,0.0035930320154875517,0.02017068676650524,,,1.0,spike
1643,50,scenario3_repeated_spike,SAC,150,136.44001443985928,1,0.1596145507054034,0.24769164056432275,0.5,0.5,-0.20365309563486306,0.14408761262893677,0.005296139977872372,0.020711956545710564,,,1.0,spike
1644,50,scenario3_repeated_spike,SAC,150,135.79601299587335,1,0.15938036836213576,0.24750429468970864,0.5,0.5,-0.2034423315259222,0.1963253915309906,0.003913966007530689,0.022479040548205376,,,1.0,spike
1645,50,scenario3_repeated_spike,SAC,150,135.216411696286,1,0.1591696042531949,0.24733568340255596,0.5,0.5,-0.20325264382787545,0.22926491498947144,0.004299778491258621,0.02216508239507675,,,1.0,spike
1646,50,scenario3_repeated_spike,SAC,150,134.6947705266574,1,0.15897991655514815,0.24718393324411853,0.5,0.5,-0.20308192489963334,0.11040981113910675,0.0016055806772783399,0.014518418349325657,,,1.0,spike
1647,50,scenario3_repeated_spike,SAC,150,134.22529347399166,1,0.15880919762690607,0.2470473581015249,0.5,0.5,-0.20292827786421547,0.2758330702781677,0.0071022906340658665,0.029355498030781746,,,1.0,spike
1648,50,scenario3_repeated_spike,SAC,150,133.80276412659248,1,0.15865555059148817,0.24692444047319057,0.5,0.5,-0.20278999553233937,0.13310691714286804,0.007131965830922127,0.025989487767219543,,,1.0,spike
1649,50,scenario3_repeated_spike,SAC,150,133.42248771393324,1,0.15851726825961207,0.2468138146076897,0.5,0.5,-0.2026655414336509,0.018412992358207703,0.002184039680287242,0.01386648416519165,,,1.0,spike
1650,50,scenario3_repeated_spike,SAC,150,133.08023894253992,1,0.15839281416092363,0.24671425132873892,0.5,0.5,-0.2025535327448313,0.2313324362039566,0.0009870175272226334,0.011859439313411713,,,1.0,spike
1651,50,scenario3_repeated_spike,SAC,150,138.77221504828594,0,0.16673263440517871,0.5667722150482859,0.5,0.5,-0.3667524247267323,0.293122261762619,0.0018646079115569592,0.01756454072892666,,,1.0,spike
1652,50,scenario3_repeated_spike,SAC,150,137.89499354345736,1,0.1601436340158027,0.24811490721264218,0.5,0.5,-0.20412927061422242,0.15762215852737427,0.000265091541223228,0.005994495004415512,,,1.0,spike
1653,50,scenario3_repeated_spike,SAC,150,137.10549418911162,1,0.15985654334149513,0.24788523467319612,0.5,0.5,-0.20387088900734562,0.11489809304475784,0.004106099251657724,0.01310106460005045,,,1.0,spike
1654,50,scenario3_repeated_spike,SAC,150,142.39494477020048,0,0.1689968404813753,0.5703949447702005,0.5,0.5,-0.3696958926257879,0.32259684801101685,0.0063935318030416965,0.02269640564918518,,,1.0,spike
1655,50,scenario3_repeated_spike,SAC,150,141.15545029318045,1,0.16132925465206563,0.24906340372165253,0.5,0.5,-0.2051963291868591,0.20885272324085236,0.010842373594641685,0.026650773361325264,,,1.0,spike
1656,50,scenario3_repeated_spike,SAC,150,146.0399052638624,0,0.171274940789914,0.5740399052638624,0.5,0.5,-0.3726574230268882,0.44499313831329346,0.015014762058854103,0.029780032113194466,,,1.0,spike
1657,50,scenario3_repeated_spike,SAC,150,150.43591473747617,0,0.17402244671092262,0.5784359147374762,0.5,0.5,-0.3762291807241994,0.27063465118408203,0.003241737373173237,0.02028760127723217,,,1.0,spike
1658,50,scenario3_repeated_spike,SAC,150,154.39232326372854,0,0.17649520203983035,0.5823923232637286,0.5,0.5,-0.3794437626517795,0.32166194915771484,0.003805734682828188,0.021089961752295494,,,1.0,spike
1659,50,scenario3_repeated_spike,SAC,150,151.95309093735568,1,0.1652556694317657,0.25220453554541256,0.5,0.5,-0.20873010248858914,0.11068330705165863,0.013136403635144234,0.028650637716054916,,,1.0,spike
1660,50,scenario3_repeated_spike,SAC,150,149.7577818436201,1,0.16445737521586185,0.2515659001726895,0.5,0.5,-0.20801163769427566,0.05218042433261871,0.00629184115678072,0.01874651573598385,,,1.0,spike
1661,50,scenario3_repeated_spike,SAC,150,147.7820036592581,1,0.1637389104215484,0.25099112833723874,0.5,0.5,-0.20736501937939356,0.27176448702812195,0.004323928616940975,0.01761328987777233,,,1.0,spike
1662,50,scenario3_repeated_spike,SAC,150,146.00380329333228,1,0.1630922921066663,0.25047383368533305,0.5,0.5,-0.20678306289599968,0.22595207393169403,0.002620979677885771,0.016419464722275734,,,1.0,spike
1663,50,scenario3_repeated_spike,SAC,150,150.40342296399905,0,0.17400213935249942,0.578403422963999,0.5,0.5,-0.37620278115824923,0.17521996796131134,0.0038529750891029835,0.016525287181138992,,,1.0,spike
1664,50,scenario3_repeated_spike,SAC,150,154.36308066759915,0,0.17647692541724946,0.5823630806675991,0.5,0.5,-0.3794200030424243,0.10250704735517502,0.001720517291687429,0.010660408064723015,,,1.0,spike
1665,50,scenario3_repeated_spike,SAC,150,151.92677260083923,1,0.1652460991275779,0.25219687930206236,0.5,0.5,-0.20872148921482014,-0.04214504361152649,0.0016645926516503096,0.010716907680034637,,,1.0,spike
1666,50,scenario3_repeated_spike,SAC,150,149.73409534075532,1,0.16444876194209287,0.25155900955367433,0.5,0.5,-0.2080038857478836,0.24093110859394073,0.0047615766525268555,0.022236470133066177,,,1.0,spike
1667,50,scenario3_repeated_spike,SAC,150,147.7606858066798,1,0.1637311584751563,0.2509849267801251,0.5,0.5,-0.20735804262764068,0.2830405533313751,0.004875345155596733,0.020872116088867188,,,1.0,spike
1668,50,scenario3_repeated_spike,SAC,150,145.9846172260118,1,0.1630853153549134,0.25046825228393077,0.5,0.5,-0.2067767838194221,0.2221764773130417,0.0031181219965219498,0.019586432725191116,,,1.0,spike
1669,50,scenario3_repeated_spike,SAC,150,144.38615550341063,1,0.16250405654669478,0.25000324523735584,0.5,0.5,-0.2062536508920253,0.17917311191558838,0.0042811669409275055,0.020694030448794365,,,1.0,spike
1670,50,scenario3_repeated_spike,SAC,150,142.94753995306957,1,0.16198092361929803,0.24958473889543842,0.5,0.5,-0.20578283125736824,0.18482232093811035,0.003455315250903368,0.01928800530731678,,,1.0,spike
1671,50,scenario3_repeated_spike,SAC,150,141.6527859577626,1,0.16151010398464094,0.24920808318771276,0.5,0.5,-0.20535909358617685,0.11682949215173721,0.00997876189649105,0.027438152581453323,,,1.0,spike
1672,50,scenario3_repeated_spike,SAC,150,140.48750736198633,1,0.16108636631344958,0.24886909305075966,0.5,0.5,-0.20497772968210462,0.2704330384731293,0.003687797114253044,0.017075547948479652,,,1.0,spike
1673,50,scenario3_repeated_spike,SAC,150,139.4387566257877,1,0.16070500240937732,0.2485640019275019,0.5,0.5,-0.2046345021684396,0.20239311456680298,0.00454788887873292,0.018690072000026703,,,1.0,spike
1674,50,scenario3_repeated_spike,SAC,150,138.49488096320894,1,0.16036177489571235,0.2482894199165699,0.5,0.5,-0.20432559740614112,0.28438279032707214,0.0017289557727053761,0.01595064252614975,,,1.0,spike
1675,50,scenario3_repeated_spike,SAC,150,137.64539286688805,1,0.16005287013341385,0.24804229610673112,0.5,0.5,-0.20404758312007248,0.2671777904033661,0.003700289409607649,0.018263323232531548,,,1.0,spike
1676,50,scenario3_repeated_spike,SAC,150,136.88085358019924,1,0.1597748558473452,0.2478198846778762,0.5,0.5,-0.2037973702626107,0.2598975598812103,0.0027916235849261284,0.016058819368481636,,,1.0,spike
1677,50,scenario3_repeated_spike,SAC,150,136.19276822217932,1,0.1595246429898834,0.24761971439190672,0.5,0.5,-0.20357217869089506,0.1434318721294403,0.001491438364610076,0.013445213437080383,,,1.0,spike
1678,50,scenario3_repeated_spike,SAC,150,135.5734913999614,1,0.1592994514181678,0.24743956113453425,0.5,0.5,-0.20336950627635103,0.17588788270950317,0.0018489036010578275,0.012880023568868637,,,1.0,spike
1679,50,scenario3_repeated_spike,SAC,150,135.01614225996525,1,0.1590967790036237,0.24727742320289897,0.5,0.5,-0.20318710110326133,0.05471686273813248,0.003129702527076006,0.016735456883907318,,,1.0,spike
1680,50,scenario3_repeated_spike,SAC,150,140.51452803396873,0,0.1678215800212305,0.5685145280339687,0.5,0.5,-0.3681680540275996,0.22824518382549286,0.007544063031673431,0.029812924563884735,,,1.0,spike
1681,50,scenario3_repeated_spike,SAC,150,139.46307523057186,1,0.16071384553838974,0.2485710764307118,0.5,0.5,-0.20464246098455077,0.197378009557724,0.00550954882055521,0.023613248020410538,,,1.0,spike
1682,50,scenario3_repeated_spike,SAC,150,144.51676770751467,0,0.17032297981719668,0.5725167677075147,0.5,0.5,-0.3714198737623557,0.11473840475082397,0.002628556452691555,0.017274292185902596,,,1.0,spike
1683,50,scenario3_repeated_spike,SAC,150,149.0650909367632,0,0.173165681835477,0.5770650909367632,0.5,0.5,-0.3751153863861201,0.17453162372112274,0.003732551820576191,0.017529377713799477,,,1.0,spike
1684,50,scenario3_repeated_spike,SAC,150,147.1585818430869,1,0.16351221157930432,0.25080976926344345,0.5,0.5,-0.20716099042137387,0.11380577087402344,0.002541491761803627,0.015627410262823105,,,1.0,spike
1685,50,scenario3_repeated_spike,SAC,150,145.44272365877822,1,0.16288826314864666,0.25031061051891734,0.5,0.5,-0.206599436833782,0.013708474114537239,0.0038607828319072723,0.01722405105829239,,,1.0,spike
1686,50,scenario3_repeated_spike,SAC,150,143.8984512929004,1,0.1623267095610547,0.24986136764884376,0.5,0.5,-0.20609403860494924,0.2566876709461212,0.004574214108288288,0.01902756839990616,,,1.0,spike
1687,50,scenario3_repeated_spike,SAC,150,142.50860616361038,1,0.16182131133222197,0.2494570490657776,0.5,0.5,-0.2056391801989998,0.12719719111919403,0.002838432090356946,0.018833138048648834,,,1.0,spike
1688,50,scenario3_repeated_spike,SAC,150,141.25774554724936,1,0.1613664529262725,0.24909316234101803,0.5,0.5,-0.20522980763364526,0.060334187000989914,0.0036355159245431423,0.016945431008934975,,,1.0,spike
1689,50,scenario3_repeated_spike,SAC,150,140.13197099252443,1,0.16095708036091796,0.24876566428873437,0.5,0.5,-0.20486137232482615,-0.050232402980327606,0.0019606996793299913,0.011260933242738247,,,1.0,spike
1690,50,scenario3_repeated_spike,SAC,150,145.118773893272,0,0.170699233683295,0.573118773893272,0.5,0.5,-0.3719090037882835,0.26584020256996155,0.0028392064850777388,0.02195086143910885,,,1.0,spike
1691,50,scenario3_repeated_spike,SAC,150,149.6068965039448,0,0.1735043103149655,0.5776068965039448,0.5,0.5,-0.37555560340945515,0.3173830807209015,0.004922635853290558,0.026722360402345657,,,1.0,spike
1692,50,scenario3_repeated_spike,SAC,150,153.64620685355032,0,0.17602887928346897,0.5816462068535504,0.5,0.5,-0.3788375430685097,0.3456149697303772,0.0049256314523518085,0.029812412336468697,,,1.0,spike
1693,50,scenario3_repeated_spike,SAC,150,151.2815861681953,1,0.16501148587934375,0.252009188703475,0.5,0.5,-0.2085103372914094,0.27460524439811707,0.0027583162300288677,0.01999693550169468,,,1.0,spike
1694,50,scenario3_repeated_spike,SAC,150,149.15342755137578,1,0.16423761001868212,0.2513900880149457,0.5,0.5,-0.20781384901681393,0.12433701008558273,0.0019458115566521883,0.015073239803314209,,,1.0,spike
1695,50,scenario3_repeated_spike,SAC,150,147.2380847962382,1,0.16354112174408664,0.2508328973952693,0.5,0.5,-0.20718700956967798,0.17639806866645813,0.005294119007885456,0.01617293991148472,,,1.0,spike
1696,50,scenario3_repeated_spike,SAC,150,145.5142763166144,1,0.16291428229695068,0.2503314258375606,0.5,0.5,-0.2066228540672556,0.4270899295806885,0.003677033819258213,0.027453215792775154,,,1.0,spike
1697,50,scenario3_repeated_spike,SAC,150,143.96284868495297,1,0.16235012679452837,0.24988010143562273,0.5,0.5,-0.20611511411507555,0.32171499729156494,0.00424949312582612,0.024113411083817482,,,1.0,spike
1698,50,scenario3_repeated_spike,SAC,150,148.5665638164577,0,0.1728541023852861,0.5765665638164578,0.5,0.5,-0.37471033310087193,0.2958853244781494,0.007541212253272533,0.030252724885940552,,,1.0,spike
1699,50,scenario3_repeated_spike,SAC,150,146.70990743481192,1,0.16334905724902254,0.2506792457992181,0.5,0.5,-0.2070141515241203,0.33775079250335693,0.005403418559581041,0.030740616843104362,,,1.0,spike
1700,50,scenario3_repeated_spike,SAC,150,151.03891669133074,0,0.1743993229320817,0.5790389166913308,0.5,0.5,-0.37671911981170625,0.28501924872398376,0.0016631290782243013,0.011198810301721096,,,1.0,spike
1701,50,scenario3_repeated_spike,SAC,150,148.93502502219766,1,0.1641581909171628,0.2513265527337303,0.5,0.5,-0.20774237182544653,0.23902632296085358,0.004989652428776026,0.022080998867750168,,,1.0,spike
1702,50,scenario3_repeated_spike,SAC,150,153.0415225199779,0,0.1756509515749862,0.5810415225199779,0.5,0.5,-0.37834623704748205,0.2604955732822418,0.012412624433636665,0.03362759202718735,,,1.0,spike
1703,50,scenario3_repeated_spike,SAC,150,150.7373702679801,1,0.1648135891883564,0.2518508713506851,0.5,0.5,-0.20833223026952075,0.32687315344810486,0.0032075275667011738,0.019292563199996948,,,1.0,spike
1704,50,scenario3_repeated_spike,SAC,150,148.6636332411821,1,0.1640595029967935,0.2512476023974348,0.5,0.5,-0.20765355269711416,0.2328810691833496,0.005288535729050636,0.026536092162132263,,,1.0,spike
1705,50,scenario3_repeated_spike,SAC,150,146.79726991706391,1,0.1633808254243869,0.25070466033950956,0.5,0.5,-0.20704274288194824,0.36145052313804626,0.01410398818552494,0.043981608003377914,,,1.0,spike
1706,50,scenario3_repeated_spike,SAC,150,145.11754292535753,1,0.1627700156092209,0.25021601248737674,0.5,0.5,-0.20649301404829884,0.15459243953227997,0.007965822704136372,0.02656496874988079,,,1.0,spike
1707,50,scenario3_repeated_spike,SAC,150,143.60578863282177,1,0.16222028677557154,0.24977622942045724,0.5,0.5,-0.2059982580980144,0.38022851943969727,0.006521844305098057,0.027325987815856934,,,1.0,spike
1708,50,scenario3_repeated_spike,SAC,150,142.2452097695396,1,0.16172553082528712,0.2493804246602297,0.5,0.5,-0.2055529777427584,0.3139345049858093,0.002864224836230278,0.021624058485031128,,,1.0,spike
1709,50,scenario3_repeated_spike,SAC,150,147.02068879258564,0,0.17188793049536605,0.5750206887925857,0.5,0.5,-0.37345430964397586,0.2021404653787613,0.011861133389174938,0.033807773143053055,,,1.0,spike
1710,50,scenario3_repeated_spike,SAC,150,145.3186199133271,1,0.16284313451393714,0.2502745076111497,0.5,0.5,-0.20655882106254342,0.29529938101768494,0.02073853835463524,0.049840498715639114,,,1.0,spike
1711,50,scenario3_repeated_spike,SAC,150,143.7867579219944,1,0.16228609378981618,0.24982887503185297,0.5,0.5,-0.20605748441083457,0.39510372281074524,0.006926167756319046,0.03315038979053497,,,1.0,spike
1712,50,scenario3_repeated_spike,SAC,150,142.40808212979496,1,0.16178475713810728,0.24942780571048584,0.5,0.5,-0.20560628142429654,0.33259546756744385,0.005967572331428528,0.027984164655208588,,,1.0,spike
1713,50,scenario3_repeated_spike,SAC,150,141.16727391681547,1,0.16133355415156928,0.24906684332125545,0.5,0.5,-0.20520019873641238,0.1813742071390152,0.007696907501667738,0.03245363011956215,,,1.0,spike
1714,50,scenario3_repeated_spike,SAC,150,140.05054652513394,1,0.16092747146368505,0.24874197717094804,0.5,0.5,-0.20483472431731653,0.09705635160207748,0.008325993083417416,0.03078625351190567,,,1.0,spike
1715,50,scenario3_repeated_spike,SAC,150,139.04549187262054,1,0.1605619970445893,0.24844959763567143,0.5,0.5,-0.20450579734013036,0.2153419703245163,0.007872308604419231,0.02903292141854763,,,1.0,spike
1716,50,scenario3_repeated_spike,SAC,150,138.14094268535848,1,0.16023307006740312,0.24818645605392253,0.5,0.5,-0.20420976306066282,0.16172799468040466,0.006299064494669437,0.02532118558883667,,,1.0,spike
1717,50,scenario3_repeated_spike,SAC,150,137.32684841682266,1,0.1599370357879355,0.24794962863034842,0.5,0.5,-0.20394333220914196,0.23289890587329865,0.010283496230840683,0.04068770259618759,,,1.0,spike
1718,50,scenario3_repeated_spike,SAC,150,136.59416357514039,1,0.1596706049364147,0.24773648394913178,0.5,0.5,-0.20370354444277322,0.2649027705192566,0.011065850965678692,0.04537059739232063,,,1.0,spike
1719,50,scenario3_repeated_spike,SAC,150,135.93474721762635,1,0.15943081717004595,0.2475446537360368,0.5,0.5,-0.20348773545304139,0.2615513801574707,0.004081701394170523,0.01657172478735447,,,1.0,spike
1720,50,scenario3_repeated_spike,SAC,150,141.34127249586373,0,0.16833829530991484,0.5693412724958637,0.5,0.5,-0.3688397839028893,0.3735213577747345,0.011196638457477093,0.046627555042505264,,,1.0,spike
1721,50,scenario3_repeated_spike,SAC,150,140.20714524627738,1,0.16098441645319178,0.24878753316255342,0.5,0.5,-0.2048859748078726,0.3871406614780426,0.016582895070314407,0.05610613152384758,,,1.0,spike
1722,50,scenario3_repeated_spike,SAC,150,139.18643072164963,1,0.16061324753514533,0.2484905980281163,0.5,0.5,-0.2045519227816308,0.402415007352829,0.008754957467317581,0.041000016033649445,,,1.0,spike
1723,50,scenario3_repeated_spike,SAC,150,144.26778764948466,0,0.17016736728092793,0.5722677876494847,0.5,0.5,-0.37121757746520634,0.11946392804384232,0.009455308318138123,0.02359895594418049,,,1.0,spike
1724,50,scenario3_repeated_spike,SAC,150,148.8410088845362,0,0.17302563055283515,0.5768410088845363,0.5,0.5,-0.3749333197186857,0.2282048761844635,0.005963188596069813,0.027521207928657532,,,1.0,spike
1725,50,scenario3_repeated_spike,SAC,150,146.95690799608258,1,0.1634388756349391,0.2507511005079513,0.5,0.5,-0.20709498807144522,0.32472753524780273,0.010689720511436462,0.04152264446020126,,,1.0,spike
1726,50,scenario3_repeated_spike,SAC,150,151.26121719647432,0,0.17453826074779646,0.5792612171964744,0.5,0.5,-0.3768997389721354,0.21652643382549286,0.005605557467788458,0.028274282813072205,,,1.0,spike
1727,50,scenario3_repeated_spike,SAC,150,149.1350954768269,1,0.16423094380975525,0.2513847550478042,0.5,0.5,-0.20780784942877972,0.12455876171588898,0.0050065540708601475,0.023268233984708786,,,1.0,spike
1728,50,scenario3_repeated_spike,SAC,150,153.22158592914423,0,0.17576349120571516,0.5812215859291443,0.5,0.5,-0.3784925385674297,0.3677109479904175,0.003301469376310706,0.02278272807598114,,,1.0,spike
1729,50,scenario3_repeated_spike,SAC,150,156.89942733622982,0,0.17806214208514365,0.5848994273362298,0.5,0.5,-0.3814807847106867,0.30680233240127563,0.012577485293149948,0.04612541198730469,,,1.0,spike
1730,50,scenario3_repeated_spike,SAC,150,154.20948460260684,1,0.16607617621912976,0.2528609409753038,0.5,0.5,-0.2094685585972168,0.29607948660850525,0.013396812602877617,0.04881957545876503,,,1.0,spike
1731,50,scenario3_repeated_spike,SAC,150,151.78853614234615,1,0.1651958313244895,0.2521566650595916,0.5,0.5,-0.20867624819204056,0.2520652115345001,0.003806498134508729,0.021950989961624146,,,1.0,spike
1732,50,scenario3_repeated_spike,SAC,150,155.60968252811153,0,0.17725605158006974,0.5836096825281116,0.5,0.5,-0.3804328670540907,0.4409940242767334,0.006243939511477947,0.03123304434120655,,,1.0,spike
1733,50,scenario3_repeated_spike,SAC,150,153.0487142753004,1,0.16565407791829106,0.25252326233463285,0.5,0.5,-0.20908867012646196,0.35723426938056946,0.005437870044261217,0.031295329332351685,,,1.0,spike
1734,50,scenario3_repeated_spike,SAC,150,150.74384284777037,1,0.1648159428537347,0.25185275428298776,0.5,0.5,-0.20833434856836122,0.2333194613456726,0.0023447915446013212,0.015388168394565582,,,1.0,spike
1735,50,scenario3_repeated_spike,SAC,150,148.66945856299333,1,0.16406162129563395,0.25124929703650717,0.5,0.5,-0.20765545916607056,0.3456975519657135,0.007535188924521208,0.03686239570379257,,,1.0,spike
1736,50,scenario3_repeated_spike,SAC,150,152.802512706694,0,0.17550157044168377,0.580802512706694,0.5,0.5,-0.3781520415741889,0.29779696464538574,0.011326031759381294,0.04395042732357979,,,1.0,spike
1737,50,scenario3_repeated_spike,SAC,150,150.5222614360246,1,0.16473536779491801,0.2517882942359344,0.5,0.5,-0.20826183101542622,0.1955362856388092,0.004127751104533672,0.021415693685412407,,,1.0,spike
1738,50,scenario3_repeated_spike,SAC,150,148.47003529242212,1,0.16398910374269896,0.25119128299415916,0.5,0.5,-0.20759019336842904,0.15871505439281464,0.003040675539523363,0.018548443913459778,,,1.0,spike
1739,50,scenario3_repeated_spike,SAC,150,146.6230317631799,1,0.16331746609570177,0.25065397287656144,0.5,0.5,-0.2069857194861316,0.229268416762352,0.008232448250055313,0.03237029165029526,,,1.0,spike
1740,50,scenario3_repeated_spike,SAC,150,144.96072858686193,1,0.16271299221340435,0.2501703937707235,0.5,0.5,-0.2064416929920639,0.38761502504348755,0.004793798550963402,0.028253495693206787,,,1.0,spike
1741,50,scenario3_repeated_spike,SAC,150,143.46465572817576,1,0.16216896571933664,0.24973517257546934,0.5,0.5,-0.205952069147403,0.36528491973876953,0.005441467277705669,0.028954697772860527,,,1.0,spike
1742,50,scenario3_repeated_spike,SAC,150,142.11819015535818,1,0.1616793418746757,0.24934347349974056,0.5,0.5,-0.20551140768720813,0.2181064337491989,0.005765816196799278,0.028940480202436447,,,1.0,spike
1743,50,scenario3_repeated_spike,SAC,150,140.90637113982237,1,0.16123868041448083,0.2489909443315847,0.5,0.5,-0.20511481237303275,0.12189667671918869,0.0059099141508340836,0.02249903231859207,,,1.0,spike
1744,50,scenario3_repeated_spike,SAC,150,145.81573402584013,0,0.1711348337661501,0.5738157340258402,0.5,0.5,-0.37247528389599516,0.17371194064617157,0.005197298713028431,0.025384753942489624,,,1.0,spike
1745,50,scenario3_repeated_spike,SAC,150,150.23416062325612,0,0.1738963503895351,0.5782341606232562,0.5,0.5,-0.37606525550639563,0.379609078168869,0.009200426749885082,0.035121843218803406,,,1.0,spike
1746,50,scenario3_repeated_spike,SAC,150,148.21074456093052,1,0.16389481620397475,0.25111585296317984,0.5,0.5,-0.20750533458357728,0.3362041711807251,0.0049007306806743145,0.027848292142152786,,,1.0,spike
1747,50,scenario3_repeated_spike,SAC,150,146.38967010483748,1,0.16323260731085001,0.25058608584868003,0.5,0.5,-0.206909346579765,0.319269597530365,0.005022064782679081,0.02829383872449398,,,1.0,spike
1748,50,scenario3_repeated_spike,SAC,150,144.75070309435372,1,0.16263661930703774,0.2501092954456302,0.5,0.5,-0.206372957376334,0.16203628480434418,0.0036011061165481806,0.02135065384209156,,,1.0,spike
1749,50,scenario3_repeated_spike,SAC,150,143.27563278491834,1,0.16210023010360666,0.24968018408288534,0.5,0.5,-0.205890207093246,0.35076406598091125,0.0010553570464253426,0.013459103181958199,,,1.0,spike
1750,50,scenario3_repeated_spike,SAC,150,147.94806950642652,0,0.1724675434415166,0.5759480695064265,0.5,0.5,-0.37420780647397156,0.384721040725708,0.004995677620172501,0.030438780784606934,,,1.0,spike
1751,50,scenario3_repeated_spike,SAC,150,146.15326255578387,1,0.16314664092937595,0.25051731274350075,0.5,0.5,-0.20683197683643834,0.27907794713974,0.007297779433429241,0.03201201185584068,,,1.0,spike
1752,50,scenario3_repeated_spike,SAC,150,144.53793630020547,1,0.16255924956371107,0.2500473996509689,0.5,0.5,-0.20630332460733997,0.2831518054008484,0.004641926847398281,0.0236321110278368,,,1.0,spike
1753,50,scenario3_repeated_spike,SAC,150,143.08414267018492,1,0.1620305973346127,0.24962447786769015,0.5,0.5,-0.2058275376011514,0.29526999592781067,0.003846944309771061,0.025249212980270386,,,1.0,spike
1754,50,scenario3_repeated_spike,SAC,150,141.77572840316643,1,0.16155481032842417,0.24924384826273938,0.5,0.5,-0.20539932929558177,0.31687188148498535,0.009056861512362957,0.03715299069881439,,,1.0,spike
1755,50,scenario3_repeated_spike,SAC,150,140.5981555628498,1,0.16112660202285448,0.24890128161828362,0.5,0.5,-0.20501394182056903,0.17871996760368347,0.002473351778462529,0.018471907824277878,,,1.0,spike
1756,50,scenario3_repeated_spike,SAC,150,145.53834000656482,0,0.17096146250410305,0.5735383400065649,0.5,0.5,-0.37224990125533397,0.3053673505783081,0.01089765690267086,0.032995350658893585,,,1.0,spike
1757,50,scenario3_repeated_spike,SAC,150,143.98450600590834,1,0.1623580021839667,0.24988640174717336,0.5,0.5,-0.20612220196557002,0.25845423340797424,0.012683282606303692,0.042600248008966446,,,1.0,spike
1758,50,scenario3_repeated_spike,SAC,150,142.58605540531752,1,0.16184947469284275,0.2494795797542742,0.5,0.5,-0.2056645272235585,0.134110227227211,0.00503887003287673,0.023544184863567352,,,1.0,spike
1759,50,scenario3_repeated_spike,SAC,150,141.32744986478576,1,0.1613917999508312,0.24911343996066498,0.5,0.5,-0.2052526199557481,0.5406767129898071,0.011154187843203545,0.0417141355574131,,,1.0,spike
1760,50,scenario3_repeated_spike,SAC,150,140.1947048783072,1,0.1609798926830208,0.24878391414641665,0.5,0.5,-0.20488190341471874,0.4757639467716217,0.012078000232577324,0.04539988562464714,,,1.0,spike
1761,50,scenario3_repeated_spike,SAC,150,145.17523439047648,0,0.1707345214940478,0.5731752343904765,0.5,0.5,-0.3719548779422621,0.30032798647880554,0.00784008577466011,0.032953061163425446,,,1.0,spike
1762,50,scenario3_repeated_spike,SAC,150,143.65771095142884,1,0.16223916761870139,0.24979133409496113,0.5,0.5,-0.20601525085683126,0.39990705251693726,0.006119543686509132,0.020843517035245895,,,1.0,spike
1763,50,scenario3_repeated_spike,SAC,150,142.29193985628595,1,0.161742523584104,0.24939401886728318,0.5,0.5,-0.2055682712256936,0.40503421425819397,0.00649016909301281,0.029426390305161476,,,1.0,spike
1764,50,scenario3_repeated_spike,SAC,150,141.06274587065735,1,0.1612955439529663,0.24903643516237306,0.5,0.5,-0.20516598955766968,0.2602977454662323,0.0032341922633349895,0.015550918877124786,,,1.0,spike
1765,50,scenario3_repeated_spike,SAC,150,145.9564712835916,0,0.17122279455224476,0.5739564712835916,0.5,0.5,-0.3725896329179182,0.3526839017868042,0.008848393335938454,0.03426950424909592,,,1.0,spike
1766,50,scenario3_repeated_spike,SAC,150,144.36082415523245,1,0.16249484514735726,0.24999587611788582,0.5,0.5,-0.20624536063262155,0.29382896423339844,0.01722339168190956,0.04174066334962845,,,1.0,spike
1767,50,scenario3_repeated_spike,SAC,150,142.92474173970922,1,0.16197263335989426,0.2495781066879154,0.5,0.5,-0.20577537002390484,0.3157137930393219,0.010831063613295555,0.027364524081349373,,,1.0,spike
1768,50,scenario3_repeated_spike,SAC,150,141.6322675657383,1,0.16150264275117757,0.24920211420094207,0.5,0.5,-0.2053523784760598,0.2570018470287323,0.00873266439884901,0.030953699722886086,,,1.0,spike
1769,50,scenario3_repeated_spike,SAC,150,140.46904080916448,1,0.16107965120333254,0.24886372096266607,0.5,0.5,-0.20497168608299932,0.3376447558403015,0.009402102790772915,0.035496894270181656,,,1.0,spike
1770,50,scenario3_repeated_spike,SAC,150,139.42213672824803,1,0.16069895881027202,0.24855916704821762,0.5,0.5,-0.20462906292924482,0.10834015905857086,0.0033863154239952564,0.01927696168422699,,,1.0,spike
1771,50,scenario3_repeated_spike,SAC,150,138.47992305542323,1,0.16035633565651755,0.24828506852521404,0.5,0.5,-0.20432070209086578,0.3822247087955475,0.005363591946661472,0.025594212114810944,,,1.0,spike
1772,50,scenario3_repeated_spike,SAC,150,137.6319307498809,1,0.16004797481813854,0.24803837985451083,0.5,0.5,-0.20404317733632468,0.07079844176769257,0.0022278157994151115,0.0143983019515872,,,1.0,spike
1773,50,scenario3_repeated_spike,SAC,150,136.86873767489283,1,0.15977045006359739,0.24781636005087793,0.5,0.5,-0.20379340505723764,0.3556513488292694,0.0006744791753590107,0.010110149160027504,,,1.0,spike
1774,50,scenario3_repeated_spike,SAC,150,136.18186390740357,1,0.15952067778451037,0.24761654222760832,0.5,0.5,-0.20356861000605936,0.14719092845916748,0.004273391328752041,0.02171359211206436,,,1.0,spike
1775,50,scenario3_repeated_spike,SAC,150,141.56367751666323,0,0.16847729844791454,0.5695636775166633,0.5,0.5,-0.3690204879822889,0.2544969320297241,0.011517001315951347,0.03579891845583916,,,1.0,spike
1776,50,scenario3_repeated_spike,SAC,150,140.4073097649969,1,0.16105720355090797,0.2488457628407264,0.5,0.5,-0.20495148319581719,0.27800488471984863,0.0033662281930446625,0.02293284609913826,,,1.0,spike
1777,50,scenario3_repeated_spike,SAC,150,139.36657878849724,1,0.16067875592308992,0.24854300473847196,0.5,0.5,-0.20461088033078095,0.3018488585948944,0.007376583758741617,0.026796681806445122,,,1.0,spike
1778,50,scenario3_repeated_spike,SAC,150,138.42992090964754,1,0.16033815305805366,0.24827052244644293,0.5,0.5,-0.2043043377522483,0.41225746273994446,0.011335700750350952,0.040561493486166,,,1.0,spike
1779,50,scenario3_repeated_spike,SAC,150,137.5869288186828,1,0.16003161047952102,0.24802528838361682,0.5,0.5,-0.20402844943156892,0.36398550868034363,0.0054129743948578835,0.026255788281559944,,,1.0,spike
1780,50,scenario3_repeated_spike,SAC,150,136.8282359368145,1,0.15975572215884165,0.24780457772707332,0.5,0.5,-0.20378014994295748,0.32326531410217285,0.0034621835220605135,0.019261358305811882,,,1.0,spike
1781,50,scenario3_repeated_spike,SAC,150,136.14541234313305,1,0.15950742267023021,0.2476059381361842,0.5,0.5,-0.2035566804032072,0.15278160572052002,0.0016574207693338394,0.013827484101057053,,,1.0,spike
1782,50,scenario3_repeated_spike,SAC,150,135.53087110881972,1,0.1592839531304799,0.24742716250438396,0.5,0.5,-0.20335555781743192,0.14967137575149536,0.014636097475886345,0.032847631722688675,,,1.0,spike
1783,50,scenario3_repeated_spike,SAC,150,134.97778399793776,1,0.15908283054470465,0.24726626443576372,0.5,0.5,-0.20317454749023417,0.18935811519622803,0.01309577003121376,0.03417087718844414,,,1.0,spike
1784,50,scenario3_repeated_spike,SAC,150,134.48000559814398,1,0.1589018202175069,0.24712145617400555,0.5,0.5,-0.20301163819575624,0.3531561493873596,0.005193989723920822,0.023486418649554253,,,1.0,spike
1785,50,scenario3_repeated_spike,SAC,150,134.0320050383296,1,0.15873891092302894,0.24699112873842316,0.5,0.5,-0.20286501983072605,0.34899967908859253,0.005016819573938847,0.029615912586450577,,,1.0,spike
1786,50,scenario3_repeated_spike,SAC,150,139.62880453449662,0,0.1672680028340604,0.5676288045344966,0.5,0.5,-0.3674484036842785,0.2301599383354187,0.00821131281554699,0.03264876455068588,,,1.0,spike
1787,50,scenario3_repeated_spike,SAC,150,138.66592408104697,1,0.160423972393108,0.2483391779144864,0.5,0.5,-0.20438157515379718,0.32221683859825134,0.00582437589764595,0.02629828453063965,,,1.0,spike
1788,50,scenario3_repeated_spike,SAC,150,137.7993316729423,1,0.1601088478810699,0.24808707830485593,0.5,0.5,-0.2040979630929629,0.21453744173049927,0.0018421069253236055,0.015400552190840244,,,1.0,spike
1789,50,scenario3_repeated_spike,SAC,150,137.01939850564804,1,0.15982523582023564,0.24786018865618853,0.5,0.5,-0.2038427122382121,0.3638123869895935,0.0019416750874370337,0.01800357736647129,,,1.0,spike
1790,50,scenario3_repeated_spike,SAC,150,136.31745865508324,1,0.15956998496548483,0.24765598797238786,0.5,0.5,-0.20361298646893633,0.4018922448158264,0.0038713542744517326,0.022715160623192787,,,1.0,spike
1791,50,scenario3_repeated_spike,SAC,150,135.68571278957492,1,0.1593402591962091,0.2474722073569673,0.5,0.5,-0.2034062332765882,0.2647578716278076,0.00782651174813509,0.026221923530101776,,,1.0,spike
1792,50,scenario3_repeated_spike,SAC,150,135.11714151061744,1,0.1591335060038609,0.24730680480308875,0.5,0.5,-0.20322015540347482,0.21206817030906677,0.007838426157832146,0.023523852229118347,,,1.0,spike
1793,50,scenario3_repeated_spike,SAC,150,134.6054273595557,1,0.15894742813074753,0.24715794250459805,0.5,0.5,-0.2030526853176728,0.2698667049407959,0.005119386129081249,0.022119425237178802,,,1.0,spike
1794,50,scenario3_repeated_spike,SAC,150,134.14488462360015,1,0.15877995804494552,0.24702396643595642,0.5,0.5,-0.20290196224045098,0.18007315695285797,0.0005227046785876155,0.009339859709143639,,,1.0,spike
1795,50,scenario3_repeated_spike,SAC,150,139.73039616124015,0,0.16733149760077512,0.5677303961612402,0.5,0.5,-0.3675309468810077,0.3268488347530365,0.004170582629740238,0.024802284315228462,,,1.0,spike
1796,50,scenario3_repeated_spike,SAC,150,138.75735654511612,1,0.1604572205618604,0.24836577644948832,0.5,0.5,-0.20441149850567436,0.2346235066652298,0.004150496795773506,0.02243473194539547,,,1.0,spike
1797,50,scenario3_repeated_spike,SAC,150,137.8816208906045,1,0.1601387712329471,0.24811101698635768,0.5,0.5,-0.2041248941096524,0.27652978897094727,0.0014749665278941393,0.013931313529610634,,,1.0,spike
1798,50,scenario3_repeated_spike,SAC,150,137.09345880154405,1,0.1598521668369251,0.24788173346954012,0.5,0.5,-0.2038669501532326,0.2397674322128296,0.004224811680614948,0.02425992861390114,,,1.0,spike
1799,50,scenario3_repeated_spike,SAC,150,142.38411292138966,0,0.16899007057586857,0.5703841129213897,0.5,0.5,-0.3696870917486291,0.46749281883239746,0.0073945363983511925,0.036365777254104614,,,1.0,spike
1800,50,scenario3_repeated_spike,SAC,50,123.14570162925071,1,0.13478025513790937,0.1478242041103275,0.5,0.5,-0.14130222962411843,0.2095097005367279,0.0123949209228158,0.036093275994062424,,,1.0,normal
1801,50,scenario3_repeated_spike,SAC,50,105.83113146632564,1,0.12848404780593659,0.1427872382447493,0.5,0.5,-0.13563564302534292,0.3026033043861389,0.0040669809095561504,0.024801457300782204,,,1.0,normal
1802,50,scenario3_repeated_spike,SAC,50,90.24801831969309,1,0.12281746120716112,0.13825396896572892,0.5,0.5,-0.13053571508644501,0.43620607256889343,0.00518086738884449,0.0263623408973217,,,1.0,normal
1803,50,scenario3_repeated_spike,SAC,50,76.22321648772378,1,0.11771753326826319,0.13417402661461056,0.5,0.5,-0.12594577994143688,0.35883691906929016,0.00746091827750206,0.03703591972589493,,,1.0,normal
1804,50,scenario3_repeated_spike,SAC,50,63.600894838951405,1,0.11312759812325507,0.13050207849860407,0.5,0.5,-0.12181483831092957,0.3929287791252136,0.009863443672657013,0.03721115365624428,,,1.0,normal
1805,50,scenario3_repeated_spike,SAC,50,52.24080535505627,1,0.10899665649274773,0.12719732519419819,0.5,0.5,-0.11809699084347296,0.19909723103046417,0.005086028948426247,0.023815354332327843,,,1.0,normal
1806,50,scenario3_repeated_spike,SAC,50,42.01672481955064,1,0.10527880902529115,0.12422304722023292,0.5,0.5,-0.11475092812276202,0.6563252806663513,0.013653839007019997,0.04903988167643547,,,1.0,normal
1807,50,scenario3_repeated_spike,SAC,50,38.815052337595574,0,0.08425940771099724,0.2348150523375956,0.5,0.5,-0.15953723002429643,0.32160186767578125,0.004838342312723398,0.02617006190121174,,,1.0,normal
1808,50,scenario3_repeated_spike,SAC,50,35.93354710383602,0,0.08245846693989752,0.23193354710383604,0.5,0.5,-0.15719600702186678,0.3950815796852112,0.004524547606706619,0.024001004174351692,,,1.0,normal
1809,50,scenario3_repeated_spike,SAC,50,27.34019239345242,1,0.0999418881430736,0.11995351051445888,0.5,0.5,-0.10994769932876625,0.459672749042511,0.011373443529009819,0.04590868949890137,,,1.0,normal
1810,50,scenario3_repeated_spike,SAC,50,25.606173154107182,0,0.076003858221317,0.22160617315410722,0.5,0.5,-0.1488050156877121,0.18895801901817322,0.01010488998144865,0.03406829759478569,,,1.0,normal
1811,50,scenario3_repeated_spike,SAC,50,24.045555838696465,0,0.0750284723991853,0.22004555583869648,0.5,0.5,-0.14753701411894088,0.4521896541118622,0.010996023193001747,0.04820816218852997,,,1.0,normal
1812,50,scenario3_repeated_spike,SAC,50,22.64100025482682,0,0.07415062515926676,0.21864100025482683,0.5,0.5,-0.1463958127070468,0.16720251739025116,0.00595796899870038,0.022915717214345932,,,1.0,normal
1813,50,scenario3_repeated_spike,SAC,50,15.376900229344141,1,0.09559160008339788,0.11647328006671831,0.5,0.5,-0.1060324400750581,0.40051212906837463,0.01084553450345993,0.04566025733947754,,,1.0,normal
1814,50,scenario3_repeated_spike,SAC,50,8.839210206409728,1,0.09321425825687626,0.11457140660550102,0.5,0.5,-0.10389283243118864,0.2701150178909302,0.011530485935509205,0.03494333103299141,,,1.0,normal
1815,50,scenario3_repeated_spike,SAC,50,8.955289185768756,0,0.06559705574110547,0.20495528918576877,0.5,0.5,-0.13527617246343712,0.6235560774803162,0.01916394755244255,0.05261243134737015,,,1.0,normal
1816,50,scenario3_repeated_spike,SAC,50,3.05976026719188,1,0.09111264009716068,0.11289011207772853,0.5,0.5,-0.10200137608744461,0.2860743999481201,0.008396214805543423,0.026949800550937653,,,1.0,normal
1817,50,scenario3_repeated_spike,SAC,50,0.0,1,0.09,0.11199999999999999,0.5,0.5,-0.10099999999999999,0.23547302186489105,0.007567060180008411,0.03291721269488335,,,1.0,normal
1818,50,scenario3_repeated_spike,SAC,50,0.0,1,0.09,0.11199999999999999,0.5,0.5,-0.10099999999999999,0.33592456579208374,0.004202157258987427,0.026954684406518936,,,1.0,normal
1819,50,scenario3_repeated_spike,SAC,50,0.0,1,0.09,0.11199999999999999,0.5,0.5,-0.10099999999999999,0.36189714074134827,0.0041287485510110855,0.01908796839416027,,,1.0,normal
1820,50,scenario3_repeated_spike,SAC,50,0.0,1,0.09,0.11199999999999999,0.5,0.5,-0.10099999999999999,0.16916823387145996,0.0034840223379433155,0.022428151220083237,,,1.0,normal
1821,50,scenario3_repeated_spike,SAC,50,0.0,1,0.09,0.11199999999999999,0.5,0.5,-0.10099999999999999,0.39376363158226013,0.006466589868068695,0.0257759727537632,,,1.0,normal
1822,50,scenario3_repeated_spike,SAC,50,1.0,0,0.060625,0.197,0.5,0.5,-0.1288125,0.2756338119506836,0.006400267593562603,0.03160640224814415,,,1.0,normal
1823,50,scenario3_repeated_spike,SAC,50,1.9000000000000004,0,0.0611875,0.19790000000000002,0.5,0.5,-0.12954375,0.24892649054527283,0.00623246468603611,0.02710120938718319,,,1.0,normal
1824,50,scenario3_repeated_spike,SAC,50,0.0,1,0.09,0.11199999999999999,0.5,0.5,-0.10099999999999999,0.35146364569664,0.004835862200707197,0.02816571667790413,,,1.0,normal
1825,50,scenario3_repeated_spike,SAC,50,1.0,0,0.060625,0.197,0.5,0.5,-0.1288125,0.3425602912902832,0.007795225363224745,0.02701844461262226,,,1.0,normal
1826,50,scenario3_repeated_spike,SAC,50,0.0,1,0.09,0.11199999999999999,0.5,0.5,-0.10099999999999999,0.4306694567203522,0.0027352450415492058,0.01973753608763218,,,1.0,normal
1827,50,scenario3_repeated_spike,SAC,50,0.0,1,0.09,0.11199999999999999,0.5,0.5,-0.10099999999999999,0.448292076587677,0.001682189293205738,0.01666736975312233,,,1.0,normal
1828,50,scenario3_repeated_spike,SAC,50,0.0,1,0.09,0.11199999999999999,0.5,0.5,-0.10099999999999999,0.4357091188430786,0.004448835738003254,0.024905748665332794,,,1.0,normal
1829,50,scenario3_repeated_spike,SAC,50,0.0,1,0.09,0.11199999999999999,0.5,0.5,-0.10099999999999999,0.46191129088401794,0.0057466840371489525,0.0314347930252552,,,1.0,normal
1830,50,scenario3_repeated_spike,SAC,50,1.0,0,0.060625,0.197,0.5,0.5,-0.1288125,0.25732216238975525,0.0011765287490561604,0.01316471491008997,,,1.0,normal
1831,50,scenario3_repeated_spike,SAC,50,1.9000000000000004,0,0.0611875,0.19790000000000002,0.5,0.5,-0.12954375,0.6245105266571045,0.006855259649455547,0.04029025509953499,,,1.0,normal
1832,50,scenario3_repeated_spike,SAC,50,0.0,1,0.09,0.11199999999999999,0.5,0.5,-0.10099999999999999,0.3753373622894287,0.010973396711051464,0.042149193584918976,,,1.0,normal
1833,50,scenario3_repeated_spike,SAC,50,0.0,1,0.09,0.11199999999999999,0.5,0.5,-0.10099999999999999,0.4120650887489319,0.005731684155762196,0.027089344337582588,,,1.0,normal
1834,50,scenario3_repeated_spike,SAC,50,1.0,0,0.060625,0.197,0.5,0.5,-0.1288125,0.36319416761398315,0.007843900471925735,0.03355572745203972,,,1.0,normal
1835,50,scenario3_repeated_spike,SAC,50,1.9000000000000004,0,0.0611875,0.19790000000000002,0.5,0.5,-0.12954375,0.11042937636375427,0.006115710828453302,0.026732124388217926,,,1.0,normal
1836,50,scenario3_repeated_spike,SAC,50,0.0,1,0.09,0.11199999999999999,0.5,0.5,-0.10099999999999999,0.2114018052816391,0.001779637997969985,0.016485342755913734,,,1.0,normal
1837,50,scenario3_repeated_spike,SAC,50,0.0,1,0.09,0.11199999999999999,0.5,0.5,-0.10099999999999999,0.537665843963623,0.007798786275088787,0.03618651628494263,,,1.0,normal
1838,50,scenario3_repeated_spike,SAC,50,0.0,1,0.09,0.11199999999999999,0.5,0.5,-0.10099999999999999,0.20855793356895447,0.011240987107157707,0.035664863884449005,,,1.0,normal
1839,50,scenario3_repeated_spike,SAC,50,1.0,0,0.060625,0.197,0.5,0.5,-0.1288125,0.2826652228832245,0.004594761412590742,0.025465484708547592,,,1.0,normal
1840,50,scenario3_repeated_spike,SAC,50,1.9000000000000004,0,0.0611875,0.19790000000000002,0.5,0.5,-0.12954375,0.2672649621963501,0.004648839123547077,0.025481387972831726,,,1.0,normal
1841,50,scenario3_repeated_spike,SAC,50,2.710000000000001,0,0.061693750000000006,0.19871000000000003,0.5,0.5,-0.13020187500000002,0.22212550044059753,0.005892738699913025,0.027263065800070763,,,1.0,normal
1842,50,scenario3_repeated_spike,SAC,50,0.0,1,0.09,0.11199999999999999,0.5,0.5,-0.10099999999999999,0.19247578084468842,0.0022935313172638416,0.015207653865218163,,,1.0,normal
1843,50,scenario3_repeated_spike,SAC,50,0.0,1,0.09,0.11199999999999999,0.5,0.5,-0.10099999999999999,0.16399899125099182,0.002766437828540802,0.016887428238987923,,,1.0,normal
1844,50,scenario3_repeated_spike,SAC,50,1.0,0,0.060625,0.197,0.5,0.5,-0.1288125,0.36820143461227417,0.00137381162494421,0.01286855898797512,,,1.0,normal
1845,50,scenario3_repeated_spike,SAC,50,0.0,1,0.09,0.11199999999999999,0.5,0.5,-0.10099999999999999,0.340760201215744,0.0031872624531388283,0.02068042755126953,,,1.0,normal
1846,50,scenario3_repeated_spike,SAC,50,0.0,1,0.09,0.11199999999999999,0.5,0.5,-0.10099999999999999,0.4055878520011902,0.00692023616284132,0.027047475799918175,,,1.0,normal
1847,50,scenario3_repeated_spike,SAC,50,1.0,0,0.060625,0.197,0.5,0.5,-0.1288125,0.28411978483200073,0.006268722005188465,0.023677203804254532,,,1.0,normal
1848,50,scenario3_repeated_spike,SAC,50,1.9000000000000004,0,0.0611875,0.19790000000000002,0.5,0.5,-0.12954375,0.3464699685573578,0.005001920275390148,0.02798285335302353,,,1.0,normal
1849,50,scenario3_repeated_spike,SAC,50,0.0,1,0.09,0.11199999999999999,0.5,0.5,-0.10099999999999999,0.27920326590538025,0.0020012210588902235,0.01603507623076439,,,1.0,normal
1850,50,scenario3_repeated_spike,SAC,50,0.0,1,0.09,0.11199999999999999,0.5,0.5,-0.10099999999999999,0.26168620586395264,0.002869971562176943,0.020757846534252167,,,1.0,normal
1851,50,scenario3_repeated_spike,SAC,50,1.0,0,0.060625,0.197,0.5,0.5,-0.1288125,0.20742814242839813,0.004679303150624037,0.023649072274565697,,,1.0,normal
1852,50,scenario3_repeated_spike,SAC,50,1.9000000000000004,0,0.0611875,0.19790000000000002,0.5,0.5,-0.12954375,0.525177538394928,0.004467041231691837,0.021562766283750534,,,1.0,normal
1853,50,scenario3_repeated_spike,SAC,50,2.710000000000001,0,0.061693750000000006,0.19871000000000003,0.5,0.5,-0.13020187500000002,0.26097798347473145,0.006991395261138678,0.02707064338028431,,,1.0,normal
1854,50,scenario3_repeated_spike,SAC,50,0.0,1,0.09,0.11199999999999999,0.5,0.5,-0.10099999999999999,0.35874196887016296,0.005393784027546644,0.027403924614191055,,,1.0,normal
1855,50,scenario3_repeated_spike,SAC,50,0.0,1,0.09,0.11199999999999999,0.5,0.5,-0.10099999999999999,0.34765228629112244,0.00483412342146039,0.0273935217410326,,,1.0,normal
1856,50,scenario3_repeated_spike,SAC,50,1.0,0,0.060625,0.197,0.5,0.5,-0.1288125,0.27467837929725647,0.0065679484978318214,0.02976207807660103,,,1.0,normal
1857,50,scenario3_repeated_spike,SAC,50,1.9000000000000004,0,0.0611875,0.19790000000000002,0.5,0.5,-0.12954375,0.44110918045043945,0.00920973438769579,0.033366475254297256,,,1.0,normal
1858,50,scenario3_repeated_spike,SAC,50,0.0,1,0.09,0.11199999999999999,0.5,0.5,-0.10099999999999999,0.41666755080223083,0.007394715212285519,0.03652924671769142,,,1.0,normal
1859,50,scenario3_repeated_spike,SAC,50,1.0,0,0.060625,0.197,0.5,0.5,-0.1288125,0.35884565114974976,0.006991171278059483,0.028175275772809982,,,1.0,normal
1860,50,scenario3_repeated_spike,SAC,50,0.0,1,0.09,0.11199999999999999,0.5,0.5,-0.10099999999999999,0.5203167200088501,0.013479538261890411,0.0502784438431263,,,1.0,normal
1861,50,scenario3_repeated_spike,SAC,50,1.0,0,0.060625,0.197,0.5,0.5,-0.1288125,0.16655898094177246,0.015561368316411972,0.03877381235361099,,,1.0,normal
1862,50,scenario3_repeated_spike,SAC,50,0.0,1,0.09,0.11199999999999999,0.5,0.5,-0.10099999999999999,0.35934263467788696,0.015458887442946434,0.049242883920669556,,,1.0,normal
1863,50,scenario3_repeated_spike,SAC,50,0.0,1,0.09,0.11199999999999999,0.5,0.5,-0.10099999999999999,0.16306111216545105,0.002857917221263051,0.015448986552655697,,,1.0,normal
1864,50,scenario3_repeated_spike,SAC,50,0.0,1,0.09,0.11199999999999999,0.5,0.5,-0.10099999999999999,0.4968600869178772,0.016817865893244743,0.0521167516708374,,,1.0,normal
1865,50,scenario3_repeated_spike,SAC,50,1.0,0,0.060625,0.197,0.5,0.5,-0.1288125,0.42021211981773376,0.029792122542858124,0.0713047906756401,,,1.0,normal
1866,50,scenario3_repeated_spike,SAC,50,1.9000000000000004,0,0.0611875,0.19790000000000002,0.5,0.5,-0.12954375,0.3196142911911011,0.021861154586076736,0.05239018797874451,,,1.0,normal
1867,50,scenario3_repeated_spike,SAC,50,0.0,1,0.09,0.11199999999999999,0.5,0.5,-0.10099999999999999,0.4261569082736969,0.009687140583992004,0.03870247304439545,,,1.0,normal
1868,50,scenario3_repeated_spike,SAC,50,0.0,1,0.09,0.11199999999999999,0.5,0.5,-0.10099999999999999,0.11354774236679077,0.0009546165820211172,0.011262829415500164,,,1.0,normal
1869,50,scenario3_repeated_spike,SAC,50,1.0,0,0.060625,0.197,0.5,0.5,-0.1288125,0.3907085359096527,0.00584734883159399,0.028694577515125275,,,1.0,normal
1870,50,scenario3_repeated_spike,SAC,50,1.9000000000000004,0,0.0611875,0.19790000000000002,0.5,0.5,-0.12954375,0.2849511206150055,0.006849873345345259,0.029815364629030228,,,1.0,normal
1871,50,scenario3_repeated_spike,SAC,50,0.0,1,0.09,0.11199999999999999,0.5,0.5,-0.10099999999999999,0.5796771049499512,0.002360509242862463,0.017646875232458115,,,1.0,normal
1872,50,scenario3_repeated_spike,SAC,50,0.0,1,0.09,0.11199999999999999,0.5,0.5,-0.10099999999999999,0.33138710260391235,0.00421994598582387,0.027102049440145493,,,1.0,normal
1873,50,scenario3_repeated_spike,SAC,50,1.0,0,0.060625,0.197,0.5,0.5,-0.1288125,0.4072750210762024,0.003834277857095003,0.0236235111951828,,,1.0,normal
1874,50,scenario3_repeated_spike,SAC,50,0.0,1,0.09,0.11199999999999999,0.5,0.5,-0.10099999999999999,0.5939439535140991,0.0032180030830204487,0.01950722374022007,,,1.0,normal
1875,50,scenario3_repeated_spike,SAC,50,0.0,1,0.09,0.11199999999999999,0.5,0.5,-0.10099999999999999,0.2736018896102905,0.002291508251801133,0.016458243131637573,,,1.0,normal
1876,50,scenario3_repeated_spike,SAC,50,0.0,1,0.09,0.11199999999999999,0.5,0.5,-0.10099999999999999,0.27801039814949036,0.001209712470881641,0.01036359928548336,,,1.0,normal
1877,50,scenario3_repeated_spike,SAC,50,1.0,0,0.060625,0.197,0.5,0.5,-0.1288125,0.366557240486145,0.00428926944732666,0.029553275555372238,,,1.0,normal
1878,50,scenario3_repeated_spike,SAC,50,0.0,1,0.09,0.11199999999999999,0.5,0.5,-0.10099999999999999,0.4604519009590149,0.005423747934401035,0.0329032838344574,,,1.0,normal
1879,50,scenario3_repeated_spike,SAC,50,0.0,1,0.09,0.11199999999999999,0.5,0.5,-0.10099999999999999,0.4242244064807892,0.0039160652086138725,0.02344202622771263,,,1.0,normal
1880,50,scenario3_repeated_spike,SAC,50,1.0,0,0.060625,0.197,0.5,0.5,-0.1288125,0.1745782494544983,0.010184917598962784,0.028317371383309364,,,1.0,normal
1881,50,scenario3_repeated_spike,SAC,50,0.0,1,0.09,0.11199999999999999,0.5,0.5,-0.10099999999999999,0.1937882900238037,0.007834241725504398,0.028671465814113617,,,1.0,normal
1882,50,scenario3_repeated_spike,SAC,50,1.0,0,0.060625,0.197,0.5,0.5,-0.1288125,0.3012320399284363,0.010500234551727772,0.029717545956373215,,,1.0,normal
1883,50,scenario3_repeated_spike,SAC,50,0.0,1,0.09,0.11199999999999999,0.5,0.5,-0.10099999999999999,0.3398604094982147,0.003731395350769162,0.02475663088262081,,,1.0,normal
1884,50,scenario3_repeated_spike,SAC,50,0.0,1,0.09,0.11199999999999999,0.5,0.5,-0.10099999999999999,0.2063051015138626,0.0059445081278681755,0.02839512750506401,,,1.0,normal
1885,50,scenario3_repeated_spike,SAC,50,0.0,1,0.09,0.11199999999999999,0.5,0.5,-0.10099999999999999,0.4108986258506775,0.003551164176315069,0.020333904772996902,,,1.0,normal
1886,50,scenario3_repeated_spike,SAC,50,1.0,0,0.060625,0.197,0.5,0.5,-0.1288125,0.4063858091831207,0.002042204374447465,0.020474335178732872,,,1.0,normal
1887,50,scenario3_repeated_spike,SAC,50,1.9000000000000004,0,0.0611875,0.19790000000000002,0.5,0.5,-0.12954375,0.5452136993408203,0.001139756292104721,0.0142119862139225,,,1.0,normal
1888,50,scenario3_repeated_spike,SAC,50,2.710000000000001,0,0.061693750000000006,0.19871000000000003,0.5,0.5,-0.13020187500000002,0.07382688671350479,0.001731768250465393,0.012028718367218971,,,1.0,normal
1889,50,scenario3_repeated_spike,SAC,50,3.439,0,0.062149375,0.199439,0.5,0.5,-0.1307941875,0.2898424565792084,0.003079500747844577,0.015921302139759064,,,1.0,normal
1890,50,scenario3_repeated_spike,SAC,50,0.0,1,0.09,0.11199999999999999,0.5,0.5,-0.10099999999999999,0.18446911871433258,0.008308833464980125,0.027209492400288582,,,1.0,normal
1891,50,scenario3_repeated_spike,SAC,50,0.0,1,0.09,0.11199999999999999,0.5,0.5,-0.10099999999999999,0.18044424057006836,0.016160018742084503,0.03611256554722786,,,1.0,normal
1892,50,scenario3_repeated_spike,SAC,50,1.0,0,0.060625,0.197,0.5,0.5,-0.1288125,0.28566843271255493,0.011587541550397873,0.024687347933650017,,,1.0,normal
1893,50,scenario3_repeated_spike,SAC,50,0.0,1,0.09,0.11199999999999999,0.5,0.5,-0.10099999999999999,0.3880087733268738,0.002424261998385191,0.0195087268948555,,,1.0,normal
1894,50,scenario3_repeated_spike,SAC,50,1.0,0,0.060625,0.197,0.5,0.5,-0.1288125,0.48122093081474304,0.0031209730077534914,0.01740310713648796,,,1.0,normal
1895,50,scenario3_repeated_spike,SAC,50,0.0,1,0.09,0.11199999999999999,0.5,0.5,-0.10099999999999999,0.3448295593261719,0.005771092139184475,0.022850830107927322,,,1.0,normal
1896,50,scenario3_repeated_spike,SAC,50,1.0,0,0.060625,0.197,0.5,0.5,-0.1288125,0.2674682140350342,0.0011428742436692119,0.011312277987599373,,,1.0,normal
1897,50,scenario3_repeated_spike,SAC,50,1.9000000000000004,0,0.0611875,0.19790000000000002,0.5,0.5,-0.12954375,0.4078224003314972,0.0019196951761841774,0.016586696729063988,,,1.0,normal
1898,50,scenario3_repeated_spike,SAC,50,2.710000000000001,0,0.061693750000000006,0.19871000000000003,0.5,0.5,-0.13020187500000002,0.2764066159725189,0.007791779935359955,0.027687210589647293,,,1.0,normal
1899,50,scenario3_repeated_spike,SAC,50,0.0,1,0.09,0.11199999999999999,0.5,0.5,-0.10099999999999999,0.27926990389823914,0.005750760436058044,0.030504541471600533,,,1.0,normal
1900,50,scenario3_repeated_spike,SAC,50,0.0,1,0.09,0.11199999999999999,0.5,0.5,-0.10099999999999999,0.35547587275505066,0.0011942331911996007,0.01338906493037939,,,1.0,normal
1901,50,scenario3_repeated_spike,SAC,50,0.0,1,0.09,0.11199999999999999,0.5,0.5,-0.10099999999999999,0.3405948281288147,0.004713238216936588,0.02871280163526535,,,1.0,normal
1902,50,scenario3_repeated_spike,SAC,50,0.0,1,0.09,0.11199999999999999,0.5,0.5,-0.10099999999999999,0.382041871547699,0.008872363716363907,0.038137104362249374,,,1.0,normal
1903,50,scenario3_repeated_spike,SAC,50,1.0,0,0.060625,0.197,0.5,0.5,-0.1288125,0.3252516984939575,0.005072286352515221,0.022911610081791878,,,1.0,normal
1904,50,scenario3_repeated_spike,SAC,50,1.9000000000000004,0,0.0611875,0.19790000000000002,0.5,0.5,-0.12954375,0.0912075936794281,0.010473106056451797,0.03015688620507717,,,1.0,normal
1905,50,scenario3_repeated_spike,SAC,50,2.710000000000001,0,0.061693750000000006,0.19871000000000003,0.5,0.5,-0.13020187500000002,0.06895960867404938,0.006181569769978523,0.019785776734352112,,,1.0,normal
1906,50,scenario3_repeated_spike,SAC,50,0.0,1,0.09,0.11199999999999999,0.5,0.5,-0.10099999999999999,0.3201978802680969,0.009473494254052639,0.03753705695271492,,,1.0,normal
1907,50,scenario3_repeated_spike,SAC,50,0.0,1,0.09,0.11199999999999999,0.5,0.5,-0.10099999999999999,0.12542232871055603,0.003909434657543898,0.021962877362966537,,,1.0,normal
1908,50,scenario3_repeated_spike,SAC,50,0.0,1,0.09,0.11199999999999999,0.5,0.5,-0.10099999999999999,0.3448420464992523,0.00763523206114769,0.021592028439044952,,,1.0,normal
1909,50,scenario3_repeated_spike,SAC,50,0.0,1,0.09,0.11199999999999999,0.5,0.5,-0.10099999999999999,0.24483364820480347,0.005776816513389349,0.018923377618193626,,,1.0,normal
1910,50,scenario3_repeated_spike,SAC,50,1.0,0,0.060625,0.197,0.5,0.5,-0.1288125,0.1326039582490921,0.0045567709021270275,0.02425432577729225,,,1.0,normal
1911,50,scenario3_repeated_spike,SAC,50,1.9000000000000004,0,0.0611875,0.19790000000000002,0.5,0.5,-0.12954375,0.14580053091049194,0.0042486791498959064,0.024214228615164757,,,1.0,normal
1912,50,scenario3_repeated_spike,SAC,50,0.0,1,0.09,0.11199999999999999,0.5,0.5,-0.10099999999999999,0.4125216603279114,0.0030153642874211073,0.021727388724684715,,,1.0,normal
1913,50,scenario3_repeated_spike,SAC,50,1.0,0,0.060625,0.197,0.5,0.5,-0.1288125,0.35947227478027344,0.0021672016009688377,0.013939028605818748,,,1.0,normal
1914,50,scenario3_repeated_spike,SAC,50,0.0,1,0.09,0.11199999999999999,0.5,0.5,-0.10099999999999999,0.2569942772388458,0.0027773224283009768,0.02059406414628029,,,1.0,normal
1915,50,scenario3_repeated_spike,SAC,50,0.0,1,0.09,0.11199999999999999,0.5,0.5,-0.10099999999999999,0.34830185770988464,0.00652067456394434,0.029675476253032684,,,1.0,normal
1916,50,scenario3_repeated_spike,SAC,50,1.0,0,0.060625,0.197,0.5,0.5,-0.1288125,0.4747437536716461,0.005322546698153019,0.024073462933301926,,,1.0,normal
1917,50,scenario3_repeated_spike,SAC,50,0.0,1,0.09,0.11199999999999999,0.5,0.5,-0.10099999999999999,0.0985909253358841,0.0035854624584317207,0.018718237057328224,,,1.0,normal
1918,50,scenario3_repeated_spike,SAC,50,1.0,0,0.060625,0.197,0.5,0.5,-0.1288125,0.44593125581741333,0.003914263099431992,0.020311355590820312,,,1.0,normal
1919,50,scenario3_repeated_spike,SAC,50,1.9000000000000004,0,0.0611875,0.19790000000000002,0.5,0.5,-0.12954375,0.25310757756233215,0.0045966110192239285,0.021272234618663788,,,1.0,normal
1920,50,scenario3_repeated_spike,SAC,50,0.0,1,0.09,0.11199999999999999,0.5,0.5,-0.10099999999999999,0.28523725271224976,0.0019494770094752312,0.01782621443271637,,,1.0,normal
1921,50,scenario3_repeated_spike,SAC,50,0.0,1,0.09,0.11199999999999999,0.5,0.5,-0.10099999999999999,0.44254717230796814,0.0022432045079767704,0.021068943664431572,,,1.0,normal
1922,50,scenario3_repeated_spike,SAC,50,1.0,0,0.060625,0.197,0.5,0.5,-0.1288125,0.19376744329929352,0.002148017752915621,0.017625320702791214,,,1.0,normal
1923,50,scenario3_repeated_spike,SAC,50,1.9000000000000004,0,0.0611875,0.19790000000000002,0.5,0.5,-0.12954375,0.3053171634674072,0.006386834196746349,0.02609703131020069,,,1.0,normal
1924,50,scenario3_repeated_spike,SAC,50,2.710000000000001,0,0.061693750000000006,0.19871000000000003,0.5,0.5,-0.13020187500000002,0.4918704330921173,0.0031750539783388376,0.0242350772023201,,,1.0,normal
1925,50,scenario3_repeated_spike,SAC,50,3.439,0,0.062149375,0.199439,0.5,0.5,-0.1307941875,0.3549281358718872,0.007160655222833157,0.02431873045861721,,,1.0,normal
1926,50,scenario3_repeated_spike,SAC,50,0.0,1,0.09,0.11199999999999999,0.5,0.5,-0.10099999999999999,0.5076460242271423,0.004263100679963827,0.02894982323050499,,,1.0,normal
1927,50,scenario3_repeated_spike,SAC,50,0.0,1,0.09,0.11199999999999999,0.5,0.5,-0.10099999999999999,0.18086183071136475,0.005058483220636845,0.02415275387465954,,,1.0,normal
1928,50,scenario3_repeated_spike,SAC,50,0.0,1,0.09,0.11199999999999999,0.5,0.5,-0.10099999999999999,0.2779470384120941,0.005082359537482262,0.02676306664943695,,,1.0,normal
1929,50,scenario3_repeated_spike,SAC,50,0.0,1,0.09,0.11199999999999999,0.5,0.5,-0.10099999999999999,0.288805216550827,0.003506958484649658,0.017911674454808235,,,1.0,normal
1930,50,scenario3_repeated_spike,SAC,50,0.0,1,0.09,0.11199999999999999,0.5,0.5,-0.10099999999999999,0.319404661655426,0.005268184468150139,0.027998914942145348,,,1.0,normal
1931,50,scenario3_repeated_spike,SAC,50,1.0,0,0.060625,0.197,0.5,0.5,-0.1288125,0.25780102610588074,0.003976377658545971,0.023356249555945396,,,1.0,normal
1932,50,scenario3_repeated_spike,SAC,50,0.0,1,0.09,0.11199999999999999,0.5,0.5,-0.10099999999999999,0.37985408306121826,0.0038937837816774845,0.02133401855826378,,,1.0,normal
1933,50,scenario3_repeated_spike,SAC,50,1.0,0,0.060625,0.197,0.5,0.5,-0.1288125,0.24865569174289703,0.007262385915964842,0.026182329282164574,,,1.0,normal
1934,50,scenario3_repeated_spike,SAC,50,0.0,1,0.09,0.11199999999999999,0.5,0.5,-0.10099999999999999,0.3497766852378845,0.004383763764053583,0.025749890133738518,,,1.0,normal
1935,50,scenario3_repeated_spike,SAC,50,1.0,0,0.060625,0.197,0.5,0.5,-0.1288125,0.29433298110961914,0.004296289756894112,0.020833149552345276,,,1.0,normal
1936,50,scenario3_repeated_spike,SAC,50,1.9000000000000004,0,0.0611875,0.19790000000000002,0.5,0.5,-0.12954375,0.194959357380867,0.0011002731043845415,0.012800527736544609,,,1.0,normal
1937,50,scenario3_repeated_spike,SAC,50,2.710000000000001,0,0.061693750000000006,0.19871000000000003,0.5,0.5,-0.13020187500000002,0.18332526087760925,0.001723814057186246,0.014138327911496162,,,1.0,normal
1938,50,scenario3_repeated_spike,SAC,50,0.0,1,0.09,0.11199999999999999,0.5,0.5,-0.10099999999999999,0.19238734245300293,0.010160313919186592,0.025350041687488556,,,1.0,normal
1939,50,scenario3_repeated_spike,SAC,50,1.0,0,0.060625,0.197,0.5,0.5,-0.1288125,0.30111730098724365,0.004782330244779587,0.02294992096722126,,,1.0,normal
1940,50,scenario3_repeated_spike,SAC,50,0.0,1,0.09,0.11199999999999999,0.5,0.5,-0.10099999999999999,0.4602770209312439,0.0014908097218722105,0.01588238775730133,,,1.0,normal
1941,50,scenario3_repeated_spike,SAC,50,0.0,1,0.09,0.11199999999999999,0.5,0.5,-0.10099999999999999,0.4172554910182953,0.0014494983479380608,0.016108209267258644,,,1.0,normal
1942,50,scenario3_repeated_spike,SAC,50,0.0,1,0.09,0.11199999999999999,0.5,0.5,-0.10099999999999999,0.39896076917648315,0.0033644435461610556,0.023339981213212013,,,1.0,normal
1943,50,scenario3_repeated_spike,SAC,50,0.0,1,0.09,0.11199999999999999,0.5,0.5,-0.10099999999999999,0.37820038199424744,0.003521166741847992,0.02395641803741455,,,1.0,normal
1944,50,scenario3_repeated_spike,SAC,50,0.0,1,0.09,0.11199999999999999,0.5,0.5,-0.10099999999999999,0.21379035711288452,0.00184350716881454,0.013596603646874428,,,1.0,normal
1945,50,scenario3_repeated_spike,SAC,50,1.0,0,0.060625,0.197,0.5,0.5,-0.1288125,0.24354179203510284,0.0030366904102265835,0.01839437335729599,,,1.0,normal
1946,50,scenario3_repeated_spike,SAC,50,0.0,1,0.09,0.11199999999999999,0.5,0.5,-0.10099999999999999,0.48697659373283386,0.0031148470006883144,0.0237281396985054,,,1.0,normal
1947,50,scenario3_repeated_spike,SAC,50,0.0,1,0.09,0.11199999999999999,0.5,0.5,-0.10099999999999999,0.4280848503112793,0.013952801935374737,0.031127706170082092,,,1.0,normal
1948,50,scenario3_repeated_spike,SAC,50,1.0,0,0.060625,0.197,0.5,0.5,-0.1288125,0.365671843290329,0.00369406770914793,0.020819546654820442,,,1.0,normal
1949,50,scenario3_repeated_spike,SAC,50,1.9000000000000004,0,0.0611875,0.19790000000000002,0.5,0.5,-0.12954375,0.16441059112548828,0.006726081483066082,0.026744093745946884,,,1.0,normal
1950,50,scenario3_repeated_spike,SAC,50,2.710000000000001,0,0.061693750000000006,0.19871000000000003,0.5,0.5,-0.13020187500000002,0.4126962125301361,0.0025279936380684376,0.019540389999747276,,,1.0,normal
1951,50,scenario3_repeated_spike,SAC,50,0.0,1,0.09,0.11199999999999999,0.5,0.5,-0.10099999999999999,0.388371080160141,0.0016074739396572113,0.014179564081132412,,,1.0,normal
1952,50,scenario3_repeated_spike,SAC,50,0.0,1,0.09,0.11199999999999999,0.5,0.5,-0.10099999999999999,0.14856842160224915,0.0011145944008603692,0.009681237861514091,,,1.0,normal
1953,50,scenario3_repeated_spike,SAC,50,1.0,0,0.060625,0.197,0.5,0.5,-0.1288125,0.23704689741134644,0.0011810266878455877,0.01084814965724945,,,1.0,normal
1954,50,scenario3_repeated_spike,SAC,50,0.0,1,0.09,0.11199999999999999,0.5,0.5,-0.10099999999999999,0.39071714878082275,0.005485311150550842,0.023864688351750374,,,1.0,normal
1955,50,scenario3_repeated_spike,SAC,50,0.0,1,0.09,0.11199999999999999,0.5,0.5,-0.10099999999999999,0.2789539694786072,0.009685249999165535,0.027394017204642296,,,1.0,normal
1956,50,scenario3_repeated_spike,SAC,50,1.0,0,0.060625,0.197,0.5,0.5,-0.1288125,0.2544867992401123,0.002328315284103155,0.01597483642399311,,,1.0,normal
1957,50,scenario3_repeated_spike,SAC,50,1.9000000000000004,0,0.0611875,0.19790000000000002,0.5,0.5,-0.12954375,0.2562950551509857,0.005925909150391817,0.017873670905828476,,,1.0,normal
1958,50,scenario3_repeated_spike,SAC,50,2.710000000000001,0,0.061693750000000006,0.19871000000000003,0.5,0.5,-0.13020187500000002,0.3897497355937958,0.005229307804256678,0.028876299038529396,,,1.0,normal
1959,50,scenario3_repeated_spike,SAC,50,0.0,1,0.09,0.11199999999999999,0.5,0.5,-0.10099999999999999,0.4634489119052887,0.011486470699310303,0.04215751588344574,,,1.0,normal
1960,50,scenario3_repeated_spike,SAC,50,0.0,1,0.09,0.11199999999999999,0.5,0.5,-0.10099999999999999,0.17608436942100525,0.003314148634672165,0.01714356243610382,,,1.0,normal
1961,50,scenario3_repeated_spike,SAC,50,0.0,1,0.09,0.11199999999999999,0.5,0.5,-0.10099999999999999,0.45498254895210266,0.012348580174148083,0.0453377403318882,,,1.0,normal
1962,50,scenario3_repeated_spike,SAC,50,0.0,1,0.09,0.11199999999999999,0.5,0.5,-0.10099999999999999,0.20301170647144318,0.012872281484305859,0.03325526788830757,,,1.0,normal
1963,50,scenario3_repeated_spike,SAC,50,0.0,1,0.09,0.11199999999999999,0.5,0.5,-0.10099999999999999,0.15769845247268677,0.011755685321986675,0.035368919372558594,,,1.0,normal
1964,50,scenario3_repeated_spike,SAC,50,1.0,0,0.060625,0.197,0.5,0.5,-0.1288125,0.32338446378707886,0.00479070795699954,0.022145316004753113,,,1.0,normal
1965,50,scenario3_repeated_spike,SAC,50,1.9000000000000004,0,0.0611875,0.19790000000000002,0.5,0.5,-0.12954375,0.4489310383796692,0.012630555778741837,0.04237750172615051,,,1.0,normal
1966,50,scenario3_repeated_spike,SAC,50,2.710000000000001,0,0.061693750000000006,0.19871000000000003,0.5,0.5,-0.13020187500000002,0.3704608380794525,0.01748826541006565,0.04434938356280327,,,1.0,normal
1967,50,scenario3_repeated_spike,SAC,50,0.0,1,0.09,0.11199999999999999,0.5,0.5,-0.10099999999999999,0.26811346411705017,0.011368701234459877,0.03437339514493942,,,1.0,normal
1968,50,scenario3_repeated_spike,SAC,50,1.0,0,0.060625,0.197,0.5,0.5,-0.1288125,0.297413170337677,0.0033242632634937763,0.022426927462220192,,,1.0,normal
1969,50,scenario3_repeated_spike,SAC,50,1.9000000000000004,0,0.0611875,0.19790000000000002,0.5,0.5,-0.12954375,0.16226759552955627,0.009314341470599174,0.032329969108104706,,,1.0,normal
1970,50,scenario3_repeated_spike,SAC,50,0.0,1,0.09,0.11199999999999999,0.5,0.5,-0.10099999999999999,0.3034431040287018,0.023032914847135544,0.05048442259430885,,,1.0,normal
1971,50,scenario3_repeated_spike,SAC,50,1.0,0,0.060625,0.197,0.5,0.5,-0.1288125,0.3985646367073059,0.024456514045596123,0.05709368363022804,,,1.0,normal
1972,50,scenario3_repeated_spike,SAC,50,1.9000000000000004,0,0.0611875,0.19790000000000002,0.5,0.5,-0.12954375,0.22277557849884033,0.00716554606333375,0.03115076571702957,,,1.0,normal
1973,50,scenario3_repeated_spike,SAC,50,2.710000000000001,0,0.061693750000000006,0.19871000000000003,0.5,0.5,-0.13020187500000002,0.2615079879760742,0.003957887180149555,0.020160725340247154,,,1.0,normal
1974,50,scenario3_repeated_spike,SAC,50,0.0,1,0.09,0.11199999999999999,0.5,0.5,-0.10099999999999999,0.266716331243515,0.009156549349427223,0.03413957729935646,,,1.0,normal
1975,50,scenario3_repeated_spike,SAC,50,1.0,0,0.060625,0.197,0.5,0.5,-0.1288125,0.25640472769737244,0.006050051189959049,0.02768857590854168,,,1.0,normal
1976,50,scenario3_repeated_spike,SAC,50,1.9000000000000004,0,0.0611875,0.19790000000000002,0.5,0.5,-0.12954375,0.5264608860015869,0.006038124673068523,0.030972572043538094,,,1.0,normal
1977,50,scenario3_repeated_spike,SAC,50,0.0,1,0.09,0.11199999999999999,0.5,0.5,-0.10099999999999999,0.43688490986824036,0.004375615622848272,0.027168136090040207,,,1.0,normal
1978,50,scenario3_repeated_spike,SAC,50,0.0,1,0.09,0.11199999999999999,0.5,0.5,-0.10099999999999999,0.30280452966690063,0.0015153576387092471,0.012478173710405827,,,1.0,normal
1979,50,scenario3_repeated_spike,SAC,50,0.0,1,0.09,0.11199999999999999,0.5,0.5,-0.10099999999999999,0.18545767664909363,0.011728668585419655,0.03452186658978462,,,1.0,normal
1980,50,scenario3_repeated_spike,SAC,50,1.0,0,0.060625,0.197,0.5,0.5,-0.1288125,0.203194260597229,0.014068212360143661,0.041855428367853165,,,1.0,normal
1981,50,scenario3_repeated_spike,SAC,50,1.9000000000000004,0,0.0611875,0.19790000000000002,0.5,0.5,-0.12954375,0.29169875383377075,0.008639940991997719,0.036213431507349014,,,1.0,normal
1982,50,scenario3_repeated_spike,SAC,50,0.0,1,0.09,0.11199999999999999,0.5,0.5,-0.10099999999999999,0.2559099495410919,0.00846313126385212,0.025899218395352364,,,1.0,normal
1983,50,scenario3_repeated_spike,SAC,50,1.0,0,0.060625,0.197,0.5,0.5,-0.1288125,0.33986830711364746,0.010146268643438816,0.03569880872964859,,,1.0,normal
1984,50,scenario3_repeated_spike,SAC,50,1.9000000000000004,0,0.0611875,0.19790000000000002,0.5,0.5,-0.12954375,0.4637720584869385,0.02207021787762642,0.056341685354709625,,,1.0,normal
1985,50,scenario3_repeated_spike,SAC,50,0.0,1,0.09,0.11199999999999999,0.5,0.5,-0.10099999999999999,0.286902517080307,0.01330754067748785,0.04203954339027405,,,1.0,normal
1986,50,scenario3_repeated_spike,SAC,50,0.0,1,0.09,0.11199999999999999,0.5,0.5,-0.10099999999999999,0.4273766875267029,0.004794139880686998,0.020327500998973846,,,1.0,normal
1987,50,scenario3_repeated_spike,SAC,50,1.0,0,0.060625,0.197,0.5,0.5,-0.1288125,0.3828926682472229,0.02056771330535412,0.05171805992722511,,,1.0,normal
1988,50,scenario3_repeated_spike,SAC,50,0.0,1,0.09,0.11199999999999999,0.5,0.5,-0.10099999999999999,0.5489948987960815,0.030033351853489876,0.07245460152626038,,,1.0,normal
1989,50,scenario3_repeated_spike,SAC,50,1.0,0,0.060625,0.197,0.5,0.5,-0.1288125,0.3371368944644928,0.018156683072447777,0.04048880189657211,,,1.0,normal
1990,50,scenario3_repeated_spike,SAC,50,0.0,1,0.09,0.11199999999999999,0.5,0.5,-0.10099999999999999,0.28144222497940063,0.008165780454874039,0.03209569305181503,,,1.0,normal
1991,50,scenario3_repeated_spike,SAC,50,0.0,1,0.09,0.11199999999999999,0.5,0.5,-0.10099999999999999,0.3088263273239136,0.011789683252573013,0.04278843104839325,,,1.0,normal
1992,50,scenario3_repeated_spike,SAC,50,1.0,0,0.060625,0.197,0.5,0.5,-0.1288125,0.16702327132225037,0.01179431565105915,0.03499756008386612,,,1.0,normal
1993,50,scenario3_repeated_spike,SAC,50,1.9000000000000004,0,0.0611875,0.19790000000000002,0.5,0.5,-0.12954375,0.1600203663110733,0.006500942632555962,0.023172441869974136,,,1.0,normal
1994,50,scenario3_repeated_spike,SAC,50,0.0,1,0.09,0.11199999999999999,0.5,0.5,-0.10099999999999999,0.39312154054641724,0.006020902656018734,0.031930096447467804,,,1.0,normal
1995,50,scenario3_repeated_spike,SAC,50,1.0,0,0.060625,0.197,0.5,0.5,-0.1288125,0.3834759294986725,0.009051818400621414,0.036391403526067734,,,1.0,normal
1996,50,scenario3_repeated_spike,SAC,50,0.0,1,0.09,0.11199999999999999,0.5,0.5,-0.10099999999999999,0.15234220027923584,0.011476888321340084,0.03036198392510414,,,1.0,normal
1997,50,scenario3_repeated_spike,SAC,50,1.0,0,0.060625,0.197,0.5,0.5,-0.1288125,0.12266304343938828,0.008206471800804138,0.029115302488207817,,,1.0,normal
1998,50,scenario3_repeated_spike,SAC,50,0.0,1,0.09,0.11199999999999999,0.5,0.5,-0.10099999999999999,0.1667546033859253,0.0018550031818449497,0.01582156866788864,,,1.0,normal
1999,50,scenario3_repeated_spike,SAC,50,1.0,0,0.060625,0.197,0.5,0.5,-0.1288125,0.46278947591781616,0.01397018413990736,0.045419711619615555,,,1.0,normal
2000,50,scenario3_repeated_spike,SAC,50,1.9000000000000004,0,0.0611875,0.19790000000000002,0.5,0.5,-0.12954375,0.04086802899837494,0.012640733271837234,0.0336458645761013,,,1.0,normal
2001,50,scenario3_repeated_spike,SAC,50,0.0,1,0.09,0.11199999999999999,0.5,0.5,-0.10099999999999999,0.19895035028457642,0.012092172168195248,0.034513041377067566,,,1.0,normal
2002,50,scenario3_repeated_spike,SAC,50,1.0,0,0.060625,0.197,0.5,0.5,-0.1288125,0.3418298661708832,0.009972681291401386,0.03986221179366112,,,1.0,normal
2003,50,scenario3_repeated_spike,SAC,50,0.0,1,0.09,0.11199999999999999,0.5,0.5,-0.10099999999999999,0.2476685494184494,0.0075620487332344055,0.031070321798324585,,,1.0,normal
2004,50,scenario3_repeated_spike,SAC,50,0.0,1,0.09,0.11199999999999999,0.5,0.5,-0.10099999999999999,0.4376702904701233,0.014931250363588333,0.0455465242266655,,,1.0,normal
2005,50,scenario3_repeated_spike,SAC,50,0.0,1,0.09,0.11199999999999999,0.5,0.5,-0.10099999999999999,0.27555492520332336,0.009347342886030674,0.0325758159160614,,,1.0,normal
2006,50,scenario3_repeated_spike,SAC,50,1.0,0,0.060625,0.197,0.5,0.5,-0.1288125,0.4421279728412628,0.0027384732384234667,0.022015411406755447,,,1.0,normal
2007,50,scenario3_repeated_spike,SAC,50,1.9000000000000004,0,0.0611875,0.19790000000000002,0.5,0.5,-0.12954375,0.41350603103637695,0.014638589695096016,0.04158737137913704,,,1.0,normal
2008,50,scenario3_repeated_spike,SAC,50,2.710000000000001,0,0.061693750000000006,0.19871000000000003,0.5,0.5,-0.13020187500000002,0.19680380821228027,0.01417841762304306,0.03553192317485809,,,1.0,normal
2009,50,scenario3_repeated_spike,SAC,50,3.439,0,0.062149375,0.199439,0.5,0.5,-0.1307941875,0.2863726317882538,0.016436243429780006,0.04442935064435005,,,1.0,normal
2010,50,scenario3_repeated_spike,SAC,50,4.0951,0,0.06255943750000001,0.20009510000000003,0.5,0.5,-0.13132726875,0.37848806381225586,0.0034328093752264977,0.022291170433163643,,,1.0,normal
2011,50,scenario3_repeated_spike,SAC,50,0.0,1,0.09,0.11199999999999999,0.5,0.5,-0.10099999999999999,0.5541184544563293,0.005602972116321325,0.026959296315908432,,,1.0,normal
2012,50,scenario3_repeated_spike,SAC,50,1.0,0,0.060625,0.197,0.5,0.5,-0.1288125,0.2894763648509979,0.013501081615686417,0.037284109741449356,,,1.0,normal
2013,50,scenario3_repeated_spike,SAC,50,1.9000000000000004,0,0.0611875,0.19790000000000002,0.5,0.5,-0.12954375,0.03577902168035507,0.00824150163680315,0.027134042233228683,,,1.0,normal
2014,50,scenario3_repeated_spike,SAC,50,2.710000000000001,0,0.061693750000000006,0.19871000000000003,0.5,0.5,-0.13020187500000002,0.05055847764015198,0.0011638985015451908,0.010882491245865822,,,1.0,normal
2015,50,scenario3_repeated_spike,SAC,50,0.0,1,0.09,0.11199999999999999,0.5,0.5,-0.10099999999999999,0.10292765498161316,0.005779166705906391,0.023885341361165047,,,1.0,normal
2016,50,scenario3_repeated_spike,SAC,50,0.0,1,0.09,0.11199999999999999,0.5,0.5,-0.10099999999999999,0.2605277895927429,0.014947877265512943,0.04133525490760803,,,1.0,normal
2017,50,scenario3_repeated_spike,SAC,50,1.0,0,0.060625,0.197,0.5,0.5,-0.1288125,0.33755940198898315,0.011209734715521336,0.032796770334243774,,,1.0,normal
2018,50,scenario3_repeated_spike,SAC,50,0.0,1,0.09,0.11199999999999999,0.5,0.5,-0.10099999999999999,0.17437711358070374,0.0027256060857325792,0.01774222031235695,,,1.0,normal
2019,50,scenario3_repeated_spike,SAC,50,0.0,1,0.09,0.11199999999999999,0.5,0.5,-0.10099999999999999,0.4059086740016937,0.0058607254177331924,0.025788739323616028,,,1.0,normal
2020,50,scenario3_repeated_spike,SAC,50,1.0,0,0.060625,0.197,0.5,0.5,-0.1288125,0.12603320181369781,0.01070118322968483,0.031094588339328766,,,1.0,normal
2021,50,scenario3_repeated_spike,SAC,50,0.0,1,0.09,0.11199999999999999,0.5,0.5,-0.10099999999999999,0.2015567123889923,0.006115352734923363,0.024879802018404007,,,1.0,normal
2022,50,scenario3_repeated_spike,SAC,50,1.0,0,0.060625,0.197,0.5,0.5,-0.1288125,0.2140865921974182,0.0020983568392693996,0.016010906547307968,,,1.0,normal
2023,50,scenario3_repeated_spike,SAC,50,0.0,1,0.09,0.11199999999999999,0.5,0.5,-0.10099999999999999,0.1865062117576599,0.00715266726911068,0.027103940024971962,,,1.0,normal
2024,50,scenario3_repeated_spike,SAC,50,1.0,0,0.060625,0.197,0.5,0.5,-0.1288125,0.10999244451522827,0.012922978959977627,0.031426992267370224,,,1.0,normal
2025,50,scenario3_repeated_spike,SAC,50,0.0,1,0.09,0.11199999999999999,0.5,0.5,-0.10099999999999999,0.24205859005451202,0.017564278095960617,0.043336182832717896,,,1.0,normal
2026,50,scenario3_repeated_spike,SAC,50,0.0,1,0.09,0.11199999999999999,0.5,0.5,-0.10099999999999999,0.21295441687107086,0.005249416921287775,0.02164074406027794,,,1.0,normal
2027,50,scenario3_repeated_spike,SAC,50,0.0,1,0.09,0.11199999999999999,0.5,0.5,-0.10099999999999999,0.26635977625846863,0.010158663615584373,0.027382200583815575,,,1.0,normal
2028,50,scenario3_repeated_spike,SAC,50,1.0,0,0.060625,0.197,0.5,0.5,-0.1288125,0.41921529173851013,0.01718122884631157,0.04450622946023941,,,1.0,normal
2029,50,scenario3_repeated_spike,SAC,50,0.0,1,0.09,0.11199999999999999,0.5,0.5,-0.10099999999999999,0.3714361786842346,0.010683773085474968,0.039050497114658356,,,1.0,normal
2030,50,scenario3_repeated_spike,SAC,50,0.0,1,0.09,0.11199999999999999,0.5,0.5,-0.10099999999999999,0.19692522287368774,0.004172533750534058,0.016262376680970192,,,1.0,normal
2031,50,scenario3_repeated_spike,SAC,50,0.0,1,0.09,0.11199999999999999,0.5,0.5,-0.10099999999999999,0.38628533482551575,0.018825959414243698,0.047398023307323456,,,1.0,normal
2032,50,scenario3_repeated_spike,SAC,50,0.0,1,0.09,0.11199999999999999,0.5,0.5,-0.10099999999999999,0.4664565622806549,0.016368288546800613,0.04489974305033684,,,1.0,normal
2033,50,scenario3_repeated_spike,SAC,50,0.0,1,0.09,0.11199999999999999,0.5,0.5,-0.10099999999999999,0.382165789604187,0.014766964130103588,0.046710625290870667,,,1.0,normal
2034,50,scenario3_repeated_spike,SAC,50,1.0,0,0.060625,0.197,0.5,0.5,-0.1288125,0.21943624317646027,0.0075960285030305386,0.03169914707541466,,,1.0,normal
2035,50,scenario3_repeated_spike,SAC,50,0.0,1,0.09,0.11199999999999999,0.5,0.5,-0.10099999999999999,0.28947168588638306,0.00692260405048728,0.032419465482234955,,,1.0,normal
2036,50,scenario3_repeated_spike,SAC,50,0.0,1,0.09,0.11199999999999999,0.5,0.5,-0.10099999999999999,0.5004552602767944,0.01968200132250786,0.04898012429475784,,,1.0,normal
2037,50,scenario3_repeated_spike,SAC,50,0.0,1,0.09,0.11199999999999999,0.5,0.5,-0.10099999999999999,0.3635612726211548,0.015478940680623055,0.04787297919392586,,,1.0,normal
2038,50,scenario3_repeated_spike,SAC,50,0.0,1,0.09,0.11199999999999999,0.5,0.5,-0.10099999999999999,0.27448955178260803,0.0067327069118618965,0.025481948629021645,,,1.0,normal
2039,50,scenario3_repeated_spike,SAC,50,0.0,1,0.09,0.11199999999999999,0.5,0.5,-0.10099999999999999,0.3713952302932739,0.012529341503977776,0.04137319326400757,,,1.0,normal
2040,50,scenario3_repeated_spike,SAC,50,0.0,1,0.09,0.11199999999999999,0.5,0.5,-0.10099999999999999,0.5661840438842773,0.01835615560412407,0.06079363077878952,,,1.0,normal
2041,50,scenario3_repeated_spike,SAC,50,0.0,1,0.09,0.11199999999999999,0.5,0.5,-0.10099999999999999,0.1084156185388565,0.004826586693525314,0.022716939449310303,,,1.0,normal
2042,50,scenario3_repeated_spike,SAC,50,0.0,1,0.09,0.11199999999999999,0.5,0.5,-0.10099999999999999,0.36682698130607605,0.0006056663696654141,0.009502378292381763,,,1.0,normal
2043,50,scenario3_repeated_spike,SAC,50,1.0,0,0.060625,0.197,0.5,0.5,-0.1288125,0.3194136917591095,0.009360495954751968,0.03593006357550621,,,1.0,normal
2044,50,scenario3_repeated_spike,SAC,50,1.9000000000000004,0,0.0611875,0.19790000000000002,0.5,0.5,-0.12954375,0.3410126864910126,0.010843802243471146,0.039416130632162094,,,1.0,normal
2045,50,scenario3_repeated_spike,SAC,50,2.710000000000001,0,0.061693750000000006,0.19871000000000003,0.5,0.5,-0.13020187500000002,0.2928209602832794,0.004822114482522011,0.026370318606495857,,,1.0,normal
2046,50,scenario3_repeated_spike,SAC,50,3.439,0,0.062149375,0.199439,0.5,0.5,-0.1307941875,0.16775555908679962,0.00317235104739666,0.020354963839054108,,,1.0,normal
2047,50,scenario3_repeated_spike,SAC,50,0.0,1,0.09,0.11199999999999999,0.5,0.5,-0.10099999999999999,0.38271042704582214,0.003991252742707729,0.02316507138311863,,,1.0,normal
2048,50,scenario3_repeated_spike,SAC,50,0.0,1,0.09,0.11199999999999999,0.5,0.5,-0.10099999999999999,0.4223282039165497,0.008876679465174675,0.026646409183740616,,,1.0,normal
2049,50,scenario3_repeated_spike,SAC,50,1.0,0,0.060625,0.197,0.5,0.5,-0.1288125,0.23433077335357666,0.004350110422819853,0.018315572291612625,,,1.0,normal
2050,50,scenario3_repeated_spike,SAC,50,0.0,1,0.09,0.11199999999999999,0.5,0.5,-0.10099999999999999,0.2041826695203781,0.004890845622867346,0.023197993636131287,,,1.0,normal
2051,50,scenario3_repeated_spike,SAC,50,1.0,0,0.060625,0.197,0.5,0.5,-0.1288125,0.22076673805713654,0.003269188804551959,0.01822046935558319,,,1.0,normal
2052,50,scenario3_repeated_spike,SAC,50,1.9000000000000004,0,0.0611875,0.19790000000000002,0.5,0.5,-0.12954375,0.3394923806190491,0.005313222296535969,0.026630494743585587,,,1.0,normal
2053,50,scenario3_repeated_spike,SAC,50,2.710000000000001,0,0.061693750000000006,0.19871000000000003,0.5,0.5,-0.13020187500000002,0.2450631856918335,0.0046381899155676365,0.024493010714650154,,,1.0,normal
2054,50,scenario3_repeated_spike,SAC,50,0.0,1,0.09,0.11199999999999999,0.5,0.5,-0.10099999999999999,-0.057183489203453064,0.003232293762266636,0.01222912222146988,,,1.0,normal
2055,50,scenario3_repeated_spike,SAC,50,1.0,0,0.060625,0.197,0.5,0.5,-0.1288125,0.2026953399181366,0.0032239961437880993,0.017138084396719933,,,1.0,normal
2056,50,scenario3_repeated_spike,SAC,50,1.9000000000000004,0,0.0611875,0.19790000000000002,0.5,0.5,-0.12954375,0.23927882313728333,0.0030287306290119886,0.017883479595184326,,,1.0,normal
2057,50,scenario3_repeated_spike,SAC,50,0.0,1,0.09,0.11199999999999999,0.5,0.5,-0.10099999999999999,0.47865691781044006,0.004842159803956747,0.024745428934693336,,,1.0,normal
2058,50,scenario3_repeated_spike,SAC,50,1.0,0,0.060625,0.197,0.5,0.5,-0.1288125,0.423254132270813,0.01382715068757534,0.04385461285710335,,,1.0,normal
2059,50,scenario3_repeated_spike,SAC,50,0.0,1,0.09,0.11199999999999999,0.5,0.5,-0.10099999999999999,0.274474561214447,0.0043603526428341866,0.021526997908949852,,,1.0,normal
2060,50,scenario3_repeated_spike,SAC,50,1.0,0,0.060625,0.197,0.5,0.5,-0.1288125,0.19540584087371826,0.010191954672336578,0.026220129802823067,,,1.0,normal
2061,50,scenario3_repeated_spike,SAC,50,0.0,1,0.09,0.11199999999999999,0.5,0.5,-0.10099999999999999,0.3581508994102478,0.006951143499463797,0.03442390635609627,,,1.0,normal
2062,50,scenario3_repeated_spike,SAC,50,0.0,1,0.09,0.11199999999999999,0.5,0.5,-0.10099999999999999,0.23677918314933777,0.006490310654044151,0.02722126804292202,,,1.0,normal
2063,50,scenario3_repeated_spike,SAC,50,1.0,0,0.060625,0.197,0.5,0.5,-0.1288125,0.1343376785516739,0.0038388632237911224,0.021486058831214905,,,1.0,normal
2064,50,scenario3_repeated_spike,SAC,50,0.0,1,0.09,0.11199999999999999,0.5,0.5,-0.10099999999999999,0.4517022967338562,0.006157398223876953,0.023486312478780746,,,1.0,normal
2065,50,scenario3_repeated_spike,SAC,50,0.0,1,0.09,0.11199999999999999,0.5,0.5,-0.10099999999999999,0.30537843704223633,0.0027207888197153807,0.01729438081383705,,,1.0,normal
2066,50,scenario3_repeated_spike,SAC,50,1.0,0,0.060625,0.197,0.5,0.5,-0.1288125,0.4163099229335785,0.0022391490638256073,0.01693820208311081,,,1.0,normal
2067,50,scenario3_repeated_spike,SAC,50,1.9000000000000004,0,0.0611875,0.19790000000000002,0.5,0.5,-0.12954375,0.2583233714103699,0.0033693225122988224,0.022540220990777016,,,1.0,normal
2068,50,scenario3_repeated_spike,SAC,50,2.710000000000001,0,0.061693750000000006,0.19871000000000003,0.5,0.5,-0.13020187500000002,0.25247275829315186,0.004141014069318771,0.024998439475893974,,,1.0,normal
2069,50,scenario3_repeated_spike,SAC,50,0.0,1,0.09,0.11199999999999999,0.5,0.5,-0.10099999999999999,0.31185978651046753,0.004564985632896423,0.02147595025599003,,,1.0,normal
2070,50,scenario3_repeated_spike,SAC,50,0.0,1,0.09,0.11199999999999999,0.5,0.5,-0.10099999999999999,0.20183536410331726,0.01108973566442728,0.028656743466854095,,,1.0,normal
2071,50,scenario3_repeated_spike,SAC,50,1.0,0,0.060625,0.197,0.5,0.5,-0.1288125,0.30180057883262634,0.005147646646946669,0.022473283112049103,,,1.0,normal
2072,50,scenario3_repeated_spike,SAC,50,0.0,1,0.09,0.11199999999999999,0.5,0.5,-0.10099999999999999,0.2860282063484192,0.006752524059265852,0.027466239407658577,,,1.0,normal
2073,50,scenario3_repeated_spike,SAC,50,0.0,1,0.09,0.11199999999999999,0.5,0.5,-0.10099999999999999,0.37359023094177246,0.0006617274484597147,0.009323779493570328,,,1.0,normal
2074,50,scenario3_repeated_spike,SAC,50,1.0,0,0.060625,0.197,0.5,0.5,-0.1288125,0.31646910309791565,0.008999478071928024,0.033790748566389084,,,1.0,normal
2075,50,scenario3_repeated_spike,SAC,50,0.0,1,0.09,0.11199999999999999,0.5,0.5,-0.10099999999999999,0.16312220692634583,0.006691458635032177,0.02553047053515911,,,1.0,normal
2076,50,scenario3_repeated_spike,SAC,50,0.0,1,0.09,0.11199999999999999,0.5,0.5,-0.10099999999999999,0.24175499379634857,0.0064986394718289375,0.028563721105456352,,,1.0,normal
2077,50,scenario3_repeated_spike,SAC,50,1.0,0,0.060625,0.197,0.5,0.5,-0.1288125,0.07319577038288116,0.005044031422585249,0.01585628278553486,,,1.0,normal
2078,50,scenario3_repeated_spike,SAC,50,1.9000000000000004,0,0.0611875,0.19790000000000002,0.5,0.5,-0.12954375,0.3476520776748657,0.006092528346925974,0.02787923812866211,,,1.0,normal
2079,50,scenario3_repeated_spike,SAC,50,2.710000000000001,0,0.061693750000000006,0.19871000000000003,0.5,0.5,-0.13020187500000002,0.5719913840293884,0.013071724213659763,0.04447273164987564,,,1.0,normal
2080,50,scenario3_repeated_spike,SAC,50,3.439,0,0.062149375,0.199439,0.5,0.5,-0.1307941875,0.37552738189697266,0.009008597582578659,0.03496642783284187,,,1.0,normal
2081,50,scenario3_repeated_spike,SAC,50,0.0,1,0.09,0.11199999999999999,0.5,0.5,-0.10099999999999999,0.44051817059516907,0.004807178862392902,0.026843588799238205,,,1.0,normal
2082,50,scenario3_repeated_spike,SAC,50,0.0,1,0.09,0.11199999999999999,0.5,0.5,-0.10099999999999999,0.25423479080200195,0.00154690514318645,0.01368795521557331,,,1.0,normal
2083,50,scenario3_repeated_spike,SAC,50,0.0,1,0.09,0.11199999999999999,0.5,0.5,-0.10099999999999999,0.34978508949279785,0.005304243881255388,0.02517714910209179,,,1.0,normal
2084,50,scenario3_repeated_spike,SAC,50,0.0,1,0.09,0.11199999999999999,0.5,0.5,-0.10099999999999999,0.2971476912498474,0.005338548682630062,0.027484171092510223,,,1.0,normal
2085,50,scenario3_repeated_spike,SAC,50,0.0,1,0.09,0.11199999999999999,0.5,0.5,-0.10099999999999999,0.3456084728240967,0.006125152111053467,0.019100509583950043,,,1.0,normal
2086,50,scenario3_repeated_spike,SAC,50,1.0,0,0.060625,0.197,0.5,0.5,-0.1288125,0.2663382291793823,0.003196986159309745,0.02178247831761837,,,1.0,normal
2087,50,scenario3_repeated_spike,SAC,50,0.0,1,0.09,0.11199999999999999,0.5,0.5,-0.10099999999999999,0.2967245280742645,0.0026690028607845306,0.02034945972263813,,,1.0,normal
2088,50,scenario3_repeated_spike,SAC,50,0.0,1,0.09,0.11199999999999999,0.5,0.5,-0.10099999999999999,0.28027966618537903,0.0030509522184729576,0.020140541717410088,,,1.0,normal
2089,50,scenario3_repeated_spike,SAC,50,1.0,0,0.060625,0.197,0.5,0.5,-0.1288125,0.3971429467201233,0.003953190520405769,0.024308009073138237,,,1.0,normal
2090,50,scenario3_repeated_spike,SAC,50,1.9000000000000004,0,0.0611875,0.19790000000000002,0.5,0.5,-0.12954375,0.23069551587104797,0.0013464333023875952,0.011030550114810467,,,1.0,normal
2091,50,scenario3_repeated_spike,SAC,50,2.710000000000001,0,0.061693750000000006,0.19871000000000003,0.5,0.5,-0.13020187500000002,0.2298860400915146,0.006228459998965263,0.02997179888188839,,,1.0,normal
2092,50,scenario3_repeated_spike,SAC,50,0.0,1,0.09,0.11199999999999999,0.5,0.5,-0.10099999999999999,0.2308676391839981,0.010419391095638275,0.031361959874629974,,,1.0,normal
2093,50,scenario3_repeated_spike,SAC,50,1.0,0,0.060625,0.197,0.5,0.5,-0.1288125,0.1832137405872345,0.01809094473719597,0.035964787006378174,,,1.0,normal
2094,50,scenario3_repeated_spike,SAC,50,0.0,1,0.09,0.11199999999999999,0.5,0.5,-0.10099999999999999,0.23921053111553192,0.003181875916197896,0.019678235054016113,,,1.0,normal
2095,50,scenario3_repeated_spike,SAC,50,1.0,0,0.060625,0.197,0.5,0.5,-0.1288125,0.2063363939523697,0.007388855330646038,0.025801414623856544,,,1.0,normal
2096,50,scenario3_repeated_spike,SAC,50,1.9000000000000004,0,0.0611875,0.19790000000000002,0.5,0.5,-0.12954375,0.4278836250305176,0.019694970920681953,0.05673573911190033,,,1.0,normal
2097,50,scenario3_repeated_spike,SAC,50,2.710000000000001,0,0.061693750000000006,0.19871000000000003,0.5,0.5,-0.13020187500000002,0.23122847080230713,0.009466626681387424,0.03334811329841614,,,1.0,normal
2098,50,scenario3_repeated_spike,SAC,50,0.0,1,0.09,0.11199999999999999,0.5,0.5,-0.10099999999999999,0.30764803290367126,0.0051703969947993755,0.025395695120096207,,,1.0,normal
2099,50,scenario3_repeated_spike,SAC,50,1.0,0,0.060625,0.197,0.5,0.5,-0.1288125,0.46016955375671387,0.0028229723684489727,0.020465966314077377,,,1.0,normal
2100,50,scenario3_repeated_spike,SAC,50,1.9000000000000004,0,0.0611875,0.19790000000000002,0.5,0.5,-0.12954375,0.4528294503688812,0.0046328897587955,0.025713294744491577,,,1.0,normal
2101,50,scenario3_repeated_spike,SAC,50,2.710000000000001,0,0.061693750000000006,0.19871000000000003,0.5,0.5,-0.13020187500000002,0.19596044719219208,0.002262822352349758,0.01609405316412449,,,1.0,normal
2102,50,scenario3_repeated_spike,SAC,50,3.439,0,0.062149375,0.199439,0.5,0.5,-0.1307941875,0.29792752861976624,0.008869139477610588,0.026805778965353966,,,1.0,normal
2103,50,scenario3_repeated_spike,SAC,50,4.0951,0,0.06255943750000001,0.20009510000000003,0.5,0.5,-0.13132726875,0.19995850324630737,0.005178308114409447,0.02402125485241413,,,1.0,normal
2104,50,scenario3_repeated_spike,SAC,50,0.0,1,0.09,0.11199999999999999,0.5,0.5,-0.10099999999999999,0.48523855209350586,0.013328935950994492,0.04965849220752716,,,1.0,normal
2105,50,scenario3_repeated_spike,SAC,50,0.0,1,0.09,0.11199999999999999,0.5,0.5,-0.10099999999999999,0.4503879249095917,0.008745002560317516,0.0343475379049778,,,1.0,normal
2106,50,scenario3_repeated_spike,SAC,50,0.0,1,0.09,0.11199999999999999,0.5,0.5,-0.10099999999999999,0.5583642721176147,0.0034566554240882397,0.025082016363739967,,,1.0,normal
2107,50,scenario3_repeated_spike,SAC,50,1.0,0,0.060625,0.197,0.5,0.5,-0.1288125,0.22530554234981537,0.006962698884308338,0.028582988306879997,,,1.0,normal
2108,50,scenario3_repeated_spike,SAC,50,0.0,1,0.09,0.11199999999999999,0.5,0.5,-0.10099999999999999,0.1830810010433197,0.00696970708668232,0.028071008622646332,,,1.0,normal
2109,50,scenario3_repeated_spike,SAC,50,0.0,1,0.09,0.11199999999999999,0.5,0.5,-0.10099999999999999,0.24759100377559662,0.009462320245802402,0.033814847469329834,,,1.0,normal
2110,50,scenario3_repeated_spike,SAC,50,1.0,0,0.060625,0.197,0.5,0.5,-0.1288125,0.00791177898645401,0.0011247097281739116,0.01119901705533266,,,1.0,normal
2111,50,scenario3_repeated_spike,SAC,50,0.0,1,0.09,0.11199999999999999,0.5,0.5,-0.10099999999999999,0.22759804129600525,0.003969750367105007,0.02231515571475029,,,1.0,normal
2112,50,scenario3_repeated_spike,SAC,50,0.0,1,0.09,0.11199999999999999,0.5,0.5,-0.10099999999999999,0.3406905233860016,0.007109624333679676,0.02884037233889103,,,1.0,normal
2113,50,scenario3_repeated_spike,SAC,50,1.0,0,0.060625,0.197,0.5,0.5,-0.1288125,0.24816688895225525,0.004239751026034355,0.023959528654813766,,,1.0,normal
2114,50,scenario3_repeated_spike,SAC,50,0.0,1,0.09,0.11199999999999999,0.5,0.5,-0.10099999999999999,0.34222742915153503,0.006772649474442005,0.019496453925967216,,,1.0,normal
2115,50,scenario3_repeated_spike,SAC,50,0.0,1,0.09,0.11199999999999999,0.5,0.5,-0.10099999999999999,0.4053977131843567,0.017099056392908096,0.031082160770893097,,,1.0,normal
2116,50,scenario3_repeated_spike,SAC,50,1.0,0,0.060625,0.197,0.5,0.5,-0.1288125,0.49817466735839844,0.0094453115016222,0.034978486597537994,,,1.0,normal
2117,50,scenario3_repeated_spike,SAC,50,0.0,1,0.09,0.11199999999999999,0.5,0.5,-0.10099999999999999,0.3162057399749756,0.009967830032110214,0.03368328511714935,,,1.0,normal
2118,50,scenario3_repeated_spike,SAC,50,1.0,0,0.060625,0.197,0.5,0.5,-0.1288125,0.23393893241882324,0.004409018438309431,0.02066913992166519,,,1.0,normal
2119,50,scenario3_repeated_spike,SAC,50,1.9000000000000004,0,0.0611875,0.19790000000000002,0.5,0.5,-0.12954375,0.23707523941993713,0.002157113514840603,0.016272764652967453,,,1.0,normal
2120,50,scenario3_repeated_spike,SAC,50,2.710000000000001,0,0.061693750000000006,0.19871000000000003,0.5,0.5,-0.13020187500000002,0.15553878247737885,0.005413411185145378,0.02419087663292885,,,1.0,normal
2121,50,scenario3_repeated_spike,SAC,50,3.439,0,0.062149375,0.199439,0.5,0.5,-0.1307941875,0.2901933789253235,0.0036686179228127003,0.01714549958705902,,,1.0,normal
2122,50,scenario3_repeated_spike,SAC,50,4.0951,0,0.06255943750000001,0.20009510000000003,0.5,0.5,-0.13132726875,0.3495466709136963,0.007335268426686525,0.02629556506872177,,,1.0,normal
2123,50,scenario3_repeated_spike,SAC,50,0.0,1,0.09,0.11199999999999999,0.5,0.5,-0.10099999999999999,0.13096150755882263,0.012225947342813015,0.02968219295144081,,,1.0,normal
2124,50,scenario3_repeated_spike,SAC,50,0.0,1,0.09,0.11199999999999999,0.5,0.5,-0.10099999999999999,0.319723904132843,0.007263761945068836,0.02041788585484028,,,1.0,normal
2125,50,scenario3_repeated_spike,SAC,50,1.0,0,0.060625,0.197,0.5,0.5,-0.1288125,0.2484503835439682,0.006726733408868313,0.0226490069180727,,,1.0,normal
2126,50,scenario3_repeated_spike,SAC,50,0.0,1,0.09,0.11199999999999999,0.5,0.5,-0.10099999999999999,0.3598528206348419,0.005170460324734449,0.022532477974891663,,,1.0,normal
2127,50,scenario3_repeated_spike,SAC,50,0.0,1,0.09,0.11199999999999999,0.5,0.5,-0.10099999999999999,0.6006970405578613,0.004596820566803217,0.025024309754371643,,,1.0,normal
2128,50,scenario3_repeated_spike,SAC,50,0.0,1,0.09,0.11199999999999999,0.5,0.5,-0.10099999999999999,0.193241149187088,0.012165158055722713,0.028277305886149406,,,1.0,normal
2129,50,scenario3_repeated_spike,SAC,50,0.0,1,0.09,0.11199999999999999,0.5,0.5,-0.10099999999999999,0.36653435230255127,0.005543850362300873,0.0243307426571846,,,1.0,normal
2130,50,scenario3_repeated_spike,SAC,50,1.0,0,0.060625,0.197,0.5,0.5,-0.1288125,0.14722053706645966,0.007008217740803957,0.024116981774568558,,,1.0,normal
2131,50,scenario3_repeated_spike,SAC,50,1.9000000000000004,0,0.0611875,0.19790000000000002,0.5,0.5,-0.12954375,0.322551429271698,0.007271247915923595,0.029889004305005074,,,1.0,normal
2132,50,scenario3_repeated_spike,SAC,50,0.0,1,0.09,0.11199999999999999,0.5,0.5,-0.10099999999999999,0.34693676233291626,0.006431762129068375,0.026792442426085472,,,1.0,normal
2133,50,scenario3_repeated_spike,SAC,50,0.0,1,0.09,0.11199999999999999,0.5,0.5,-0.10099999999999999,0.29169246554374695,0.005125335417687893,0.023423217236995697,,,1.0,normal
2134,50,scenario3_repeated_spike,SAC,50,0.0,1,0.09,0.11199999999999999,0.5,0.5,-0.10099999999999999,0.29910796880722046,0.009190202690660954,0.03371652588248253,,,1.0,normal
2135,50,scenario3_repeated_spike,SAC,50,0.0,1,0.09,0.11199999999999999,0.5,0.5,-0.10099999999999999,0.30727651715278625,0.00430674571543932,0.022684374824166298,,,1.0,normal
2136,50,scenario3_repeated_spike,SAC,50,0.0,1,0.09,0.11199999999999999,0.5,0.5,-0.10099999999999999,0.44635993242263794,0.003835386596620083,0.022743113338947296,,,1.0,normal
2137,50,scenario3_repeated_spike,SAC,50,0.0,1,0.09,0.11199999999999999,0.5,0.5,-0.10099999999999999,0.20238907635211945,0.003999111242592335,0.021535104140639305,,,1.0,normal
2138,50,scenario3_repeated_spike,SAC,50,1.0,0,0.060625,0.197,0.5,0.5,-0.1288125,0.29366612434387207,0.0033002584241330624,0.02125842496752739,,,1.0,normal
2139,50,scenario3_repeated_spike,SAC,50,1.9000000000000004,0,0.0611875,0.19790000000000002,0.5,0.5,-0.12954375,0.2189452052116394,0.00818423368036747,0.029334738850593567,,,1.0,normal
2140,50,scenario3_repeated_spike,SAC,50,0.0,1,0.09,0.11199999999999999,0.5,0.5,-0.10099999999999999,0.3016488552093506,0.010271711274981499,0.03705362230539322,,,1.0,normal
2141,50,scenario3_repeated_spike,SAC,50,0.0,1,0.09,0.11199999999999999,0.5,0.5,-0.10099999999999999,0.3999882638454437,0.0043436991982162,0.02270759828388691,,,1.0,normal
2142,50,scenario3_repeated_spike,SAC,50,1.0,0,0.060625,0.197,0.5,0.5,-0.1288125,0.13783465325832367,0.0022989523131400347,0.016141774132847786,,,1.0,normal
2143,50,scenario3_repeated_spike,SAC,50,1.9000000000000004,0,0.0611875,0.19790000000000002,0.5,0.5,-0.12954375,0.23612919449806213,0.0047097401693463326,0.026076355949044228,,,1.0,normal
2144,50,scenario3_repeated_spike,SAC,50,2.710000000000001,0,0.061693750000000006,0.19871000000000003,0.5,0.5,-0.13020187500000002,0.4527556300163269,0.0059867361560463905,0.024707350879907608,,,1.0,normal
2145,50,scenario3_repeated_spike,SAC,50,0.0,1,0.09,0.11199999999999999,0.5,0.5,-0.10099999999999999,0.3406842052936554,0.006729304324835539,0.031055668368935585,,,1.0,normal
2146,50,scenario3_repeated_spike,SAC,50,1.0,0,0.060625,0.197,0.5,0.5,-0.1288125,0.6207178831100464,0.007918883115053177,0.03908681124448776,,,1.0,normal
2147,50,scenario3_repeated_spike,SAC,50,1.9000000000000004,0,0.0611875,0.19790000000000002,0.5,0.5,-0.12954375,0.5820984244346619,0.007996725849807262,0.03138651326298714,,,1.0,normal
2148,50,scenario3_repeated_spike,SAC,50,0.0,1,0.09,0.11199999999999999,0.5,0.5,-0.10099999999999999,0.15554264187812805,0.004426197148859501,0.022443339228630066,,,1.0,normal
2149,50,scenario3_repeated_spike,SAC,50,1.0,0,0.060625,0.197,0.5,0.5,-0.1288125,0.1303427815437317,0.005123215727508068,0.023536520078778267,,,1.0,normal
2150,50,scenario3_repeated_spike,SAC,50,1.9000000000000004,0,0.0611875,0.19790000000000002,0.5,0.5,-0.12954375,0.1548113077878952,0.0023236998822540045,0.015665879473090172,,,1.0,normal
2151,50,scenario3_repeated_spike,SAC,50,2.710000000000001,0,0.061693750000000006,0.19871000000000003,0.5,0.5,-0.13020187500000002,0.13045641779899597,0.00432611582800746,0.020045224577188492,,,1.0,normal
2152,50,scenario3_repeated_spike,SAC,50,3.439,0,0.062149375,0.199439,0.5,0.5,-0.1307941875,0.6636870503425598,0.013934049755334854,0.05382377281785011,,,1.0,normal
2153,50,scenario3_repeated_spike,SAC,50,0.0,1,0.09,0.11199999999999999,0.5,0.5,-0.10099999999999999,0.25100651383399963,0.007426521275192499,0.0294719859957695,,,1.0,normal
2154,50,scenario3_repeated_spike,SAC,50,1.0,0,0.060625,0.197,0.5,0.5,-0.1288125,0.2414594292640686,0.00737878680229187,0.03170958161354065,,,1.0,normal
2155,50,scenario3_repeated_spike,SAC,50,0.0,1,0.09,0.11199999999999999,0.5,0.5,-0.10099999999999999,0.38765081763267517,0.010662144050002098,0.03386061266064644,,,1.0,normal
2156,50,scenario3_repeated_spike,SAC,50,1.0,0,0.060625,0.197,0.5,0.5,-0.1288125,0.23718704283237457,0.00909060426056385,0.036295242607593536,,,1.0,normal
2157,50,scenario3_repeated_spike,SAC,50,1.9000000000000004,0,0.0611875,0.19790000000000002,0.5,0.5,-0.12954375,0.16930599510669708,0.008118015713989735,0.025956105440855026,,,1.0,normal
2158,50,scenario3_repeated_spike,SAC,50,0.0,1,0.09,0.11199999999999999,0.5,0.5,-0.10099999999999999,0.3339026868343353,0.014062654227018356,0.042902909219264984,,,1.0,normal
2159,50,scenario3_repeated_spike,SAC,50,0.0,1,0.09,0.11199999999999999,0.5,0.5,-0.10099999999999999,0.2757915258407593,0.0040446012280881405,0.020733211189508438,,,1.0,normal
2160,50,scenario3_repeated_spike,SAC,50,0.0,1,0.09,0.11199999999999999,0.5,0.5,-0.10099999999999999,0.4204167127609253,0.00211999355815351,0.014854812994599342,,,1.0,normal
2161,50,scenario3_repeated_spike,SAC,50,0.0,1,0.09,0.11199999999999999,0.5,0.5,-0.10099999999999999,0.4694914221763611,0.010126105509698391,0.04204685240983963,,,1.0,normal
2162,50,scenario3_repeated_spike,SAC,50,1.0,0,0.060625,0.197,0.5,0.5,-0.1288125,0.2807689309120178,0.010188121348619461,0.034877993166446686,,,1.0,normal
2163,50,scenario3_repeated_spike,SAC,50,0.0,1,0.09,0.11199999999999999,0.5,0.5,-0.10099999999999999,0.45119813084602356,0.003357731504365802,0.020333100110292435,,,1.0,normal
2164,50,scenario3_repeated_spike,SAC,50,1.0,0,0.060625,0.197,0.5,0.5,-0.1288125,0.21758446097373962,0.006894182413816452,0.028837377205491066,,,1.0,normal
2165,50,scenario3_repeated_spike,SAC,50,0.0,1,0.09,0.11199999999999999,0.5,0.5,-0.10099999999999999,0.427557110786438,0.009706547483801842,0.0417383536696434,,,1.0,normal
2166,50,scenario3_repeated_spike,SAC,50,0.0,1,0.09,0.11199999999999999,0.5,0.5,-0.10099999999999999,0.3162522614002228,0.01703411526978016,0.04426019266247749,,,1.0,normal
2167,50,scenario3_repeated_spike,SAC,50,1.0,0,0.060625,0.197,0.5,0.5,-0.1288125,0.3287621736526489,0.004510983359068632,0.023044776171445847,,,1.0,normal
2168,50,scenario3_repeated_spike,SAC,50,0.0,1,0.09,0.11199999999999999,0.5,0.5,-0.10099999999999999,0.29479947686195374,0.01107170432806015,0.03441036865115166,,,1.0,normal
2169,50,scenario3_repeated_spike,SAC,50,0.0,1,0.09,0.11199999999999999,0.5,0.5,-0.10099999999999999,0.07740744948387146,0.008625734597444534,0.024843033403158188,,,1.0,normal
2170,50,scenario3_repeated_spike,SAC,50,1.0,0,0.060625,0.197,0.5,0.5,-0.1288125,0.4233749210834503,0.011826911009848118,0.03652682900428772,,,1.0,normal
2171,50,scenario3_repeated_spike,SAC,50,1.9000000000000004,0,0.0611875,0.19790000000000002,0.5,0.5,-0.12954375,0.35824140906333923,0.008641093969345093,0.030589602887630463,,,1.0,normal
2172,50,scenario3_repeated_spike,SAC,50,0.0,1,0.09,0.11199999999999999,0.5,0.5,-0.10099999999999999,0.3295521140098572,0.005480197723954916,0.025937644764780998,,,1.0,normal
2173,50,scenario3_repeated_spike,SAC,50,1.0,0,0.060625,0.197,0.5,0.5,-0.1288125,0.31176507472991943,0.0056856293231248856,0.027888476848602295,,,1.0,normal
2174,50,scenario3_repeated_spike,SAC,50,1.9000000000000004,0,0.0611875,0.19790000000000002,0.5,0.5,-0.12954375,0.5418646335601807,0.006061998195946217,0.03313320502638817,,,1.0,normal
2175,50,scenario3_repeated_spike,SAC,50,0.0,1,0.09,0.11199999999999999,0.5,0.5,-0.10099999999999999,0.27199891209602356,0.0030105924233794212,0.016788065433502197,,,1.0,normal
2176,50,scenario3_repeated_spike,SAC,50,0.0,1,0.09,0.11199999999999999,0.5,0.5,-0.10099999999999999,0.33440208435058594,0.005069125909358263,0.02856873720884323,,,1.0,normal
2177,50,scenario3_repeated_spike,SAC,50,1.0,0,0.060625,0.197,0.5,0.5,-0.1288125,0.40085160732269287,0.006707771681249142,0.028817173093557358,,,1.0,normal
2178,50,scenario3_repeated_spike,SAC,50,0.0,1,0.09,0.11199999999999999,0.5,0.5,-0.10099999999999999,0.3702199459075928,0.002736806869506836,0.01739250123500824,,,1.0,normal
2179,50,scenario3_repeated_spike,SAC,50,0.0,1,0.09,0.11199999999999999,0.5,0.5,-0.10099999999999999,0.12114164978265762,0.003232296323403716,0.017626889050006866,,,1.0,normal
2180,50,scenario3_repeated_spike,SAC,50,1.0,0,0.060625,0.197,0.5,0.5,-0.1288125,0.17496109008789062,0.0066171977669000626,0.030136223882436752,,,1.0,normal
2181,50,scenario3_repeated_spike,SAC,50,1.9000000000000004,0,0.0611875,0.19790000000000002,0.5,0.5,-0.12954375,0.18787561357021332,0.0036222622729837894,0.017659863457083702,,,1.0,normal
2182,50,scenario3_repeated_spike,SAC,50,2.710000000000001,0,0.061693750000000006,0.19871000000000003,0.5,0.5,-0.13020187500000002,0.5418603420257568,0.01154081430286169,0.039290040731430054,,,1.0,normal
2183,50,scenario3_repeated_spike,SAC,50,3.439,0,0.062149375,0.199439,0.5,0.5,-0.1307941875,0.333899587392807,0.01558250468224287,0.04415716603398323,,,1.0,normal
2184,50,scenario3_repeated_spike,SAC,50,0.0,1,0.09,0.11199999999999999,0.5,0.5,-0.10099999999999999,0.4052606523036957,0.013963871635496616,0.043908555060625076,,,1.0,normal
2185,50,scenario3_repeated_spike,SAC,50,1.0,0,0.060625,0.197,0.5,0.5,-0.1288125,-0.02774684503674507,0.0014788759872317314,0.010029744356870651,,,1.0,normal
2186,50,scenario3_repeated_spike,SAC,50,0.0,1,0.09,0.11199999999999999,0.5,0.5,-0.10099999999999999,0.3799651265144348,0.013396689668297768,0.04906546324491501,,,1.0,normal
2187,50,scenario3_repeated_spike,SAC,50,1.0,0,0.060625,0.197,0.5,0.5,-0.1288125,0.513860285282135,0.02576822228729725,0.07224348187446594,,,1.0,normal
2188,50,scenario3_repeated_spike,SAC,50,1.9000000000000004,0,0.0611875,0.19790000000000002,0.5,0.5,-0.12954375,0.4198130667209625,0.01790618896484375,0.04837583750486374,,,1.0,normal
2189,50,scenario3_repeated_spike,SAC,50,0.0,1,0.09,0.11199999999999999,0.5,0.5,-0.10099999999999999,0.25232672691345215,0.0063894279301166534,0.02916385419666767,,,1.0,normal
2190,50,scenario3_repeated_spike,SAC,50,0.0,1,0.09,0.11199999999999999,0.5,0.5,-0.10099999999999999,0.4601552486419678,0.005190553609281778,0.026785852387547493,,,1.0,normal
2191,50,scenario3_repeated_spike,SAC,50,1.0,0,0.060625,0.197,0.5,0.5,-0.1288125,0.1266605257987976,0.0020587844774127007,0.01390303298830986,,,1.0,normal
2192,50,scenario3_repeated_spike,SAC,50,1.9000000000000004,0,0.0611875,0.19790000000000002,0.5,0.5,-0.12954375,0.3148825466632843,0.006858416832983494,0.026264972984790802,,,1.0,normal
2193,50,scenario3_repeated_spike,SAC,50,0.0,1,0.09,0.11199999999999999,0.5,0.5,-0.10099999999999999,0.2029678076505661,0.004853684920817614,0.015073243528604507,,,1.0,normal
2194,50,scenario3_repeated_spike,SAC,50,1.0,0,0.060625,0.197,0.5,0.5,-0.1288125,0.22563016414642334,0.010916915722191334,0.032248206436634064,,,1.0,normal
2195,50,scenario3_repeated_spike,SAC,50,0.0,1,0.09,0.11199999999999999,0.5,0.5,-0.10099999999999999,0.3679491877555847,0.007555365562438965,0.03190062567591667,,,1.0,normal
2196,50,scenario3_repeated_spike,SAC,50,1.0,0,0.060625,0.197,0.5,0.5,-0.1288125,0.4669211208820343,0.0052634659223258495,0.028217528015375137,,,1.0,normal
2197,50,scenario3_repeated_spike,SAC,50,0.0,1,0.09,0.11199999999999999,0.5,0.5,-0.10099999999999999,0.371798574924469,0.006055878940969706,0.02771548181772232,,,1.0,normal
2198,50,scenario3_repeated_spike,SAC,50,0.0,1,0.09,0.11199999999999999,0.5,0.5,-0.10099999999999999,0.2551363706588745,0.00838325172662735,0.028316792100667953,,,1.0,normal
2199,50,scenario3_repeated_spike,SAC,50,1.0,0,0.060625,0.197,0.5,0.5,-0.1288125,0.24070221185684204,0.013420059345662594,0.027332600206136703,,,1.0,normal
2200,50,scenario3_repeated_spike,SAC,150,19.9,0,0.0924375,0.44789999999999996,0.5,0.5,-0.27016874999999996,0.4286862313747406,0.004961258266121149,0.028439361602067947,,,1.0,spike
2201,50,scenario3_repeated_spike,SAC,150,36.91,0,0.10306875,0.46491,0.5,0.5,-0.283989375,0.11989592760801315,0.009259741753339767,0.02654031291604042,,,1.0,spike
2202,50,scenario3_repeated_spike,SAC,150,46.219,1,0.1268069090909091,0.22144552727272732,0.5,0.5,-0.17412621818181823,0.36908870935440063,0.017662255093455315,0.0437559112906456,,,1.0,spike
2203,50,scenario3_repeated_spike,SAC,150,60.59710000000001,0,0.1178731875,0.4885971,0.5,0.5,-0.30323514375,0.27091383934020996,0.007864569313824177,0.030104808509349823,,,1.0,spike
2204,50,scenario3_repeated_spike,SAC,150,67.53739000000002,1,0.13455905090909093,0.22764724072727277,0.5,0.5,-0.18110314581818185,0.19400881230831146,0.004370725713670254,0.02114548347890377,,,1.0,spike
2205,50,scenario3_repeated_spike,SAC,150,73.78365100000002,1,0.13683041854545455,0.22946433483636364,0.5,0.5,-0.18314737669090908,0.21269011497497559,0.01780378818511963,0.0299461018294096,,,1.0,spike
2206,50,scenario3_repeated_spike,SAC,150,85.40528590000002,0,0.1333783036875,0.5134052859,0.5,0.5,-0.32339179479375,0.4422515630722046,0.009785650297999382,0.03745163604617119,,,1.0,spike
2207,50,scenario3_repeated_spike,SAC,150,95.86475731000003,0,0.13991547331875004,0.52386475731,0.5,0.5,-0.33189011531437507,0.20050236582756042,0.004472197964787483,0.025393467396497726,,,1.0,spike
2208,50,scenario3_repeated_spike,SAC,150,105.27828157900002,0,0.14579892598687502,0.533278281579,0.5,0.5,-0.33953860378293754,0.4482397437095642,0.0017645370680838823,0.011627702042460442,,,1.0,spike
2209,50,scenario3_repeated_spike,SAC,150,107.75045342110002,1,0.1491819830622182,0.23934558644977455,0.5,0.5,-0.19426378475599637,0.11485911160707474,0.008047038689255714,0.02760380506515503,,,1.0,spike
2210,50,scenario3_repeated_spike,SAC,150,109.97540807899001,1,0.1499910574832691,0.2399928459866153,0.5,0.5,-0.19499195173494221,0.30497482419013977,0.01963600516319275,0.052928097546100616,,,1.0,spike
2211,50,scenario3_repeated_spike,SAC,150,117.97786727109101,0,0.1537361670444319,0.5459778672710911,0.5,0.5,-0.3498570171577615,0.22262054681777954,0.016069982200860977,0.03989316150546074,,,1.0,spike
2212,50,scenario3_repeated_spike,SAC,150,119.18008054398192,1,0.15333821110690252,0.24267056888552202,0.5,0.5,-0.19800438999621228,0.25722891092300415,0.008433874696493149,0.025029804557561874,,,1.0,spike
2213,50,scenario3_repeated_spike,SAC,150,120.26207248958372,1,0.15373166272348499,0.24298533017878798,0.5,0.5,-0.19835849645113648,0.2471480369567871,0.006666503380984068,0.02737918496131897,,,1.0,spike
2214,50,scenario3_repeated_spike,SAC,150,121.23586524062534,1,0.15408576917840922,0.24326861534272737,0.5,0.5,-0.1986771922605683,0.21166537702083588,0.0012042280286550522,0.012300530448555946,,,1.0,spike
2215,50,scenario3_repeated_spike,SAC,150,122.1122787165628,1,0.15440446498784102,0.24352357199027283,0.5,0.5,-0.19896401848905693,0.1492307484149933,0.00513951713219285,0.021431853994727135,,,1.0,spike
2216,50,scenario3_repeated_spike,SAC,150,128.90105084490654,0,0.1605631567780666,0.5569010508449066,0.5,0.5,-0.35873210381148657,0.2522847056388855,0.01949738711118698,0.03963910788297653,,,1.0,spike
2217,50,scenario3_repeated_spike,SAC,150,135.0109457604159,0,0.16438184110025994,0.5630109457604159,0.5,0.5,-0.3636963934303379,0.42374053597450256,0.011822615750133991,0.030311893671751022,,,1.0,spike
2218,50,scenario3_repeated_spike,SAC,150,134.50985118437433,1,0.1589126731579543,0.24713013852636345,0.5,0.5,-0.2030214058421589,0.3852824568748474,0.016062475740909576,0.03872774541378021,,,1.0,spike
2219,50,scenario3_repeated_spike,SAC,150,134.0588660659369,1,0.15874867856943162,0.2469989428555453,0.5,0.5,-0.20287381071248844,0.5018309354782104,0.012353818863630295,0.041773200035095215,,,1.0,spike
2220,50,scenario3_repeated_spike,SAC,150,133.65297945934321,1,0.15860108343976118,0.24688086675180898,0.5,0.5,-0.2027409750957851,0.1672804355621338,0.004822451155632734,0.014119219966232777,,,1.0,spike
2221,50,scenario3_repeated_spike,SAC,150,133.2876815134089,1,0.15846824782305777,0.24677459825844622,0.5,0.5,-0.20262142304075198,0.47182172536849976,0.01798783428966999,0.049358025193214417,,,1.0,spike
2222,50,scenario3_repeated_spike,SAC,150,132.95891336206802,1,0.15834869576802474,0.2466789566144198,0.5,0.5,-0.20251382619122227,0.28542155027389526,0.021061740815639496,0.049147509038448334,,,1.0,spike
2223,50,scenario3_repeated_spike,SAC,150,132.6630220258612,1,0.158241098918495,0.246592879134796,0.5,0.5,-0.2024169890266455,0.10019942373037338,0.0070250192657113075,0.023299409076571465,,,1.0,spike
2224,50,scenario3_repeated_spike,SAC,150,132.39671982327508,1,0.1581442617539182,0.2465154094031346,0.5,0.5,-0.2023298355785264,0.42403146624565125,0.005353642161935568,0.019352339208126068,,,1.0,spike
2225,50,scenario3_repeated_spike,SAC,150,132.15704784094757,1,0.1580571083057991,0.24644568664463928,0.5,0.5,-0.2022513974752192,0.30878394842147827,0.006213303189724684,0.02625386044383049,,,1.0,spike
2226,50,scenario3_repeated_spike,SAC,150,131.94134305685282,1,0.15797867020249193,0.24638293616199358,0.5,0.5,-0.20218080318224274,0.2759510278701782,0.02123621106147766,0.04020565375685692,,,1.0,spike
2227,50,scenario3_repeated_spike,SAC,150,137.74720875116753,0,0.16609200546947972,0.5657472087511676,0.5,0.5,-0.3659196071103237,0.15762822329998016,0.003953905310481787,0.02028241753578186,,,1.0,spike
2228,50,scenario3_repeated_spike,SAC,150,136.97248787605076,1,0.15980817740947303,0.24784654192757843,0.5,0.5,-0.20382735966852572,0.1987554281949997,0.01281636394560337,0.02766570635139942,,,1.0,spike
2229,50,scenario3_repeated_spike,SAC,150,136.2752390884457,1,0.15955463239579842,0.24764370591663876,0.5,0.5,-0.2035991691562186,0.3790285587310791,0.0058744559064507484,0.02528882957994938,,,1.0,spike
2230,50,scenario3_repeated_spike,SAC,150,135.6477151796011,1,0.1593264418834913,0.24746115350679304,0.5,0.5,-0.20339379769514215,0.40137115120887756,0.0059278057888150215,0.029957758262753487,,,1.0,spike
2231,50,scenario3_repeated_spike,SAC,150,141.082943661641,0,0.16817683978852563,0.569082943661641,0.5,0.5,-0.3686298917250833,0.46217262744903564,0.00960058718919754,0.03747311607003212,,,1.0,spike
2232,50,scenario3_repeated_spike,SAC,150,145.9746492954769,0,0.17123415580967308,0.5739746492954769,0.5,0.5,-0.372604402552575,0.570066511631012,0.008630212396383286,0.03762676939368248,,,1.0,spike
2233,50,scenario3_repeated_spike,SAC,150,144.3771843659292,1,0.16250079431488335,0.2500006354519067,0.5,0.5,-0.20625071488339503,0.3195144832134247,0.013407828286290169,0.03140179440379143,,,1.0,spike
2234,50,scenario3_repeated_spike,SAC,150,148.93946592933628,0,0.1730871662058352,0.5769394659293363,0.5,0.5,-0.37501331606758576,0.3885301649570465,0.015625745058059692,0.030226558446884155,,,1.0,spike
2235,50,scenario3_repeated_spike,SAC,150,147.04551933640266,1,0.16347109794051007,0.2507768783524081,0.5,0.5,-0.20712398814645908,0.38465848565101624,0.003436134196817875,0.018884411081671715,,,1.0,spike
2236,50,scenario3_repeated_spike,SAC,150,145.3409674027624,1,0.16285126087373178,0.25028100869898545,0.5,0.5,-0.2065661347863586,0.2095305323600769,0.0018171101110056043,0.013483977876603603,,,1.0,spike
2237,50,scenario3_repeated_spike,SAC,150,143.80687066248618,1,0.16229340751363133,0.24983472601090506,0.5,0.5,-0.20606406676226818,0.38793396949768066,0.006933801807463169,0.030925516039133072,,,1.0,spike
2238,50,scenario3_repeated_spike,SAC,150,142.42618359623756,1,0.16179133948954091,0.24943307159163275,0.5,0.5,-0.20561220554058685,0.35536372661590576,0.007959439419209957,0.030403098091483116,,,1.0,spike
2239,50,scenario3_repeated_spike,SAC,150,147.18356523661382,0,0.17198972827288364,0.5751835652366138,0.5,0.5,-0.37358664675474873,0.21868139505386353,0.003441730048507452,0.01973867043852806,,,1.0,spike
2240,50,scenario3_repeated_spike,SAC,150,145.46520871295243,1,0.1628964395319827,0.2503171516255862,0.5,0.5,-0.20660679557878447,0.23634421825408936,0.002598196268081665,0.017022982239723206,,,1.0,spike
2241,50,scenario3_repeated_spike,SAC,150,149.9186878416572,0,0.17369917990103578,0.5779186878416572,0.5,0.5,-0.3758089338713465,0.4655008912086487,0.005483110435307026,0.02676313742995262,,,1.0,spike
2242,50,scenario3_repeated_spike,SAC,150,147.92681905749149,1,0.16379157056636054,0.25103325645308844,0.5,0.5,-0.2074124135097245,0.3265214264392853,0.003931328654289246,0.020205684006214142,,,1.0,spike
2243,50,scenario3_repeated_spike,SAC,150,152.13413715174235,0,0.175083835719839,0.5801341371517423,0.5,0.5,-0.37760898643579066,0.37382450699806213,0.01017785258591175,0.03357139602303505,,,1.0,spike
2244,50,scenario3_repeated_spike,SAC,150,149.92072343656812,1,0.1645166267042066,0.2516133013633653,0.5,0.5,-0.20806496403378594,0.380593866109848,0.007022915408015251,0.029244795441627502,,,1.0,spike
2245,50,scenario3_repeated_spike,SAC,150,153.9286510929113,0,0.17620540693306957,0.5819286510929114,0.5,0.5,-0.3790670290129905,0.38346606492996216,0.003211204893887043,0.02180095948278904,,,1.0,spike
2246,50,scenario3_repeated_spike,SAC,150,151.53578598362017,1,0.16510392217586187,0.2520831377406895,0.5,0.5,-0.20859352995827568,0.40597426891326904,0.007594702765345573,0.029184671118855476,,,1.0,spike
2247,50,scenario3_repeated_spike,SAC,150,149.38220738525817,1,0.1643208026855484,0.25145664214843877,0.5,0.5,-0.20788872241699358,0.19636224210262299,0.004700619261711836,0.022017205134034157,,,1.0,spike
2248,50,scenario3_repeated_spike,SAC,150,153.44398664673236,0,0.17590249165420774,0.5814439866467324,0.5,0.5,-0.37867323915047,0.32851433753967285,0.0030574603006243706,0.01866304688155651,,,1.0,spike
2249,50,scenario3_repeated_spike,SAC,150,151.09958798205912,1,0.16494530472074878,0.25195624377659903,0.5,0.5,-0.20845077424867392,0.465737521648407,0.005214119330048561,0.029491260647773743,,,1.0,spike
2250,50,scenario3_repeated_spike,SAC,150,148.98962918385322,1,0.16417804697594662,0.2513424375807573,0.5,0.5,-0.20776024227835196,0.44731900095939636,0.008137911558151245,0.033575497567653656,,,1.0,spike
2251,50,scenario3_repeated_spike,SAC,150,147.09066626546792,1,0.16348751500562472,0.2507900120044998,0.5,0.5,-0.20713876350506227,0.30315956473350525,0.0016352671664208174,0.01516748033463955,,,1.0,spike
2252,50,scenario3_repeated_spike,SAC,150,145.38159963892113,1,0.16286603623233498,0.250292828985868,0.5,0.5,-0.2065794326091015,0.3140389323234558,0.005969449877738953,0.029725851491093636,,,1.0,spike
2253,50,scenario3_repeated_spike,SAC,150,143.84343967502903,1,0.1623067053363742,0.24984536426909937,0.5,0.5,-0.20607603480273678,0.3994564414024353,0.021937502548098564,0.052206337451934814,,,1.0,spike
2254,50,scenario3_repeated_spike,SAC,150,142.45909570752613,1,0.16180330753000952,0.24944264602400762,0.5,0.5,-0.20562297677700858,0.2516441345214844,0.01046324335038662,0.03012767806649208,,,1.0,spike
2255,50,scenario3_repeated_spike,SAC,150,141.21318613677352,1,0.16135024950428128,0.24908019960342503,0.5,0.5,-0.20521522455385316,0.1734221875667572,0.007971461862325668,0.026280537247657776,,,1.0,spike
2256,50,scenario3_repeated_spike,SAC,150,140.09186752309617,1,0.16094249728112586,0.2487539978249007,0.5,0.5,-0.20484824755301329,0.2684847116470337,0.0033294467721134424,0.020815644413232803,,,1.0,spike
2257,50,scenario3_repeated_spike,SAC,150,139.08268077078657,1,0.16057552028028604,0.24846041622422887,0.5,0.5,-0.20451796825225746,0.11717061698436737,0.002686140825971961,0.016632460057735443,,,1.0,spike
2258,50,scenario3_repeated_spike,SAC,150,144.1744126937079,0,0.17010900793356745,0.572174412693708,0.5,0.5,-0.3711417103136377,0.12458918243646622,0.006247770972549915,0.025472069159150124,,,1.0,spike
2259,50,scenario3_repeated_spike,SAC,150,142.7569714243371,1,0.1619116259724862,0.24952930077798896,0.5,0.5,-0.20572046337523758,0.27683740854263306,0.002879132516682148,0.020919591188430786,,,1.0,spike
2260,50,scenario3_repeated_spike,SAC,150,141.4812742819034,1,0.16144773610251034,0.2491581888820083,0.5,0.5,-0.20530296249225932,0.5630737543106079,0.015286099165678024,0.046651434153318405,,,1.0,spike
2261,50,scenario3_repeated_spike,SAC,150,140.33314685371306,1,0.16103023521953203,0.24882418817562563,0.5,0.5,-0.20492721169757883,0.5344700217247009,0.012141252867877483,0.04840264096856117,,,1.0,spike
2262,50,scenario3_repeated_spike,SAC,150,139.29983216834177,1,0.16065448442485156,0.24852358753988124,0.5,0.5,-0.20458903598236639,0.3757496774196625,0.0035584834404289722,0.020668137818574905,,,1.0,spike
2263,50,scenario3_repeated_spike,SAC,150,138.3698489515076,1,0.16031630870963912,0.24825304696771133,0.5,0.5,-0.2042846778386752,0.3502767086029053,0.0014781062491238117,0.013609913177788258,,,1.0,spike
2264,50,scenario3_repeated_spike,SAC,150,137.53286405635686,1,0.16001195056594797,0.2480095604527584,0.5,0.5,-0.2040107555093532,0.2428756058216095,0.0017727554077282548,0.01677710935473442,,,1.0,spike
2265,50,scenario3_repeated_spike,SAC,150,136.7795776507212,1,0.1597380282366259,0.24779042258930073,0.5,0.5,-0.2037642254129633,0.36639630794525146,0.002884540008381009,0.019945435225963593,,,1.0,spike
2266,50,scenario3_repeated_spike,SAC,150,136.1016198856491,1,0.15949149814023603,0.24759319851218886,0.5,0.5,-0.20354234832621243,0.35932567715644836,0.0027123168110847473,0.015169222839176655,,,1.0,spike
2267,50,scenario3_repeated_spike,SAC,150,135.49145789708416,1,0.15926962105348516,0.24741569684278814,0.5,0.5,-0.20334265894813663,0.3484264016151428,0.003262867918238044,0.019757403060793877,,,1.0,spike
2268,50,scenario3_repeated_spike,SAC,150,134.94231210737576,1,0.15906993167540937,0.24725594534032752,0.5,0.5,-0.20316293850786843,0.2537131905555725,0.001978933811187744,0.015433458611369133,,,1.0,spike
2269,50,scenario3_repeated_spike,SAC,150,134.4480808966382,1,0.15889021123514116,0.24711216898811295,0.5,0.5,-0.20300119011162704,0.38897705078125,0.014339438639581203,0.03131137043237686,,,1.0,spike
2270,50,scenario3_repeated_spike,SAC,150,134.0032728069744,1,0.15872846283889977,0.2469827702711198,0.5,0.5,-0.20285561655500978,0.5081053376197815,0.00711391307413578,0.029848452657461166,,,1.0,spike
2271,50,scenario3_repeated_spike,SAC,150,133.60294552627695,1,0.15858288928228254,0.24686631142582605,0.5,0.5,-0.2027246003540543,0.3650848865509033,0.0012044254690408707,0.009888806380331516,,,1.0,spike
2272,50,scenario3_repeated_spike,SAC,150,133.24265097364926,1,0.15845187308132702,0.24676149846506162,0.5,0.5,-0.20260668577319432,0.30295634269714355,0.0031433426775038242,0.020339760929346085,,,1.0,spike
2273,50,scenario3_repeated_spike,SAC,150,132.91838587628433,1,0.15833395850046703,0.24666716680037365,0.5,0.5,-0.20250056265042032,0.4564594030380249,0.008403388783335686,0.02807842195034027,,,1.0,spike
2274,50,scenario3_repeated_spike,SAC,150,138.6265472886559,0,0.16664159205540996,0.5666265472886559,0.5,0.5,-0.36663406967203294,0.5402467250823975,0.004491796717047691,0.024275023490190506,,,1.0,spike
2275,50,scenario3_repeated_spike,SAC,150,137.7638925597903,1,0.1600959609308328,0.24807676874466628,0.5,0.5,-0.20408636483774956,0.40454351902008057,0.0073450421914458275,0.025396078824996948,,,1.0,spike
2276,50,scenario3_repeated_spike,SAC,150,136.98750330381125,1,0.15981363756502226,0.24785091005201781,0.5,0.5,-0.20383227380852004,0.3507032096385956,0.0026396752800792456,0.017397014424204826,,,1.0,spike
2277,50,scenario3_repeated_spike,SAC,150,136.28875297343012,1,0.15955954653579277,0.24764763722863425,0.5,0.5,-0.2036035918822135,0.4138528108596802,0.011246779933571815,0.024028442800045013,,,1.0,spike
2278,50,scenario3_repeated_spike,SAC,150,135.6598776760871,1,0.15933086460948623,0.247464691687589,0.5,0.5,-0.2033977781485376,0.31083589792251587,0.007455095183104277,0.018502991646528244,,,1.0,spike
2279,50,scenario3_repeated_spike,SAC,150,135.0938899084784,1,0.15912505087581033,0.24730004070064826,0.5,0.5,-0.20321254578822928,0.32842403650283813,0.01035767700523138,0.02891659364104271,,,1.0,spike
2280,50,scenario3_repeated_spike,SAC,150,134.58450091763055,1,0.158939818515502,0.24715185481240165,0.5,0.5,-0.20304583666395182,0.07564937323331833,0.0009296188363805413,0.009403024800121784,,,1.0,spike
2281,50,scenario3_repeated_spike,SAC,150,134.12605082586748,1,0.15877310939122455,0.24701848751297967,0.5,0.5,-0.2028957984521021,-0.03393372520804405,0.01124631054699421,0.019244715571403503,,,1.0,spike
2282,50,scenario3_repeated_spike,SAC,150,139.71344574328072,0,0.16732090358955046,0.5677134457432808,0.5,0.5,-0.3675171746664156,0.5218061208724976,0.017727214843034744,0.03992973640561104,,,1.0,spike
2283,50,scenario3_repeated_spike,SAC,150,138.74210116895264,1,0.16045167315234643,0.24836133852187714,0.5,0.5,-0.20440650583711178,0.206930473446846,0.0214996375143528,0.03367501497268677,,,1.0,spike
2284,50,scenario3_repeated_spike,SAC,150,137.8678910520574,1,0.1601337785643845,0.2481070228515076,0.5,0.5,-0.20412040070794604,0.4727323353290558,0.008324110880494118,0.029924094676971436,,,1.0,spike
2285,50,scenario3_repeated_spike,SAC,150,137.08110194685165,1,0.15984767343521877,0.24787813874817505,0.5,0.5,-0.2038629060916969,0.13562677800655365,0.0020651835948228836,0.011732326820492744,,,1.0,spike
2286,50,scenario3_repeated_spike,SAC,150,136.37299175216648,1,0.1595901788189696,0.2476721430551757,0.5,0.5,-0.20363116093707267,0.4242233335971832,0.005156893748790026,0.02143108658492565,,,1.0,spike
2287,50,scenario3_repeated_spike,SAC,150,135.73569257694984,1,0.1593584336643454,0.24748674693147632,0.5,0.5,-0.20342259029791088,0.5662099123001099,0.004700093995779753,0.025156311690807343,,,1.0,spike
2288,50,scenario3_repeated_spike,SAC,150,135.16212331925487,1,0.15914986302518358,0.2473198904201469,0.5,0.5,-0.20323487672266524,0.3803679943084717,0.004475029185414314,0.02098659984767437,,,1.0,spike
2289,50,scenario3_repeated_spike,SAC,150,134.6459109873294,1,0.15896214944993797,0.24716971955995037,0.5,0.5,-0.20306593450494417,0.41793546080589294,0.004647910129278898,0.022565508261322975,,,1.0,spike
2290,50,scenario3_repeated_spike,SAC,150,134.18131988859645,1,0.15879320723221688,0.24703456578577354,0.5,0.5,-0.20291388650899522,0.2812104821205139,0.003676199819892645,0.01575121469795704,,,1.0,spike
2291,50,scenario3_repeated_spike,SAC,150,139.7631878997368,0,0.16735199243733553,0.5677631878997369,0.5,0.5,-0.36755759016853623,0.19181764125823975,0.0038053221069276333,0.01804424449801445,,,1.0,spike
2292,50,scenario3_repeated_spike,SAC,150,138.78686910976313,1,0.16046795240355025,0.24837436192284024,0.5,0.5,-0.20442115716319526,0.5068468451499939,0.009583539329469204,0.026876214891672134,,,1.0,spike
2293,50,scenario3_repeated_spike,SAC,150,137.90818219878682,1,0.16014842989046796,0.24811874391237437,0.5,0.5,-0.20413358690142117,0.5577853918075562,0.007413984276354313,0.026492061093449593,,,1.0,spike
2294,50,scenario3_repeated_spike,SAC,150,137.11736397890814,1,0.15986085962869387,0.24788868770295513,0.5,0.5,-0.20387477366582452,0.19438818097114563,0.003164238529279828,0.014610763639211655,,,1.0,spike
2295,50,scenario3_repeated_spike,SAC,150,136.4056275810173,1,0.15960204639309722,0.24768163711447777,0.5,0.5,-0.2036418417537875,0.34428906440734863,0.006318353116512299,0.02223464660346508,,,1.0,spike
2296,50,scenario3_repeated_spike,SAC,150,135.76506482291558,1,0.1593691144810602,0.24749529158484818,0.5,0.5,-0.20343220303295417,0.23690849542617798,0.005269602406769991,0.01761680282652378,,,1.0,spike
2297,50,scenario3_repeated_spike,SAC,150,135.188558340624,1,0.15915947576022693,0.24732758060818155,0.5,0.5,-0.20324352818420424,0.5721339583396912,0.002154355635866523,0.015912452712655067,,,1.0,spike
2298,50,scenario3_repeated_spike,SAC,150,134.66970250656163,1,0.15897080091147697,0.2471766407291816,0.5,0.5,-0.2030737208203293,0.4174059331417084,0.008991037495434284,0.023454785346984863,,,1.0,spike
2299,50,scenario3_repeated_spike,SAC,150,134.20273225590546,1,0.158800993547602,0.2470407948380816,0.5,0.5,-0.20292089419284182,0.27083396911621094,0.005221641156822443,0.027716539800167084,,,1.0,spike
2300,50,scenario3_repeated_spike,SAC,150,133.7824590303149,1,0.15864816692011452,0.2469185335360916,0.5,0.5,-0.20278335022810307,0.2735156714916229,0.006721689831465483,0.02385980635881424,,,1.0,spike
2301,50,scenario3_repeated_spike,SAC,150,139.4042131272834,0,0.16712763320455215,0.5674042131272834,0.5,0.5,-0.3672659231659178,0.19930490851402283,0.004496765322983265,0.015621981583535671,,,1.0,spike
2302,50,scenario3_repeated_spike,SAC,150,144.46379181455507,0,0.17028986988409692,0.5724637918145551,0.5,0.5,-0.371376830849326,0.4160796105861664,0.004567154683172703,0.022945770993828773,,,1.0,spike
2303,50,scenario3_repeated_spike,SAC,150,143.01741263309955,1,0.16200633186658167,0.24960506549326533,0.5,0.5,-0.2058056986799235,0.44061246514320374,0.005736575461924076,0.025582246482372284,,,1.0,spike
2304,50,scenario3_repeated_spike,SAC,150,141.7156713697896,1,0.16153297140719622,0.24922637712575701,0.5,0.5,-0.20537967426647663,0.22085824608802795,0.0004242994182277471,0.006250134669244289,,,1.0,spike
2305,50,scenario3_repeated_spike,SAC,150,140.54410423281064,1,0.16110694699374933,0.24888555759499947,0.5,0.5,-0.2049962522943744,0.4381621479988098,0.006268634926527739,0.031521860510110855,,,1.0,spike
2306,50,scenario3_repeated_spike,SAC,150,139.48969380952957,1,0.16072352502164713,0.24857882001731774,0.5,0.5,-0.20465117251948245,0.2379261553287506,0.008364305831491947,0.029838964343070984,,,1.0,spike
2307,50,scenario3_repeated_spike,SAC,150,138.5407244285766,1,0.16037844524675512,0.2483027561974041,0.5,0.5,-0.2043406007220796,0.49474120140075684,0.005815267097204924,0.024205444380640984,,,1.0,spike
2308,50,scenario3_repeated_spike,SAC,150,137.68665198571892,1,0.16006787344935233,0.24805429875948187,0.5,0.5,-0.2040610861044171,0.698942244052887,0.006460335571318865,0.032713595777750015,,,1.0,spike
2309,50,scenario3_repeated_spike,SAC,150,136.91798678714702,1,0.15978835883168985,0.24783068706535188,0.5,0.5,-0.20380952294852087,0.4453482925891876,0.008895917795598507,0.03488965332508087,,,1.0,spike
2310,50,scenario3_repeated_spike,SAC,150,136.22618810843232,1,0.15953679567579357,0.24762943654063485,0.5,0.5,-0.20358311610821422,0.17064058780670166,0.012027418240904808,0.03228083625435829,,,1.0,spike
2311,50,scenario3_repeated_spike,SAC,150,135.6035692975891,1,0.15931038883548695,0.2474483110683896,0.5,0.5,-0.2033793499519383,0.25855153799057007,0.0027291527949273586,0.017663240432739258,,,1.0,spike
2312,50,scenario3_repeated_spike,SAC,150,135.0432123678302,1,0.15910662267921097,0.2472852981433688,0.5,0.5,-0.2031959604112899,0.5038358569145203,0.011563017033040524,0.04506489634513855,,,1.0,spike
2313,50,scenario3_repeated_spike,SAC,150,134.5388911310472,1,0.1589232331385626,0.24713858651085008,0.5,0.5,-0.20303090982470634,0.15802565217018127,0.0038028336130082607,0.01892293058335781,,,1.0,spike
2314,50,scenario3_repeated_spike,SAC,150,134.0850020179425,1,0.1587581825519791,0.24700654604158329,0.5,0.5,-0.2028823642967812,0.32117801904678345,0.007122631184756756,0.03267883509397507,,,1.0,spike
2315,50,scenario3_repeated_spike,SAC,150,139.67650181614823,0,0.16729781363509266,0.5676765018161483,0.5,0.5,-0.36748715772562046,0.3961760401725769,0.0038845855742692947,0.024684466421604156,,,1.0,spike
2316,50,scenario3_repeated_spike,SAC,150,138.7088516345334,1,0.1604395824125576,0.2483516659300461,0.5,0.5,-0.20439562417130186,0.39130571484565735,0.00537455640733242,0.02566199190914631,,,1.0,spike
2317,50,scenario3_repeated_spike,SAC,150,137.83796647108005,1,0.1601228968985746,0.2480983175188597,0.5,0.5,-0.20411060720871715,0.44773590564727783,0.021799510344862938,0.04986422508955002,,,1.0,spike
2318,50,scenario3_repeated_spike,SAC,150,137.05416982397205,1,0.15983787993598983,0.2478703039487919,0.5,0.5,-0.20385409194239085,0.3548104465007782,0.00855557806789875,0.029233887791633606,,,1.0,spike
2319,50,scenario3_repeated_spike,SAC,150,136.34875284157485,1,0.15958136466966358,0.24766509173573087,0.5,0.5,-0.20362322820269724,0.34765201807022095,0.011587411165237427,0.030475962907075882,,,1.0,spike
2320,50,scenario3_repeated_spike,SAC,150,141.71387755741736,0,0.16857117347338588,0.5697138775574174,0.5,0.5,-0.36914252551540166,0.4081840217113495,0.006750139407813549,0.02145514264702797,,,1.0,spike
2321,50,scenario3_repeated_spike,SAC,150,140.54248980167563,1,0.16110635992788205,0.24888508794230568,0.5,0.5,-0.20499572393509385,0.565733790397644,0.009797776117920876,0.03743826225399971,,,1.0,spike
2322,50,scenario3_repeated_spike,SAC,150,145.48824082150807,0,0.17093015051344257,0.5734882408215081,0.5,0.5,-0.37220919566747535,0.4805499315261841,0.008695180527865887,0.027291135862469673,,,1.0,spike
2323,50,scenario3_repeated_spike,SAC,150,149.93941673935726,0,0.1737121354620983,0.5779394167393572,0.5,0.5,-0.37582577610072776,0.31923967599868774,0.0024195737205445766,0.017672784626483917,,,1.0,spike
2324,50,scenario3_repeated_spike,SAC,150,147.94547506542153,1,0.1637983545692442,0.2510386836553954,0.5,0.5,-0.2074185191123198,0.4729000926017761,0.0034437463618814945,0.019164569675922394,,,1.0,spike
2325,50,scenario3_repeated_spike,SAC,150,146.15092755887937,1,0.1631457918395925,0.250516633471674,0.5,0.5,-0.20683121265563326,0.3615548014640808,0.006380080711096525,0.023385193198919296,,,1.0,spike
2326,50,scenario3_repeated_spike,SAC,150,144.53583480299145,1,0.16255848538290602,0.2500467883063248,0.5,0.5,-0.20630263684461542,0.23956021666526794,0.004369047470390797,0.020717967301607132,,,1.0,spike
2327,50,scenario3_repeated_spike,SAC,150,143.08225132269231,1,0.1620299095718881,0.2496239276575105,0.5,0.5,-0.20582691861469932,0.46663329005241394,0.0025251288898289204,0.018981777131557465,,,1.0,spike
2328,50,scenario3_repeated_spike,SAC,150,147.7740261904231,0,0.17235876636901445,0.5757740261904232,0.5,0.5,-0.3740663962797188,0.2611881494522095,0.0020429925061762333,0.012438143603503704,,,1.0,spike
2329,50,scenario3_repeated_spike,SAC,150,145.99662357138078,1,0.1630896812986839,0.25047174503894715,0.5,0.5,-0.20678071316881552,0.6383295059204102,0.0043412079103291035,0.028305551037192345,,,1.0,spike
2330,50,scenario3_repeated_spike,SAC,150,144.3969612142427,1,0.16250798589608828,0.25000638871687064,0.5,0.5,-0.20625718730647946,0.4976416826248169,0.006045636720955372,0.02542455494403839,,,1.0,spike
2331,50,scenario3_repeated_spike,SAC,150,142.95726509281843,1,0.16198446003375216,0.24958756802700177,0.5,0.5,-0.20578601403037697,0.2501489520072937,0.004536828026175499,0.016300030052661896,,,1.0,spike
2332,50,scenario3_repeated_spike,SAC,150,141.66153858353658,1,0.16151328675764964,0.2492106294061197,0.5,0.5,-0.20536195808188468,0.4629954695701599,0.015885405242443085,0.0369359627366066,,,1.0,spike
2333,50,scenario3_repeated_spike,SAC,150,140.49538472518293,1,0.16108923080915744,0.24887138464732594,0.5,0.5,-0.2049803077282417,0.3117637038230896,0.0026197752449661493,0.01637323945760727,,,1.0,spike
2334,50,scenario3_repeated_spike,SAC,150,145.44584625266464,0,0.1709036539079154,0.5734458462526646,0.5,0.5,-0.37217475008029,0.397956907749176,0.003426027949899435,0.024600151926279068,,,1.0,spike
2335,50,scenario3_repeated_spike,SAC,150,143.90126162739818,1,0.16232773150087204,0.24986218520069764,0.5,0.5,-0.20609495835078484,0.2568310499191284,0.0028967929538339376,0.01879936084151268,,,1.0,spike
2336,50,scenario3_repeated_spike,SAC,150,148.51113546465837,0,0.17281945966541148,0.5765111354646584,0.5,0.5,-0.3746652975650349,0.31006187200546265,0.0029807118698954582,0.014339950866997242,,,1.0,spike
2337,50,scenario3_repeated_spike,SAC,150,152.66002191819254,0,0.17541251369887034,0.5806600219181925,0.5,0.5,-0.37803626780853145,0.11209378391504288,0.005400218069553375,0.01837363839149475,,,1.0,spike
2338,50,scenario3_repeated_spike,SAC,150,150.3940197263733,1,0.16468873444595392,0.2517509875567632,0.5,0.5,-0.20821986100135853,0.43353471159935,0.009905477985739708,0.024684736505150795,,,1.0,spike
2339,50,scenario3_repeated_spike,SAC,150,148.35461775373597,1,0.16394713372863126,0.251157706982905,0.5,0.5,-0.20755242035576815,0.30423057079315186,0.002668759785592556,0.015202672220766544,,,1.0,spike
2340,50,scenario3_repeated_spike,SAC,150,146.51915597836236,1,0.16327969308304086,0.2506237544664327,0.5,0.5,-0.20695172377473678,0.5443882346153259,0.0240304097533226,0.04280821233987808,,,1.0,spike
2341,50,scenario3_repeated_spike,SAC,150,144.86724038052614,1,0.16267899650200954,0.25014319720160766,0.5,0.5,-0.20641109685180858,0.3145236372947693,0.008921111933887005,0.018978076055645943,,,1.0,spike
2342,50,scenario3_repeated_spike,SAC,150,143.38051634247353,1,0.1621383695790813,0.24971069566326504,0.5,0.5,-0.20592453262117316,0.4702269732952118,0.003717843210324645,0.019354283809661865,,,1.0,spike
2343,50,scenario3_repeated_spike,SAC,150,148.0424647082262,0,0.17252654044264137,0.5760424647082262,0.5,0.5,-0.3742845025754338,0.3574772775173187,0.0027774889022111893,0.01807633601129055,,,1.0,spike
2344,50,scenario3_repeated_spike,SAC,150,146.23821823740357,1,0.1631775339045104,0.25054202712360835,0.5,0.5,-0.20685978051405937,0.47423118352890015,0.009604007005691528,0.03459099307656288,,,1.0,spike
2345,50,scenario3_repeated_spike,SAC,150,144.61439641366323,1,0.1625870532413321,0.2500696425930657,0.5,0.5,-0.2063283479171989,0.6125894784927368,0.017511529847979546,0.05141683295369148,,,1.0,spike
2346,50,scenario3_repeated_spike,SAC,150,143.1529567722969,1,0.16205562064447163,0.2496444965155773,0.5,0.5,-0.20585005858002448,0.7643716931343079,0.004907430615276098,0.028741447255015373,,,1.0,spike
2347,50,scenario3_repeated_spike,SAC,150,141.8376610950672,1,0.16157733130729718,0.24926186504583775,0.5,0.5,-0.20541959817656746,0.37499284744262695,0.010213290341198444,0.03144426643848419,,,1.0,spike
2348,50,scenario3_repeated_spike,SAC,150,140.6538949855605,1,0.16114687090384017,0.24891749672307217,0.5,0.5,-0.20503218381345617,0.23829326033592224,0.0031887455843389034,0.021366484463214874,,,1.0,spike
2349,50,scenario3_repeated_spike,SAC,150,145.58850548700445,0,0.1709928159293778,0.5735885054870045,0.5,0.5,-0.3722906607081911,0.5729484558105469,0.006340445019304752,0.024296071380376816,,,1.0,spike
2350,50,scenario3_repeated_spike,SAC,150,144.02965493830402,1,0.1623744199775651,0.2498995359820521,0.5,0.5,-0.20613697797980862,0.2919599711894989,0.009199392050504684,0.032677605748176575,,,1.0,spike
2351,50,scenario3_repeated_spike,SAC,150,142.6266894444736,1,0.16186425070708133,0.2494914005656651,0.5,0.5,-0.2056778256363732,0.2642688453197479,0.004811862949281931,0.02601727284491062,,,1.0,spike
2352,50,scenario3_repeated_spike,SAC,150,141.36402050002624,1,0.1614050983636459,0.24912407869091674,0.5,0.5,-0.2052645885272813,0.43501049280166626,0.0015691795852035284,0.012894535437226295,,,1.0,spike
2353,50,scenario3_repeated_spike,SAC,150,140.2276184500236,1,0.16099186125455403,0.24879348900364323,0.5,0.5,-0.20489267512909864,0.19582296907901764,0.00662674056366086,0.025806302204728127,,,1.0,spike
2354,50,scenario3_repeated_spike,SAC,150,139.20485660502123,1,0.16061994785637138,0.24849595828509713,0.5,0.5,-0.20455795307073427,0.6108013987541199,0.0243919026106596,0.06075441837310791,,,1.0,spike
2355,50,scenario3_repeated_spike,SAC,150,138.2843709445191,1,0.16028522579800694,0.24822818063840557,0.5,0.5,-0.20425670321820627,0.38951271772384644,0.013470628298819065,0.04167892783880234,,,1.0,spike
2356,50,scenario3_repeated_spike,SAC,150,137.4559338500672,1,0.15998397594547897,0.2479871807563832,0.5,0.5,-0.2039855783509311,0.7067831158638,0.008013558574020863,0.030355840921401978,,,1.0,spike
2357,50,scenario3_repeated_spike,SAC,150,136.71034046506048,1,0.15971285107820382,0.24777028086256309,0.5,0.5,-0.20374156597038345,0.7357733249664307,0.014457992278039455,0.048157721757888794,,,1.0,spike
2358,50,scenario3_repeated_spike,SAC,150,136.03930641855442,1,0.15946883869765613,0.24757507095812492,0.5,0.5,-0.20352195482789054,0.46716469526290894,0.02591901831328869,0.05214396119117737,,,1.0,spike
2359,50,scenario3_repeated_spike,SAC,150,135.43537577669898,1,0.15924922755516327,0.24739938204413064,0.5,0.5,-0.20332430479964697,0.303964227437973,0.021199164912104607,0.04702652245759964,,,1.0,spike
2360,50,scenario3_repeated_spike,SAC,150,140.89183819902908,0,0.1680573988743932,0.5688918381990291,0.5,0.5,-0.36847461853671115,0.4329029321670532,0.00978334341198206,0.03693873807787895,,,1.0,spike
2361,50,scenario3_repeated_spike,SAC,150,139.80265437912618,1,0.1608373288651368,0.24866986309210948,0.5,0.5,-0.20475359597862314,0.058280810713768005,0.005672191269695759,0.01817200519144535,,,1.0,spike
2362,50,scenario3_repeated_spike,SAC,150,138.82238894121355,1,0.1604808687058958,0.24838469496471666,0.5,0.5,-0.20443278183530622,0.47913065552711487,0.006279279477894306,0.028451109305024147,,,1.0,spike
2363,50,scenario3_repeated_spike,SAC,150,143.94015004709217,0,0.16996259377943262,0.5719401500470922,0.5,0.5,-0.37095137191326244,0.43755805492401123,0.003375618252903223,0.02043372578918934,,,1.0,spike
2364,50,scenario3_repeated_spike,SAC,150,148.54613504238296,0,0.17284133440148935,0.576546135042383,0.5,0.5,-0.3746937347219361,0.517952561378479,0.0017550088232383132,0.015514759346842766,,,1.0,spike
2365,50,scenario3_repeated_spike,SAC,150,146.69152153814466,1,0.16334237146841624,0.250673897174733,0.5,0.5,-0.2070081343215746,0.3697824776172638,0.004606775939464569,0.023769447579979897,,,1.0,spike
2366,50,scenario3_repeated_spike,SAC,150,151.0223693843302,0,0.17438898086520638,0.5790223693843302,0.5,0.5,-0.37670567512476827,0.35439133644104004,0.0041162543930113316,0.02002858743071556,,,1.0,spike
2367,50,scenario3_repeated_spike,SAC,150,148.9201324458972,1,0.16415277543487172,0.2513222203478974,0.5,0.5,-0.20773749789138457,0.524131178855896,0.018326839432120323,0.0472060889005661,,,1.0,spike
2368,50,scenario3_repeated_spike,SAC,150,147.02811920130748,1,0.16346477061865727,0.25077181649492586,0.5,0.5,-0.20711829355679157,0.4781153202056885,0.0097732525318861,0.043879710137844086,,,1.0,spike
2369,50,scenario3_repeated_spike,SAC,150,151.32530728117672,0,0.17457831705073545,0.5793253072811767,0.5,0.5,-0.3769518121659561,0.42070281505584717,0.014478089287877083,0.030447518453001976,,,1.0,spike
2370,50,scenario3_repeated_spike,SAC,150,149.19277655305905,1,0.16425191874656694,0.2514015349972536,0.5,0.5,-0.20782672687191028,0.30326950550079346,0.007884770631790161,0.03069644421339035,,,1.0,spike
2371,50,scenario3_repeated_spike,SAC,150,153.27349889775314,0,0.17579593681109573,0.5812734988977531,0.5,0.5,-0.37853471785442444,0.5498961210250854,0.012612825259566307,0.04607843607664108,,,1.0,spike
2372,50,scenario3_repeated_spike,SAC,150,150.94614900797782,1,0.16488950873017377,0.25191160698413906,0.5,0.5,-0.20840055785715642,0.4788430631160736,0.013860948383808136,0.04308151453733444,,,1.0,spike
2373,50,scenario3_repeated_spike,SAC,150,148.85153410718004,1,0.16412783058442912,0.25130226446754333,0.5,0.5,-0.20771504752598624,0.7388536334037781,0.0051689292304217815,0.030529841780662537,,,1.0,spike
2374,50,scenario3_repeated_spike,SAC,150,146.96638069646204,1,0.16344232025325894,0.25075385620260715,0.5,0.5,-0.20709808822793305,0.5646564960479736,0.01343550905585289,0.043944187462329865,,,1.0,spike
2375,50,scenario3_repeated_spike,SAC,150,145.26974262681583,1,0.16282536095520578,0.2502602887641646,0.5,0.5,-0.2065428248596852,0.4659343957901001,0.00996619276702404,0.038163550198078156,,,1.0,spike
2376,50,scenario3_repeated_spike,SAC,150,149.74276836413424,0,0.1735892302275839,0.5777427683641343,0.5,0.5,-0.3756659992958591,0.24658647179603577,0.007443026639521122,0.029709719121456146,,,1.0,spike
2377,50,scenario3_repeated_spike,SAC,150,147.7684915277208,1,0.16373399691917123,0.250987197535337,0.5,0.5,-0.2073605972272541,0.5820931196212769,0.007346394006162882,0.02530559152364731,,,1.0,spike
2378,50,scenario3_repeated_spike,SAC,150,145.99164237494873,1,0.16308786995452682,0.25047029596362147,0.5,0.5,-0.20677908295907416,0.14146247506141663,0.0031496717128902674,0.019817177206277847,,,1.0,spike
2379,50,scenario3_repeated_spike,SAC,150,144.39247813745385,1,0.16250635568634686,0.2500050845490775,0.5,0.5,-0.20625572011771218,0.09088308364152908,0.00861865933984518,0.025662750005722046,,,1.0,spike
2380,50,scenario3_repeated_spike,SAC,150,148.95323032370848,0,0.17309576895231782,0.5769532303237085,0.5,0.5,-0.37502449963801315,0.6236885786056519,0.010387864895164967,0.04218587651848793,,,1.0,spike
2381,50,scenario3_repeated_spike,SAC,150,147.05790729133764,1,0.1634756026513955,0.2507804821211164,0.5,0.5,-0.20712804238625596,0.5863567590713501,0.002475277055054903,0.02036924660205841,,,1.0,spike
2382,50,scenario3_repeated_spike,SAC,150,145.3521165622039,1,0.1628553151135287,0.25028425209082295,0.5,0.5,-0.20656978360217582,0.14146926999092102,0.0014297962188720703,0.0140843465924263,,,1.0,spike
2383,50,scenario3_repeated_spike,SAC,150,143.8169049059835,1,0.16229705632944857,0.24983764506355888,0.5,0.5,-0.20606735069650373,0.5037624835968018,0.007006851956248283,0.03447924554347992,,,1.0,spike
2384,50,scenario3_repeated_spike,SAC,150,142.43521441538516,1,0.1617946234237764,0.24943569873902116,0.5,0.5,-0.20561516108139877,0.6527926325798035,0.005172182340174913,0.028689706698060036,,,1.0,spike
2385,50,scenario3_repeated_spike,SAC,150,141.19169297384664,1,0.1613424338086715,0.2490739470469372,0.5,0.5,-0.20520819042780436,0.5091158747673035,0.003028873121365905,0.022924913093447685,,,1.0,spike
2386,50,scenario3_repeated_spike,SAC,150,140.07252367646197,1,0.1609354631550771,0.24874837052406168,0.5,0.5,-0.20484191683956937,0.6697582602500916,0.010503269731998444,0.042489878833293915,,,1.0,spike
2387,50,scenario3_repeated_spike,SAC,150,139.0652713088158,1,0.1605691895668421,0.2484553516534737,0.5,0.5,-0.20451227061015792,0.6569743752479553,0.011613873764872551,0.04104933887720108,,,1.0,spike
2388,50,scenario3_repeated_spike,SAC,150,144.15874417793424,0,0.17009921511120893,0.5721587441779343,0.5,0.5,-0.37112897964457164,0.48966550827026367,0.007955976761877537,0.03413194790482521,,,1.0,spike
2389,50,scenario3_repeated_spike,SAC,150,148.74286976014082,0,0.17296429360008803,0.5767428697601409,0.5,0.5,-0.37485358168011446,0.3221551775932312,0.0018028741469606757,0.015904990956187248,,,1.0,spike
2390,50,scenario3_repeated_spike,SAC,150,146.86858278412674,1,0.1634067573760461,0.2507254059008369,0.5,0.5,-0.2070660816384415,0.3409702479839325,0.00458289822563529,0.02288082242012024,,,1.0,spike
2391,50,scenario3_repeated_spike,SAC,150,145.18172450571407,1,0.16279335436571424,0.2502346834925714,0.5,0.5,-0.2065140189291428,0.2752425968647003,0.017312347888946533,0.03604419156908989,,,1.0,spike
2392,50,scenario3_repeated_spike,SAC,150,143.66355205514267,1,0.16224129165641551,0.24979303332513242,0.5,0.5,-0.20601716249077395,0.3971555829048157,0.004047942813485861,0.020907389000058174,,,1.0,spike
2393,50,scenario3_repeated_spike,SAC,150,142.29719684962842,1,0.16174443521804668,0.24939554817443738,0.5,0.5,-0.20556999169624202,0.5313106179237366,0.0017743486678227782,0.016406981274485588,,,1.0,spike
2394,50,scenario3_repeated_spike,SAC,150,141.06747716466558,1,0.16129726442351477,0.24903781153881183,0.5,0.5,-0.2051675379811633,0.7568097114562988,0.012330563738942146,0.039283670485019684,,,1.0,spike
2395,50,scenario3_repeated_spike,SAC,150,145.960729448199,0,0.1712254559051244,0.573960729448199,0.5,0.5,-0.3725930926766617,0.5026551485061646,0.009689630940556526,0.031341034919023514,,,1.0,spike
2396,50,scenario3_repeated_spike,SAC,150,144.3646565033791,1,0.16249623872850152,0.24999699098280126,0.5,0.5,-0.20624661485565138,0.43076345324516296,0.010207915678620338,0.036544378846883774,,,1.0,spike
2397,50,scenario3_repeated_spike,SAC,150,148.9281908530412,0,0.17308011928315076,0.5769281908530413,0.5,0.5,-0.37500415506809603,0.2863891124725342,0.0034735528752207756,0.0185308326035738,,,1.0,spike
2398,50,scenario3_repeated_spike,SAC,150,153.03537176773708,0,0.17564710735483569,0.5810353717677371,0.5,0.5,-0.3783412395612864,0.6172073483467102,0.006614837795495987,0.03479424864053726,,,1.0,spike
2399,50,scenario3_repeated_spike,SAC,150,156.73183459096336,0,0.17795739661935212,0.5847318345909633,0.5,0.5,-0.38134461560515776,0.5434873700141907,0.010560774244368076,0.042419951409101486,,,1.0,spike
2400,50,scenario3_repeated_spike,SAC,150,154.05865113186704,1,0.16602132768431527,0.25281706214745225,0.5,0.5,-0.20941919491588376,0.26780956983566284,0.002908454742282629,0.016194846481084824,,,1.0,spike
2401,50,scenario3_repeated_spike,SAC,150,151.65278601868033,1,0.1651464676431565,0.2521171741145252,0.5,0.5,-0.20863182087884086,0.5647532343864441,0.012937432155013084,0.029833916574716568,,,1.0,spike
2402,50,scenario3_repeated_spike,SAC,150,149.4875074168123,1,0.16435909360611356,0.25148727488489087,0.5,0.5,-0.2079231842455022,0.5606271624565125,0.002846184652298689,0.019678156822919846,,,1.0,spike
2403,50,scenario3_repeated_spike,SAC,150,153.53875667513105,0,0.17596172292195691,0.5815387566751311,0.5,0.5,-0.378750239798544,0.29064545035362244,0.008250588551163673,0.033127814531326294,,,1.0,spike
2404,50,scenario3_repeated_spike,SAC,150,151.18488100761795,1,0.16497632036640653,0.2519810562931252,0.5,0.5,-0.20847868832976588,0.444980263710022,0.0054512033239007,0.02893570251762867,,,1.0,spike
2405,50,scenario3_repeated_spike,SAC,150,149.06639290685615,1,0.16420596105703858,0.25136476884563086,0.5,0.5,-0.2077853649513347,0.508881688117981,0.004659618251025677,0.022896988317370415,,,1.0,spike
2406,50,scenario3_repeated_spike,SAC,150,147.15975361617055,1,0.16351263767860746,0.250810110142886,0.5,0.5,-0.20716137391074674,0.868565559387207,0.007299728691577911,0.040779512375593185,,,1.0,spike
2407,50,scenario3_repeated_spike,SAC,150,151.4437782545535,0,0.17465236140909596,0.5794437782545535,0.5,0.5,-0.3770480698318247,0.48274052143096924,0.005216976627707481,0.024477098137140274,,,1.0,spike
2408,50,scenario3_repeated_spike,SAC,150,155.29940042909817,0,0.17706212526818638,0.5832994004290982,0.5,0.5,-0.38018076284864233,0.6587956547737122,0.0037605531979352236,0.019867321476340294,,,1.0,spike
2409,50,scenario3_repeated_spike,SAC,150,152.76946038618837,1,0.16555253104952303,0.2524420248396184,0.5,0.5,-0.20899727794457074,0.4024741053581238,0.008713399060070515,0.030596399679780006,,,1.0,spike
2410,50,scenario3_repeated_spike,SAC,150,150.49251434756954,1,0.1647245506718435,0.2517796405374748,0.5,0.5,-0.20825209560465915,0.4728602468967438,0.022532768547534943,0.045364174991846085,,,1.0,spike
2411,50,scenario3_repeated_spike,SAC,150,148.4432629128126,1,0.16397936833193186,0.2511834946655455,0.5,0.5,-0.2075814314987387,0.493379682302475,0.007728955242782831,0.030046531930565834,,,1.0,spike
2412,50,scenario3_repeated_spike,SAC,150,146.59893662153135,1,0.1633087042260114,0.25064696338080916,0.5,0.5,-0.20697783380341028,0.523436427116394,0.004451598506420851,0.01803215593099594,,,1.0,spike
2413,50,scenario3_repeated_spike,SAC,150,150.9390429593782,0,0.1743369018496114,0.5789390429593783,0.5,0.5,-0.3766379724044948,0.5539746284484863,0.006316597573459148,0.028352761641144753,,,1.0,spike
2414,50,scenario3_repeated_spike,SAC,150,148.8451386634404,1,0.1641255049685238,0.25130040397481906,0.5,0.5,-0.20771295447167143,0.4631763696670532,0.006687643937766552,0.029930701479315758,,,1.0,spike
2415,50,scenario3_repeated_spike,SAC,150,146.96062479709636,1,0.1634402271989441,0.2507521817591553,0.5,0.5,-0.2070962044790497,0.5737020373344421,0.023910753428936005,0.047920577228069305,,,1.0,spike
2416,50,scenario3_repeated_spike,SAC,150,145.26456231738672,1,0.16282347720632245,0.250258781765058,0.5,0.5,-0.20654112948569023,0.37660449743270874,0.010210569947957993,0.02776537649333477,,,1.0,spike
2417,50,scenario3_repeated_spike,SAC,150,143.73810608564804,1,0.16226840221296293,0.24981472177037034,0.5,0.5,-0.20604156199166662,0.37708747386932373,0.008311490528285503,0.025819068774580956,,,1.0,spike
2418,50,scenario3_repeated_spike,SAC,150,142.36429547708323,1,0.16176883471893938,0.24941506777515154,0.5,0.5,-0.20559195124704546,0.3694245517253876,0.002432165201753378,0.01940428465604782,,,1.0,spike
2419,50,scenario3_repeated_spike,SAC,150,141.1278659293749,1,0.16131922397431817,0.24905537917945453,0.5,0.5,-0.20518730157688636,0.49056828022003174,0.004967616870999336,0.01898641511797905,,,1.0,spike
2420,50,scenario3_repeated_spike,SAC,150,140.01507933643742,1,0.1609145743041591,0.2487316594433273,0.5,0.5,-0.20482311687374322,0.4754764437675476,0.009013429284095764,0.03420265018939972,,,1.0,spike
2421,50,scenario3_repeated_spike,SAC,150,139.01357140279367,1,0.16055038960101586,0.2484403116808127,0.5,0.5,-0.2044953506409143,0.4576568007469177,0.004948372952640057,0.02293461561203003,,,1.0,spike
2422,50,scenario3_repeated_spike,SAC,150,138.11221426251433,1,0.16022262336818702,0.24817809869454965,0.5,0.5,-0.20420036103136835,0.6241098046302795,0.0013520182110369205,0.016683267429471016,,,1.0,spike
2423,50,scenario3_repeated_spike,SAC,150,137.30099283626288,1,0.15992763375864105,0.24794210700691288,0.5,0.5,-0.20393487038277697,0.5315572619438171,0.0015589686809107661,0.01223757304251194,,,1.0,spike
2424,50,scenario3_repeated_spike,SAC,150,136.5708935526366,1,0.15966214311004967,0.24772971448803977,0.5,0.5,-0.20369592879904472,0.5811082124710083,0.013743387535214424,0.040499307215213776,,,1.0,spike
2425,50,scenario3_repeated_spike,SAC,150,135.91380419737294,1,0.15942320152631745,0.247538561221054,0.5,0.5,-0.20348088137368572,0.31536662578582764,0.006751891225576401,0.026885639876127243,,,1.0,spike
2426,50,scenario3_repeated_spike,SAC,150,141.32242377763566,0,0.16832651486102232,0.5693224237776358,0.5,0.5,-0.36882446931932905,0.6074391007423401,0.008517002686858177,0.03351882845163345,,,1.0,spike
2427,50,scenario3_repeated_spike,SAC,150,140.1901813998721,1,0.16097824778177167,0.24878259822541737,0.5,0.5,-0.20488042300359452,0.44529882073402405,0.005809921771287918,0.024837613105773926,,,1.0,spike
2428,50,scenario3_repeated_spike,SAC,150,139.1711632598849,1,0.16060769573086725,0.2484861565846938,0.5,0.5,-0.20454692615778053,0.28739795088768005,0.00558482063934207,0.028601860627532005,,,1.0,spike
2429,50,scenario3_repeated_spike,SAC,150,138.2540469338964,1,0.16027419888505326,0.2482193591080426,0.5,0.5,-0.20424677899654792,0.6230760216712952,0.0106132747605443,0.03855850547552109,,,1.0,spike
2430,50,scenario3_repeated_spike,SAC,150,137.42864224050675,1,0.15997405172382062,0.24797924137905653,0.5,0.5,-0.20397664655143857,0.590982973575592,0.019323032349348068,0.04245997965335846,,,1.0,spike
2431,50,scenario3_repeated_spike,SAC,150,136.68577801645608,1,0.1597039192787113,0.24776313542296907,0.5,0.5,-0.2037335273508402,0.30877503752708435,0.007457992061972618,0.029331916943192482,,,1.0,spike
2432,50,scenario3_repeated_spike,SAC,150,142.0172002148105,0,0.16876075013425657,0.5700172002148105,0.5,0.5,-0.3693889751745335,0.7574683427810669,0.007158678025007248,0.03207018971443176,,,1.0,spike
2433,50,scenario3_repeated_spike,SAC,150,146.81548019332945,0,0.1717596751208309,0.5748154801933294,0.5,0.5,-0.37328757765708015,0.4951246678829193,0.00885058380663395,0.03371294587850571,,,1.0,spike
2434,50,scenario3_repeated_spike,SAC,150,145.1339321739965,1,0.16277597533599875,0.250220780268799,0.5,0.5,-0.20649837780239888,0.5476445555686951,0.0071858931332826614,0.030375566333532333,,,1.0,spike
2435,50,scenario3_repeated_spike,SAC,150,149.62053895659685,0,0.17351283684787305,0.5776205389565969,0.5,0.5,-0.375566687902235,0.23629699647426605,0.00943604577332735,0.02763780578970909,,,1.0,spike
2436,50,scenario3_repeated_spike,SAC,150,153.65848506093715,0,0.17603655316308575,0.5816584850609372,0.5,0.5,-0.3788475191120115,0.7285794019699097,0.010609363205730915,0.035935789346694946,,,1.0,spike
2437,50,scenario3_repeated_spike,SAC,150,151.29263655484345,1,0.16501550420176128,0.25201240336140907,0.5,0.5,-0.20851395378158516,0.6273165941238403,0.010674504563212395,0.037255145609378815,,,1.0,spike
2438,50,scenario3_repeated_spike,SAC,150,149.1633728993591,1,0.16424122650885786,0.2513929812070863,0.5,0.5,-0.20781710385797209,0.5903530120849609,0.011601828038692474,0.035568516701459885,,,1.0,spike
2439,50,scenario3_repeated_spike,SAC,150,147.2470356094232,1,0.16354437658524482,0.25083550126819587,0.5,0.5,-0.20718993892672033,0.524172842502594,0.0039956653490662575,0.02069305256009102,,,1.0,spike
2440,50,scenario3_repeated_spike,SAC,150,145.52233204848088,1,0.16291721165399306,0.25033376932319445,0.5,0.5,-0.20662549048859374,0.5356244444847107,0.009636018425226212,0.03097503073513508,,,1.0,spike
2441,50,scenario3_repeated_spike,SAC,150,143.9700988436328,1,0.16235276321586647,0.24988221057269322,0.5,0.5,-0.20611748689427983,0.6104812622070312,0.005433403886854649,0.029628992080688477,,,1.0,spike
2442,50,scenario3_repeated_spike,SAC,150,142.5730889592695,1,0.16184475962155254,0.24947580769724204,0.5,0.5,-0.20566028365939729,0.44076162576675415,0.016357341781258583,0.03869485482573509,,,1.0,spike
2443,50,scenario3_repeated_spike,SAC,150,147.31578006334257,0,0.17207236253958913,0.5753157800633426,0.5,0.5,-0.37369407130146587,0.40455448627471924,0.007760971784591675,0.024127371609210968,,,1.0,spike
2444,50,scenario3_repeated_spike,SAC,150,145.58420205700833,1,0.16293970983891215,0.2503517678711297,0.5,0.5,-0.20664573885502094,0.5231031179428101,0.009528037160634995,0.03157668560743332,,,1.0,spike
2445,50,scenario3_repeated_spike,SAC,150,144.0257818513075,1,0.16237301158229364,0.24989840926583495,0.5,0.5,-0.2061357104240643,0.4395630955696106,0.0025026407092809677,0.01685512438416481,,,1.0,spike
2446,50,scenario3_repeated_spike,SAC,150,148.62320366617675,0,0.17288950229136046,0.5766232036661767,0.5,0.5,-0.3747563529787686,0.7738566398620605,0.0035671249497681856,0.02236672304570675,,,1.0,spike
2447,50,scenario3_repeated_spike,SAC,150,146.76088329955908,1,0.1633675939271124,0.25069407514168995,0.5,0.5,-0.2070308345344012,0.5167027711868286,0.0046307966113090515,0.02142222784459591,,,1.0,spike
2448,50,scenario3_repeated_spike,SAC,150,151.08479496960317,0,0.174427996856002,0.5790847949696032,0.5,0.5,-0.3767563959128026,0.6265710592269897,0.013836214318871498,0.02619134448468685,,,1.0,spike
2449,50,scenario3_repeated_spike,SAC,150,148.97631547264285,1,0.16417320562641557,0.25133856450113246,0.5,0.5,-0.20775588506377402,0.5008310675621033,0.005992227233946323,0.028127174824476242,,,1.0,spike
2450,50,scenario3_repeated_spike,SAC,150,147.07868392537858,1,0.16348315779104675,0.2507865262328374,0.5,0.5,-0.2071348420119421,0.47118034958839417,0.004317847080528736,0.022326800972223282,,,1.0,spike
2451,50,scenario3_repeated_spike,SAC,150,145.37081553284074,1,0.16286211473921483,0.2502896917913719,0.5,0.5,-0.20657590326529335,0.6315245032310486,0.004907106980681419,0.027650218456983566,,,1.0,spike
2452,50,scenario3_repeated_spike,SAC,150,143.83373397955665,1,0.16230317599256605,0.24984254079405288,0.5,0.5,-0.20607285839330947,0.5529221892356873,0.004061245825141668,0.02098572626709938,,,1.0,spike
2453,50,scenario3_repeated_spike,SAC,150,142.450360581601,1,0.1618001311205822,0.2494401048964658,0.5,0.5,-0.20562011800852398,0.4683684706687927,0.003642987459897995,0.02576250582933426,,,1.0,spike
2454,50,scenario3_repeated_spike,SAC,150,141.2053245234409,1,0.1613473907357967,0.24907791258863737,0.5,0.5,-0.20521265166221703,0.4490968883037567,0.017647579312324524,0.0397593192756176,,,1.0,spike
2455,50,scenario3_repeated_spike,SAC,150,146.0847920710968,0,0.17130299504443552,0.5740847920710969,0.5,0.5,-0.37269389355776616,0.36948052048683167,0.0033234653528779745,0.01516688521951437,,,1.0,spike
2456,50,scenario3_repeated_spike,SAC,150,144.47631286398715,1,0.1625368410414499,0.2500294728331599,0.5,0.5,-0.2062831569373049,0.49318927526474,0.005823757965117693,0.027544474229216576,,,1.0,spike
2457,50,scenario3_repeated_spike,SAC,150,149.02868157758843,0,0.1731429259859928,0.5770286815775885,0.5,0.5,-0.3750858037817906,0.7875598669052124,0.003779313061386347,0.023322444409132004,,,1.0,spike
2458,50,scenario3_repeated_spike,SAC,150,147.1258134198296,1,0.16350029578902894,0.2508002366312232,0.5,0.5,-0.20715026621012606,0.20480257272720337,0.012304864823818207,0.02625085785984993,,,1.0,spike
2459,50,scenario3_repeated_spike,SAC,150,145.41323207784663,1,0.16287753893739876,0.250302031149919,0.5,0.5,-0.20658978504365888,0.6659752130508423,0.009691947139799595,0.03727226331830025,,,1.0,spike
2460,50,scenario3_repeated_spike,SAC,150,149.87190887006196,0,0.17366994304378874,0.577871908870062,0.5,0.5,-0.3757709259569254,0.6640258431434631,0.010329479351639748,0.03700074553489685,,,1.0,spike
2461,50,scenario3_repeated_spike,SAC,150,147.88471798305576,1,0.16377626108474755,0.25102100886779805,0.5,0.5,-0.2073986349762728,0.4041694104671478,0.0030221573542803526,0.01999649964272976,,,1.0,spike
2462,50,scenario3_repeated_spike,SAC,150,146.09624618475019,1,0.16312590770354554,0.2505007261628365,0.5,0.5,-0.206813316933191,0.7122166156768799,0.005697404034435749,0.028232809156179428,,,1.0,spike
2463,50,scenario3_repeated_spike,SAC,150,144.48662156627518,1,0.1625405896604637,0.25003247172837095,0.5,0.5,-0.20628653069441732,0.43122828006744385,0.007827960886061192,0.01964721642434597,,,1.0,spike
2464,50,scenario3_repeated_spike,SAC,150,143.03795940964767,1,0.16201380342169006,0.24961104273735207,0.5,0.5,-0.20581242307952108,0.6734688878059387,0.00622206786647439,0.026072224602103233,,,1.0,spike
2465,50,scenario3_repeated_spike,SAC,150,141.7341634686829,1,0.1615396958067938,0.24923175664543507,0.5,0.5,-0.20538572622611445,0.4067482352256775,0.006059943698346615,0.020021475851535797,,,1.0,spike
2466,50,scenario3_repeated_spike,SAC,150,140.56074712181461,1,0.16111299895338715,0.24889039916270972,0.5,0.5,-0.20500169905804844,0.4658520221710205,0.009850299917161465,0.030497152358293533,,,1.0,spike
2467,50,scenario3_repeated_spike,SAC,150,139.50467240963314,1,0.16072897178532117,0.24858317742825697,0.5,0.5,-0.20465607460678908,0.6718899607658386,0.0033239852637052536,0.018598197028040886,,,1.0,spike
2468,50,scenario3_repeated_spike,SAC,150,138.55420516866985,1,0.1603833473340618,0.24830667786724947,0.5,0.5,-0.20434501260065563,0.6127334237098694,0.01086309365928173,0.028546275570988655,,,1.0,spike
2469,50,scenario3_repeated_spike,SAC,150,137.69878465180287,1,0.1600722853279283,0.24805782826234268,0.5,0.5,-0.20406505679513548,0.7863830924034119,0.015493781305849552,0.04070299118757248,,,1.0,spike
2470,50,scenario3_repeated_spike,SAC,150,136.92890618662258,1,0.1597923295224082,0.2478338636179266,0.5,0.5,-0.20381309657016738,0.6825258731842041,0.01473225187510252,0.04407177492976189,,,1.0,spike
2471,50,scenario3_repeated_spike,SAC,150,136.23601556796032,1,0.15954036929744012,0.24763229543795212,0.5,0.5,-0.20358633236769613,0.704969048500061,0.007480333559215069,0.028700266033411026,,,1.0,spike
2472,50,scenario3_repeated_spike,SAC,150,135.61241401116428,1,0.15931360509496884,0.2474508840759751,0.5,0.5,-0.20338224458547197,0.7465722560882568,0.0019852963741868734,0.018970999866724014,,,1.0,spike
2473,50,scenario3_repeated_spike,SAC,150,135.05117261004784,1,0.15910951731274467,0.24728761385019576,0.5,0.5,-0.2031985655814702,0.577448844909668,0.006538146175444126,0.030628329142928123,,,1.0,spike
2474,50,scenario3_repeated_spike,SAC,150,140.54605534904306,0,0.16784128459315192,0.5685460553490431,0.5,0.5,-0.36819366997109754,0.6346617341041565,0.006825290620326996,0.030537348240613937,,,1.0,spike
2475,50,scenario3_repeated_spike,SAC,150,139.49144981413878,1,0.16072416356877775,0.2485793308550222,0.5,0.5,-0.2046517472119,0.5719772577285767,0.008397205732762814,0.0338904969394207,,,1.0,spike
2476,50,scenario3_repeated_spike,SAC,150,138.54230483272488,1,0.16037901993917267,0.24830321595133814,0.5,0.5,-0.2043411179452554,0.6381351947784424,0.004116198047995567,0.02312653698027134,,,1.0,spike
2477,50,scenario3_repeated_spike,SAC,150,137.6880743494524,1,0.16006839067252812,0.24805471253802253,0.5,0.5,-0.20406155160527534,0.41803494095802307,0.0006098281592130661,0.009068967774510384,,,1.0,spike
2478,50,scenario3_repeated_spike,SAC,150,136.91926691450715,1,0.15978882433254804,0.24783105946603845,0.5,0.5,-0.20380994189929325,0.4706111252307892,0.0015971248503774405,0.011930195614695549,,,1.0,spike
2479,50,scenario3_repeated_spike,SAC,150,136.22734022305644,1,0.159537214626566,0.24762977170125283,0.5,0.5,-0.20358349316390942,0.3836666941642761,0.0022163221146911383,0.014580361545085907,,,1.0,spike
2480,50,scenario3_repeated_spike,SAC,150,141.60460620075082,0,0.16850287887546928,0.5696046062007508,0.5,0.5,-0.3690537425381101,0.5983211994171143,0.003622235730290413,0.018592871725559235,,,1.0,spike
2481,50,scenario3_repeated_spike,SAC,150,140.44414558067575,1,0.161070598392973,0.24885647871437844,0.5,0.5,-0.20496353855367572,0.4738084077835083,0.0012237667106091976,0.012096775695681572,,,1.0,spike
2482,50,scenario3_repeated_spike,SAC,150,139.3997310226082,1,0.16069081128094845,0.24855264902475876,0.5,0.5,-0.20462173015285362,0.39757704734802246,0.00292837992310524,0.01753021404147148,,,1.0,spike
2483,50,scenario3_repeated_spike,SAC,150,138.45975792034739,1,0.16034900288012632,0.24827920230410105,0.5,0.5,-0.2043141025921137,0.588344395160675,0.00611030962318182,0.024891935288906097,,,1.0,spike
2484,50,scenario3_repeated_spike,SAC,150,137.61378212831266,1,0.16004137531938642,0.24803310025550918,0.5,0.5,-0.2040372377874478,0.3759796619415283,0.0018717536004260182,0.01420335192233324,,,1.0,spike
2485,50,scenario3_repeated_spike,SAC,150,136.8524039154814,1,0.15976451051472051,0.2478116084117764,0.5,0.5,-0.20378805946324846,0.58097243309021,0.0073425788432359695,0.025068914517760277,,,1.0,spike
2486,50,scenario3_repeated_spike,SAC,150,142.16716352393325,0,0.1688544772024583,0.5701671635239333,0.5,0.5,-0.36951082036319577,0.46803030371665955,0.005281887948513031,0.028101051226258278,,,1.0,spike
2487,50,scenario3_repeated_spike,SAC,150,140.95044717153993,1,0.16125470806237815,0.24900376644990252,0.5,0.5,-0.20512923725614035,0.2513311207294464,0.005475915968418121,0.02528035268187523,,,1.0,spike
2488,50,scenario3_repeated_spike,SAC,150,139.85540245438594,1,0.16085650998341308,0.2486852079867305,0.5,0.5,-0.2047708589850718,0.8452566266059875,0.018456602469086647,0.032262615859508514,,,1.0,spike
2489,50,scenario3_repeated_spike,SAC,150,144.86986220894735,0,0.1705436638805921,0.5728698622089474,0.5,0.5,-0.3717067630447698,0.8135257363319397,0.004874720238149166,0.03138589859008789,,,1.0,spike
2490,50,scenario3_repeated_spike,SAC,150,143.38287598805263,1,0.16213922763201916,0.24971138210561533,0.5,0.5,-0.20592530486881724,0.42580002546310425,0.007543389685451984,0.019781094044446945,,,1.0,spike
2491,50,scenario3_repeated_spike,SAC,150,142.04458838924737,1,0.16165257759608995,0.24932206207687196,0.5,0.5,-0.20548731983648094,0.3536989986896515,0.00882167648524046,0.034906789660453796,,,1.0,spike
2492,50,scenario3_repeated_spike,SAC,150,140.84012955032262,1,0.16121459256375367,0.24897167405100296,0.5,0.5,-0.20509313330737833,0.5203943848609924,0.010061869397759438,0.04224402457475662,,,1.0,spike
2493,50,scenario3_repeated_spike,SAC,150,145.75611659529034,0,0.17109757287205649,0.5737561165952904,0.5,0.5,-0.37242684473367343,0.6168565154075623,0.009198334068059921,0.03717447444796562,,,1.0,spike
2494,50,scenario3_repeated_spike,SAC,150,144.18050493576132,1,0.16242927452209505,0.24994341961767608,0.5,0.5,-0.20618634706988556,0.6045522689819336,0.017417244613170624,0.03777536749839783,,,1.0,spike
2495,50,scenario3_repeated_spike,SAC,150,142.7624544421852,1,0.16191361979715826,0.24953089583772664,0.5,0.5,-0.20572225781744247,0.8378605246543884,0.006863725837320089,0.03808160871267319,,,1.0,spike
2496,50,scenario3_repeated_spike,SAC,150,141.48620899796668,1,0.16144953054471514,0.2491596244357721,0.5,0.5,-0.2053045774902436,0.4172818064689636,0.0034610815346240997,0.01751646213233471,,,1.0,spike
2497,50,scenario3_repeated_spike,SAC,150,140.33758809817002,1,0.16103185021751634,0.24882548017401307,0.5,0.5,-0.2049286651957647,0.3630317747592926,0.009166033938527107,0.034201763570308685,,,1.0,spike
2498,50,scenario3_repeated_spike,SAC,150,145.30382928835303,0,0.17081489330522065,0.573303829288353,0.5,0.5,-0.37205936129678685,0.7724275588989258,0.01837208680808544,0.056587375700473785,,,1.0,spike
2499,50,scenario3_repeated_spike,SAC,150,149.77344635951772,0,0.1736084039746986,0.5777734463595178,0.5,0.5,-0.37569092516710817,0.7185071706771851,0.01123102568089962,0.04094874858856201,,,1.0,spike
2500,50,scenario3_repeated_spike,SAC,50,129.79610172356595,1,0.13719858244493308,0.14975886595594648,0.5,0.5,-0.14347872420043978,0.2491992563009262,0.0019102590158581734,0.013841114938259125,,,1.0,normal
2501,50,scenario3_repeated_spike,SAC,50,117.81649155120937,0,0.13363530721950587,0.3138164915512094,0.5,0.5,-0.22372589938535764,0.7843871116638184,0.018682433292269707,0.06037237122654915,,,1.0,normal
2502,50,scenario3_repeated_spike,SAC,50,107.03484239608844,0,0.1268967764975553,0.30303484239608847,0.5,0.5,-0.21496580944682186,0.8888599872589111,0.04810130223631859,0.08644799888134003,,,1.0,normal
2503,50,scenario3_repeated_spike,SAC,50,97.3313581564796,0,0.12083209884779976,0.2933313581564796,0.5,0.5,-0.20708172850213968,0.7850341200828552,0.04301285743713379,0.08133638650178909,,,1.0,normal
2504,50,scenario3_repeated_spike,SAC,50,82.59822234083164,1,0.12003571721484788,0.1360285737718783,0.5,0.5,-0.1280321454933631,0.6413459181785583,0.026755813509225845,0.06531171500682831,,,1.0,normal
2505,50,scenario3_repeated_spike,SAC,50,69.33840010674848,1,0.11521396367518126,0.13217117094014502,0.5,0.5,-0.12369256730766315,0.5918490290641785,0.007793325465172529,0.0353347547352314,,,1.0,normal
2506,50,scenario3_repeated_spike,SAC,50,63.404560096073624,0,0.09962785006004601,0.2594045600960736,0.5,0.5,-0.17951620507805982,0.524946928024292,0.01126284059137106,0.039011500775814056,,,1.0,normal
2507,50,scenario3_repeated_spike,SAC,50,58.06410408646627,0,0.09629006505404142,0.2540641040864663,0.5,0.5,-0.17517708457025385,0.33319997787475586,0.005629715509712696,0.028518477454781532,,,1.0,normal
2508,50,scenario3_repeated_spike,SAC,50,53.257693677819645,0,0.09328605854863728,0.24925769367781966,0.5,0.5,-0.17127187611322847,0.9911440014839172,0.00312695000320673,0.02144267037510872,,,1.0,normal
2509,50,scenario3_repeated_spike,SAC,50,42.93192431003768,1,0.10561160884001371,0.12448928707201098,0.5,0.5,-0.11505044795601235,0.7385347485542297,0.017617518082261086,0.058209531009197235,,,1.0,normal
2510,50,scenario3_repeated_spike,SAC,50,33.63873187903391,1,0.10223226613783051,0.12178581291026441,0.5,0.5,-0.11200903952404746,0.5520534515380859,0.024479808285832405,0.061275456100702286,,,1.0,normal
2511,50,scenario3_repeated_spike,SAC,50,31.274858691130518,0,0.07954678668195658,0.22727485869113054,0.5,0.5,-0.15341082268654355,0.3232068419456482,0.018316350877285004,0.04675520956516266,,,1.0,normal
2512,50,scenario3_repeated_spike,SAC,50,23.147372822017466,1,0.09841722648073363,0.11873378118458691,0.5,0.5,-0.10857550383266026,0.7831286787986755,0.010974142700433731,0.040629416704177856,,,1.0,normal
2513,50,scenario3_repeated_spike,SAC,50,21.83263553981572,0,0.07364539721238482,0.21783263553981572,0.5,0.5,-0.14573901637610026,0.25859329104423523,0.013168061152100563,0.037147678434848785,,,1.0,normal
2514,50,scenario3_repeated_spike,SAC,50,20.649371985834147,0,0.07290585749114635,0.21664937198583417,0.5,0.5,-0.14477761473849027,0.3733440637588501,0.017722852528095245,0.03997461497783661,,,1.0,normal
2515,50,scenario3_repeated_spike,SAC,50,13.584434787250732,1,0.09493979446809117,0.11595183557447294,0.5,0.5,-0.10544581502128206,0.46891456842422485,0.026684202253818512,0.058943022042512894,,,1.0,normal
2516,50,scenario3_repeated_spike,SAC,50,7.225991308525657,1,0.09262763320310023,0.11410210656248018,0.5,0.5,-0.1033648698827902,0.5701334476470947,0.019799398258328438,0.055683817714452744,,,1.0,normal
2517,50,scenario3_repeated_spike,SAC,50,1.503392177673092,1,0.09054668806460839,0.11243735045168671,0.5,0.5,-0.10149201925814755,0.7210552096366882,0.0075760711915791035,0.027621062472462654,,,1.0,normal
2518,50,scenario3_repeated_spike,SAC,50,0.0,1,0.09,0.11199999999999999,0.5,0.5,-0.10099999999999999,0.9658282399177551,0.02748972550034523,0.06825368106365204,,,1.0,normal
2519,50,scenario3_repeated_spike,SAC,50,0.0,1,0.09,0.11199999999999999,0.5,0.5,-0.10099999999999999,0.8187386989593506,0.037205711007118225,0.07343699783086777,,,1.0,normal
2520,50,scenario3_repeated_spike,SAC,50,0.0,1,0.09,0.11199999999999999,0.5,0.5,-0.10099999999999999,0.3018043041229248,0.0330057330429554,0.052585747092962265,,,1.0,normal
2521,50,scenario3_repeated_spike,SAC,50,0.0,1,0.09,0.11199999999999999,0.5,0.5,-0.10099999999999999,0.4167387783527374,0.021846774965524673,0.05739831179380417,,,1.0,normal
2522,50,scenario3_repeated_spike,SAC,50,0.0,1,0.09,0.11199999999999999,0.5,0.5,-0.10099999999999999,0.2778381109237671,0.009162805043160915,0.03486240282654762,,,1.0,normal
2523,50,scenario3_repeated_spike,SAC,50,0.0,1,0.09,0.11199999999999999,0.5,0.5,-0.10099999999999999,0.7330412864685059,0.01699983701109886,0.052497003227472305,,,1.0,normal
2524,50,scenario3_repeated_spike,SAC,50,0.0,1,0.09,0.11199999999999999,0.5,0.5,-0.10099999999999999,0.73003751039505,0.030689651146531105,0.06286866217851639,,,1.0,normal
2525,50,scenario3_repeated_spike,SAC,50,0.0,1,0.09,0.11199999999999999,0.5,0.5,-0.10099999999999999,0.4544885754585266,0.029658243060112,0.06792524456977844,,,1.0,normal
2526,50,scenario3_repeated_spike,SAC,50,1.0,0,0.060625,0.197,0.5,0.5,-0.1288125,0.6475657224655151,0.033305518329143524,0.07562711834907532,,,1.0,normal
2527,50,scenario3_repeated_spike,SAC,50,0.0,1,0.09,0.11199999999999999,0.5,0.5,-0.10099999999999999,0.6013695597648621,0.01962626352906227,0.053083356469869614,,,1.0,normal
2528,50,scenario3_repeated_spike,SAC,50,0.0,1,0.09,0.11199999999999999,0.5,0.5,-0.10099999999999999,0.71598219871521,0.021693848073482513,0.06421174108982086,,,1.0,normal
2529,50,scenario3_repeated_spike,SAC,50,1.0,0,0.060625,0.197,0.5,0.5,-0.1288125,0.6456124782562256,0.0328848659992218,0.06579148769378662,,,1.0,normal
2530,50,scenario3_repeated_spike,SAC,50,0.0,1,0.09,0.11199999999999999,0.5,0.5,-0.10099999999999999,0.7658438682556152,0.04314563795924187,0.08269406855106354,,,1.0,normal
2531,50,scenario3_repeated_spike,SAC,50,0.0,1,0.09,0.11199999999999999,0.5,0.5,-0.10099999999999999,0.6501872539520264,0.03755033761262894,0.08627647161483765,,,1.0,normal
2532,50,scenario3_repeated_spike,SAC,50,0.0,1,0.09,0.11199999999999999,0.5,0.5,-0.10099999999999999,0.5845094919204712,0.021963102743029594,0.059906940907239914,,,1.0,normal
2533,50,scenario3_repeated_spike,SAC,50,1.0,0,0.060625,0.197,0.5,0.5,-0.1288125,0.48407942056655884,0.020623832941055298,0.05943228304386139,,,1.0,normal
2534,50,scenario3_repeated_spike,SAC,50,1.9000000000000004,0,0.0611875,0.19790000000000002,0.5,0.5,-0.12954375,0.7751333117485046,0.0348975844681263,0.07078562676906586,,,1.0,normal
2535,50,scenario3_repeated_spike,SAC,50,0.0,1,0.09,0.11199999999999999,0.5,0.5,-0.10099999999999999,0.4498807489871979,0.031208720058202744,0.0645957812666893,,,1.0,normal
2536,50,scenario3_repeated_spike,SAC,50,0.0,1,0.09,0.11199999999999999,0.5,0.5,-0.10099999999999999,0.5552653074264526,0.014403842389583588,0.0472320020198822,,,1.0,normal
2537,50,scenario3_repeated_spike,SAC,50,1.0,0,0.060625,0.197,0.5,0.5,-0.1288125,0.6507911682128906,0.005633873399347067,0.029206395149230957,,,1.0,normal
2538,50,scenario3_repeated_spike,SAC,50,0.0,1,0.09,0.11199999999999999,0.5,0.5,-0.10099999999999999,0.5918347239494324,0.028023747727274895,0.05184704065322876,,,1.0,normal
2539,50,scenario3_repeated_spike,SAC,50,0.0,1,0.09,0.11199999999999999,0.5,0.5,-0.10099999999999999,0.8913981318473816,0.02627451904118061,0.0712037906050682,,,1.0,normal
2540,50,scenario3_repeated_spike,SAC,50,0.0,1,0.09,0.11199999999999999,0.5,0.5,-0.10099999999999999,0.5838255882263184,0.02235114946961403,0.05876525491476059,,,1.0,normal
2541,50,scenario3_repeated_spike,SAC,50,0.0,1,0.09,0.11199999999999999,0.5,0.5,-0.10099999999999999,0.501656711101532,0.00382300210185349,0.02334025129675865,,,1.0,normal
2542,50,scenario3_repeated_spike,SAC,50,0.0,1,0.09,0.11199999999999999,0.5,0.5,-0.10099999999999999,0.6430222392082214,0.025321081280708313,0.05875933915376663,,,1.0,normal
2543,50,scenario3_repeated_spike,SAC,50,1.0,0,0.060625,0.197,0.5,0.5,-0.1288125,0.25701704621315,0.01754571683704853,0.04449882730841637,,,1.0,normal
2544,50,scenario3_repeated_spike,SAC,50,0.0,1,0.09,0.11199999999999999,0.5,0.5,-0.10099999999999999,0.7704331278800964,0.020448248833417892,0.05835192650556564,,,1.0,normal
2545,50,scenario3_repeated_spike,SAC,50,1.0,0,0.060625,0.197,0.5,0.5,-0.1288125,0.6260044574737549,0.009154708124697208,0.033276960253715515,,,1.0,normal
2546,50,scenario3_repeated_spike,SAC,50,0.0,1,0.09,0.11199999999999999,0.5,0.5,-0.10099999999999999,0.19391301274299622,0.009803121909499168,0.033159468322992325,,,1.0,normal
2547,50,scenario3_repeated_spike,SAC,50,1.0,0,0.060625,0.197,0.5,0.5,-0.1288125,0.6461073756217957,0.020656399428844452,0.0635468065738678,,,1.0,normal
2548,50,scenario3_repeated_spike,SAC,50,1.9000000000000004,0,0.0611875,0.19790000000000002,0.5,0.5,-0.12954375,0.6397234797477722,0.021358782425522804,0.06361191719770432,,,1.0,normal
2549,50,scenario3_repeated_spike,SAC,50,2.710000000000001,0,0.061693750000000006,0.19871000000000003,0.5,0.5,-0.13020187500000002,0.5393325686454773,0.011553442105650902,0.03149915486574173,,,1.0,normal
2550,50,scenario3_repeated_spike,SAC,50,0.0,1,0.09,0.11199999999999999,0.5,0.5,-0.10099999999999999,0.2802390158176422,0.009044836275279522,0.03383130207657814,,,1.0,normal
2551,50,scenario3_repeated_spike,SAC,50,0.0,1,0.09,0.11199999999999999,0.5,0.5,-0.10099999999999999,0.39280426502227783,0.01360611617565155,0.04370313137769699,,,1.0,normal
2552,50,scenario3_repeated_spike,SAC,50,1.0,0,0.060625,0.197,0.5,0.5,-0.1288125,0.6457279920578003,0.01390807144343853,0.05418193340301514,,,1.0,normal
2553,50,scenario3_repeated_spike,SAC,50,0.0,1,0.09,0.11199999999999999,0.5,0.5,-0.10099999999999999,0.41605696082115173,0.016048165038228035,0.04013406112790108,,,1.0,normal
2554,50,scenario3_repeated_spike,SAC,50,1.0,0,0.060625,0.197,0.5,0.5,-0.1288125,0.6647813320159912,0.0206921324133873,0.05785936862230301,,,1.0,normal
2555,50,scenario3_repeated_spike,SAC,50,1.9000000000000004,0,0.0611875,0.19790000000000002,0.5,0.5,-0.12954375,0.5549188256263733,0.010905716568231583,0.041551463305950165,,,1.0,normal
2556,50,scenario3_repeated_spike,SAC,50,0.0,1,0.09,0.11199999999999999,0.5,0.5,-0.10099999999999999,0.38891541957855225,0.004796988796442747,0.023132164031267166,,,1.0,normal
2557,50,scenario3_repeated_spike,SAC,50,1.0,0,0.060625,0.197,0.5,0.5,-0.1288125,0.44022074341773987,0.00593982171267271,0.03164001926779747,,,1.0,normal
2558,50,scenario3_repeated_spike,SAC,50,0.0,1,0.09,0.11199999999999999,0.5,0.5,-0.10099999999999999,0.376244455575943,0.010518182069063187,0.04132428392767906,,,1.0,normal
2559,50,scenario3_repeated_spike,SAC,50,0.0,1,0.09,0.11199999999999999,0.5,0.5,-0.10099999999999999,0.5196323990821838,0.007652598433196545,0.035874512046575546,,,1.0,normal
2560,50,scenario3_repeated_spike,SAC,50,1.0,0,0.060625,0.197,0.5,0.5,-0.1288125,0.5238892436027527,0.010159676894545555,0.029096366837620735,,,1.0,normal
2561,50,scenario3_repeated_spike,SAC,50,1.9000000000000004,0,0.0611875,0.19790000000000002,0.5,0.5,-0.12954375,0.7462018728256226,0.00918840616941452,0.04365307837724686,,,1.0,normal
2562,50,scenario3_repeated_spike,SAC,50,0.0,1,0.09,0.11199999999999999,0.5,0.5,-0.10099999999999999,0.4162476658821106,0.007250732742249966,0.033046893775463104,,,1.0,normal
2563,50,scenario3_repeated_spike,SAC,50,1.0,0,0.060625,0.197,0.5,0.5,-0.1288125,0.6624029874801636,0.013169799000024796,0.046763814985752106,,,1.0,normal
2564,50,scenario3_repeated_spike,SAC,50,1.9000000000000004,0,0.0611875,0.19790000000000002,0.5,0.5,-0.12954375,0.4941749572753906,0.0093936026096344,0.03909839317202568,,,1.0,normal
2565,50,scenario3_repeated_spike,SAC,50,2.710000000000001,0,0.061693750000000006,0.19871000000000003,0.5,0.5,-0.13020187500000002,0.5234784483909607,0.009564178995788097,0.039510373026132584,,,1.0,normal
2566,50,scenario3_repeated_spike,SAC,50,3.439,0,0.062149375,0.199439,0.5,0.5,-0.1307941875,0.5948541164398193,0.006091589108109474,0.03421904891729355,,,1.0,normal
2567,50,scenario3_repeated_spike,SAC,50,0.0,1,0.09,0.11199999999999999,0.5,0.5,-0.10099999999999999,0.8340618014335632,0.008344650268554688,0.033932097256183624,,,1.0,normal
2568,50,scenario3_repeated_spike,SAC,50,1.0,0,0.060625,0.197,0.5,0.5,-0.1288125,0.6347806453704834,0.01887739822268486,0.04451052099466324,,,1.0,normal
2569,50,scenario3_repeated_spike,SAC,50,0.0,1,0.09,0.11199999999999999,0.5,0.5,-0.10099999999999999,0.5940682291984558,0.01886744052171707,0.05750668793916702,,,1.0,normal
2570,50,scenario3_repeated_spike,SAC,50,1.0,0,0.060625,0.197,0.5,0.5,-0.1288125,0.4692191183567047,0.0116815697401762,0.044091880321502686,,,1.0,normal
2571,50,scenario3_repeated_spike,SAC,50,1.9000000000000004,0,0.0611875,0.19790000000000002,0.5,0.5,-0.12954375,0.7064545750617981,0.03137081488966942,0.05501704290509224,,,1.0,normal
2572,50,scenario3_repeated_spike,SAC,50,2.710000000000001,0,0.061693750000000006,0.19871000000000003,0.5,0.5,-0.13020187500000002,0.5219587087631226,0.011581756174564362,0.03321821987628937,,,1.0,normal
2573,50,scenario3_repeated_spike,SAC,50,3.439,0,0.062149375,0.199439,0.5,0.5,-0.1307941875,0.6601281762123108,0.005317671224474907,0.03244580328464508,,,1.0,normal
2574,50,scenario3_repeated_spike,SAC,50,4.0951,0,0.06255943750000001,0.20009510000000003,0.5,0.5,-0.13132726875,0.4958411753177643,0.00720363762229681,0.03211396187543869,,,1.0,normal
2575,50,scenario3_repeated_spike,SAC,50,0.0,1,0.09,0.11199999999999999,0.5,0.5,-0.10099999999999999,0.7817548513412476,0.011358078569173813,0.04348438233137131,,,1.0,normal
2576,50,scenario3_repeated_spike,SAC,50,0.0,1,0.09,0.11199999999999999,0.5,0.5,-0.10099999999999999,0.6568564772605896,0.018621034920215607,0.044059980660676956,,,1.0,normal
2577,50,scenario3_repeated_spike,SAC,50,1.0,0,0.060625,0.197,0.5,0.5,-0.1288125,0.870304524898529,0.006029221229255199,0.03221188485622406,,,1.0,normal
2578,50,scenario3_repeated_spike,SAC,50,1.9000000000000004,0,0.0611875,0.19790000000000002,0.5,0.5,-0.12954375,1.0451035499572754,0.0077139753848314285,0.0427660271525383,,,1.0,normal
2579,50,scenario3_repeated_spike,SAC,50,0.0,1,0.09,0.11199999999999999,0.5,0.5,-0.10099999999999999,0.1613290011882782,0.015092097222805023,0.026155337691307068,,,1.0,normal
2580,50,scenario3_repeated_spike,SAC,50,1.0,0,0.060625,0.197,0.5,0.5,-0.1288125,0.3537191152572632,0.0031404243782162666,0.021480370312929153,,,1.0,normal
2581,50,scenario3_repeated_spike,SAC,50,1.9000000000000004,0,0.0611875,0.19790000000000002,0.5,0.5,-0.12954375,0.5429003834724426,0.005882797762751579,0.03382565826177597,,,1.0,normal
2582,50,scenario3_repeated_spike,SAC,50,0.0,1,0.09,0.11199999999999999,0.5,0.5,-0.10099999999999999,0.7419103384017944,0.010395469143986702,0.0416729599237442,,,1.0,normal
2583,50,scenario3_repeated_spike,SAC,50,1.0,0,0.060625,0.197,0.5,0.5,-0.1288125,0.5631450414657593,0.008935005404055119,0.03444591164588928,,,1.0,normal
2584,50,scenario3_repeated_spike,SAC,50,1.9000000000000004,0,0.0611875,0.19790000000000002,0.5,0.5,-0.12954375,0.36659640073776245,0.006371101830154657,0.026211243122816086,,,1.0,normal
2585,50,scenario3_repeated_spike,SAC,50,0.0,1,0.09,0.11199999999999999,0.5,0.5,-0.10099999999999999,0.3932787775993347,0.0070297596976161,0.031672656536102295,,,1.0,normal
2586,50,scenario3_repeated_spike,SAC,50,1.0,0,0.060625,0.197,0.5,0.5,-0.1288125,0.7513864040374756,0.00886922050267458,0.03792756795883179,,,1.0,normal
2587,50,scenario3_repeated_spike,SAC,50,0.0,1,0.09,0.11199999999999999,0.5,0.5,-0.10099999999999999,0.6344125270843506,0.006958456709980965,0.03147017955780029,,,1.0,normal
2588,50,scenario3_repeated_spike,SAC,50,0.0,1,0.09,0.11199999999999999,0.5,0.5,-0.10099999999999999,0.7318726181983948,0.007495181635022163,0.030934074893593788,,,1.0,normal
2589,50,scenario3_repeated_spike,SAC,50,0.0,1,0.09,0.11199999999999999,0.5,0.5,-0.10099999999999999,0.9311807751655579,0.006476258859038353,0.037456706166267395,,,1.0,normal
2590,50,scenario3_repeated_spike,SAC,50,1.0,0,0.060625,0.197,0.5,0.5,-0.1288125,0.39475318789482117,0.004132275469601154,0.023942993953824043,,,1.0,normal
2591,50,scenario3_repeated_spike,SAC,50,1.9000000000000004,0,0.0611875,0.19790000000000002,0.5,0.5,-0.12954375,0.4303368926048279,0.004109947010874748,0.025005966424942017,,,1.0,normal
2592,50,scenario3_repeated_spike,SAC,50,2.710000000000001,0,0.061693750000000006,0.19871000000000003,0.5,0.5,-0.13020187500000002,0.37699946761131287,0.0017998038092628121,0.016764221712946892,,,1.0,normal
2593,50,scenario3_repeated_spike,SAC,50,3.439,0,0.062149375,0.199439,0.5,0.5,-0.1307941875,0.8468511700630188,0.0035525276325643063,0.02139105275273323,,,1.0,normal
2594,50,scenario3_repeated_spike,SAC,50,4.0951,0,0.06255943750000001,0.20009510000000003,0.5,0.5,-0.13132726875,0.32292401790618896,0.0035576000809669495,0.021147431805729866,,,1.0,normal
2595,50,scenario3_repeated_spike,SAC,50,0.0,1,0.09,0.11199999999999999,0.5,0.5,-0.10099999999999999,0.6150663495063782,0.005605209618806839,0.027364138513803482,,,1.0,normal
2596,50,scenario3_repeated_spike,SAC,50,1.0,0,0.060625,0.197,0.5,0.5,-0.1288125,0.6680349111557007,0.00613801833242178,0.028044814243912697,,,1.0,normal
2597,50,scenario3_repeated_spike,SAC,50,0.0,1,0.09,0.11199999999999999,0.5,0.5,-0.10099999999999999,0.4440992772579193,0.004558496177196503,0.020090561360120773,,,1.0,normal
2598,50,scenario3_repeated_spike,SAC,50,0.0,1,0.09,0.11199999999999999,0.5,0.5,-0.10099999999999999,0.1274239867925644,0.004074819386005402,0.01825898140668869,,,1.0,normal
2599,50,scenario3_repeated_spike,SAC,50,0.0,1,0.09,0.11199999999999999,0.5,0.5,-0.10099999999999999,0.4860146939754486,0.007184213493019342,0.027562392875552177,,,1.0,normal
2600,50,scenario3_repeated_spike,SAC,50,1.0,0,0.060625,0.197,0.5,0.5,-0.1288125,0.7927672863006592,0.012256523594260216,0.030606303364038467,,,1.0,normal
2601,50,scenario3_repeated_spike,SAC,50,0.0,1,0.09,0.11199999999999999,0.5,0.5,-0.10099999999999999,0.4272869825363159,0.003524718340486288,0.01479298248887062,,,1.0,normal
2602,50,scenario3_repeated_spike,SAC,50,0.0,1,0.09,0.11199999999999999,0.5,0.5,-0.10099999999999999,0.5193186402320862,0.012000429444015026,0.03721703588962555,,,1.0,normal
2603,50,scenario3_repeated_spike,SAC,50,0.0,1,0.09,0.11199999999999999,0.5,0.5,-0.10099999999999999,0.44152477383613586,0.008413810282945633,0.029133016243577003,,,1.0,normal
2604,50,scenario3_repeated_spike,SAC,50,0.0,1,0.09,0.11199999999999999,0.5,0.5,-0.10099999999999999,0.25627973675727844,0.00992494821548462,0.027810262516140938,,,1.0,normal
2605,50,scenario3_repeated_spike,SAC,50,1.0,0,0.060625,0.197,0.5,0.5,-0.1288125,0.5996899604797363,0.01358309667557478,0.04909346625208855,,,1.0,normal
2606,50,scenario3_repeated_spike,SAC,50,0.0,1,0.09,0.11199999999999999,0.5,0.5,-0.10099999999999999,0.6024007201194763,0.017536208033561707,0.036842118948698044,,,1.0,normal
2607,50,scenario3_repeated_spike,SAC,50,0.0,1,0.09,0.11199999999999999,0.5,0.5,-0.10099999999999999,0.4556427001953125,0.014407575130462646,0.026436425745487213,,,1.0,normal
2608,50,scenario3_repeated_spike,SAC,50,0.0,1,0.09,0.11199999999999999,0.5,0.5,-0.10099999999999999,0.9533963203430176,0.018012266606092453,0.05005593225359917,,,1.0,normal
2609,50,scenario3_repeated_spike,SAC,50,1.0,0,0.060625,0.197,0.5,0.5,-0.1288125,0.6008630394935608,0.005178444087505341,0.02298002317547798,,,1.0,normal
2610,50,scenario3_repeated_spike,SAC,50,1.9000000000000004,0,0.0611875,0.19790000000000002,0.5,0.5,-0.12954375,0.49674567580223083,0.0025761283468455076,0.0222654789686203,,,1.0,normal
2611,50,scenario3_repeated_spike,SAC,50,0.0,1,0.09,0.11199999999999999,0.5,0.5,-0.10099999999999999,0.42520540952682495,0.01027120091021061,0.03062775358557701,,,1.0,normal
2612,50,scenario3_repeated_spike,SAC,50,0.0,1,0.09,0.11199999999999999,0.5,0.5,-0.10099999999999999,0.5802025198936462,0.0017830770229920745,0.016412625089287758,,,1.0,normal
2613,50,scenario3_repeated_spike,SAC,50,0.0,1,0.09,0.11199999999999999,0.5,0.5,-0.10099999999999999,0.6286445260047913,0.0036471872590482235,0.019584840163588524,,,1.0,normal
2614,50,scenario3_repeated_spike,SAC,50,0.0,1,0.09,0.11199999999999999,0.5,0.5,-0.10099999999999999,0.4325997531414032,0.009393647313117981,0.033074986189603806,,,1.0,normal
2615,50,scenario3_repeated_spike,SAC,50,1.0,0,0.060625,0.197,0.5,0.5,-0.1288125,0.4836368262767792,0.003295635338872671,0.021374735981225967,,,1.0,normal
2616,50,scenario3_repeated_spike,SAC,50,1.9000000000000004,0,0.0611875,0.19790000000000002,0.5,0.5,-0.12954375,0.36081182956695557,0.0031055589206516743,0.02085510641336441,,,1.0,normal
2617,50,scenario3_repeated_spike,SAC,50,2.710000000000001,0,0.061693750000000006,0.19871000000000003,0.5,0.5,-0.13020187500000002,0.5703269243240356,0.004398592747747898,0.027035241946578026,,,1.0,normal
2618,50,scenario3_repeated_spike,SAC,50,0.0,1,0.09,0.11199999999999999,0.5,0.5,-0.10099999999999999,0.8669323921203613,0.008069627918303013,0.03488531708717346,,,1.0,normal
2619,50,scenario3_repeated_spike,SAC,50,0.0,1,0.09,0.11199999999999999,0.5,0.5,-0.10099999999999999,0.4211798906326294,0.005997817497700453,0.027052637189626694,,,1.0,normal
2620,50,scenario3_repeated_spike,SAC,50,1.0,0,0.060625,0.197,0.5,0.5,-0.1288125,0.6177968382835388,0.01661844737827778,0.034012436866760254,,,1.0,normal
2621,50,scenario3_repeated_spike,SAC,50,0.0,1,0.09,0.11199999999999999,0.5,0.5,-0.10099999999999999,0.6457083225250244,0.01076665148139,0.029400041326880455,,,1.0,normal
2622,50,scenario3_repeated_spike,SAC,50,0.0,1,0.09,0.11199999999999999,0.5,0.5,-0.10099999999999999,0.7253307104110718,0.008951015770435333,0.03856341540813446,,,1.0,normal
2623,50,scenario3_repeated_spike,SAC,50,1.0,0,0.060625,0.197,0.5,0.5,-0.1288125,0.6385108828544617,0.004713676869869232,0.03045831061899662,,,1.0,normal
2624,50,scenario3_repeated_spike,SAC,50,0.0,1,0.09,0.11199999999999999,0.5,0.5,-0.10099999999999999,0.3609275817871094,0.0018610871629789472,0.016472985967993736,,,1.0,normal
2625,50,scenario3_repeated_spike,SAC,50,1.0,0,0.060625,0.197,0.5,0.5,-0.1288125,0.5948030352592468,0.010307642631232738,0.039676692336797714,,,1.0,normal
2626,50,scenario3_repeated_spike,SAC,50,0.0,1,0.09,0.11199999999999999,0.5,0.5,-0.10099999999999999,0.5335914492607117,0.00631301011890173,0.028320102021098137,,,1.0,normal
2627,50,scenario3_repeated_spike,SAC,50,0.0,1,0.09,0.11199999999999999,0.5,0.5,-0.10099999999999999,0.439336895942688,0.005321557633578777,0.02440817281603813,,,1.0,normal
2628,50,scenario3_repeated_spike,SAC,50,0.0,1,0.09,0.11199999999999999,0.5,0.5,-0.10099999999999999,0.7293147444725037,0.011533761397004128,0.03413015231490135,,,1.0,normal
2629,50,scenario3_repeated_spike,SAC,50,1.0,0,0.060625,0.197,0.5,0.5,-0.1288125,0.40439462661743164,0.0019767042249441147,0.01772766187787056,,,1.0,normal
2630,50,scenario3_repeated_spike,SAC,50,1.9000000000000004,0,0.0611875,0.19790000000000002,0.5,0.5,-0.12954375,0.7232762575149536,0.003225425723940134,0.017825506627559662,,,1.0,normal
2631,50,scenario3_repeated_spike,SAC,50,0.0,1,0.09,0.11199999999999999,0.5,0.5,-0.10099999999999999,0.3417297601699829,0.003944814205169678,0.023242585361003876,,,1.0,normal
2632,50,scenario3_repeated_spike,SAC,50,0.0,1,0.09,0.11199999999999999,0.5,0.5,-0.10099999999999999,0.7758603692054749,0.00989140197634697,0.038815099745988846,,,1.0,normal
2633,50,scenario3_repeated_spike,SAC,50,0.0,1,0.09,0.11199999999999999,0.5,0.5,-0.10099999999999999,0.635392427444458,0.007539679761976004,0.031219996511936188,,,1.0,normal
2634,50,scenario3_repeated_spike,SAC,50,0.0,1,0.09,0.11199999999999999,0.5,0.5,-0.10099999999999999,0.5502732992172241,0.0028679119423031807,0.022050458937883377,,,1.0,normal
2635,50,scenario3_repeated_spike,SAC,50,1.0,0,0.060625,0.197,0.5,0.5,-0.1288125,0.4920762777328491,0.005026122089475393,0.023758305236697197,,,1.0,normal
2636,50,scenario3_repeated_spike,SAC,50,1.9000000000000004,0,0.0611875,0.19790000000000002,0.5,0.5,-0.12954375,0.4440520703792572,0.0022465973161160946,0.014431437477469444,,,1.0,normal
2637,50,scenario3_repeated_spike,SAC,50,0.0,1,0.09,0.11199999999999999,0.5,0.5,-0.10099999999999999,0.5314176082611084,0.0034720662515610456,0.02412237972021103,,,1.0,normal
2638,50,scenario3_repeated_spike,SAC,50,1.0,0,0.060625,0.197,0.5,0.5,-0.1288125,0.3791477382183075,0.005560724996030331,0.02633746527135372,,,1.0,normal
2639,50,scenario3_repeated_spike,SAC,50,0.0,1,0.09,0.11199999999999999,0.5,0.5,-0.10099999999999999,0.7081515789031982,0.004210852552205324,0.026292720809578896,,,1.0,normal
2640,50,scenario3_repeated_spike,SAC,50,0.0,1,0.09,0.11199999999999999,0.5,0.5,-0.10099999999999999,0.29011502861976624,0.004086311906576157,0.02443937584757805,,,1.0,normal
2641,50,scenario3_repeated_spike,SAC,50,1.0,0,0.060625,0.197,0.5,0.5,-0.1288125,0.5951451659202576,0.003639289177954197,0.021746400743722916,,,1.0,normal
2642,50,scenario3_repeated_spike,SAC,50,0.0,1,0.09,0.11199999999999999,0.5,0.5,-0.10099999999999999,0.5130245685577393,0.004491774365305901,0.022769132629036903,,,1.0,normal
2643,50,scenario3_repeated_spike,SAC,50,0.0,1,0.09,0.11199999999999999,0.5,0.5,-0.10099999999999999,0.45192497968673706,0.005101796239614487,0.02291806973516941,,,1.0,normal
2644,50,scenario3_repeated_spike,SAC,50,1.0,0,0.060625,0.197,0.5,0.5,-0.1288125,0.38913261890411377,0.0025473926216363907,0.017409110441803932,,,1.0,normal
2645,50,scenario3_repeated_spike,SAC,50,1.9000000000000004,0,0.0611875,0.19790000000000002,0.5,0.5,-0.12954375,0.5573335289955139,0.003887500613927841,0.021716799587011337,,,1.0,normal
2646,50,scenario3_repeated_spike,SAC,50,2.710000000000001,0,0.061693750000000006,0.19871000000000003,0.5,0.5,-0.13020187500000002,0.39499107003211975,0.0014791159192100167,0.01434793695807457,,,1.0,normal
2647,50,scenario3_repeated_spike,SAC,50,3.439,0,0.062149375,0.199439,0.5,0.5,-0.1307941875,0.5372259616851807,0.005688483826816082,0.027784056961536407,,,1.0,normal
2648,50,scenario3_repeated_spike,SAC,50,4.0951,0,0.06255943750000001,0.20009510000000003,0.5,0.5,-0.13132726875,0.4569751024246216,0.0028841388411819935,0.01970689930021763,,,1.0,normal
2649,50,scenario3_repeated_spike,SAC,50,4.685590000000001,0,0.06292849375000001,0.20068559000000002,0.5,0.5,-0.13180704187500003,0.6869901418685913,0.0028625382110476494,0.02116081863641739,,,1.0,normal
2650,50,scenario3_repeated_spike,SAC,50,0.0,1,0.09,0.11199999999999999,0.5,0.5,-0.10099999999999999,0.4706554412841797,0.001304243691265583,0.013544159010052681,,,1.0,normal
2651,50,scenario3_repeated_spike,SAC,50,0.0,1,0.09,0.11199999999999999,0.5,0.5,-0.10099999999999999,0.7654327154159546,0.003339009825140238,0.02308105118572712,,,1.0,normal
2652,50,scenario3_repeated_spike,SAC,50,0.0,1,0.09,0.11199999999999999,0.5,0.5,-0.10099999999999999,0.60334712266922,0.014962667599320412,0.034392066299915314,,,1.0,normal
2653,50,scenario3_repeated_spike,SAC,50,1.0,0,0.060625,0.197,0.5,0.5,-0.1288125,0.5096545219421387,0.0192776620388031,0.03681733459234238,,,1.0,normal
2654,50,scenario3_repeated_spike,SAC,50,0.0,1,0.09,0.11199999999999999,0.5,0.5,-0.10099999999999999,0.4629132151603699,0.004131659399718046,0.02128659188747406,,,1.0,normal
2655,50,scenario3_repeated_spike,SAC,50,0.0,1,0.09,0.11199999999999999,0.5,0.5,-0.10099999999999999,0.6602796316146851,0.006594874430447817,0.029578030109405518,,,1.0,normal
2656,50,scenario3_repeated_spike,SAC,50,0.0,1,0.09,0.11199999999999999,0.5,0.5,-0.10099999999999999,0.06965531408786774,0.006706457585096359,0.01680213212966919,,,1.0,normal
2657,50,scenario3_repeated_spike,SAC,50,1.0,0,0.060625,0.197,0.5,0.5,-0.1288125,0.32462236285209656,0.008876342326402664,0.03326766937971115,,,1.0,normal
2658,50,scenario3_repeated_spike,SAC,50,1.9000000000000004,0,0.0611875,0.19790000000000002,0.5,0.5,-0.12954375,0.34265393018722534,0.003964732401072979,0.023237992078065872,,,1.0,normal
2659,50,scenario3_repeated_spike,SAC,50,0.0,1,0.09,0.11199999999999999,0.5,0.5,-0.10099999999999999,0.4924541413784027,0.004761798307299614,0.02185678482055664,,,1.0,normal
2660,50,scenario3_repeated_spike,SAC,50,0.0,1,0.09,0.11199999999999999,0.5,0.5,-0.10099999999999999,0.5169486403465271,0.013282417319715023,0.03834144398570061,,,1.0,normal
2661,50,scenario3_repeated_spike,SAC,50,1.0,0,0.060625,0.197,0.5,0.5,-0.1288125,0.5521673560142517,0.015210597775876522,0.03495658189058304,,,1.0,normal
2662,50,scenario3_repeated_spike,SAC,50,0.0,1,0.09,0.11199999999999999,0.5,0.5,-0.10099999999999999,0.7797186374664307,0.005665685050189495,0.02909601852297783,,,1.0,normal
2663,50,scenario3_repeated_spike,SAC,50,0.0,1,0.09,0.11199999999999999,0.5,0.5,-0.10099999999999999,0.3231286108493805,0.0029868753626942635,0.018483562394976616,,,1.0,normal
2664,50,scenario3_repeated_spike,SAC,50,0.0,1,0.09,0.11199999999999999,0.5,0.5,-0.10099999999999999,0.4287869334220886,0.015050358138978481,0.02723294124007225,,,1.0,normal
2665,50,scenario3_repeated_spike,SAC,50,0.0,1,0.09,0.11199999999999999,0.5,0.5,-0.10099999999999999,0.4430440366268158,0.003779834369197488,0.021052321419119835,,,1.0,normal
2666,50,scenario3_repeated_spike,SAC,50,1.0,0,0.060625,0.197,0.5,0.5,-0.1288125,0.3727304935455322,0.021127790212631226,0.04172994941473007,,,1.0,normal
2667,50,scenario3_repeated_spike,SAC,50,1.9000000000000004,0,0.0611875,0.19790000000000002,0.5,0.5,-0.12954375,0.5808926820755005,0.009272596798837185,0.03893144428730011,,,1.0,normal
2668,50,scenario3_repeated_spike,SAC,50,2.710000000000001,0,0.061693750000000006,0.19871000000000003,0.5,0.5,-0.13020187500000002,0.58661949634552,0.006309461314231157,0.031924642622470856,,,1.0,normal
2669,50,scenario3_repeated_spike,SAC,50,3.439,0,0.062149375,0.199439,0.5,0.5,-0.1307941875,0.2356686145067215,0.01746401935815811,0.04136117547750473,,,1.0,normal
2670,50,scenario3_repeated_spike,SAC,50,0.0,1,0.09,0.11199999999999999,0.5,0.5,-0.10099999999999999,0.7040608525276184,0.005822271574288607,0.0349486768245697,,,1.0,normal
2671,50,scenario3_repeated_spike,SAC,50,1.0,0,0.060625,0.197,0.5,0.5,-0.1288125,0.8815550804138184,0.003491409821435809,0.027357997372746468,,,1.0,normal
2672,50,scenario3_repeated_spike,SAC,50,0.0,1,0.09,0.11199999999999999,0.5,0.5,-0.10099999999999999,0.43568843603134155,0.005272644106298685,0.0293943602591753,,,1.0,normal
2673,50,scenario3_repeated_spike,SAC,50,1.0,0,0.060625,0.197,0.5,0.5,-0.1288125,0.1891632080078125,0.009810836054384708,0.029098644852638245,,,1.0,normal
2674,50,scenario3_repeated_spike,SAC,50,1.9000000000000004,0,0.0611875,0.19790000000000002,0.5,0.5,-0.12954375,0.7822553515434265,0.015038914978504181,0.05295255407691002,,,1.0,normal
2675,50,scenario3_repeated_spike,SAC,50,0.0,1,0.09,0.11199999999999999,0.5,0.5,-0.10099999999999999,0.5786752104759216,0.008758250623941422,0.036106307059526443,,,1.0,normal
2676,50,scenario3_repeated_spike,SAC,50,1.0,0,0.060625,0.197,0.5,0.5,-0.1288125,0.5859546661376953,0.0040796371176838875,0.027372218668460846,,,1.0,normal
2677,50,scenario3_repeated_spike,SAC,50,0.0,1,0.09,0.11199999999999999,0.5,0.5,-0.10099999999999999,0.26955127716064453,0.003742803819477558,0.015494408085942268,,,1.0,normal
2678,50,scenario3_repeated_spike,SAC,50,0.0,1,0.09,0.11199999999999999,0.5,0.5,-0.10099999999999999,0.19430190324783325,0.015761015936732292,0.027847103774547577,,,1.0,normal
2679,50,scenario3_repeated_spike,SAC,50,0.0,1,0.09,0.11199999999999999,0.5,0.5,-0.10099999999999999,0.7924900650978088,0.012922696769237518,0.03643372654914856,,,1.0,normal
2680,50,scenario3_repeated_spike,SAC,50,0.0,1,0.09,0.11199999999999999,0.5,0.5,-0.10099999999999999,0.7180591225624084,0.005151811521500349,0.02728307619690895,,,1.0,normal
2681,50,scenario3_repeated_spike,SAC,50,1.0,0,0.060625,0.197,0.5,0.5,-0.1288125,0.5076345801353455,0.008297977969050407,0.03448651358485222,,,1.0,normal
2682,50,scenario3_repeated_spike,SAC,50,1.9000000000000004,0,0.0611875,0.19790000000000002,0.5,0.5,-0.12954375,0.4125133752822876,0.007229171693325043,0.033019907772541046,,,1.0,normal
2683,50,scenario3_repeated_spike,SAC,50,0.0,1,0.09,0.11199999999999999,0.5,0.5,-0.10099999999999999,0.45543259382247925,0.0035825204104185104,0.020759299397468567,,,1.0,normal
2684,50,scenario3_repeated_spike,SAC,50,1.0,0,0.060625,0.197,0.5,0.5,-0.1288125,0.27991604804992676,0.01635027676820755,0.04053478688001633,,,1.0,normal
2685,50,scenario3_repeated_spike,SAC,50,0.0,1,0.09,0.11199999999999999,0.5,0.5,-0.10099999999999999,0.7299911975860596,0.020552698522806168,0.06109507009387016,,,1.0,normal
2686,50,scenario3_repeated_spike,SAC,50,1.0,0,0.060625,0.197,0.5,0.5,-0.1288125,0.4069244861602783,0.009078924544155598,0.03733207657933235,,,1.0,normal
2687,50,scenario3_repeated_spike,SAC,50,0.0,1,0.09,0.11199999999999999,0.5,0.5,-0.10099999999999999,0.5733565092086792,0.009850293397903442,0.038721952587366104,,,1.0,normal
2688,50,scenario3_repeated_spike,SAC,50,1.0,0,0.060625,0.197,0.5,0.5,-0.1288125,0.492402583360672,0.007552609778940678,0.028710179030895233,,,1.0,normal
2689,50,scenario3_repeated_spike,SAC,50,0.0,1,0.09,0.11199999999999999,0.5,0.5,-0.10099999999999999,0.434242844581604,0.006330444477498531,0.028167687356472015,,,1.0,normal
2690,50,scenario3_repeated_spike,SAC,50,0.0,1,0.09,0.11199999999999999,0.5,0.5,-0.10099999999999999,0.6208247542381287,0.008730719797313213,0.039034683257341385,,,1.0,normal
2691,50,scenario3_repeated_spike,SAC,50,0.0,1,0.09,0.11199999999999999,0.5,0.5,-0.10099999999999999,0.5349307656288147,0.012810029089450836,0.037897855043411255,,,1.0,normal
2692,50,scenario3_repeated_spike,SAC,50,1.0,0,0.060625,0.197,0.5,0.5,-0.1288125,0.4870215356349945,0.00817854329943657,0.028384100645780563,,,1.0,normal
2693,50,scenario3_repeated_spike,SAC,50,0.0,1,0.09,0.11199999999999999,0.5,0.5,-0.10099999999999999,0.23793339729309082,0.01235679630190134,0.037416450679302216,,,1.0,normal
2694,50,scenario3_repeated_spike,SAC,50,0.0,1,0.09,0.11199999999999999,0.5,0.5,-0.10099999999999999,0.33822107315063477,0.009178418666124344,0.03677604719996452,,,1.0,normal
2695,50,scenario3_repeated_spike,SAC,50,1.0,0,0.060625,0.197,0.5,0.5,-0.1288125,0.47370773553848267,0.003763664048165083,0.025833765044808388,,,1.0,normal
2696,50,scenario3_repeated_spike,SAC,50,1.9000000000000004,0,0.0611875,0.19790000000000002,0.5,0.5,-0.12954375,0.4384536147117615,0.0007677598623558879,0.010555660352110863,,,1.0,normal
2697,50,scenario3_repeated_spike,SAC,50,2.710000000000001,0,0.061693750000000006,0.19871000000000003,0.5,0.5,-0.13020187500000002,0.9447348117828369,0.014528455212712288,0.05676758289337158,,,1.0,normal
2698,50,scenario3_repeated_spike,SAC,50,0.0,1,0.09,0.11199999999999999,0.5,0.5,-0.10099999999999999,0.5736574530601501,0.023974131792783737,0.05146164819598198,,,1.0,normal
2699,50,scenario3_repeated_spike,SAC,50,1.0,0,0.060625,0.197,0.5,0.5,-0.1288125,0.31851568818092346,0.019094498828053474,0.04845735803246498,,,1.0,normal
2700,50,scenario3_repeated_spike,SAC,50,0.0,1,0.09,0.11199999999999999,0.5,0.5,-0.10099999999999999,0.4944671392440796,0.007420964539051056,0.03020002506673336,,,1.0,normal
2701,50,scenario3_repeated_spike,SAC,50,1.0,0,0.060625,0.197,0.5,0.5,-0.1288125,0.35831308364868164,0.0049868240021169186,0.025724567472934723,,,1.0,normal
2702,50,scenario3_repeated_spike,SAC,50,1.9000000000000004,0,0.0611875,0.19790000000000002,0.5,0.5,-0.12954375,0.5369668006896973,0.012928970158100128,0.040976930409669876,,,1.0,normal
2703,50,scenario3_repeated_spike,SAC,50,0.0,1,0.09,0.11199999999999999,0.5,0.5,-0.10099999999999999,0.8470059633255005,0.012761183083057404,0.047102224081754684,,,1.0,normal
2704,50,scenario3_repeated_spike,SAC,50,1.0,0,0.060625,0.197,0.5,0.5,-0.1288125,0.5246161222457886,0.011472675018012524,0.03435550630092621,,,1.0,normal
2705,50,scenario3_repeated_spike,SAC,50,1.9000000000000004,0,0.0611875,0.19790000000000002,0.5,0.5,-0.12954375,0.6352781653404236,0.010042214766144753,0.035429250448942184,,,1.0,normal
2706,50,scenario3_repeated_spike,SAC,50,2.710000000000001,0,0.061693750000000006,0.19871000000000003,0.5,0.5,-0.13020187500000002,0.5500445365905762,0.007854746654629707,0.03337732329964638,,,1.0,normal
2707,50,scenario3_repeated_spike,SAC,50,3.439,0,0.062149375,0.199439,0.5,0.5,-0.1307941875,0.6156580448150635,0.0037709223106503487,0.02002013847231865,,,1.0,normal
2708,50,scenario3_repeated_spike,SAC,50,0.0,1,0.09,0.11199999999999999,0.5,0.5,-0.10099999999999999,0.6305460929870605,0.009935576468706131,0.03710206225514412,,,1.0,normal
2709,50,scenario3_repeated_spike,SAC,50,0.0,1,0.09,0.11199999999999999,0.5,0.5,-0.10099999999999999,0.5087230205535889,0.016848716884851456,0.045483388006687164,,,1.0,normal
2710,50,scenario3_repeated_spike,SAC,50,1.0,0,0.060625,0.197,0.5,0.5,-0.1288125,0.7678707838058472,0.018958933651447296,0.049099862575531006,,,1.0,normal
2711,50,scenario3_repeated_spike,SAC,50,0.0,1,0.09,0.11199999999999999,0.5,0.5,-0.10099999999999999,0.43987977504730225,0.015725497156381607,0.03461028262972832,,,1.0,normal
2712,50,scenario3_repeated_spike,SAC,50,0.0,1,0.09,0.11199999999999999,0.5,0.5,-0.10099999999999999,0.39312490820884705,0.0027697202749550343,0.018190212547779083,,,1.0,normal
2713,50,scenario3_repeated_spike,SAC,50,1.0,0,0.060625,0.197,0.5,0.5,-0.1288125,0.6459683775901794,0.003509610192850232,0.018290527164936066,,,1.0,normal
2714,50,scenario3_repeated_spike,SAC,50,0.0,1,0.09,0.11199999999999999,0.5,0.5,-0.10099999999999999,0.5011540055274963,0.014818552881479263,0.019874973222613335,,,1.0,normal
2715,50,scenario3_repeated_spike,SAC,50,0.0,1,0.09,0.11199999999999999,0.5,0.5,-0.10099999999999999,0.5121311545372009,0.0070183249190449715,0.03170855715870857,,,1.0,normal
2716,50,scenario3_repeated_spike,SAC,50,0.0,1,0.09,0.11199999999999999,0.5,0.5,-0.10099999999999999,0.3764759302139282,0.005877831019461155,0.02465316466987133,,,1.0,normal
2717,50,scenario3_repeated_spike,SAC,50,1.0,0,0.060625,0.197,0.5,0.5,-0.1288125,0.3657626211643219,0.002615395002067089,0.017021523788571358,,,1.0,normal
2718,50,scenario3_repeated_spike,SAC,50,0.0,1,0.09,0.11199999999999999,0.5,0.5,-0.10099999999999999,0.9348558187484741,0.0039757778868079185,0.027122221887111664,,,1.0,normal
2719,50,scenario3_repeated_spike,SAC,50,0.0,1,0.09,0.11199999999999999,0.5,0.5,-0.10099999999999999,0.7987128496170044,0.004385520704090595,0.02346130460500717,,,1.0,normal
2720,50,scenario3_repeated_spike,SAC,50,0.0,1,0.09,0.11199999999999999,0.5,0.5,-0.10099999999999999,0.5297276973724365,0.010481835342943668,0.028119288384914398,,,1.0,normal
2721,50,scenario3_repeated_spike,SAC,50,1.0,0,0.060625,0.197,0.5,0.5,-0.1288125,0.5564387440681458,0.002748960629105568,0.01776421070098877,,,1.0,normal
2722,50,scenario3_repeated_spike,SAC,50,0.0,1,0.09,0.11199999999999999,0.5,0.5,-0.10099999999999999,0.6487323045730591,0.003558908589184284,0.024194497615098953,,,1.0,normal
2723,50,scenario3_repeated_spike,SAC,50,0.0,1,0.09,0.11199999999999999,0.5,0.5,-0.10099999999999999,0.3838506042957306,0.0032795495353639126,0.018049713224172592,,,1.0,normal
2724,50,scenario3_repeated_spike,SAC,50,1.0,0,0.060625,0.197,0.5,0.5,-0.1288125,0.429924875497818,0.010686676017940044,0.03357424959540367,,,1.0,normal
2725,50,scenario3_repeated_spike,SAC,50,0.0,1,0.09,0.11199999999999999,0.5,0.5,-0.10099999999999999,0.5063994526863098,0.005792038049548864,0.02793780341744423,,,1.0,normal
2726,50,scenario3_repeated_spike,SAC,50,0.0,1,0.09,0.11199999999999999,0.5,0.5,-0.10099999999999999,0.5783624649047852,0.007456899154931307,0.019891660660505295,,,1.0,normal
2727,50,scenario3_repeated_spike,SAC,50,1.0,0,0.060625,0.197,0.5,0.5,-0.1288125,0.673955500125885,0.01873677596449852,0.05399366840720177,,,1.0,normal
2728,50,scenario3_repeated_spike,SAC,50,0.0,1,0.09,0.11199999999999999,0.5,0.5,-0.10099999999999999,0.5349485874176025,0.0182400643825531,0.04977225139737129,,,1.0,normal
2729,50,scenario3_repeated_spike,SAC,50,1.0,0,0.060625,0.197,0.5,0.5,-0.1288125,0.8583214282989502,0.01979592815041542,0.06102583557367325,,,1.0,normal
2730,50,scenario3_repeated_spike,SAC,50,1.9000000000000004,0,0.0611875,0.19790000000000002,0.5,0.5,-0.12954375,0.4894290566444397,0.007220750208944082,0.02964894101023674,,,1.0,normal
2731,50,scenario3_repeated_spike,SAC,50,0.0,1,0.09,0.11199999999999999,0.5,0.5,-0.10099999999999999,0.6544828414916992,0.008989700116217136,0.03477953374385834,,,1.0,normal
2732,50,scenario3_repeated_spike,SAC,50,1.0,0,0.060625,0.197,0.5,0.5,-0.1288125,0.4688694477081299,0.01725277490913868,0.03832761198282242,,,1.0,normal
2733,50,scenario3_repeated_spike,SAC,50,0.0,1,0.09,0.11199999999999999,0.5,0.5,-0.10099999999999999,0.8276793956756592,0.02399228885769844,0.05860322713851929,,,1.0,normal
2734,50,scenario3_repeated_spike,SAC,50,0.0,1,0.09,0.11199999999999999,0.5,0.5,-0.10099999999999999,0.6114195585250854,0.015722662210464478,0.04041925072669983,,,1.0,normal
2735,50,scenario3_repeated_spike,SAC,50,1.0,0,0.060625,0.197,0.5,0.5,-0.1288125,0.4850659668445587,0.00891822949051857,0.030753236263990402,,,1.0,normal
2736,50,scenario3_repeated_spike,SAC,50,1.9000000000000004,0,0.0611875,0.19790000000000002,0.5,0.5,-0.12954375,0.42597976326942444,0.022871317341923714,0.04540949687361717,,,1.0,normal
2737,50,scenario3_repeated_spike,SAC,50,2.710000000000001,0,0.061693750000000006,0.19871000000000003,0.5,0.5,-0.13020187500000002,0.350810170173645,0.008932983502745628,0.03372136875987053,,,1.0,normal
2738,50,scenario3_repeated_spike,SAC,50,0.0,1,0.09,0.11199999999999999,0.5,0.5,-0.10099999999999999,0.5211246013641357,0.002078467980027199,0.01699833944439888,,,1.0,normal
2739,50,scenario3_repeated_spike,SAC,50,0.0,1,0.09,0.11199999999999999,0.5,0.5,-0.10099999999999999,0.534241795539856,0.00581760099157691,0.027793467044830322,,,1.0,normal
2740,50,scenario3_repeated_spike,SAC,50,0.0,1,0.09,0.11199999999999999,0.5,0.5,-0.10099999999999999,0.7832303643226624,0.005756273865699768,0.030700966715812683,,,1.0,normal
2741,50,scenario3_repeated_spike,SAC,50,1.0,0,0.060625,0.197,0.5,0.5,-0.1288125,0.38414785265922546,0.004833074752241373,0.022688185796141624,,,1.0,normal
2742,50,scenario3_repeated_spike,SAC,50,1.9000000000000004,0,0.0611875,0.19790000000000002,0.5,0.5,-0.12954375,0.6787225008010864,0.007921312935650349,0.036617476493120193,,,1.0,normal
2743,50,scenario3_repeated_spike,SAC,50,0.0,1,0.09,0.11199999999999999,0.5,0.5,-0.10099999999999999,0.4334990680217743,0.003860462922602892,0.024600692093372345,,,1.0,normal
2744,50,scenario3_repeated_spike,SAC,50,0.0,1,0.09,0.11199999999999999,0.5,0.5,-0.10099999999999999,0.15883760154247284,0.0033310968428850174,0.016298096626996994,,,1.0,normal
2745,50,scenario3_repeated_spike,SAC,50,0.0,1,0.09,0.11199999999999999,0.5,0.5,-0.10099999999999999,0.2630235552787781,0.003671918297186494,0.0223559383302927,,,1.0,normal
2746,50,scenario3_repeated_spike,SAC,50,0.0,1,0.09,0.11199999999999999,0.5,0.5,-0.10099999999999999,0.4710163176059723,0.0022750364150851965,0.019054505974054337,,,1.0,normal
2747,50,scenario3_repeated_spike,SAC,50,0.0,1,0.09,0.11199999999999999,0.5,0.5,-0.10099999999999999,0.5420761108398438,0.0009239771170541644,0.01277691125869751,,,1.0,normal
2748,50,scenario3_repeated_spike,SAC,50,0.0,1,0.09,0.11199999999999999,0.5,0.5,-0.10099999999999999,0.2874981164932251,0.0066769914701581,0.024930696934461594,,,1.0,normal
2749,50,scenario3_repeated_spike,SAC,50,0.0,1,0.09,0.11199999999999999,0.5,0.5,-0.10099999999999999,0.9288953542709351,0.0036266616079956293,0.02461884170770645,,,1.0,normal
2750,50,scenario3_repeated_spike,SAC,50,0.0,1,0.09,0.11199999999999999,0.5,0.5,-0.10099999999999999,0.6401616334915161,0.008221358060836792,0.023353921249508858,,,1.0,normal
2751,50,scenario3_repeated_spike,SAC,50,0.0,1,0.09,0.11199999999999999,0.5,0.5,-0.10099999999999999,0.37128567695617676,0.0015180788468569517,0.015486631542444229,,,1.0,normal
2752,50,scenario3_repeated_spike,SAC,50,0.0,1,0.09,0.11199999999999999,0.5,0.5,-0.10099999999999999,0.23793324828147888,0.0011286035878583789,0.012312877923250198,,,1.0,normal
2753,50,scenario3_repeated_spike,SAC,50,1.0,0,0.060625,0.197,0.5,0.5,-0.1288125,0.33254826068878174,0.007602466270327568,0.017498105764389038,,,1.0,normal
2754,50,scenario3_repeated_spike,SAC,50,0.0,1,0.09,0.11199999999999999,0.5,0.5,-0.10099999999999999,0.584761381149292,0.005906120873987675,0.028176385909318924,,,1.0,normal
2755,50,scenario3_repeated_spike,SAC,50,1.0,0,0.060625,0.197,0.5,0.5,-0.1288125,0.4990554451942444,0.00911325216293335,0.03586985915899277,,,1.0,normal
2756,50,scenario3_repeated_spike,SAC,50,1.9000000000000004,0,0.0611875,0.19790000000000002,0.5,0.5,-0.12954375,0.4553126394748688,0.011029992252588272,0.03113389015197754,,,1.0,normal
2757,50,scenario3_repeated_spike,SAC,50,0.0,1,0.09,0.11199999999999999,0.5,0.5,-0.10099999999999999,0.5743457674980164,0.005046325735747814,0.02346775121986866,,,1.0,normal
2758,50,scenario3_repeated_spike,SAC,50,0.0,1,0.09,0.11199999999999999,0.5,0.5,-0.10099999999999999,0.4776085913181305,0.004328611772507429,0.019009456038475037,,,1.0,normal
2759,50,scenario3_repeated_spike,SAC,50,1.0,0,0.060625,0.197,0.5,0.5,-0.1288125,0.6996434330940247,0.007426246535032988,0.03608585149049759,,,1.0,normal
2760,50,scenario3_repeated_spike,SAC,50,1.9000000000000004,0,0.0611875,0.19790000000000002,0.5,0.5,-0.12954375,0.5460456013679504,0.017203040421009064,0.047304365783929825,,,1.0,normal
2761,50,scenario3_repeated_spike,SAC,50,2.710000000000001,0,0.061693750000000006,0.19871000000000003,0.5,0.5,-0.13020187500000002,0.7598958015441895,0.0071586621925234795,0.030303364619612694,,,1.0,normal
2762,50,scenario3_repeated_spike,SAC,50,0.0,1,0.09,0.11199999999999999,0.5,0.5,-0.10099999999999999,0.44430217146873474,0.0034105745144188404,0.022382378578186035,,,1.0,normal
2763,50,scenario3_repeated_spike,SAC,50,1.0,0,0.060625,0.197,0.5,0.5,-0.1288125,0.7109030485153198,0.00915452279150486,0.03698260337114334,,,1.0,normal
2764,50,scenario3_repeated_spike,SAC,50,1.9000000000000004,0,0.0611875,0.19790000000000002,0.5,0.5,-0.12954375,0.7260573506355286,0.0031308643519878387,0.02620142512023449,,,1.0,normal
2765,50,scenario3_repeated_spike,SAC,50,2.710000000000001,0,0.061693750000000006,0.19871000000000003,0.5,0.5,-0.13020187500000002,0.5504752397537231,0.004597870167344809,0.028717562556266785,,,1.0,normal
2766,50,scenario3_repeated_spike,SAC,50,0.0,1,0.09,0.11199999999999999,0.5,0.5,-0.10099999999999999,0.5175170302391052,0.008676460012793541,0.03721814230084419,,,1.0,normal
2767,50,scenario3_repeated_spike,SAC,50,1.0,0,0.060625,0.197,0.5,0.5,-0.1288125,0.4010807275772095,0.0034201140515506268,0.021782126277685165,,,1.0,normal
2768,50,scenario3_repeated_spike,SAC,50,0.0,1,0.09,0.11199999999999999,0.5,0.5,-0.10099999999999999,0.5435099601745605,0.0023702890612185,0.01844080351293087,,,1.0,normal
2769,50,scenario3_repeated_spike,SAC,50,1.0,0,0.060625,0.197,0.5,0.5,-0.1288125,0.6556917428970337,0.004431430250406265,0.025785373523831367,,,1.0,normal
2770,50,scenario3_repeated_spike,SAC,50,0.0,1,0.09,0.11199999999999999,0.5,0.5,-0.10099999999999999,0.1749439835548401,0.001667276257649064,0.013252535834908485,,,1.0,normal
2771,50,scenario3_repeated_spike,SAC,50,0.0,1,0.09,0.11199999999999999,0.5,0.5,-0.10099999999999999,0.5991426706314087,0.007943275384604931,0.031407590955495834,,,1.0,normal
2772,50,scenario3_repeated_spike,SAC,50,1.0,0,0.060625,0.197,0.5,0.5,-0.1288125,0.5403048396110535,0.005558695178478956,0.030077161267399788,,,1.0,normal
2773,50,scenario3_repeated_spike,SAC,50,0.0,1,0.09,0.11199999999999999,0.5,0.5,-0.10099999999999999,0.5306737422943115,0.0068819597363471985,0.02319924347102642,,,1.0,normal
2774,50,scenario3_repeated_spike,SAC,50,0.0,1,0.09,0.11199999999999999,0.5,0.5,-0.10099999999999999,0.48796534538269043,0.009673334658145905,0.03314026817679405,,,1.0,normal
2775,50,scenario3_repeated_spike,SAC,50,0.0,1,0.09,0.11199999999999999,0.5,0.5,-0.10099999999999999,0.5549534559249878,0.006936863996088505,0.031834594905376434,,,1.0,normal
2776,50,scenario3_repeated_spike,SAC,50,1.0,0,0.060625,0.197,0.5,0.5,-0.1288125,0.48577597737312317,0.021590590476989746,0.04367312416434288,,,1.0,normal
2777,50,scenario3_repeated_spike,SAC,50,0.0,1,0.09,0.11199999999999999,0.5,0.5,-0.10099999999999999,0.4886493980884552,0.00584139209240675,0.027799399569630623,,,1.0,normal
2778,50,scenario3_repeated_spike,SAC,50,1.0,0,0.060625,0.197,0.5,0.5,-0.1288125,0.38575416803359985,0.01193070039153099,0.03249654546380043,,,1.0,normal
2779,50,scenario3_repeated_spike,SAC,50,1.9000000000000004,0,0.0611875,0.19790000000000002,0.5,0.5,-0.12954375,0.6497306823730469,0.009871883317828178,0.032960470765829086,,,1.0,normal
2780,50,scenario3_repeated_spike,SAC,50,2.710000000000001,0,0.061693750000000006,0.19871000000000003,0.5,0.5,-0.13020187500000002,0.5089706778526306,0.011210581287741661,0.03425907343626022,,,1.0,normal
2781,50,scenario3_repeated_spike,SAC,50,0.0,1,0.09,0.11199999999999999,0.5,0.5,-0.10099999999999999,0.5895490646362305,0.008264548145234585,0.03251934051513672,,,1.0,normal
2782,50,scenario3_repeated_spike,SAC,50,0.0,1,0.09,0.11199999999999999,0.5,0.5,-0.10099999999999999,0.4673749506473541,0.004166332073509693,0.022160816937685013,,,1.0,normal
2783,50,scenario3_repeated_spike,SAC,50,1.0,0,0.060625,0.197,0.5,0.5,-0.1288125,0.5299426913261414,0.0024063128512352705,0.01964830607175827,,,1.0,normal
2784,50,scenario3_repeated_spike,SAC,50,1.9000000000000004,0,0.0611875,0.19790000000000002,0.5,0.5,-0.12954375,0.3917110562324524,0.01895209215581417,0.032702282071113586,,,1.0,normal
2785,50,scenario3_repeated_spike,SAC,50,2.710000000000001,0,0.061693750000000006,0.19871000000000003,0.5,0.5,-0.13020187500000002,0.206802636384964,0.0019844812341034412,0.0142733845859766,,,1.0,normal
2786,50,scenario3_repeated_spike,SAC,50,3.439,0,0.062149375,0.199439,0.5,0.5,-0.1307941875,0.6743736267089844,0.0059171561151742935,0.032506294548511505,,,1.0,normal
2787,50,scenario3_repeated_spike,SAC,50,0.0,1,0.09,0.11199999999999999,0.5,0.5,-0.10099999999999999,0.5296065211296082,0.010931441560387611,0.040483005344867706,,,1.0,normal
2788,50,scenario3_repeated_spike,SAC,50,1.0,0,0.060625,0.197,0.5,0.5,-0.1288125,0.7506341934204102,0.007494156714528799,0.035439155995845795,,,1.0,normal
2789,50,scenario3_repeated_spike,SAC,50,0.0,1,0.09,0.11199999999999999,0.5,0.5,-0.10099999999999999,0.4532186985015869,0.004793575964868069,0.02634754218161106,,,1.0,normal
2790,50,scenario3_repeated_spike,SAC,50,1.0,0,0.060625,0.197,0.5,0.5,-0.1288125,0.6554463505744934,0.02031746879220009,0.05511307343840599,,,1.0,normal
2791,50,scenario3_repeated_spike,SAC,50,0.0,1,0.09,0.11199999999999999,0.5,0.5,-0.10099999999999999,0.48697417974472046,0.025574319064617157,0.04729136824607849,,,1.0,normal
2792,50,scenario3_repeated_spike,SAC,50,1.0,0,0.060625,0.197,0.5,0.5,-0.1288125,0.9935714602470398,0.01574651151895523,0.05948920547962189,,,1.0,normal
2793,50,scenario3_repeated_spike,SAC,50,1.9000000000000004,0,0.0611875,0.19790000000000002,0.5,0.5,-0.12954375,0.6480838060379028,0.01527557522058487,0.044690992683172226,,,1.0,normal
2794,50,scenario3_repeated_spike,SAC,50,0.0,1,0.09,0.11199999999999999,0.5,0.5,-0.10099999999999999,0.4872858226299286,0.009066189639270306,0.03288259729743004,,,1.0,normal
2795,50,scenario3_repeated_spike,SAC,50,0.0,1,0.09,0.11199999999999999,0.5,0.5,-0.10099999999999999,0.668691098690033,0.006973679177463055,0.03027559258043766,,,1.0,normal
2796,50,scenario3_repeated_spike,SAC,50,0.0,1,0.09,0.11199999999999999,0.5,0.5,-0.10099999999999999,0.3735750615596771,0.006611162796616554,0.027188584208488464,,,1.0,normal
2797,50,scenario3_repeated_spike,SAC,50,0.0,1,0.09,0.11199999999999999,0.5,0.5,-0.10099999999999999,0.4950687289237976,0.00645974138751626,0.02633385919034481,,,1.0,normal
2798,50,scenario3_repeated_spike,SAC,50,0.0,1,0.09,0.11199999999999999,0.5,0.5,-0.10099999999999999,0.3310621380805969,0.005247511900961399,0.026008758693933487,,,1.0,normal
2799,50,scenario3_repeated_spike,SAC,50,1.0,0,0.060625,0.197,0.5,0.5,-0.1288125,0.32713350653648376,0.00561970891430974,0.026646774262189865,,,1.0,normal
2800,50,scenario3_repeated_spike,SAC,50,0.0,1,0.09,0.11199999999999999,0.5,0.5,-0.10099999999999999,0.7671191692352295,0.013986963778734207,0.033433057367801666,,,1.0,normal
2801,50,scenario3_repeated_spike,SAC,50,0.0,1,0.09,0.11199999999999999,0.5,0.5,-0.10099999999999999,0.6792545318603516,0.01695936545729637,0.047710809856653214,,,1.0,normal
2802,50,scenario3_repeated_spike,SAC,50,1.0,0,0.060625,0.197,0.5,0.5,-0.1288125,0.6249192953109741,0.005746540147811174,0.029111690819263458,,,1.0,normal
2803,50,scenario3_repeated_spike,SAC,50,0.0,1,0.09,0.11199999999999999,0.5,0.5,-0.10099999999999999,0.7544224858283997,0.006967260967940092,0.03183463588356972,,,1.0,normal
2804,50,scenario3_repeated_spike,SAC,50,0.0,1,0.09,0.11199999999999999,0.5,0.5,-0.10099999999999999,0.5808576941490173,0.008719466626644135,0.036614421755075455,,,1.0,normal
2805,50,scenario3_repeated_spike,SAC,50,0.0,1,0.09,0.11199999999999999,0.5,0.5,-0.10099999999999999,0.40756955742836,0.017440173774957657,0.04026801139116287,,,1.0,normal
2806,50,scenario3_repeated_spike,SAC,50,0.0,1,0.09,0.11199999999999999,0.5,0.5,-0.10099999999999999,0.4628312587738037,0.009223664179444313,0.03568422794342041,,,1.0,normal
2807,50,scenario3_repeated_spike,SAC,50,1.0,0,0.060625,0.197,0.5,0.5,-0.1288125,0.5353401303291321,0.013688787817955017,0.039692994207143784,,,1.0,normal
2808,50,scenario3_repeated_spike,SAC,50,0.0,1,0.09,0.11199999999999999,0.5,0.5,-0.10099999999999999,0.31855452060699463,0.008432039059698582,0.028673764318227768,,,1.0,normal
2809,50,scenario3_repeated_spike,SAC,50,0.0,1,0.09,0.11199999999999999,0.5,0.5,-0.10099999999999999,0.388410359621048,0.014928203076124191,0.04856014996767044,,,1.0,normal
2810,50,scenario3_repeated_spike,SAC,50,1.0,0,0.060625,0.197,0.5,0.5,-0.1288125,0.5106306672096252,0.01569521054625511,0.04576308652758598,,,1.0,normal
2811,50,scenario3_repeated_spike,SAC,50,1.9000000000000004,0,0.0611875,0.19790000000000002,0.5,0.5,-0.12954375,0.5869637131690979,0.016925126314163208,0.05493459105491638,,,1.0,normal
2812,50,scenario3_repeated_spike,SAC,50,2.710000000000001,0,0.061693750000000006,0.19871000000000003,0.5,0.5,-0.13020187500000002,0.7105420231819153,0.02089037373661995,0.05310828983783722,,,1.0,normal
2813,50,scenario3_repeated_spike,SAC,50,0.0,1,0.09,0.11199999999999999,0.5,0.5,-0.10099999999999999,0.2988687753677368,0.015869248658418655,0.04426571726799011,,,1.0,normal
2814,50,scenario3_repeated_spike,SAC,50,1.0,0,0.060625,0.197,0.5,0.5,-0.1288125,0.304457426071167,0.011962826363742352,0.03272236883640289,,,1.0,normal
2815,50,scenario3_repeated_spike,SAC,50,0.0,1,0.09,0.11199999999999999,0.5,0.5,-0.10099999999999999,0.6863905787467957,0.033095583319664,0.07777285575866699,,,1.0,normal
2816,50,scenario3_repeated_spike,SAC,50,1.0,0,0.060625,0.197,0.5,0.5,-0.1288125,0.38388490676879883,0.023163437843322754,0.052269913256168365,,,1.0,normal
2817,50,scenario3_repeated_spike,SAC,50,1.9000000000000004,0,0.0611875,0.19790000000000002,0.5,0.5,-0.12954375,0.1533842235803604,0.012237373739480972,0.028082216158509254,,,1.0,normal
2818,50,scenario3_repeated_spike,SAC,50,0.0,1,0.09,0.11199999999999999,0.5,0.5,-0.10099999999999999,0.4896864891052246,0.01633545383810997,0.043681420385837555,,,1.0,normal
2819,50,scenario3_repeated_spike,SAC,50,1.0,0,0.060625,0.197,0.5,0.5,-0.1288125,0.41491520404815674,0.008448691107332706,0.030934462323784828,,,1.0,normal
2820,50,scenario3_repeated_spike,SAC,50,1.9000000000000004,0,0.0611875,0.19790000000000002,0.5,0.5,-0.12954375,0.6662768721580505,0.01078474335372448,0.04513849318027496,,,1.0,normal
2821,50,scenario3_repeated_spike,SAC,50,2.710000000000001,0,0.061693750000000006,0.19871000000000003,0.5,0.5,-0.13020187500000002,0.3865382969379425,0.00793888047337532,0.02813061699271202,,,1.0,normal
2822,50,scenario3_repeated_spike,SAC,50,0.0,1,0.09,0.11199999999999999,0.5,0.5,-0.10099999999999999,0.5328031778335571,0.0035618164110928774,0.024165775626897812,,,1.0,normal
2823,50,scenario3_repeated_spike,SAC,50,0.0,1,0.09,0.11199999999999999,0.5,0.5,-0.10099999999999999,0.31911951303482056,0.004222839139401913,0.02269482985138893,,,1.0,normal
2824,50,scenario3_repeated_spike,SAC,50,0.0,1,0.09,0.11199999999999999,0.5,0.5,-0.10099999999999999,0.3154789209365845,0.011027960106730461,0.029401639476418495,,,1.0,normal
2825,50,scenario3_repeated_spike,SAC,50,1.0,0,0.060625,0.197,0.5,0.5,-0.1288125,0.4705483615398407,0.002311750315129757,0.020322611555457115,,,1.0,normal
2826,50,scenario3_repeated_spike,SAC,50,0.0,1,0.09,0.11199999999999999,0.5,0.5,-0.10099999999999999,0.6908746957778931,0.0025777663104236126,0.020706508308649063,,,1.0,normal
2827,50,scenario3_repeated_spike,SAC,50,0.0,1,0.09,0.11199999999999999,0.5,0.5,-0.10099999999999999,0.6677584052085876,0.004138962831348181,0.02707100659608841,,,1.0,normal
2828,50,scenario3_repeated_spike,SAC,50,1.0,0,0.060625,0.197,0.5,0.5,-0.1288125,0.5347350835800171,0.022692348808050156,0.04033702611923218,,,1.0,normal
2829,50,scenario3_repeated_spike,SAC,50,1.9000000000000004,0,0.0611875,0.19790000000000002,0.5,0.5,-0.12954375,0.7829990386962891,0.001769915223121643,0.01880750060081482,,,1.0,normal
2830,50,scenario3_repeated_spike,SAC,50,2.710000000000001,0,0.061693750000000006,0.19871000000000003,0.5,0.5,-0.13020187500000002,0.553766667842865,0.026582416146993637,0.04168013483285904,,,1.0,normal
2831,50,scenario3_repeated_spike,SAC,50,0.0,1,0.09,0.11199999999999999,0.5,0.5,-0.10099999999999999,0.5555537343025208,0.005333753302693367,0.02275182120501995,,,1.0,normal
2832,50,scenario3_repeated_spike,SAC,50,0.0,1,0.09,0.11199999999999999,0.5,0.5,-0.10099999999999999,0.554085910320282,0.0033462555147707462,0.013490029610693455,,,1.0,normal
2833,50,scenario3_repeated_spike,SAC,50,1.0,0,0.060625,0.197,0.5,0.5,-0.1288125,0.7298893332481384,0.0036508680786937475,0.022317709401249886,,,1.0,normal
2834,50,scenario3_repeated_spike,SAC,50,1.9000000000000004,0,0.0611875,0.19790000000000002,0.5,0.5,-0.12954375,0.1701701581478119,0.001594609348103404,0.013965331017971039,,,1.0,normal
2835,50,scenario3_repeated_spike,SAC,50,2.710000000000001,0,0.061693750000000006,0.19871000000000003,0.5,0.5,-0.13020187500000002,0.08101777732372284,0.0004132203757762909,0.008010782301425934,,,1.0,normal
2836,50,scenario3_repeated_spike,SAC,50,0.0,1,0.09,0.11199999999999999,0.5,0.5,-0.10099999999999999,0.46278342604637146,0.004665959160774946,0.018605265766382217,,,1.0,normal
2837,50,scenario3_repeated_spike,SAC,50,0.0,1,0.09,0.11199999999999999,0.5,0.5,-0.10099999999999999,0.4980729818344116,0.0019202118273824453,0.014946145005524158,,,1.0,normal
2838,50,scenario3_repeated_spike,SAC,50,0.0,1,0.09,0.11199999999999999,0.5,0.5,-0.10099999999999999,0.32858186960220337,0.015292441472411156,0.01953521929681301,,,1.0,normal
2839,50,scenario3_repeated_spike,SAC,50,1.0,0,0.060625,0.197,0.5,0.5,-0.1288125,0.5056694746017456,0.0016928978729993105,0.014640174806118011,,,1.0,normal
2840,50,scenario3_repeated_spike,SAC,50,1.9000000000000004,0,0.0611875,0.19790000000000002,0.5,0.5,-0.12954375,0.18831662833690643,0.010557703673839569,0.02770708128809929,,,1.0,normal
2841,50,scenario3_repeated_spike,SAC,50,0.0,1,0.09,0.11199999999999999,0.5,0.5,-0.10099999999999999,0.59281986951828,0.008313328959047794,0.033468618988990784,,,1.0,normal
2842,50,scenario3_repeated_spike,SAC,50,0.0,1,0.09,0.11199999999999999,0.5,0.5,-0.10099999999999999,0.38596078753471375,0.005867487750947475,0.02177080512046814,,,1.0,normal
2843,50,scenario3_repeated_spike,SAC,50,1.0,0,0.060625,0.197,0.5,0.5,-0.1288125,0.5254455208778381,0.011616289615631104,0.03089080937206745,,,1.0,normal
2844,50,scenario3_repeated_spike,SAC,50,0.0,1,0.09,0.11199999999999999,0.5,0.5,-0.10099999999999999,0.4947989583015442,0.01217341423034668,0.03701864928007126,,,1.0,normal
2845,50,scenario3_repeated_spike,SAC,50,0.0,1,0.09,0.11199999999999999,0.5,0.5,-0.10099999999999999,0.42612677812576294,0.004258642438799143,0.02044742926955223,,,1.0,normal
2846,50,scenario3_repeated_spike,SAC,50,1.0,0,0.060625,0.197,0.5,0.5,-0.1288125,0.7608391046524048,0.009356601163744926,0.03639544919133186,,,1.0,normal
2847,50,scenario3_repeated_spike,SAC,50,1.9000000000000004,0,0.0611875,0.19790000000000002,0.5,0.5,-0.12954375,0.4948127865791321,0.012884804978966713,0.04136417806148529,,,1.0,normal
2848,50,scenario3_repeated_spike,SAC,50,2.710000000000001,0,0.061693750000000006,0.19871000000000003,0.5,0.5,-0.13020187500000002,0.6746764183044434,0.016482176259160042,0.045115575194358826,,,1.0,normal
2849,50,scenario3_repeated_spike,SAC,50,3.439,0,0.062149375,0.199439,0.5,0.5,-0.1307941875,0.6674021482467651,0.002393370494246483,0.020482175052165985,,,1.0,normal
2850,50,scenario3_repeated_spike,SAC,50,0.0,1,0.09,0.11199999999999999,0.5,0.5,-0.10099999999999999,0.27711981534957886,0.00869632139801979,0.030726322904229164,,,1.0,normal
2851,50,scenario3_repeated_spike,SAC,50,1.0,0,0.060625,0.197,0.5,0.5,-0.1288125,0.5098539590835571,0.006977209821343422,0.028615491464734077,,,1.0,normal
2852,50,scenario3_repeated_spike,SAC,50,0.0,1,0.09,0.11199999999999999,0.5,0.5,-0.10099999999999999,0.532603919506073,0.014779020100831985,0.04012829437851906,,,1.0,normal
2853,50,scenario3_repeated_spike,SAC,50,1.0,0,0.060625,0.197,0.5,0.5,-0.1288125,0.3821966350078583,0.005819866433739662,0.027422429993748665,,,1.0,normal
2854,50,scenario3_repeated_spike,SAC,50,1.9000000000000004,0,0.0611875,0.19790000000000002,0.5,0.5,-0.12954375,0.7048100233078003,0.005343890283256769,0.031183939427137375,,,1.0,normal
2855,50,scenario3_repeated_spike,SAC,50,2.710000000000001,0,0.061693750000000006,0.19871000000000003,0.5,0.5,-0.13020187500000002,0.5422921180725098,0.0029057119973003864,0.01892775297164917,,,1.0,normal
2856,50,scenario3_repeated_spike,SAC,50,0.0,1,0.09,0.11199999999999999,0.5,0.5,-0.10099999999999999,0.4382126033306122,0.011067340150475502,0.0322808139026165,,,1.0,normal
2857,50,scenario3_repeated_spike,SAC,50,0.0,1,0.09,0.11199999999999999,0.5,0.5,-0.10099999999999999,0.3220018744468689,0.004376227036118507,0.018833689391613007,,,1.0,normal
2858,50,scenario3_repeated_spike,SAC,50,1.0,0,0.060625,0.197,0.5,0.5,-0.1288125,0.4016132950782776,0.0035987019073218107,0.020953746512532234,,,1.0,normal
2859,50,scenario3_repeated_spike,SAC,50,0.0,1,0.09,0.11199999999999999,0.5,0.5,-0.10099999999999999,0.6023098230361938,0.01940949819982052,0.04460366070270538,,,1.0,normal
2860,50,scenario3_repeated_spike,SAC,50,0.0,1,0.09,0.11199999999999999,0.5,0.5,-0.10099999999999999,0.5878034234046936,0.007626443635672331,0.0321209616959095,,,1.0,normal
2861,50,scenario3_repeated_spike,SAC,50,1.0,0,0.060625,0.197,0.5,0.5,-0.1288125,0.7549108266830444,0.009171048179268837,0.04240034520626068,,,1.0,normal
2862,50,scenario3_repeated_spike,SAC,50,0.0,1,0.09,0.11199999999999999,0.5,0.5,-0.10099999999999999,0.11249466240406036,0.0037906807847321033,0.019011739641427994,,,1.0,normal
2863,50,scenario3_repeated_spike,SAC,50,0.0,1,0.09,0.11199999999999999,0.5,0.5,-0.10099999999999999,0.6517530083656311,0.006600400898605585,0.035442836582660675,,,1.0,normal
2864,50,scenario3_repeated_spike,SAC,50,0.0,1,0.09,0.11199999999999999,0.5,0.5,-0.10099999999999999,0.4137454330921173,0.010535607114434242,0.041799239814281464,,,1.0,normal
2865,50,scenario3_repeated_spike,SAC,50,0.0,1,0.09,0.11199999999999999,0.5,0.5,-0.10099999999999999,0.4022136628627777,0.010690677911043167,0.04076582193374634,,,1.0,normal
2866,50,scenario3_repeated_spike,SAC,50,1.0,0,0.060625,0.197,0.5,0.5,-0.1288125,0.4633520245552063,0.00747422780841589,0.033400021493434906,,,1.0,normal
2867,50,scenario3_repeated_spike,SAC,50,1.9000000000000004,0,0.0611875,0.19790000000000002,0.5,0.5,-0.12954375,0.5823075771331787,0.006774475798010826,0.03110492043197155,,,1.0,normal
2868,50,scenario3_repeated_spike,SAC,50,0.0,1,0.09,0.11199999999999999,0.5,0.5,-0.10099999999999999,0.312447726726532,0.00301094027236104,0.020348716527223587,,,1.0,normal
2869,50,scenario3_repeated_spike,SAC,50,1.0,0,0.060625,0.197,0.5,0.5,-0.1288125,0.6699941158294678,0.0051774694584310055,0.023849356919527054,,,1.0,normal
2870,50,scenario3_repeated_spike,SAC,50,0.0,1,0.09,0.11199999999999999,0.5,0.5,-0.10099999999999999,0.4456448554992676,0.008032787591218948,0.031188571825623512,,,1.0,normal
2871,50,scenario3_repeated_spike,SAC,50,0.0,1,0.09,0.11199999999999999,0.5,0.5,-0.10099999999999999,0.2775355279445648,0.00520267803221941,0.024134885519742966,,,1.0,normal
2872,50,scenario3_repeated_spike,SAC,50,0.0,1,0.09,0.11199999999999999,0.5,0.5,-0.10099999999999999,0.5212308168411255,0.007681762799620628,0.031795915216207504,,,1.0,normal
2873,50,scenario3_repeated_spike,SAC,50,1.0,0,0.060625,0.197,0.5,0.5,-0.1288125,0.30807963013648987,0.0022588681895285845,0.01480345893651247,,,1.0,normal
2874,50,scenario3_repeated_spike,SAC,50,1.9000000000000004,0,0.0611875,0.19790000000000002,0.5,0.5,-0.12954375,0.36997362971305847,0.002639445010572672,0.01781872659921646,,,1.0,normal
2875,50,scenario3_repeated_spike,SAC,50,0.0,1,0.09,0.11199999999999999,0.5,0.5,-0.10099999999999999,0.6711224317550659,0.004200609866529703,0.023904267698526382,,,1.0,normal
2876,50,scenario3_repeated_spike,SAC,50,1.0,0,0.060625,0.197,0.5,0.5,-0.1288125,0.5885812044143677,0.005033338442444801,0.030078738927841187,,,1.0,normal
2877,50,scenario3_repeated_spike,SAC,50,0.0,1,0.09,0.11199999999999999,0.5,0.5,-0.10099999999999999,0.7091862559318542,0.0031237821094691753,0.020353300496935844,,,1.0,normal
2878,50,scenario3_repeated_spike,SAC,50,0.0,1,0.09,0.11199999999999999,0.5,0.5,-0.10099999999999999,0.5864169597625732,0.01657084748148918,0.038994934409856796,,,1.0,normal
2879,50,scenario3_repeated_spike,SAC,50,0.0,1,0.09,0.11199999999999999,0.5,0.5,-0.10099999999999999,0.42245420813560486,0.008045895025134087,0.03240807726979256,,,1.0,normal
2880,50,scenario3_repeated_spike,SAC,50,0.0,1,0.09,0.11199999999999999,0.5,0.5,-0.10099999999999999,0.3897956907749176,0.013704827055335045,0.029678532853722572,,,1.0,normal
2881,50,scenario3_repeated_spike,SAC,50,0.0,1,0.09,0.11199999999999999,0.5,0.5,-0.10099999999999999,0.5658444166183472,0.015438945963978767,0.043953754007816315,,,1.0,normal
2882,50,scenario3_repeated_spike,SAC,50,0.0,1,0.09,0.11199999999999999,0.5,0.5,-0.10099999999999999,0.69866544008255,0.025415081530809402,0.059533342719078064,,,1.0,normal
2883,50,scenario3_repeated_spike,SAC,50,1.0,0,0.060625,0.197,0.5,0.5,-0.1288125,0.6465016007423401,0.011780332773923874,0.038739461451768875,,,1.0,normal
2884,50,scenario3_repeated_spike,SAC,50,1.9000000000000004,0,0.0611875,0.19790000000000002,0.5,0.5,-0.12954375,0.38107624650001526,0.002883448963984847,0.01855301670730114,,,1.0,normal
2885,50,scenario3_repeated_spike,SAC,50,2.710000000000001,0,0.061693750000000006,0.19871000000000003,0.5,0.5,-0.13020187500000002,0.708134651184082,0.028313688933849335,0.06715962290763855,,,1.0,normal
2886,50,scenario3_repeated_spike,SAC,50,3.439,0,0.062149375,0.199439,0.5,0.5,-0.1307941875,0.5154503583908081,0.026484347879886627,0.05150869861245155,,,1.0,normal
2887,50,scenario3_repeated_spike,SAC,50,0.0,1,0.09,0.11199999999999999,0.5,0.5,-0.10099999999999999,0.44746163487434387,0.03226941078901291,0.0590411014854908,,,1.0,normal
2888,50,scenario3_repeated_spike,SAC,50,0.0,1,0.09,0.11199999999999999,0.5,0.5,-0.10099999999999999,0.38743680715560913,0.013403031043708324,0.041855424642562866,,,1.0,normal
2889,50,scenario3_repeated_spike,SAC,50,0.0,1,0.09,0.11199999999999999,0.5,0.5,-0.10099999999999999,0.5126639604568481,0.0012009801575914025,0.011556090787053108,,,1.0,normal
2890,50,scenario3_repeated_spike,SAC,50,0.0,1,0.09,0.11199999999999999,0.5,0.5,-0.10099999999999999,0.3188786804676056,0.0051816124469041824,0.024988165125250816,,,1.0,normal
2891,50,scenario3_repeated_spike,SAC,50,0.0,1,0.09,0.11199999999999999,0.5,0.5,-0.10099999999999999,0.7463364601135254,0.013233916833996773,0.04590790346264839,,,1.0,normal
2892,50,scenario3_repeated_spike,SAC,50,0.0,1,0.09,0.11199999999999999,0.5,0.5,-0.10099999999999999,0.7189480066299438,0.00811827927827835,0.03634915500879288,,,1.0,normal
2893,50,scenario3_repeated_spike,SAC,50,0.0,1,0.09,0.11199999999999999,0.5,0.5,-0.10099999999999999,0.6572245955467224,0.006508091930299997,0.028646351769566536,,,1.0,normal
2894,50,scenario3_repeated_spike,SAC,50,0.0,1,0.09,0.11199999999999999,0.5,0.5,-0.10099999999999999,0.380754292011261,0.0026569885667413473,0.01729467324912548,,,1.0,normal
2895,50,scenario3_repeated_spike,SAC,50,1.0,0,0.060625,0.197,0.5,0.5,-0.1288125,0.47035884857177734,0.004381946753710508,0.024320542812347412,,,1.0,normal
2896,50,scenario3_repeated_spike,SAC,50,0.0,1,0.09,0.11199999999999999,0.5,0.5,-0.10099999999999999,0.8493375778198242,0.004774795845150948,0.025788135826587677,,,1.0,normal
2897,50,scenario3_repeated_spike,SAC,50,0.0,1,0.09,0.11199999999999999,0.5,0.5,-0.10099999999999999,0.32931482791900635,0.004617421422153711,0.01757444068789482,,,1.0,normal
2898,50,scenario3_repeated_spike,SAC,50,0.0,1,0.09,0.11199999999999999,0.5,0.5,-0.10099999999999999,0.8120320439338684,0.008531620725989342,0.03709472343325615,,,1.0,normal
2899,50,scenario3_repeated_spike,SAC,50,0.0,1,0.09,0.11199999999999999,0.5,0.5,-0.10099999999999999,0.7052808403968811,0.01938113011419773,0.03536343574523926,,,1.0,normal
2900,50,scenario3_repeated_spike,SAC,50,0.0,1,0.09,0.11199999999999999,0.5,0.5,-0.10099999999999999,0.6625616550445557,0.005544298328459263,0.02952207252383232,,,1.0,normal
2901,50,scenario3_repeated_spike,SAC,50,1.0,0,0.060625,0.197,0.5,0.5,-0.1288125,0.4598264694213867,0.005335652269423008,0.02812928706407547,,,1.0,normal
2902,50,scenario3_repeated_spike,SAC,50,0.0,1,0.09,0.11199999999999999,0.5,0.5,-0.10099999999999999,0.6601784229278564,0.016102468594908714,0.035703033208847046,,,1.0,normal
2903,50,scenario3_repeated_spike,SAC,50,0.0,1,0.09,0.11199999999999999,0.5,0.5,-0.10099999999999999,0.5806539058685303,0.004505601711571217,0.027185184881091118,,,1.0,normal
2904,50,scenario3_repeated_spike,SAC,50,1.0,0,0.060625,0.197,0.5,0.5,-0.1288125,0.4402710795402527,0.00484821293503046,0.025893494486808777,,,1.0,normal
2905,50,scenario3_repeated_spike,SAC,50,1.9000000000000004,0,0.0611875,0.19790000000000002,0.5,0.5,-0.12954375,0.44509971141815186,0.009309187531471252,0.027168769389390945,,,1.0,normal
2906,50,scenario3_repeated_spike,SAC,50,2.710000000000001,0,0.061693750000000006,0.19871000000000003,0.5,0.5,-0.13020187500000002,0.6149048805236816,0.015538038685917854,0.03922019153833389,,,1.0,normal
2907,50,scenario3_repeated_spike,SAC,50,0.0,1,0.09,0.11199999999999999,0.5,0.5,-0.10099999999999999,0.28874242305755615,0.003736011451110244,0.018940355628728867,,,1.0,normal
2908,50,scenario3_repeated_spike,SAC,50,1.0,0,0.060625,0.197,0.5,0.5,-0.1288125,0.6020125150680542,0.006343870889395475,0.023889675736427307,,,1.0,normal
2909,50,scenario3_repeated_spike,SAC,50,0.0,1,0.09,0.11199999999999999,0.5,0.5,-0.10099999999999999,0.6181421875953674,0.006010481156408787,0.028234990313649178,,,1.0,normal
2910,50,scenario3_repeated_spike,SAC,50,0.0,1,0.09,0.11199999999999999,0.5,0.5,-0.10099999999999999,0.6101936101913452,0.006382603198289871,0.024135112762451172,,,1.0,normal
2911,50,scenario3_repeated_spike,SAC,50,1.0,0,0.060625,0.197,0.5,0.5,-0.1288125,0.7142558097839355,0.014801925048232079,0.0369657538831234,,,1.0,normal
2912,50,scenario3_repeated_spike,SAC,50,1.9000000000000004,0,0.0611875,0.19790000000000002,0.5,0.5,-0.12954375,0.4040434956550598,0.0006471031229011714,0.009282532148063183,,,1.0,normal
2913,50,scenario3_repeated_spike,SAC,50,2.710000000000001,0,0.061693750000000006,0.19871000000000003,0.5,0.5,-0.13020187500000002,0.3531462550163269,0.0015466323820874095,0.014724013395607471,,,1.0,normal
2914,50,scenario3_repeated_spike,SAC,50,3.439,0,0.062149375,0.199439,0.5,0.5,-0.1307941875,0.4132266044616699,0.0019990489818155766,0.01414476428180933,,,1.0,normal
2915,50,scenario3_repeated_spike,SAC,50,4.0951,0,0.06255943750000001,0.20009510000000003,0.5,0.5,-0.13132726875,0.3709089756011963,0.007700556889176369,0.023615745827555656,,,1.0,normal
2916,50,scenario3_repeated_spike,SAC,50,0.0,1,0.09,0.11199999999999999,0.5,0.5,-0.10099999999999999,0.5685426592826843,0.004425574094057083,0.02184128202497959,,,1.0,normal
2917,50,scenario3_repeated_spike,SAC,50,0.0,1,0.09,0.11199999999999999,0.5,0.5,-0.10099999999999999,0.5618211030960083,0.0066313231363892555,0.028420742601156235,,,1.0,normal
2918,50,scenario3_repeated_spike,SAC,50,0.0,1,0.09,0.11199999999999999,0.5,0.5,-0.10099999999999999,0.4295031726360321,0.00635085254907608,0.028917618095874786,,,1.0,normal
2919,50,scenario3_repeated_spike,SAC,50,1.0,0,0.060625,0.197,0.5,0.5,-0.1288125,0.31767258048057556,0.02266164869070053,0.037182148545980453,,,1.0,normal
2920,50,scenario3_repeated_spike,SAC,50,1.9000000000000004,0,0.0611875,0.19790000000000002,0.5,0.5,-0.12954375,0.30968013405799866,0.005602139979600906,0.02680833637714386,,,1.0,normal
2921,50,scenario3_repeated_spike,SAC,50,0.0,1,0.09,0.11199999999999999,0.5,0.5,-0.10099999999999999,0.597310483455658,0.015673063695430756,0.04704795777797699,,,1.0,normal
2922,50,scenario3_repeated_spike,SAC,50,0.0,1,0.09,0.11199999999999999,0.5,0.5,-0.10099999999999999,0.6844304203987122,0.01534818485379219,0.050787296146154404,,,1.0,normal
2923,50,scenario3_repeated_spike,SAC,50,0.0,1,0.09,0.11199999999999999,0.5,0.5,-0.10099999999999999,0.6561356782913208,0.0030594435520470142,0.020621823146939278,,,1.0,normal
2924,50,scenario3_repeated_spike,SAC,50,1.0,0,0.060625,0.197,0.5,0.5,-0.1288125,0.4007055461406708,0.006977916695177555,0.02234221249818802,,,1.0,normal
2925,50,scenario3_repeated_spike,SAC,50,1.9000000000000004,0,0.0611875,0.19790000000000002,0.5,0.5,-0.12954375,0.3965200185775757,0.013979309238493443,0.02795867994427681,,,1.0,normal
2926,50,scenario3_repeated_spike,SAC,50,0.0,1,0.09,0.11199999999999999,0.5,0.5,-0.10099999999999999,0.3850304186344147,0.004685934633016586,0.020954348146915436,,,1.0,normal
2927,50,scenario3_repeated_spike,SAC,50,1.0,0,0.060625,0.197,0.5,0.5,-0.1288125,0.6304242014884949,0.012554608285427094,0.03772880509495735,,,1.0,normal
2928,50,scenario3_repeated_spike,SAC,50,1.9000000000000004,0,0.0611875,0.19790000000000002,0.5,0.5,-0.12954375,0.6531646251678467,0.01003243401646614,0.03396602347493172,,,1.0,normal
2929,50,scenario3_repeated_spike,SAC,50,2.710000000000001,0,0.061693750000000006,0.19871000000000003,0.5,0.5,-0.13020187500000002,0.6544980406761169,0.0005572304362431169,0.010452782735228539,,,1.0,normal
2930,50,scenario3_repeated_spike,SAC,50,3.439,0,0.062149375,0.199439,0.5,0.5,-0.1307941875,0.5785511136054993,0.014703596010804176,0.02779277041554451,,,1.0,normal
2931,50,scenario3_repeated_spike,SAC,50,4.0951,0,0.06255943750000001,0.20009510000000003,0.5,0.5,-0.13132726875,0.6865894198417664,0.008317580446600914,0.03419116139411926,,,1.0,normal
2932,50,scenario3_repeated_spike,SAC,50,4.685590000000001,0,0.06292849375000001,0.20068559000000002,0.5,0.5,-0.13180704187500003,0.2107829749584198,0.005908059887588024,0.0194556787610054,,,1.0,normal
2933,50,scenario3_repeated_spike,SAC,50,5.217031000000002,0,0.063260644375,0.201217031,0.5,0.5,-0.1322388376875,0.7132327556610107,0.0032111257314682007,0.015521024353802204,,,1.0,normal
2934,50,scenario3_repeated_spike,SAC,50,0.0,1,0.09,0.11199999999999999,0.5,0.5,-0.10099999999999999,0.7221924066543579,0.005315415561199188,0.031355876475572586,,,1.0,normal
2935,50,scenario3_repeated_spike,SAC,50,1.0,0,0.060625,0.197,0.5,0.5,-0.1288125,0.5954713225364685,0.0053848205134272575,0.02710549347102642,,,1.0,normal
2936,50,scenario3_repeated_spike,SAC,50,0.0,1,0.09,0.11199999999999999,0.5,0.5,-0.10099999999999999,0.46971631050109863,0.007256053388118744,0.022847039625048637,,,1.0,normal
2937,50,scenario3_repeated_spike,SAC,50,0.0,1,0.09,0.11199999999999999,0.5,0.5,-0.10099999999999999,0.31215742230415344,0.021595818921923637,0.03708946332335472,,,1.0,normal
2938,50,scenario3_repeated_spike,SAC,50,0.0,1,0.09,0.11199999999999999,0.5,0.5,-0.10099999999999999,0.5423367619514465,0.00988080445677042,0.03337322548031807,,,1.0,normal
2939,50,scenario3_repeated_spike,SAC,50,0.0,1,0.09,0.11199999999999999,0.5,0.5,-0.10099999999999999,0.9032478928565979,0.01396617665886879,0.04231725260615349,,,1.0,normal
2940,50,scenario3_repeated_spike,SAC,50,0.0,1,0.09,0.11199999999999999,0.5,0.5,-0.10099999999999999,0.49826204776763916,0.01036604680120945,0.03430605307221413,,,1.0,normal
2941,50,scenario3_repeated_spike,SAC,50,1.0,0,0.060625,0.197,0.5,0.5,-0.1288125,0.7207872271537781,0.020095985382795334,0.0359291210770607,,,1.0,normal
2942,50,scenario3_repeated_spike,SAC,50,0.0,1,0.09,0.11199999999999999,0.5,0.5,-0.10099999999999999,0.7333474159240723,0.007179155945777893,0.02475125901401043,,,1.0,normal
2943,50,scenario3_repeated_spike,SAC,50,0.0,1,0.09,0.11199999999999999,0.5,0.5,-0.10099999999999999,0.6623060703277588,0.0052515361458063126,0.02836940810084343,,,1.0,normal
2944,50,scenario3_repeated_spike,SAC,50,1.0,0,0.060625,0.197,0.5,0.5,-0.1288125,0.44781601428985596,0.0050520827062428,0.02508874610066414,,,1.0,normal
2945,50,scenario3_repeated_spike,SAC,50,1.9000000000000004,0,0.0611875,0.19790000000000002,0.5,0.5,-0.12954375,0.35947033762931824,0.0006848298944532871,0.009433262050151825,,,1.0,normal
2946,50,scenario3_repeated_spike,SAC,50,0.0,1,0.09,0.11199999999999999,0.5,0.5,-0.10099999999999999,0.8125131130218506,0.02779213897883892,0.05983564257621765,,,1.0,normal
2947,50,scenario3_repeated_spike,SAC,50,1.0,0,0.060625,0.197,0.5,0.5,-0.1288125,0.5635960102081299,0.02228163182735443,0.05553506314754486,,,1.0,normal
2948,50,scenario3_repeated_spike,SAC,50,0.0,1,0.09,0.11199999999999999,0.5,0.5,-0.10099999999999999,0.651723325252533,0.016733931377530098,0.04869601130485535,,,1.0,normal
2949,50,scenario3_repeated_spike,SAC,50,1.0,0,0.060625,0.197,0.5,0.5,-0.1288125,0.36773380637168884,0.004197640344500542,0.021154992282390594,,,1.0,normal
2950,50,scenario3_repeated_spike,SAC,50,0.0,1,0.09,0.11199999999999999,0.5,0.5,-0.10099999999999999,0.3579883873462677,0.005906706675887108,0.023206593468785286,,,1.0,normal
2951,50,scenario3_repeated_spike,SAC,50,1.0,0,0.060625,0.197,0.5,0.5,-0.1288125,0.44281938672065735,0.020362889394164085,0.048085954040288925,,,1.0,normal
2952,50,scenario3_repeated_spike,SAC,50,1.9000000000000004,0,0.0611875,0.19790000000000002,0.5,0.5,-0.12954375,0.6178622245788574,0.037182774394750595,0.05955078452825546,,,1.0,normal
2953,50,scenario3_repeated_spike,SAC,50,0.0,1,0.09,0.11199999999999999,0.5,0.5,-0.10099999999999999,0.7952404022216797,0.007911063730716705,0.03433894366025925,,,1.0,normal
2954,50,scenario3_repeated_spike,SAC,50,0.0,1,0.09,0.11199999999999999,0.5,0.5,-0.10099999999999999,0.6704805493354797,0.006060329265892506,0.029595576226711273,,,1.0,normal
2955,50,scenario3_repeated_spike,SAC,50,0.0,1,0.09,0.11199999999999999,0.5,0.5,-0.10099999999999999,0.34628239274024963,0.008293421007692814,0.030846988782286644,,,1.0,normal
2956,50,scenario3_repeated_spike,SAC,50,0.0,1,0.09,0.11199999999999999,0.5,0.5,-0.10099999999999999,0.4439893066883087,0.0069849491119384766,0.02983572706580162,,,1.0,normal
2957,50,scenario3_repeated_spike,SAC,50,0.0,1,0.09,0.11199999999999999,0.5,0.5,-0.10099999999999999,0.21516892313957214,0.0007515569450333714,0.009942973032593727,,,1.0,normal
2958,50,scenario3_repeated_spike,SAC,50,0.0,1,0.09,0.11199999999999999,0.5,0.5,-0.10099999999999999,0.3876802623271942,0.013607818633317947,0.043646469712257385,,,1.0,normal
2959,50,scenario3_repeated_spike,SAC,50,1.0,0,0.060625,0.197,0.5,0.5,-0.1288125,0.6212645769119263,0.015964897349476814,0.04169284552335739,,,1.0,normal
2960,50,scenario3_repeated_spike,SAC,50,0.0,1,0.09,0.11199999999999999,0.5,0.5,-0.10099999999999999,0.3271532356739044,0.015638606622815132,0.03744970262050629,,,1.0,normal
2961,50,scenario3_repeated_spike,SAC,50,1.0,0,0.060625,0.197,0.5,0.5,-0.1288125,0.4681987166404724,0.00813521258533001,0.035001400858163834,,,1.0,normal
2962,50,scenario3_repeated_spike,SAC,50,0.0,1,0.09,0.11199999999999999,0.5,0.5,-0.10099999999999999,0.4725116491317749,0.007065357640385628,0.031820148229599,,,1.0,normal
2963,50,scenario3_repeated_spike,SAC,50,0.0,1,0.09,0.11199999999999999,0.5,0.5,-0.10099999999999999,0.8516167402267456,0.017290232703089714,0.05712798982858658,,,1.0,normal
2964,50,scenario3_repeated_spike,SAC,50,0.0,1,0.09,0.11199999999999999,0.5,0.5,-0.10099999999999999,0.47412213683128357,0.0064644659869372845,0.02511593885719776,,,1.0,normal
2965,50,scenario3_repeated_spike,SAC,50,1.0,0,0.060625,0.197,0.5,0.5,-0.1288125,0.6640788912773132,0.00891462154686451,0.03548780456185341,,,1.0,normal
2966,50,scenario3_repeated_spike,SAC,50,0.0,1,0.09,0.11199999999999999,0.5,0.5,-0.10099999999999999,0.8044643998146057,0.015695711597800255,0.05349373817443848,,,1.0,normal
2967,50,scenario3_repeated_spike,SAC,50,0.0,1,0.09,0.11199999999999999,0.5,0.5,-0.10099999999999999,0.19678251445293427,0.013140039518475533,0.03227206692099571,,,1.0,normal
2968,50,scenario3_repeated_spike,SAC,50,1.0,0,0.060625,0.197,0.5,0.5,-0.1288125,0.41578441858291626,0.029960155487060547,0.04943576827645302,,,1.0,normal
2969,50,scenario3_repeated_spike,SAC,50,0.0,1,0.09,0.11199999999999999,0.5,0.5,-0.10099999999999999,0.4588612914085388,0.00933137908577919,0.03424222394824028,,,1.0,normal
2970,50,scenario3_repeated_spike,SAC,50,0.0,1,0.09,0.11199999999999999,0.5,0.5,-0.10099999999999999,0.38505613803863525,0.003823760896921158,0.022263282909989357,,,1.0,normal
2971,50,scenario3_repeated_spike,SAC,50,1.0,0,0.060625,0.197,0.5,0.5,-0.1288125,0.6630817651748657,0.016330957412719727,0.04757901653647423,,,1.0,normal
2972,50,scenario3_repeated_spike,SAC,50,0.0,1,0.09,0.11199999999999999,0.5,0.5,-0.10099999999999999,0.4517459273338318,0.012897636741399765,0.04161636903882027,,,1.0,normal
2973,50,scenario3_repeated_spike,SAC,50,0.0,1,0.09,0.11199999999999999,0.5,0.5,-0.10099999999999999,0.5460225939750671,0.006103456486016512,0.025345442816615105,,,1.0,normal
2974,50,scenario3_repeated_spike,SAC,50,0.0,1,0.09,0.11199999999999999,0.5,0.5,-0.10099999999999999,0.4125858545303345,0.010259553790092468,0.03279383108019829,,,1.0,normal
2975,50,scenario3_repeated_spike,SAC,50,1.0,0,0.060625,0.197,0.5,0.5,-0.1288125,0.6222615242004395,0.02555936947464943,0.05851146951317787,,,1.0,normal
2976,50,scenario3_repeated_spike,SAC,50,0.0,1,0.09,0.11199999999999999,0.5,0.5,-0.10099999999999999,0.8316366076469421,0.03393526375293732,0.08117598295211792,,,1.0,normal
2977,50,scenario3_repeated_spike,SAC,50,1.0,0,0.060625,0.197,0.5,0.5,-0.1288125,0.46267807483673096,0.013178314082324505,0.04076956585049629,,,1.0,normal
2978,50,scenario3_repeated_spike,SAC,50,0.0,1,0.09,0.11199999999999999,0.5,0.5,-0.10099999999999999,0.7537556290626526,0.011130480095744133,0.043421052396297455,,,1.0,normal
2979,50,scenario3_repeated_spike,SAC,50,1.0,0,0.060625,0.197,0.5,0.5,-0.1288125,0.7998059988021851,0.017757169902324677,0.05393107235431671,,,1.0,normal
2980,50,scenario3_repeated_spike,SAC,50,1.9000000000000004,0,0.0611875,0.19790000000000002,0.5,0.5,-0.12954375,0.5727139711380005,0.01645968109369278,0.052172355353832245,,,1.0,normal
2981,50,scenario3_repeated_spike,SAC,50,0.0,1,0.09,0.11199999999999999,0.5,0.5,-0.10099999999999999,0.4728448987007141,0.0044214073568582535,0.023044340312480927,,,1.0,normal
2982,50,scenario3_repeated_spike,SAC,50,0.0,1,0.09,0.11199999999999999,0.5,0.5,-0.10099999999999999,0.7235856652259827,0.012650714255869389,0.04108070209622383,,,1.0,normal
2983,50,scenario3_repeated_spike,SAC,50,0.0,1,0.09,0.11199999999999999,0.5,0.5,-0.10099999999999999,0.7646409273147583,0.021076852455735207,0.062140364199876785,,,1.0,normal
2984,50,scenario3_repeated_spike,SAC,50,1.0,0,0.060625,0.197,0.5,0.5,-0.1288125,0.43620315194129944,0.013725664466619492,0.04507698491215706,,,1.0,normal
2985,50,scenario3_repeated_spike,SAC,50,0.0,1,0.09,0.11199999999999999,0.5,0.5,-0.10099999999999999,0.5538196563720703,0.00547007005661726,0.028084175661206245,,,1.0,normal
2986,50,scenario3_repeated_spike,SAC,50,0.0,1,0.09,0.11199999999999999,0.5,0.5,-0.10099999999999999,0.5094102025032043,0.006211951375007629,0.025130828842520714,,,1.0,normal
2987,50,scenario3_repeated_spike,SAC,50,0.0,1,0.09,0.11199999999999999,0.5,0.5,-0.10099999999999999,0.32178112864494324,0.018542196601629257,0.046764668077230453,,,1.0,normal
2988,50,scenario3_repeated_spike,SAC,50,0.0,1,0.09,0.11199999999999999,0.5,0.5,-0.10099999999999999,0.5693820118904114,0.0274549201130867,0.06373998522758484,,,1.0,normal
2989,50,scenario3_repeated_spike,SAC,50,0.0,1,0.09,0.11199999999999999,0.5,0.5,-0.10099999999999999,0.3396890163421631,0.023050013929605484,0.05085480213165283,,,1.0,normal
2990,50,scenario3_repeated_spike,SAC,50,0.0,1,0.09,0.11199999999999999,0.5,0.5,-0.10099999999999999,0.6117172837257385,0.012485193088650703,0.04668644815683365,,,1.0,normal
2991,50,scenario3_repeated_spike,SAC,50,0.0,1,0.09,0.11199999999999999,0.5,0.5,-0.10099999999999999,0.5245618224143982,0.009553772397339344,0.031992677599191666,,,1.0,normal
2992,50,scenario3_repeated_spike,SAC,50,0.0,1,0.09,0.11199999999999999,0.5,0.5,-0.10099999999999999,0.6419679522514343,0.013855724595487118,0.04841161519289017,,,1.0,normal
2993,50,scenario3_repeated_spike,SAC,50,1.0,0,0.060625,0.197,0.5,0.5,-0.1288125,0.4428652226924896,0.012800964526832104,0.03351981192827225,,,1.0,normal
2994,50,scenario3_repeated_spike,SAC,50,1.9000000000000004,0,0.0611875,0.19790000000000002,0.5,0.5,-0.12954375,0.7193832993507385,0.02269710786640644,0.05992799624800682,,,1.0,normal
2995,50,scenario3_repeated_spike,SAC,50,0.0,1,0.09,0.11199999999999999,0.5,0.5,-0.10099999999999999,0.8284034132957458,0.02211645431816578,0.06536796689033508,,,1.0,normal
2996,50,scenario3_repeated_spike,SAC,50,0.0,1,0.09,0.11199999999999999,0.5,0.5,-0.10099999999999999,0.40962815284729004,0.009634939022362232,0.03154956176877022,,,1.0,normal
2997,50,scenario3_repeated_spike,SAC,50,0.0,1,0.09,0.11199999999999999,0.5,0.5,-0.10099999999999999,0.27994394302368164,0.007051120512187481,0.02595379762351513,,,1.0,normal
2998,50,scenario3_repeated_spike,SAC,50,0.0,1,0.09,0.11199999999999999,0.5,0.5,-0.10099999999999999,0.6208723187446594,0.018812011927366257,0.057493533939123154,,,1.0,normal
2999,50,scenario3_repeated_spike,SAC,50,1.0,0,0.060625,0.197,0.5,0.5,-0.1288125,0.34798088669776917,0.02032935433089733,0.048786818981170654,,,1.0,normal
