timestep,seed,scenario,agent,workload_level,queue_avg,action,selected_latency_s,selected_energy_j,latency_weight,energy_weight,reward,actor_loss,critic_loss,td_error,td_lat,td_eng,replay_priority,phase
0,20,scenario3_repeated_spike,SAC,50,4.0,1,0.09145454545454544,0.11316363636363636,0.5,0.5,-0.1023090909090909,,,,,,,normal
1,20,scenario3_repeated_spike,SAC,50,0.0,1,0.09,0.11199999999999999,0.5,0.5,-0.10099999999999999,,,,,,,normal
2,20,scenario3_repeated_spike,SAC,50,1.0,0,0.060625,0.197,0.5,0.5,-0.1288125,,,,,,,normal
3,20,scenario3_repeated_spike,SAC,50,1.9000000000000004,0,0.0611875,0.19790000000000002,0.5,0.5,-0.12954375,,,,,,,normal
4,20,scenario3_repeated_spike,SAC,50,0.0,1,0.09,0.11199999999999999,0.5,0.5,-0.10099999999999999,,,,,,,normal
5,20,scenario3_repeated_spike,SAC,50,0.0,1,0.09,0.11199999999999999,0.5,0.5,-0.10099999999999999,,,,,,,normal
6,20,scenario3_repeated_spike,SAC,50,0.0,1,0.09,0.11199999999999999,0.5,0.5,-0.10099999999999999,,,,,,,normal
7,20,scenario3_repeated_spike,SAC,50,0.0,1,0.09,0.11199999999999999,0.5,0.5,-0.10099999999999999,,,,,,,normal
8,20,scenario3_repeated_spike,SAC,50,0.0,1,0.09,0.11199999999999999,0.5,0.5,-0.10099999999999999,,,,,,,normal
9,20,scenario3_repeated_spike,SAC,50,0.0,1,0.09,0.11199999999999999,0.5,0.5,-0.10099999999999999,,,,,,,normal
10,20,scenario3_repeated_spike,SAC,50,0.0,1,0.09,0.11199999999999999,0.5,0.5,-0.10099999999999999,,,,,,,normal
11,20,scenario3_repeated_spike,SAC,50,0.0,1,0.09,0.11199999999999999,0.5,0.5,-0.10099999999999999,,,,,,,normal
12,20,scenario3_repeated_spike,SAC,50,0.0,1,0.09,0.11199999999999999,0.5,0.5,-0.10099999999999999,,,,,,,normal
13,20,scenario3_repeated_spike,SAC,50,0.0,1,0.09,0.11199999999999999,0.5,0.5,-0.10099999999999999,,,,,,,normal
14,20,scenario3_repeated_spike,SAC,50,1.0,0,0.060625,0.197,0.5,0.5,-0.1288125,,,,,,,normal
15,20,scenario3_repeated_spike,SAC,50,1.9000000000000004,0,0.0611875,0.19790000000000002,0.5,0.5,-0.12954375,,,,,,,normal
16,20,scenario3_repeated_spike,SAC,50,2.710000000000001,0,0.061693750000000006,0.19871000000000003,0.5,0.5,-0.13020187500000002,,,,,,,normal
17,20,scenario3_repeated_spike,SAC,50,0.0,1,0.09,0.11199999999999999,0.5,0.5,-0.10099999999999999,,,,,,,normal
18,20,scenario3_repeated_spike,SAC,50,1.0,0,0.060625,0.197,0.5,0.5,-0.1288125,,,,,,,normal
19,20,scenario3_repeated_spike,SAC,50,0.0,1,0.09,0.11199999999999999,0.5,0.5,-0.10099999999999999,,,,,,,normal
20,20,scenario3_repeated_spike,SAC,50,0.0,1,0.09,0.11199999999999999,0.5,0.5,-0.10099999999999999,,,,,,,normal
21,20,scenario3_repeated_spike,SAC,50,1.0,0,0.060625,0.197,0.5,0.5,-0.1288125,,,,,,,normal
22,20,scenario3_repeated_spike,SAC,50,1.9000000000000004,0,0.0611875,0.19790000000000002,0.5,0.5,-0.12954375,,,,,,,normal
23,20,scenario3_repeated_spike,SAC,50,2.710000000000001,0,0.061693750000000006,0.19871000000000003,0.5,0.5,-0.13020187500000002,,,,,,,normal
24,20,scenario3_repeated_spike,SAC,50,0.0,1,0.09,0.11199999999999999,0.5,0.5,-0.10099999999999999,,,,,,,normal
25,20,scenario3_repeated_spike,SAC,50,1.0,0,0.060625,0.197,0.5,0.5,-0.1288125,,,,,,,normal
26,20,scenario3_repeated_spike,SAC,50,0.0,1,0.09,0.11199999999999999,0.5,0.5,-0.10099999999999999,,,,,,,normal
27,20,scenario3_repeated_spike,SAC,50,0.0,1,0.09,0.11199999999999999,0.5,0.5,-0.10099999999999999,,,,,,,normal
28,20,scenario3_repeated_spike,SAC,50,0.0,1,0.09,0.11199999999999999,0.5,0.5,-0.10099999999999999,,,,,,,normal
29,20,scenario3_repeated_spike,SAC,50,1.0,0,0.060625,0.197,0.5,0.5,-0.1288125,,,,,,,normal
30,20,scenario3_repeated_spike,SAC,50,1.9000000000000004,0,0.0611875,0.19790000000000002,0.5,0.5,-0.12954375,,,,,,,normal
31,20,scenario3_repeated_spike,SAC,50,2.710000000000001,0,0.061693750000000006,0.19871000000000003,0.5,0.5,-0.13020187500000002,,,,,,,normal
32,20,scenario3_repeated_spike,SAC,50,0.0,1,0.09,0.11199999999999999,0.5,0.5,-0.10099999999999999,,,,,,,normal
33,20,scenario3_repeated_spike,SAC,50,0.0,1,0.09,0.11199999999999999,0.5,0.5,-0.10099999999999999,,,,,,,normal
34,20,scenario3_repeated_spike,SAC,50,1.0,0,0.060625,0.197,0.5,0.5,-0.1288125,,,,,,,normal
35,20,scenario3_repeated_spike,SAC,50,0.0,1,0.09,0.11199999999999999,0.5,0.5,-0.10099999999999999,,,,,,,normal
36,20,scenario3_repeated_spike,SAC,50,1.0,0,0.060625,0.197,0.5,0.5,-0.1288125,,,,,,,normal
37,20,scenario3_repeated_spike,SAC,50,1.9000000000000004,0,0.0611875,0.19790000000000002,0.5,0.5,-0.12954375,,,,,,,normal
38,20,scenario3_repeated_spike,SAC,50,0.0,1,0.09,0.11199999999999999,0.5,0.5,-0.10099999999999999,,,,,,,normal
39,20,scenario3_repeated_spike,SAC,50,1.0,0,0.060625,0.197,0.5,0.5,-0.1288125,,,,,,,normal
40,20,scenario3_repeated_spike,SAC,50,0.0,1,0.09,0.11199999999999999,0.5,0.5,-0.10099999999999999,,,,,,,normal
41,20,scenario3_repeated_spike,SAC,50,0.0,1,0.09,0.11199999999999999,0.5,0.5,-0.10099999999999999,,,,,,,normal
42,20,scenario3_repeated_spike,SAC,50,1.0,0,0.060625,0.197,0.5,0.5,-0.1288125,,,,,,,normal
43,20,scenario3_repeated_spike,SAC,50,1.9000000000000004,0,0.0611875,0.19790000000000002,0.5,0.5,-0.12954375,,,,,,,normal
44,20,scenario3_repeated_spike,SAC,50,2.710000000000001,0,0.061693750000000006,0.19871000000000003,0.5,0.5,-0.13020187500000002,,,,,,,normal
45,20,scenario3_repeated_spike,SAC,50,0.0,1,0.09,0.11199999999999999,0.5,0.5,-0.10099999999999999,,,,,,,normal
46,20,scenario3_repeated_spike,SAC,50,0.0,1,0.09,0.11199999999999999,0.5,0.5,-0.10099999999999999,,,,,,,normal
47,20,scenario3_repeated_spike,SAC,50,1.0,0,0.060625,0.197,0.5,0.5,-0.1288125,,,,,,,normal
48,20,scenario3_repeated_spike,SAC,50,1.9000000000000004,0,0.0611875,0.19790000000000002,0.5,0.5,-0.12954375,,,,,,,normal
49,20,scenario3_repeated_spike,SAC,50,0.0,1,0.09,0.11199999999999999,0.5,0.5,-0.10099999999999999,,,,,,,normal
50,20,scenario3_repeated_spike,SAC,50,0.0,1,0.09,0.11199999999999999,0.5,0.5,-0.10099999999999999,,,,,,,normal
51,20,scenario3_repeated_spike,SAC,50,0.0,1,0.09,0.11199999999999999,0.5,0.5,-0.10099999999999999,,,,,,,normal
52,20,scenario3_repeated_spike,SAC,50,1.0,0,0.060625,0.197,0.5,0.5,-0.1288125,,,,,,,normal
53,20,scenario3_repeated_spike,SAC,50,1.9000000000000004,0,0.0611875,0.19790000000000002,0.5,0.5,-0.12954375,,,,,,,normal
54,20,scenario3_repeated_spike,SAC,50,0.0,1,0.09,0.11199999999999999,0.5,0.5,-0.10099999999999999,,,,,,,normal
55,20,scenario3_repeated_spike,SAC,50,1.0,0,0.060625,0.197,0.5,0.5,-0.1288125,,,,,,,normal
56,20,scenario3_repeated_spike,SAC,50,0.0,1,0.09,0.11199999999999999,0.5,0.5,-0.10099999999999999,,,,,,,normal
57,20,scenario3_repeated_spike,SAC,50,1.0,0,0.060625,0.197,0.5,0.5,-0.1288125,,,,,,,normal
58,20,scenario3_repeated_spike,SAC,50,0.0,1,0.09,0.11199999999999999,0.5,0.5,-0.10099999999999999,,,,,,,normal
59,20,scenario3_repeated_spike,SAC,50,1.0,0,0.060625,0.197,0.5,0.5,-0.1288125,,,,,,,normal
60,20,scenario3_repeated_spike,SAC,50,1.9000000000000004,0,0.0611875,0.19790000000000002,0.5,0.5,-0.12954375,,,,,,,normal
61,20,scenario3_repeated_spike,SAC,50,0.0,1,0.09,0.11199999999999999,0.5,0.5,-0.10099999999999999,,,,,,,normal
62,20,scenario3_repeated_spike,SAC,50,1.0,0,0.060625,0.197,0.5,0.5,-0.1288125,,,,,,,normal
63,20,scenario3_repeated_spike,SAC,50,0.0,1,0.09,0.11199999999999999,0.5,0.5,-0.10099999999999999,-0.04731300473213196,0.052892882376909256,0.1206081286072731,,,1.0,normal
64,20,scenario3_repeated_spike,SAC,50,1.0,0,0.060625,0.197,0.5,0.5,-0.1288125,-0.05013037472963333,0.04759293794631958,0.11505036801099777,,,1.0,normal
65,20,scenario3_repeated_spike,SAC,50,0.0,1,0.09,0.11199999999999999,0.5,0.5,-0.10099999999999999,-0.05188627168536186,0.04313846305012703,0.11025059223175049,,,1.0,normal
66,20,scenario3_repeated_spike,SAC,50,1.0,0,0.060625,0.197,0.5,0.5,-0.1288125,-0.05459292605519295,0.0384477823972702,0.10463602095842361,,,1.0,normal
67,20,scenario3_repeated_spike,SAC,50,1.9000000000000004,0,0.0611875,0.19790000000000002,0.5,0.5,-0.12954375,-0.05585925281047821,0.03467639908194542,0.09871385991573334,,,1.0,normal
68,20,scenario3_repeated_spike,SAC,50,2.710000000000001,0,0.061693750000000006,0.19871000000000003,0.5,0.5,-0.13020187500000002,-0.05680060386657715,0.032205354422330856,0.09693177044391632,,,1.0,normal
69,20,scenario3_repeated_spike,SAC,50,3.439,0,0.062149375,0.199439,0.5,0.5,-0.1307941875,-0.058006659150123596,0.02968035824596882,0.09386169910430908,,,1.0,normal
70,20,scenario3_repeated_spike,SAC,50,0.0,1,0.09,0.11199999999999999,0.5,0.5,-0.10099999999999999,-0.060158126056194305,0.025007613003253937,0.08528206497430801,,,1.0,normal
71,20,scenario3_repeated_spike,SAC,50,0.0,1,0.09,0.11199999999999999,0.5,0.5,-0.10099999999999999,-0.06067737564444542,0.023006124421954155,0.08237632364034653,,,1.0,normal
72,20,scenario3_repeated_spike,SAC,50,1.0,0,0.060625,0.197,0.5,0.5,-0.1288125,-0.060479551553726196,0.02113170176744461,0.079995296895504,,,1.0,normal
73,20,scenario3_repeated_spike,SAC,50,1.9000000000000004,0,0.0611875,0.19790000000000002,0.5,0.5,-0.12954375,-0.06257955729961395,0.017811555415391922,0.07327461242675781,,,1.0,normal
74,20,scenario3_repeated_spike,SAC,50,2.710000000000001,0,0.061693750000000006,0.19871000000000003,0.5,0.5,-0.13020187500000002,-0.06300672143697739,0.01576712168753147,0.06856970489025116,,,1.0,normal
75,20,scenario3_repeated_spike,SAC,50,0.0,1,0.09,0.11199999999999999,0.5,0.5,-0.10099999999999999,-0.06346213817596436,0.013763454742729664,0.06405742466449738,,,1.0,normal
76,20,scenario3_repeated_spike,SAC,50,0.0,1,0.09,0.11199999999999999,0.5,0.5,-0.10099999999999999,-0.06540841609239578,0.010798451490700245,0.055281758308410645,,,1.0,normal
77,20,scenario3_repeated_spike,SAC,50,1.0,0,0.060625,0.197,0.5,0.5,-0.1288125,-0.06595642119646072,0.009603960439562798,0.0520334392786026,,,1.0,normal
78,20,scenario3_repeated_spike,SAC,50,1.9000000000000004,0,0.0611875,0.19790000000000002,0.5,0.5,-0.12954375,-0.06682389229536057,0.008209592662751675,0.04741271585226059,,,1.0,normal
79,20,scenario3_repeated_spike,SAC,50,0.0,1,0.09,0.11199999999999999,0.5,0.5,-0.10099999999999999,-0.06658773869276047,0.007219856604933739,0.04567766189575195,,,1.0,normal
80,20,scenario3_repeated_spike,SAC,50,1.0,0,0.060625,0.197,0.5,0.5,-0.1288125,-0.06817026436328888,0.005485858302563429,0.03956110030412674,,,1.0,normal
81,20,scenario3_repeated_spike,SAC,50,1.9000000000000004,0,0.0611875,0.19790000000000002,0.5,0.5,-0.12954375,-0.06730910390615463,0.004647258669137955,0.03677646815776825,,,1.0,normal
82,20,scenario3_repeated_spike,SAC,50,2.710000000000001,0,0.061693750000000006,0.19871000000000003,0.5,0.5,-0.13020187500000002,-0.07232439517974854,0.0036814159248024225,0.03307414427399635,,,1.0,normal
83,20,scenario3_repeated_spike,SAC,50,0.0,1,0.09,0.11199999999999999,0.5,0.5,-0.10099999999999999,-0.0697958692908287,0.002902908716350794,0.030467920005321503,,,1.0,normal
84,20,scenario3_repeated_spike,SAC,50,0.0,1,0.09,0.11199999999999999,0.5,0.5,-0.10099999999999999,-0.07042279094457626,0.002518950728699565,0.02890515886247158,,,1.0,normal
85,20,scenario3_repeated_spike,SAC,50,1.0,0,0.060625,0.197,0.5,0.5,-0.1288125,-0.07098928838968277,0.002012369455769658,0.02642187662422657,,,1.0,normal
86,20,scenario3_repeated_spike,SAC,50,0.0,1,0.09,0.11199999999999999,0.5,0.5,-0.10099999999999999,-0.07129747420549393,0.0016992775490507483,0.024593252688646317,,,1.0,normal
87,20,scenario3_repeated_spike,SAC,50,0.0,1,0.09,0.11199999999999999,0.5,0.5,-0.10099999999999999,-0.07479611784219742,0.0014490594621747732,0.023057525977492332,,,1.0,normal
88,20,scenario3_repeated_spike,SAC,50,1.0,0,0.060625,0.197,0.5,0.5,-0.1288125,-0.07168985158205032,0.001425485359504819,0.021607521921396255,,,1.0,normal
89,20,scenario3_repeated_spike,SAC,50,0.0,1,0.09,0.11199999999999999,0.5,0.5,-0.10099999999999999,-0.07107093930244446,0.0013637193478643894,0.020217400044202805,,,1.0,normal
90,20,scenario3_repeated_spike,SAC,50,1.0,0,0.060625,0.197,0.5,0.5,-0.1288125,-0.07301139086484909,0.0013038447359576821,0.018736708909273148,,,1.0,normal
91,20,scenario3_repeated_spike,SAC,50,1.9000000000000004,0,0.0611875,0.19790000000000002,0.5,0.5,-0.12954375,-0.07068009674549103,0.0013177992077544332,0.01794501394033432,,,1.0,normal
92,20,scenario3_repeated_spike,SAC,50,2.710000000000001,0,0.061693750000000006,0.19871000000000003,0.5,0.5,-0.13020187500000002,-0.07332926988601685,0.001268722815439105,0.01681719720363617,,,1.0,normal
93,20,scenario3_repeated_spike,SAC,50,0.0,1,0.09,0.11199999999999999,0.5,0.5,-0.10099999999999999,-0.07444166392087936,0.0012914498802274466,0.01699567399919033,,,1.0,normal
94,20,scenario3_repeated_spike,SAC,50,0.0,1,0.09,0.11199999999999999,0.5,0.5,-0.10099999999999999,-0.07107476145029068,0.0012625094968825579,0.01628437079489231,,,1.0,normal
95,20,scenario3_repeated_spike,SAC,50,0.0,1,0.09,0.11199999999999999,0.5,0.5,-0.10099999999999999,-0.07277371734380722,0.0011952368076890707,0.014916349202394485,,,1.0,normal
96,20,scenario3_repeated_spike,SAC,50,0.0,1,0.09,0.11199999999999999,0.5,0.5,-0.10099999999999999,-0.07303755730390549,0.0012135016731917858,0.015241190791130066,,,1.0,normal
97,20,scenario3_repeated_spike,SAC,50,0.0,1,0.09,0.11199999999999999,0.5,0.5,-0.10099999999999999,-0.07656494528055191,0.00044584207353182137,0.012388832867145538,,,1.0,normal
98,20,scenario3_repeated_spike,SAC,50,1.0,0,0.060625,0.197,0.5,0.5,-0.1288125,-0.07036257535219193,0.0010945589747279882,0.01312832161784172,,,1.0,normal
99,20,scenario3_repeated_spike,SAC,50,1.9000000000000004,0,0.0611875,0.19790000000000002,0.5,0.5,-0.12954375,-0.06828738003969193,0.0010226091835647821,0.012020405381917953,,,1.0,normal
100,20,scenario3_repeated_spike,SAC,50,0.0,1,0.09,0.11199999999999999,0.5,0.5,-0.10099999999999999,-0.06750930845737457,0.0009914056863635778,0.011715952306985855,,,1.0,normal
101,20,scenario3_repeated_spike,SAC,50,1.0,0,0.060625,0.197,0.5,0.5,-0.1288125,-0.07028916478157043,0.0009023914462886751,0.011190520599484444,,,1.0,normal
102,20,scenario3_repeated_spike,SAC,50,1.9000000000000004,0,0.0611875,0.19790000000000002,0.5,0.5,-0.12954375,-0.06887541711330414,0.0008353936136700213,0.010418299585580826,,,1.0,normal
103,20,scenario3_repeated_spike,SAC,50,2.710000000000001,0,0.061693750000000006,0.19871000000000003,0.5,0.5,-0.13020187500000002,-0.0726376622915268,0.0008458654046989977,0.011028492823243141,,,1.0,normal
104,20,scenario3_repeated_spike,SAC,50,0.0,1,0.09,0.11199999999999999,0.5,0.5,-0.10099999999999999,-0.07427115738391876,0.000239620974753052,0.008722621947526932,,,1.0,normal
105,20,scenario3_repeated_spike,SAC,50,0.0,1,0.09,0.11199999999999999,0.5,0.5,-0.10099999999999999,-0.07052858918905258,0.0006946573266759515,0.01084671076387167,,,1.0,normal
106,20,scenario3_repeated_spike,SAC,50,0.0,1,0.09,0.11199999999999999,0.5,0.5,-0.10099999999999999,-0.07265660911798477,0.00028485647635534406,0.009534724988043308,,,1.0,normal
107,20,scenario3_repeated_spike,SAC,50,0.0,1,0.09,0.11199999999999999,0.5,0.5,-0.10099999999999999,-0.07209201157093048,0.00022518371406476945,0.009047304280102253,,,1.0,normal
108,20,scenario3_repeated_spike,SAC,50,1.0,0,0.060625,0.197,0.5,0.5,-0.1288125,-0.07596894353628159,0.0001764924672897905,0.00822653528302908,,,1.0,normal
109,20,scenario3_repeated_spike,SAC,50,1.9000000000000004,0,0.0611875,0.19790000000000002,0.5,0.5,-0.12954375,-0.063642218708992,0.0006415190873667598,0.011228574439883232,,,1.0,normal
110,20,scenario3_repeated_spike,SAC,50,0.0,1,0.09,0.11199999999999999,0.5,0.5,-0.10099999999999999,-0.06632916629314423,0.0003585806698538363,0.010588998906314373,,,1.0,normal
111,20,scenario3_repeated_spike,SAC,50,0.0,1,0.09,0.11199999999999999,0.5,0.5,-0.10099999999999999,-0.07245787978172302,0.00027467901236377656,0.00891507975757122,,,1.0,normal
112,20,scenario3_repeated_spike,SAC,50,1.0,0,0.060625,0.197,0.5,0.5,-0.1288125,-0.06688225269317627,0.0005135865067131817,0.009576733224093914,,,1.0,normal
113,20,scenario3_repeated_spike,SAC,50,1.9000000000000004,0,0.0611875,0.19790000000000002,0.5,0.5,-0.12954375,-0.06330902129411697,0.0005183262983337045,0.009721324779093266,,,1.0,normal
114,20,scenario3_repeated_spike,SAC,50,2.710000000000001,0,0.061693750000000006,0.19871000000000003,0.5,0.5,-0.13020187500000002,-0.06574545800685883,0.000525278621353209,0.009141745045781136,,,1.0,normal
115,20,scenario3_repeated_spike,SAC,50,3.439,0,0.062149375,0.199439,0.5,0.5,-0.1307941875,-0.06576430797576904,0.0005567996995523572,0.009006800130009651,,,1.0,normal
116,20,scenario3_repeated_spike,SAC,50,0.0,1,0.09,0.11199999999999999,0.5,0.5,-0.10099999999999999,-0.06729161739349365,0.00033487932523712516,0.007966970093548298,,,1.0,normal
117,20,scenario3_repeated_spike,SAC,50,0.0,1,0.09,0.11199999999999999,0.5,0.5,-0.10099999999999999,-0.06242771074175835,0.0005430234014056623,0.0090416194871068,,,1.0,normal
118,20,scenario3_repeated_spike,SAC,50,0.0,1,0.09,0.11199999999999999,0.5,0.5,-0.10099999999999999,-0.0652303695678711,0.0004901124048046768,0.007966074161231518,,,1.0,normal
119,20,scenario3_repeated_spike,SAC,50,0.0,1,0.09,0.11199999999999999,0.5,0.5,-0.10099999999999999,-0.06521324068307877,0.0004827507655136287,0.007852712646126747,,,1.0,normal
120,20,scenario3_repeated_spike,SAC,50,1.0,0,0.060625,0.197,0.5,0.5,-0.1288125,-0.07167839258909225,0.00016762615996412933,0.0056667933240532875,,,1.0,normal
121,20,scenario3_repeated_spike,SAC,50,0.0,1,0.09,0.11199999999999999,0.5,0.5,-0.10099999999999999,-0.06197354197502136,0.00045800275984220207,0.00809003971517086,,,1.0,normal
122,20,scenario3_repeated_spike,SAC,50,1.0,0,0.060625,0.197,0.5,0.5,-0.1288125,-0.07013897597789764,0.00021174241555854678,0.006258739624172449,,,1.0,normal
123,20,scenario3_repeated_spike,SAC,50,0.0,1,0.09,0.11199999999999999,0.5,0.5,-0.10099999999999999,-0.06821752339601517,0.0002807802811730653,0.006877098698168993,,,1.0,normal
124,20,scenario3_repeated_spike,SAC,50,0.0,1,0.09,0.11199999999999999,0.5,0.5,-0.10099999999999999,-0.06268380582332611,0.00046453988761641085,0.008100560866296291,,,1.0,normal
125,20,scenario3_repeated_spike,SAC,50,0.0,1,0.09,0.11199999999999999,0.5,0.5,-0.10099999999999999,-0.06744401156902313,0.00035910788574256003,0.0067334771156311035,,,1.0,normal
126,20,scenario3_repeated_spike,SAC,50,1.0,0,0.060625,0.197,0.5,0.5,-0.1288125,-0.06567225605249405,0.00039269356057047844,0.007156090345233679,,,1.0,normal
127,20,scenario3_repeated_spike,SAC,50,0.0,1,0.09,0.11199999999999999,0.5,0.5,-0.10099999999999999,-0.0690307766199112,0.0003570779808796942,0.006596624851226807,,,1.0,normal
128,20,scenario3_repeated_spike,SAC,50,0.0,1,0.09,0.11199999999999999,0.5,0.5,-0.10099999999999999,-0.07491046190261841,0.00013119509094394743,0.005225375294685364,,,1.0,normal
129,20,scenario3_repeated_spike,SAC,50,0.0,1,0.09,0.11199999999999999,0.5,0.5,-0.10099999999999999,-0.07114377617835999,0.0001923446834553033,0.006024503614753485,,,1.0,normal
130,20,scenario3_repeated_spike,SAC,50,0.0,1,0.09,0.11199999999999999,0.5,0.5,-0.10099999999999999,-0.06804482638835907,0.00037096673622727394,0.0071277134120464325,,,1.0,normal
131,20,scenario3_repeated_spike,SAC,50,0.0,1,0.09,0.11199999999999999,0.5,0.5,-0.10099999999999999,-0.06750517338514328,0.0003504659980535507,0.007094129920005798,,,1.0,normal
132,20,scenario3_repeated_spike,SAC,50,0.0,1,0.09,0.11199999999999999,0.5,0.5,-0.10099999999999999,-0.0678640827536583,0.0003520919126458466,0.007074844557791948,,,1.0,normal
133,20,scenario3_repeated_spike,SAC,50,1.0,0,0.060625,0.197,0.5,0.5,-0.1288125,-0.07353787124156952,0.00017445257981307805,0.005421728827059269,,,1.0,normal
134,20,scenario3_repeated_spike,SAC,50,1.9000000000000004,0,0.0611875,0.19790000000000002,0.5,0.5,-0.12954375,-0.07213732600212097,0.0001784041232895106,0.005843378137797117,,,1.0,normal
135,20,scenario3_repeated_spike,SAC,50,0.0,1,0.09,0.11199999999999999,0.5,0.5,-0.10099999999999999,-0.07125265151262283,0.000175137392943725,0.005912322085350752,,,1.0,normal
136,20,scenario3_repeated_spike,SAC,50,1.0,0,0.060625,0.197,0.5,0.5,-0.1288125,-0.07211726903915405,0.0001933051971718669,0.005863866303116083,,,1.0,normal
137,20,scenario3_repeated_spike,SAC,50,1.9000000000000004,0,0.0611875,0.19790000000000002,0.5,0.5,-0.12954375,-0.07311166822910309,0.00015615348820574582,0.005324824713170528,,,1.0,normal
138,20,scenario3_repeated_spike,SAC,50,0.0,1,0.09,0.11199999999999999,0.5,0.5,-0.10099999999999999,-0.07596095651388168,0.00011287014785921201,0.00400754576548934,,,1.0,normal
139,20,scenario3_repeated_spike,SAC,50,0.0,1,0.09,0.11199999999999999,0.5,0.5,-0.10099999999999999,-0.0692380964756012,0.00032910529989749193,0.005726349074393511,,,1.0,normal
140,20,scenario3_repeated_spike,SAC,50,0.0,1,0.09,0.11199999999999999,0.5,0.5,-0.10099999999999999,-0.07638915628194809,9.465728362556547e-05,0.004039102233946323,,,1.0,normal
141,20,scenario3_repeated_spike,SAC,50,0.0,1,0.09,0.11199999999999999,0.5,0.5,-0.10099999999999999,-0.07495198398828506,0.00012156795128248632,0.004922715947031975,,,1.0,normal
142,20,scenario3_repeated_spike,SAC,50,0.0,1,0.09,0.11199999999999999,0.5,0.5,-0.10099999999999999,-0.07534907758235931,0.00011750633711926639,0.0050347596406936646,,,1.0,normal
143,20,scenario3_repeated_spike,SAC,50,1.0,0,0.060625,0.197,0.5,0.5,-0.1288125,-0.0712299644947052,0.0003195966419298202,0.005480979569256306,,,1.0,normal
144,20,scenario3_repeated_spike,SAC,50,0.0,1,0.09,0.11199999999999999,0.5,0.5,-0.10099999999999999,-0.07707078754901886,8.821697701932862e-05,0.004640243947505951,,,1.0,normal
145,20,scenario3_repeated_spike,SAC,50,1.0,0,0.060625,0.197,0.5,0.5,-0.1288125,-0.07258084416389465,0.0003299261734355241,0.005652310326695442,,,1.0,normal
146,20,scenario3_repeated_spike,SAC,50,1.9000000000000004,0,0.0611875,0.19790000000000002,0.5,0.5,-0.12954375,-0.07570657879114151,8.744135266169906e-05,0.004688577726483345,,,1.0,normal
147,20,scenario3_repeated_spike,SAC,50,0.0,1,0.09,0.11199999999999999,0.5,0.5,-0.10099999999999999,-0.07723954319953918,7.286390609806404e-05,0.0041162725538015366,,,1.0,normal
148,20,scenario3_repeated_spike,SAC,50,1.0,0,0.060625,0.197,0.5,0.5,-0.1288125,-0.07206991314888,0.00032088483567349613,0.0056867762468755245,,,1.0,normal
149,20,scenario3_repeated_spike,SAC,50,1.9000000000000004,0,0.0611875,0.19790000000000002,0.5,0.5,-0.12954375,-0.06856585294008255,0.0003404883318580687,0.005898810923099518,,,1.0,normal
150,20,scenario3_repeated_spike,SAC,50,0.0,1,0.09,0.11199999999999999,0.5,0.5,-0.10099999999999999,-0.07253333181142807,0.00028685375582426786,0.004783178213983774,,,1.0,normal
151,20,scenario3_repeated_spike,SAC,50,0.0,1,0.09,0.11199999999999999,0.5,0.5,-0.10099999999999999,-0.06647230684757233,0.00033061299473047256,0.00614344934001565,,,1.0,normal
152,20,scenario3_repeated_spike,SAC,50,0.0,1,0.09,0.11199999999999999,0.5,0.5,-0.10099999999999999,-0.07303887605667114,0.0002750275598373264,0.005021721590310335,,,1.0,normal
153,20,scenario3_repeated_spike,SAC,50,1.0,0,0.060625,0.197,0.5,0.5,-0.1288125,-0.07638462632894516,6.03876615059562e-05,0.003676978638395667,,,1.0,normal
154,20,scenario3_repeated_spike,SAC,50,0.0,1,0.09,0.11199999999999999,0.5,0.5,-0.10099999999999999,-0.07452470064163208,7.5436633778736e-05,0.003637801157310605,,,1.0,normal
155,20,scenario3_repeated_spike,SAC,50,0.0,1,0.09,0.11199999999999999,0.5,0.5,-0.10099999999999999,-0.07108652591705322,0.00012518273433670402,0.004482413176447153,,,1.0,normal
156,20,scenario3_repeated_spike,SAC,50,1.0,0,0.060625,0.197,0.5,0.5,-0.1288125,-0.07408390939235687,8.782980148680508e-05,0.00400847103446722,,,1.0,normal
157,20,scenario3_repeated_spike,SAC,50,0.0,1,0.09,0.11199999999999999,0.5,0.5,-0.10099999999999999,-0.07508428394794464,8.409242582274601e-05,0.0033907396718859673,,,1.0,normal
158,20,scenario3_repeated_spike,SAC,50,0.0,1,0.09,0.11199999999999999,0.5,0.5,-0.10099999999999999,-0.07368813455104828,0.00010843908239621669,0.004177621100097895,,,1.0,normal
159,20,scenario3_repeated_spike,SAC,50,1.0,0,0.060625,0.197,0.5,0.5,-0.1288125,-0.07434578984975815,6.911371747264639e-05,0.0034041530452668667,,,1.0,normal
160,20,scenario3_repeated_spike,SAC,50,0.0,1,0.09,0.11199999999999999,0.5,0.5,-0.10099999999999999,-0.07264146953821182,8.748445543460548e-05,0.0037760341074317694,,,1.0,normal
161,20,scenario3_repeated_spike,SAC,50,0.0,1,0.09,0.11199999999999999,0.5,0.5,-0.10099999999999999,-0.0681062713265419,0.0002672072732821107,0.005029961466789246,,,1.0,normal
162,20,scenario3_repeated_spike,SAC,50,1.0,0,0.060625,0.197,0.5,0.5,-0.1288125,-0.07472517341375351,7.724975876044482e-05,0.003408230608329177,,,1.0,normal
163,20,scenario3_repeated_spike,SAC,50,0.0,1,0.09,0.11199999999999999,0.5,0.5,-0.10099999999999999,-0.0721307247877121,9.813981887418777e-05,0.004034112207591534,,,1.0,normal
164,20,scenario3_repeated_spike,SAC,50,0.0,1,0.09,0.11199999999999999,0.5,0.5,-0.10099999999999999,-0.07584080100059509,6.173329165903851e-05,0.0032829027622938156,,,1.0,normal
165,20,scenario3_repeated_spike,SAC,50,0.0,1,0.09,0.11199999999999999,0.5,0.5,-0.10099999999999999,-0.07620725780725479,5.4548629123019055e-05,0.0031208344735205173,,,1.0,normal
166,20,scenario3_repeated_spike,SAC,50,0.0,1,0.09,0.11199999999999999,0.5,0.5,-0.10099999999999999,-0.07306361943483353,7.716293475823477e-05,0.0038197976537048817,,,1.0,normal
167,20,scenario3_repeated_spike,SAC,50,1.0,0,0.060625,0.197,0.5,0.5,-0.1288125,-0.07570874691009521,4.8416688514407724e-05,0.003257493255659938,,,1.0,normal
168,20,scenario3_repeated_spike,SAC,50,1.9000000000000004,0,0.0611875,0.19790000000000002,0.5,0.5,-0.12954375,-0.07101894170045853,0.00027571929967962205,0.004322263412177563,,,1.0,normal
169,20,scenario3_repeated_spike,SAC,50,0.0,1,0.09,0.11199999999999999,0.5,0.5,-0.10099999999999999,-0.07130006700754166,0.0002885925932787359,0.00447810860350728,,,1.0,normal
170,20,scenario3_repeated_spike,SAC,50,0.0,1,0.09,0.11199999999999999,0.5,0.5,-0.10099999999999999,-0.0714840292930603,0.0002778354100883007,0.004086554516106844,,,1.0,normal
171,20,scenario3_repeated_spike,SAC,50,1.0,0,0.060625,0.197,0.5,0.5,-0.1288125,-0.07610073685646057,3.496349017950706e-05,0.0028328050393611193,,,1.0,normal
172,20,scenario3_repeated_spike,SAC,50,0.0,1,0.09,0.11199999999999999,0.5,0.5,-0.10099999999999999,-0.0782596543431282,4.523146344581619e-05,0.0027462078724056482,,,1.0,normal
173,20,scenario3_repeated_spike,SAC,50,1.0,0,0.060625,0.197,0.5,0.5,-0.1288125,-0.07572342455387115,4.4475949835032225e-05,0.00280941603705287,,,1.0,normal
174,20,scenario3_repeated_spike,SAC,50,0.0,1,0.09,0.11199999999999999,0.5,0.5,-0.10099999999999999,-0.07007932662963867,0.00026719551533460617,0.004201025236397982,,,1.0,normal
175,20,scenario3_repeated_spike,SAC,50,0.0,1,0.09,0.11199999999999999,0.5,0.5,-0.10099999999999999,-0.07155831158161163,0.00023730522661935538,0.0035750390961766243,,,1.0,normal
176,20,scenario3_repeated_spike,SAC,50,0.0,1,0.09,0.11199999999999999,0.5,0.5,-0.10099999999999999,-0.07317402213811874,4.958057252224535e-05,0.0029902365058660507,,,1.0,normal
177,20,scenario3_repeated_spike,SAC,50,0.0,1,0.09,0.11199999999999999,0.5,0.5,-0.10099999999999999,-0.07268714904785156,0.0002187605859944597,0.003202014369890094,,,1.0,normal
178,20,scenario3_repeated_spike,SAC,50,1.0,0,0.060625,0.197,0.5,0.5,-0.1288125,-0.07042285799980164,0.0002441161050228402,0.0038004927337169647,,,1.0,normal
179,20,scenario3_repeated_spike,SAC,50,1.9000000000000004,0,0.0611875,0.19790000000000002,0.5,0.5,-0.12954375,-0.0724533200263977,0.00020197275443933904,0.0033297683112323284,,,1.0,normal
180,20,scenario3_repeated_spike,SAC,50,2.710000000000001,0,0.061693750000000006,0.19871000000000003,0.5,0.5,-0.13020187500000002,-0.07751104235649109,4.007997631561011e-05,0.0024655088782310486,,,1.0,normal
181,20,scenario3_repeated_spike,SAC,50,0.0,1,0.09,0.11199999999999999,0.5,0.5,-0.10099999999999999,-0.07435484230518341,8.528261969331652e-05,0.003289051353931427,,,1.0,normal
182,20,scenario3_repeated_spike,SAC,50,0.0,1,0.09,0.11199999999999999,0.5,0.5,-0.10099999999999999,-0.07277829200029373,7.297370029846206e-05,0.0032702714670449495,,,1.0,normal
183,20,scenario3_repeated_spike,SAC,50,1.0,0,0.060625,0.197,0.5,0.5,-0.1288125,-0.07857689261436462,6.22278093942441e-05,0.00245852954685688,,,1.0,normal
184,20,scenario3_repeated_spike,SAC,50,0.0,1,0.09,0.11199999999999999,0.5,0.5,-0.10099999999999999,-0.0763469785451889,5.312521170708351e-05,0.0025532736908644438,,,1.0,normal
185,20,scenario3_repeated_spike,SAC,50,0.0,1,0.09,0.11199999999999999,0.5,0.5,-0.10099999999999999,-0.07393885403871536,6.867476622574031e-05,0.00302934180945158,,,1.0,normal
186,20,scenario3_repeated_spike,SAC,50,1.0,0,0.060625,0.197,0.5,0.5,-0.1288125,-0.06984633207321167,0.0001889149862108752,0.003772535128518939,,,1.0,normal
187,20,scenario3_repeated_spike,SAC,50,0.0,1,0.09,0.11199999999999999,0.5,0.5,-0.10099999999999999,-0.07270731776952744,0.000186961202416569,0.003449876792728901,,,1.0,normal
188,20,scenario3_repeated_spike,SAC,50,1.0,0,0.060625,0.197,0.5,0.5,-0.1288125,-0.07304619252681732,7.494197780033574e-05,0.0032320087775588036,,,1.0,normal
189,20,scenario3_repeated_spike,SAC,50,1.9000000000000004,0,0.0611875,0.19790000000000002,0.5,0.5,-0.12954375,-0.07887367159128189,4.561875175568275e-05,0.002358072903007269,,,1.0,normal
190,20,scenario3_repeated_spike,SAC,50,0.0,1,0.09,0.11199999999999999,0.5,0.5,-0.10099999999999999,-0.07589937001466751,7.245996675919741e-05,0.0028795492835342884,,,1.0,normal
191,20,scenario3_repeated_spike,SAC,50,1.0,0,0.060625,0.197,0.5,0.5,-0.1288125,-0.06886915862560272,0.00021341125830076635,0.004211311228573322,,,1.0,normal
192,20,scenario3_repeated_spike,SAC,50,0.0,1,0.09,0.11199999999999999,0.5,0.5,-0.10099999999999999,-0.07435140758752823,0.00016119649808388203,0.003169031348079443,,,1.0,normal
193,20,scenario3_repeated_spike,SAC,50,0.0,1,0.09,0.11199999999999999,0.5,0.5,-0.10099999999999999,-0.0768585130572319,3.874411413562484e-05,0.0025429732631891966,,,1.0,normal
194,20,scenario3_repeated_spike,SAC,50,1.0,0,0.060625,0.197,0.5,0.5,-0.1288125,-0.07408614456653595,0.00015505785995628685,0.00301982369273901,,,1.0,normal
195,20,scenario3_repeated_spike,SAC,50,1.9000000000000004,0,0.0611875,0.19790000000000002,0.5,0.5,-0.12954375,-0.07019156217575073,0.00017025833949446678,0.003408326767385006,,,1.0,normal
196,20,scenario3_repeated_spike,SAC,50,2.710000000000001,0,0.061693750000000006,0.19871000000000003,0.5,0.5,-0.13020187500000002,-0.07685565948486328,5.232154217083007e-05,0.0023914219345897436,,,1.0,normal
197,20,scenario3_repeated_spike,SAC,50,3.439,0,0.062149375,0.199439,0.5,0.5,-0.1307941875,-0.07258819043636322,0.0001714082609396428,0.003203921252861619,,,1.0,normal
198,20,scenario3_repeated_spike,SAC,50,0.0,1,0.09,0.11199999999999999,0.5,0.5,-0.10099999999999999,-0.078462153673172,3.559480683179572e-05,0.00199987948872149,,,1.0,normal
199,20,scenario3_repeated_spike,SAC,50,1.0,0,0.060625,0.197,0.5,0.5,-0.1288125,-0.07610462605953217,5.059573595644906e-05,0.0023409444838762283,,,1.0,normal
200,20,scenario3_repeated_spike,SAC,50,1.9000000000000004,0,0.0611875,0.19790000000000002,0.5,0.5,-0.12954375,-0.07348375022411346,0.0001479567727074027,0.002957009943202138,,,1.0,normal
201,20,scenario3_repeated_spike,SAC,50,2.710000000000001,0,0.061693750000000006,0.19871000000000003,0.5,0.5,-0.13020187500000002,-0.07703894376754761,4.788104706676677e-05,0.002418165560811758,,,1.0,normal
202,20,scenario3_repeated_spike,SAC,50,3.439,0,0.062149375,0.199439,0.5,0.5,-0.1307941875,-0.0719127282500267,0.00015624539810232818,0.0031894713174551725,,,1.0,normal
203,20,scenario3_repeated_spike,SAC,50,0.0,1,0.09,0.11199999999999999,0.5,0.5,-0.10099999999999999,-0.0715446025133133,0.00011415929475333542,0.0037091681733727455,,,1.0,normal
204,20,scenario3_repeated_spike,SAC,50,1.0,0,0.060625,0.197,0.5,0.5,-0.1288125,-0.0779605507850647,7.183704292401671e-05,0.0025920411571860313,,,1.0,normal
205,20,scenario3_repeated_spike,SAC,50,0.0,1,0.09,0.11199999999999999,0.5,0.5,-0.10099999999999999,-0.07298348844051361,0.00012667063856497407,0.002793689724057913,,,1.0,normal
206,20,scenario3_repeated_spike,SAC,50,1.0,0,0.060625,0.197,0.5,0.5,-0.1288125,-0.07510335743427277,4.1224106098525226e-05,0.0024446682073175907,,,1.0,normal
207,20,scenario3_repeated_spike,SAC,50,0.0,1,0.09,0.11199999999999999,0.5,0.5,-0.10099999999999999,-0.07582500576972961,5.609785148408264e-05,0.002587323309853673,,,1.0,normal
208,20,scenario3_repeated_spike,SAC,50,1.0,0,0.060625,0.197,0.5,0.5,-0.1288125,-0.0782519206404686,2.9407969122985378e-05,0.0021779530216008425,,,1.0,normal
209,20,scenario3_repeated_spike,SAC,50,0.0,1,0.09,0.11199999999999999,0.5,0.5,-0.10099999999999999,-0.07618290185928345,6.148462853161618e-05,0.0024751084856688976,,,1.0,normal
210,20,scenario3_repeated_spike,SAC,50,1.0,0,0.060625,0.197,0.5,0.5,-0.1288125,-0.07729541510343552,4.171332693658769e-05,0.0022475854493677616,,,1.0,normal
211,20,scenario3_repeated_spike,SAC,50,1.9000000000000004,0,0.0611875,0.19790000000000002,0.5,0.5,-0.12954375,-0.0727519765496254,0.00016002824122551829,0.0033858970273286104,,,1.0,normal
212,20,scenario3_repeated_spike,SAC,50,0.0,1,0.09,0.11199999999999999,0.5,0.5,-0.10099999999999999,-0.07599636912345886,0.0001243429142050445,0.002608509734272957,,,1.0,normal
213,20,scenario3_repeated_spike,SAC,50,1.0,0,0.060625,0.197,0.5,0.5,-0.1288125,-0.08164218813180923,2.9330336474231444e-05,0.0019604619592428207,,,1.0,normal
214,20,scenario3_repeated_spike,SAC,50,0.0,1,0.09,0.11199999999999999,0.5,0.5,-0.10099999999999999,-0.07882289588451385,3.9288199332077056e-05,0.002113377209752798,,,1.0,normal
215,20,scenario3_repeated_spike,SAC,50,1.0,0,0.060625,0.197,0.5,0.5,-0.1288125,-0.07121635973453522,0.0001498453930253163,0.0034107943065464497,,,1.0,normal
216,20,scenario3_repeated_spike,SAC,50,0.0,1,0.09,0.11199999999999999,0.5,0.5,-0.10099999999999999,-0.07635384798049927,0.00011612341040745378,0.0024004909209907055,,,1.0,normal
217,20,scenario3_repeated_spike,SAC,50,1.0,0,0.060625,0.197,0.5,0.5,-0.1288125,-0.07505623996257782,5.536557728191838e-05,0.002634976990520954,,,1.0,normal
218,20,scenario3_repeated_spike,SAC,50,0.0,1,0.09,0.11199999999999999,0.5,0.5,-0.10099999999999999,-0.07668843865394592,5.954027801635675e-05,0.002703872974961996,,,1.0,normal
219,20,scenario3_repeated_spike,SAC,50,0.0,1,0.09,0.11199999999999999,0.5,0.5,-0.10099999999999999,-0.0768585056066513,6.681131344521418e-05,0.0025245524011552334,,,1.0,normal
220,20,scenario3_repeated_spike,SAC,50,1.0,0,0.060625,0.197,0.5,0.5,-0.1288125,-0.07828941196203232,4.665248343371786e-05,0.002149116713553667,,,1.0,normal
221,20,scenario3_repeated_spike,SAC,50,0.0,1,0.09,0.11199999999999999,0.5,0.5,-0.10099999999999999,-0.07379266619682312,0.00013262580614537,0.0028189956210553646,,,1.0,normal
222,20,scenario3_repeated_spike,SAC,50,0.0,1,0.09,0.11199999999999999,0.5,0.5,-0.10099999999999999,-0.08028072863817215,3.182548243785277e-05,0.0018425598973408341,,,1.0,normal
223,20,scenario3_repeated_spike,SAC,50,1.0,0,0.060625,0.197,0.5,0.5,-0.1288125,-0.07547537237405777,0.0001250673522008583,0.002668227767571807,,,1.0,normal
224,20,scenario3_repeated_spike,SAC,50,0.0,1,0.09,0.11199999999999999,0.5,0.5,-0.10099999999999999,-0.07350071519613266,0.00012295835767872632,0.0027070792857557535,,,1.0,normal
225,20,scenario3_repeated_spike,SAC,50,0.0,1,0.09,0.11199999999999999,0.5,0.5,-0.10099999999999999,-0.07535933703184128,9.952908294508234e-05,0.0022889962419867516,,,1.0,normal
226,20,scenario3_repeated_spike,SAC,50,1.0,0,0.060625,0.197,0.5,0.5,-0.1288125,-0.07870779186487198,8.754172449698672e-05,0.0021858676336705685,,,1.0,normal
227,20,scenario3_repeated_spike,SAC,50,0.0,1,0.09,0.11199999999999999,0.5,0.5,-0.10099999999999999,-0.0796634778380394,3.4400156437186524e-05,0.0021528268698602915,,,1.0,normal
228,20,scenario3_repeated_spike,SAC,50,1.0,0,0.060625,0.197,0.5,0.5,-0.1288125,-0.07871952652931213,8.305964729515836e-05,0.002772940555587411,,,1.0,normal
229,20,scenario3_repeated_spike,SAC,50,1.9000000000000004,0,0.0611875,0.19790000000000002,0.5,0.5,-0.12954375,-0.07613048702478409,8.643526234664023e-05,0.002386049833148718,,,1.0,normal
230,20,scenario3_repeated_spike,SAC,50,2.710000000000001,0,0.061693750000000006,0.19871000000000003,0.5,0.5,-0.13020187500000002,-0.07917426526546478,4.477832044358365e-05,0.0021654944866895676,,,1.0,normal
231,20,scenario3_repeated_spike,SAC,50,3.439,0,0.062149375,0.199439,0.5,0.5,-0.1307941875,-0.07168547809123993,0.0001281595032196492,0.003384100506082177,,,1.0,normal
232,20,scenario3_repeated_spike,SAC,50,4.0951,0,0.06255943750000001,0.20009510000000003,0.5,0.5,-0.13132726875,-0.07539648562669754,7.602776167914271e-05,0.002844505477696657,,,1.0,normal
233,20,scenario3_repeated_spike,SAC,50,0.0,1,0.09,0.11199999999999999,0.5,0.5,-0.10099999999999999,-0.08033982664346695,3.9962687878869474e-05,0.00208134762942791,,,1.0,normal
234,20,scenario3_repeated_spike,SAC,50,0.0,1,0.09,0.11199999999999999,0.5,0.5,-0.10099999999999999,-0.08246374130249023,3.0273760785348713e-05,0.0018894568784162402,,,1.0,normal
235,20,scenario3_repeated_spike,SAC,50,0.0,1,0.09,0.11199999999999999,0.5,0.5,-0.10099999999999999,-0.07613980025053024,5.853438415215351e-05,0.002732975874096155,,,1.0,normal
236,20,scenario3_repeated_spike,SAC,50,1.0,0,0.060625,0.197,0.5,0.5,-0.1288125,-0.07561016082763672,9.264802793040872e-05,0.0030153074767440557,,,1.0,normal
237,20,scenario3_repeated_spike,SAC,50,0.0,1,0.09,0.11199999999999999,0.5,0.5,-0.10099999999999999,-0.08314178884029388,3.732224286068231e-05,0.0018283345270901918,,,1.0,normal
238,20,scenario3_repeated_spike,SAC,50,1.0,0,0.060625,0.197,0.5,0.5,-0.1288125,-0.07879656553268433,4.403463390190154e-05,0.0023556738160550594,,,1.0,normal
239,20,scenario3_repeated_spike,SAC,50,0.0,1,0.09,0.11199999999999999,0.5,0.5,-0.10099999999999999,-0.0812537744641304,4.969841393176466e-05,0.002141100587323308,,,1.0,normal
240,20,scenario3_repeated_spike,SAC,50,0.0,1,0.09,0.11199999999999999,0.5,0.5,-0.10099999999999999,-0.08212491869926453,3.0082037483225577e-05,0.0019853513222187757,,,1.0,normal
241,20,scenario3_repeated_spike,SAC,50,0.0,1,0.09,0.11199999999999999,0.5,0.5,-0.10099999999999999,-0.08206488192081451,4.877488754573278e-05,0.0024535662960261106,,,1.0,normal
242,20,scenario3_repeated_spike,SAC,50,0.0,1,0.09,0.11199999999999999,0.5,0.5,-0.10099999999999999,-0.07849172502756119,5.70194679312408e-05,0.0026906419079750776,,,1.0,normal
243,20,scenario3_repeated_spike,SAC,50,0.0,1,0.09,0.11199999999999999,0.5,0.5,-0.10099999999999999,-0.0846068486571312,1.919548049045261e-05,0.001513108378276229,,,1.0,normal
244,20,scenario3_repeated_spike,SAC,50,1.0,0,0.060625,0.197,0.5,0.5,-0.1288125,-0.08122311532497406,2.0528563254629262e-05,0.0017716542351990938,,,1.0,normal
245,20,scenario3_repeated_spike,SAC,50,0.0,1,0.09,0.11199999999999999,0.5,0.5,-0.10099999999999999,-0.0842592790722847,3.863007441395894e-05,0.0019691167399287224,,,1.0,normal
246,20,scenario3_repeated_spike,SAC,50,1.0,0,0.060625,0.197,0.5,0.5,-0.1288125,-0.0836721733212471,1.649804471526295e-05,0.0013495127204805613,,,1.0,normal
247,20,scenario3_repeated_spike,SAC,50,0.0,1,0.09,0.11199999999999999,0.5,0.5,-0.10099999999999999,-0.08134570717811584,4.456026726984419e-05,0.0021485425531864166,,,1.0,normal
248,20,scenario3_repeated_spike,SAC,50,0.0,1,0.09,0.11199999999999999,0.5,0.5,-0.10099999999999999,-0.08388026058673859,3.051791281905025e-05,0.0017863254761323333,,,1.0,normal
249,20,scenario3_repeated_spike,SAC,50,0.0,1,0.09,0.11199999999999999,0.5,0.5,-0.10099999999999999,-0.08535605669021606,1.901234281831421e-05,0.001574061345309019,,,1.0,normal
250,20,scenario3_repeated_spike,SAC,50,0.0,1,0.09,0.11199999999999999,0.5,0.5,-0.10099999999999999,-0.07909601181745529,0.00014396161714103073,0.0024201213382184505,,,1.0,normal
251,20,scenario3_repeated_spike,SAC,50,0.0,1,0.09,0.11199999999999999,0.5,0.5,-0.10099999999999999,-0.08172370493412018,2.824806870194152e-05,0.0017929903697222471,,,1.0,normal
252,20,scenario3_repeated_spike,SAC,50,1.0,0,0.060625,0.197,0.5,0.5,-0.1288125,-0.08345429599285126,1.6384483387810178e-05,0.0015335808275267482,,,1.0,normal
253,20,scenario3_repeated_spike,SAC,50,1.9000000000000004,0,0.0611875,0.19790000000000002,0.5,0.5,-0.12954375,-0.07728641480207443,0.00015631171118002385,0.002505407202988863,,,1.0,normal
254,20,scenario3_repeated_spike,SAC,50,0.0,1,0.09,0.11199999999999999,0.5,0.5,-0.10099999999999999,-0.0826951339840889,2.578311068646144e-05,0.0017831417499110103,,,1.0,normal
255,20,scenario3_repeated_spike,SAC,50,0.0,1,0.09,0.11199999999999999,0.5,0.5,-0.10099999999999999,-0.08629203587770462,1.5080741832207423e-05,0.0013896757736802101,,,1.0,normal
256,20,scenario3_repeated_spike,SAC,50,0.0,1,0.09,0.11199999999999999,0.5,0.5,-0.10099999999999999,-0.08123058825731277,2.7735521143767983e-05,0.001747727394104004,,,1.0,normal
257,20,scenario3_repeated_spike,SAC,50,0.0,1,0.09,0.11199999999999999,0.5,0.5,-0.10099999999999999,-0.08037271350622177,0.0001365550997434184,0.0024672742001712322,,,1.0,normal
258,20,scenario3_repeated_spike,SAC,50,0.0,1,0.09,0.11199999999999999,0.5,0.5,-0.10099999999999999,-0.0853085145354271,1.8229173292638734e-05,0.0017331273993477225,,,1.0,normal
259,20,scenario3_repeated_spike,SAC,50,1.0,0,0.060625,0.197,0.5,0.5,-0.1288125,-0.08179417252540588,3.5809822293231264e-05,0.00202053296379745,,,1.0,normal
260,20,scenario3_repeated_spike,SAC,50,1.9000000000000004,0,0.0611875,0.19790000000000002,0.5,0.5,-0.12954375,-0.07772912085056305,0.0001320896699326113,0.0026304670609533787,,,1.0,normal
261,20,scenario3_repeated_spike,SAC,50,0.0,1,0.09,0.11199999999999999,0.5,0.5,-0.10099999999999999,-0.08439373224973679,1.5508114302065223e-05,0.0015844596782699227,,,1.0,normal
262,20,scenario3_repeated_spike,SAC,50,1.0,0,0.060625,0.197,0.5,0.5,-0.1288125,-0.08060538023710251,0.00010784686310216784,0.002288943389430642,,,1.0,normal
263,20,scenario3_repeated_spike,SAC,50,0.0,1,0.09,0.11199999999999999,0.5,0.5,-0.10099999999999999,-0.08180417865514755,9.695264452602714e-05,0.0021582224871963263,,,1.0,normal
264,20,scenario3_repeated_spike,SAC,50,1.0,0,0.060625,0.197,0.5,0.5,-0.1288125,-0.08456916362047195,2.2207319489098154e-05,0.0018295831978321075,,,1.0,normal
265,20,scenario3_repeated_spike,SAC,50,0.0,1,0.09,0.11199999999999999,0.5,0.5,-0.10099999999999999,-0.08412913978099823,2.5287117750849575e-05,0.0018206499516963959,,,1.0,normal
266,20,scenario3_repeated_spike,SAC,50,0.0,1,0.09,0.11199999999999999,0.5,0.5,-0.10099999999999999,-0.0788949728012085,9.721652895677835e-05,0.002646643901243806,,,1.0,normal
267,20,scenario3_repeated_spike,SAC,50,1.0,0,0.060625,0.197,0.5,0.5,-0.1288125,-0.08458273112773895,3.1782332371221855e-05,0.0019938847981393337,,,1.0,normal
268,20,scenario3_repeated_spike,SAC,50,1.9000000000000004,0,0.0611875,0.19790000000000002,0.5,0.5,-0.12954375,-0.08524526655673981,1.5622223145328462e-05,0.0016840731259435415,,,1.0,normal
269,20,scenario3_repeated_spike,SAC,50,0.0,1,0.09,0.11199999999999999,0.5,0.5,-0.10099999999999999,-0.08294585347175598,3.375164669705555e-05,0.002051129937171936,,,1.0,normal
270,20,scenario3_repeated_spike,SAC,50,0.0,1,0.09,0.11199999999999999,0.5,0.5,-0.10099999999999999,-0.08602757751941681,1.862727731349878e-05,0.001711281482130289,,,1.0,normal
271,20,scenario3_repeated_spike,SAC,50,1.0,0,0.060625,0.197,0.5,0.5,-0.1288125,-0.08182580769062042,4.3038453441113234e-05,0.002253314247354865,,,1.0,normal
272,20,scenario3_repeated_spike,SAC,50,0.0,1,0.09,0.11199999999999999,0.5,0.5,-0.10099999999999999,-0.08159206062555313,6.4375031797681e-05,0.0022328211925923824,,,1.0,normal
273,20,scenario3_repeated_spike,SAC,50,1.0,0,0.060625,0.197,0.5,0.5,-0.1288125,-0.08451958000659943,4.358837759355083e-05,0.0019958477932959795,,,1.0,normal
274,20,scenario3_repeated_spike,SAC,50,0.0,1,0.09,0.11199999999999999,0.5,0.5,-0.10099999999999999,-0.08399359881877899,5.0036454922519624e-05,0.001766800181940198,,,1.0,normal
275,20,scenario3_repeated_spike,SAC,50,1.0,0,0.060625,0.197,0.5,0.5,-0.1288125,-0.0837896391749382,6.304810085566714e-05,0.001821083016693592,,,1.0,normal
276,20,scenario3_repeated_spike,SAC,50,0.0,1,0.09,0.11199999999999999,0.5,0.5,-0.10099999999999999,-0.08815409988164902,1.6787964341347106e-05,0.0013769569341093302,,,1.0,normal
277,20,scenario3_repeated_spike,SAC,50,0.0,1,0.09,0.11199999999999999,0.5,0.5,-0.10099999999999999,-0.09059789031744003,6.795187346142484e-06,0.0010496454779058695,,,1.0,normal
278,20,scenario3_repeated_spike,SAC,50,1.0,0,0.060625,0.197,0.5,0.5,-0.1288125,-0.08730734139680862,1.3000369108340237e-05,0.0013559934450313449,,,1.0,normal
279,20,scenario3_repeated_spike,SAC,50,0.0,1,0.09,0.11199999999999999,0.5,0.5,-0.10099999999999999,-0.0838160365819931,4.8218869778793305e-05,0.0017203160095959902,,,1.0,normal
280,20,scenario3_repeated_spike,SAC,50,0.0,1,0.09,0.11199999999999999,0.5,0.5,-0.10099999999999999,-0.07978586852550507,8.156886178767309e-05,0.002414925955235958,,,1.0,normal
281,20,scenario3_repeated_spike,SAC,50,0.0,1,0.09,0.11199999999999999,0.5,0.5,-0.10099999999999999,-0.08880902081727982,1.6202233382500708e-05,0.0012735994532704353,,,1.0,normal
282,20,scenario3_repeated_spike,SAC,50,1.0,0,0.060625,0.197,0.5,0.5,-0.1288125,-0.08825261145830154,1.950987643795088e-05,0.0014142466243356466,,,1.0,normal
283,20,scenario3_repeated_spike,SAC,50,1.9000000000000004,0,0.0611875,0.19790000000000002,0.5,0.5,-0.12954375,-0.08669276535511017,4.1737777792150155e-05,0.0017785149393603206,,,1.0,normal
284,20,scenario3_repeated_spike,SAC,50,0.0,1,0.09,0.11199999999999999,0.5,0.5,-0.10099999999999999,-0.08811941742897034,1.2383337889332324e-05,0.0011430659797042608,,,1.0,normal
285,20,scenario3_repeated_spike,SAC,50,0.0,1,0.09,0.11199999999999999,0.5,0.5,-0.10099999999999999,-0.08900046348571777,1.52687407535268e-05,0.001380946021527052,,,1.0,normal
286,20,scenario3_repeated_spike,SAC,50,0.0,1,0.09,0.11199999999999999,0.5,0.5,-0.10099999999999999,-0.08383586257696152,4.9918395234271884e-05,0.002173309912905097,,,1.0,normal
287,20,scenario3_repeated_spike,SAC,50,1.0,0,0.060625,0.197,0.5,0.5,-0.1288125,-0.08936116844415665,1.618817805137951e-05,0.0013162961695343256,,,1.0,normal
288,20,scenario3_repeated_spike,SAC,50,0.0,1,0.09,0.11199999999999999,0.5,0.5,-0.10099999999999999,-0.09140966087579727,1.2182057616882958e-05,0.0011723246425390244,,,1.0,normal
289,20,scenario3_repeated_spike,SAC,50,1.0,0,0.060625,0.197,0.5,0.5,-0.1288125,-0.0900871604681015,1.412012534274254e-05,0.0011938906973227859,,,1.0,normal
290,20,scenario3_repeated_spike,SAC,50,1.9000000000000004,0,0.0611875,0.19790000000000002,0.5,0.5,-0.12954375,-0.08785765618085861,2.6554629585007206e-05,0.0015185122611001134,,,1.0,normal
291,20,scenario3_repeated_spike,SAC,50,2.710000000000001,0,0.061693750000000006,0.19871000000000003,0.5,0.5,-0.13020187500000002,-0.09000860154628754,2.8493137506302446e-05,0.0014836833579465747,,,1.0,normal
292,20,scenario3_repeated_spike,SAC,50,0.0,1,0.09,0.11199999999999999,0.5,0.5,-0.10099999999999999,-0.09038892388343811,1.1015326890628785e-05,0.0010516198817640543,,,1.0,normal
293,20,scenario3_repeated_spike,SAC,50,0.0,1,0.09,0.11199999999999999,0.5,0.5,-0.10099999999999999,-0.09133710712194443,1.0399239727121312e-05,0.001056493609212339,,,1.0,normal
294,20,scenario3_repeated_spike,SAC,50,0.0,1,0.09,0.11199999999999999,0.5,0.5,-0.10099999999999999,-0.09176438301801682,8.435483323410153e-06,0.0011717297602444887,,,1.0,normal
295,20,scenario3_repeated_spike,SAC,50,0.0,1,0.09,0.11199999999999999,0.5,0.5,-0.10099999999999999,-0.09069709479808807,6.6312068156548776e-06,0.0010729738278314471,,,1.0,normal
296,20,scenario3_repeated_spike,SAC,50,0.0,1,0.09,0.11199999999999999,0.5,0.5,-0.10099999999999999,-0.09058408439159393,1.948889075720217e-05,0.0012830211780965328,,,1.0,normal
297,20,scenario3_repeated_spike,SAC,50,0.0,1,0.09,0.11199999999999999,0.5,0.5,-0.10099999999999999,-0.08456604182720184,6.835580279584974e-05,0.0019034696742892265,,,1.0,normal
298,20,scenario3_repeated_spike,SAC,50,1.0,0,0.060625,0.197,0.5,0.5,-0.1288125,-0.08726433664560318,6.0436868807300925e-05,0.001596570946276188,,,1.0,normal
299,20,scenario3_repeated_spike,SAC,50,1.9000000000000004,0,0.0611875,0.19790000000000002,0.5,0.5,-0.12954375,-0.08496161550283432,6.315611972240731e-05,0.0016867701197043061,,,1.0,normal
300,20,scenario3_repeated_spike,SAC,50,0.0,1,0.09,0.11199999999999999,0.5,0.5,-0.10099999999999999,-0.08709634095430374,3.324745921418071e-05,0.001748049515299499,,,1.0,normal
301,20,scenario3_repeated_spike,SAC,50,0.0,1,0.09,0.11199999999999999,0.5,0.5,-0.10099999999999999,-0.08920686691999435,3.8031485019018874e-05,0.0017474107444286346,,,1.0,normal
302,20,scenario3_repeated_spike,SAC,50,0.0,1,0.09,0.11199999999999999,0.5,0.5,-0.10099999999999999,-0.0928993970155716,1.646993769099936e-05,0.0011078619863837957,,,1.0,normal
303,20,scenario3_repeated_spike,SAC,50,0.0,1,0.09,0.11199999999999999,0.5,0.5,-0.10099999999999999,-0.08619435876607895,5.964693991700187e-05,0.0019122977973893285,,,1.0,normal
304,20,scenario3_repeated_spike,SAC,50,0.0,1,0.09,0.11199999999999999,0.5,0.5,-0.10099999999999999,-0.09036548435688019,6.54391760690487e-06,0.0011314202565699816,,,1.0,normal
305,20,scenario3_repeated_spike,SAC,50,0.0,1,0.09,0.11199999999999999,0.5,0.5,-0.10099999999999999,-0.0892825573682785,1.3465522897604387e-05,0.0014752110000699759,,,1.0,normal
306,20,scenario3_repeated_spike,SAC,50,1.0,0,0.060625,0.197,0.5,0.5,-0.1288125,-0.08887035399675369,2.3535867512691766e-05,0.0015376090304926038,,,1.0,normal
307,20,scenario3_repeated_spike,SAC,50,1.9000000000000004,0,0.0611875,0.19790000000000002,0.5,0.5,-0.12954375,-0.09310530126094818,5.948437319602817e-06,0.001072235289029777,,,1.0,normal
308,20,scenario3_repeated_spike,SAC,50,0.0,1,0.09,0.11199999999999999,0.5,0.5,-0.10099999999999999,-0.09233777225017548,1.4466242646449246e-05,0.0014255723217502236,,,1.0,normal
309,20,scenario3_repeated_spike,SAC,50,0.0,1,0.09,0.11199999999999999,0.5,0.5,-0.10099999999999999,-0.09035094082355499,1.613959830137901e-05,0.0014266362413764,,,1.0,normal
310,20,scenario3_repeated_spike,SAC,50,0.0,1,0.09,0.11199999999999999,0.5,0.5,-0.10099999999999999,-0.0909939631819725,1.2257169146323577e-05,0.0013458988396450877,,,1.0,normal
311,20,scenario3_repeated_spike,SAC,50,1.0,0,0.060625,0.197,0.5,0.5,-0.1288125,-0.09306041151285172,7.0545611379202455e-06,0.0011615622788667679,,,1.0,normal
312,20,scenario3_repeated_spike,SAC,50,1.9000000000000004,0,0.0611875,0.19790000000000002,0.5,0.5,-0.12954375,-0.0909653902053833,1.256940777238924e-05,0.001323776668868959,,,1.0,normal
313,20,scenario3_repeated_spike,SAC,50,0.0,1,0.09,0.11199999999999999,0.5,0.5,-0.10099999999999999,-0.09136664122343063,1.0544124052103143e-05,0.0011876660864800215,,,1.0,normal
314,20,scenario3_repeated_spike,SAC,50,0.0,1,0.09,0.11199999999999999,0.5,0.5,-0.10099999999999999,-0.09363984316587448,4.000955414085183e-06,0.0009930756641551852,,,1.0,normal
315,20,scenario3_repeated_spike,SAC,50,0.0,1,0.09,0.11199999999999999,0.5,0.5,-0.10099999999999999,-0.0954500213265419,3.856007424474228e-06,0.0009175445884466171,,,1.0,normal
316,20,scenario3_repeated_spike,SAC,50,0.0,1,0.09,0.11199999999999999,0.5,0.5,-0.10099999999999999,-0.09255191683769226,6.598960681003518e-06,0.0010727689368650317,,,1.0,normal
317,20,scenario3_repeated_spike,SAC,50,1.0,0,0.060625,0.197,0.5,0.5,-0.1288125,-0.09419479966163635,4.843414899369236e-06,0.0009975603315979242,,,1.0,normal
318,20,scenario3_repeated_spike,SAC,50,0.0,1,0.09,0.11199999999999999,0.5,0.5,-0.10099999999999999,-0.08810072392225266,6.243585085030645e-05,0.0017653856193646789,,,1.0,normal
319,20,scenario3_repeated_spike,SAC,50,1.0,0,0.060625,0.197,0.5,0.5,-0.1288125,-0.0924111008644104,1.4838497008895501e-05,0.0012430718634277582,,,1.0,normal
320,20,scenario3_repeated_spike,SAC,50,1.9000000000000004,0,0.0611875,0.19790000000000002,0.5,0.5,-0.12954375,-0.09190034121274948,1.586146572662983e-05,0.0012235057074576616,,,1.0,normal
321,20,scenario3_repeated_spike,SAC,50,2.710000000000001,0,0.061693750000000006,0.19871000000000003,0.5,0.5,-0.13020187500000002,-0.09108271449804306,1.833888018154539e-05,0.001215683063492179,,,1.0,normal
322,20,scenario3_repeated_spike,SAC,50,0.0,1,0.09,0.11199999999999999,0.5,0.5,-0.10099999999999999,-0.09308648854494095,7.069704224704765e-06,0.0010152292670682073,,,1.0,normal
323,20,scenario3_repeated_spike,SAC,50,1.0,0,0.060625,0.197,0.5,0.5,-0.1288125,-0.09327570348978043,9.338807103631552e-06,0.0010128372814506292,,,1.0,normal
324,20,scenario3_repeated_spike,SAC,50,0.0,1,0.09,0.11199999999999999,0.5,0.5,-0.10099999999999999,-0.09106417000293732,4.6722703700652346e-05,0.0013129024300724268,,,1.0,normal
325,20,scenario3_repeated_spike,SAC,50,1.0,0,0.060625,0.197,0.5,0.5,-0.1288125,-0.09697066247463226,3.6293099583417643e-06,0.0008302659261971712,,,1.0,normal
326,20,scenario3_repeated_spike,SAC,50,0.0,1,0.09,0.11199999999999999,0.5,0.5,-0.10099999999999999,-0.09284887462854385,7.951289262564387e-06,0.0010928540723398328,,,1.0,normal
327,20,scenario3_repeated_spike,SAC,50,0.0,1,0.09,0.11199999999999999,0.5,0.5,-0.10099999999999999,-0.09226129204034805,8.267168595921248e-06,0.0011412149760872126,,,1.0,normal
328,20,scenario3_repeated_spike,SAC,50,1.0,0,0.060625,0.197,0.5,0.5,-0.1288125,-0.09324648231267929,4.325662757764803e-06,0.0009856779361143708,,,1.0,normal
329,20,scenario3_repeated_spike,SAC,50,0.0,1,0.09,0.11199999999999999,0.5,0.5,-0.10099999999999999,-0.09254710376262665,1.532191163278185e-05,0.0013129471335560083,,,1.0,normal
330,20,scenario3_repeated_spike,SAC,50,0.0,1,0.09,0.11199999999999999,0.5,0.5,-0.10099999999999999,-0.08978153020143509,4.810523387277499e-05,0.0015454716049134731,,,1.0,normal
331,20,scenario3_repeated_spike,SAC,50,0.0,1,0.09,0.11199999999999999,0.5,0.5,-0.10099999999999999,-0.09405817836523056,4.809829533769516e-06,0.0009065004414878786,,,1.0,normal
332,20,scenario3_repeated_spike,SAC,50,1.0,0,0.060625,0.197,0.5,0.5,-0.1288125,-0.09329811483621597,7.563510280306218e-06,0.0010025657247751951,,,1.0,normal
333,20,scenario3_repeated_spike,SAC,50,1.9000000000000004,0,0.0611875,0.19790000000000002,0.5,0.5,-0.12954375,-0.09546536952257156,7.296165676962119e-06,0.0009767530718818307,,,1.0,normal
334,20,scenario3_repeated_spike,SAC,50,2.710000000000001,0,0.061693750000000006,0.19871000000000003,0.5,0.5,-0.13020187500000002,-0.09084908664226532,3.808993278653361e-05,0.0012883992167189717,,,1.0,normal
335,20,scenario3_repeated_spike,SAC,50,3.439,0,0.062149375,0.199439,0.5,0.5,-0.1307941875,-0.09658375382423401,4.192208052700153e-06,0.0007905434467829764,,,1.0,normal
336,20,scenario3_repeated_spike,SAC,50,0.0,1,0.09,0.11199999999999999,0.5,0.5,-0.10099999999999999,-0.0949927419424057,5.895080448681256e-06,0.0009256552439182997,,,1.0,normal
337,20,scenario3_repeated_spike,SAC,50,0.0,1,0.09,0.11199999999999999,0.5,0.5,-0.10099999999999999,-0.09170231968164444,8.668771442899015e-06,0.0011776243336498737,,,1.0,normal
338,20,scenario3_repeated_spike,SAC,50,0.0,1,0.09,0.11199999999999999,0.5,0.5,-0.10099999999999999,-0.09545939415693283,1.2312901162658818e-05,0.001062509254552424,,,1.0,normal
339,20,scenario3_repeated_spike,SAC,50,1.0,0,0.060625,0.197,0.5,0.5,-0.1288125,-0.0951891839504242,4.678552613768261e-06,0.0009293113835155964,,,1.0,normal
340,20,scenario3_repeated_spike,SAC,50,0.0,1,0.09,0.11199999999999999,0.5,0.5,-0.10099999999999999,-0.09656280279159546,1.1954649380641058e-05,0.001002080156467855,,,1.0,normal
341,20,scenario3_repeated_spike,SAC,50,1.0,0,0.060625,0.197,0.5,0.5,-0.1288125,-0.08929850161075592,4.826137956115417e-05,0.001645182492211461,,,1.0,normal
342,20,scenario3_repeated_spike,SAC,50,0.0,1,0.09,0.11199999999999999,0.5,0.5,-0.10099999999999999,-0.09771108627319336,2.4066098376351874e-06,0.0007124958792701364,,,1.0,normal
343,20,scenario3_repeated_spike,SAC,50,0.0,1,0.09,0.11199999999999999,0.5,0.5,-0.10099999999999999,-0.0960390493273735,1.4394930076377932e-05,0.0010887733660638332,,,1.0,normal
344,20,scenario3_repeated_spike,SAC,50,0.0,1,0.09,0.11199999999999999,0.5,0.5,-0.10099999999999999,-0.09531354159116745,1.802278529794421e-05,0.001164260203950107,,,1.0,normal
345,20,scenario3_repeated_spike,SAC,50,1.0,0,0.060625,0.197,0.5,0.5,-0.1288125,-0.09751378744840622,2.8493163881648798e-06,0.0007401218172162771,,,1.0,normal
346,20,scenario3_repeated_spike,SAC,50,0.0,1,0.09,0.11199999999999999,0.5,0.5,-0.10099999999999999,-0.09412652254104614,1.6704085282981396e-05,0.0011742128990590572,,,1.0,normal
347,20,scenario3_repeated_spike,SAC,50,1.0,0,0.060625,0.197,0.5,0.5,-0.1288125,-0.09734492748975754,1.960558620339725e-06,0.0006528851808980107,,,1.0,normal
348,20,scenario3_repeated_spike,SAC,50,0.0,1,0.09,0.11199999999999999,0.5,0.5,-0.10099999999999999,-0.09837019443511963,2.737633394644945e-06,0.0006784615688957274,,,1.0,normal
349,20,scenario3_repeated_spike,SAC,50,1.0,0,0.060625,0.197,0.5,0.5,-0.1288125,-0.09361942857503891,3.056674904655665e-05,0.0009932367829605937,,,1.0,normal
350,20,scenario3_repeated_spike,SAC,50,0.0,1,0.09,0.11199999999999999,0.5,0.5,-0.10099999999999999,-0.09603878110647202,7.3685741881490685e-06,0.0009095808491110802,,,1.0,normal
351,20,scenario3_repeated_spike,SAC,50,0.0,1,0.09,0.11199999999999999,0.5,0.5,-0.10099999999999999,-0.09755153208971024,5.080044957139762e-06,0.0008563010487705469,,,1.0,normal
352,20,scenario3_repeated_spike,SAC,50,0.0,1,0.09,0.11199999999999999,0.5,0.5,-0.10099999999999999,-0.09862157702445984,4.043188710056711e-06,0.0007042668294161558,,,1.0,normal
353,20,scenario3_repeated_spike,SAC,50,0.0,1,0.09,0.11199999999999999,0.5,0.5,-0.10099999999999999,-0.09659610688686371,9.697286259324756e-06,0.0010280695278197527,,,1.0,normal
354,20,scenario3_repeated_spike,SAC,50,1.0,0,0.060625,0.197,0.5,0.5,-0.1288125,-0.09742411226034164,4.99419502375531e-06,0.000789846177212894,,,1.0,normal
355,20,scenario3_repeated_spike,SAC,50,0.0,1,0.09,0.11199999999999999,0.5,0.5,-0.10099999999999999,-0.09718222916126251,7.829808964743279e-06,0.0009692119201645255,,,1.0,normal
356,20,scenario3_repeated_spike,SAC,50,1.0,0,0.060625,0.197,0.5,0.5,-0.1288125,-0.0970868170261383,5.743054771301104e-06,0.000918548961635679,,,1.0,normal
357,20,scenario3_repeated_spike,SAC,50,1.9000000000000004,0,0.0611875,0.19790000000000002,0.5,0.5,-0.12954375,-0.0986926257610321,1.5075645023898687e-05,0.0010493638692423701,,,1.0,normal
358,20,scenario3_repeated_spike,SAC,50,0.0,1,0.09,0.11199999999999999,0.5,0.5,-0.10099999999999999,-0.09506093710660934,3.097562148468569e-05,0.0010819504968822002,,,1.0,normal
359,20,scenario3_repeated_spike,SAC,50,0.0,1,0.09,0.11199999999999999,0.5,0.5,-0.10099999999999999,-0.09718002378940582,5.5060613703972194e-06,0.000802369206212461,,,1.0,normal
360,20,scenario3_repeated_spike,SAC,50,0.0,1,0.09,0.11199999999999999,0.5,0.5,-0.10099999999999999,-0.09956514835357666,3.5263842619315255e-06,0.0006031186203472316,,,1.0,normal
361,20,scenario3_repeated_spike,SAC,50,0.0,1,0.09,0.11199999999999999,0.5,0.5,-0.10099999999999999,-0.09850436449050903,1.8628038560564164e-06,0.0006039770087227225,,,1.0,normal
362,20,scenario3_repeated_spike,SAC,50,1.0,0,0.060625,0.197,0.5,0.5,-0.1288125,-0.09447909891605377,3.429763819440268e-05,0.0011541350977495313,,,1.0,normal
363,20,scenario3_repeated_spike,SAC,50,1.9000000000000004,0,0.0611875,0.19790000000000002,0.5,0.5,-0.12954375,-0.09609945863485336,1.235352556250291e-05,0.0009971552062779665,,,1.0,normal
364,20,scenario3_repeated_spike,SAC,50,0.0,1,0.09,0.11199999999999999,0.5,0.5,-0.10099999999999999,-0.09630858898162842,1.2797489034710452e-05,0.001044444739818573,,,1.0,normal
365,20,scenario3_repeated_spike,SAC,50,1.0,0,0.060625,0.197,0.5,0.5,-0.1288125,-0.0996866300702095,3.3168821573781315e-06,0.0006691671442240477,,,1.0,normal
366,20,scenario3_repeated_spike,SAC,50,1.9000000000000004,0,0.0611875,0.19790000000000002,0.5,0.5,-0.12954375,-0.09956581890583038,3.5734874472836964e-06,0.0006940364837646484,,,1.0,normal
367,20,scenario3_repeated_spike,SAC,50,0.0,1,0.09,0.11199999999999999,0.5,0.5,-0.10099999999999999,-0.09581141918897629,2.7194830181542784e-05,0.0010641362750902772,,,1.0,normal
368,20,scenario3_repeated_spike,SAC,50,1.0,0,0.060625,0.197,0.5,0.5,-0.1288125,-0.09466665983200073,2.7128680812893435e-05,0.0011459136148914695,,,1.0,normal
369,20,scenario3_repeated_spike,SAC,50,1.9000000000000004,0,0.0611875,0.19790000000000002,0.5,0.5,-0.12954375,-0.09858089685440063,8.262200935860164e-06,0.0008635990670882165,,,1.0,normal
370,20,scenario3_repeated_spike,SAC,50,0.0,1,0.09,0.11199999999999999,0.5,0.5,-0.10099999999999999,-0.09656780958175659,1.5765393982292153e-05,0.001059322850778699,,,1.0,normal
371,20,scenario3_repeated_spike,SAC,50,0.0,1,0.09,0.11199999999999999,0.5,0.5,-0.10099999999999999,-0.09820760786533356,7.582227681268705e-06,0.0008893656195141375,,,1.0,normal
372,20,scenario3_repeated_spike,SAC,50,0.0,1,0.09,0.11199999999999999,0.5,0.5,-0.10099999999999999,-0.09887716174125671,7.0587589107162785e-06,0.000891595205757767,,,1.0,normal
373,20,scenario3_repeated_spike,SAC,50,0.0,1,0.09,0.11199999999999999,0.5,0.5,-0.10099999999999999,-0.09755761176347733,8.647693903185427e-06,0.0008729856926947832,,,1.0,normal
374,20,scenario3_repeated_spike,SAC,50,1.0,0,0.060625,0.197,0.5,0.5,-0.1288125,-0.10053323209285736,2.616919118736405e-06,0.0007839605095796287,,,1.0,normal
375,20,scenario3_repeated_spike,SAC,50,0.0,1,0.09,0.11199999999999999,0.5,0.5,-0.10099999999999999,-0.10100273787975311,6.5306981014146e-06,0.0007822431507520378,,,1.0,normal
376,20,scenario3_repeated_spike,SAC,50,0.0,1,0.09,0.11199999999999999,0.5,0.5,-0.10099999999999999,-0.09855692088603973,5.725096798414597e-06,0.0009038698044605553,,,1.0,normal
377,20,scenario3_repeated_spike,SAC,50,0.0,1,0.09,0.11199999999999999,0.5,0.5,-0.10099999999999999,-0.10112546384334564,1.8033870219369419e-06,0.0006879039574414492,,,1.0,normal
378,20,scenario3_repeated_spike,SAC,50,0.0,1,0.09,0.11199999999999999,0.5,0.5,-0.10099999999999999,-0.10147076845169067,7.467073828593129e-06,0.0008723039063625038,,,1.0,normal
379,20,scenario3_repeated_spike,SAC,50,0.0,1,0.09,0.11199999999999999,0.5,0.5,-0.10099999999999999,-0.09773740917444229,7.995355190359987e-06,0.0008956554811447859,,,1.0,normal
380,20,scenario3_repeated_spike,SAC,50,0.0,1,0.09,0.11199999999999999,0.5,0.5,-0.10099999999999999,-0.10065902769565582,5.544643954635831e-06,0.0006979048484936357,,,1.0,normal
381,20,scenario3_repeated_spike,SAC,50,0.0,1,0.09,0.11199999999999999,0.5,0.5,-0.10099999999999999,-0.09744343906641006,2.6878900825977325e-05,0.0009570206748321652,,,1.0,normal
382,20,scenario3_repeated_spike,SAC,50,1.0,0,0.060625,0.197,0.5,0.5,-0.1288125,-0.10113245993852615,1.4782939388169325e-06,0.0005529709160327911,,,1.0,normal
383,20,scenario3_repeated_spike,SAC,50,0.0,1,0.09,0.11199999999999999,0.5,0.5,-0.10099999999999999,-0.10255052149295807,1.6695323665771866e-06,0.0005449298187159002,,,1.0,normal
384,20,scenario3_repeated_spike,SAC,50,0.0,1,0.09,0.11199999999999999,0.5,0.5,-0.10099999999999999,-0.09891463071107864,1.217307635670295e-05,0.001001646276563406,,,1.0,normal
385,20,scenario3_repeated_spike,SAC,50,1.0,0,0.060625,0.197,0.5,0.5,-0.1288125,-0.10278292745351791,1.039223320731253e-06,0.000526243937201798,,,1.0,normal
386,20,scenario3_repeated_spike,SAC,50,0.0,1,0.09,0.11199999999999999,0.5,0.5,-0.10099999999999999,-0.10055933892726898,7.786855348967947e-06,0.000794408842921257,,,1.0,normal
387,20,scenario3_repeated_spike,SAC,50,0.0,1,0.09,0.11199999999999999,0.5,0.5,-0.10099999999999999,-0.10138559341430664,5.734627848141827e-06,0.0007669515325687826,,,1.0,normal
388,20,scenario3_repeated_spike,SAC,50,1.0,0,0.060625,0.197,0.5,0.5,-0.1288125,-0.10025418549776077,9.767938536242582e-06,0.0008796564652584493,,,1.0,normal
389,20,scenario3_repeated_spike,SAC,50,1.9000000000000004,0,0.0611875,0.19790000000000002,0.5,0.5,-0.12954375,-0.10450617969036102,2.22034441321739e-06,0.0005228688241913915,,,1.0,normal
390,20,scenario3_repeated_spike,SAC,50,0.0,1,0.09,0.11199999999999999,0.5,0.5,-0.10099999999999999,-0.10214130580425262,3.7067352423036937e-06,0.0006461712764576077,,,1.0,normal
391,20,scenario3_repeated_spike,SAC,50,0.0,1,0.09,0.11199999999999999,0.5,0.5,-0.10099999999999999,-0.10439655929803848,2.165254954888951e-06,0.0005420320085249841,,,1.0,normal
392,20,scenario3_repeated_spike,SAC,50,0.0,1,0.09,0.11199999999999999,0.5,0.5,-0.10099999999999999,-0.10215818136930466,1.227676989401516e-06,0.0005397832719609141,,,1.0,normal
393,20,scenario3_repeated_spike,SAC,50,0.0,1,0.09,0.11199999999999999,0.5,0.5,-0.10099999999999999,-0.10018642991781235,2.7098092687083408e-05,0.0009746281430125237,,,1.0,normal
394,20,scenario3_repeated_spike,SAC,50,1.0,0,0.060625,0.197,0.5,0.5,-0.1288125,-0.10260263085365295,6.1244104472280014e-06,0.0007267113542184234,,,1.0,normal
395,20,scenario3_repeated_spike,SAC,50,0.0,1,0.09,0.11199999999999999,0.5,0.5,-0.10099999999999999,-0.10160979628562927,5.561065336223692e-06,0.00077286665327847,,,1.0,normal
396,20,scenario3_repeated_spike,SAC,50,0.0,1,0.09,0.11199999999999999,0.5,0.5,-0.10099999999999999,-0.10235197842121124,2.21904406316753e-06,0.000631959643214941,,,1.0,normal
397,20,scenario3_repeated_spike,SAC,50,1.0,0,0.060625,0.197,0.5,0.5,-0.1288125,-0.10414043813943863,7.656815910195292e-07,0.0005313795409165323,,,1.0,normal
398,20,scenario3_repeated_spike,SAC,50,1.9000000000000004,0,0.0611875,0.19790000000000002,0.5,0.5,-0.12954375,-0.10181033611297607,2.0566340026562102e-05,0.0008440442034043372,,,1.0,normal
399,20,scenario3_repeated_spike,SAC,50,0.0,1,0.09,0.11199999999999999,0.5,0.5,-0.10099999999999999,-0.10444698482751846,1.0356852726545185e-06,0.0005409393925219774,,,1.0,normal
400,20,scenario3_repeated_spike,SAC,50,0.0,1,0.09,0.11199999999999999,0.5,0.5,-0.10099999999999999,-0.10384243726730347,6.110893536970252e-06,0.0007261234568431973,,,1.0,normal
401,20,scenario3_repeated_spike,SAC,50,1.0,0,0.060625,0.197,0.5,0.5,-0.1288125,-0.10500185936689377,6.543933750435826e-07,0.0004526814154814929,,,1.0,normal
402,20,scenario3_repeated_spike,SAC,50,0.0,1,0.09,0.11199999999999999,0.5,0.5,-0.10099999999999999,-0.10171934962272644,3.0842934393149335e-06,0.0006675576441921294,,,1.0,normal
403,20,scenario3_repeated_spike,SAC,50,0.0,1,0.09,0.11199999999999999,0.5,0.5,-0.10099999999999999,-0.10299336165189743,6.557194865308702e-06,0.0007538702338933945,,,1.0,normal
404,20,scenario3_repeated_spike,SAC,50,0.0,1,0.09,0.11199999999999999,0.5,0.5,-0.10099999999999999,-0.09706849604845047,2.9945504138595425e-05,0.0013142977841198444,,,1.0,normal
405,20,scenario3_repeated_spike,SAC,50,1.0,0,0.060625,0.197,0.5,0.5,-0.1288125,-0.10427502542734146,5.954571406618925e-06,0.0006308445590548217,,,1.0,normal
406,20,scenario3_repeated_spike,SAC,50,0.0,1,0.09,0.11199999999999999,0.5,0.5,-0.10099999999999999,-0.10214859247207642,8.097570571408141e-06,0.0007516898913308978,,,1.0,normal
407,20,scenario3_repeated_spike,SAC,50,1.0,0,0.060625,0.197,0.5,0.5,-0.1288125,-0.10462646931409836,1.1153706509503536e-06,0.00045819219667464495,,,1.0,normal
408,20,scenario3_repeated_spike,SAC,50,0.0,1,0.09,0.11199999999999999,0.5,0.5,-0.10099999999999999,-0.10258324444293976,6.681074410153087e-06,0.0006921706954017282,,,1.0,normal
409,20,scenario3_repeated_spike,SAC,50,1.0,0,0.060625,0.197,0.5,0.5,-0.1288125,-0.10514524579048157,2.9340351375140017e-06,0.000519123044796288,,,1.0,normal
410,20,scenario3_repeated_spike,SAC,50,1.9000000000000004,0,0.0611875,0.19790000000000002,0.5,0.5,-0.12954375,-0.10596656799316406,2.4588450742157875e-06,0.000525687588378787,,,1.0,normal
411,20,scenario3_repeated_spike,SAC,50,2.710000000000001,0,0.061693750000000006,0.19871000000000003,0.5,0.5,-0.13020187500000002,-0.10357988625764847,3.674100980788353e-06,0.0005926951998844743,,,1.0,normal
412,20,scenario3_repeated_spike,SAC,50,3.439,0,0.062149375,0.199439,0.5,0.5,-0.1307941875,-0.10398775339126587,4.243110197421629e-06,0.0006031235097907484,,,1.0,normal
413,20,scenario3_repeated_spike,SAC,50,0.0,1,0.09,0.11199999999999999,0.5,0.5,-0.10099999999999999,-0.10590340942144394,2.618783355501364e-06,0.000493635656312108,,,1.0,normal
414,20,scenario3_repeated_spike,SAC,50,0.0,1,0.09,0.11199999999999999,0.5,0.5,-0.10099999999999999,-0.10629881918430328,5.626836809824454e-07,0.0004009426338598132,,,1.0,normal
415,20,scenario3_repeated_spike,SAC,50,0.0,1,0.09,0.11199999999999999,0.5,0.5,-0.10099999999999999,-0.1042892336845398,3.7771721963508753e-06,0.0006020811852067709,,,1.0,normal
416,20,scenario3_repeated_spike,SAC,50,1.0,0,0.060625,0.197,0.5,0.5,-0.1288125,-0.1056373342871666,1.659111148910597e-06,0.00045680697076022625,,,1.0,normal
417,20,scenario3_repeated_spike,SAC,50,0.0,1,0.09,0.11199999999999999,0.5,0.5,-0.10099999999999999,-0.10545511543750763,5.443366717372555e-06,0.0006235059699974954,,,1.0,normal
418,20,scenario3_repeated_spike,SAC,50,0.0,1,0.09,0.11199999999999999,0.5,0.5,-0.10099999999999999,-0.10138380527496338,2.2426867872127332e-05,0.0009560711914673448,,,1.0,normal
419,20,scenario3_repeated_spike,SAC,50,0.0,1,0.09,0.11199999999999999,0.5,0.5,-0.10099999999999999,-0.10631851851940155,6.016587121848715e-07,0.00037419330328702927,,,1.0,normal
420,20,scenario3_repeated_spike,SAC,50,1.0,0,0.060625,0.197,0.5,0.5,-0.1288125,-0.10541097819805145,2.0165605292277178e-06,0.0005168287316337228,,,1.0,normal
421,20,scenario3_repeated_spike,SAC,50,1.9000000000000004,0,0.0611875,0.19790000000000002,0.5,0.5,-0.12954375,-0.10586653649806976,1.5618727502442198e-06,0.0004498239140957594,,,1.0,normal
422,20,scenario3_repeated_spike,SAC,50,0.0,1,0.09,0.11199999999999999,0.5,0.5,-0.10099999999999999,-0.10624837875366211,4.4598110093829746e-07,0.00036776327760890126,,,1.0,normal
423,20,scenario3_repeated_spike,SAC,50,0.0,1,0.09,0.11199999999999999,0.5,0.5,-0.10099999999999999,-0.10636752098798752,3.336318059155019e-06,0.000570412608794868,,,1.0,normal
424,20,scenario3_repeated_spike,SAC,50,0.0,1,0.09,0.11199999999999999,0.5,0.5,-0.10099999999999999,-0.10649483650922775,8.016774017960415e-07,0.00041803749627433717,,,1.0,normal
425,20,scenario3_repeated_spike,SAC,50,1.0,0,0.060625,0.197,0.5,0.5,-0.1288125,-0.1076434999704361,1.451086973247584e-06,0.000430243177106604,,,1.0,normal
426,20,scenario3_repeated_spike,SAC,50,1.9000000000000004,0,0.0611875,0.19790000000000002,0.5,0.5,-0.12954375,-0.1078449934720993,3.584578053050791e-06,0.0004604337736964226,,,1.0,normal
427,20,scenario3_repeated_spike,SAC,50,2.710000000000001,0,0.061693750000000006,0.19871000000000003,0.5,0.5,-0.13020187500000002,-0.1064775213599205,1.5938413753247005e-06,0.00045303330989554524,,,1.0,normal
428,20,scenario3_repeated_spike,SAC,50,3.439,0,0.062149375,0.199439,0.5,0.5,-0.1307941875,-0.1069740504026413,5.0525868573458865e-06,0.0005647481884807348,,,1.0,normal
429,20,scenario3_repeated_spike,SAC,50,4.0951,0,0.06255943750000001,0.20009510000000003,0.5,0.5,-0.13132726875,-0.10640041530132294,1.653637582421652e-06,0.0005168360657989979,,,1.0,normal
430,20,scenario3_repeated_spike,SAC,50,4.685590000000001,0,0.06292849375000001,0.20068559000000002,0.5,0.5,-0.13180704187500003,-0.10618971288204193,1.3810292784910416e-06,0.00046227651182562113,,,1.0,normal
431,20,scenario3_repeated_spike,SAC,50,0.0,1,0.09,0.11199999999999999,0.5,0.5,-0.10099999999999999,-0.10220923274755478,1.9900566258002073e-05,0.0009494626428931952,,,1.0,normal
432,20,scenario3_repeated_spike,SAC,50,1.0,0,0.060625,0.197,0.5,0.5,-0.1288125,-0.10449814051389694,4.612544671545038e-06,0.0006482823519036174,,,1.0,normal
433,20,scenario3_repeated_spike,SAC,50,1.9000000000000004,0,0.0611875,0.19790000000000002,0.5,0.5,-0.12954375,-0.10677256435155869,3.4180688999185804e-06,0.0005323279183357954,,,1.0,normal
434,20,scenario3_repeated_spike,SAC,50,0.0,1,0.09,0.11199999999999999,0.5,0.5,-0.10099999999999999,-0.10710915923118591,1.4318028433990548e-06,0.0005117931868880987,,,1.0,normal
435,20,scenario3_repeated_spike,SAC,50,0.0,1,0.09,0.11199999999999999,0.5,0.5,-0.10099999999999999,-0.1074182540178299,2.532202415750362e-06,0.0005762731889262795,,,1.0,normal
436,20,scenario3_repeated_spike,SAC,50,1.0,0,0.060625,0.197,0.5,0.5,-0.1288125,-0.10818120092153549,1.2786950946974684e-06,0.0004515135078690946,,,1.0,normal
437,20,scenario3_repeated_spike,SAC,50,0.0,1,0.09,0.11199999999999999,0.5,0.5,-0.10099999999999999,-0.10596316307783127,9.883437996904831e-06,0.00075210549402982,,,1.0,normal
438,20,scenario3_repeated_spike,SAC,50,0.0,1,0.09,0.11199999999999999,0.5,0.5,-0.10099999999999999,-0.10644235461950302,3.656903572846204e-06,0.0005838066572323442,,,1.0,normal
439,20,scenario3_repeated_spike,SAC,50,1.0,0,0.060625,0.197,0.5,0.5,-0.1288125,-0.10800088942050934,3.986919182352722e-06,0.0005051392363384366,,,1.0,normal
440,20,scenario3_repeated_spike,SAC,50,1.9000000000000004,0,0.0611875,0.19790000000000002,0.5,0.5,-0.12954375,-0.10548216104507446,1.0005070180341136e-05,0.0007892668363638222,,,1.0,normal
441,20,scenario3_repeated_spike,SAC,50,0.0,1,0.09,0.11199999999999999,0.5,0.5,-0.10099999999999999,-0.10747188329696655,9.822125321079511e-06,0.0006732273031957448,,,1.0,normal
442,20,scenario3_repeated_spike,SAC,50,1.0,0,0.060625,0.197,0.5,0.5,-0.1288125,-0.11008860915899277,4.530023147708562e-07,0.00033146661007776856,,,1.0,normal
443,20,scenario3_repeated_spike,SAC,50,0.0,1,0.09,0.11199999999999999,0.5,0.5,-0.10099999999999999,-0.10741352289915085,1.7554991700308165e-06,0.0005209646187722683,,,1.0,normal
444,20,scenario3_repeated_spike,SAC,50,1.0,0,0.060625,0.197,0.5,0.5,-0.1288125,-0.10657978802919388,3.3318019632133655e-06,0.000612138188444078,,,1.0,normal
445,20,scenario3_repeated_spike,SAC,50,0.0,1,0.09,0.11199999999999999,0.5,0.5,-0.10099999999999999,-0.11049126088619232,1.1161918109792168e-06,0.00041083068936131895,,,1.0,normal
446,20,scenario3_repeated_spike,SAC,50,1.0,0,0.060625,0.197,0.5,0.5,-0.1288125,-0.10631613433361053,5.384561518440023e-06,0.0006990974652580917,,,1.0,normal
447,20,scenario3_repeated_spike,SAC,50,0.0,1,0.09,0.11199999999999999,0.5,0.5,-0.10099999999999999,-0.10571403801441193,2.3627744667464867e-05,0.0008932235068641603,,,1.0,normal
448,20,scenario3_repeated_spike,SAC,50,1.0,0,0.060625,0.197,0.5,0.5,-0.1288125,-0.10792752355337143,1.1033991540898569e-05,0.0008697361336089671,,,1.0,normal
449,20,scenario3_repeated_spike,SAC,50,0.0,1,0.09,0.11199999999999999,0.5,0.5,-0.10099999999999999,-0.10925664752721786,1.993046225834405e-06,0.0004913935554213822,,,1.0,normal
450,20,scenario3_repeated_spike,SAC,50,1.0,0,0.060625,0.197,0.5,0.5,-0.1288125,-0.10715049505233765,3.7347681427490897e-06,0.0006407334003597498,,,1.0,normal
451,20,scenario3_repeated_spike,SAC,50,1.9000000000000004,0,0.0611875,0.19790000000000002,0.5,0.5,-0.12954375,-0.11021270602941513,4.168074610788608e-06,0.0005660859169438481,,,1.0,normal
452,20,scenario3_repeated_spike,SAC,50,2.710000000000001,0,0.061693750000000006,0.19871000000000003,0.5,0.5,-0.13020187500000002,-0.10791528224945068,1.7290534515268519e-06,0.0005515269003808498,,,1.0,normal
453,20,scenario3_repeated_spike,SAC,50,3.439,0,0.062149375,0.199439,0.5,0.5,-0.1307941875,-0.10870835185050964,1.579183162903064e-06,0.0005401191301643848,,,1.0,normal
454,20,scenario3_repeated_spike,SAC,50,0.0,1,0.09,0.11199999999999999,0.5,0.5,-0.10099999999999999,-0.10931961238384247,8.123365660139825e-07,0.0004638840036932379,,,1.0,normal
455,20,scenario3_repeated_spike,SAC,50,1.0,0,0.060625,0.197,0.5,0.5,-0.1288125,-0.11072687059640884,3.719663254742045e-06,0.0005672128172591329,,,1.0,normal
456,20,scenario3_repeated_spike,SAC,50,0.0,1,0.09,0.11199999999999999,0.5,0.5,-0.10099999999999999,-0.11134506016969681,8.53861422456248e-07,0.00042316014878451824,,,1.0,normal
457,20,scenario3_repeated_spike,SAC,50,0.0,1,0.09,0.11199999999999999,0.5,0.5,-0.10099999999999999,-0.10867760330438614,1.2912627198602422e-06,0.0005101446877233684,,,1.0,normal
458,20,scenario3_repeated_spike,SAC,50,1.0,0,0.060625,0.197,0.5,0.5,-0.1288125,-0.10773841291666031,2.0077697627129965e-05,0.0008310402045026422,,,1.0,normal
459,20,scenario3_repeated_spike,SAC,50,1.9000000000000004,0,0.0611875,0.19790000000000002,0.5,0.5,-0.12954375,-0.10942322760820389,6.714168421240174e-07,0.0004447524552233517,,,1.0,normal
460,20,scenario3_repeated_spike,SAC,50,2.710000000000001,0,0.061693750000000006,0.19871000000000003,0.5,0.5,-0.13020187500000002,-0.11167211085557938,1.3619055607705377e-06,0.00046592511353082955,,,1.0,normal
461,20,scenario3_repeated_spike,SAC,50,0.0,1,0.09,0.11199999999999999,0.5,0.5,-0.10099999999999999,-0.11027692258358002,1.0424492984384415e-06,0.00047163237468339503,,,1.0,normal
462,20,scenario3_repeated_spike,SAC,50,0.0,1,0.09,0.11199999999999999,0.5,0.5,-0.10099999999999999,-0.1095111146569252,5.478250386659056e-06,0.0006762824486941099,,,1.0,normal
463,20,scenario3_repeated_spike,SAC,50,0.0,1,0.09,0.11199999999999999,0.5,0.5,-0.10099999999999999,-0.11189858615398407,1.0326955361961154e-06,0.00047404758515767753,,,1.0,normal
464,20,scenario3_repeated_spike,SAC,50,1.0,0,0.060625,0.197,0.5,0.5,-0.1288125,-0.11006598174571991,1.5691077805968234e-06,0.0005435497732833028,,,1.0,normal
465,20,scenario3_repeated_spike,SAC,50,1.9000000000000004,0,0.0611875,0.19790000000000002,0.5,0.5,-0.12954375,-0.10956960916519165,2.469430455676047e-06,0.0005515076918527484,,,1.0,normal
466,20,scenario3_repeated_spike,SAC,50,0.0,1,0.09,0.11199999999999999,0.5,0.5,-0.10099999999999999,-0.11206993460655212,4.064521306190727e-07,0.00040086195804178715,,,1.0,normal
467,20,scenario3_repeated_spike,SAC,50,0.0,1,0.09,0.11199999999999999,0.5,0.5,-0.10099999999999999,-0.10963735729455948,9.280525773647241e-06,0.0007730296347290277,,,1.0,normal
468,20,scenario3_repeated_spike,SAC,50,0.0,1,0.09,0.11199999999999999,0.5,0.5,-0.10099999999999999,-0.10970830917358398,1.0353357993153622e-06,0.00046095054131001234,,,1.0,normal
469,20,scenario3_repeated_spike,SAC,50,1.0,0,0.060625,0.197,0.5,0.5,-0.1288125,-0.11172159761190414,3.3956328024942195e-06,0.0005693224375136197,,,1.0,normal
470,20,scenario3_repeated_spike,SAC,50,0.0,1,0.09,0.11199999999999999,0.5,0.5,-0.10099999999999999,-0.1099780797958374,3.658213245216757e-06,0.0006306120776571333,,,1.0,normal
471,20,scenario3_repeated_spike,SAC,50,0.0,1,0.09,0.11199999999999999,0.5,0.5,-0.10099999999999999,-0.10896864533424377,1.4822463526797947e-05,0.0007185355643741786,,,1.0,normal
472,20,scenario3_repeated_spike,SAC,50,0.0,1,0.09,0.11199999999999999,0.5,0.5,-0.10099999999999999,-0.1120227575302124,7.962723884702427e-07,0.0003751452313736081,,,1.0,normal
473,20,scenario3_repeated_spike,SAC,50,0.0,1,0.09,0.11199999999999999,0.5,0.5,-0.10099999999999999,-0.11214867234230042,3.6516536283670575e-07,0.0003128585813101381,,,1.0,normal
474,20,scenario3_repeated_spike,SAC,50,0.0,1,0.09,0.11199999999999999,0.5,0.5,-0.10099999999999999,-0.11042262613773346,3.304865686004632e-06,0.0005029507447034121,,,1.0,normal
475,20,scenario3_repeated_spike,SAC,50,1.0,0,0.060625,0.197,0.5,0.5,-0.1288125,-0.11222618818283081,2.444955725877662e-06,0.00041309173684567213,,,1.0,normal
476,20,scenario3_repeated_spike,SAC,50,1.9000000000000004,0,0.0611875,0.19790000000000002,0.5,0.5,-0.12954375,-0.11247667670249939,7.644187007826986e-07,0.0003677245695143938,,,1.0,normal
477,20,scenario3_repeated_spike,SAC,50,0.0,1,0.09,0.11199999999999999,0.5,0.5,-0.10099999999999999,-0.112047478556633,7.776977213325154e-07,0.00036755617475137115,,,1.0,normal
478,20,scenario3_repeated_spike,SAC,50,1.0,0,0.060625,0.197,0.5,0.5,-0.1288125,-0.110465407371521,1.5172581697697751e-06,0.0004481958458200097,,,1.0,normal
479,20,scenario3_repeated_spike,SAC,50,0.0,1,0.09,0.11199999999999999,0.5,0.5,-0.10099999999999999,-0.11087746173143387,8.360200808965601e-06,0.0006738266674801707,,,1.0,normal
480,20,scenario3_repeated_spike,SAC,50,1.0,0,0.060625,0.197,0.5,0.5,-0.1288125,-0.10708554089069366,2.0544472135952674e-05,0.0008996411343105137,,,1.0,normal
481,20,scenario3_repeated_spike,SAC,50,1.9000000000000004,0,0.0611875,0.19790000000000002,0.5,0.5,-0.12954375,-0.11065739393234253,1.2928933301736834e-06,0.0004585452261380851,,,1.0,normal
482,20,scenario3_repeated_spike,SAC,50,2.710000000000001,0,0.061693750000000006,0.19871000000000003,0.5,0.5,-0.13020187500000002,-0.11313983052968979,1.9564811282180017e-06,0.0003801149141509086,,,1.0,normal
483,20,scenario3_repeated_spike,SAC,50,0.0,1,0.09,0.11199999999999999,0.5,0.5,-0.10099999999999999,-0.10882813483476639,1.5479417925234884e-05,0.000703772937413305,,,1.0,normal
484,20,scenario3_repeated_spike,SAC,50,0.0,1,0.09,0.11199999999999999,0.5,0.5,-0.10099999999999999,-0.11369270831346512,7.521818474742759e-07,0.00031172300805337727,,,1.0,normal
485,20,scenario3_repeated_spike,SAC,50,0.0,1,0.09,0.11199999999999999,0.5,0.5,-0.10099999999999999,-0.11344703286886215,1.1598654054978397e-06,0.0003674548352137208,,,1.0,normal
486,20,scenario3_repeated_spike,SAC,50,0.0,1,0.09,0.11199999999999999,0.5,0.5,-0.10099999999999999,-0.10960714519023895,4.407500910019735e-06,0.0007162042893469334,,,1.0,normal
487,20,scenario3_repeated_spike,SAC,50,0.0,1,0.09,0.11199999999999999,0.5,0.5,-0.10099999999999999,-0.11193671077489853,2.417732730464195e-06,0.00042080445564351976,,,1.0,normal
488,20,scenario3_repeated_spike,SAC,50,0.0,1,0.09,0.11199999999999999,0.5,0.5,-0.10099999999999999,-0.113393634557724,1.0076771559397457e-06,0.00040329829789698124,,,1.0,normal
489,20,scenario3_repeated_spike,SAC,50,0.0,1,0.09,0.11199999999999999,0.5,0.5,-0.10099999999999999,-0.11421618610620499,9.591242360329488e-07,0.0003880165459122509,,,1.0,normal
490,20,scenario3_repeated_spike,SAC,50,1.0,0,0.060625,0.197,0.5,0.5,-0.1288125,-0.11391104757785797,3.2906052638281835e-07,0.00034438548027537763,,,1.0,normal
491,20,scenario3_repeated_spike,SAC,50,1.9000000000000004,0,0.0611875,0.19790000000000002,0.5,0.5,-0.12954375,-0.11454911530017853,3.597060924676043e-07,0.0003629765415098518,,,1.0,normal
492,20,scenario3_repeated_spike,SAC,50,0.0,1,0.09,0.11199999999999999,0.5,0.5,-0.10099999999999999,-0.11407619714736938,1.921325974763022e-06,0.00048086498281918466,,,1.0,normal
493,20,scenario3_repeated_spike,SAC,50,0.0,1,0.09,0.11199999999999999,0.5,0.5,-0.10099999999999999,-0.11386818438768387,1.095188281396986e-06,0.00041492728632874787,,,1.0,normal
494,20,scenario3_repeated_spike,SAC,50,0.0,1,0.09,0.11199999999999999,0.5,0.5,-0.10099999999999999,-0.11455827951431274,6.924036597411032e-07,0.0003623118973337114,,,1.0,normal
495,20,scenario3_repeated_spike,SAC,50,1.0,0,0.060625,0.197,0.5,0.5,-0.1288125,-0.11438027024269104,1.2402080074025434e-06,0.00040513681597076356,,,1.0,normal
496,20,scenario3_repeated_spike,SAC,50,0.0,1,0.09,0.11199999999999999,0.5,0.5,-0.10099999999999999,-0.1133190393447876,2.030774567174376e-06,0.0004266507166903466,,,1.0,normal
497,20,scenario3_repeated_spike,SAC,50,0.0,1,0.09,0.11199999999999999,0.5,0.5,-0.10099999999999999,-0.1146155595779419,6.010559445712715e-07,0.00030442734714597464,,,1.0,normal
498,20,scenario3_repeated_spike,SAC,50,1.0,0,0.060625,0.197,0.5,0.5,-0.1288125,-0.11278366297483444,2.4715441213629674e-06,0.00045164936454966664,,,1.0,normal
499,20,scenario3_repeated_spike,SAC,50,0.0,1,0.09,0.11199999999999999,0.5,0.5,-0.10099999999999999,-0.115472212433815,2.6367604277766077e-07,0.0002920014667324722,,,1.0,normal
500,20,scenario3_repeated_spike,SAC,150,13.0,1,0.11472727272727273,0.21178181818181818,0.5,0.5,-0.16325454545454546,-0.1148056834936142,7.266687021001417e-07,0.0003495696291793138,,,1.0,spike
501,20,scenario3_repeated_spike,SAC,150,24.700000000000003,1,0.11898181818181819,0.21518545454545457,0.5,0.5,-0.16708363636363638,-0.11498294025659561,0.004561458248645067,0.006268707569688559,,,1.0,spike
502,20,scenario3_repeated_spike,SAC,150,35.230000000000004,1,0.1228109090909091,0.2182487272727273,0.5,0.5,-0.1705298181818182,-0.11371809244155884,1.4965702348490595e-06,0.0006792546482756734,,,1.0,spike
503,20,scenario3_repeated_spike,SAC,150,44.70700000000001,1,0.1262570909090909,0.22100567272727273,0.5,0.5,-0.17363138181818183,-0.11345052719116211,4.344261469668709e-06,0.001170337200164795,,,1.0,spike
504,20,scenario3_repeated_spike,SAC,150,53.2363,1,0.12935865454545456,0.22348692363636366,0.5,0.5,-0.1764227890909091,-0.11449308693408966,9.327863153885119e-06,0.0015194688457995653,,,1.0,spike
505,20,scenario3_repeated_spike,SAC,150,60.91266999999999,1,0.13215006181818184,0.2257200494545455,0.5,0.5,-0.17893505563636367,-0.11205732822418213,0.004435542039573193,0.007304169237613678,,,1.0,spike
506,20,scenario3_repeated_spike,SAC,150,67.821403,1,0.13466232836363637,0.2277298626909091,0.5,0.5,-0.18119609552727273,-0.11307820677757263,1.6806667190394364e-05,0.0021913342643529177,,,1.0,spike
507,20,scenario3_repeated_spike,SAC,150,74.0392627,1,0.13692336825454546,0.22953869460363638,0.5,0.5,-0.18323103142909092,-0.05682509392499924,0.04063870385289192,0.029651843011379242,,,1.0,spike
508,20,scenario3_repeated_spike,SAC,150,79.63533643,1,0.13895830415636365,0.23116664332509093,0.5,0.5,-0.1850624737407273,-0.05911093205213547,0.01898271031677723,0.019251074641942978,,,1.0,spike
509,20,scenario3_repeated_spike,SAC,150,84.671802787,1,0.14078974646800002,0.23263179717440002,0.5,0.5,-0.18671077182120002,-0.09386728703975677,0.003299959469586611,0.01173484418541193,,,1.0,spike
510,20,scenario3_repeated_spike,SAC,150,89.2046225083,1,0.14243804454847273,0.2339504356387782,0.5,0.5,-0.18819424009362545,-0.061006639152765274,0.008791455999016762,0.01982104405760765,,,1.0,spike
511,20,scenario3_repeated_spike,SAC,150,93.28416025747,1,0.14392151282089818,0.23513721025671858,0.5,0.5,-0.1895293615388084,-0.0717611163854599,0.003879664931446314,0.011305473744869232,,,1.0,spike
512,20,scenario3_repeated_spike,SAC,150,96.955744231723,1,0.1452566342660811,0.23620530741286488,0.5,0.5,-0.190730970839473,-0.1049688309431076,0.00037454403354786336,0.007206561043858528,,,1.0,spike
513,20,scenario3_repeated_spike,SAC,150,100.2601698085507,1,0.1464582435667457,0.23716659485339658,0.5,0.5,-0.19181241921007114,-0.03953942283987999,0.038205742835998535,0.03935546055436134,,,1.0,spike
514,20,scenario3_repeated_spike,SAC,150,103.23415282769564,1,0.14753969193734387,0.2380317535498751,0.5,0.5,-0.1927857227436095,-0.036272287368774414,0.033036261796951294,0.030874604359269142,,,1.0,spike
515,20,scenario3_repeated_spike,SAC,150,105.91073754492608,1,0.1485129954708822,0.23881039637670576,0.5,0.5,-0.19366169592379398,-0.04865773022174835,0.01166718453168869,0.018495479598641396,,,1.0,spike
516,20,scenario3_repeated_spike,SAC,150,108.31966379043347,1,0.1493889686510667,0.2395111749208534,0.5,0.5,-0.19445007178596005,-0.050929777324199677,0.005066177807748318,0.012634072452783585,,,1.0,spike
517,20,scenario3_repeated_spike,SAC,150,110.48769741139012,1,0.15017734451323278,0.24014187561058625,0.5,0.5,-0.19515961006190952,-0.06728824973106384,0.010506268590688705,0.01565518230199814,,,1.0,spike
518,20,scenario3_repeated_spike,SAC,150,112.4389276702511,1,0.15088688278918225,0.2407095062313458,0.5,0.5,-0.19579819451026403,-0.01907767355442047,0.014893113635480404,0.024156037718057632,,,1.0,spike
519,20,scenario3_repeated_spike,SAC,150,114.195034903226,1,0.15152546723753674,0.24122037379002942,0.5,0.5,-0.19637292051378308,-0.05760451406240463,0.004402343649417162,0.010954206809401512,,,1.0,spike
520,20,scenario3_repeated_spike,SAC,150,115.7755314129034,1,0.15210019324105578,0.24168015459284464,0.5,0.5,-0.1968901739169502,-0.0019150837324559689,0.005037423223257065,0.015459500253200531,,,1.0,spike
521,20,scenario3_repeated_spike,SAC,150,117.19797827161307,1,0.15261744664422294,0.24209395731537836,0.5,0.5,-0.19735570197980065,0.002660805359482765,0.009984476491808891,0.021779527887701988,,,1.0,spike
522,20,scenario3_repeated_spike,SAC,150,118.47818044445177,1,0.15308297470707338,0.2424663797656587,0.5,0.5,-0.19777467723636605,-0.09078533202409744,0.0004024768131785095,0.0046180617064237595,,,1.0,spike
523,20,scenario3_repeated_spike,SAC,150,119.63036240000659,1,0.15350194996363875,0.24280155997091102,0.5,0.5,-0.19815175496727488,-0.011427543126046658,0.0029351143166422844,0.011859591118991375,,,1.0,spike
524,20,scenario3_repeated_spike,SAC,150,120.66732616000593,1,0.15387902769454762,0.24310322215563812,0.5,0.5,-0.19849112492509285,-0.11128194630146027,9.03006293810904e-05,0.003225624794140458,,,1.0,spike
525,20,scenario3_repeated_spike,SAC,150,121.60059354400533,1,0.15421839765236559,0.24337471812189249,0.5,0.5,-0.19879655788712902,-0.057284388691186905,0.0096922991797328,0.012378317303955555,,,1.0,spike
526,20,scenario3_repeated_spike,SAC,150,122.44053418960482,1,0.15452383061440175,0.24361906449152143,0.5,0.5,-0.19907144755296158,0.034988243132829666,0.033427298069000244,0.037250619381666183,,,1.0,spike
527,20,scenario3_repeated_spike,SAC,150,123.19648077064434,1,0.1547987202802343,0.24383897622418746,0.5,0.5,-0.19931884825221088,0.0984347015619278,0.014412143267691135,0.026225749403238297,,,1.0,spike
528,20,scenario3_repeated_spike,SAC,150,123.8768326935799,1,0.15504612097948361,0.24403689678358692,0.5,0.5,-0.19954150888153527,-0.07481292635202408,0.0009197719627991319,0.0060615334659814835,,,1.0,spike
529,20,scenario3_repeated_spike,SAC,150,124.48914942422192,1,0.155268781608808,0.24421502528704642,0.5,0.5,-0.1997419034479272,-0.015585042536258698,0.007654404267668724,0.018182232975959778,,,1.0,spike
530,20,scenario3_repeated_spike,SAC,150,125.04023448179973,1,0.15546917617519992,0.24437534094015995,0.5,0.5,-0.19992225855767992,0.050476767122745514,0.00930100679397583,0.017534997314214706,,,1.0,spike
531,20,scenario3_repeated_spike,SAC,150,125.53621103361976,1,0.15564953128495265,0.24451962502796215,0.5,0.5,-0.20008457815645742,-0.012536111287772655,0.007829184643924236,0.01620779186487198,,,1.0,spike
532,20,scenario3_repeated_spike,SAC,150,125.9825899302578,1,0.15581185088373012,0.2446494807069841,0.5,0.5,-0.20023066579535712,-0.004829843528568745,0.006607662420719862,0.013411829248070717,,,1.0,spike
533,20,scenario3_repeated_spike,SAC,150,126.38433093723202,1,0.15595793852262982,0.24476635081810388,0.5,0.5,-0.20036214467036684,0.052893348038196564,0.00603916309773922,0.015812354162335396,,,1.0,spike
534,20,scenario3_repeated_spike,SAC,150,126.74589784350883,1,0.15608941739763957,0.24487153391811167,0.5,0.5,-0.20048047565787563,-0.11449820548295975,0.00019893425633199513,0.004163764417171478,,,1.0,spike
535,20,scenario3_repeated_spike,SAC,150,127.07130805915796,1,0.15620774838514834,0.2449661987081187,0.5,0.5,-0.20058697354663352,-0.11759401857852936,6.868427590234205e-05,0.0030706441029906273,,,1.0,spike
536,20,scenario3_repeated_spike,SAC,150,127.36417725324216,1,0.15631424627390625,0.24505139701912504,0.5,0.5,-0.20068282164651563,-0.09777882695198059,0.009156442247331142,0.013625077903270721,,,1.0,spike
537,20,scenario3_repeated_spike,SAC,150,127.62775952791793,1,0.15641009437378833,0.2451280754990307,0.5,0.5,-0.20076908493640952,0.04413066431879997,0.02753235399723053,0.03190204128623009,,,1.0,spike
538,20,scenario3_repeated_spike,SAC,150,127.86498357512613,1,0.15649635766368225,0.24519708613094582,0.5,0.5,-0.20084672189731403,0.018733561038970947,0.01524359267205,0.024671679362654686,,,1.0,spike
539,20,scenario3_repeated_spike,SAC,150,128.07848521761352,1,0.15657399462458674,0.24525919569966942,0.5,0.5,-0.20091659516212806,0.09493333846330643,0.004913991317152977,0.012751954607665539,,,1.0,spike
540,20,scenario3_repeated_spike,SAC,150,128.27063669585218,1,0.1566438678894008,0.24531509431152065,0.5,0.5,-0.2009794811004607,0.06797005236148834,0.011582856997847557,0.02053893730044365,,,1.0,spike
541,20,scenario3_repeated_spike,SAC,150,128.44357302626696,1,0.15670675382773344,0.2453654030621868,0.5,0.5,-0.20103607844496013,0.21041463315486908,0.044979728758335114,0.043447330594062805,,,1.0,spike
542,20,scenario3_repeated_spike,SAC,150,128.59921572364027,1,0.1567633511722328,0.24541068093778629,0.5,0.5,-0.20108701605500956,0.049096304923295975,0.0267656072974205,0.027341796085238457,,,1.0,spike
543,20,scenario3_repeated_spike,SAC,150,128.73929415127623,1,0.15681428878228226,0.24545143102582584,0.5,0.5,-0.20113285990405405,0.16666749119758606,0.04111523926258087,0.05042130872607231,,,1.0,spike
544,20,scenario3_repeated_spike,SAC,150,128.8653647361486,1,0.15686013263132675,0.24548810610506144,0.5,0.5,-0.2011741193681941,0.009420923888683319,0.00483855651691556,0.014557784423232079,,,1.0,spike
545,20,scenario3_repeated_spike,SAC,150,128.97882826253374,1,0.15690139209546683,0.24552111367637347,0.5,0.5,-0.20121125288592015,-0.012423576787114143,0.00971281435340643,0.019862039014697075,,,1.0,spike
546,20,scenario3_repeated_spike,SAC,150,129.0809454362804,1,0.15693852561319285,0.24555082049055432,0.5,0.5,-0.2012446730518736,0.20072460174560547,0.045577943325042725,0.0601133331656456,,,1.0,spike
547,20,scenario3_repeated_spike,SAC,150,129.17285089265235,1,0.1569719457791463,0.24557755662331704,0.5,0.5,-0.20127475120123167,0.04628963768482208,0.015587741509079933,0.020159108564257622,,,1.0,spike
548,20,scenario3_repeated_spike,SAC,150,129.25556580338713,1,0.1570020239285044,0.24560161914280354,0.5,0.5,-0.20130182153565396,0.23062464594841003,0.03272110968828201,0.04767034202814102,,,1.0,spike
549,20,scenario3_repeated_spike,SAC,150,129.33000922304842,1,0.15702909426292672,0.2456232754103414,0.5,0.5,-0.20132618483663406,0.12114428728818893,0.023897670209407806,0.028055746108293533,,,1.0,spike
550,20,scenario3_repeated_spike,SAC,150,129.39700830074358,1,0.15705345756390676,0.24564276605112545,0.5,0.5,-0.2013481118075161,0.1326826959848404,0.026235388591885567,0.03635524958372116,,,1.0,spike
551,20,scenario3_repeated_spike,SAC,150,129.4573074706692,1,0.1570753845347888,0.2456603076278311,0.5,0.5,-0.20136784608130995,0.17628350853919983,0.03169400990009308,0.039158809930086136,,,1.0,spike
552,20,scenario3_repeated_spike,SAC,150,129.51157672360227,1,0.15709511880858265,0.24567609504686616,0.5,0.5,-0.2013856069277244,0.22516514360904694,0.06298643350601196,0.06480478495359421,,,1.0,spike
553,20,scenario3_repeated_spike,SAC,150,129.56041905124204,1,0.15711287965499712,0.2456903037239977,0.5,0.5,-0.2014015916894974,0.2371491640806198,0.08776937425136566,0.08389690518379211,,,1.0,spike
554,20,scenario3_repeated_spike,SAC,150,129.60437714611783,1,0.1571288644167701,0.24570309153341607,0.5,0.5,-0.20141597797509309,0.12474651634693146,0.04922296479344368,0.04783083498477936,,,1.0,spike
555,20,scenario3_repeated_spike,SAC,150,129.64393943150606,1,0.15714325070236584,0.2457146005618927,0.5,0.5,-0.20142892563212927,0.07684867084026337,0.015688441693782806,0.025903312489390373,,,1.0,spike
556,20,scenario3_repeated_spike,SAC,150,129.67954548835547,1,0.157156198359402,0.24572495868752164,0.5,0.5,-0.2014405785234618,0.19013157486915588,0.023028969764709473,0.032690323889255524,,,1.0,spike
557,20,scenario3_repeated_spike,SAC,150,129.7115909395199,1,0.1571678512507345,0.24573428100058764,0.5,0.5,-0.20145106612566108,0.030714668333530426,0.014657523483037949,0.02300727367401123,,,1.0,spike
558,20,scenario3_repeated_spike,SAC,150,129.7404318455679,1,0.15717833885293378,0.24574267108234704,0.5,0.5,-0.2014605049676404,0.1668301224708557,0.020973308011889458,0.03991716727614403,,,1.0,spike
559,20,scenario3_repeated_spike,SAC,150,129.76638866101112,1,0.15718777769491316,0.24575022215593056,0.5,0.5,-0.20146899992542186,0.2533382177352905,0.008279940113425255,0.026047222316265106,,,1.0,spike
560,20,scenario3_repeated_spike,SAC,150,129.78974979491,1,0.15719627265269456,0.24575701812215567,0.5,0.5,-0.2014766453874251,0.16863054037094116,0.015193548053503036,0.02841843292117119,,,1.0,spike
561,20,scenario3_repeated_spike,SAC,150,129.810774815419,1,0.1572039181146978,0.24576313449175824,0.5,0.5,-0.20148352630322802,0.13155806064605713,0.02819903939962387,0.02897791378200054,,,1.0,spike
562,20,scenario3_repeated_spike,SAC,150,129.8296973338771,1,0.15721079903050078,0.24576863922440062,0.5,0.5,-0.2014897191274507,0.10659322142601013,0.02789282239973545,0.03173326700925827,,,1.0,spike
563,20,scenario3_repeated_spike,SAC,150,129.8467276004894,1,0.15721699185472343,0.24577359348377875,0.5,0.5,-0.2014952926692511,0.19659562408924103,0.03049255535006523,0.043568648397922516,,,1.0,spike
564,20,scenario3_repeated_spike,SAC,150,129.86205484044046,1,0.15722256539652382,0.24577805231721905,0.5,0.5,-0.20150030885687142,0.06544405966997147,0.004108356777578592,0.014433901757001877,,,1.0,spike
565,20,scenario3_repeated_spike,SAC,150,129.87584935639643,1,0.15722758158414415,0.24578206526731533,0.5,0.5,-0.20150482342572973,0.2416086047887802,0.015875404700636864,0.03897915035486221,,,1.0,spike
566,20,scenario3_repeated_spike,SAC,150,129.8882644207568,1,0.15723209615300246,0.245785676922402,0.5,0.5,-0.20150888653770221,0.2557915449142456,0.03649976849555969,0.056401241570711136,,,1.0,spike
567,20,scenario3_repeated_spike,SAC,150,129.89943797868114,1,0.15723615926497497,0.24578892741198,0.5,0.5,-0.20151254333847748,0.1844971776008606,0.024097582325339317,0.03466907516121864,,,1.0,spike
568,20,scenario3_repeated_spike,SAC,150,129.90949418081303,1,0.1572398160657502,0.2457918528526002,0.5,0.5,-0.2015158344591752,0.21171429753303528,0.022815536707639694,0.03917219862341881,,,1.0,spike
569,20,scenario3_repeated_spike,SAC,150,129.91854476273173,1,0.1572431071864479,0.24579448574915835,0.5,0.5,-0.20151879646780313,0.006484398618340492,0.008447263389825821,0.015406489372253418,,,1.0,spike
570,20,scenario3_repeated_spike,SAC,150,129.92669028645855,1,0.15724606919507583,0.24579685535606066,0.5,0.5,-0.20152146227556825,0.2375403791666031,0.02738538756966591,0.04355693235993385,,,1.0,spike
571,20,scenario3_repeated_spike,SAC,150,129.9340212578127,1,0.15724873500284098,0.2457989880022728,0.5,0.5,-0.20152386150255688,0.07440756261348724,0.0163759496062994,0.024428460747003555,,,1.0,spike
572,20,scenario3_repeated_spike,SAC,150,129.94061913203143,1,0.15725113422982961,0.24580090738386373,0.5,0.5,-0.20152602080684667,0.15676674246788025,0.0418565459549427,0.05497723072767258,,,1.0,spike
573,20,scenario3_repeated_spike,SAC,150,129.94655721882827,1,0.15725329353411938,0.24580263482729553,0.5,0.5,-0.20152796418070745,0.25349190831184387,0.07054786384105682,0.07269652932882309,,,1.0,spike
574,20,scenario3_repeated_spike,SAC,150,129.95190149694545,1,0.15725523690798018,0.24580418952638416,0.5,0.5,-0.20152971321718216,0.3023343086242676,0.06379450112581253,0.0703311562538147,,,1.0,spike
575,20,scenario3_repeated_spike,SAC,150,129.95671134725092,1,0.1572569859444549,0.2458055887555639,0.5,0.5,-0.2015312873500094,0.12107693403959274,0.01488497294485569,0.027903545647859573,,,1.0,spike
576,20,scenario3_repeated_spike,SAC,150,129.96104021252583,1,0.15725856007728212,0.24580684806182573,0.5,0.5,-0.20153270406955393,0.25238722562789917,0.019397996366024017,0.03150414675474167,,,1.0,spike
577,20,scenario3_repeated_spike,SAC,150,129.96493619127324,1,0.15725997679682663,0.2458079814374613,0.5,0.5,-0.20153397911714396,0.057455211877822876,0.01571369171142578,0.027759617194533348,,,1.0,spike
578,20,scenario3_repeated_spike,SAC,150,129.96844257214593,1,0.15726125184441672,0.24580900147553342,0.5,0.5,-0.20153512665997508,0.09770829975605011,0.00841478817164898,0.020411107689142227,,,1.0,spike
579,20,scenario3_repeated_spike,SAC,150,129.97159831493133,1,0.15726239938724776,0.24580991950979825,0.5,0.5,-0.201536159448523,0.31197652220726013,0.0037610591389238834,0.01729549653828144,,,1.0,spike
580,20,scenario3_repeated_spike,SAC,150,129.97443848343818,1,0.15726343217579572,0.2458107457406366,0.5,0.5,-0.20153708895821615,0.30308735370635986,0.018416590988636017,0.037541463971138,,,1.0,spike
581,20,scenario3_repeated_spike,SAC,150,129.97699463509434,1,0.15726436168548888,0.24581148934839114,0.5,0.5,-0.20153792551694,0.19753167033195496,0.029115477576851845,0.044277798384428024,,,1.0,spike
582,20,scenario3_repeated_spike,SAC,150,129.9792951715849,1,0.1572651982442127,0.2458121585953702,0.5,0.5,-0.20153867841979145,0.04126431792974472,0.019698521122336388,0.02660338766872883,,,1.0,spike
583,20,scenario3_repeated_spike,SAC,150,129.98136565442644,1,0.15726595114706418,0.24581276091765136,0.5,0.5,-0.20153935603235779,0.2799191176891327,0.0466882698237896,0.060100071132183075,,,1.0,spike
584,20,scenario3_repeated_spike,SAC,150,129.98322908898382,1,0.15726662875963046,0.24581330300770438,0.5,0.5,-0.2015399658836674,0.1910000592470169,0.014658704400062561,0.03449888154864311,,,1.0,spike
585,20,scenario3_repeated_spike,SAC,150,129.98490618008543,1,0.15726723861094016,0.24581379088875216,0.5,0.5,-0.20154051474984616,0.16173052787780762,0.015499969013035297,0.03436775133013725,,,1.0,spike
586,20,scenario3_repeated_spike,SAC,150,129.9864155620769,1,0.15726778747711886,0.2458142299816951,0.5,0.5,-0.201541008729407,0.023834845051169395,0.018954936414957047,0.029588501900434494,,,1.0,spike
587,20,scenario3_repeated_spike,SAC,150,129.9877740058692,1,0.1572682814566797,0.2458146251653438,0.5,0.5,-0.20154145331101175,0.18286728858947754,0.056007422506809235,0.06441918015480042,,,1.0,spike
588,20,scenario3_repeated_spike,SAC,150,129.9889966052823,1,0.15726872603828448,0.24581498083062758,0.5,0.5,-0.20154185343445602,0.07179943472146988,0.024810440838336945,0.032796941697597504,,,1.0,spike
589,20,scenario3_repeated_spike,SAC,150,129.99009694475407,1,0.15726912616172875,0.24581530092938303,0.5,0.5,-0.2015422135455559,0.37417179346084595,0.02051921747624874,0.0388982854783535,,,1.0,spike
590,20,scenario3_repeated_spike,SAC,150,129.99108725027867,1,0.1572694862728286,0.2458155890182629,0.5,0.5,-0.20154253764554575,0.30692219734191895,0.011482138186693192,0.02803110145032406,,,1.0,spike
591,20,scenario3_repeated_spike,SAC,150,129.9919785252508,1,0.15726981037281848,0.2458158482982548,0.5,0.5,-0.20154282933553663,0.3420916795730591,0.05004871264100075,0.06389564275741577,,,1.0,spike
592,20,scenario3_repeated_spike,SAC,150,129.99278067272573,1,0.15727010206280936,0.2458160816502475,0.5,0.5,-0.2015430918565284,0.14933574199676514,0.03612293303012848,0.047539737075567245,,,1.0,spike
593,20,scenario3_repeated_spike,SAC,150,129.99350260545316,1,0.15727036458380117,0.24581629166704094,0.5,0.5,-0.20154332812542106,0.28978121280670166,0.037576500326395035,0.05826527997851372,,,1.0,spike
594,20,scenario3_repeated_spike,SAC,150,129.99415234490783,1,0.15727060085269376,0.245816480682155,0.5,0.5,-0.20154354076742437,0.22301676869392395,0.007659582421183586,0.026218809187412262,,,1.0,spike
595,20,scenario3_repeated_spike,SAC,150,129.99473711041705,1,0.1572708134946971,0.2458166507957577,0.5,0.5,-0.20154373214522742,0.15156365931034088,0.019611313939094543,0.039171844720840454,,,1.0,spike
596,20,scenario3_repeated_spike,SAC,150,129.99526339937535,1,0.15727100487250012,0.2458168038980001,0.5,0.5,-0.2015439043852501,0.1894931197166443,0.048239804804325104,0.060760993510484695,,,1.0,spike
597,20,scenario3_repeated_spike,SAC,150,129.99573705943783,1,0.15727117711252284,0.24581694169001828,0.5,0.5,-0.20154405940127057,0.2186618596315384,0.054004933685064316,0.06689079105854034,,,1.0,spike
598,20,scenario3_repeated_spike,SAC,150,129.99616335349407,1,0.1572713321285433,0.24581706570283468,0.5,0.5,-0.20154419891568898,0.31890395283699036,0.030904680490493774,0.05685453116893768,,,1.0,spike
599,20,scenario3_repeated_spike,SAC,150,129.99654701814467,1,0.1572714716429617,0.24581717731436936,0.5,0.5,-0.20154432447866555,0.31835025548934937,0.0005349124548956752,0.008747657760977745,,,1.0,spike
600,20,scenario3_repeated_spike,SAC,150,129.99689231633022,1,0.15727159720593825,0.2458172777647506,0.5,0.5,-0.20154443748534442,0.32334545254707336,0.018528303131461143,0.04033638909459114,,,1.0,spike
601,20,scenario3_repeated_spike,SAC,150,129.99720308469722,1,0.15727171021261718,0.24581736817009375,0.5,0.5,-0.20154453919135545,0.29264265298843384,0.028499305248260498,0.041574254631996155,,,1.0,spike
602,20,scenario3_repeated_spike,SAC,150,129.9974827762275,1,0.15727181191862818,0.2458174495349026,0.5,0.5,-0.20154463072676537,0.4846827983856201,0.04607928916811943,0.0645425096154213,,,1.0,spike
603,20,scenario3_repeated_spike,SAC,150,129.99773449860476,1,0.1572719034540381,0.2458175227632305,0.5,0.5,-0.2015447131086343,0.2883811593055725,0.022322896867990494,0.04220143333077431,,,1.0,spike
604,20,scenario3_repeated_spike,SAC,150,129.9979610487443,1,0.15727198583590704,0.24581758866872566,0.5,0.5,-0.20154478725231634,0.4237601161003113,0.007031552493572235,0.02344776876270771,,,1.0,spike
605,20,scenario3_repeated_spike,SAC,150,129.99816494386988,1,0.15727205997958904,0.24581764798367123,0.5,0.5,-0.20154485398163013,0.3265921175479889,0.018854888156056404,0.04373644292354584,,,1.0,spike
606,20,scenario3_repeated_spike,SAC,150,129.99834844948288,1,0.15727212670890287,0.24581770136712233,0.5,0.5,-0.2015449140380126,0.4749055504798889,0.05616985633969307,0.083727166056633,,,1.0,spike
607,20,scenario3_repeated_spike,SAC,150,129.9985136045346,1,0.1572721867652853,0.24581774941222823,0.5,0.5,-0.20154496808875677,0.21770450472831726,0.02947411686182022,0.047867290675640106,,,1.0,spike
608,20,scenario3_repeated_spike,SAC,150,129.99866224408112,1,0.1572722408160295,0.2458177926528236,0.5,0.5,-0.20154501673442654,0.3034566342830658,0.020018838346004486,0.042200006544589996,,,1.0,spike
609,20,scenario3_repeated_spike,SAC,150,129.99879601967302,1,0.1572722894616993,0.24581783156935944,0.5,0.5,-0.20154506051552937,0.5037451982498169,0.02026355266571045,0.04045072942972183,,,1.0,spike
610,20,scenario3_repeated_spike,SAC,150,129.99891641770574,1,0.1572723332428021,0.2458178665942417,0.5,0.5,-0.2015450999185219,0.3947635293006897,0.052353255450725555,0.07059778273105621,,,1.0,spike
611,20,scenario3_repeated_spike,SAC,150,129.99902477593517,1,0.1572723726457946,0.24581789811663568,0.5,0.5,-0.20154513538121516,0.20985086262226105,0.04300666227936745,0.05249347537755966,,,1.0,spike
612,20,scenario3_repeated_spike,SAC,150,129.99912229834166,1,0.1572724081084879,0.24581792648679035,0.5,0.5,-0.2015451672976391,0.14274093508720398,0.02532966062426567,0.04077247902750969,,,1.0,spike
613,20,scenario3_repeated_spike,SAC,150,129.9992100685075,1,0.1572724400249118,0.24581795201992945,0.5,0.5,-0.20154519602242063,0.3714311718940735,0.01957053318619728,0.03310441970825195,,,1.0,spike
614,20,scenario3_repeated_spike,SAC,150,129.99928906165675,1,0.15727246874969336,0.24581797499975472,0.5,0.5,-0.20154522187472404,0.5153169631958008,0.036707423627376556,0.05677154287695885,,,1.0,spike
615,20,scenario3_repeated_spike,SAC,150,129.99936015549108,1,0.15727249460199677,0.24581799568159746,0.5,0.5,-0.2015452451417971,0.6640580296516418,0.11282005161046982,0.11181005835533142,,,1.0,spike
616,20,scenario3_repeated_spike,SAC,150,129.99942413994196,1,0.1572725178690698,0.24581801429525585,0.5,0.5,-0.20154526608216283,0.6006572246551514,0.13783672451972961,0.12044884264469147,,,1.0,spike
617,20,scenario3_repeated_spike,SAC,150,129.99948172594776,1,0.15727253880943554,0.24581803104754846,0.5,0.5,-0.201545284928492,0.4729512929916382,0.09546200931072235,0.10714617371559143,,,1.0,spike
618,20,scenario3_repeated_spike,SAC,150,129.999533553353,1,0.15727255765576473,0.24581804612461178,0.5,0.5,-0.20154530189018827,0.29396089911460876,0.031988002359867096,0.056871891021728516,,,1.0,spike
619,20,scenario3_repeated_spike,SAC,150,129.9995801980177,1,0.157272574617461,0.2458180596939688,0.5,0.5,-0.2015453171557149,0.48583054542541504,0.001525429543107748,0.013449735939502716,,,1.0,spike
620,20,scenario3_repeated_spike,SAC,150,129.99962217821593,1,0.15727258988298762,0.2458180719063901,0.5,0.5,-0.20154533089468885,0.5019927620887756,0.02505934238433838,0.05600261688232422,,,1.0,spike
621,20,scenario3_repeated_spike,SAC,150,129.99965996039435,1,0.15727260362196158,0.2458180828975693,0.5,0.5,-0.20154534325976542,0.7060613632202148,0.059792350977659225,0.09142901003360748,,,1.0,spike
622,20,scenario3_repeated_spike,SAC,150,129.99969396435492,1,0.15727261598703815,0.24581809278963052,0.5,0.5,-0.20154535438833432,0.2940961718559265,0.023083027452230453,0.041107650846242905,,,1.0,spike
623,20,scenario3_repeated_spike,SAC,150,129.99972456791943,1,0.15727262711560708,0.2458181016924857,0.5,0.5,-0.20154536440404638,0.5598918199539185,0.030620964244008064,0.06252530217170715,,,1.0,spike
624,20,scenario3_repeated_spike,SAC,150,129.9997521111275,1,0.1572726371313191,0.2458181097050553,0.5,0.5,-0.20154537341818718,0.49109044671058655,0.020352020859718323,0.05000569298863411,,,1.0,spike
625,20,scenario3_repeated_spike,SAC,150,129.99977690001475,1,0.1572726461454599,0.24581811691636796,0.5,0.5,-0.20154538153091395,0.4009564220905304,0.017606958746910095,0.046951014548540115,,,1.0,spike
626,20,scenario3_repeated_spike,SAC,150,129.9997992100133,1,0.15727265425818665,0.24581812340654935,0.5,0.5,-0.201545388832368,0.2718939185142517,0.02094949409365654,0.03480122238397598,,,1.0,spike
627,20,scenario3_repeated_spike,SAC,150,129.99981928901195,1,0.1572726615596407,0.24581812924771257,0.5,0.5,-0.20154539540367664,0.5798467397689819,0.0368947833776474,0.0657031238079071,,,1.0,spike
628,20,scenario3_repeated_spike,SAC,150,129.99983736011075,1,0.15727266813094937,0.24581813450475953,0.5,0.5,-0.20154540131785445,0.05325980484485626,0.0042775035835802555,0.015077974647283554,,,1.0,spike
629,20,scenario3_repeated_spike,SAC,150,129.99985362409967,1,0.15727267404512715,0.24581813923610174,0.5,0.5,-0.20154540664061443,0.3594437837600708,0.010702814906835556,0.03269731253385544,,,1.0,spike
630,20,scenario3_repeated_spike,SAC,150,129.9998682616897,1,0.15727267936788716,0.24581814349430975,0.5,0.5,-0.20154541143109844,0.6057194471359253,0.024937095120549202,0.06053643301129341,,,1.0,spike
631,20,scenario3_repeated_spike,SAC,150,129.99988143552073,1,0.15727268415837117,0.24581814732669693,0.5,0.5,-0.20154541574253404,0.3545520603656769,0.02629772387444973,0.04610477387905121,,,1.0,spike
632,20,scenario3_repeated_spike,SAC,150,129.99989329196865,1,0.15727268846980677,0.24581815077584546,0.5,0.5,-0.20154541962282613,0.547810971736908,0.04045795649290085,0.06638798862695694,,,1.0,spike
633,20,scenario3_repeated_spike,SAC,150,129.99990396277178,1,0.15727269235009883,0.2458181538800791,0.5,0.5,-0.20154542311508897,0.33800292015075684,0.02230037748813629,0.04631233215332031,,,1.0,spike
634,20,scenario3_repeated_spike,SAC,150,129.99991356649463,1,0.1572726958423617,0.2458181566738894,0.5,0.5,-0.20154542625812555,0.274373859167099,0.010774094611406326,0.03095943108201027,,,1.0,spike
635,20,scenario3_repeated_spike,SAC,150,129.99992220984518,1,0.15727269898539825,0.24581815918831862,0.5,0.5,-0.20154542908685844,0.6383136510848999,0.01266229897737503,0.04461319372057915,,,1.0,spike
636,20,scenario3_repeated_spike,SAC,150,129.99992998886069,1,0.15727270181413114,0.24581816145130492,0.5,0.5,-0.20154543163271804,0.3176228404045105,0.021297037601470947,0.04338022693991661,,,1.0,spike
637,20,scenario3_repeated_spike,SAC,150,129.99993698997463,1,0.15727270435999077,0.24581816348799262,0.5,0.5,-0.2015454339239917,0.4018370509147644,0.02609676495194435,0.04649471864104271,,,1.0,spike
638,20,scenario3_repeated_spike,SAC,150,129.99994329097717,1,0.15727270665126444,0.24581816532101158,0.5,0.5,-0.201545435986138,0.6276057362556458,0.02899804338812828,0.06838981807231903,,,1.0,spike
639,20,scenario3_repeated_spike,SAC,150,129.99994896187945,1,0.1572727087134107,0.24581816697072856,0.5,0.5,-0.20154543784206963,0.45724937319755554,0.013382358476519585,0.03550001606345177,,,1.0,spike
640,20,scenario3_repeated_spike,SAC,150,129.9999540656915,1,0.15727271056934236,0.24581816845547388,0.5,0.5,-0.2015454395124081,0.25499436259269714,0.011708986945450306,0.03332437574863434,,,1.0,spike
641,20,scenario3_repeated_spike,SAC,150,129.99995865912234,1,0.15727271223968084,0.2458181697917447,0.5,0.5,-0.20154544101571276,0.6904957294464111,0.035007964819669724,0.060587503015995026,,,1.0,spike
642,20,scenario3_repeated_spike,SAC,150,129.9999627932101,1,0.1572727137429855,0.2458181709943884,0.5,0.5,-0.20154544236868693,0.4271697402000427,0.034889280796051025,0.05676964670419693,,,1.0,spike
643,20,scenario3_repeated_spike,SAC,150,129.9999665138891,1,0.15727271509595966,0.24581817207676776,0.5,0.5,-0.20154544358636373,0.5437971949577332,0.019244544208049774,0.041581034660339355,,,1.0,spike
644,20,scenario3_repeated_spike,SAC,150,129.99996986250017,1,0.15727271631363643,0.24581817305090914,0.5,0.5,-0.20154544468227278,0.4874984622001648,0.0038064555265009403,0.023535069078207016,,,1.0,spike
645,20,scenario3_repeated_spike,SAC,150,129.99997287625015,1,0.15727271740954551,0.24581817392763644,0.5,0.5,-0.20154544566859098,0.43650561571121216,0.0096048004925251,0.030227769166231155,,,1.0,spike
646,20,scenario3_repeated_spike,SAC,150,129.99997558862515,1,0.15727271839586368,0.24581817471669098,0.5,0.5,-0.20154544655627732,0.4970085620880127,0.027211137115955353,0.05055561661720276,,,1.0,spike
647,20,scenario3_repeated_spike,SAC,150,129.99997802976264,1,0.15727271928355005,0.24581817542684004,0.5,0.5,-0.20154544735519503,0.6030081510543823,0.0338004045188427,0.05976651981472969,,,1.0,spike
648,20,scenario3_repeated_spike,SAC,150,129.99998022678636,1,0.15727272008246776,0.24581817606597423,0.5,0.5,-0.20154544807422098,0.44023776054382324,0.01882089301943779,0.03884726017713547,,,1.0,spike
649,20,scenario3_repeated_spike,SAC,150,129.9999822041077,1,0.1572727208014937,0.24581817664119499,0.5,0.5,-0.20154544872134433,0.5807466506958008,0.001489141839556396,0.015284668654203415,,,1.0,spike
650,20,scenario3_repeated_spike,SAC,150,129.99998398369695,1,0.1572727214486171,0.2458181771588937,0.5,0.5,-0.2015454493037554,0.7200418710708618,0.016830233857035637,0.051851946860551834,,,1.0,spike
651,20,scenario3_repeated_spike,SAC,150,129.99998558532724,1,0.1572727220310281,0.2458181776248225,0.5,0.5,-0.2015454498279253,0.6508809924125671,0.03615504875779152,0.06560657173395157,,,1.0,spike
652,20,scenario3_repeated_spike,SAC,150,129.9999870267945,1,0.157272722555198,0.2458181780441584,0.5,0.5,-0.20154545029967819,0.49385517835617065,0.0328541062772274,0.057473424822092056,,,1.0,spike
653,20,scenario3_repeated_spike,SAC,150,129.99998832411507,1,0.15727272302695094,0.24581817842156078,0.5,0.5,-0.20154545072425586,0.39106640219688416,0.015688881278038025,0.038703735917806625,,,1.0,spike
654,20,scenario3_repeated_spike,SAC,150,129.99998949170356,1,0.15727272345152857,0.24581817876122286,0.5,0.5,-0.20154545110637573,0.4671477973461151,0.0028346399776637554,0.021949585527181625,,,1.0,spike
655,20,scenario3_repeated_spike,SAC,150,129.99999054253323,1,0.15727272383364846,0.24581817906691877,0.5,0.5,-0.20154545145028363,0.6161961555480957,0.014423618093132973,0.0429740771651268,,,1.0,spike
656,20,scenario3_repeated_spike,SAC,150,129.9999914882799,1,0.15727272417755633,0.24581817934204508,0.5,0.5,-0.2015454517598007,0.5292578339576721,0.03125791624188423,0.06187770515680313,,,1.0,spike
657,20,scenario3_repeated_spike,SAC,150,129.99999233945192,1,0.15727272448707344,0.2458181795896588,0.5,0.5,-0.2015454520383661,0.5431435108184814,0.03148216754198074,0.0593683123588562,,,1.0,spike
658,20,scenario3_repeated_spike,SAC,150,129.99999310550675,1,0.15727272476563883,0.24581817981251108,0.5,0.5,-0.20154545228907494,0.40033555030822754,0.01385367289185524,0.03505547344684601,,,1.0,spike
659,20,scenario3_repeated_spike,SAC,150,129.99999379495608,1,0.15727272501634768,0.24581818001307815,0.5,0.5,-0.2015454525147129,0.8819098472595215,0.009053525514900684,0.03166568651795387,,,1.0,spike
660,20,scenario3_repeated_spike,SAC,150,129.9999944154605,1,0.15727272524198563,0.24581818019358853,0.5,0.5,-0.20154545271778707,0.780238926410675,0.020143872126936913,0.05877213925123215,,,1.0,spike
661,20,scenario3_repeated_spike,SAC,150,129.99999497391445,1,0.1572727254450598,0.24581818035604786,0.5,0.5,-0.2015454529005538,0.6196559071540833,0.02793084643781185,0.05668870359659195,,,1.0,spike
662,20,scenario3_repeated_spike,SAC,150,129.999995476523,1,0.15727272562782654,0.24581818050226123,0.5,0.5,-0.2015454530650439,0.5838449597358704,0.03152201324701309,0.0601067952811718,,,1.0,spike
663,20,scenario3_repeated_spike,SAC,150,129.9999959288707,1,0.15727272579231663,0.2458181806338533,0.5,0.5,-0.20154545321308498,0.489326536655426,0.017215527594089508,0.04428820684552193,,,1.0,spike
664,20,scenario3_repeated_spike,SAC,150,129.99999633598364,1,0.15727272594035768,0.24581818075228618,0.5,0.5,-0.20154545334632193,0.7653438448905945,0.004913222044706345,0.030362309888005257,,,1.0,spike
665,20,scenario3_repeated_spike,SAC,150,129.99999670238526,1,0.15727272607359463,0.24581818085887575,0.5,0.5,-0.2015454534662352,0.6181850433349609,0.011709500104188919,0.04068056866526604,,,1.0,spike
666,20,scenario3_repeated_spike,SAC,150,129.99999703214672,1,0.1572727261935079,0.24581818095480634,0.5,0.5,-0.20154545357415712,0.3916548788547516,0.023360589519143105,0.04896339029073715,,,1.0,spike
667,20,scenario3_repeated_spike,SAC,150,129.99999732893207,1,0.15727272630142985,0.2458181810411439,0.5,0.5,-0.20154545367128687,0.5362146496772766,0.031835511326789856,0.06076724827289581,,,1.0,spike
668,20,scenario3_repeated_spike,SAC,150,129.99999759603887,1,0.15727272639855958,0.24581818111884768,0.5,0.5,-0.20154545375870364,0.44219815731048584,0.020496370270848274,0.04366814345121384,,,1.0,spike
669,20,scenario3_repeated_spike,SAC,150,129.999997836435,1,0.15727272648597637,0.24581818118878113,0.5,0.5,-0.20154545383737876,0.6351122260093689,0.00754497479647398,0.034677278250455856,,,1.0,spike
670,20,scenario3_repeated_spike,SAC,150,129.9999980527915,1,0.15727272656465147,0.24581818125172117,0.5,0.5,-0.20154545390818632,0.8192717432975769,0.013082610443234444,0.04653805494308472,,,1.0,spike
671,20,scenario3_repeated_spike,SAC,150,129.99999824751237,1,0.15727272663545905,0.24581818130836725,0.5,0.5,-0.20154545397191315,0.5254685878753662,0.023942051455378532,0.05082610249519348,,,1.0,spike
672,20,scenario3_repeated_spike,SAC,150,129.99999842276114,1,0.15727272669918588,0.24581818135934874,0.5,0.5,-0.20154545402926732,0.6705896258354187,0.03343654051423073,0.06806886941194534,,,1.0,spike
673,20,scenario3_repeated_spike,SAC,150,129.99999858048503,1,0.15727272675654003,0.24581818140523204,0.5,0.5,-0.20154545408088603,0.41566795110702515,0.01149935182183981,0.031904347240924835,,,1.0,spike
674,20,scenario3_repeated_spike,SAC,150,129.99999872243654,1,0.15727272680815874,0.245818181446527,0.5,0.5,-0.20154545412734287,0.6093712449073792,0.012966958805918694,0.04156510531902313,,,1.0,spike
675,20,scenario3_repeated_spike,SAC,150,129.9999988501929,1,0.1572727268546156,0.2458181814836925,0.5,0.5,-0.20154545416915404,0.663877546787262,0.03358329460024834,0.07153821736574173,,,1.0,spike
676,20,scenario3_repeated_spike,SAC,150,129.9999989651736,1,0.15727272689642677,0.2458181815171414,0.5,0.5,-0.2015454542067841,0.7567553520202637,0.051728881895542145,0.09468059241771698,,,1.0,spike
677,20,scenario3_repeated_spike,SAC,150,129.99999906865625,1,0.1572727269340568,0.24581818154724544,0.5,0.5,-0.20154545424065112,0.5675326585769653,0.04436874762177467,0.075654037296772,,,1.0,spike
678,20,scenario3_repeated_spike,SAC,150,129.99999916179064,1,0.15727272696792388,0.2458181815743391,0.5,0.5,-0.2015454542711315,0.4257764518260956,0.03241398558020592,0.0676807165145874,,,1.0,spike
679,20,scenario3_repeated_spike,SAC,150,129.99999924561158,1,0.15727272699840422,0.24581818159872337,0.5,0.5,-0.2015454542985638,0.46156635880470276,0.03755947947502136,0.06285001337528229,,,1.0,spike
680,20,scenario3_repeated_spike,SAC,150,129.99999932105044,1,0.15727272702583653,0.24581818162066926,0.5,0.5,-0.20154545432325288,0.6162947416305542,0.04468449577689171,0.07960131764411926,,,1.0,spike
681,20,scenario3_repeated_spike,SAC,150,129.9999993889454,1,0.1572727270505256,0.24581818164042052,0.5,0.5,-0.20154545434547305,0.6535893678665161,0.041491687297821045,0.08090540766716003,,,1.0,spike
682,20,scenario3_repeated_spike,SAC,150,129.9999994500509,1,0.15727272707274578,0.24581818165819663,0.5,0.5,-0.20154545436547122,0.7861737012863159,0.03370807319879532,0.06270773708820343,,,1.0,spike
683,20,scenario3_repeated_spike,SAC,150,129.99999950504582,1,0.15727272709274392,0.24581818167419517,0.5,0.5,-0.20154545438346955,0.6063718199729919,0.025740351527929306,0.06215868145227432,,,1.0,spike
684,20,scenario3_repeated_spike,SAC,150,129.99999955454126,1,0.15727272711074228,0.24581818168859382,0.5,0.5,-0.20154545439966803,0.622232973575592,0.0023969803005456924,0.023554882034659386,,,1.0,spike
685,20,scenario3_repeated_spike,SAC,150,129.99999959908712,1,0.15727272712694076,0.24581818170155262,0.5,0.5,-0.2015454544142467,0.7325729131698608,0.021852239966392517,0.06342574954032898,,,1.0,spike
686,20,scenario3_repeated_spike,SAC,150,129.9999996391784,1,0.15727272714151944,0.24581818171321557,0.5,0.5,-0.2015454544273675,0.519051194190979,0.030136283487081528,0.06117243319749832,,,1.0,spike
687,20,scenario3_repeated_spike,SAC,150,129.99999967526057,1,0.15727272715464022,0.24581818172371217,0.5,0.5,-0.2015454544391762,0.5843998193740845,0.028929119929671288,0.050862956792116165,,,1.0,spike
688,20,scenario3_repeated_spike,SAC,150,129.9999997077345,1,0.1572727271664489,0.24581818173315917,0.5,0.5,-0.20154545444980404,1.0590325593948364,0.0445883572101593,0.09769850969314575,,,1.0,spike
689,20,scenario3_repeated_spike,SAC,150,129.99999973696106,1,0.15727272717707674,0.24581818174166142,0.5,0.5,-0.20154545445936908,0.7044381499290466,0.027077462524175644,0.06073252856731415,,,1.0,spike
690,20,scenario3_repeated_spike,SAC,150,129.99999976326495,1,0.15727272718664181,0.24581818174931347,0.5,0.5,-0.20154545446797764,0.7634009718894958,0.023214824497699738,0.06371156871318817,,,1.0,spike
691,20,scenario3_repeated_spike,SAC,150,129.99999978693847,1,0.15727272719525037,0.2458181817562003,0.5,0.5,-0.20154545447572533,0.3885720670223236,0.015361272729933262,0.03663422539830208,,,1.0,spike
692,20,scenario3_repeated_spike,SAC,150,129.99999980824464,1,0.15727272720299806,0.24581818176239845,0.5,0.5,-0.20154545448269826,0.42666909098625183,0.030121751129627228,0.06235288828611374,,,1.0,spike
693,20,scenario3_repeated_spike,SAC,150,129.9999998274202,1,0.15727272720997099,0.24581818176797682,0.5,0.5,-0.2015454544889739,0.50443434715271,0.044912636280059814,0.07480698823928833,,,1.0,spike
694,20,scenario3_repeated_spike,SAC,150,129.9999998446782,1,0.1572727272162466,0.2458181817729973,0.5,0.5,-0.20154545449462197,0.6663646101951599,0.0506632961332798,0.08146855235099792,,,1.0,spike
695,20,scenario3_repeated_spike,SAC,150,129.99999986021038,1,0.1572727272218947,0.2458181817775158,0.5,0.5,-0.20154545449970523,0.5807100534439087,0.025895314291119576,0.06180085241794586,,,1.0,spike
696,20,scenario3_repeated_spike,SAC,150,129.99999987418934,1,0.15727272722697794,0.24581818178158238,0.5,0.5,-0.20154545450428016,0.4185473322868347,0.019929463043808937,0.03652109578251839,,,1.0,spike
697,20,scenario3_repeated_spike,SAC,150,129.9999998867704,1,0.1572727272315529,0.24581818178524234,0.5,0.5,-0.20154545450839761,0.6140079498291016,0.05345005914568901,0.08377721905708313,,,1.0,spike
698,20,scenario3_repeated_spike,SAC,150,129.9999998980934,1,0.15727272723567035,0.24581818178853632,0.5,0.5,-0.20154545451210332,0.42202940583229065,0.056883495301008224,0.07400843501091003,,,1.0,spike
699,20,scenario3_repeated_spike,SAC,150,129.99999990828405,1,0.15727272723937602,0.24581818179150083,0.5,0.5,-0.20154545451543843,0.5470457077026367,0.06933342665433884,0.07523678243160248,,,1.0,spike
700,20,scenario3_repeated_spike,SAC,150,129.99999991745565,1,0.15727272724271113,0.24581818179416892,0.5,0.5,-0.20154545451844003,0.49891456961631775,0.05298811197280884,0.07306111603975296,,,1.0,spike
701,20,scenario3_repeated_spike,SAC,150,129.99999992571009,1,0.15727272724571276,0.24581818179657022,0.5,0.5,-0.20154545452114148,0.40100741386413574,0.0292965155094862,0.05780621990561485,,,1.0,spike
702,20,scenario3_repeated_spike,SAC,150,129.99999993313907,1,0.1572727272484142,0.24581818179873138,0.5,0.5,-0.2015454545235728,0.8498518466949463,0.02912917733192444,0.0611640065908432,,,1.0,spike
703,20,scenario3_repeated_spike,SAC,150,129.99999993982516,1,0.1572727272508455,0.24581818180067644,0.5,0.5,-0.20154545452576098,0.7911000847816467,0.027885980904102325,0.07295901328325272,,,1.0,spike
704,20,scenario3_repeated_spike,SAC,150,129.99999994584266,1,0.15727272725303368,0.24581818180242698,0.5,0.5,-0.20154545452773032,0.865485668182373,0.018439751118421555,0.05517890304327011,,,1.0,spike
705,20,scenario3_repeated_spike,SAC,150,129.99999995125842,1,0.15727272725500308,0.2458181818040025,0.5,0.5,-0.2015454545295028,0.688403308391571,0.015331682749092579,0.04813852533698082,,,1.0,spike
706,20,scenario3_repeated_spike,SAC,150,129.99999995613257,1,0.1572727272567755,0.24581818180542042,0.5,0.5,-0.20154545453109796,0.8723024725914001,0.04589999094605446,0.08902854472398758,,,1.0,spike
707,20,scenario3_repeated_spike,SAC,150,129.99999996051932,1,0.15727272725837066,0.24581818180669657,0.5,0.5,-0.2015454545325336,0.7351381778717041,0.051588304340839386,0.09397121518850327,,,1.0,spike
708,20,scenario3_repeated_spike,SAC,150,129.9999999644674,1,0.15727272725980634,0.2458181818078451,0.5,0.5,-0.20154545453382572,0.7758575081825256,0.031556639820337296,0.07390430569648743,,,1.0,spike
709,20,scenario3_repeated_spike,SAC,150,129.9999999680207,1,0.15727272726109845,0.24581818180887877,0.5,0.5,-0.20154545453498862,0.7183759808540344,0.002544900169596076,0.01789052225649357,,,1.0,spike
710,20,scenario3_repeated_spike,SAC,150,129.99999997121864,1,0.15727272726226132,0.24581818180980908,0.5,0.5,-0.2015454545360352,0.8123407959938049,0.010213934816420078,0.038263749331235886,,,1.0,spike
711,20,scenario3_repeated_spike,SAC,150,129.9999999740968,1,0.15727272726330793,0.24581818181064635,0.5,0.5,-0.20154545453697714,0.6080306768417358,0.017948439344763756,0.04261596500873566,,,1.0,spike
712,20,scenario3_repeated_spike,SAC,150,129.99999997668712,1,0.15727272726424985,0.24581818181139992,0.5,0.5,-0.20154545453782488,0.9838892221450806,0.03409935534000397,0.06804776936769485,,,1.0,spike
713,20,scenario3_repeated_spike,SAC,150,129.9999999790184,1,0.1572727272650976,0.2458181818120781,0.5,0.5,-0.20154545453858785,0.5122424960136414,0.011555565521121025,0.03720683604478836,,,1.0,spike
714,20,scenario3_repeated_spike,SAC,150,129.99999998111656,1,0.15727272726586056,0.24581818181268844,0.5,0.5,-0.2015454545392745,0.6312811970710754,0.0012771363835781813,0.01800457388162613,,,1.0,spike
715,20,scenario3_repeated_spike,SAC,150,129.9999999830049,1,0.15727272726654723,0.24581818181323778,0.5,0.5,-0.2015454545398925,0.4683510661125183,0.01688535511493683,0.04836670681834221,,,1.0,spike
716,20,scenario3_repeated_spike,SAC,150,129.9999999847044,1,0.15727272726716524,0.24581818181373222,0.5,0.5,-0.20154545454044873,0.4253422021865845,0.02933879941701889,0.05889197811484337,,,1.0,spike
717,20,scenario3_repeated_spike,SAC,150,129.99999998623395,1,0.15727272726772143,0.24581818181417714,0.5,0.5,-0.2015454545409493,0.9462390542030334,0.04732042923569679,0.08181380480527878,,,1.0,spike
718,20,scenario3_repeated_spike,SAC,150,129.99999998761055,1,0.15727272726822203,0.24581818181457765,0.5,0.5,-0.20154545454139983,0.784157931804657,0.02859245426952839,0.06808056682348251,,,1.0,spike
719,20,scenario3_repeated_spike,SAC,150,129.99999998884948,1,0.15727272726867253,0.24581818181493803,0.5,0.5,-0.20154545454180528,0.7644937038421631,0.01836402714252472,0.05461571365594864,,,1.0,spike
720,20,scenario3_repeated_spike,SAC,150,129.99999998996452,1,0.157272727269078,0.24581818181526244,0.5,0.5,-0.2015454545421702,0.7625381946563721,0.017520692199468613,0.05712253972887993,,,1.0,spike
721,20,scenario3_repeated_spike,SAC,150,129.9999999909681,1,0.15727272726944294,0.24581818181555437,0.5,0.5,-0.20154545454249867,0.809463381767273,0.021875865757465363,0.05035538598895073,,,1.0,spike
722,20,scenario3_repeated_spike,SAC,150,129.99999999187128,1,0.15727272726977137,0.2458181818158171,0.5,0.5,-0.20154545454279424,0.684022068977356,0.02170679345726967,0.05002264305949211,,,1.0,spike
723,20,scenario3_repeated_spike,SAC,150,129.99999999268414,1,0.15727272727006697,0.24581818181605358,0.5,0.5,-0.20154545454306028,0.4925037622451782,0.013037917204201221,0.03721870481967926,,,1.0,spike
724,20,scenario3_repeated_spike,SAC,150,129.9999999934157,1,0.15727272727033298,0.2458181818162664,0.5,0.5,-0.2015454545432997,0.556847333908081,0.0035415664315223694,0.017096836119890213,,,1.0,spike
725,20,scenario3_repeated_spike,SAC,150,129.99999999407413,1,0.1572727272705724,0.24581818181645793,0.5,0.5,-0.20154545454351516,0.5885363221168518,0.0129549540579319,0.04123629629611969,,,1.0,spike
726,20,scenario3_repeated_spike,SAC,150,129.99999999466672,1,0.15727272727078792,0.24581818181663034,0.5,0.5,-0.20154545454370915,0.3670349717140198,0.03189719095826149,0.05466356873512268,,,1.0,spike
727,20,scenario3_repeated_spike,SAC,150,129.99999999520006,1,0.15727272727098185,0.2458181818167855,0.5,0.5,-0.20154545454388367,0.5089625120162964,0.036221571266651154,0.06576790660619736,,,1.0,spike
728,20,scenario3_repeated_spike,SAC,150,129.99999999568007,1,0.1572727272711564,0.24581818181692516,0.5,0.5,-0.20154545454404077,0.5320273637771606,0.021471664309501648,0.05356544628739357,,,1.0,spike
729,20,scenario3_repeated_spike,SAC,150,129.99999999611208,1,0.15727272727131347,0.24581818181705078,0.5,0.5,-0.20154545454418213,0.7030325531959534,0.006897081155329943,0.028916779905557632,,,1.0,spike
730,20,scenario3_repeated_spike,SAC,150,129.9999999965009,1,0.15727272727145486,0.24581818181716392,0.5,0.5,-0.2015454545443094,0.7281425595283508,0.006836709100753069,0.029047850519418716,,,1.0,spike
731,20,scenario3_repeated_spike,SAC,150,129.99999999685082,1,0.15727272727158212,0.24581818181726572,0.5,0.5,-0.2015454545444239,0.5966722369194031,0.01919587515294552,0.052119046449661255,,,1.0,spike
732,20,scenario3_repeated_spike,SAC,150,129.99999999716573,1,0.15727272727169664,0.24581818181735732,0.5,0.5,-0.201545454544527,0.6941661834716797,0.020047707483172417,0.05066134035587311,,,1.0,spike
733,20,scenario3_repeated_spike,SAC,150,129.99999999744915,1,0.1572727272717997,0.24581818181743975,0.5,0.5,-0.20154545454461972,0.5642716884613037,0.011952124536037445,0.04334420710802078,,,1.0,spike
734,20,scenario3_repeated_spike,SAC,150,129.99999999770424,1,0.15727272727189245,0.24581818181751397,0.5,0.5,-0.2015454545447032,0.8630655407905579,0.006834525614976883,0.034323886036872864,,,1.0,spike
735,20,scenario3_repeated_spike,SAC,150,129.9999999979338,1,0.15727272727197594,0.24581818181758075,0.5,0.5,-0.20154545454477835,0.7386155724525452,0.015245341695845127,0.04533069208264351,,,1.0,spike
736,20,scenario3_repeated_spike,SAC,150,129.99999999814042,1,0.15727272727205108,0.24581818181764087,0.5,0.5,-0.20154545454484596,0.7994765043258667,0.05023112893104553,0.09712447226047516,,,1.0,spike
737,20,scenario3_repeated_spike,SAC,150,129.9999999983264,1,0.1572727272721187,0.245818181817695,0.5,0.5,-0.20154545454490685,0.7843118906021118,0.06116251274943352,0.10675659775733948,,,1.0,spike
738,20,scenario3_repeated_spike,SAC,150,129.99999999849376,1,0.15727272727217956,0.24581818181774368,0.5,0.5,-0.20154545454496162,0.5930439233779907,0.03140338882803917,0.06913959980010986,,,1.0,spike
739,20,scenario3_repeated_spike,SAC,150,129.9999999986444,1,0.15727272727223432,0.24581818181778747,0.5,0.5,-0.20154545454501088,1.1627297401428223,0.005397513043135405,0.030104391276836395,,,1.0,spike
740,20,scenario3_repeated_spike,SAC,150,129.99999999877997,1,0.1572727272722836,0.2458181818178269,0.5,0.5,-0.20154545454505524,0.8535094261169434,0.0253167562186718,0.06562649458646774,,,1.0,spike
741,20,scenario3_repeated_spike,SAC,150,129.99999999890196,1,0.15727272727232797,0.2458181818178624,0.5,0.5,-0.2015454545450952,0.9841502904891968,0.0718926340341568,0.11580163985490799,,,1.0,spike
742,20,scenario3_repeated_spike,SAC,150,129.99999999901178,1,0.1572727272723679,0.24581818181789433,0.5,0.5,-0.20154545454513112,0.9078700542449951,0.06985445320606232,0.11552741378545761,,,1.0,spike
743,20,scenario3_repeated_spike,SAC,150,129.9999999991106,1,0.15727272727240388,0.24581818181792314,0.5,0.5,-0.2015454545451635,0.7379370927810669,0.030359985306859016,0.07556828111410141,,,1.0,spike
744,20,scenario3_repeated_spike,SAC,150,129.99999999919953,1,0.15727272727243619,0.24581818181794896,0.5,0.5,-0.20154545454519257,0.6746164560317993,0.0015402808785438538,0.01608579233288765,,,1.0,spike
745,20,scenario3_repeated_spike,SAC,150,129.99999999927957,1,0.1572727272724653,0.24581818181797227,0.5,0.5,-0.20154545454521877,0.5934454798698425,0.04319792613387108,0.08629123866558075,,,1.0,spike
746,20,scenario3_repeated_spike,SAC,150,129.99999999935162,1,0.1572727272724915,0.2458181818179932,0.5,0.5,-0.20154545454524236,0.29340457916259766,0.05935038626194,0.07855375111103058,,,1.0,spike
747,20,scenario3_repeated_spike,SAC,150,129.99999999941645,1,0.15727272727251507,0.24581818181801207,0.5,0.5,-0.20154545454526357,0.7697409391403198,0.13565689325332642,0.16133227944374084,,,1.0,spike
748,20,scenario3_repeated_spike,SAC,150,129.99999999947482,1,0.1572727272725363,0.24581818181802906,0.5,0.5,-0.20154545454528267,0.8754065632820129,0.09920015931129456,0.14219439029693604,,,1.0,spike
749,20,scenario3_repeated_spike,SAC,150,129.99999999952735,1,0.1572727272725554,0.24581818181804432,0.5,0.5,-0.20154545454529987,0.5679924488067627,0.021252727136015892,0.05337793380022049,,,1.0,spike
750,20,scenario3_repeated_spike,SAC,150,129.9999999995746,1,0.15727272727257258,0.2458181818180581,0.5,0.5,-0.20154545454531533,0.733457088470459,0.009317217394709587,0.034793317317962646,,,1.0,spike
751,20,scenario3_repeated_spike,SAC,150,129.99999999961716,1,0.15727272727258806,0.24581818181807047,0.5,0.5,-0.20154545454532927,0.5998584032058716,0.021398652344942093,0.05563470721244812,,,1.0,spike
752,20,scenario3_repeated_spike,SAC,150,129.99999999965544,1,0.15727272727260197,0.24581818181808157,0.5,0.5,-0.20154545454534178,1.0845869779586792,0.04358205944299698,0.10129125416278839,,,1.0,spike
753,20,scenario3_repeated_spike,SAC,150,129.99999999968992,1,0.15727272727261452,0.24581818181809162,0.5,0.5,-0.20154545454535305,0.9774797558784485,0.019631732255220413,0.0627337321639061,,,1.0,spike
754,20,scenario3_repeated_spike,SAC,150,129.99999999972093,1,0.1572727272726258,0.24581818181810067,0.5,0.5,-0.20154545454536324,0.7683191895484924,0.0054304213263094425,0.029275748878717422,,,1.0,spike
755,20,scenario3_repeated_spike,SAC,150,129.99999999974884,1,0.15727272727263594,0.24581818181810877,0.5,0.5,-0.20154545454537237,0.6550701856613159,0.02632513828575611,0.06772585213184357,,,1.0,spike
756,20,scenario3_repeated_spike,SAC,150,129.99999999977396,1,0.15727272727264507,0.2458181818181161,0.5,0.5,-0.2015454545453806,0.7502967715263367,0.04611491039395332,0.08722426742315292,,,1.0,spike
757,20,scenario3_repeated_spike,SAC,150,129.99999999979656,1,0.1572727272726533,0.24581818181812265,0.5,0.5,-0.20154545454538797,0.9211156964302063,0.04740886762738228,0.07822772860527039,,,1.0,spike
758,20,scenario3_repeated_spike,SAC,150,129.9999999998169,1,0.1572727272726607,0.2458181818181286,0.5,0.5,-0.20154545454539463,0.5430456399917603,0.018947536125779152,0.04557318240404129,,,1.0,spike
759,20,scenario3_repeated_spike,SAC,150,129.9999999998352,1,0.15727272727266736,0.24581818181813392,0.5,0.5,-0.20154545454540063,0.5823014378547668,0.0036920520942658186,0.023875011131167412,,,1.0,spike
760,20,scenario3_repeated_spike,SAC,150,129.9999999998517,1,0.15727272727267333,0.2458181818181387,0.5,0.5,-0.201545454545406,1.0420689582824707,0.005381295923143625,0.02858685702085495,,,1.0,spike
761,20,scenario3_repeated_spike,SAC,150,129.99999999986653,1,0.15727272727267874,0.24581818181814302,0.5,0.5,-0.2015454545454109,1.071253776550293,0.030154945328831673,0.08038643002510071,,,1.0,spike
762,20,scenario3_repeated_spike,SAC,150,129.9999999998799,1,0.1572727272726836,0.2458181818181469,0.5,0.5,-0.20154545454541525,0.5818923711776733,0.018419770523905754,0.05196434259414673,,,1.0,spike
763,20,scenario3_repeated_spike,SAC,150,129.99999999989188,1,0.15727272727268796,0.2458181818181504,0.5,0.5,-0.20154545454541917,0.6976871490478516,0.011054633185267448,0.0414295420050621,,,1.0,spike
764,20,scenario3_repeated_spike,SAC,150,129.99999999990268,1,0.1572727272726919,0.2458181818181535,0.5,0.5,-0.20154545454542272,0.8932321667671204,0.014474398456513882,0.0441494956612587,,,1.0,spike
765,20,scenario3_repeated_spike,SAC,150,129.9999999999124,1,0.15727272727269542,0.24581818181815634,0.5,0.5,-0.20154545454542588,0.546297013759613,0.0202857106924057,0.055281780660152435,,,1.0,spike
766,20,scenario3_repeated_spike,SAC,150,129.99999999992116,1,0.1572727272726986,0.2458181818181589,0.5,0.5,-0.20154545454542874,0.6205931901931763,0.02472955361008644,0.06197209283709526,,,1.0,spike
767,20,scenario3_repeated_spike,SAC,150,129.99999999992906,1,0.15727272727270147,0.24581818181816117,0.5,0.5,-0.20154545454543132,1.2370083332061768,0.024058565497398376,0.05967644229531288,,,1.0,spike
768,20,scenario3_repeated_spike,SAC,150,129.99999999993616,1,0.15727272727270408,0.24581818181816328,0.5,0.5,-0.20154545454543368,1.035768985748291,0.02706952765583992,0.070949986577034,,,1.0,spike
769,20,scenario3_repeated_spike,SAC,150,129.99999999994253,1,0.1572727272727064,0.24581818181816512,0.5,0.5,-0.20154545454543576,0.8845102190971375,0.04510786756873131,0.07895467430353165,,,1.0,spike
770,20,scenario3_repeated_spike,SAC,150,129.99999999994827,1,0.15727272727270847,0.24581818181816678,0.5,0.5,-0.20154545454543762,0.8011064529418945,0.04514693096280098,0.08316860347986221,,,1.0,spike
771,20,scenario3_repeated_spike,SAC,150,129.99999999995345,1,0.15727272727271036,0.24581818181816828,0.5,0.5,-0.20154545454543932,0.7024980187416077,0.021183308213949203,0.06346451491117477,,,1.0,spike
772,20,scenario3_repeated_spike,SAC,150,129.9999999999581,1,0.15727272727271205,0.24581818181816967,0.5,0.5,-0.20154545454544087,0.8286486864089966,0.0013348974753171206,0.014369606040418148,,,1.0,spike
773,20,scenario3_repeated_spike,SAC,150,129.9999999999623,1,0.15727272727271357,0.2458181818181709,0.5,0.5,-0.20154545454544223,0.8460953831672668,0.042476050555706024,0.09076272696256638,,,1.0,spike
774,20,scenario3_repeated_spike,SAC,150,129.99999999996606,1,0.15727272727271494,0.24581818181817194,0.5,0.5,-0.20154545454544343,0.7748798131942749,0.09105363488197327,0.12495708465576172,,,1.0,spike
775,20,scenario3_repeated_spike,SAC,150,129.99999999996948,1,0.15727272727271618,0.24581818181817294,0.5,0.5,-0.20154545454544456,0.8262354135513306,0.10030872374773026,0.12681922316551208,,,1.0,spike
776,20,scenario3_repeated_spike,SAC,150,129.99999999997254,1,0.1572727272727173,0.24581818181817383,0.5,0.5,-0.20154545454544556,0.41199564933776855,0.037654973566532135,0.059489089995622635,,,1.0,spike
777,20,scenario3_repeated_spike,SAC,150,129.99999999997527,1,0.1572727272727183,0.24581818181817466,0.5,0.5,-0.20154545454544648,1.0959419012069702,0.030013006180524826,0.0766151025891304,,,1.0,spike
778,20,scenario3_repeated_spike,SAC,150,129.99999999997775,1,0.15727272727271918,0.24581818181817539,0.5,0.5,-0.20154545454544728,0.9961850643157959,0.010794037953019142,0.04319774731993675,,,1.0,spike
779,20,scenario3_repeated_spike,SAC,150,129.99999999998,1,0.15727272727272001,0.24581818181817605,0.5,0.5,-0.20154545454544803,0.715934693813324,0.014634091407060623,0.052178025245666504,,,1.0,spike
780,20,scenario3_repeated_spike,SAC,150,129.99999999998198,1,0.15727272727272074,0.2458181818181766,0.5,0.5,-0.20154545454544867,0.503434956073761,0.010019529610872269,0.035678572952747345,,,1.0,spike
781,20,scenario3_repeated_spike,SAC,150,129.9999999999838,1,0.15727272727272137,0.2458181818181771,0.5,0.5,-0.20154545454544925,0.7961324453353882,0.010342895984649658,0.044714104384183884,,,1.0,spike
782,20,scenario3_repeated_spike,SAC,150,129.99999999998542,1,0.15727272727272198,0.2458181818181776,0.5,0.5,-0.2015454545454498,0.8041681051254272,0.024099184200167656,0.06887535005807877,,,1.0,spike
783,20,scenario3_repeated_spike,SAC,150,129.99999999998687,1,0.1572727272727225,0.24581818181817805,0.5,0.5,-0.20154545454545028,0.7502838969230652,0.027658618986606598,0.07257002592086792,,,1.0,spike
784,20,scenario3_repeated_spike,SAC,150,129.99999999998818,1,0.15727272727272298,0.24581818181817838,0.5,0.5,-0.2015454545454507,0.8370404839515686,0.010704049840569496,0.04585733264684677,,,1.0,spike
785,20,scenario3_repeated_spike,SAC,150,129.99999999998937,1,0.15727272727272343,0.24581818181817877,0.5,0.5,-0.20154545454545109,0.6431001424789429,0.0022171882446855307,0.017707163468003273,,,1.0,spike
786,20,scenario3_repeated_spike,SAC,150,129.99999999999045,1,0.15727272727272382,0.24581818181817905,0.5,0.5,-0.20154545454545142,0.9492270350456238,0.013854598626494408,0.05330299586057663,,,1.0,spike
787,20,scenario3_repeated_spike,SAC,150,129.99999999999142,1,0.15727272727272415,0.24581818181817933,0.5,0.5,-0.20154545454545175,0.7789957523345947,0.00745953107252717,0.033379774540662766,,,1.0,spike
788,20,scenario3_repeated_spike,SAC,150,129.99999999999227,1,0.15727272727272446,0.2458181818181796,0.5,0.5,-0.20154545454545203,0.9393287897109985,0.005812029354274273,0.034537699073553085,,,1.0,spike
789,20,scenario3_repeated_spike,SAC,150,129.99999999999307,1,0.15727272727272476,0.24581818181817983,0.5,0.5,-0.2015454545454523,1.0171841382980347,0.01555503811687231,0.060257960110902786,,,1.0,spike
790,20,scenario3_repeated_spike,SAC,150,129.99999999999375,1,0.15727272727272498,0.24581818181818,0.5,0.5,-0.20154545454545247,0.5970883369445801,0.011691266670823097,0.03581302985548973,,,1.0,spike
791,20,scenario3_repeated_spike,SAC,150,129.99999999999437,1,0.15727272727272523,0.24581818181818021,0.5,0.5,-0.20154545454545272,0.9762465357780457,0.025105925276875496,0.07294605672359467,,,1.0,spike
792,20,scenario3_repeated_spike,SAC,150,129.99999999999494,1,0.15727272727272543,0.24581818181818038,0.5,0.5,-0.20154545454545292,0.8693565726280212,0.017065681517124176,0.05439215153455734,,,1.0,spike
793,20,scenario3_repeated_spike,SAC,150,129.99999999999545,1,0.15727272727272565,0.24581818181818055,0.5,0.5,-0.20154545454545308,0.5565704107284546,0.011820157989859581,0.03823370113968849,,,1.0,spike
794,20,scenario3_repeated_spike,SAC,150,129.9999999999959,1,0.1572727272727258,0.24581818181818066,0.5,0.5,-0.20154545454545322,1.1194289922714233,0.0122980996966362,0.04274338111281395,,,1.0,spike
795,20,scenario3_repeated_spike,SAC,150,129.9999999999963,1,0.15727272727272593,0.24581818181818077,0.5,0.5,-0.20154545454545336,1.1580777168273926,0.010698546655476093,0.04828860983252525,,,1.0,spike
796,20,scenario3_repeated_spike,SAC,150,129.99999999999667,1,0.15727272727272607,0.24581818181818088,0.5,0.5,-0.20154545454545347,1.4340651035308838,0.0029083294793963432,0.02483772486448288,,,1.0,spike
797,20,scenario3_repeated_spike,SAC,150,129.99999999999702,1,0.1572727272727262,0.245818181818181,0.5,0.5,-0.20154545454545358,0.8880202770233154,0.0071970135904848576,0.030406925827264786,,,1.0,spike
798,20,scenario3_repeated_spike,SAC,150,129.99999999999733,1,0.15727272727272631,0.24581818181818105,0.5,0.5,-0.2015454545454537,0.6611151695251465,0.016031434759497643,0.04636427387595177,,,1.0,spike
799,20,scenario3_repeated_spike,SAC,150,129.9999999999976,1,0.15727272727272643,0.24581818181818116,0.5,0.5,-0.2015454545454538,0.7661629915237427,0.012744115665555,0.0359741747379303,,,1.0,spike
800,20,scenario3_repeated_spike,SAC,50,111.99999999999785,1,0.13072727272727197,0.1445818181818176,0.5,0.5,-0.13765454545454478,0.907822847366333,0.01024706196039915,0.03169150650501251,,,1.0,normal
801,20,scenario3_repeated_spike,SAC,50,95.79999999999806,1,0.12483636363636294,0.13986909090909036,0.5,0.5,-0.13235272727272665,1.1925374269485474,0.010023089125752449,0.0503070242702961,,,1.0,normal
802,20,scenario3_repeated_spike,SAC,50,81.21999999999827,1,0.11953454545454482,0.13562763636363587,0.5,0.5,-0.12758109090909034,0.8890547156333923,0.014667014591395855,0.054815586656332016,,,1.0,normal
803,20,scenario3_repeated_spike,SAC,50,68.09799999999844,1,0.11476290909090853,0.13181032727272682,0.5,0.5,-0.12328661818181767,0.89287930727005,0.006284280214458704,0.02817096933722496,,,1.0,normal
804,20,scenario3_repeated_spike,SAC,50,56.2881999999986,1,0.11046843636363585,0.12837474909090868,0.5,0.5,-0.11942159272727226,0.9275896549224854,0.015923865139484406,0.046658795326948166,,,1.0,normal
805,20,scenario3_repeated_spike,SAC,50,45.65937999999874,1,0.10660341090909045,0.12528272872727236,0.5,0.5,-0.11594306981818141,0.8049571514129639,0.031014977023005486,0.0702228993177414,,,1.0,normal
806,20,scenario3_repeated_spike,SAC,50,36.093441999998866,1,0.10312488799999958,0.12249991039999966,0.5,0.5,-0.11281239919999962,0.9369869828224182,0.04545922577381134,0.09865236282348633,,,1.0,normal
807,20,scenario3_repeated_spike,SAC,50,27.484097799998978,1,0.09999421738181781,0.11999537390545426,0.5,0.5,-0.10999479564363604,0.901308000087738,0.028601299971342087,0.07506395131349564,,,1.0,normal
808,20,scenario3_repeated_spike,SAC,50,19.73568801999908,1,0.09717661382545421,0.11774129106036338,0.5,0.5,-0.10745895244290879,0.8436505794525146,0.013118133880198002,0.04936091601848602,,,1.0,normal
809,20,scenario3_repeated_spike,SAC,50,12.762119217999174,1,0.09464077062472698,0.1157126164997816,0.5,0.5,-0.10517669356225429,1.2034757137298584,0.030753815546631813,0.0802413746714592,,,1.0,normal
810,20,scenario3_repeated_spike,SAC,50,12.485907296199258,0,0.06780369206012453,0.20848590729619926,0.5,0.5,-0.1381447996781619,0.8958137631416321,0.024696730077266693,0.06864437460899353,,,1.0,normal
811,20,scenario3_repeated_spike,SAC,50,6.237316566579331,1,0.09226811511511976,0.11381449209209582,0.5,0.5,-0.10304130360360779,0.9698824286460876,0.01611054129898548,0.05610550940036774,,,1.0,normal
812,20,scenario3_repeated_spike,SAC,50,6.613584909921398,0,0.06413349056870087,0.2026135849099214,0.5,0.5,-0.13337353773931113,0.7916012406349182,0.0043157548643648624,0.027072161436080933,,,1.0,normal
813,20,scenario3_repeated_spike,SAC,50,6.952226418929259,0,0.06434514151183078,0.20295222641892927,0.5,0.5,-0.13364868396538002,0.7908621430397034,0.019520577043294907,0.05815885215997696,,,1.0,normal
814,20,scenario3_repeated_spike,SAC,50,7.257003777036333,0,0.0645356273606477,0.20325700377703634,0.5,0.5,-0.13389631556884202,0.8768247365951538,0.028005480766296387,0.07349655032157898,,,1.0,normal
815,20,scenario3_repeated_spike,SAC,50,1.5313033993326997,1,0.09055683759975734,0.11244547007980588,0.5,0.5,-0.10150115383978162,0.7753660082817078,0.01976381242275238,0.05432552099227905,,,1.0,normal
816,20,scenario3_repeated_spike,SAC,50,2.3781730593994297,0,0.061486358162124645,0.19837817305939945,0.5,0.5,-0.12993226561076204,0.9630749225616455,0.018592268228530884,0.06114916875958443,,,1.0,normal
817,20,scenario3_repeated_spike,SAC,50,0.0,1,0.09,0.11199999999999999,0.5,0.5,-0.10099999999999999,1.2496827840805054,0.042251281440258026,0.09037667512893677,,,1.0,normal
818,20,scenario3_repeated_spike,SAC,50,1.0,0,0.060625,0.197,0.5,0.5,-0.1288125,0.8999979496002197,0.03444307669997215,0.07897800207138062,,,1.0,normal
819,20,scenario3_repeated_spike,SAC,50,0.0,1,0.09,0.11199999999999999,0.5,0.5,-0.10099999999999999,1.2230827808380127,0.02172594889998436,0.07408344745635986,,,1.0,normal
820,20,scenario3_repeated_spike,SAC,50,1.0,0,0.060625,0.197,0.5,0.5,-0.1288125,1.0260323286056519,0.006400132551789284,0.030188780277967453,,,1.0,normal
821,20,scenario3_repeated_spike,SAC,50,1.9000000000000004,0,0.0611875,0.19790000000000002,0.5,0.5,-0.12954375,1.00812566280365,0.0201648510992527,0.06676420569419861,,,1.0,normal
822,20,scenario3_repeated_spike,SAC,50,0.0,1,0.09,0.11199999999999999,0.5,0.5,-0.10099999999999999,0.8919911980628967,0.03300157189369202,0.07957321405410767,,,1.0,normal
823,20,scenario3_repeated_spike,SAC,50,1.0,0,0.060625,0.197,0.5,0.5,-0.1288125,0.7810942530632019,0.015138354152441025,0.0410919189453125,,,1.0,normal
824,20,scenario3_repeated_spike,SAC,50,0.0,1,0.09,0.11199999999999999,0.5,0.5,-0.10099999999999999,0.7374227643013,0.018831707537174225,0.0561806857585907,,,1.0,normal
825,20,scenario3_repeated_spike,SAC,50,0.0,1,0.09,0.11199999999999999,0.5,0.5,-0.10099999999999999,0.8556448221206665,0.03537756949663162,0.0716065913438797,,,1.0,normal
826,20,scenario3_repeated_spike,SAC,50,1.0,0,0.060625,0.197,0.5,0.5,-0.1288125,0.7925742268562317,0.03353145718574524,0.07453923672437668,,,1.0,normal
827,20,scenario3_repeated_spike,SAC,50,0.0,1,0.09,0.11199999999999999,0.5,0.5,-0.10099999999999999,1.1375950574874878,0.02798660844564438,0.07571785151958466,,,1.0,normal
828,20,scenario3_repeated_spike,SAC,50,1.0,0,0.060625,0.197,0.5,0.5,-0.1288125,0.7674044370651245,0.0029330099932849407,0.018548965454101562,,,1.0,normal
829,20,scenario3_repeated_spike,SAC,50,0.0,1,0.09,0.11199999999999999,0.5,0.5,-0.10099999999999999,0.7410372495651245,0.01583927869796753,0.05378441885113716,,,1.0,normal
830,20,scenario3_repeated_spike,SAC,50,0.0,1,0.09,0.11199999999999999,0.5,0.5,-0.10099999999999999,0.7861401438713074,0.02919730916619301,0.07249875366687775,,,1.0,normal
831,20,scenario3_repeated_spike,SAC,50,0.0,1,0.09,0.11199999999999999,0.5,0.5,-0.10099999999999999,0.8665189743041992,0.01827912963926792,0.047127850353717804,,,1.0,normal
832,20,scenario3_repeated_spike,SAC,50,0.0,1,0.09,0.11199999999999999,0.5,0.5,-0.10099999999999999,1.0742515325546265,0.018089311197400093,0.05456143617630005,,,1.0,normal
833,20,scenario3_repeated_spike,SAC,50,1.0,0,0.060625,0.197,0.5,0.5,-0.1288125,0.8491976261138916,0.0012652245350182056,0.01630227640271187,,,1.0,normal
834,20,scenario3_repeated_spike,SAC,50,0.0,1,0.09,0.11199999999999999,0.5,0.5,-0.10099999999999999,0.8524100184440613,0.010678369551897049,0.037722378969192505,,,1.0,normal
835,20,scenario3_repeated_spike,SAC,50,1.0,0,0.060625,0.197,0.5,0.5,-0.1288125,0.9328755140304565,0.010340279899537563,0.03991718590259552,,,1.0,normal
836,20,scenario3_repeated_spike,SAC,50,0.0,1,0.09,0.11199999999999999,0.5,0.5,-0.10099999999999999,0.5370492935180664,0.0008411147864535451,0.009075041860342026,,,1.0,normal
837,20,scenario3_repeated_spike,SAC,50,0.0,1,0.09,0.11199999999999999,0.5,0.5,-0.10099999999999999,0.4543937146663666,0.004741949960589409,0.022764943540096283,,,1.0,normal
838,20,scenario3_repeated_spike,SAC,50,1.0,0,0.060625,0.197,0.5,0.5,-0.1288125,0.64142906665802,0.008377817459404469,0.029572419822216034,,,1.0,normal
839,20,scenario3_repeated_spike,SAC,50,1.9000000000000004,0,0.0611875,0.19790000000000002,0.5,0.5,-0.12954375,0.9730230569839478,0.010244622826576233,0.03793931379914284,,,1.0,normal
840,20,scenario3_repeated_spike,SAC,50,2.710000000000001,0,0.061693750000000006,0.19871000000000003,0.5,0.5,-0.13020187500000002,0.9578889012336731,0.025742575526237488,0.06847614794969559,,,1.0,normal
841,20,scenario3_repeated_spike,SAC,50,3.439,0,0.062149375,0.199439,0.5,0.5,-0.1307941875,0.8206825256347656,0.012468173168599606,0.04580118879675865,,,1.0,normal
842,20,scenario3_repeated_spike,SAC,50,4.0951,0,0.06255943750000001,0.20009510000000003,0.5,0.5,-0.13132726875,0.6150575280189514,0.0034252081532031298,0.024486320093274117,,,1.0,normal
843,20,scenario3_repeated_spike,SAC,50,0.0,1,0.09,0.11199999999999999,0.5,0.5,-0.10099999999999999,0.8562738299369812,0.014640470035374165,0.04649800434708595,,,1.0,normal
844,20,scenario3_repeated_spike,SAC,50,1.0,0,0.060625,0.197,0.5,0.5,-0.1288125,0.7543754577636719,0.007823318243026733,0.036327242851257324,,,1.0,normal
845,20,scenario3_repeated_spike,SAC,50,1.9000000000000004,0,0.0611875,0.19790000000000002,0.5,0.5,-0.12954375,0.8535979390144348,0.004016333259642124,0.0303594209253788,,,1.0,normal
846,20,scenario3_repeated_spike,SAC,50,0.0,1,0.09,0.11199999999999999,0.5,0.5,-0.10099999999999999,0.714713990688324,0.006341438740491867,0.03343920782208443,,,1.0,normal
847,20,scenario3_repeated_spike,SAC,50,0.0,1,0.09,0.11199999999999999,0.5,0.5,-0.10099999999999999,0.7281101942062378,0.01157383993268013,0.032965175807476044,,,1.0,normal
848,20,scenario3_repeated_spike,SAC,50,0.0,1,0.09,0.11199999999999999,0.5,0.5,-0.10099999999999999,0.7065627574920654,0.005331202410161495,0.028731748461723328,,,1.0,normal
849,20,scenario3_repeated_spike,SAC,50,0.0,1,0.09,0.11199999999999999,0.5,0.5,-0.10099999999999999,0.7174414396286011,0.01684654876589775,0.05149616301059723,,,1.0,normal
850,20,scenario3_repeated_spike,SAC,50,0.0,1,0.09,0.11199999999999999,0.5,0.5,-0.10099999999999999,0.8158434629440308,0.015349829569458961,0.05255979299545288,,,1.0,normal
851,20,scenario3_repeated_spike,SAC,50,0.0,1,0.09,0.11199999999999999,0.5,0.5,-0.10099999999999999,0.8610676527023315,0.006110399961471558,0.034313641488552094,,,1.0,normal
852,20,scenario3_repeated_spike,SAC,50,0.0,1,0.09,0.11199999999999999,0.5,0.5,-0.10099999999999999,0.6794449090957642,0.010503806173801422,0.030338618904352188,,,1.0,normal
853,20,scenario3_repeated_spike,SAC,50,1.0,0,0.060625,0.197,0.5,0.5,-0.1288125,0.95521080493927,0.01307763997465372,0.048727504909038544,,,1.0,normal
854,20,scenario3_repeated_spike,SAC,50,1.9000000000000004,0,0.0611875,0.19790000000000002,0.5,0.5,-0.12954375,1.028625249862671,0.008555712178349495,0.03345312923192978,,,1.0,normal
855,20,scenario3_repeated_spike,SAC,50,0.0,1,0.09,0.11199999999999999,0.5,0.5,-0.10099999999999999,0.8394075632095337,0.006711731664836407,0.030748002231121063,,,1.0,normal
856,20,scenario3_repeated_spike,SAC,50,1.0,0,0.060625,0.197,0.5,0.5,-0.1288125,1.094463586807251,0.053210530430078506,0.09955604374408722,,,1.0,normal
857,20,scenario3_repeated_spike,SAC,50,0.0,1,0.09,0.11199999999999999,0.5,0.5,-0.10099999999999999,1.2717416286468506,0.4445154666900635,0.2982175350189209,,,1.0,normal
858,20,scenario3_repeated_spike,SAC,50,1.0,0,0.060625,0.197,0.5,0.5,-0.1288125,1.0210936069488525,0.42440760135650635,0.2664611041545868,,,1.0,normal
859,20,scenario3_repeated_spike,SAC,50,0.0,1,0.09,0.11199999999999999,0.5,0.5,-0.10099999999999999,1.1330047845840454,0.258610337972641,0.21468189358711243,,,1.0,normal
860,20,scenario3_repeated_spike,SAC,50,1.0,0,0.060625,0.197,0.5,0.5,-0.1288125,0.995936930179596,0.07769813388586044,0.10384397953748703,,,1.0,normal
861,20,scenario3_repeated_spike,SAC,50,1.9000000000000004,0,0.0611875,0.19790000000000002,0.5,0.5,-0.12954375,1.145258903503418,0.05935569107532501,0.09724091738462448,,,1.0,normal
862,20,scenario3_repeated_spike,SAC,50,0.0,1,0.09,0.11199999999999999,0.5,0.5,-0.10099999999999999,0.9032518863677979,0.1132802814245224,0.1359015256166458,,,1.0,normal
863,20,scenario3_repeated_spike,SAC,50,1.0,0,0.060625,0.197,0.5,0.5,-0.1288125,1.1799322366714478,0.25086426734924316,0.22688248753547668,,,1.0,normal
864,20,scenario3_repeated_spike,SAC,50,1.9000000000000004,0,0.0611875,0.19790000000000002,0.5,0.5,-0.12954375,1.0464402437210083,0.2712196111679077,0.217222660779953,,,1.0,normal
865,20,scenario3_repeated_spike,SAC,50,2.710000000000001,0,0.061693750000000006,0.19871000000000003,0.5,0.5,-0.13020187500000002,1.2322237491607666,0.34054046869277954,0.24190197885036469,,,1.0,normal
866,20,scenario3_repeated_spike,SAC,50,0.0,1,0.09,0.11199999999999999,0.5,0.5,-0.10099999999999999,1.3576120138168335,0.3322603106498718,0.21646882593631744,,,1.0,normal
867,20,scenario3_repeated_spike,SAC,50,1.0,0,0.060625,0.197,0.5,0.5,-0.1288125,0.9856210350990295,0.21296586096286774,0.17342086136341095,,,1.0,normal
868,20,scenario3_repeated_spike,SAC,50,1.9000000000000004,0,0.0611875,0.19790000000000002,0.5,0.5,-0.12954375,0.8720705509185791,0.12898114323616028,0.1331576108932495,,,1.0,normal
869,20,scenario3_repeated_spike,SAC,50,2.710000000000001,0,0.061693750000000006,0.19871000000000003,0.5,0.5,-0.13020187500000002,0.9276761412620544,0.06309263408184052,0.10051403939723969,,,1.0,normal
870,20,scenario3_repeated_spike,SAC,50,3.439,0,0.062149375,0.199439,0.5,0.5,-0.1307941875,1.1465253829956055,0.021757256239652634,0.06341750919818878,,,1.0,normal
871,20,scenario3_repeated_spike,SAC,50,0.0,1,0.09,0.11199999999999999,0.5,0.5,-0.10099999999999999,0.9621115922927856,0.029385969042778015,0.07185176014900208,,,1.0,normal
872,20,scenario3_repeated_spike,SAC,50,1.0,0,0.060625,0.197,0.5,0.5,-0.1288125,0.865280032157898,0.04575495049357414,0.07931037992238998,,,1.0,normal
873,20,scenario3_repeated_spike,SAC,50,1.9000000000000004,0,0.0611875,0.19790000000000002,0.5,0.5,-0.12954375,0.6679325699806213,0.06285034865140915,0.08210182189941406,,,1.0,normal
874,20,scenario3_repeated_spike,SAC,50,0.0,1,0.09,0.11199999999999999,0.5,0.5,-0.10099999999999999,1.0744593143463135,0.09527800977230072,0.10843561589717865,,,1.0,normal
875,20,scenario3_repeated_spike,SAC,50,0.0,1,0.09,0.11199999999999999,0.5,0.5,-0.10099999999999999,1.1206516027450562,0.0776052176952362,0.09829983115196228,,,1.0,normal
876,20,scenario3_repeated_spike,SAC,50,0.0,1,0.09,0.11199999999999999,0.5,0.5,-0.10099999999999999,0.9485426545143127,0.03280727565288544,0.06034621596336365,,,1.0,normal
877,20,scenario3_repeated_spike,SAC,50,0.0,1,0.09,0.11199999999999999,0.5,0.5,-0.10099999999999999,0.9380556344985962,0.018301542848348618,0.05597223341464996,,,1.0,normal
878,20,scenario3_repeated_spike,SAC,50,1.0,0,0.060625,0.197,0.5,0.5,-0.1288125,1.1304532289505005,0.017200857400894165,0.06043827161192894,,,1.0,normal
879,20,scenario3_repeated_spike,SAC,50,0.0,1,0.09,0.11199999999999999,0.5,0.5,-0.10099999999999999,0.9522371292114258,0.030159983783960342,0.06473211199045181,,,1.0,normal
880,20,scenario3_repeated_spike,SAC,50,0.0,1,0.09,0.11199999999999999,0.5,0.5,-0.10099999999999999,1.0268635749816895,0.056548696011304855,0.09786247462034225,,,1.0,normal
881,20,scenario3_repeated_spike,SAC,50,0.0,1,0.09,0.11199999999999999,0.5,0.5,-0.10099999999999999,1.1129703521728516,0.055597078055143356,0.10376421362161636,,,1.0,normal
882,20,scenario3_repeated_spike,SAC,50,1.0,0,0.060625,0.197,0.5,0.5,-0.1288125,0.9801645278930664,0.03262198716402054,0.07688580453395844,,,1.0,normal
883,20,scenario3_repeated_spike,SAC,50,1.9000000000000004,0,0.0611875,0.19790000000000002,0.5,0.5,-0.12954375,0.9018535614013672,0.006998758763074875,0.025847768411040306,,,1.0,normal
884,20,scenario3_repeated_spike,SAC,50,0.0,1,0.09,0.11199999999999999,0.5,0.5,-0.10099999999999999,1.0260601043701172,0.029602453112602234,0.0736975446343422,,,1.0,normal
885,20,scenario3_repeated_spike,SAC,50,0.0,1,0.09,0.11199999999999999,0.5,0.5,-0.10099999999999999,0.6331498026847839,0.04225669801235199,0.07762893289327621,,,1.0,normal
886,20,scenario3_repeated_spike,SAC,50,0.0,1,0.09,0.11199999999999999,0.5,0.5,-0.10099999999999999,0.7158364653587341,0.0510387048125267,0.08672443777322769,,,1.0,normal
887,20,scenario3_repeated_spike,SAC,50,1.0,0,0.060625,0.197,0.5,0.5,-0.1288125,1.0535876750946045,0.041384220123291016,0.09034450352191925,,,1.0,normal
888,20,scenario3_repeated_spike,SAC,50,1.9000000000000004,0,0.0611875,0.19790000000000002,0.5,0.5,-0.12954375,1.2833524942398071,0.009335948154330254,0.03958474099636078,,,1.0,normal
889,20,scenario3_repeated_spike,SAC,50,0.0,1,0.09,0.11199999999999999,0.5,0.5,-0.10099999999999999,0.7057901620864868,0.00868130661547184,0.03180074691772461,,,1.0,normal
890,20,scenario3_repeated_spike,SAC,50,1.0,0,0.060625,0.197,0.5,0.5,-0.1288125,1.095494031906128,0.018975257873535156,0.05477513000369072,,,1.0,normal
891,20,scenario3_repeated_spike,SAC,50,1.9000000000000004,0,0.0611875,0.19790000000000002,0.5,0.5,-0.12954375,1.0947462320327759,0.009522645734250546,0.04617071896791458,,,1.0,normal
892,20,scenario3_repeated_spike,SAC,50,2.710000000000001,0,0.061693750000000006,0.19871000000000003,0.5,0.5,-0.13020187500000002,1.0847710371017456,0.005929368548095226,0.0329088531434536,,,1.0,normal
893,20,scenario3_repeated_spike,SAC,50,3.439,0,0.062149375,0.199439,0.5,0.5,-0.1307941875,1.0417892932891846,0.019589588046073914,0.040601491928100586,,,1.0,normal
894,20,scenario3_repeated_spike,SAC,50,4.0951,0,0.06255943750000001,0.20009510000000003,0.5,0.5,-0.13132726875,0.8193575143814087,0.012334194034337997,0.03580627590417862,,,1.0,normal
895,20,scenario3_repeated_spike,SAC,50,0.0,1,0.09,0.11199999999999999,0.5,0.5,-0.10099999999999999,0.9097423553466797,0.01271776482462883,0.039173297584056854,,,1.0,normal
896,20,scenario3_repeated_spike,SAC,50,0.0,1,0.09,0.11199999999999999,0.5,0.5,-0.10099999999999999,1.2117009162902832,0.008674511685967445,0.02341080643236637,,,1.0,normal
897,20,scenario3_repeated_spike,SAC,50,0.0,1,0.09,0.11199999999999999,0.5,0.5,-0.10099999999999999,1.0857317447662354,0.03339684009552002,0.06810606271028519,,,1.0,normal
898,20,scenario3_repeated_spike,SAC,50,1.0,0,0.060625,0.197,0.5,0.5,-0.1288125,1.063959002494812,0.041724152863025665,0.08662863820791245,,,1.0,normal
899,20,scenario3_repeated_spike,SAC,50,1.9000000000000004,0,0.0611875,0.19790000000000002,0.5,0.5,-0.12954375,0.8877149224281311,0.025573477149009705,0.04954253509640694,,,1.0,normal
900,20,scenario3_repeated_spike,SAC,50,0.0,1,0.09,0.11199999999999999,0.5,0.5,-0.10099999999999999,1.253273367881775,0.027753891423344612,0.060899607837200165,,,1.0,normal
901,20,scenario3_repeated_spike,SAC,50,1.0,0,0.060625,0.197,0.5,0.5,-0.1288125,0.8892998695373535,0.009290382266044617,0.025712450966238976,,,1.0,normal
902,20,scenario3_repeated_spike,SAC,50,0.0,1,0.09,0.11199999999999999,0.5,0.5,-0.10099999999999999,1.3770349025726318,0.0194590725004673,0.05682133138179779,,,1.0,normal
903,20,scenario3_repeated_spike,SAC,50,0.0,1,0.09,0.11199999999999999,0.5,0.5,-0.10099999999999999,1.2056207656860352,0.00944342277944088,0.040600378066301346,,,1.0,normal
904,20,scenario3_repeated_spike,SAC,50,0.0,1,0.09,0.11199999999999999,0.5,0.5,-0.10099999999999999,0.7296292781829834,0.0027708327397704124,0.01713746413588524,,,1.0,normal
905,20,scenario3_repeated_spike,SAC,50,1.0,0,0.060625,0.197,0.5,0.5,-0.1288125,0.8915048837661743,0.019827093929052353,0.03801126033067703,,,1.0,normal
906,20,scenario3_repeated_spike,SAC,50,0.0,1,0.09,0.11199999999999999,0.5,0.5,-0.10099999999999999,1.0343750715255737,0.012429408729076385,0.031099868938326836,,,1.0,normal
907,20,scenario3_repeated_spike,SAC,50,0.0,1,0.09,0.11199999999999999,0.5,0.5,-0.10099999999999999,0.8432469367980957,0.004904196597635746,0.0253948662430048,,,1.0,normal
908,20,scenario3_repeated_spike,SAC,50,0.0,1,0.09,0.11199999999999999,0.5,0.5,-0.10099999999999999,0.8031797409057617,0.018688488751649857,0.041428789496421814,,,1.0,normal
909,20,scenario3_repeated_spike,SAC,50,0.0,1,0.09,0.11199999999999999,0.5,0.5,-0.10099999999999999,1.1751171350479126,0.010152814909815788,0.03627217561006546,,,1.0,normal
910,20,scenario3_repeated_spike,SAC,50,0.0,1,0.09,0.11199999999999999,0.5,0.5,-0.10099999999999999,0.9817030429840088,0.0089489771053195,0.034233998507261276,,,1.0,normal
911,20,scenario3_repeated_spike,SAC,50,1.0,0,0.060625,0.197,0.5,0.5,-0.1288125,0.9460406303405762,0.035929497331380844,0.07051757723093033,,,1.0,normal
912,20,scenario3_repeated_spike,SAC,50,0.0,1,0.09,0.11199999999999999,0.5,0.5,-0.10099999999999999,1.369509220123291,0.031620219349861145,0.08629448711872101,,,1.0,normal
913,20,scenario3_repeated_spike,SAC,50,0.0,1,0.09,0.11199999999999999,0.5,0.5,-0.10099999999999999,1.1361407041549683,0.008057111874222755,0.03260890021920204,,,1.0,normal
914,20,scenario3_repeated_spike,SAC,50,1.0,0,0.060625,0.197,0.5,0.5,-0.1288125,1.2515878677368164,0.007334936410188675,0.03258754685521126,,,1.0,normal
915,20,scenario3_repeated_spike,SAC,50,0.0,1,0.09,0.11199999999999999,0.5,0.5,-0.10099999999999999,1.3791769742965698,0.009810504503548145,0.0426822230219841,,,1.0,normal
916,20,scenario3_repeated_spike,SAC,50,0.0,1,0.09,0.11199999999999999,0.5,0.5,-0.10099999999999999,0.8659700155258179,0.01746535860002041,0.0426376573741436,,,1.0,normal
917,20,scenario3_repeated_spike,SAC,50,0.0,1,0.09,0.11199999999999999,0.5,0.5,-0.10099999999999999,0.9890881776809692,0.02132849022746086,0.05753053352236748,,,1.0,normal
918,20,scenario3_repeated_spike,SAC,50,1.0,0,0.060625,0.197,0.5,0.5,-0.1288125,1.2505275011062622,0.006762967444956303,0.03510120511054993,,,1.0,normal
919,20,scenario3_repeated_spike,SAC,50,0.0,1,0.09,0.11199999999999999,0.5,0.5,-0.10099999999999999,0.949341893196106,0.01101673673838377,0.03551170229911804,,,1.0,normal
920,20,scenario3_repeated_spike,SAC,50,0.0,1,0.09,0.11199999999999999,0.5,0.5,-0.10099999999999999,0.6706633567810059,0.013800885528326035,0.042723897844552994,,,1.0,normal
921,20,scenario3_repeated_spike,SAC,50,0.0,1,0.09,0.11199999999999999,0.5,0.5,-0.10099999999999999,1.1962562799453735,0.006302424240857363,0.031577810645103455,,,1.0,normal
922,20,scenario3_repeated_spike,SAC,50,0.0,1,0.09,0.11199999999999999,0.5,0.5,-0.10099999999999999,1.0980186462402344,0.011619863100349903,0.04246125742793083,,,1.0,normal
923,20,scenario3_repeated_spike,SAC,50,0.0,1,0.09,0.11199999999999999,0.5,0.5,-0.10099999999999999,1.0420838594436646,0.01594337448477745,0.04916591942310333,,,1.0,normal
924,20,scenario3_repeated_spike,SAC,50,0.0,1,0.09,0.11199999999999999,0.5,0.5,-0.10099999999999999,1.003278136253357,0.015559346415102482,0.04345010966062546,,,1.0,normal
925,20,scenario3_repeated_spike,SAC,50,0.0,1,0.09,0.11199999999999999,0.5,0.5,-0.10099999999999999,1.02004873752594,0.0043700216338038445,0.010680774226784706,,,1.0,normal
926,20,scenario3_repeated_spike,SAC,50,1.0,0,0.060625,0.197,0.5,0.5,-0.1288125,1.3662045001983643,0.026089539751410484,0.06775830686092377,,,1.0,normal
927,20,scenario3_repeated_spike,SAC,50,1.9000000000000004,0,0.0611875,0.19790000000000002,0.5,0.5,-0.12954375,1.16998291015625,0.04185106232762337,0.06893710047006607,,,1.0,normal
928,20,scenario3_repeated_spike,SAC,50,0.0,1,0.09,0.11199999999999999,0.5,0.5,-0.10099999999999999,0.9419160485267639,0.03341345861554146,0.06444300711154938,,,1.0,normal
929,20,scenario3_repeated_spike,SAC,50,1.0,0,0.060625,0.197,0.5,0.5,-0.1288125,1.0523242950439453,0.016681261360645294,0.05536990612745285,,,1.0,normal
930,20,scenario3_repeated_spike,SAC,50,0.0,1,0.09,0.11199999999999999,0.5,0.5,-0.10099999999999999,1.1603765487670898,0.023195670917630196,0.060651302337646484,,,1.0,normal
931,20,scenario3_repeated_spike,SAC,50,0.0,1,0.09,0.11199999999999999,0.5,0.5,-0.10099999999999999,0.8212258815765381,0.02866056002676487,0.047245174646377563,,,1.0,normal
932,20,scenario3_repeated_spike,SAC,50,1.0,0,0.060625,0.197,0.5,0.5,-0.1288125,1.2007787227630615,0.03014366328716278,0.07192350924015045,,,1.0,normal
933,20,scenario3_repeated_spike,SAC,50,1.9000000000000004,0,0.0611875,0.19790000000000002,0.5,0.5,-0.12954375,0.7795635461807251,0.03212132677435875,0.055298708379268646,,,1.0,normal
934,20,scenario3_repeated_spike,SAC,50,2.710000000000001,0,0.061693750000000006,0.19871000000000003,0.5,0.5,-0.13020187500000002,1.098574161529541,0.038192421197891235,0.06648626923561096,,,1.0,normal
935,20,scenario3_repeated_spike,SAC,50,0.0,1,0.09,0.11199999999999999,0.5,0.5,-0.10099999999999999,1.3156421184539795,0.026493852958083153,0.0722174420952797,,,1.0,normal
936,20,scenario3_repeated_spike,SAC,50,0.0,1,0.09,0.11199999999999999,0.5,0.5,-0.10099999999999999,1.2404605150222778,0.021507849916815758,0.05089402198791504,,,1.0,normal
937,20,scenario3_repeated_spike,SAC,50,1.0,0,0.060625,0.197,0.5,0.5,-0.1288125,1.1397473812103271,0.024690687656402588,0.04941341280937195,,,1.0,normal
938,20,scenario3_repeated_spike,SAC,50,1.9000000000000004,0,0.0611875,0.19790000000000002,0.5,0.5,-0.12954375,1.1858211755752563,0.013359042815864086,0.052033379673957825,,,1.0,normal
939,20,scenario3_repeated_spike,SAC,50,0.0,1,0.09,0.11199999999999999,0.5,0.5,-0.10099999999999999,1.0567771196365356,0.019953805953264236,0.0429091602563858,,,1.0,normal
940,20,scenario3_repeated_spike,SAC,50,1.0,0,0.060625,0.197,0.5,0.5,-0.1288125,1.0720255374908447,0.009154833853244781,0.0363202765583992,,,1.0,normal
941,20,scenario3_repeated_spike,SAC,50,0.0,1,0.09,0.11199999999999999,0.5,0.5,-0.10099999999999999,1.443900227546692,0.040352433919906616,0.07983246445655823,,,1.0,normal
942,20,scenario3_repeated_spike,SAC,50,1.0,0,0.060625,0.197,0.5,0.5,-0.1288125,0.8856061697006226,0.012125342153012753,0.046379417181015015,,,1.0,normal
943,20,scenario3_repeated_spike,SAC,50,0.0,1,0.09,0.11199999999999999,0.5,0.5,-0.10099999999999999,1.0672078132629395,0.002477562054991722,0.023024974390864372,,,1.0,normal
944,20,scenario3_repeated_spike,SAC,50,1.0,0,0.060625,0.197,0.5,0.5,-0.1288125,1.299944281578064,0.014371049590408802,0.05550621077418327,,,1.0,normal
945,20,scenario3_repeated_spike,SAC,50,0.0,1,0.09,0.11199999999999999,0.5,0.5,-0.10099999999999999,0.8100845217704773,0.021125243976712227,0.05604507774114609,,,1.0,normal
946,20,scenario3_repeated_spike,SAC,50,1.0,0,0.060625,0.197,0.5,0.5,-0.1288125,0.9950892329216003,0.03711361065506935,0.0665343627333641,,,1.0,normal
947,20,scenario3_repeated_spike,SAC,50,1.9000000000000004,0,0.0611875,0.19790000000000002,0.5,0.5,-0.12954375,1.35015869140625,0.02339009940624237,0.05763326957821846,,,1.0,normal
948,20,scenario3_repeated_spike,SAC,50,0.0,1,0.09,0.11199999999999999,0.5,0.5,-0.10099999999999999,0.8271052837371826,0.006472264416515827,0.032639846205711365,,,1.0,normal
949,20,scenario3_repeated_spike,SAC,50,0.0,1,0.09,0.11199999999999999,0.5,0.5,-0.10099999999999999,0.9039674401283264,0.01012471504509449,0.04095366969704628,,,1.0,normal
950,20,scenario3_repeated_spike,SAC,50,0.0,1,0.09,0.11199999999999999,0.5,0.5,-0.10099999999999999,0.9821880459785461,0.002362737664952874,0.01844819262623787,,,1.0,normal
951,20,scenario3_repeated_spike,SAC,50,0.0,1,0.09,0.11199999999999999,0.5,0.5,-0.10099999999999999,0.7765687108039856,0.011867653578519821,0.037452585995197296,,,1.0,normal
952,20,scenario3_repeated_spike,SAC,50,0.0,1,0.09,0.11199999999999999,0.5,0.5,-0.10099999999999999,1.017168402671814,0.019383056089282036,0.05444108322262764,,,1.0,normal
953,20,scenario3_repeated_spike,SAC,50,1.0,0,0.060625,0.197,0.5,0.5,-0.1288125,1.2628190517425537,0.01969073712825775,0.049101170152425766,,,1.0,normal
954,20,scenario3_repeated_spike,SAC,50,0.0,1,0.09,0.11199999999999999,0.5,0.5,-0.10099999999999999,1.4292203187942505,0.021657448261976242,0.07085925340652466,,,1.0,normal
955,20,scenario3_repeated_spike,SAC,50,0.0,1,0.09,0.11199999999999999,0.5,0.5,-0.10099999999999999,1.4790606498718262,0.034721020609140396,0.07264912128448486,,,1.0,normal
956,20,scenario3_repeated_spike,SAC,50,0.0,1,0.09,0.11199999999999999,0.5,0.5,-0.10099999999999999,0.9926384687423706,0.03485584631562233,0.07646476477384567,,,1.0,normal
957,20,scenario3_repeated_spike,SAC,50,0.0,1,0.09,0.11199999999999999,0.5,0.5,-0.10099999999999999,1.0491869449615479,0.024433402344584465,0.06419635564088821,,,1.0,normal
958,20,scenario3_repeated_spike,SAC,50,0.0,1,0.09,0.11199999999999999,0.5,0.5,-0.10099999999999999,1.084459662437439,0.00744938338175416,0.02980373054742813,,,1.0,normal
959,20,scenario3_repeated_spike,SAC,50,1.0,0,0.060625,0.197,0.5,0.5,-0.1288125,0.600057065486908,0.009038936346769333,0.03393077850341797,,,1.0,normal
960,20,scenario3_repeated_spike,SAC,50,1.9000000000000004,0,0.0611875,0.19790000000000002,0.5,0.5,-0.12954375,0.8345450162887573,0.02777463011443615,0.056458160281181335,,,1.0,normal
961,20,scenario3_repeated_spike,SAC,50,0.0,1,0.09,0.11199999999999999,0.5,0.5,-0.10099999999999999,1.0441612005233765,0.03770768269896507,0.07612092792987823,,,1.0,normal
962,20,scenario3_repeated_spike,SAC,50,1.0,0,0.060625,0.197,0.5,0.5,-0.1288125,0.8155240416526794,0.019874271005392075,0.047651100903749466,,,1.0,normal
963,20,scenario3_repeated_spike,SAC,50,0.0,1,0.09,0.11199999999999999,0.5,0.5,-0.10099999999999999,0.7903719544410706,0.011632202193140984,0.04189971089363098,,,1.0,normal
964,20,scenario3_repeated_spike,SAC,50,1.0,0,0.060625,0.197,0.5,0.5,-0.1288125,0.9547698497772217,0.03177088871598244,0.06984264403581619,,,1.0,normal
965,20,scenario3_repeated_spike,SAC,50,0.0,1,0.09,0.11199999999999999,0.5,0.5,-0.10099999999999999,0.8555301427841187,0.031680215150117874,0.06418198347091675,,,1.0,normal
966,20,scenario3_repeated_spike,SAC,50,0.0,1,0.09,0.11199999999999999,0.5,0.5,-0.10099999999999999,0.8011300563812256,0.026501750573515892,0.04874095320701599,,,1.0,normal
967,20,scenario3_repeated_spike,SAC,50,0.0,1,0.09,0.11199999999999999,0.5,0.5,-0.10099999999999999,0.731797993183136,0.012789583764970303,0.04280940815806389,,,1.0,normal
968,20,scenario3_repeated_spike,SAC,50,0.0,1,0.09,0.11199999999999999,0.5,0.5,-0.10099999999999999,0.9722903370857239,0.025229748338460922,0.052336107939481735,,,1.0,normal
969,20,scenario3_repeated_spike,SAC,50,0.0,1,0.09,0.11199999999999999,0.5,0.5,-0.10099999999999999,0.6754130125045776,0.009003808721899986,0.03325580433011055,,,1.0,normal
970,20,scenario3_repeated_spike,SAC,50,1.0,0,0.060625,0.197,0.5,0.5,-0.1288125,0.9424880146980286,0.002825383096933365,0.022106913849711418,,,1.0,normal
971,20,scenario3_repeated_spike,SAC,50,0.0,1,0.09,0.11199999999999999,0.5,0.5,-0.10099999999999999,0.9937903881072998,0.007565405685454607,0.02963309735059738,,,1.0,normal
972,20,scenario3_repeated_spike,SAC,50,0.0,1,0.09,0.11199999999999999,0.5,0.5,-0.10099999999999999,1.3687039613723755,0.018518123775720596,0.06290777027606964,,,1.0,normal
973,20,scenario3_repeated_spike,SAC,50,1.0,0,0.060625,0.197,0.5,0.5,-0.1288125,1.1779372692108154,0.02467159554362297,0.06396771967411041,,,1.0,normal
974,20,scenario3_repeated_spike,SAC,50,1.9000000000000004,0,0.0611875,0.19790000000000002,0.5,0.5,-0.12954375,1.4390991926193237,0.06255024671554565,0.10604626685380936,,,1.0,normal
975,20,scenario3_repeated_spike,SAC,50,0.0,1,0.09,0.11199999999999999,0.5,0.5,-0.10099999999999999,1.0639032125473022,0.05736306682229042,0.09916170686483383,,,1.0,normal
976,20,scenario3_repeated_spike,SAC,50,1.0,0,0.060625,0.197,0.5,0.5,-0.1288125,0.7560282945632935,0.03904423490166664,0.06272972375154495,,,1.0,normal
977,20,scenario3_repeated_spike,SAC,50,1.9000000000000004,0,0.0611875,0.19790000000000002,0.5,0.5,-0.12954375,0.8490249514579773,0.04690547659993172,0.08160103857517242,,,1.0,normal
978,20,scenario3_repeated_spike,SAC,50,2.710000000000001,0,0.061693750000000006,0.19871000000000003,0.5,0.5,-0.13020187500000002,0.6641733050346375,0.03441360965371132,0.0701274424791336,,,1.0,normal
979,20,scenario3_repeated_spike,SAC,50,0.0,1,0.09,0.11199999999999999,0.5,0.5,-0.10099999999999999,1.1855432987213135,0.03560366854071617,0.07760286331176758,,,1.0,normal
980,20,scenario3_repeated_spike,SAC,50,1.0,0,0.060625,0.197,0.5,0.5,-0.1288125,1.4176214933395386,0.011518585495650768,0.0513773038983345,,,1.0,normal
981,20,scenario3_repeated_spike,SAC,50,1.9000000000000004,0,0.0611875,0.19790000000000002,0.5,0.5,-0.12954375,1.0817692279815674,0.023846056312322617,0.05966212972998619,,,1.0,normal
982,20,scenario3_repeated_spike,SAC,50,2.710000000000001,0,0.061693750000000006,0.19871000000000003,0.5,0.5,-0.13020187500000002,0.6654583215713501,0.01669984683394432,0.04513104259967804,,,1.0,normal
983,20,scenario3_repeated_spike,SAC,50,0.0,1,0.09,0.11199999999999999,0.5,0.5,-0.10099999999999999,1.0564451217651367,0.016465742141008377,0.05412084236741066,,,1.0,normal
984,20,scenario3_repeated_spike,SAC,50,0.0,1,0.09,0.11199999999999999,0.5,0.5,-0.10099999999999999,1.3095279932022095,0.004687619395554066,0.027484824880957603,,,1.0,normal
985,20,scenario3_repeated_spike,SAC,50,1.0,0,0.060625,0.197,0.5,0.5,-0.1288125,1.0870263576507568,0.014913124963641167,0.038571905344724655,,,1.0,normal
986,20,scenario3_repeated_spike,SAC,50,0.0,1,0.09,0.11199999999999999,0.5,0.5,-0.10099999999999999,0.9431791305541992,0.01391872763633728,0.046671587973833084,,,1.0,normal
987,20,scenario3_repeated_spike,SAC,50,0.0,1,0.09,0.11199999999999999,0.5,0.5,-0.10099999999999999,0.8600762486457825,0.019317617639899254,0.05004950612783432,,,1.0,normal
988,20,scenario3_repeated_spike,SAC,50,0.0,1,0.09,0.11199999999999999,0.5,0.5,-0.10099999999999999,0.700904905796051,0.012277874164283276,0.03883114457130432,,,1.0,normal
989,20,scenario3_repeated_spike,SAC,50,0.0,1,0.09,0.11199999999999999,0.5,0.5,-0.10099999999999999,0.8560249209403992,0.014910202473402023,0.030296802520751953,,,1.0,normal
990,20,scenario3_repeated_spike,SAC,50,0.0,1,0.09,0.11199999999999999,0.5,0.5,-0.10099999999999999,1.0867643356323242,0.01625407114624977,0.04100480303168297,,,1.0,normal
991,20,scenario3_repeated_spike,SAC,50,1.0,0,0.060625,0.197,0.5,0.5,-0.1288125,1.153660774230957,0.04538871347904205,0.08877290040254593,,,1.0,normal
992,20,scenario3_repeated_spike,SAC,50,1.9000000000000004,0,0.0611875,0.19790000000000002,0.5,0.5,-0.12954375,0.5904725193977356,0.03199852257966995,0.05922272428870201,,,1.0,normal
993,20,scenario3_repeated_spike,SAC,50,2.710000000000001,0,0.061693750000000006,0.19871000000000003,0.5,0.5,-0.13020187500000002,0.8484170436859131,0.030945397913455963,0.0712781623005867,,,1.0,normal
994,20,scenario3_repeated_spike,SAC,50,3.439,0,0.062149375,0.199439,0.5,0.5,-0.1307941875,0.8857120871543884,0.015267867594957352,0.0466916486620903,,,1.0,normal
995,20,scenario3_repeated_spike,SAC,50,0.0,1,0.09,0.11199999999999999,0.5,0.5,-0.10099999999999999,0.7103316783905029,0.008227170445024967,0.03333364799618721,,,1.0,normal
996,20,scenario3_repeated_spike,SAC,50,1.0,0,0.060625,0.197,0.5,0.5,-0.1288125,0.9276187419891357,0.03165353834629059,0.07013415545225143,,,1.0,normal
997,20,scenario3_repeated_spike,SAC,50,0.0,1,0.09,0.11199999999999999,0.5,0.5,-0.10099999999999999,1.1167086362838745,0.029683906584978104,0.07519333064556122,,,1.0,normal
998,20,scenario3_repeated_spike,SAC,50,0.0,1,0.09,0.11199999999999999,0.5,0.5,-0.10099999999999999,1.1633449792861938,0.011092775501310825,0.04782208427786827,,,1.0,normal
999,20,scenario3_repeated_spike,SAC,50,1.0,0,0.060625,0.197,0.5,0.5,-0.1288125,1.5319671630859375,0.002014093566685915,0.02318606525659561,,,1.0,normal
1000,20,scenario3_repeated_spike,SAC,50,0.0,1,0.09,0.11199999999999999,0.5,0.5,-0.10099999999999999,0.9183024168014526,0.00962192565202713,0.03835836797952652,,,1.0,normal
1001,20,scenario3_repeated_spike,SAC,50,0.0,1,0.09,0.11199999999999999,0.5,0.5,-0.10099999999999999,1.2637460231781006,0.005649672355502844,0.03289715573191643,,,1.0,normal
1002,20,scenario3_repeated_spike,SAC,50,1.0,0,0.060625,0.197,0.5,0.5,-0.1288125,1.0303536653518677,0.023819293826818466,0.03781987354159355,,,1.0,normal
1003,20,scenario3_repeated_spike,SAC,50,0.0,1,0.09,0.11199999999999999,0.5,0.5,-0.10099999999999999,0.8004259467124939,0.017476556822657585,0.047342099249362946,,,1.0,normal
1004,20,scenario3_repeated_spike,SAC,50,0.0,1,0.09,0.11199999999999999,0.5,0.5,-0.10099999999999999,0.853145956993103,0.03068067692220211,0.05520172789692879,,,1.0,normal
1005,20,scenario3_repeated_spike,SAC,50,1.0,0,0.060625,0.197,0.5,0.5,-0.1288125,0.9299336671829224,0.03202201426029205,0.06555202603340149,,,1.0,normal
1006,20,scenario3_repeated_spike,SAC,50,0.0,1,0.09,0.11199999999999999,0.5,0.5,-0.10099999999999999,0.8591833114624023,0.026869144290685654,0.06379225850105286,,,1.0,normal
1007,20,scenario3_repeated_spike,SAC,50,1.0,0,0.060625,0.197,0.5,0.5,-0.1288125,0.7638973593711853,0.008487237617373466,0.029764940962195396,,,1.0,normal
1008,20,scenario3_repeated_spike,SAC,50,0.0,1,0.09,0.11199999999999999,0.5,0.5,-0.10099999999999999,1.2409411668777466,0.018403837457299232,0.051022011786699295,,,1.0,normal
1009,20,scenario3_repeated_spike,SAC,50,1.0,0,0.060625,0.197,0.5,0.5,-0.1288125,0.9251939058303833,0.03171256557106972,0.0640680119395256,,,1.0,normal
1010,20,scenario3_repeated_spike,SAC,50,1.9000000000000004,0,0.0611875,0.19790000000000002,0.5,0.5,-0.12954375,0.7196261882781982,0.02589387074112892,0.04858176410198212,,,1.0,normal
1011,20,scenario3_repeated_spike,SAC,50,2.710000000000001,0,0.061693750000000006,0.19871000000000003,0.5,0.5,-0.13020187500000002,1.0278537273406982,0.01774980127811432,0.049796391278505325,,,1.0,normal
1012,20,scenario3_repeated_spike,SAC,50,3.439,0,0.062149375,0.199439,0.5,0.5,-0.1307941875,0.9957870841026306,0.008939854800701141,0.019220884889364243,,,1.0,normal
1013,20,scenario3_repeated_spike,SAC,50,4.0951,0,0.06255943750000001,0.20009510000000003,0.5,0.5,-0.13132726875,1.0853790044784546,0.0021870669443160295,0.018416190519928932,,,1.0,normal
1014,20,scenario3_repeated_spike,SAC,50,4.685590000000001,0,0.06292849375000001,0.20068559000000002,0.5,0.5,-0.13180704187500003,1.010140299797058,0.0029582534916698933,0.021948065608739853,,,1.0,normal
1015,20,scenario3_repeated_spike,SAC,50,5.217031000000002,0,0.063260644375,0.201217031,0.5,0.5,-0.1322388376875,1.1453063488006592,0.0026343022473156452,0.016345657408237457,,,1.0,normal
1016,20,scenario3_repeated_spike,SAC,50,5.695327900000002,0,0.0635595799375,0.2016953279,0.5,0.5,-0.13262745391875,1.031904697418213,0.004164951853454113,0.02771669067442417,,,1.0,normal
1017,20,scenario3_repeated_spike,SAC,50,6.125795110000002,0,0.06382862194375,0.20212579511,0.5,0.5,-0.132977208526875,0.8911095261573792,0.012411126866936684,0.032460786402225494,,,1.0,normal
1018,20,scenario3_repeated_spike,SAC,50,6.513215599000002,0,0.064070759749375,0.202513215599,0.5,0.5,-0.1332919876741875,1.1222444772720337,0.006165181752294302,0.02517397701740265,,,1.0,normal
1019,20,scenario3_repeated_spike,SAC,50,0.861894039100001,1,0.09031341601421819,0.11225073281137454,0.5,0.5,-0.10128207441279637,0.9257681369781494,0.003843243233859539,0.027220962569117546,,,1.0,normal
1020,20,scenario3_repeated_spike,SAC,50,0.0,1,0.09,0.11199999999999999,0.5,0.5,-0.10099999999999999,0.9688657522201538,0.006991581525653601,0.0380963496863842,,,1.0,normal
1021,20,scenario3_repeated_spike,SAC,50,0.0,1,0.09,0.11199999999999999,0.5,0.5,-0.10099999999999999,0.8733222484588623,0.005124141462147236,0.020233768969774246,,,1.0,normal
1022,20,scenario3_repeated_spike,SAC,50,0.0,1,0.09,0.11199999999999999,0.5,0.5,-0.10099999999999999,0.9276077747344971,0.010462353006005287,0.02776576764881611,,,1.0,normal
1023,20,scenario3_repeated_spike,SAC,50,1.0,0,0.060625,0.197,0.5,0.5,-0.1288125,0.8554047346115112,0.0032382055651396513,0.024063874036073685,,,1.0,normal
1024,20,scenario3_repeated_spike,SAC,50,0.0,1,0.09,0.11199999999999999,0.5,0.5,-0.10099999999999999,1.071280598640442,0.007598378695547581,0.02662612870335579,,,1.0,normal
1025,20,scenario3_repeated_spike,SAC,50,1.0,0,0.060625,0.197,0.5,0.5,-0.1288125,1.0156028270721436,0.011394261382520199,0.040303610265254974,,,1.0,normal
1026,20,scenario3_repeated_spike,SAC,50,0.0,1,0.09,0.11199999999999999,0.5,0.5,-0.10099999999999999,0.9817891120910645,0.017418760806322098,0.04933677986264229,,,1.0,normal
1027,20,scenario3_repeated_spike,SAC,50,1.0,0,0.060625,0.197,0.5,0.5,-0.1288125,1.1833199262619019,0.007236095145344734,0.030789189040660858,,,1.0,normal
1028,20,scenario3_repeated_spike,SAC,50,0.0,1,0.09,0.11199999999999999,0.5,0.5,-0.10099999999999999,0.6239373087882996,0.0038422748912125826,0.01855037547647953,,,1.0,normal
1029,20,scenario3_repeated_spike,SAC,50,1.0,0,0.060625,0.197,0.5,0.5,-0.1288125,0.7511072158813477,0.010645722039043903,0.03778458014130592,,,1.0,normal
1030,20,scenario3_repeated_spike,SAC,50,1.9000000000000004,0,0.0611875,0.19790000000000002,0.5,0.5,-0.12954375,0.6972789168357849,0.020098555833101273,0.048757076263427734,,,1.0,normal
1031,20,scenario3_repeated_spike,SAC,50,0.0,1,0.09,0.11199999999999999,0.5,0.5,-0.10099999999999999,0.8925157785415649,0.02097977325320244,0.042478062212467194,,,1.0,normal
1032,20,scenario3_repeated_spike,SAC,50,0.0,1,0.09,0.11199999999999999,0.5,0.5,-0.10099999999999999,1.046505331993103,0.012897158972918987,0.036819130182266235,,,1.0,normal
1033,20,scenario3_repeated_spike,SAC,50,1.0,0,0.060625,0.197,0.5,0.5,-0.1288125,1.2942265272140503,0.004161674529314041,0.030582789331674576,,,1.0,normal
1034,20,scenario3_repeated_spike,SAC,50,1.9000000000000004,0,0.0611875,0.19790000000000002,0.5,0.5,-0.12954375,0.8013516664505005,0.009609167464077473,0.031525157392024994,,,1.0,normal
1035,20,scenario3_repeated_spike,SAC,50,2.710000000000001,0,0.061693750000000006,0.19871000000000003,0.5,0.5,-0.13020187500000002,1.1314483880996704,0.02523985132575035,0.06014833226799965,,,1.0,normal
1036,20,scenario3_repeated_spike,SAC,50,0.0,1,0.09,0.11199999999999999,0.5,0.5,-0.10099999999999999,1.2681124210357666,0.026245327666401863,0.06268714368343353,,,1.0,normal
1037,20,scenario3_repeated_spike,SAC,50,0.0,1,0.09,0.11199999999999999,0.5,0.5,-0.10099999999999999,1.1283262968063354,0.017835145816206932,0.04786169156432152,,,1.0,normal
1038,20,scenario3_repeated_spike,SAC,50,0.0,1,0.09,0.11199999999999999,0.5,0.5,-0.10099999999999999,0.8819552063941956,0.0042603034526109695,0.020548809319734573,,,1.0,normal
1039,20,scenario3_repeated_spike,SAC,50,1.0,0,0.060625,0.197,0.5,0.5,-0.1288125,0.8104453682899475,0.006255472544580698,0.030472589656710625,,,1.0,normal
1040,20,scenario3_repeated_spike,SAC,50,1.9000000000000004,0,0.0611875,0.19790000000000002,0.5,0.5,-0.12954375,1.0615055561065674,0.02048569917678833,0.058451492339372635,,,1.0,normal
1041,20,scenario3_repeated_spike,SAC,50,0.0,1,0.09,0.11199999999999999,0.5,0.5,-0.10099999999999999,0.9946722984313965,0.018972555175423622,0.04532472416758537,,,1.0,normal
1042,20,scenario3_repeated_spike,SAC,50,1.0,0,0.060625,0.197,0.5,0.5,-0.1288125,0.8871992826461792,0.010606958530843258,0.03486344590783119,,,1.0,normal
1043,20,scenario3_repeated_spike,SAC,50,1.9000000000000004,0,0.0611875,0.19790000000000002,0.5,0.5,-0.12954375,0.8490262031555176,0.0018298784270882607,0.012297485023736954,,,1.0,normal
1044,20,scenario3_repeated_spike,SAC,50,0.0,1,0.09,0.11199999999999999,0.5,0.5,-0.10099999999999999,1.016462802886963,0.01518547534942627,0.049932003021240234,,,1.0,normal
1045,20,scenario3_repeated_spike,SAC,50,1.0,0,0.060625,0.197,0.5,0.5,-0.1288125,1.010887861251831,0.04060392081737518,0.07856816053390503,,,1.0,normal
1046,20,scenario3_repeated_spike,SAC,50,1.9000000000000004,0,0.0611875,0.19790000000000002,0.5,0.5,-0.12954375,0.9693628549575806,0.026147622615098953,0.06078825145959854,,,1.0,normal
1047,20,scenario3_repeated_spike,SAC,50,2.710000000000001,0,0.061693750000000006,0.19871000000000003,0.5,0.5,-0.13020187500000002,1.1162878274917603,0.015670761466026306,0.0370345301926136,,,1.0,normal
1048,20,scenario3_repeated_spike,SAC,50,0.0,1,0.09,0.11199999999999999,0.5,0.5,-0.10099999999999999,0.9131895303726196,0.0067113544791936874,0.03289492428302765,,,1.0,normal
1049,20,scenario3_repeated_spike,SAC,50,1.0,0,0.060625,0.197,0.5,0.5,-0.1288125,0.7659270763397217,0.026455488055944443,0.05840606242418289,,,1.0,normal
1050,20,scenario3_repeated_spike,SAC,50,0.0,1,0.09,0.11199999999999999,0.5,0.5,-0.10099999999999999,1.0241870880126953,0.028119109570980072,0.06469014286994934,,,1.0,normal
1051,20,scenario3_repeated_spike,SAC,50,0.0,1,0.09,0.11199999999999999,0.5,0.5,-0.10099999999999999,1.0099828243255615,0.00870082713663578,0.029544316232204437,,,1.0,normal
1052,20,scenario3_repeated_spike,SAC,50,0.0,1,0.09,0.11199999999999999,0.5,0.5,-0.10099999999999999,0.9885530471801758,0.006565450690686703,0.026742514222860336,,,1.0,normal
1053,20,scenario3_repeated_spike,SAC,50,0.0,1,0.09,0.11199999999999999,0.5,0.5,-0.10099999999999999,1.0263493061065674,0.007876765914261341,0.03438044711947441,,,1.0,normal
1054,20,scenario3_repeated_spike,SAC,50,1.0,0,0.060625,0.197,0.5,0.5,-0.1288125,0.9495437741279602,0.007027930114418268,0.03116593509912491,,,1.0,normal
1055,20,scenario3_repeated_spike,SAC,50,1.9000000000000004,0,0.0611875,0.19790000000000002,0.5,0.5,-0.12954375,0.799074649810791,0.0011044013081118464,0.014252190478146076,,,1.0,normal
1056,20,scenario3_repeated_spike,SAC,50,0.0,1,0.09,0.11199999999999999,0.5,0.5,-0.10099999999999999,0.6279529333114624,0.0014874059706926346,0.014274601824581623,,,1.0,normal
1057,20,scenario3_repeated_spike,SAC,50,0.0,1,0.09,0.11199999999999999,0.5,0.5,-0.10099999999999999,0.8844627141952515,0.003842849051579833,0.02414974942803383,,,1.0,normal
1058,20,scenario3_repeated_spike,SAC,50,0.0,1,0.09,0.11199999999999999,0.5,0.5,-0.10099999999999999,0.6054229140281677,0.007228558417409658,0.01406185608357191,,,1.0,normal
1059,20,scenario3_repeated_spike,SAC,50,0.0,1,0.09,0.11199999999999999,0.5,0.5,-0.10099999999999999,1.3137518167495728,0.009815704077482224,0.03075249120593071,,,1.0,normal
1060,20,scenario3_repeated_spike,SAC,50,0.0,1,0.09,0.11199999999999999,0.5,0.5,-0.10099999999999999,0.763278603553772,0.009529797360301018,0.024951914325356483,,,1.0,normal
1061,20,scenario3_repeated_spike,SAC,50,0.0,1,0.09,0.11199999999999999,0.5,0.5,-0.10099999999999999,0.982672393321991,0.0030900398269295692,0.017589444294571877,,,1.0,normal
1062,20,scenario3_repeated_spike,SAC,50,0.0,1,0.09,0.11199999999999999,0.5,0.5,-0.10099999999999999,0.9485937356948853,0.00224793772213161,0.019341886043548584,,,1.0,normal
1063,20,scenario3_repeated_spike,SAC,50,1.0,0,0.060625,0.197,0.5,0.5,-0.1288125,0.7801944017410278,0.00409638462588191,0.01917196810245514,,,1.0,normal
1064,20,scenario3_repeated_spike,SAC,50,0.0,1,0.09,0.11199999999999999,0.5,0.5,-0.10099999999999999,0.8052518963813782,0.0037625012919306755,0.018400030210614204,,,1.0,normal
1065,20,scenario3_repeated_spike,SAC,50,0.0,1,0.09,0.11199999999999999,0.5,0.5,-0.10099999999999999,0.5337382555007935,0.001609106082469225,0.013030065223574638,,,1.0,normal
1066,20,scenario3_repeated_spike,SAC,50,1.0,0,0.060625,0.197,0.5,0.5,-0.1288125,1.2079825401306152,0.007445578463375568,0.021252524107694626,,,1.0,normal
1067,20,scenario3_repeated_spike,SAC,50,0.0,1,0.09,0.11199999999999999,0.5,0.5,-0.10099999999999999,1.0796527862548828,0.00451683672145009,0.023756656795740128,,,1.0,normal
1068,20,scenario3_repeated_spike,SAC,50,0.0,1,0.09,0.11199999999999999,0.5,0.5,-0.10099999999999999,0.8579477667808533,0.001247819047421217,0.010412536561489105,,,1.0,normal
1069,20,scenario3_repeated_spike,SAC,50,0.0,1,0.09,0.11199999999999999,0.5,0.5,-0.10099999999999999,1.2422833442687988,0.015569545328617096,0.04998818039894104,,,1.0,normal
1070,20,scenario3_repeated_spike,SAC,50,1.0,0,0.060625,0.197,0.5,0.5,-0.1288125,1.1600254774093628,0.015365473926067352,0.05267617851495743,,,1.0,normal
1071,20,scenario3_repeated_spike,SAC,50,0.0,1,0.09,0.11199999999999999,0.5,0.5,-0.10099999999999999,0.9893602132797241,0.006354046985507011,0.026175320148468018,,,1.0,normal
1072,20,scenario3_repeated_spike,SAC,50,0.0,1,0.09,0.11199999999999999,0.5,0.5,-0.10099999999999999,0.6203920245170593,0.016815675422549248,0.02565522864460945,,,1.0,normal
1073,20,scenario3_repeated_spike,SAC,50,1.0,0,0.060625,0.197,0.5,0.5,-0.1288125,0.809175431728363,0.01405492052435875,0.04634760320186615,,,1.0,normal
1074,20,scenario3_repeated_spike,SAC,50,0.0,1,0.09,0.11199999999999999,0.5,0.5,-0.10099999999999999,0.7856519818305969,0.019636794924736023,0.05002082511782646,,,1.0,normal
1075,20,scenario3_repeated_spike,SAC,50,1.0,0,0.060625,0.197,0.5,0.5,-0.1288125,0.6152543425559998,0.0013779738219454885,0.014489143155515194,,,1.0,normal
1076,20,scenario3_repeated_spike,SAC,50,0.0,1,0.09,0.11199999999999999,0.5,0.5,-0.10099999999999999,0.9088039994239807,0.008339034393429756,0.03658616915345192,,,1.0,normal
1077,20,scenario3_repeated_spike,SAC,50,1.0,0,0.060625,0.197,0.5,0.5,-0.1288125,1.0969147682189941,0.02169518545269966,0.06336068361997604,,,1.0,normal
1078,20,scenario3_repeated_spike,SAC,50,1.9000000000000004,0,0.0611875,0.19790000000000002,0.5,0.5,-0.12954375,1.0667775869369507,0.017747092992067337,0.0547105073928833,,,1.0,normal
1079,20,scenario3_repeated_spike,SAC,50,0.0,1,0.09,0.11199999999999999,0.5,0.5,-0.10099999999999999,0.6727653741836548,0.0032398090697824955,0.019650667905807495,,,1.0,normal
1080,20,scenario3_repeated_spike,SAC,50,1.0,0,0.060625,0.197,0.5,0.5,-0.1288125,0.5683372616767883,0.005617492366582155,0.020800435915589333,,,1.0,normal
1081,20,scenario3_repeated_spike,SAC,50,0.0,1,0.09,0.11199999999999999,0.5,0.5,-0.10099999999999999,0.7610127925872803,0.01754641719162464,0.04170462116599083,,,1.0,normal
1082,20,scenario3_repeated_spike,SAC,50,0.0,1,0.09,0.11199999999999999,0.5,0.5,-0.10099999999999999,1.2330070734024048,0.02251623570919037,0.0416850708425045,,,1.0,normal
1083,20,scenario3_repeated_spike,SAC,50,1.0,0,0.060625,0.197,0.5,0.5,-0.1288125,0.5930936336517334,0.00836855173110962,0.027405420318245888,,,1.0,normal
1084,20,scenario3_repeated_spike,SAC,50,0.0,1,0.09,0.11199999999999999,0.5,0.5,-0.10099999999999999,0.9748533964157104,0.011675565503537655,0.03683541342616081,,,1.0,normal
1085,20,scenario3_repeated_spike,SAC,50,1.0,0,0.060625,0.197,0.5,0.5,-0.1288125,0.8132415413856506,0.0035990383476018906,0.019201233983039856,,,1.0,normal
1086,20,scenario3_repeated_spike,SAC,50,0.0,1,0.09,0.11199999999999999,0.5,0.5,-0.10099999999999999,0.8356655240058899,0.008325344882905483,0.027052856981754303,,,1.0,normal
1087,20,scenario3_repeated_spike,SAC,50,0.0,1,0.09,0.11199999999999999,0.5,0.5,-0.10099999999999999,0.7762256264686584,0.019832205027341843,0.046214111149311066,,,1.0,normal
1088,20,scenario3_repeated_spike,SAC,50,0.0,1,0.09,0.11199999999999999,0.5,0.5,-0.10099999999999999,0.8290067911148071,0.009650509804487228,0.03221746161580086,,,1.0,normal
1089,20,scenario3_repeated_spike,SAC,50,0.0,1,0.09,0.11199999999999999,0.5,0.5,-0.10099999999999999,0.5580137372016907,0.0027687340043485165,0.01584249548614025,,,1.0,normal
1090,20,scenario3_repeated_spike,SAC,50,1.0,0,0.060625,0.197,0.5,0.5,-0.1288125,1.2840497493743896,0.00777619332075119,0.035903774201869965,,,1.0,normal
1091,20,scenario3_repeated_spike,SAC,50,0.0,1,0.09,0.11199999999999999,0.5,0.5,-0.10099999999999999,0.7947149276733398,0.012431804090738297,0.03230086341500282,,,1.0,normal
1092,20,scenario3_repeated_spike,SAC,50,0.0,1,0.09,0.11199999999999999,0.5,0.5,-0.10099999999999999,0.8260639309883118,0.0022307003382593393,0.015825042501091957,,,1.0,normal
1093,20,scenario3_repeated_spike,SAC,50,1.0,0,0.060625,0.197,0.5,0.5,-0.1288125,0.6058835983276367,0.0028837905265390873,0.017139118164777756,,,1.0,normal
1094,20,scenario3_repeated_spike,SAC,50,0.0,1,0.09,0.11199999999999999,0.5,0.5,-0.10099999999999999,0.7829494476318359,0.012719161808490753,0.020641254261136055,,,1.0,normal
1095,20,scenario3_repeated_spike,SAC,50,1.0,0,0.060625,0.197,0.5,0.5,-0.1288125,1.0245524644851685,0.0019949553534388542,0.012244121171534061,,,1.0,normal
1096,20,scenario3_repeated_spike,SAC,50,1.9000000000000004,0,0.0611875,0.19790000000000002,0.5,0.5,-0.12954375,1.0214622020721436,0.008272288367152214,0.032233256846666336,,,1.0,normal
1097,20,scenario3_repeated_spike,SAC,50,2.710000000000001,0,0.061693750000000006,0.19871000000000003,0.5,0.5,-0.13020187500000002,0.6432152986526489,0.006855657324194908,0.027432527393102646,,,1.0,normal
1098,20,scenario3_repeated_spike,SAC,50,3.439,0,0.062149375,0.199439,0.5,0.5,-0.1307941875,1.1728088855743408,0.0017316065495833755,0.016199298202991486,,,1.0,normal
1099,20,scenario3_repeated_spike,SAC,50,0.0,1,0.09,0.11199999999999999,0.5,0.5,-0.10099999999999999,0.6689408421516418,0.00783741008490324,0.02153303287923336,,,1.0,normal
1100,20,scenario3_repeated_spike,SAC,50,1.0,0,0.060625,0.197,0.5,0.5,-0.1288125,1.045196533203125,0.008099238388240337,0.036570046097040176,,,1.0,normal
1101,20,scenario3_repeated_spike,SAC,50,0.0,1,0.09,0.11199999999999999,0.5,0.5,-0.10099999999999999,0.8280064463615417,0.007570689544081688,0.0245480015873909,,,1.0,normal
1102,20,scenario3_repeated_spike,SAC,50,1.0,0,0.060625,0.197,0.5,0.5,-0.1288125,0.8230748176574707,0.005876824725419283,0.030159465968608856,,,1.0,normal
1103,20,scenario3_repeated_spike,SAC,50,1.9000000000000004,0,0.0611875,0.19790000000000002,0.5,0.5,-0.12954375,0.8161954283714294,0.008438430726528168,0.03601589798927307,,,1.0,normal
1104,20,scenario3_repeated_spike,SAC,50,2.710000000000001,0,0.061693750000000006,0.19871000000000003,0.5,0.5,-0.13020187500000002,1.1768182516098022,0.003223419887945056,0.02427065372467041,,,1.0,normal
1105,20,scenario3_repeated_spike,SAC,50,3.439,0,0.062149375,0.199439,0.5,0.5,-0.1307941875,0.626331627368927,0.010570570826530457,0.03143397718667984,,,1.0,normal
1106,20,scenario3_repeated_spike,SAC,50,0.0,1,0.09,0.11199999999999999,0.5,0.5,-0.10099999999999999,1.1358370780944824,0.044048111885786057,0.07843415439128876,,,1.0,normal
1107,20,scenario3_repeated_spike,SAC,50,1.0,0,0.060625,0.197,0.5,0.5,-0.1288125,0.5170649290084839,0.01858440414071083,0.039624493569135666,,,1.0,normal
1108,20,scenario3_repeated_spike,SAC,50,0.0,1,0.09,0.11199999999999999,0.5,0.5,-0.10099999999999999,0.816463828086853,0.020919203758239746,0.050575993955135345,,,1.0,normal
1109,20,scenario3_repeated_spike,SAC,50,0.0,1,0.09,0.11199999999999999,0.5,0.5,-0.10099999999999999,0.639716625213623,0.021758869290351868,0.031479477882385254,,,1.0,normal
1110,20,scenario3_repeated_spike,SAC,50,0.0,1,0.09,0.11199999999999999,0.5,0.5,-0.10099999999999999,0.7394620180130005,0.025760069489479065,0.05448569357395172,,,1.0,normal
1111,20,scenario3_repeated_spike,SAC,50,1.0,0,0.060625,0.197,0.5,0.5,-0.1288125,0.7571138143539429,0.023060448467731476,0.05726912245154381,,,1.0,normal
1112,20,scenario3_repeated_spike,SAC,50,0.0,1,0.09,0.11199999999999999,0.5,0.5,-0.10099999999999999,1.0727922916412354,0.01215171255171299,0.04700249433517456,,,1.0,normal
1113,20,scenario3_repeated_spike,SAC,50,0.0,1,0.09,0.11199999999999999,0.5,0.5,-0.10099999999999999,0.567706823348999,0.012960823252797127,0.021367423236370087,,,1.0,normal
1114,20,scenario3_repeated_spike,SAC,50,1.0,0,0.060625,0.197,0.5,0.5,-0.1288125,0.4269762635231018,0.001805804786272347,0.013617752119898796,,,1.0,normal
1115,20,scenario3_repeated_spike,SAC,50,1.9000000000000004,0,0.0611875,0.19790000000000002,0.5,0.5,-0.12954375,0.785433292388916,0.006773693021386862,0.019274147227406502,,,1.0,normal
1116,20,scenario3_repeated_spike,SAC,50,2.710000000000001,0,0.061693750000000006,0.19871000000000003,0.5,0.5,-0.13020187500000002,0.8191609978675842,0.002062847837805748,0.015993215143680573,,,1.0,normal
1117,20,scenario3_repeated_spike,SAC,50,0.0,1,0.09,0.11199999999999999,0.5,0.5,-0.10099999999999999,0.6168904304504395,0.0023387782275676727,0.013528640381991863,,,1.0,normal
1118,20,scenario3_repeated_spike,SAC,50,1.0,0,0.060625,0.197,0.5,0.5,-0.1288125,1.4583196640014648,0.0036644074134528637,0.01468927226960659,,,1.0,normal
1119,20,scenario3_repeated_spike,SAC,50,1.9000000000000004,0,0.0611875,0.19790000000000002,0.5,0.5,-0.12954375,0.9159285426139832,0.00539589487016201,0.03091553971171379,,,1.0,normal
1120,20,scenario3_repeated_spike,SAC,50,2.710000000000001,0,0.061693750000000006,0.19871000000000003,0.5,0.5,-0.13020187500000002,0.7280784845352173,0.004924491047859192,0.02695171721279621,,,1.0,normal
1121,20,scenario3_repeated_spike,SAC,50,0.0,1,0.09,0.11199999999999999,0.5,0.5,-0.10099999999999999,0.9547683000564575,0.0015979917952790856,0.017671432346105576,,,1.0,normal
1122,20,scenario3_repeated_spike,SAC,50,0.0,1,0.09,0.11199999999999999,0.5,0.5,-0.10099999999999999,1.1396598815917969,0.003257392905652523,0.02240985445678234,,,1.0,normal
1123,20,scenario3_repeated_spike,SAC,50,1.0,0,0.060625,0.197,0.5,0.5,-0.1288125,0.4399958848953247,0.01071806438267231,0.031094439327716827,,,1.0,normal
1124,20,scenario3_repeated_spike,SAC,50,1.9000000000000004,0,0.0611875,0.19790000000000002,0.5,0.5,-0.12954375,0.8709912300109863,0.009499377571046352,0.037849415093660355,,,1.0,normal
1125,20,scenario3_repeated_spike,SAC,50,2.710000000000001,0,0.061693750000000006,0.19871000000000003,0.5,0.5,-0.13020187500000002,0.6992701292037964,0.008421482518315315,0.019223637878894806,,,1.0,normal
1126,20,scenario3_repeated_spike,SAC,50,3.439,0,0.062149375,0.199439,0.5,0.5,-0.1307941875,0.7893330454826355,0.014307640492916107,0.044255319982767105,,,1.0,normal
1127,20,scenario3_repeated_spike,SAC,50,4.0951,0,0.06255943750000001,0.20009510000000003,0.5,0.5,-0.13132726875,0.8374719619750977,0.03783358633518219,0.0700874924659729,,,1.0,normal
1128,20,scenario3_repeated_spike,SAC,50,0.0,1,0.09,0.11199999999999999,0.5,0.5,-0.10099999999999999,0.6735595464706421,0.026639655232429504,0.05250568687915802,,,1.0,normal
1129,20,scenario3_repeated_spike,SAC,50,0.0,1,0.09,0.11199999999999999,0.5,0.5,-0.10099999999999999,0.8388406038284302,0.008055003359913826,0.022362302988767624,,,1.0,normal
1130,20,scenario3_repeated_spike,SAC,50,1.0,0,0.060625,0.197,0.5,0.5,-0.1288125,0.7874842882156372,0.011697015725076199,0.03746878728270531,,,1.0,normal
1131,20,scenario3_repeated_spike,SAC,50,0.0,1,0.09,0.11199999999999999,0.5,0.5,-0.10099999999999999,0.6571143269538879,0.022532301023602486,0.049589693546295166,,,1.0,normal
1132,20,scenario3_repeated_spike,SAC,50,1.0,0,0.060625,0.197,0.5,0.5,-0.1288125,0.6700320839881897,0.01660081371665001,0.04108285903930664,,,1.0,normal
1133,20,scenario3_repeated_spike,SAC,50,0.0,1,0.09,0.11199999999999999,0.5,0.5,-0.10099999999999999,0.6220753788948059,0.009146139025688171,0.02748621255159378,,,1.0,normal
1134,20,scenario3_repeated_spike,SAC,50,1.0,0,0.060625,0.197,0.5,0.5,-0.1288125,0.8974796533584595,0.013793417252600193,0.03961988538503647,,,1.0,normal
1135,20,scenario3_repeated_spike,SAC,50,0.0,1,0.09,0.11199999999999999,0.5,0.5,-0.10099999999999999,0.7125909328460693,0.01367195788770914,0.03714040666818619,,,1.0,normal
1136,20,scenario3_repeated_spike,SAC,50,0.0,1,0.09,0.11199999999999999,0.5,0.5,-0.10099999999999999,1.1275352239608765,0.05388975143432617,0.08011678606271744,,,1.0,normal
1137,20,scenario3_repeated_spike,SAC,50,1.0,0,0.060625,0.197,0.5,0.5,-0.1288125,1.1432418823242188,0.01265357993543148,0.04714634642004967,,,1.0,normal
1138,20,scenario3_repeated_spike,SAC,50,0.0,1,0.09,0.11199999999999999,0.5,0.5,-0.10099999999999999,0.7850830554962158,0.01585215888917446,0.04995408654212952,,,1.0,normal
1139,20,scenario3_repeated_spike,SAC,50,0.0,1,0.09,0.11199999999999999,0.5,0.5,-0.10099999999999999,1.1758891344070435,0.022512592375278473,0.06487108021974564,,,1.0,normal
1140,20,scenario3_repeated_spike,SAC,50,1.0,0,0.060625,0.197,0.5,0.5,-0.1288125,0.5827590227127075,0.01274975948035717,0.0347231850028038,,,1.0,normal
1141,20,scenario3_repeated_spike,SAC,50,1.9000000000000004,0,0.0611875,0.19790000000000002,0.5,0.5,-0.12954375,0.9995025396347046,0.008473590947687626,0.03044402413070202,,,1.0,normal
1142,20,scenario3_repeated_spike,SAC,50,0.0,1,0.09,0.11199999999999999,0.5,0.5,-0.10099999999999999,1.2903128862380981,0.010097311809659004,0.03479302302002907,,,1.0,normal
1143,20,scenario3_repeated_spike,SAC,50,1.0,0,0.060625,0.197,0.5,0.5,-0.1288125,0.7040573954582214,0.011956054717302322,0.039682433009147644,,,1.0,normal
1144,20,scenario3_repeated_spike,SAC,50,0.0,1,0.09,0.11199999999999999,0.5,0.5,-0.10099999999999999,1.04230535030365,0.019508786499500275,0.055808331817388535,,,1.0,normal
1145,20,scenario3_repeated_spike,SAC,50,1.0,0,0.060625,0.197,0.5,0.5,-0.1288125,1.0968828201293945,0.014257966540753841,0.03951016813516617,,,1.0,normal
1146,20,scenario3_repeated_spike,SAC,50,1.9000000000000004,0,0.0611875,0.19790000000000002,0.5,0.5,-0.12954375,1.2436422109603882,0.005498556885868311,0.014839466661214828,,,1.0,normal
1147,20,scenario3_repeated_spike,SAC,50,0.0,1,0.09,0.11199999999999999,0.5,0.5,-0.10099999999999999,0.9250950813293457,0.006612688302993774,0.034911636263132095,,,1.0,normal
1148,20,scenario3_repeated_spike,SAC,50,0.0,1,0.09,0.11199999999999999,0.5,0.5,-0.10099999999999999,0.4953349828720093,0.023978522047400475,0.036334242671728134,,,1.0,normal
1149,20,scenario3_repeated_spike,SAC,50,0.0,1,0.09,0.11199999999999999,0.5,0.5,-0.10099999999999999,0.6658238172531128,0.007054219022393227,0.027736317366361618,,,1.0,normal
1150,20,scenario3_repeated_spike,SAC,50,0.0,1,0.09,0.11199999999999999,0.5,0.5,-0.10099999999999999,0.9390904307365417,0.015079732052981853,0.03482303023338318,,,1.0,normal
1151,20,scenario3_repeated_spike,SAC,50,0.0,1,0.09,0.11199999999999999,0.5,0.5,-0.10099999999999999,0.9191135764122009,0.007286709733307362,0.02995431050658226,,,1.0,normal
1152,20,scenario3_repeated_spike,SAC,50,0.0,1,0.09,0.11199999999999999,0.5,0.5,-0.10099999999999999,0.7709205746650696,0.0063009969890117645,0.027720682322978973,,,1.0,normal
1153,20,scenario3_repeated_spike,SAC,50,1.0,0,0.060625,0.197,0.5,0.5,-0.1288125,0.8773205876350403,0.011743907816708088,0.03868301957845688,,,1.0,normal
1154,20,scenario3_repeated_spike,SAC,50,0.0,1,0.09,0.11199999999999999,0.5,0.5,-0.10099999999999999,0.7206020355224609,0.0034443065524101257,0.019464761018753052,,,1.0,normal
1155,20,scenario3_repeated_spike,SAC,50,0.0,1,0.09,0.11199999999999999,0.5,0.5,-0.10099999999999999,0.6648814678192139,0.014527545310556889,0.03224560245871544,,,1.0,normal
1156,20,scenario3_repeated_spike,SAC,50,0.0,1,0.09,0.11199999999999999,0.5,0.5,-0.10099999999999999,0.9235684871673584,0.006151331122964621,0.032379817217588425,,,1.0,normal
1157,20,scenario3_repeated_spike,SAC,50,0.0,1,0.09,0.11199999999999999,0.5,0.5,-0.10099999999999999,0.7808693051338196,0.007393635343760252,0.02569941058754921,,,1.0,normal
1158,20,scenario3_repeated_spike,SAC,50,0.0,1,0.09,0.11199999999999999,0.5,0.5,-0.10099999999999999,0.7654147148132324,0.010456744581460953,0.026332875713706017,,,1.0,normal
1159,20,scenario3_repeated_spike,SAC,50,1.0,0,0.060625,0.197,0.5,0.5,-0.1288125,0.8471502065658569,0.007571457885205746,0.028038939461112022,,,1.0,normal
1160,20,scenario3_repeated_spike,SAC,50,1.9000000000000004,0,0.0611875,0.19790000000000002,0.5,0.5,-0.12954375,0.7389926314353943,0.006974019110202789,0.024595018476247787,,,1.0,normal
1161,20,scenario3_repeated_spike,SAC,50,0.0,1,0.09,0.11199999999999999,0.5,0.5,-0.10099999999999999,0.7062830924987793,0.0019794157706201077,0.012459158897399902,,,1.0,normal
1162,20,scenario3_repeated_spike,SAC,50,0.0,1,0.09,0.11199999999999999,0.5,0.5,-0.10099999999999999,1.2332724332809448,0.0012237712508067489,0.009843682870268822,,,1.0,normal
1163,20,scenario3_repeated_spike,SAC,50,0.0,1,0.09,0.11199999999999999,0.5,0.5,-0.10099999999999999,0.6645084023475647,0.0073651522397994995,0.02872387319803238,,,1.0,normal
1164,20,scenario3_repeated_spike,SAC,50,0.0,1,0.09,0.11199999999999999,0.5,0.5,-0.10099999999999999,0.8384691476821899,0.00571768544614315,0.02877861261367798,,,1.0,normal
1165,20,scenario3_repeated_spike,SAC,50,0.0,1,0.09,0.11199999999999999,0.5,0.5,-0.10099999999999999,1.0295910835266113,0.02437741681933403,0.033914726227521896,,,1.0,normal
1166,20,scenario3_repeated_spike,SAC,50,1.0,0,0.060625,0.197,0.5,0.5,-0.1288125,0.7648261785507202,0.014454798772931099,0.02194538712501526,,,1.0,normal
1167,20,scenario3_repeated_spike,SAC,50,1.9000000000000004,0,0.0611875,0.19790000000000002,0.5,0.5,-0.12954375,1.0383321046829224,0.003156348830088973,0.01734353043138981,,,1.0,normal
1168,20,scenario3_repeated_spike,SAC,50,2.710000000000001,0,0.061693750000000006,0.19871000000000003,0.5,0.5,-0.13020187500000002,0.6788440346717834,0.006994595285505056,0.02420939691364765,,,1.0,normal
1169,20,scenario3_repeated_spike,SAC,50,3.439,0,0.062149375,0.199439,0.5,0.5,-0.1307941875,0.40908700227737427,0.007309885695576668,0.024714333936572075,,,1.0,normal
1170,20,scenario3_repeated_spike,SAC,50,0.0,1,0.09,0.11199999999999999,0.5,0.5,-0.10099999999999999,0.906740665435791,0.0037174182943999767,0.010311169549822807,,,1.0,normal
1171,20,scenario3_repeated_spike,SAC,50,0.0,1,0.09,0.11199999999999999,0.5,0.5,-0.10099999999999999,0.947294294834137,0.01142206322401762,0.04367231950163841,,,1.0,normal
1172,20,scenario3_repeated_spike,SAC,50,1.0,0,0.060625,0.197,0.5,0.5,-0.1288125,0.6177703142166138,0.011725159361958504,0.03657376021146774,,,1.0,normal
1173,20,scenario3_repeated_spike,SAC,50,1.9000000000000004,0,0.0611875,0.19790000000000002,0.5,0.5,-0.12954375,0.45572948455810547,0.008199895732104778,0.02319261059165001,,,1.0,normal
1174,20,scenario3_repeated_spike,SAC,50,0.0,1,0.09,0.11199999999999999,0.5,0.5,-0.10099999999999999,0.54549640417099,0.0013269983464851975,0.0108110960572958,,,1.0,normal
1175,20,scenario3_repeated_spike,SAC,50,0.0,1,0.09,0.11199999999999999,0.5,0.5,-0.10099999999999999,0.5429428815841675,0.019132450222969055,0.03359582647681236,,,1.0,normal
1176,20,scenario3_repeated_spike,SAC,50,0.0,1,0.09,0.11199999999999999,0.5,0.5,-0.10099999999999999,0.6343451738357544,0.014338597655296326,0.03840161859989166,,,1.0,normal
1177,20,scenario3_repeated_spike,SAC,50,1.0,0,0.060625,0.197,0.5,0.5,-0.1288125,0.8677070736885071,0.00915556587278843,0.03140726312994957,,,1.0,normal
1178,20,scenario3_repeated_spike,SAC,50,0.0,1,0.09,0.11199999999999999,0.5,0.5,-0.10099999999999999,0.896126925945282,0.01410274114459753,0.030946312472224236,,,1.0,normal
1179,20,scenario3_repeated_spike,SAC,50,0.0,1,0.09,0.11199999999999999,0.5,0.5,-0.10099999999999999,0.5870139598846436,0.0040380568243563175,0.02123660407960415,,,1.0,normal
1180,20,scenario3_repeated_spike,SAC,50,0.0,1,0.09,0.11199999999999999,0.5,0.5,-0.10099999999999999,0.8562501668930054,0.005926316138356924,0.02897827886044979,,,1.0,normal
1181,20,scenario3_repeated_spike,SAC,50,0.0,1,0.09,0.11199999999999999,0.5,0.5,-0.10099999999999999,0.6237674951553345,0.0047461725771427155,0.015476849861443043,,,1.0,normal
1182,20,scenario3_repeated_spike,SAC,50,1.0,0,0.060625,0.197,0.5,0.5,-0.1288125,0.6569477319717407,0.0012968695955350995,0.014103901572525501,,,1.0,normal
1183,20,scenario3_repeated_spike,SAC,50,0.0,1,0.09,0.11199999999999999,0.5,0.5,-0.10099999999999999,0.5348598957061768,0.015287566930055618,0.025369787588715553,,,1.0,normal
1184,20,scenario3_repeated_spike,SAC,50,0.0,1,0.09,0.11199999999999999,0.5,0.5,-0.10099999999999999,0.7710270285606384,0.0014044030103832483,0.013541821390390396,,,1.0,normal
1185,20,scenario3_repeated_spike,SAC,50,0.0,1,0.09,0.11199999999999999,0.5,0.5,-0.10099999999999999,0.6133352518081665,0.004552937112748623,0.018506653606891632,,,1.0,normal
1186,20,scenario3_repeated_spike,SAC,50,1.0,0,0.060625,0.197,0.5,0.5,-0.1288125,0.5959823131561279,0.006091630551964045,0.023119084537029266,,,1.0,normal
1187,20,scenario3_repeated_spike,SAC,50,0.0,1,0.09,0.11199999999999999,0.5,0.5,-0.10099999999999999,1.0271894931793213,0.006655579432845116,0.02851719595491886,,,1.0,normal
1188,20,scenario3_repeated_spike,SAC,50,1.0,0,0.060625,0.197,0.5,0.5,-0.1288125,1.0513473749160767,0.0018781668040901423,0.014996815472841263,,,1.0,normal
1189,20,scenario3_repeated_spike,SAC,50,1.9000000000000004,0,0.0611875,0.19790000000000002,0.5,0.5,-0.12954375,0.4565761685371399,0.003912375308573246,0.021009374409914017,,,1.0,normal
1190,20,scenario3_repeated_spike,SAC,50,0.0,1,0.09,0.11199999999999999,0.5,0.5,-0.10099999999999999,0.8257086277008057,0.020028280094265938,0.04438205063343048,,,1.0,normal
1191,20,scenario3_repeated_spike,SAC,50,0.0,1,0.09,0.11199999999999999,0.5,0.5,-0.10099999999999999,0.9028988480567932,0.009713434614241123,0.03543366491794586,,,1.0,normal
1192,20,scenario3_repeated_spike,SAC,50,1.0,0,0.060625,0.197,0.5,0.5,-0.1288125,0.5360463857650757,0.01715996116399765,0.025463223457336426,,,1.0,normal
1193,20,scenario3_repeated_spike,SAC,50,0.0,1,0.09,0.11199999999999999,0.5,0.5,-0.10099999999999999,0.6043742299079895,0.0017001444939523935,0.012186916545033455,,,1.0,normal
1194,20,scenario3_repeated_spike,SAC,50,0.0,1,0.09,0.11199999999999999,0.5,0.5,-0.10099999999999999,0.6517048478126526,0.0028646746650338173,0.016792595386505127,,,1.0,normal
1195,20,scenario3_repeated_spike,SAC,50,1.0,0,0.060625,0.197,0.5,0.5,-0.1288125,0.6352973580360413,0.004214089829474688,0.022473787888884544,,,1.0,normal
1196,20,scenario3_repeated_spike,SAC,50,1.9000000000000004,0,0.0611875,0.19790000000000002,0.5,0.5,-0.12954375,0.7327612042427063,0.008954532444477081,0.022812066599726677,,,1.0,normal
1197,20,scenario3_repeated_spike,SAC,50,2.710000000000001,0,0.061693750000000006,0.19871000000000003,0.5,0.5,-0.13020187500000002,1.1827120780944824,0.014433135278522968,0.038252513855695724,,,1.0,normal
1198,20,scenario3_repeated_spike,SAC,50,0.0,1,0.09,0.11199999999999999,0.5,0.5,-0.10099999999999999,0.9674754738807678,0.010596591979265213,0.020450638607144356,,,1.0,normal
1199,20,scenario3_repeated_spike,SAC,50,1.0,0,0.060625,0.197,0.5,0.5,-0.1288125,0.5718284249305725,0.0038640841376036406,0.019221913069486618,,,1.0,normal
1200,20,scenario3_repeated_spike,SAC,50,0.0,1,0.09,0.11199999999999999,0.5,0.5,-0.10099999999999999,1.089837908744812,0.00883600302040577,0.03680089861154556,,,1.0,normal
1201,20,scenario3_repeated_spike,SAC,50,1.0,0,0.060625,0.197,0.5,0.5,-0.1288125,0.899785041809082,0.011084106750786304,0.03191003575921059,,,1.0,normal
1202,20,scenario3_repeated_spike,SAC,50,1.9000000000000004,0,0.0611875,0.19790000000000002,0.5,0.5,-0.12954375,0.6020147204399109,0.005480560939759016,0.020850297063589096,,,1.0,normal
1203,20,scenario3_repeated_spike,SAC,50,2.710000000000001,0,0.061693750000000006,0.19871000000000003,0.5,0.5,-0.13020187500000002,0.7093750834465027,0.008920012041926384,0.03483894467353821,,,1.0,normal
1204,20,scenario3_repeated_spike,SAC,50,0.0,1,0.09,0.11199999999999999,0.5,0.5,-0.10099999999999999,0.8400270938873291,0.018079228699207306,0.04468946158885956,,,1.0,normal
1205,20,scenario3_repeated_spike,SAC,50,0.0,1,0.09,0.11199999999999999,0.5,0.5,-0.10099999999999999,0.6755152940750122,0.020689796656370163,0.05276019871234894,,,1.0,normal
1206,20,scenario3_repeated_spike,SAC,50,1.0,0,0.060625,0.197,0.5,0.5,-0.1288125,1.1579121351242065,0.027978841215372086,0.06784138083457947,,,1.0,normal
1207,20,scenario3_repeated_spike,SAC,50,0.0,1,0.09,0.11199999999999999,0.5,0.5,-0.10099999999999999,0.6285208463668823,0.011974075809121132,0.035368457436561584,,,1.0,normal
1208,20,scenario3_repeated_spike,SAC,50,1.0,0,0.060625,0.197,0.5,0.5,-0.1288125,1.2115546464920044,0.011545255780220032,0.04533711448311806,,,1.0,normal
1209,20,scenario3_repeated_spike,SAC,50,1.9000000000000004,0,0.0611875,0.19790000000000002,0.5,0.5,-0.12954375,0.8264694213867188,0.008127172477543354,0.03612952679395676,,,1.0,normal
1210,20,scenario3_repeated_spike,SAC,50,0.0,1,0.09,0.11199999999999999,0.5,0.5,-0.10099999999999999,0.490113228559494,0.01240265741944313,0.030009949579834938,,,1.0,normal
1211,20,scenario3_repeated_spike,SAC,50,0.0,1,0.09,0.11199999999999999,0.5,0.5,-0.10099999999999999,1.0431910753250122,0.03448282182216644,0.07801301777362823,,,1.0,normal
1212,20,scenario3_repeated_spike,SAC,50,0.0,1,0.09,0.11199999999999999,0.5,0.5,-0.10099999999999999,0.6116485595703125,0.02451486885547638,0.0535377599298954,,,1.0,normal
1213,20,scenario3_repeated_spike,SAC,50,0.0,1,0.09,0.11199999999999999,0.5,0.5,-0.10099999999999999,0.7437845468521118,0.01282662432640791,0.03740786015987396,,,1.0,normal
1214,20,scenario3_repeated_spike,SAC,50,1.0,0,0.060625,0.197,0.5,0.5,-0.1288125,0.3837914764881134,0.028196003288030624,0.04463674873113632,,,1.0,normal
1215,20,scenario3_repeated_spike,SAC,50,0.0,1,0.09,0.11199999999999999,0.5,0.5,-0.10099999999999999,1.1041384935379028,0.020034566521644592,0.03167124092578888,,,1.0,normal
1216,20,scenario3_repeated_spike,SAC,50,0.0,1,0.09,0.11199999999999999,0.5,0.5,-0.10099999999999999,0.5422258973121643,0.004971769638359547,0.021253621205687523,,,1.0,normal
1217,20,scenario3_repeated_spike,SAC,50,1.0,0,0.060625,0.197,0.5,0.5,-0.1288125,0.6273852586746216,0.022174952551722527,0.05164434760808945,,,1.0,normal
1218,20,scenario3_repeated_spike,SAC,50,0.0,1,0.09,0.11199999999999999,0.5,0.5,-0.10099999999999999,0.6083849668502808,0.01945076510310173,0.0481141023337841,,,1.0,normal
1219,20,scenario3_repeated_spike,SAC,50,1.0,0,0.060625,0.197,0.5,0.5,-0.1288125,0.6828866004943848,0.012297002598643303,0.03302118182182312,,,1.0,normal
1220,20,scenario3_repeated_spike,SAC,50,0.0,1,0.09,0.11199999999999999,0.5,0.5,-0.10099999999999999,0.7753975987434387,0.013827819377183914,0.042885906994342804,,,1.0,normal
1221,20,scenario3_repeated_spike,SAC,50,0.0,1,0.09,0.11199999999999999,0.5,0.5,-0.10099999999999999,0.8282440900802612,0.014524977654218674,0.04260731488466263,,,1.0,normal
1222,20,scenario3_repeated_spike,SAC,50,0.0,1,0.09,0.11199999999999999,0.5,0.5,-0.10099999999999999,0.5135672092437744,0.009893711656332016,0.03375104442238808,,,1.0,normal
1223,20,scenario3_repeated_spike,SAC,50,1.0,0,0.060625,0.197,0.5,0.5,-0.1288125,0.6422755122184753,0.016016121953725815,0.038877278566360474,,,1.0,normal
1224,20,scenario3_repeated_spike,SAC,50,0.0,1,0.09,0.11199999999999999,0.5,0.5,-0.10099999999999999,0.5418111085891724,0.0038553441409021616,0.02126397378742695,,,1.0,normal
1225,20,scenario3_repeated_spike,SAC,50,0.0,1,0.09,0.11199999999999999,0.5,0.5,-0.10099999999999999,0.7936381101608276,0.022347453981637955,0.052038293331861496,,,1.0,normal
1226,20,scenario3_repeated_spike,SAC,50,0.0,1,0.09,0.11199999999999999,0.5,0.5,-0.10099999999999999,0.5848577618598938,0.012228608131408691,0.038070663809776306,,,1.0,normal
1227,20,scenario3_repeated_spike,SAC,50,1.0,0,0.060625,0.197,0.5,0.5,-0.1288125,0.5634022355079651,0.013601375743746758,0.03669356554746628,,,1.0,normal
1228,20,scenario3_repeated_spike,SAC,50,1.9000000000000004,0,0.0611875,0.19790000000000002,0.5,0.5,-0.12954375,0.6485545039176941,0.004056054167449474,0.022909412160515785,,,1.0,normal
1229,20,scenario3_repeated_spike,SAC,50,2.710000000000001,0,0.061693750000000006,0.19871000000000003,0.5,0.5,-0.13020187500000002,0.7894542217254639,0.01573413424193859,0.045922137796878815,,,1.0,normal
1230,20,scenario3_repeated_spike,SAC,50,0.0,1,0.09,0.11199999999999999,0.5,0.5,-0.10099999999999999,0.7868560552597046,0.017791099846363068,0.050748635083436966,,,1.0,normal
1231,20,scenario3_repeated_spike,SAC,50,0.0,1,0.09,0.11199999999999999,0.5,0.5,-0.10099999999999999,0.8263434767723083,0.015906795859336853,0.04238813370466232,,,1.0,normal
1232,20,scenario3_repeated_spike,SAC,50,0.0,1,0.09,0.11199999999999999,0.5,0.5,-0.10099999999999999,0.9422287940979004,0.014555633068084717,0.04929443821310997,,,1.0,normal
1233,20,scenario3_repeated_spike,SAC,50,1.0,0,0.060625,0.197,0.5,0.5,-0.1288125,0.4978921413421631,0.018494868651032448,0.03486170619726181,,,1.0,normal
1234,20,scenario3_repeated_spike,SAC,50,1.9000000000000004,0,0.0611875,0.19790000000000002,0.5,0.5,-0.12954375,0.6868342161178589,0.02976544201374054,0.05677695572376251,,,1.0,normal
1235,20,scenario3_repeated_spike,SAC,50,0.0,1,0.09,0.11199999999999999,0.5,0.5,-0.10099999999999999,0.4962176978588104,0.0165044367313385,0.04484459012746811,,,1.0,normal
1236,20,scenario3_repeated_spike,SAC,50,1.0,0,0.060625,0.197,0.5,0.5,-0.1288125,0.51735919713974,0.012153144925832748,0.03471079841256142,,,1.0,normal
1237,20,scenario3_repeated_spike,SAC,50,0.0,1,0.09,0.11199999999999999,0.5,0.5,-0.10099999999999999,0.40966469049453735,0.0032047482673078775,0.018361607566475868,,,1.0,normal
1238,20,scenario3_repeated_spike,SAC,50,0.0,1,0.09,0.11199999999999999,0.5,0.5,-0.10099999999999999,0.6410780549049377,0.0012622924987226725,0.014384536072611809,,,1.0,normal
1239,20,scenario3_repeated_spike,SAC,50,0.0,1,0.09,0.11199999999999999,0.5,0.5,-0.10099999999999999,0.6504029035568237,0.00861821323633194,0.02868659794330597,,,1.0,normal
1240,20,scenario3_repeated_spike,SAC,50,0.0,1,0.09,0.11199999999999999,0.5,0.5,-0.10099999999999999,0.9937927722930908,0.007207988761365414,0.030759455636143684,,,1.0,normal
1241,20,scenario3_repeated_spike,SAC,50,0.0,1,0.09,0.11199999999999999,0.5,0.5,-0.10099999999999999,0.5037182569503784,0.0005023913108743727,0.007493161596357822,,,1.0,normal
1242,20,scenario3_repeated_spike,SAC,50,1.0,0,0.060625,0.197,0.5,0.5,-0.1288125,1.2564128637313843,0.008962016552686691,0.022685205563902855,,,1.0,normal
1243,20,scenario3_repeated_spike,SAC,50,1.9000000000000004,0,0.0611875,0.19790000000000002,0.5,0.5,-0.12954375,0.38731950521469116,0.006324384361505508,0.019949929788708687,,,1.0,normal
1244,20,scenario3_repeated_spike,SAC,50,0.0,1,0.09,0.11199999999999999,0.5,0.5,-0.10099999999999999,0.4396449327468872,0.002099728910252452,0.013838877901434898,,,1.0,normal
1245,20,scenario3_repeated_spike,SAC,50,1.0,0,0.060625,0.197,0.5,0.5,-0.1288125,0.4653318524360657,0.00026138187968172133,0.006579672917723656,,,1.0,normal
1246,20,scenario3_repeated_spike,SAC,50,1.9000000000000004,0,0.0611875,0.19790000000000002,0.5,0.5,-0.12954375,0.6940644383430481,0.0018876346293836832,0.015240220353007317,,,1.0,normal
1247,20,scenario3_repeated_spike,SAC,50,2.710000000000001,0,0.061693750000000006,0.19871000000000003,0.5,0.5,-0.13020187500000002,0.5985661149024963,0.006794407963752747,0.01970880851149559,,,1.0,normal
1248,20,scenario3_repeated_spike,SAC,50,3.439,0,0.062149375,0.199439,0.5,0.5,-0.1307941875,0.34587937593460083,0.012260276824235916,0.02465437911450863,,,1.0,normal
1249,20,scenario3_repeated_spike,SAC,50,4.0951,0,0.06255943750000001,0.20009510000000003,0.5,0.5,-0.13132726875,0.7416493892669678,0.004032256081700325,0.025456268340349197,,,1.0,normal
1250,20,scenario3_repeated_spike,SAC,50,4.685590000000001,0,0.06292849375000001,0.20068559000000002,0.5,0.5,-0.13180704187500003,0.6822392344474792,0.0015213519800454378,0.01500731147825718,,,1.0,normal
1251,20,scenario3_repeated_spike,SAC,50,5.217031000000002,0,0.063260644375,0.201217031,0.5,0.5,-0.1322388376875,0.7921923398971558,0.0032305980566889048,0.02097487263381481,,,1.0,normal
1252,20,scenario3_repeated_spike,SAC,50,0.0,1,0.09,0.11199999999999999,0.5,0.5,-0.10099999999999999,0.6234311461448669,0.011680690571665764,0.03205376863479614,,,1.0,normal
1253,20,scenario3_repeated_spike,SAC,50,0.0,1,0.09,0.11199999999999999,0.5,0.5,-0.10099999999999999,0.7263636589050293,0.004520972725003958,0.02302713505923748,,,1.0,normal
1254,20,scenario3_repeated_spike,SAC,50,1.0,0,0.060625,0.197,0.5,0.5,-0.1288125,0.4430864453315735,0.003383051371201873,0.013802592642605305,,,1.0,normal
1255,20,scenario3_repeated_spike,SAC,50,0.0,1,0.09,0.11199999999999999,0.5,0.5,-0.10099999999999999,0.5697097182273865,0.006526795215904713,0.029929155483841896,,,1.0,normal
1256,20,scenario3_repeated_spike,SAC,50,1.0,0,0.060625,0.197,0.5,0.5,-0.1288125,0.6199407577514648,0.010751178488135338,0.03425299748778343,,,1.0,normal
1257,20,scenario3_repeated_spike,SAC,50,1.9000000000000004,0,0.0611875,0.19790000000000002,0.5,0.5,-0.12954375,0.8501007556915283,0.010170993395149708,0.029890844598412514,,,1.0,normal
1258,20,scenario3_repeated_spike,SAC,50,0.0,1,0.09,0.11199999999999999,0.5,0.5,-0.10099999999999999,0.2862594425678253,0.0026024519465863705,0.01204136572778225,,,1.0,normal
1259,20,scenario3_repeated_spike,SAC,50,1.0,0,0.060625,0.197,0.5,0.5,-0.1288125,0.7966309785842896,0.0045105526223778725,0.013986688107252121,,,1.0,normal
1260,20,scenario3_repeated_spike,SAC,50,1.9000000000000004,0,0.0611875,0.19790000000000002,0.5,0.5,-0.12954375,0.5015488266944885,0.0024638113100081682,0.017952606081962585,,,1.0,normal
1261,20,scenario3_repeated_spike,SAC,50,2.710000000000001,0,0.061693750000000006,0.19871000000000003,0.5,0.5,-0.13020187500000002,0.49906498193740845,0.006571750156581402,0.016561908647418022,,,1.0,normal
1262,20,scenario3_repeated_spike,SAC,50,0.0,1,0.09,0.11199999999999999,0.5,0.5,-0.10099999999999999,0.5448024272918701,0.005535739473998547,0.020662566646933556,,,1.0,normal
1263,20,scenario3_repeated_spike,SAC,50,0.0,1,0.09,0.11199999999999999,0.5,0.5,-0.10099999999999999,0.8077607750892639,0.002330683171749115,0.016086643561720848,,,1.0,normal
1264,20,scenario3_repeated_spike,SAC,50,1.0,0,0.060625,0.197,0.5,0.5,-0.1288125,0.8384791016578674,0.0047340188175439835,0.023084105923771858,,,1.0,normal
1265,20,scenario3_repeated_spike,SAC,50,0.0,1,0.09,0.11199999999999999,0.5,0.5,-0.10099999999999999,0.7447853088378906,0.01819698140025139,0.04301713407039642,,,1.0,normal
1266,20,scenario3_repeated_spike,SAC,50,0.0,1,0.09,0.11199999999999999,0.5,0.5,-0.10099999999999999,0.7563065886497498,0.011246880516409874,0.03932810574769974,,,1.0,normal
1267,20,scenario3_repeated_spike,SAC,50,1.0,0,0.060625,0.197,0.5,0.5,-0.1288125,1.02090322971344,0.009404852986335754,0.04006696864962578,,,1.0,normal
1268,20,scenario3_repeated_spike,SAC,50,0.0,1,0.09,0.11199999999999999,0.5,0.5,-0.10099999999999999,0.7308533191680908,0.005323115270584822,0.020511716604232788,,,1.0,normal
1269,20,scenario3_repeated_spike,SAC,50,1.0,0,0.060625,0.197,0.5,0.5,-0.1288125,0.5518068671226501,0.011013762094080448,0.03292761370539665,,,1.0,normal
1270,20,scenario3_repeated_spike,SAC,50,0.0,1,0.09,0.11199999999999999,0.5,0.5,-0.10099999999999999,0.5109171867370605,0.005915884859859943,0.02291526272892952,,,1.0,normal
1271,20,scenario3_repeated_spike,SAC,50,1.0,0,0.060625,0.197,0.5,0.5,-0.1288125,0.6615455150604248,0.006986299529671669,0.028800081461668015,,,1.0,normal
1272,20,scenario3_repeated_spike,SAC,50,1.9000000000000004,0,0.0611875,0.19790000000000002,0.5,0.5,-0.12954375,0.7380862236022949,0.0024693950545042753,0.01526179350912571,,,1.0,normal
1273,20,scenario3_repeated_spike,SAC,50,2.710000000000001,0,0.061693750000000006,0.19871000000000003,0.5,0.5,-0.13020187500000002,0.4335758090019226,0.0024180011823773384,0.013050460256636143,,,1.0,normal
1274,20,scenario3_repeated_spike,SAC,50,0.0,1,0.09,0.11199999999999999,0.5,0.5,-0.10099999999999999,0.6275591850280762,0.009105336852371693,0.028173893690109253,,,1.0,normal
1275,20,scenario3_repeated_spike,SAC,50,0.0,1,0.09,0.11199999999999999,0.5,0.5,-0.10099999999999999,0.5811610817909241,0.007784677669405937,0.027707405388355255,,,1.0,normal
1276,20,scenario3_repeated_spike,SAC,50,0.0,1,0.09,0.11199999999999999,0.5,0.5,-0.10099999999999999,0.6649379134178162,0.0018994228448718786,0.014654173515737057,,,1.0,normal
1277,20,scenario3_repeated_spike,SAC,50,0.0,1,0.09,0.11199999999999999,0.5,0.5,-0.10099999999999999,0.9306323528289795,0.004130249843001366,0.025526976212859154,,,1.0,normal
1278,20,scenario3_repeated_spike,SAC,50,0.0,1,0.09,0.11199999999999999,0.5,0.5,-0.10099999999999999,0.5889355540275574,0.005846989806741476,0.02719469554722309,,,1.0,normal
1279,20,scenario3_repeated_spike,SAC,50,0.0,1,0.09,0.11199999999999999,0.5,0.5,-0.10099999999999999,0.6578486561775208,0.0027226980309933424,0.018276197835803032,,,1.0,normal
1280,20,scenario3_repeated_spike,SAC,50,1.0,0,0.060625,0.197,0.5,0.5,-0.1288125,0.7572203278541565,0.00443504611030221,0.020519636571407318,,,1.0,normal
1281,20,scenario3_repeated_spike,SAC,50,0.0,1,0.09,0.11199999999999999,0.5,0.5,-0.10099999999999999,0.6617583632469177,0.008145637810230255,0.031225839629769325,,,1.0,normal
1282,20,scenario3_repeated_spike,SAC,50,0.0,1,0.09,0.11199999999999999,0.5,0.5,-0.10099999999999999,0.46033206582069397,0.0070125809870660305,0.025250419974327087,,,1.0,normal
1283,20,scenario3_repeated_spike,SAC,50,1.0,0,0.060625,0.197,0.5,0.5,-0.1288125,0.5311558842658997,0.000611264375038445,0.006993751972913742,,,1.0,normal
1284,20,scenario3_repeated_spike,SAC,50,1.9000000000000004,0,0.0611875,0.19790000000000002,0.5,0.5,-0.12954375,0.3300762176513672,0.0003392365179024637,0.006420423276722431,,,1.0,normal
1285,20,scenario3_repeated_spike,SAC,50,0.0,1,0.09,0.11199999999999999,0.5,0.5,-0.10099999999999999,0.7152751088142395,0.0010108922142535448,0.012210719287395477,,,1.0,normal
1286,20,scenario3_repeated_spike,SAC,50,1.0,0,0.060625,0.197,0.5,0.5,-0.1288125,0.8728350400924683,0.015396952629089355,0.022357288748025894,,,1.0,normal
1287,20,scenario3_repeated_spike,SAC,50,0.0,1,0.09,0.11199999999999999,0.5,0.5,-0.10099999999999999,0.7150760293006897,0.01131715439260006,0.032365068793296814,,,1.0,normal
1288,20,scenario3_repeated_spike,SAC,50,1.0,0,0.060625,0.197,0.5,0.5,-0.1288125,0.6894791722297668,0.0045487103052437305,0.023801002651453018,,,1.0,normal
1289,20,scenario3_repeated_spike,SAC,50,1.9000000000000004,0,0.0611875,0.19790000000000002,0.5,0.5,-0.12954375,0.6921233534812927,0.013742255978286266,0.02058292180299759,,,1.0,normal
1290,20,scenario3_repeated_spike,SAC,50,0.0,1,0.09,0.11199999999999999,0.5,0.5,-0.10099999999999999,0.3793734908103943,0.007643232587724924,0.01858428493142128,,,1.0,normal
1291,20,scenario3_repeated_spike,SAC,50,1.0,0,0.060625,0.197,0.5,0.5,-0.1288125,0.9568180441856384,0.0008917589439079165,0.010540559887886047,,,1.0,normal
1292,20,scenario3_repeated_spike,SAC,50,1.9000000000000004,0,0.0611875,0.19790000000000002,0.5,0.5,-0.12954375,0.4511609673500061,0.005947289988398552,0.011316902004182339,,,1.0,normal
1293,20,scenario3_repeated_spike,SAC,50,0.0,1,0.09,0.11199999999999999,0.5,0.5,-0.10099999999999999,0.6674600839614868,0.005308000836521387,0.0203094519674778,,,1.0,normal
1294,20,scenario3_repeated_spike,SAC,50,0.0,1,0.09,0.11199999999999999,0.5,0.5,-0.10099999999999999,0.6921271085739136,0.005714441183954477,0.025402719154953957,,,1.0,normal
1295,20,scenario3_repeated_spike,SAC,50,1.0,0,0.060625,0.197,0.5,0.5,-0.1288125,0.6265276074409485,0.004959216341376305,0.018506161868572235,,,1.0,normal
1296,20,scenario3_repeated_spike,SAC,50,0.0,1,0.09,0.11199999999999999,0.5,0.5,-0.10099999999999999,0.8727395534515381,0.010419548489153385,0.03124253824353218,,,1.0,normal
1297,20,scenario3_repeated_spike,SAC,50,0.0,1,0.09,0.11199999999999999,0.5,0.5,-0.10099999999999999,0.7962794303894043,0.01176270842552185,0.03521070256829262,,,1.0,normal
1298,20,scenario3_repeated_spike,SAC,50,0.0,1,0.09,0.11199999999999999,0.5,0.5,-0.10099999999999999,0.8513928651809692,0.0031578438356518745,0.01902036741375923,,,1.0,normal
1299,20,scenario3_repeated_spike,SAC,50,0.0,1,0.09,0.11199999999999999,0.5,0.5,-0.10099999999999999,0.8199520111083984,0.005788065027445555,0.018882697448134422,,,1.0,normal
1300,20,scenario3_repeated_spike,SAC,50,1.0,0,0.060625,0.197,0.5,0.5,-0.1288125,0.5863577127456665,0.0038673952221870422,0.019729871302843094,,,1.0,normal
1301,20,scenario3_repeated_spike,SAC,50,1.9000000000000004,0,0.0611875,0.19790000000000002,0.5,0.5,-0.12954375,0.9132075905799866,0.006751906126737595,0.022650083526968956,,,1.0,normal
1302,20,scenario3_repeated_spike,SAC,50,0.0,1,0.09,0.11199999999999999,0.5,0.5,-0.10099999999999999,0.6482298374176025,0.007415363565087318,0.015406573191285133,,,1.0,normal
1303,20,scenario3_repeated_spike,SAC,50,0.0,1,0.09,0.11199999999999999,0.5,0.5,-0.10099999999999999,0.5415228605270386,0.003874827641993761,0.01929132454097271,,,1.0,normal
1304,20,scenario3_repeated_spike,SAC,50,0.0,1,0.09,0.11199999999999999,0.5,0.5,-0.10099999999999999,0.37851956486701965,0.004742179065942764,0.016574647277593613,,,1.0,normal
1305,20,scenario3_repeated_spike,SAC,50,0.0,1,0.09,0.11199999999999999,0.5,0.5,-0.10099999999999999,0.4912008047103882,0.0007343646138906479,0.007118768524378538,,,1.0,normal
1306,20,scenario3_repeated_spike,SAC,50,1.0,0,0.060625,0.197,0.5,0.5,-0.1288125,0.6443704962730408,0.006288881879299879,0.027120379731059074,,,1.0,normal
1307,20,scenario3_repeated_spike,SAC,50,0.0,1,0.09,0.11199999999999999,0.5,0.5,-0.10099999999999999,0.7108425498008728,0.011993179097771645,0.035972896963357925,,,1.0,normal
1308,20,scenario3_repeated_spike,SAC,50,0.0,1,0.09,0.11199999999999999,0.5,0.5,-0.10099999999999999,0.3729616701602936,0.004558649845421314,0.018347568809986115,,,1.0,normal
1309,20,scenario3_repeated_spike,SAC,50,0.0,1,0.09,0.11199999999999999,0.5,0.5,-0.10099999999999999,0.6731305122375488,0.001591209671460092,0.012986768037080765,,,1.0,normal
1310,20,scenario3_repeated_spike,SAC,50,1.0,0,0.060625,0.197,0.5,0.5,-0.1288125,0.4221469461917877,0.006692794151604176,0.02171127125620842,,,1.0,normal
1311,20,scenario3_repeated_spike,SAC,50,0.0,1,0.09,0.11199999999999999,0.5,0.5,-0.10099999999999999,0.9647819995880127,0.029682137072086334,0.05442257970571518,,,1.0,normal
1312,20,scenario3_repeated_spike,SAC,50,0.0,1,0.09,0.11199999999999999,0.5,0.5,-0.10099999999999999,0.3444831967353821,0.026356758549809456,0.04419577866792679,,,1.0,normal
1313,20,scenario3_repeated_spike,SAC,50,0.0,1,0.09,0.11199999999999999,0.5,0.5,-0.10099999999999999,0.24364274740219116,0.005849465727806091,0.0190983135253191,,,1.0,normal
1314,20,scenario3_repeated_spike,SAC,50,0.0,1,0.09,0.11199999999999999,0.5,0.5,-0.10099999999999999,0.6735454797744751,0.01223272830247879,0.01971692591905594,,,1.0,normal
1315,20,scenario3_repeated_spike,SAC,50,0.0,1,0.09,0.11199999999999999,0.5,0.5,-0.10099999999999999,0.8268968462944031,0.004916852340102196,0.01785977929830551,,,1.0,normal
1316,20,scenario3_repeated_spike,SAC,50,0.0,1,0.09,0.11199999999999999,0.5,0.5,-0.10099999999999999,0.5050923228263855,0.0041801584884524345,0.01935148611664772,,,1.0,normal
1317,20,scenario3_repeated_spike,SAC,50,1.0,0,0.060625,0.197,0.5,0.5,-0.1288125,0.4024348556995392,0.0022076484747231007,0.015738023445010185,,,1.0,normal
1318,20,scenario3_repeated_spike,SAC,50,0.0,1,0.09,0.11199999999999999,0.5,0.5,-0.10099999999999999,0.5661191940307617,0.005601220764219761,0.022785227745771408,,,1.0,normal
1319,20,scenario3_repeated_spike,SAC,50,1.0,0,0.060625,0.197,0.5,0.5,-0.1288125,0.24525591731071472,0.0004024482914246619,0.006115610711276531,,,1.0,normal
1320,20,scenario3_repeated_spike,SAC,50,1.9000000000000004,0,0.0611875,0.19790000000000002,0.5,0.5,-0.12954375,0.8049360513687134,0.007002892438322306,0.02838335931301117,,,1.0,normal
1321,20,scenario3_repeated_spike,SAC,50,0.0,1,0.09,0.11199999999999999,0.5,0.5,-0.10099999999999999,0.7496531009674072,0.011561457067728043,0.03390440344810486,,,1.0,normal
1322,20,scenario3_repeated_spike,SAC,50,0.0,1,0.09,0.11199999999999999,0.5,0.5,-0.10099999999999999,0.5642482042312622,0.009181739762425423,0.02906949259340763,,,1.0,normal
1323,20,scenario3_repeated_spike,SAC,50,0.0,1,0.09,0.11199999999999999,0.5,0.5,-0.10099999999999999,0.5210319757461548,0.0011202995665371418,0.009670689702033997,,,1.0,normal
1324,20,scenario3_repeated_spike,SAC,50,1.0,0,0.060625,0.197,0.5,0.5,-0.1288125,0.6344707012176514,0.010762122459709644,0.03303081914782524,,,1.0,normal
1325,20,scenario3_repeated_spike,SAC,50,0.0,1,0.09,0.11199999999999999,0.5,0.5,-0.10099999999999999,0.8486964702606201,0.03048628941178322,0.056973956525325775,,,1.0,normal
1326,20,scenario3_repeated_spike,SAC,50,0.0,1,0.09,0.11199999999999999,0.5,0.5,-0.10099999999999999,0.7248721718788147,0.02559821680188179,0.05074046552181244,,,1.0,normal
1327,20,scenario3_repeated_spike,SAC,50,0.0,1,0.09,0.11199999999999999,0.5,0.5,-0.10099999999999999,0.7726732492446899,0.012044290080666542,0.0372595451772213,,,1.0,normal
1328,20,scenario3_repeated_spike,SAC,50,1.0,0,0.060625,0.197,0.5,0.5,-0.1288125,0.803050696849823,0.0033843740820884705,0.013787087053060532,,,1.0,normal
1329,20,scenario3_repeated_spike,SAC,50,0.0,1,0.09,0.11199999999999999,0.5,0.5,-0.10099999999999999,0.5998581647872925,0.014020116068422794,0.032709527760744095,,,1.0,normal
1330,20,scenario3_repeated_spike,SAC,50,1.0,0,0.060625,0.197,0.5,0.5,-0.1288125,0.41771399974823,0.02373192086815834,0.03904414176940918,,,1.0,normal
1331,20,scenario3_repeated_spike,SAC,50,0.0,1,0.09,0.11199999999999999,0.5,0.5,-0.10099999999999999,0.5830631256103516,0.0350223146378994,0.05139702558517456,,,1.0,normal
1332,20,scenario3_repeated_spike,SAC,50,0.0,1,0.09,0.11199999999999999,0.5,0.5,-0.10099999999999999,0.44871675968170166,0.023447666317224503,0.03956016153097153,,,1.0,normal
1333,20,scenario3_repeated_spike,SAC,50,0.0,1,0.09,0.11199999999999999,0.5,0.5,-0.10099999999999999,0.6748536229133606,0.012130238115787506,0.031921640038490295,,,1.0,normal
1334,20,scenario3_repeated_spike,SAC,50,0.0,1,0.09,0.11199999999999999,0.5,0.5,-0.10099999999999999,0.4447058141231537,0.005917491391301155,0.019949454814195633,,,1.0,normal
1335,20,scenario3_repeated_spike,SAC,50,0.0,1,0.09,0.11199999999999999,0.5,0.5,-0.10099999999999999,0.7568113803863525,0.014249855652451515,0.04015077278017998,,,1.0,normal
1336,20,scenario3_repeated_spike,SAC,50,1.0,0,0.060625,0.197,0.5,0.5,-0.1288125,0.7951179146766663,0.011060979217290878,0.03661699220538139,,,1.0,normal
1337,20,scenario3_repeated_spike,SAC,50,1.9000000000000004,0,0.0611875,0.19790000000000002,0.5,0.5,-0.12954375,0.4811086356639862,0.005295897834002972,0.02083757147192955,,,1.0,normal
1338,20,scenario3_repeated_spike,SAC,50,2.710000000000001,0,0.061693750000000006,0.19871000000000003,0.5,0.5,-0.13020187500000002,0.6421931982040405,0.002112739719450474,0.017318136990070343,,,1.0,normal
1339,20,scenario3_repeated_spike,SAC,50,3.439,0,0.062149375,0.199439,0.5,0.5,-0.1307941875,0.782574474811554,0.018535850569605827,0.04174451529979706,,,1.0,normal
1340,20,scenario3_repeated_spike,SAC,50,0.0,1,0.09,0.11199999999999999,0.5,0.5,-0.10099999999999999,0.7952179908752441,0.004277054686099291,0.021685030311346054,,,1.0,normal
1341,20,scenario3_repeated_spike,SAC,50,0.0,1,0.09,0.11199999999999999,0.5,0.5,-0.10099999999999999,0.7722909450531006,0.006029579788446426,0.01526551228016615,,,1.0,normal
1342,20,scenario3_repeated_spike,SAC,50,1.0,0,0.060625,0.197,0.5,0.5,-0.1288125,0.5695157051086426,0.00407657865434885,0.014919903129339218,,,1.0,normal
1343,20,scenario3_repeated_spike,SAC,50,0.0,1,0.09,0.11199999999999999,0.5,0.5,-0.10099999999999999,0.9426337480545044,0.001290096901357174,0.01539948396384716,,,1.0,normal
1344,20,scenario3_repeated_spike,SAC,50,0.0,1,0.09,0.11199999999999999,0.5,0.5,-0.10099999999999999,0.6928858757019043,0.0006575821898877621,0.0057899560779333115,,,1.0,normal
1345,20,scenario3_repeated_spike,SAC,50,0.0,1,0.09,0.11199999999999999,0.5,0.5,-0.10099999999999999,0.4750823378562927,0.002493042265996337,0.016214177012443542,,,1.0,normal
1346,20,scenario3_repeated_spike,SAC,50,1.0,0,0.060625,0.197,0.5,0.5,-0.1288125,0.7124954462051392,0.01588902249932289,0.03242643177509308,,,1.0,normal
1347,20,scenario3_repeated_spike,SAC,50,1.9000000000000004,0,0.0611875,0.19790000000000002,0.5,0.5,-0.12954375,0.6357592940330505,0.0022365781478583813,0.01437778677791357,,,1.0,normal
1348,20,scenario3_repeated_spike,SAC,50,0.0,1,0.09,0.11199999999999999,0.5,0.5,-0.10099999999999999,0.7009819746017456,0.0036152785178273916,0.017760634422302246,,,1.0,normal
1349,20,scenario3_repeated_spike,SAC,50,1.0,0,0.060625,0.197,0.5,0.5,-0.1288125,0.7249780297279358,0.007789983414113522,0.02781781181693077,,,1.0,normal
1350,20,scenario3_repeated_spike,SAC,50,0.0,1,0.09,0.11199999999999999,0.5,0.5,-0.10099999999999999,0.5284726023674011,0.0029419786296784878,0.01366525236517191,,,1.0,normal
1351,20,scenario3_repeated_spike,SAC,50,0.0,1,0.09,0.11199999999999999,0.5,0.5,-0.10099999999999999,0.6641071438789368,0.007730849087238312,0.018620602786540985,,,1.0,normal
1352,20,scenario3_repeated_spike,SAC,50,0.0,1,0.09,0.11199999999999999,0.5,0.5,-0.10099999999999999,0.40210455656051636,0.0013951577711850405,0.010207327082753181,,,1.0,normal
1353,20,scenario3_repeated_spike,SAC,50,0.0,1,0.09,0.11199999999999999,0.5,0.5,-0.10099999999999999,0.6227666139602661,0.004513216204941273,0.016467297449707985,,,1.0,normal
1354,20,scenario3_repeated_spike,SAC,50,1.0,0,0.060625,0.197,0.5,0.5,-0.1288125,0.772343635559082,0.008317621424794197,0.025802401825785637,,,1.0,normal
1355,20,scenario3_repeated_spike,SAC,50,1.9000000000000004,0,0.0611875,0.19790000000000002,0.5,0.5,-0.12954375,0.5974701642990112,0.005733549129217863,0.020665181800723076,,,1.0,normal
1356,20,scenario3_repeated_spike,SAC,50,2.710000000000001,0,0.061693750000000006,0.19871000000000003,0.5,0.5,-0.13020187500000002,0.48264503479003906,0.0035276226699352264,0.014851667918264866,,,1.0,normal
1357,20,scenario3_repeated_spike,SAC,50,0.0,1,0.09,0.11199999999999999,0.5,0.5,-0.10099999999999999,0.747917890548706,0.0018021275755017996,0.015298277139663696,,,1.0,normal
1358,20,scenario3_repeated_spike,SAC,50,1.0,0,0.060625,0.197,0.5,0.5,-0.1288125,0.1682594269514084,0.004237229470163584,0.014636082574725151,,,1.0,normal
1359,20,scenario3_repeated_spike,SAC,50,0.0,1,0.09,0.11199999999999999,0.5,0.5,-0.10099999999999999,0.42222368717193604,0.002325903158634901,0.016080085188150406,,,1.0,normal
1360,20,scenario3_repeated_spike,SAC,50,1.0,0,0.060625,0.197,0.5,0.5,-0.1288125,0.30443668365478516,0.0020750798285007477,0.013878232799470425,,,1.0,normal
1361,20,scenario3_repeated_spike,SAC,50,0.0,1,0.09,0.11199999999999999,0.5,0.5,-0.10099999999999999,0.636398196220398,0.003128141164779663,0.01995702274143696,,,1.0,normal
1362,20,scenario3_repeated_spike,SAC,50,1.0,0,0.060625,0.197,0.5,0.5,-0.1288125,0.5395218133926392,0.013809344731271267,0.025012213736772537,,,1.0,normal
1363,20,scenario3_repeated_spike,SAC,50,0.0,1,0.09,0.11199999999999999,0.5,0.5,-0.10099999999999999,0.5672879219055176,0.006236563436686993,0.0281542781740427,,,1.0,normal
1364,20,scenario3_repeated_spike,SAC,50,0.0,1,0.09,0.11199999999999999,0.5,0.5,-0.10099999999999999,0.5986810922622681,0.008666686713695526,0.031729817390441895,,,1.0,normal
1365,20,scenario3_repeated_spike,SAC,50,0.0,1,0.09,0.11199999999999999,0.5,0.5,-0.10099999999999999,0.7308061122894287,0.003249796573072672,0.018479712307453156,,,1.0,normal
1366,20,scenario3_repeated_spike,SAC,50,1.0,0,0.060625,0.197,0.5,0.5,-0.1288125,0.4977159798145294,0.0015997736481949687,0.012330763041973114,,,1.0,normal
1367,20,scenario3_repeated_spike,SAC,50,1.9000000000000004,0,0.0611875,0.19790000000000002,0.5,0.5,-0.12954375,0.39091601967811584,0.0029962165281176567,0.012472308240830898,,,1.0,normal
1368,20,scenario3_repeated_spike,SAC,50,2.710000000000001,0,0.061693750000000006,0.19871000000000003,0.5,0.5,-0.13020187500000002,0.6890472173690796,0.0026217664126306772,0.009730215184390545,,,1.0,normal
1369,20,scenario3_repeated_spike,SAC,50,3.439,0,0.062149375,0.199439,0.5,0.5,-0.1307941875,0.7272961139678955,0.0004400253528729081,0.008154617622494698,,,1.0,normal
1370,20,scenario3_repeated_spike,SAC,50,0.0,1,0.09,0.11199999999999999,0.5,0.5,-0.10099999999999999,0.6110109090805054,0.0007458097534254193,0.00918782688677311,,,1.0,normal
1371,20,scenario3_repeated_spike,SAC,50,0.0,1,0.09,0.11199999999999999,0.5,0.5,-0.10099999999999999,0.5957818627357483,0.0008016921347007155,0.0071413554251194,,,1.0,normal
1372,20,scenario3_repeated_spike,SAC,50,0.0,1,0.09,0.11199999999999999,0.5,0.5,-0.10099999999999999,0.7928348779678345,0.0006846578326076269,0.01010602992027998,,,1.0,normal
1373,20,scenario3_repeated_spike,SAC,50,0.0,1,0.09,0.11199999999999999,0.5,0.5,-0.10099999999999999,0.43128687143325806,0.0049946503713727,0.013095448724925518,,,1.0,normal
1374,20,scenario3_repeated_spike,SAC,50,1.0,0,0.060625,0.197,0.5,0.5,-0.1288125,0.4567016363143921,0.0020934862550348043,0.014816511422395706,,,1.0,normal
1375,20,scenario3_repeated_spike,SAC,50,0.0,1,0.09,0.11199999999999999,0.5,0.5,-0.10099999999999999,0.5413539409637451,0.0031129817944020033,0.016806676983833313,,,1.0,normal
1376,20,scenario3_repeated_spike,SAC,50,1.0,0,0.060625,0.197,0.5,0.5,-0.1288125,0.4652913212776184,0.006600875873118639,0.016408005729317665,,,1.0,normal
1377,20,scenario3_repeated_spike,SAC,50,0.0,1,0.09,0.11199999999999999,0.5,0.5,-0.10099999999999999,0.674129068851471,0.006872808560729027,0.02959648333489895,,,1.0,normal
1378,20,scenario3_repeated_spike,SAC,50,0.0,1,0.09,0.11199999999999999,0.5,0.5,-0.10099999999999999,0.6719328761100769,0.01452112291008234,0.0441490113735199,,,1.0,normal
1379,20,scenario3_repeated_spike,SAC,50,1.0,0,0.060625,0.197,0.5,0.5,-0.1288125,0.4911510646343231,0.011219686828553677,0.028604760766029358,,,1.0,normal
1380,20,scenario3_repeated_spike,SAC,50,0.0,1,0.09,0.11199999999999999,0.5,0.5,-0.10099999999999999,0.3049623370170593,0.0025110512506216764,0.012989034876227379,,,1.0,normal
1381,20,scenario3_repeated_spike,SAC,50,1.0,0,0.060625,0.197,0.5,0.5,-0.1288125,0.7797139286994934,0.002714689588174224,0.021096503362059593,,,1.0,normal
1382,20,scenario3_repeated_spike,SAC,50,0.0,1,0.09,0.11199999999999999,0.5,0.5,-0.10099999999999999,0.6163694262504578,0.00032277824357151985,0.007229164242744446,,,1.0,normal
1383,20,scenario3_repeated_spike,SAC,50,0.0,1,0.09,0.11199999999999999,0.5,0.5,-0.10099999999999999,0.7013169527053833,0.01689024269580841,0.04126332700252533,,,1.0,normal
1384,20,scenario3_repeated_spike,SAC,50,1.0,0,0.060625,0.197,0.5,0.5,-0.1288125,0.23396077752113342,0.004696427378803492,0.0184019822627306,,,1.0,normal
1385,20,scenario3_repeated_spike,SAC,50,1.9000000000000004,0,0.0611875,0.19790000000000002,0.5,0.5,-0.12954375,0.49382683634757996,0.006968293339014053,0.023244893178343773,,,1.0,normal
1386,20,scenario3_repeated_spike,SAC,50,0.0,1,0.09,0.11199999999999999,0.5,0.5,-0.10099999999999999,0.5815885066986084,0.0018961146706715226,0.01215254608541727,,,1.0,normal
1387,20,scenario3_repeated_spike,SAC,50,0.0,1,0.09,0.11199999999999999,0.5,0.5,-0.10099999999999999,0.6979724168777466,0.003352353349328041,0.020507140085101128,,,1.0,normal
1388,20,scenario3_repeated_spike,SAC,50,0.0,1,0.09,0.11199999999999999,0.5,0.5,-0.10099999999999999,0.5938613414764404,0.007057366892695427,0.018508370965719223,,,1.0,normal
1389,20,scenario3_repeated_spike,SAC,50,0.0,1,0.09,0.11199999999999999,0.5,0.5,-0.10099999999999999,0.7037726640701294,0.0024532219395041466,0.0159137099981308,,,1.0,normal
1390,20,scenario3_repeated_spike,SAC,50,0.0,1,0.09,0.11199999999999999,0.5,0.5,-0.10099999999999999,0.5986354351043701,0.013833614066243172,0.030100073665380478,,,1.0,normal
1391,20,scenario3_repeated_spike,SAC,50,0.0,1,0.09,0.11199999999999999,0.5,0.5,-0.10099999999999999,0.5023347735404968,0.0025232804473489523,0.013148890808224678,,,1.0,normal
1392,20,scenario3_repeated_spike,SAC,50,1.0,0,0.060625,0.197,0.5,0.5,-0.1288125,0.9507424831390381,0.02046874910593033,0.04353974014520645,,,1.0,normal
1393,20,scenario3_repeated_spike,SAC,50,0.0,1,0.09,0.11199999999999999,0.5,0.5,-0.10099999999999999,0.35162049531936646,0.004118073731660843,0.020597975701093674,,,1.0,normal
1394,20,scenario3_repeated_spike,SAC,50,1.0,0,0.060625,0.197,0.5,0.5,-0.1288125,0.23872026801109314,0.012865414842963219,0.016975509002804756,,,1.0,normal
1395,20,scenario3_repeated_spike,SAC,50,1.9000000000000004,0,0.0611875,0.19790000000000002,0.5,0.5,-0.12954375,0.6502766609191895,0.0021056795958429575,0.017851965501904488,,,1.0,normal
1396,20,scenario3_repeated_spike,SAC,50,0.0,1,0.09,0.11199999999999999,0.5,0.5,-0.10099999999999999,0.1927233636379242,0.004226733464747667,0.014844024553894997,,,1.0,normal
1397,20,scenario3_repeated_spike,SAC,50,1.0,0,0.060625,0.197,0.5,0.5,-0.1288125,0.5989909172058105,0.0038654005620628595,0.022390758618712425,,,1.0,normal
1398,20,scenario3_repeated_spike,SAC,50,0.0,1,0.09,0.11199999999999999,0.5,0.5,-0.10099999999999999,0.4319142997264862,0.004774774424731731,0.021779995411634445,,,1.0,normal
1399,20,scenario3_repeated_spike,SAC,50,1.0,0,0.060625,0.197,0.5,0.5,-0.1288125,0.5959518551826477,0.02805560827255249,0.04360213130712509,,,1.0,normal
1400,20,scenario3_repeated_spike,SAC,50,0.0,1,0.09,0.11199999999999999,0.5,0.5,-0.10099999999999999,0.6208090782165527,0.0028423205949366093,0.015866994857788086,,,1.0,normal
1401,20,scenario3_repeated_spike,SAC,50,1.0,0,0.060625,0.197,0.5,0.5,-0.1288125,0.33730265498161316,0.0010160000529140234,0.010325874201953411,,,1.0,normal
1402,20,scenario3_repeated_spike,SAC,50,0.0,1,0.09,0.11199999999999999,0.5,0.5,-0.10099999999999999,0.2926364243030548,0.011101881042122841,0.01966174505650997,,,1.0,normal
1403,20,scenario3_repeated_spike,SAC,50,0.0,1,0.09,0.11199999999999999,0.5,0.5,-0.10099999999999999,0.39709264039993286,0.0005645976634696126,0.0064915623515844345,,,1.0,normal
1404,20,scenario3_repeated_spike,SAC,50,1.0,0,0.060625,0.197,0.5,0.5,-0.1288125,0.34475022554397583,0.002017551101744175,0.013969099149107933,,,1.0,normal
1405,20,scenario3_repeated_spike,SAC,50,0.0,1,0.09,0.11199999999999999,0.5,0.5,-0.10099999999999999,0.45739707350730896,0.004429600667208433,0.017098989337682724,,,1.0,normal
1406,20,scenario3_repeated_spike,SAC,50,1.0,0,0.060625,0.197,0.5,0.5,-0.1288125,0.615181028842926,0.011521023698151112,0.0313522145152092,,,1.0,normal
1407,20,scenario3_repeated_spike,SAC,50,0.0,1,0.09,0.11199999999999999,0.5,0.5,-0.10099999999999999,0.5492125153541565,0.0014923097332939506,0.010948586277663708,,,1.0,normal
1408,20,scenario3_repeated_spike,SAC,50,0.0,1,0.09,0.11199999999999999,0.5,0.5,-0.10099999999999999,0.4681481122970581,0.0026727241929620504,0.01439241785556078,,,1.0,normal
1409,20,scenario3_repeated_spike,SAC,50,0.0,1,0.09,0.11199999999999999,0.5,0.5,-0.10099999999999999,0.42912933230400085,0.0010009818943217397,0.005604795180261135,,,1.0,normal
1410,20,scenario3_repeated_spike,SAC,50,1.0,0,0.060625,0.197,0.5,0.5,-0.1288125,0.839225172996521,0.0101286880671978,0.03486650064587593,,,1.0,normal
1411,20,scenario3_repeated_spike,SAC,50,1.9000000000000004,0,0.0611875,0.19790000000000002,0.5,0.5,-0.12954375,0.2606011629104614,0.004428470972925425,0.015372995287179947,,,1.0,normal
1412,20,scenario3_repeated_spike,SAC,50,0.0,1,0.09,0.11199999999999999,0.5,0.5,-0.10099999999999999,0.5057482719421387,0.009929168969392776,0.022399617359042168,,,1.0,normal
1413,20,scenario3_repeated_spike,SAC,50,0.0,1,0.09,0.11199999999999999,0.5,0.5,-0.10099999999999999,0.4561012387275696,0.0016112036537379026,0.012657405808568,,,1.0,normal
1414,20,scenario3_repeated_spike,SAC,50,0.0,1,0.09,0.11199999999999999,0.5,0.5,-0.10099999999999999,0.5223984122276306,0.0050543369725346565,0.022422563284635544,,,1.0,normal
1415,20,scenario3_repeated_spike,SAC,50,0.0,1,0.09,0.11199999999999999,0.5,0.5,-0.10099999999999999,0.2705884873867035,0.0011736054439097643,0.006847653072327375,,,1.0,normal
1416,20,scenario3_repeated_spike,SAC,50,1.0,0,0.060625,0.197,0.5,0.5,-0.1288125,0.27791184186935425,0.01026888843625784,0.022987471893429756,,,1.0,normal
1417,20,scenario3_repeated_spike,SAC,50,0.0,1,0.09,0.11199999999999999,0.5,0.5,-0.10099999999999999,0.5942139625549316,0.009904955513775349,0.03400757536292076,,,1.0,normal
1418,20,scenario3_repeated_spike,SAC,50,1.0,0,0.060625,0.197,0.5,0.5,-0.1288125,0.520415186882019,0.0062825339846313,0.02752171829342842,,,1.0,normal
1419,20,scenario3_repeated_spike,SAC,50,1.9000000000000004,0,0.0611875,0.19790000000000002,0.5,0.5,-0.12954375,0.4199555218219757,0.0016727475449442863,0.00880685355514288,,,1.0,normal
1420,20,scenario3_repeated_spike,SAC,50,2.710000000000001,0,0.061693750000000006,0.19871000000000003,0.5,0.5,-0.13020187500000002,0.40607738494873047,0.004811159800738096,0.020437130704522133,,,1.0,normal
1421,20,scenario3_repeated_spike,SAC,50,3.439,0,0.062149375,0.199439,0.5,0.5,-0.1307941875,0.7286184430122375,0.004845598246902227,0.020302431657910347,,,1.0,normal
1422,20,scenario3_repeated_spike,SAC,50,4.0951,0,0.06255943750000001,0.20009510000000003,0.5,0.5,-0.13132726875,0.19526641070842743,0.013403034768998623,0.025834202766418457,,,1.0,normal
1423,20,scenario3_repeated_spike,SAC,50,4.685590000000001,0,0.06292849375000001,0.20068559000000002,0.5,0.5,-0.13180704187500003,0.5172303915023804,0.023489341139793396,0.038642264902591705,,,1.0,normal
1424,20,scenario3_repeated_spike,SAC,50,5.217031000000002,0,0.063260644375,0.201217031,0.5,0.5,-0.1322388376875,0.44761955738067627,0.004319056402891874,0.022069087252020836,,,1.0,normal
1425,20,scenario3_repeated_spike,SAC,50,5.695327900000002,0,0.0635595799375,0.2016953279,0.5,0.5,-0.13262745391875,0.7089424729347229,0.002196401823312044,0.01642909087240696,,,1.0,normal
1426,20,scenario3_repeated_spike,SAC,50,6.125795110000002,0,0.06382862194375,0.20212579511,0.5,0.5,-0.132977208526875,0.7078484296798706,0.0014366675168275833,0.014736237935721874,,,1.0,normal
1427,20,scenario3_repeated_spike,SAC,50,6.513215599000002,0,0.064070759749375,0.202513215599,0.5,0.5,-0.1332919876741875,0.5592488050460815,0.0006779500981792808,0.008721641264855862,,,1.0,normal
1428,20,scenario3_repeated_spike,SAC,50,6.861894039100001,0,0.0642886837744375,0.20286189403910002,0.5,0.5,-0.13357528890676876,0.44759660959243774,0.007387612946331501,0.013596685603260994,,,1.0,normal
1429,20,scenario3_repeated_spike,SAC,50,1.1757046351900016,1,0.0904275289582509,0.11234202316660072,0.5,0.5,-0.10138477606242581,0.350136399269104,0.008737947791814804,0.01936359517276287,,,1.0,normal
1430,20,scenario3_repeated_spike,SAC,50,2.0581341716710018,0,0.06128633385729437,0.198058134171671,0.5,0.5,-0.1296722340144827,0.9112763404846191,0.005567450542002916,0.02624737098813057,,,1.0,normal
1431,20,scenario3_repeated_spike,SAC,50,2.8523207545039018,0,0.061782700471564936,0.1988523207545039,0.5,0.5,-0.13031751061303443,0.7422876358032227,0.002886006608605385,0.02077348902821541,,,1.0,normal
1432,20,scenario3_repeated_spike,SAC,50,0.0,1,0.09,0.11199999999999999,0.5,0.5,-0.10099999999999999,0.42929017543792725,0.0038404897786676884,0.012701953761279583,,,1.0,normal
1433,20,scenario3_repeated_spike,SAC,50,0.0,1,0.09,0.11199999999999999,0.5,0.5,-0.10099999999999999,0.37950649857521057,0.004661966115236282,0.020922277122735977,,,1.0,normal
1434,20,scenario3_repeated_spike,SAC,50,1.0,0,0.060625,0.197,0.5,0.5,-0.1288125,0.46843820810317993,0.005720109678804874,0.022472519427537918,,,1.0,normal
1435,20,scenario3_repeated_spike,SAC,50,1.9000000000000004,0,0.0611875,0.19790000000000002,0.5,0.5,-0.12954375,0.5968756675720215,0.0038363318890333176,0.02468624897301197,,,1.0,normal
1436,20,scenario3_repeated_spike,SAC,50,0.0,1,0.09,0.11199999999999999,0.5,0.5,-0.10099999999999999,0.7748486995697021,0.00599182303994894,0.030097657814621925,,,1.0,normal
1437,20,scenario3_repeated_spike,SAC,50,1.0,0,0.060625,0.197,0.5,0.5,-0.1288125,0.5585896968841553,0.00391001719981432,0.023393934592604637,,,1.0,normal
1438,20,scenario3_repeated_spike,SAC,50,0.0,1,0.09,0.11199999999999999,0.5,0.5,-0.10099999999999999,0.60819411277771,0.00121279526501894,0.013824294321238995,,,1.0,normal
1439,20,scenario3_repeated_spike,SAC,50,0.0,1,0.09,0.11199999999999999,0.5,0.5,-0.10099999999999999,0.45484888553619385,0.010029261000454426,0.023859146982431412,,,1.0,normal
1440,20,scenario3_repeated_spike,SAC,50,0.0,1,0.09,0.11199999999999999,0.5,0.5,-0.10099999999999999,0.4466487467288971,0.005447655450552702,0.02085093781352043,,,1.0,normal
1441,20,scenario3_repeated_spike,SAC,50,1.0,0,0.060625,0.197,0.5,0.5,-0.1288125,0.7240515947341919,0.0011690215906128287,0.010752825066447258,,,1.0,normal
1442,20,scenario3_repeated_spike,SAC,50,0.0,1,0.09,0.11199999999999999,0.5,0.5,-0.10099999999999999,0.7124954462051392,0.004010312259197235,0.023359354585409164,,,1.0,normal
1443,20,scenario3_repeated_spike,SAC,50,0.0,1,0.09,0.11199999999999999,0.5,0.5,-0.10099999999999999,0.4317570626735687,0.010386362671852112,0.02739061787724495,,,1.0,normal
1444,20,scenario3_repeated_spike,SAC,50,1.0,0,0.060625,0.197,0.5,0.5,-0.1288125,0.21804802119731903,0.0028350241482257843,0.01556544378399849,,,1.0,normal
1445,20,scenario3_repeated_spike,SAC,50,0.0,1,0.09,0.11199999999999999,0.5,0.5,-0.10099999999999999,0.5489107370376587,0.00040167802944779396,0.008475227281451225,,,1.0,normal
1446,20,scenario3_repeated_spike,SAC,50,1.0,0,0.060625,0.197,0.5,0.5,-0.1288125,0.4963717758655548,0.001937518478371203,0.016748808324337006,,,1.0,normal
1447,20,scenario3_repeated_spike,SAC,50,0.0,1,0.09,0.11199999999999999,0.5,0.5,-0.10099999999999999,0.1363067328929901,0.001518405508249998,0.008969660848379135,,,1.0,normal
1448,20,scenario3_repeated_spike,SAC,50,0.0,1,0.09,0.11199999999999999,0.5,0.5,-0.10099999999999999,0.39924147725105286,0.002275037346407771,0.013806893490254879,,,1.0,normal
1449,20,scenario3_repeated_spike,SAC,50,0.0,1,0.09,0.11199999999999999,0.5,0.5,-0.10099999999999999,0.45942121744155884,0.002667373977601528,0.01622088998556137,,,1.0,normal
1450,20,scenario3_repeated_spike,SAC,50,1.0,0,0.060625,0.197,0.5,0.5,-0.1288125,0.5994217395782471,0.003981415648013353,0.023572422564029694,,,1.0,normal
1451,20,scenario3_repeated_spike,SAC,50,0.0,1,0.09,0.11199999999999999,0.5,0.5,-0.10099999999999999,0.24456852674484253,0.006230281665921211,0.021002521738409996,,,1.0,normal
1452,20,scenario3_repeated_spike,SAC,50,1.0,0,0.060625,0.197,0.5,0.5,-0.1288125,0.4029015898704529,0.0015997751615941525,0.009156794287264347,,,1.0,normal
1453,20,scenario3_repeated_spike,SAC,50,0.0,1,0.09,0.11199999999999999,0.5,0.5,-0.10099999999999999,0.31856444478034973,0.0005885837599635124,0.007721893023699522,,,1.0,normal
1454,20,scenario3_repeated_spike,SAC,50,1.0,0,0.060625,0.197,0.5,0.5,-0.1288125,0.4413692355155945,0.0020638504065573215,0.01106899045407772,,,1.0,normal
1455,20,scenario3_repeated_spike,SAC,50,1.9000000000000004,0,0.0611875,0.19790000000000002,0.5,0.5,-0.12954375,0.6418464779853821,0.002302848733961582,0.0181573573499918,,,1.0,normal
1456,20,scenario3_repeated_spike,SAC,50,0.0,1,0.09,0.11199999999999999,0.5,0.5,-0.10099999999999999,0.675552248954773,0.004113065078854561,0.0198330320417881,,,1.0,normal
1457,20,scenario3_repeated_spike,SAC,50,1.0,0,0.060625,0.197,0.5,0.5,-0.1288125,0.45499053597450256,0.003965294919908047,0.01629711128771305,,,1.0,normal
1458,20,scenario3_repeated_spike,SAC,50,1.9000000000000004,0,0.0611875,0.19790000000000002,0.5,0.5,-0.12954375,0.8349113464355469,0.005458029452711344,0.019895249977707863,,,1.0,normal
1459,20,scenario3_repeated_spike,SAC,50,2.710000000000001,0,0.061693750000000006,0.19871000000000003,0.5,0.5,-0.13020187500000002,0.2882956564426422,0.004330448806285858,0.02039576694369316,,,1.0,normal
1460,20,scenario3_repeated_spike,SAC,50,0.0,1,0.09,0.11199999999999999,0.5,0.5,-0.10099999999999999,0.4394156038761139,0.00513619277626276,0.020832354202866554,,,1.0,normal
1461,20,scenario3_repeated_spike,SAC,50,0.0,1,0.09,0.11199999999999999,0.5,0.5,-0.10099999999999999,0.34407204389572144,0.0048799533396959305,0.02430378645658493,,,1.0,normal
1462,20,scenario3_repeated_spike,SAC,50,1.0,0,0.060625,0.197,0.5,0.5,-0.1288125,0.6516207456588745,0.0077000027522444725,0.03142464533448219,,,1.0,normal
1463,20,scenario3_repeated_spike,SAC,50,0.0,1,0.09,0.11199999999999999,0.5,0.5,-0.10099999999999999,0.8318312168121338,0.009706910699605942,0.03944795951247215,,,1.0,normal
1464,20,scenario3_repeated_spike,SAC,50,0.0,1,0.09,0.11199999999999999,0.5,0.5,-0.10099999999999999,0.7915353775024414,0.0027093123644590378,0.019752511754631996,,,1.0,normal
1465,20,scenario3_repeated_spike,SAC,50,0.0,1,0.09,0.11199999999999999,0.5,0.5,-0.10099999999999999,0.9280630946159363,0.007413968443870544,0.02992771938443184,,,1.0,normal
1466,20,scenario3_repeated_spike,SAC,50,0.0,1,0.09,0.11199999999999999,0.5,0.5,-0.10099999999999999,0.5314497947692871,0.005186235532164574,0.02057461254298687,,,1.0,normal
1467,20,scenario3_repeated_spike,SAC,50,0.0,1,0.09,0.11199999999999999,0.5,0.5,-0.10099999999999999,0.6936399936676025,0.0054184384644031525,0.02724558115005493,,,1.0,normal
1468,20,scenario3_repeated_spike,SAC,50,1.0,0,0.060625,0.197,0.5,0.5,-0.1288125,0.5771832466125488,0.003727377625182271,0.02229619212448597,,,1.0,normal
1469,20,scenario3_repeated_spike,SAC,50,0.0,1,0.09,0.11199999999999999,0.5,0.5,-0.10099999999999999,0.6166856288909912,0.0028270073235034943,0.017359742894768715,,,1.0,normal
1470,20,scenario3_repeated_spike,SAC,50,0.0,1,0.09,0.11199999999999999,0.5,0.5,-0.10099999999999999,0.1528642177581787,0.003374742344021797,0.014988056384027004,,,1.0,normal
1471,20,scenario3_repeated_spike,SAC,50,1.0,0,0.060625,0.197,0.5,0.5,-0.1288125,0.5329820513725281,0.015442470088601112,0.039323337376117706,,,1.0,normal
1472,20,scenario3_repeated_spike,SAC,50,0.0,1,0.09,0.11199999999999999,0.5,0.5,-0.10099999999999999,0.45888224244117737,0.009571502916514874,0.030202016234397888,,,1.0,normal
1473,20,scenario3_repeated_spike,SAC,50,0.0,1,0.09,0.11199999999999999,0.5,0.5,-0.10099999999999999,0.8822215795516968,0.006149430759251118,0.02763030119240284,,,1.0,normal
1474,20,scenario3_repeated_spike,SAC,50,1.0,0,0.060625,0.197,0.5,0.5,-0.1288125,0.5775638818740845,0.004903899040073156,0.024834860116243362,,,1.0,normal
1475,20,scenario3_repeated_spike,SAC,50,1.9000000000000004,0,0.0611875,0.19790000000000002,0.5,0.5,-0.12954375,0.6736634969711304,0.011333925649523735,0.04052896425127983,,,1.0,normal
1476,20,scenario3_repeated_spike,SAC,50,0.0,1,0.09,0.11199999999999999,0.5,0.5,-0.10099999999999999,0.6426539421081543,0.012850000523030758,0.037848785519599915,,,1.0,normal
1477,20,scenario3_repeated_spike,SAC,50,1.0,0,0.060625,0.197,0.5,0.5,-0.1288125,0.5091903805732727,0.0003891570959240198,0.008299066685140133,,,1.0,normal
1478,20,scenario3_repeated_spike,SAC,50,1.9000000000000004,0,0.0611875,0.19790000000000002,0.5,0.5,-0.12954375,0.39514344930648804,0.004546715412288904,0.022241031751036644,,,1.0,normal
1479,20,scenario3_repeated_spike,SAC,50,0.0,1,0.09,0.11199999999999999,0.5,0.5,-0.10099999999999999,0.5342699289321899,0.009209943935275078,0.027112893760204315,,,1.0,normal
1480,20,scenario3_repeated_spike,SAC,50,1.0,0,0.060625,0.197,0.5,0.5,-0.1288125,0.5716054439544678,0.014060979709029198,0.039846401661634445,,,1.0,normal
1481,20,scenario3_repeated_spike,SAC,50,1.9000000000000004,0,0.0611875,0.19790000000000002,0.5,0.5,-0.12954375,0.5156421661376953,0.007908067665994167,0.029621204361319542,,,1.0,normal
1482,20,scenario3_repeated_spike,SAC,50,0.0,1,0.09,0.11199999999999999,0.5,0.5,-0.10099999999999999,0.6688537001609802,0.005278334021568298,0.027425667271018028,,,1.0,normal
1483,20,scenario3_repeated_spike,SAC,50,0.0,1,0.09,0.11199999999999999,0.5,0.5,-0.10099999999999999,0.5571154356002808,0.0043069845996797085,0.019225243479013443,,,1.0,normal
1484,20,scenario3_repeated_spike,SAC,50,0.0,1,0.09,0.11199999999999999,0.5,0.5,-0.10099999999999999,0.5029953718185425,0.003142616944387555,0.018253564834594727,,,1.0,normal
1485,20,scenario3_repeated_spike,SAC,50,0.0,1,0.09,0.11199999999999999,0.5,0.5,-0.10099999999999999,0.7681553959846497,0.00029293357511051,0.007694627158343792,,,1.0,normal
1486,20,scenario3_repeated_spike,SAC,50,1.0,0,0.060625,0.197,0.5,0.5,-0.1288125,0.3231812119483948,0.005065768491476774,0.019391287118196487,,,1.0,normal
1487,20,scenario3_repeated_spike,SAC,50,0.0,1,0.09,0.11199999999999999,0.5,0.5,-0.10099999999999999,0.38194918632507324,0.006127803586423397,0.020517274737358093,,,1.0,normal
1488,20,scenario3_repeated_spike,SAC,50,1.0,0,0.060625,0.197,0.5,0.5,-0.1288125,0.4494905173778534,0.00588984927162528,0.020591475069522858,,,1.0,normal
1489,20,scenario3_repeated_spike,SAC,50,0.0,1,0.09,0.11199999999999999,0.5,0.5,-0.10099999999999999,0.5017203092575073,0.008070646785199642,0.02347724139690399,,,1.0,normal
1490,20,scenario3_repeated_spike,SAC,50,0.0,1,0.09,0.11199999999999999,0.5,0.5,-0.10099999999999999,0.5048385858535767,0.010172457434237003,0.021190203726291656,,,1.0,normal
1491,20,scenario3_repeated_spike,SAC,50,0.0,1,0.09,0.11199999999999999,0.5,0.5,-0.10099999999999999,0.5598739981651306,0.004218029323965311,0.022921601310372353,,,1.0,normal
1492,20,scenario3_repeated_spike,SAC,50,0.0,1,0.09,0.11199999999999999,0.5,0.5,-0.10099999999999999,0.4026277959346771,0.005606071092188358,0.020634552463889122,,,1.0,normal
1493,20,scenario3_repeated_spike,SAC,50,0.0,1,0.09,0.11199999999999999,0.5,0.5,-0.10099999999999999,0.26066523790359497,0.004650350660085678,0.01774473860859871,,,1.0,normal
1494,20,scenario3_repeated_spike,SAC,50,1.0,0,0.060625,0.197,0.5,0.5,-0.1288125,0.36546602845191956,0.009077604860067368,0.030380036681890488,,,1.0,normal
1495,20,scenario3_repeated_spike,SAC,50,1.9000000000000004,0,0.0611875,0.19790000000000002,0.5,0.5,-0.12954375,0.6353696584701538,0.015620691701769829,0.04698190465569496,,,1.0,normal
1496,20,scenario3_repeated_spike,SAC,50,2.710000000000001,0,0.061693750000000006,0.19871000000000003,0.5,0.5,-0.13020187500000002,0.6648783087730408,0.013090410269796848,0.034436482936143875,,,1.0,normal
1497,20,scenario3_repeated_spike,SAC,50,0.0,1,0.09,0.11199999999999999,0.5,0.5,-0.10099999999999999,0.5439541935920715,0.0033815158531069756,0.02168411761522293,,,1.0,normal
1498,20,scenario3_repeated_spike,SAC,50,1.0,0,0.060625,0.197,0.5,0.5,-0.1288125,0.4369913339614868,0.0007702138973399997,0.010630260221660137,,,1.0,normal
1499,20,scenario3_repeated_spike,SAC,50,0.0,1,0.09,0.11199999999999999,0.5,0.5,-0.10099999999999999,0.4082507789134979,0.005806509405374527,0.02689511701464653,,,1.0,normal
1500,20,scenario3_repeated_spike,SAC,150,19.0,0,0.091875,0.44699999999999995,0.5,0.5,-0.2694375,0.4261710047721863,0.007163666188716888,0.02822110801935196,,,1.0,spike
1501,20,scenario3_repeated_spike,SAC,150,36.1,0,0.1025625,0.4641,0.5,0.5,-0.28333125000000003,0.20837458968162537,0.0011510768672451377,0.009374809451401234,,,1.0,spike
1502,20,scenario3_repeated_spike,SAC,150,51.49,0,0.11218125000000001,0.47949,0.5,0.5,-0.29583562500000005,0.5857235193252563,0.007336062379181385,0.030497346073389053,,,1.0,spike
1503,20,scenario3_repeated_spike,SAC,150,65.34100000000001,0,0.120838125,0.49334100000000003,0.5,0.5,-0.3070895625,0.34252068400382996,0.012464430183172226,0.03676382452249527,,,1.0,spike
1504,20,scenario3_repeated_spike,SAC,150,77.80690000000001,0,0.1286293125,0.5058069000000001,0.5,0.5,-0.31721810625,0.7855662107467651,0.014634652063250542,0.0433138832449913,,,1.0,spike
1505,20,scenario3_repeated_spike,SAC,150,83.02621000000002,1,0.1401913490909091,0.2321530792727273,0.5,0.5,-0.1861722141818182,0.47881025075912476,0.010075168684124947,0.03095429390668869,,,1.0,spike
1506,20,scenario3_repeated_spike,SAC,150,87.72358900000002,1,0.1418994869090909,0.23351958952727275,0.5,0.5,-0.18770953821818182,0.4867822527885437,0.002994522685185075,0.01900310628116131,,,1.0,spike
1507,20,scenario3_repeated_spike,SAC,150,91.95123010000002,1,0.14343681094545457,0.23474944875636367,0.5,0.5,-0.18909312985090912,0.26809781789779663,0.01805407926440239,0.0249863900244236,,,1.0,spike
1508,20,scenario3_repeated_spike,SAC,150,101.75610709000001,0,0.14359756693125,0.52975610709,0.5,0.5,-0.336676837010625,0.37574881315231323,0.0048791030421853065,0.023151392117142677,,,1.0,spike
1509,20,scenario3_repeated_spike,SAC,150,110.58049638100002,0,0.14911281023812503,0.538580496381,0.5,0.5,-0.34384665330956254,0.21801556646823883,0.002622541505843401,0.013488855212926865,,,1.0,spike
1510,20,scenario3_repeated_spike,SAC,150,118.52244674290002,0,0.15407652921431253,0.5465224467429001,0.5,0.5,-0.3502994879786063,0.5730777382850647,0.0021187562961131334,0.016691653057932854,,,1.0,spike
1511,20,scenario3_repeated_spike,SAC,150,125.67020206861002,0,0.15854387629288128,0.5536702020686101,0.5,0.5,-0.35610703918074565,0.6143691539764404,0.01877252571284771,0.027867984026670456,,,1.0,spike
1512,20,scenario3_repeated_spike,SAC,150,132.10318186174902,0,0.16256448866359316,0.560103181861749,0.5,0.5,-0.3613338352626711,0.43593522906303406,0.0015067007625475526,0.013275026343762875,,,1.0,spike
1513,20,scenario3_repeated_spike,SAC,150,137.89286367557412,0,0.16618303979723384,0.5658928636755741,0.5,0.5,-0.36603795173640397,0.3466888964176178,0.0009790458716452122,0.010929113253951073,,,1.0,spike
1514,20,scenario3_repeated_spike,SAC,150,143.10357730801672,0,0.16943973581751048,0.5711035773080168,0.5,0.5,-0.3702716565627636,0.5966154336929321,0.003574325703084469,0.022114725783467293,,,1.0,spike
1515,20,scenario3_repeated_spike,SAC,150,147.79321957721507,0,0.17237076223575942,0.5757932195772151,0.5,0.5,-0.37408199090648725,0.5419514775276184,0.021446146070957184,0.03318342566490173,,,1.0,spike
1516,20,scenario3_repeated_spike,SAC,150,152.01389761949358,0,0.1750086860121835,0.5800138976194936,0.5,0.5,-0.37751129181583853,0.611426055431366,0.0021902474109083414,0.016610249876976013,,,1.0,spike
1517,20,scenario3_repeated_spike,SAC,150,155.81250785754423,0,0.17738281741096518,0.5838125078575442,0.5,0.5,-0.3805976626342547,0.5475457906723022,0.0018653379520401359,0.01686272956430912,,,1.0,spike
1518,20,scenario3_repeated_spike,SAC,150,159.23125707178983,0,0.17951953566986867,0.5872312570717899,0.5,0.5,-0.3833753963708293,0.5697468519210815,0.01405462995171547,0.028490595519542694,,,1.0,spike
1519,20,scenario3_repeated_spike,SAC,150,162.30813136461086,0,0.1814425821028818,0.5903081313646109,0.5,0.5,-0.38587535673374634,0.7391311526298523,0.004847320728003979,0.029241599142551422,,,1.0,spike
1520,20,scenario3_repeated_spike,SAC,150,159.07731822814978,1,0.167846297537509,0.25427703803000723,0.5,0.5,-0.21106166778375812,0.4252701997756958,0.018566997721791267,0.03297879919409752,,,1.0,spike
1521,20,scenario3_repeated_spike,SAC,150,156.1695864053348,1,0.16678894051103083,0.2534311524088247,0.5,0.5,-0.21011004645992776,0.05955103412270546,0.006211705505847931,0.019371481612324715,,,1.0,spike
1522,20,scenario3_repeated_spike,SAC,150,153.55262776480131,1,0.1658373191872005,0.2526698553497604,0.5,0.5,-0.20925358726848042,0.878317654132843,0.007055468857288361,0.03089670091867447,,,1.0,spike
1523,20,scenario3_repeated_spike,SAC,150,151.1973649883212,1,0.16498085999575315,0.25198468799660256,0.5,0.5,-0.20848277399617787,0.5202605724334717,0.0044751595705747604,0.025262946262955666,,,1.0,spike
1524,20,scenario3_repeated_spike,SAC,150,149.0776284894891,1,0.16421004672345058,0.25136803737876046,0.5,0.5,-0.20778904205110552,1.1603087186813354,0.04065205156803131,0.06674686819314957,,,1.0,spike
1525,20,scenario3_repeated_spike,SAC,150,147.1698656405402,1,0.16351631477837827,0.25081305182270264,0.5,0.5,-0.20716468330054044,0.48591917753219604,0.010607684031128883,0.03558703511953354,,,1.0,spike
1526,20,scenario3_repeated_spike,SAC,150,145.45287907648617,1,0.16289195602781317,0.25031356482225053,0.5,0.5,-0.20660276042503184,0.3820772171020508,0.0038072385359555483,0.020847084000706673,,,1.0,spike
1527,20,scenario3_repeated_spike,SAC,150,143.90759116883757,1,0.16233003315230454,0.24986402652184364,0.5,0.5,-0.2060970298370741,1.1559147834777832,0.015743277966976166,0.04222070053219795,,,1.0,spike
1528,20,scenario3_repeated_spike,SAC,150,142.51683205195383,1,0.16182430256434685,0.24945944205147752,0.5,0.5,-0.2056418723079122,0.7869384288787842,0.013818154111504555,0.04222268611192703,,,1.0,spike
1529,20,scenario3_repeated_spike,SAC,150,141.26514884675845,1,0.1613691450351849,0.24909531602814794,0.5,0.5,-0.20523223053166642,0.8748151063919067,0.02991502732038498,0.05628613382577896,,,1.0,spike
1530,20,scenario3_repeated_spike,SAC,150,140.13863396208262,1,0.16095950325893912,0.2487676026071513,0.5,0.5,-0.2048635529330452,0.19835364818572998,0.013549860566854477,0.02491011656820774,,,1.0,spike
1531,20,scenario3_repeated_spike,SAC,150,139.12477056587437,1,0.160590825660318,0.2484726605282544,0.5,0.5,-0.20453174309428618,0.822242021560669,0.03536645323038101,0.0610070638358593,,,1.0,spike
1532,20,scenario3_repeated_spike,SAC,150,138.21229350928695,1,0.16025901582155888,0.2482072126572471,0.5,0.5,-0.204233114239403,0.3337751030921936,0.004942999221384525,0.024520810693502426,,,1.0,spike
1533,20,scenario3_repeated_spike,SAC,150,137.39106415835826,1,0.15996038696667572,0.2479683095733406,0.5,0.5,-0.20396434827000814,0.8919998407363892,0.022707317024469376,0.03808574378490448,,,1.0,spike
1534,20,scenario3_repeated_spike,SAC,150,136.65195774252243,1,0.15969162099728088,0.2477532967978247,0.5,0.5,-0.2037224588975528,0.9710865020751953,0.026353832334280014,0.056312352418899536,,,1.0,spike
1535,20,scenario3_repeated_spike,SAC,150,135.98676196827017,1,0.1594497316248255,0.24755978529986045,0.5,0.5,-0.20350475846234298,0.8742281198501587,0.01849309168756008,0.046914905309677124,,,1.0,spike
1536,20,scenario3_repeated_spike,SAC,150,135.38808577144317,1,0.1592320311896157,0.24738562495169258,0.5,0.5,-0.20330882807065415,0.34983375668525696,0.01571447029709816,0.03480115532875061,,,1.0,spike
1537,20,scenario3_repeated_spike,SAC,150,134.84927719429885,1,0.15903610079792685,0.24722888063834147,0.5,0.5,-0.20313249071813416,0.5389755368232727,0.0051036616787314415,0.024079512804746628,,,1.0,spike
1538,20,scenario3_repeated_spike,SAC,150,134.36434947486896,1,0.15885976344540692,0.24708781075632558,0.5,0.5,-0.20297378710086625,0.9993086457252502,0.060164373368024826,0.0607198029756546,,,1.0,spike
1539,20,scenario3_repeated_spike,SAC,150,133.9279145273821,1,0.15870105982813892,0.24696084786251116,0.5,0.5,-0.20283095384532504,0.5133230090141296,0.014475861564278603,0.034318480640649796,,,1.0,spike
1540,20,scenario3_repeated_spike,SAC,150,133.53512307464388,1,0.15855822657259777,0.24684658125807823,0.5,0.5,-0.202702403915338,0.8359677791595459,0.03723195940256119,0.06491012126207352,,,1.0,spike
1541,20,scenario3_repeated_spike,SAC,150,133.1816107671795,1,0.15842967664261073,0.2467437413140886,0.5,0.5,-0.20258670897834968,0.6532476544380188,0.026019182056188583,0.05331148952245712,,,1.0,spike
1542,20,scenario3_repeated_spike,SAC,150,132.86344969046155,1,0.1583139817056224,0.24665118536449793,0.5,0.5,-0.20248258353506016,0.8722090721130371,0.009786510840058327,0.03871050849556923,,,1.0,spike
1543,20,scenario3_repeated_spike,SAC,150,132.5771047214154,1,0.1582098562623329,0.24656788500986632,0.5,0.5,-0.20238887063609962,0.8978298902511597,0.0033215400762856007,0.021329471841454506,,,1.0,spike
1544,20,scenario3_repeated_spike,SAC,150,132.31939424927384,1,0.15811614336337232,0.2464929146906979,0.5,0.5,-0.2023045290270351,0.8199599981307983,0.0223270021378994,0.049602724611759186,,,1.0,spike
1545,20,scenario3_repeated_spike,SAC,150,132.08745482434648,1,0.15803180175430784,0.2464254414034463,0.5,0.5,-0.20222862157887705,0.9264640808105469,0.03164013847708702,0.047809354960918427,,,1.0,spike
1546,20,scenario3_repeated_spike,SAC,150,131.87870934191182,1,0.15795589430614976,0.24636471544491984,0.5,0.5,-0.2021603048755348,0.800505518913269,0.010692327283322811,0.03244540095329285,,,1.0,spike
1547,20,scenario3_repeated_spike,SAC,150,131.69083840772063,1,0.1578875776028075,0.24631006208224604,0.5,0.5,-0.20209881984252676,0.6678624749183655,0.004537384025752544,0.011819859966635704,,,1.0,spike
1548,20,scenario3_repeated_spike,SAC,150,131.52175456694857,1,0.1578260925697995,0.24626087405583963,0.5,0.5,-0.20204348331281957,0.512868344783783,0.01127944141626358,0.03263102471828461,,,1.0,spike
1549,20,scenario3_repeated_spike,SAC,150,131.3695791102537,1,0.15777075604009227,0.24621660483207386,0.5,0.5,-0.20199368043608307,0.6803591251373291,0.025659484788775444,0.04986667260527611,,,1.0,spike
1550,20,scenario3_repeated_spike,SAC,150,131.23262119922833,1,0.15772095316335577,0.24617676253068466,0.5,0.5,-0.2019488578470202,0.9482935667037964,0.02884589694440365,0.05596882104873657,,,1.0,spike
1551,20,scenario3_repeated_spike,SAC,150,131.1093590793055,1,0.15767613057429292,0.24614090445943437,0.5,0.5,-0.20190851751686364,0.6084262132644653,0.01589273288846016,0.034076400101184845,,,1.0,spike
1552,20,scenario3_repeated_spike,SAC,150,130.99842317137495,1,0.15763579024413635,0.2461086321953091,0.5,0.5,-0.2018722112197227,0.5795978307723999,0.006893419660627842,0.024024900048971176,,,1.0,spike
1553,20,scenario3_repeated_spike,SAC,150,130.89858085423748,1,0.15759948394699547,0.24607958715759637,0.5,0.5,-0.20183953555229592,0.4046771824359894,0.007767272647470236,0.02375677600502968,,,1.0,spike
1554,20,scenario3_repeated_spike,SAC,150,130.80872276881374,1,0.15756680827956865,0.24605344662365491,0.5,0.5,-0.20181012745161178,0.8152459263801575,0.013064219616353512,0.04299062117934227,,,1.0,spike
1555,20,scenario3_repeated_spike,SAC,150,130.72785049193237,1,0.1575374001788845,0.24602992014310765,0.5,0.5,-0.20178366016099608,0.4042730927467346,0.008759792894124985,0.030708953738212585,,,1.0,spike
1556,20,scenario3_repeated_spike,SAC,150,130.65506544273916,1,0.1575109328882688,0.2460087463106151,0.5,0.5,-0.20175983959944194,0.74115389585495,0.021736282855272293,0.036676906049251556,,,1.0,spike
1557,20,scenario3_repeated_spike,SAC,150,136.58955889846524,0,0.16536847431154078,0.5645895588984653,0.5,0.5,-0.36497901660500304,0.8632200956344604,0.035265032202005386,0.03514184057712555,,,1.0,spike
1558,20,scenario3_repeated_spike,SAC,150,135.93060300861873,1,0.15942931018495227,0.2475434481479618,0.5,0.5,-0.20348637916645704,0.6002021431922913,0.030883315950632095,0.043153755366802216,,,1.0,spike
1559,20,scenario3_repeated_spike,SAC,150,135.33754270775688,1,0.15921365189372977,0.24737092151498385,0.5,0.5,-0.2032922867043568,0.6179553866386414,0.007959328591823578,0.03178954869508743,,,1.0,spike
1560,20,scenario3_repeated_spike,SAC,150,134.8037884369812,1,0.15901955943162954,0.24721564754530367,0.5,0.5,-0.2031176034884666,0.7088907361030579,0.023521974682807922,0.040241919457912445,,,1.0,spike
1561,20,scenario3_repeated_spike,SAC,150,134.3234095932831,1,0.1588448762157393,0.24707590097259147,0.5,0.5,-0.20296038859416538,0.86353999376297,0.012448904104530811,0.0360318198800087,,,1.0,spike
1562,20,scenario3_repeated_spike,SAC,150,133.89106863395477,1,0.1586876613214381,0.24695012905715052,0.5,0.5,-0.2028188951892943,0.542759358882904,0.03598789870738983,0.0527634359896183,,,1.0,spike
1563,20,scenario3_repeated_spike,SAC,150,133.50196177055932,1,0.15854616791656703,0.24683693433325365,0.5,0.5,-0.20269155112491033,0.8177957534790039,0.06805402040481567,0.08378046005964279,,,1.0,spike
1564,20,scenario3_repeated_spike,SAC,150,139.1517655935034,0,0.16696985349593962,0.5671517655935034,0.5,0.5,-0.36706080954472153,0.9449514150619507,0.046264976263046265,0.0728827714920044,,,1.0,spike
1565,20,scenario3_repeated_spike,SAC,150,138.23658903415304,1,0.16026785055787382,0.24821428044629906,0.5,0.5,-0.20424106550208643,0.7731797099113464,0.018637636676430702,0.04757031053304672,,,1.0,spike
1566,20,scenario3_repeated_spike,SAC,150,137.41293013073772,1,0.15996833822935919,0.24797467058348738,0.5,0.5,-0.20397150440642328,1.0948740243911743,0.027203913778066635,0.06668590009212494,,,1.0,spike
1567,20,scenario3_repeated_spike,SAC,150,142.67163711766395,0,0.16916977319853999,0.570671637117664,0.5,0.5,-0.369920705158102,1.016971230506897,0.034200020134449005,0.06138716638088226,,,1.0,spike
1568,20,scenario3_repeated_spike,SAC,150,141.40447340589756,1,0.1614198085112355,0.24913584680898843,0.5,0.5,-0.20527782766011196,0.7315688133239746,0.025143496692180634,0.05384206771850586,,,1.0,spike
1569,20,scenario3_repeated_spike,SAC,150,146.2640260653078,0,0.1714150162908174,0.5742640260653078,0.5,0.5,-0.3728395211780626,0.8265103697776794,0.02425403892993927,0.052685581147670746,,,1.0,spike
1570,20,scenario3_repeated_spike,SAC,150,150.63762345877703,0,0.17414851466173564,0.578637623458777,0.5,0.5,-0.3763930690602563,0.6446221470832825,0.044674985110759735,0.07145103812217712,,,1.0,spike
1571,20,scenario3_repeated_spike,SAC,150,148.57386111289932,1,0.16402685858650884,0.2512214868692071,0.5,0.5,-0.20762417272785796,0.6815961003303528,0.04159434139728546,0.07070216536521912,,,1.0,spike
1572,20,scenario3_repeated_spike,SAC,150,146.71647500160938,1,0.16335144545513067,0.25068115636410454,0.5,0.5,-0.2070163009096176,0.6926752328872681,0.048816122114658356,0.07445161789655685,,,1.0,spike
1573,20,scenario3_repeated_spike,SAC,150,151.04482750144845,0,0.1744030171884053,0.5790448275014485,0.5,0.5,-0.3767239223449269,1.0255684852600098,0.026639888063073158,0.06021305173635483,,,1.0,spike
1574,20,scenario3_repeated_spike,SAC,150,154.9403447513036,0,0.17683771546956475,0.5829403447513036,0.5,0.5,-0.3798890301104342,0.6769858598709106,0.011528074741363525,0.03497590124607086,,,1.0,spike
1575,20,scenario3_repeated_spike,SAC,150,152.44631027617325,1,0.16543502191860845,0.2523480175348868,0.5,0.5,-0.20889151972674763,0.7775207757949829,0.02608763799071312,0.051478102803230286,,,1.0,spike
1576,20,scenario3_repeated_spike,SAC,150,150.20167924855593,1,0.16461879245402034,0.2516950339632163,0.5,0.5,-0.20815691320861832,0.6068487167358398,0.017435431480407715,0.04412665218114853,,,1.0,spike
1577,20,scenario3_repeated_spike,SAC,150,148.18151132370033,1,0.16388418593589102,0.2511073487487128,0.5,0.5,-0.2074957673423019,0.8970253467559814,0.012538273818790913,0.04366268962621689,,,1.0,spike
1578,20,scenario3_repeated_spike,SAC,150,146.36336019133032,1,0.16322304006957467,0.25057843205565977,0.5,0.5,-0.20690073606261722,0.7103080749511719,0.009094000793993473,0.016902536153793335,,,1.0,spike
1579,20,scenario3_repeated_spike,SAC,150,144.72702417219728,1,0.1626280087898899,0.25010240703191194,0.5,0.5,-0.2063652079109009,0.4358280897140503,0.011735019274055958,0.03326050192117691,,,1.0,spike
1580,20,scenario3_repeated_spike,SAC,150,143.25432175497755,1,0.16209248063817366,0.24967398451053896,0.5,0.5,-0.2058832325743563,0.7337124943733215,0.03595031797885895,0.06406490504741669,,,1.0,spike
1581,20,scenario3_repeated_spike,SAC,150,141.9288895794798,1,0.16161050530162904,0.24928840424130327,0.5,0.5,-0.20544945477146614,0.7986651659011841,0.03838205337524414,0.06507326662540436,,,1.0,spike
1582,20,scenario3_repeated_spike,SAC,150,140.73600062153184,1,0.16117672749873888,0.24894138199899113,0.5,0.5,-0.205059054748865,0.7016028165817261,0.008515998721122742,0.028916390612721443,,,1.0,spike
1583,20,scenario3_repeated_spike,SAC,150,139.66240055937868,1,0.16078632747613772,0.24862906198091017,0.5,0.5,-0.20470769472852396,0.6172918677330017,0.013301697559654713,0.03267990052700043,,,1.0,spike
1584,20,scenario3_repeated_spike,SAC,150,138.6961605034408,1,0.16043496745579666,0.24834797396463737,0.5,0.5,-0.20439147071021702,1.2723995447158813,0.03769076615571976,0.07800545543432236,,,1.0,spike
1585,20,scenario3_repeated_spike,SAC,150,137.82654445309674,1,0.16011874343748972,0.2480949947499918,0.5,0.5,-0.20410686909374076,0.5096479654312134,0.034442391246557236,0.06049838662147522,,,1.0,spike
1586,20,scenario3_repeated_spike,SAC,150,143.04389000778707,0,0.16940243125486693,0.5710438900077871,0.5,0.5,-0.370223160631327,0.9720593690872192,0.011738965287804604,0.04327481612563133,,,1.0,spike
1587,20,scenario3_repeated_spike,SAC,150,141.73950100700836,1,0.16154163672982122,0.24923330938385702,0.5,0.5,-0.20538747305683913,0.8807312846183777,0.022134918719530106,0.0375950001180172,,,1.0,spike
1588,20,scenario3_repeated_spike,SAC,150,140.56555090630752,1,0.16111474578411183,0.2488917966272895,0.5,0.5,-0.20500327120570067,0.677417516708374,0.029420319944620132,0.052715979516506195,,,1.0,spike
1589,20,scenario3_repeated_spike,SAC,150,139.50899581567677,1,0.16073054393297337,0.24858443514637873,0.5,0.5,-0.20465748953967605,0.3931756913661957,0.030939387157559395,0.05442836880683899,,,1.0,spike
1590,20,scenario3_repeated_spike,SAC,150,144.5580962341091,0,0.1703488101463182,0.5725580962341091,0.5,0.5,-0.37145345319021367,0.9575555324554443,0.05297081544995308,0.08608593046665192,,,1.0,spike
1591,20,scenario3_repeated_spike,SAC,150,143.10228661069817,1,0.16203719513116296,0.24962975610493038,0.5,0.5,-0.20583347561804666,0.6461642980575562,0.03516731411218643,0.06627817451953888,,,1.0,spike
1592,20,scenario3_repeated_spike,SAC,150,141.79205794962837,1,0.16156074834531942,0.24924859867625554,0.5,0.5,-0.20540467351078748,0.8258506059646606,0.017653439193964005,0.04974653944373131,,,1.0,spike
1593,20,scenario3_repeated_spike,SAC,150,140.61285215466552,1,0.16113194623806018,0.24890555699044814,0.5,0.5,-0.20501875161425415,0.26194170117378235,0.0012011744547635317,0.013454962521791458,,,1.0,spike
1594,20,scenario3_repeated_spike,SAC,150,139.55156693919895,1,0.16074602434152688,0.24859681947322154,0.5,0.5,-0.2046714219073742,0.5920982956886292,0.009693131782114506,0.035897769033908844,,,1.0,spike
1595,20,scenario3_repeated_spike,SAC,150,144.59641024527906,0,0.1703727564032994,0.5725964102452791,0.5,0.5,-0.37148458332428924,0.6690838932991028,0.02283577248454094,0.051625847816467285,,,1.0,spike
1596,20,scenario3_repeated_spike,SAC,150,143.13676922075115,1,0.16204973426209132,0.24963978740967308,0.5,0.5,-0.2058447608358822,0.9693956971168518,0.022586334496736526,0.0539502277970314,,,1.0,spike
1597,20,scenario3_repeated_spike,SAC,150,141.82309229867604,1,0.16157203356315492,0.24925762685052394,0.5,0.5,-0.20541483020683943,0.6568679809570312,0.0029797153547406197,0.01964395120739937,,,1.0,spike
1598,20,scenario3_repeated_spike,SAC,150,140.64078306880845,1,0.16114210293411216,0.24891368234728972,0.5,0.5,-0.20502789264070093,0.9198497533798218,0.028134062886238098,0.052473753690719604,,,1.0,spike
1599,20,scenario3_repeated_spike,SAC,150,139.5767047619276,1,0.16075516536797366,0.24860413229437894,0.5,0.5,-0.2046796488311763,0.9156068563461304,0.020504314452409744,0.05057280883193016,,,1.0,spike
1600,20,scenario3_repeated_spike,SAC,150,138.61903428573484,1,0.16040692155844902,0.2483255372467592,0.5,0.5,-0.20436622940260413,0.9870501160621643,0.023630291223526,0.05241665989160538,,,1.0,spike
1601,20,scenario3_repeated_spike,SAC,150,137.75713085716137,1,0.16009350212987689,0.2480748017039015,0.5,0.5,-0.2040841519168892,0.6948109269142151,0.014253969304263592,0.03793366998434067,,,1.0,spike
1602,20,scenario3_repeated_spike,SAC,150,142.98141777144525,0,0.1693633861071533,0.5709814177714453,0.5,0.5,-0.3701724019392993,0.4516201913356781,0.012850685976445675,0.0304892398416996,,,1.0,spike
1603,20,scenario3_repeated_spike,SAC,150,141.68327599430074,1,0.16152119127065484,0.2492169530165239,0.5,0.5,-0.20536907214358938,1.2116676568984985,0.0019175551133230329,0.016667243093252182,,,1.0,spike
1604,20,scenario3_repeated_spike,SAC,150,140.51494839487066,1,0.16109634487086205,0.24887707589668967,0.5,0.5,-0.20498671038377586,1.217268705368042,0.008241088129580021,0.039132796227931976,,,1.0,spike
1605,20,scenario3_repeated_spike,SAC,150,139.46345355538358,1,0.1607139831110486,0.2485711864888389,0.5,0.5,-0.20464258479994374,0.7942609190940857,0.0045014177449047565,0.027080949395895004,,,1.0,spike
1606,20,scenario3_repeated_spike,SAC,150,138.5171081998452,1,0.16036985752721644,0.24829588602177316,0.5,0.5,-0.2043328717744948,0.9718217849731445,0.02103545516729355,0.029919616878032684,,,1.0,spike
1607,20,scenario3_repeated_spike,SAC,150,137.66539737986068,1,0.16006014450176753,0.24804811560141404,0.5,0.5,-0.2040541300515908,0.5622200965881348,0.007928170263767242,0.028910109773278236,,,1.0,spike
1608,20,scenario3_repeated_spike,SAC,150,136.8988576418746,1,0.15978140277886352,0.24782512222309083,0.5,0.5,-0.2038032625009772,1.0182877779006958,0.016723815351724625,0.0515979640185833,,,1.0,spike
1609,20,scenario3_repeated_spike,SAC,150,136.20897187768713,1,0.15953053522824986,0.2476244281825999,0.5,0.5,-0.2035774817054249,1.1194411516189575,0.007522794418036938,0.03439784049987793,,,1.0,spike
1610,20,scenario3_repeated_spike,SAC,150,141.58807468991841,0,0.16849254668119903,0.5695880746899185,0.5,0.5,-0.36904031068555876,0.8983157873153687,0.007763520814478397,0.030586469918489456,,,1.0,spike
1611,20,scenario3_repeated_spike,SAC,150,140.4292672209266,1,0.16106518808033696,0.24885215046426956,0.5,0.5,-0.20495866927230327,0.7788196802139282,0.008457519114017487,0.0376649908721447,,,1.0,spike
1612,20,scenario3_repeated_spike,SAC,150,139.38634049883393,1,0.16068594199957598,0.24854875359966078,0.5,0.5,-0.20461734779961838,0.5659353733062744,0.006683614104986191,0.028749942779541016,,,1.0,spike
1613,20,scenario3_repeated_spike,SAC,150,144.44770644895056,0,0.1702798165305941,0.5724477064489506,0.5,0.5,-0.37136376148977235,0.7893111109733582,0.0003790764603763819,0.008541565388441086,,,1.0,spike
1614,20,scenario3_repeated_spike,SAC,150,143.0029358040555,1,0.16200106756511112,0.24960085405208893,0.5,0.5,-0.20580096080860003,0.9007765054702759,0.009919095784425735,0.03332696110010147,,,1.0,spike
1615,20,scenario3_repeated_spike,SAC,150,141.70264222364997,1,0.16152823353587273,0.2492225868286982,0.5,0.5,-0.20537541018228544,0.8274765610694885,0.026005951687693596,0.045644816011190414,,,1.0,spike
1616,20,scenario3_repeated_spike,SAC,150,146.532378001285,0,0.17158273625080314,0.574532378001285,0.5,0.5,-0.37305755712604405,0.46782803535461426,0.015650508925318718,0.03647301718592644,,,1.0,spike
1617,20,scenario3_repeated_spike,SAC,150,144.8791402011565,1,0.16268332370951147,0.2501466589676092,0.5,0.5,-0.20641499133856034,0.5363357663154602,0.011586700566112995,0.03355991840362549,,,1.0,spike
1618,20,scenario3_repeated_spike,SAC,150,143.39122618104085,1,0.16214226406583304,0.24971381125266645,0.5,0.5,-0.20592803765924975,0.5004918575286865,0.0037334058433771133,0.01910276710987091,,,1.0,spike
1619,20,scenario3_repeated_spike,SAC,150,142.05210356293676,1,0.16165531038652248,0.249324248309218,0.5,0.5,-0.20548977934787024,0.6809500455856323,0.01370018720626831,0.027387725189328194,,,1.0,spike
1620,20,scenario3_repeated_spike,SAC,150,140.84689320664307,1,0.16121705207514292,0.24897364166011438,0.5,0.5,-0.20509534686762865,0.8199175000190735,0.004719332326203585,0.024891436100006104,,,1.0,spike
1621,20,scenario3_repeated_spike,SAC,150,139.76220388597875,1,0.16082261959490138,0.24865809567592112,0.5,0.5,-0.20474035763541126,0.7052850127220154,0.004800351336598396,0.021993398666381836,,,1.0,spike
1622,20,scenario3_repeated_spike,SAC,150,138.78598349738087,1,0.16046763036268394,0.24837410429014717,0.5,0.5,-0.20442086732641557,1.2666330337524414,0.029399514198303223,0.04070691019296646,,,1.0,spike
1623,20,scenario3_repeated_spike,SAC,150,137.9073851476428,1,0.1601481400536883,0.24811851204295066,0.5,0.5,-0.20413332604831946,0.7540799379348755,0.02536076493561268,0.040233317762613297,,,1.0,spike
1624,20,scenario3_repeated_spike,SAC,150,137.11664663287854,1,0.15986059877559222,0.24788847902047378,0.5,0.5,-0.203874538898033,1.0439598560333252,0.02213129773736,0.046116363257169724,,,1.0,spike
1625,20,scenario3_repeated_spike,SAC,150,136.4049819695907,1,0.1596018116253057,0.2476814493002446,0.5,0.5,-0.20364163046277517,0.9062020778656006,0.01865728199481964,0.04219411313533783,,,1.0,spike
1626,20,scenario3_repeated_spike,SAC,150,135.76448377263162,1,0.15936890319004784,0.24749512255203832,0.5,0.5,-0.20343201287104307,0.6224539279937744,0.011655069887638092,0.030774204060435295,,,1.0,spike
1627,20,scenario3_repeated_spike,SAC,150,135.18803539536844,1,0.1591592855983158,0.24732742847865263,0.5,0.5,-0.20324335703848423,1.1965522766113281,0.015915684401988983,0.045563146471977234,,,1.0,spike
1628,20,scenario3_repeated_spike,SAC,150,134.66923185583158,1,0.15897062976575693,0.24717650381260559,0.5,0.5,-0.20307356678918126,0.7316286563873291,0.012626110576093197,0.0376322865486145,,,1.0,spike
1629,20,scenario3_repeated_spike,SAC,150,134.20230867024844,1,0.158800839516454,0.24704067161316323,0.5,0.5,-0.2029207555648086,0.9009557962417603,0.022817855700850487,0.052351322025060654,,,1.0,spike
1630,20,scenario3_repeated_spike,SAC,150,133.78207780322361,1,0.1586480282920813,0.24691842263366504,0.5,0.5,-0.20278322546287317,1.186707615852356,0.049718134105205536,0.05723702907562256,,,1.0,spike
1631,20,scenario3_repeated_spike,SAC,150,133.40387002290126,1,0.15851049819014593,0.24680839855211678,0.5,0.5,-0.20265944837113137,0.8430373072624207,0.006749631837010384,0.021817829459905624,,,1.0,spike
1632,20,scenario3_repeated_spike,SAC,150,133.06348302061113,1,0.15838672109840407,0.2467093768787233,0.5,0.5,-0.20254804898856368,0.9251135587692261,0.019990380853414536,0.03734208643436432,,,1.0,spike
1633,20,scenario3_repeated_spike,SAC,150,132.75713471855002,1,0.1582753217158364,0.24662025737266913,0.5,0.5,-0.20244778954425274,0.9753925204277039,0.006265078671276569,0.025571007281541824,,,1.0,spike
1634,20,scenario3_repeated_spike,SAC,150,132.48142124669502,1,0.15817506227152545,0.24654004981722039,0.5,0.5,-0.20235755604437292,0.8502680063247681,0.007761054206639528,0.015604352578520775,,,1.0,spike
1635,20,scenario3_repeated_spike,SAC,150,132.23327912202552,1,0.15808482877164565,0.24646786301731655,0.5,0.5,-0.2022763458944811,0.979034423828125,0.006348459981381893,0.02183469384908676,,,1.0,spike
1636,20,scenario3_repeated_spike,SAC,150,132.009951209823,1,0.15800361862175383,0.24640289489740308,0.5,0.5,-0.20220325675957845,1.2403830289840698,0.016623444855213165,0.036272913217544556,,,1.0,spike
1637,20,scenario3_repeated_spike,SAC,150,131.8089560888407,1,0.15793052948685116,0.24634442358948094,0.5,0.5,-0.20213747653816605,1.1704391241073608,0.03152221813797951,0.030897576361894608,,,1.0,spike
1638,20,scenario3_repeated_spike,SAC,150,131.62806047995662,1,0.15786474926543878,0.24629179941235102,0.5,0.5,-0.20207827433889491,1.0101546049118042,0.006058051250874996,0.021453753113746643,,,1.0,spike
1639,20,scenario3_repeated_spike,SAC,150,131.46525443196094,1,0.15780554706616762,0.24624443765293413,0.5,0.5,-0.20202499235955088,1.0054734945297241,0.015353472903370857,0.022564241662621498,,,1.0,spike
1640,20,scenario3_repeated_spike,SAC,150,131.31872898876486,1,0.15775226508682358,0.2462018120694589,0.5,0.5,-0.20197703857814125,1.1972423791885376,0.0201457217335701,0.033376406878232956,,,1.0,spike
1641,20,scenario3_repeated_spike,SAC,150,131.18685608988838,1,0.15770431130541396,0.24616344904433118,0.5,0.5,-0.20193388017487257,1.026831030845642,0.010989461094141006,0.019141389057040215,,,1.0,spike
1642,20,scenario3_repeated_spike,SAC,150,131.06817048089954,1,0.1576611529021453,0.24612892232171624,0.5,0.5,-0.20189503761193078,1.1233036518096924,0.0014502913691103458,0.012524673715233803,,,1.0,spike
1643,20,scenario3_repeated_spike,SAC,150,130.96135343280957,1,0.1576223103392035,0.24609784827136283,0.5,0.5,-0.20186007930528316,0.9407390356063843,0.003744670655578375,0.015339275822043419,,,1.0,spike
1644,20,scenario3_repeated_spike,SAC,150,130.86521808952864,1,0.15758735203255586,0.2460698816260447,0.5,0.5,-0.20182861682930028,0.6506873369216919,0.0181007981300354,0.03165920823812485,,,1.0,spike
1645,20,scenario3_repeated_spike,SAC,150,130.7786962805758,1,0.15755588955657301,0.24604471164525843,0.5,0.5,-0.20180030060091572,0.7386420965194702,0.027515370398759842,0.033632028847932816,,,1.0,spike
1646,20,scenario3_repeated_spike,SAC,150,130.70082665251823,1,0.15752757332818845,0.24602205866255078,0.5,0.5,-0.20177481599536962,1.2654025554656982,0.00822146050632,0.026828553527593613,,,1.0,spike
1647,20,scenario3_repeated_spike,SAC,150,130.6307439872664,1,0.15750208872264235,0.24600167097811387,0.5,0.5,-0.20175187985037812,0.8218141794204712,0.0044402144849300385,0.017053809016942978,,,1.0,spike
1648,20,scenario3_repeated_spike,SAC,150,130.5676695885398,1,0.15747915257765083,0.2459833220621207,0.5,0.5,-0.20173123731988576,1.6576834917068481,0.006292352452874184,0.021485833451151848,,,1.0,spike
1649,20,scenario3_repeated_spike,SAC,150,130.5109026296858,1,0.15745851004715847,0.2459668080377268,0.5,0.5,-0.20171265904244262,0.92852383852005,0.007343591190874577,0.018554342910647392,,,1.0,spike
1650,20,scenario3_repeated_spike,SAC,150,130.45981236671724,1,0.15743993176971535,0.2459519454157723,0.5,0.5,-0.20169593859274382,1.424617886543274,0.009278848767280579,0.030407121405005455,,,1.0,spike
1651,20,scenario3_repeated_spike,SAC,150,130.41383113004554,1,0.15742321132001658,0.2459385690560133,0.5,0.5,-0.20168089018801494,0.8108102679252625,0.00143299694173038,0.014374657534062862,,,1.0,spike
1652,20,scenario3_repeated_spike,SAC,150,130.372448017041,1,0.15740816291528764,0.2459265303322301,0.5,0.5,-0.20166734662375888,1.05398690700531,0.01828697696328163,0.03314247354865074,,,1.0,spike
1653,20,scenario3_repeated_spike,SAC,150,130.3352032153369,1,0.1573946193510316,0.2459156954808253,0.5,0.5,-0.20165515741592846,1.1952470541000366,0.007612866815179586,0.03071664646267891,,,1.0,spike
1654,20,scenario3_repeated_spike,SAC,150,130.30168289380322,1,0.15738243014320116,0.24590594411456096,0.5,0.5,-0.20164418712888105,0.7771950960159302,0.003819971578195691,0.021776307374238968,,,1.0,spike
1655,20,scenario3_repeated_spike,SAC,150,130.27151460442292,1,0.15737145985615378,0.24589716788492305,0.5,0.5,-0.20163431387053843,1.0837507247924805,0.027952976524829865,0.03441291302442551,,,1.0,spike
1656,20,scenario3_repeated_spike,SAC,150,130.24436314398065,1,0.15736158659781116,0.24588926927824895,0.5,0.5,-0.20162542793803007,1.3676097393035889,0.02990017458796501,0.04819953441619873,,,1.0,spike
1657,20,scenario3_repeated_spike,SAC,150,130.2199268295826,1,0.15735270066530277,0.2458821605322422,0.5,0.5,-0.2016174305987725,1.1317230463027954,0.017278453335165977,0.04164561629295349,,,1.0,spike
1658,20,scenario3_repeated_spike,SAC,150,130.19793414662433,1,0.15734470332604522,0.24587576266083622,0.5,0.5,-0.20161023299344072,1.0643846988677979,0.005990089848637581,0.026434430852532387,,,1.0,spike
1659,20,scenario3_repeated_spike,SAC,150,130.1781407319619,1,0.1573375057207134,0.2458700045765707,0.5,0.5,-0.20160375514864204,0.7151505351066589,0.0010277831461280584,0.008535153232514858,,,1.0,spike
1660,20,scenario3_repeated_spike,SAC,150,130.1603266587657,1,0.1573310278759148,0.24586482230073187,0.5,0.5,-0.20159792508832333,0.8524975180625916,0.00924892257899046,0.03048711083829403,,,1.0,spike
1661,20,scenario3_repeated_spike,SAC,150,130.14429399288915,1,0.15732519781559606,0.24586015825247687,0.5,0.5,-0.20159267803403647,0.9490671753883362,0.03442726284265518,0.04679661989212036,,,1.0,spike
1662,20,scenario3_repeated_spike,SAC,150,130.12986459360025,1,0.1573199507613092,0.24585596060904735,0.5,0.5,-0.2015879556851783,1.154294490814209,0.01204264909029007,0.024242818355560303,,,1.0,spike
1663,20,scenario3_repeated_spike,SAC,150,130.1168781342402,1,0.157315228412451,0.2458521827299608,0.5,0.5,-0.2015837055712059,0.7837271690368652,0.033808719366788864,0.05040504038333893,,,1.0,spike
1664,20,scenario3_repeated_spike,SAC,150,130.10519032081618,1,0.15731097829847862,0.2458487826387829,0.5,0.5,-0.20157988046863076,0.9792729616165161,0.003394555300474167,0.021446488797664642,,,1.0,spike
1665,20,scenario3_repeated_spike,SAC,150,130.09467128873456,1,0.1573071531959035,0.24584572255672282,0.5,0.5,-0.20157643787631316,0.7897347807884216,0.026779141277074814,0.03253359720110893,,,1.0,spike
1666,20,scenario3_repeated_spike,SAC,150,130.08520415986112,1,0.15730371060358586,0.24584296848286868,0.5,0.5,-0.20157333954322726,0.7434476613998413,0.013396162539720535,0.04151974245905876,,,1.0,spike
1667,20,scenario3_repeated_spike,SAC,150,130.076683743875,1,0.15730061227050002,0.24584048981640005,0.5,0.5,-0.20157055104345004,1.2762972116470337,0.02607796899974346,0.07031562924385071,,,1.0,spike
1668,20,scenario3_repeated_spike,SAC,150,130.06901536948752,1,0.15729782377072274,0.2458382590165782,0.5,0.5,-0.20156804139365048,0.9100602269172668,0.023194707930088043,0.03998268395662308,,,1.0,spike
1669,20,scenario3_repeated_spike,SAC,150,130.06211383253878,1,0.1572953141209232,0.24583625129673858,0.5,0.5,-0.2015657827088309,1.5372142791748047,0.11404484510421753,0.09631088376045227,,,1.0,spike
1670,20,scenario3_repeated_spike,SAC,150,130.05590244928493,1,0.1572930554361036,0.2458344443488829,0.5,0.5,-0.20156374989249326,0.9367921948432922,0.017666567116975784,0.03677082061767578,,,1.0,spike
1671,20,scenario3_repeated_spike,SAC,150,130.05031220435643,1,0.157291022619766,0.2458328180958128,0.5,0.5,-0.20156192035778941,0.8738916516304016,0.007116192951798439,0.03125856816768646,,,1.0,spike
1672,20,scenario3_repeated_spike,SAC,150,130.0452809839208,1,0.15728919308506212,0.2458313544680497,0.5,0.5,-0.20156027377655591,1.3457831144332886,0.026236236095428467,0.022551892325282097,,,1.0,spike
1673,20,scenario3_repeated_spike,SAC,150,130.04075288552872,1,0.15728754650382862,0.2458300372030629,0.5,0.5,-0.20155879185344577,1.0973360538482666,0.032617032527923584,0.03863389045000076,,,1.0,spike
1674,20,scenario3_repeated_spike,SAC,150,130.03667759697584,1,0.15728606458071848,0.2458288516645748,0.5,0.5,-0.20155745812264664,0.8133691549301147,0.02343818172812462,0.030499441549181938,,,1.0,spike
1675,20,scenario3_repeated_spike,SAC,150,130.03300983727826,1,0.15728473084991937,0.2458277846799355,0.5,0.5,-0.20155625776492742,0.7966074347496033,0.003549907822161913,0.015144044533371925,,,1.0,spike
1676,20,scenario3_repeated_spike,SAC,150,130.02970885355043,1,0.15728353049220015,0.24582682439376013,0.5,0.5,-0.20155517744298013,1.2464933395385742,0.024029120802879333,0.03590008616447449,,,1.0,spike
1677,20,scenario3_repeated_spike,SAC,150,130.0267379681954,1,0.15728245017025289,0.24582596013620234,0.5,0.5,-0.2015542051532276,0.5771983861923218,0.001986926421523094,0.012061845511198044,,,1.0,spike
1678,20,scenario3_repeated_spike,SAC,150,130.02406417137587,1,0.15728147788050031,0.24582518230440026,0.5,0.5,-0.2015533300924503,0.9810434579849243,0.0011362899094820023,0.011492980644106865,,,1.0,spike
1679,20,scenario3_repeated_spike,SAC,150,130.02165775423828,1,0.157280602819723,0.2458244822557784,0.5,0.5,-0.2015525425377507,0.7211768627166748,0.034648917615413666,0.027940180152654648,,,1.0,spike
1680,20,scenario3_repeated_spike,SAC,150,130.01949197881447,1,0.15727981526502344,0.24582385221201875,0.5,0.5,-0.2015518337385211,0.9143952131271362,0.0018769390881061554,0.015315154567360878,,,1.0,spike
1681,20,scenario3_repeated_spike,SAC,150,136.017542780933,0,0.16501096423808315,0.5640175427809331,0.5,0.5,-0.3645142535095081,0.8620721697807312,0.0009399596019648015,0.012472067028284073,,,1.0,spike
1682,20,scenario3_repeated_spike,SAC,150,135.41578850283972,1,0.15924210491012353,0.24739368392809885,0.5,0.5,-0.2033178944191112,1.000746726989746,0.048531465232372284,0.02805655635893345,,,1.0,spike
1683,20,scenario3_repeated_spike,SAC,150,134.87420965255575,1,0.15904516714638392,0.24723613371710718,0.5,0.5,-0.20314065043174556,0.948569118976593,0.14125482738018036,0.07284971326589584,,,1.0,spike
1684,20,scenario3_repeated_spike,SAC,150,140.38678868730017,0,0.16774174292956262,0.5683867886873002,0.5,0.5,-0.36806426580843143,0.9592248201370239,0.0009250796865671873,0.011623459868133068,,,1.0,spike
1685,20,scenario3_repeated_spike,SAC,150,145.34810981857015,0,0.17084256863660635,0.5733481098185702,0.5,0.5,-0.3720953392275883,0.6798914074897766,0.009914888069033623,0.02549038454890251,,,1.0,spike
1686,20,scenario3_repeated_spike,SAC,150,143.81329883671313,1,0.16229574503153207,0.24983659602522568,0.5,0.5,-0.2060661705283789,1.4537087678909302,0.0852043405175209,0.0823126956820488,,,1.0,spike
1687,20,scenario3_repeated_spike,SAC,150,148.43196895304183,0,0.17276998059565116,0.5764319689530418,0.5,0.5,-0.3746009747743465,1.4346599578857422,0.06579095125198364,0.07447206974029541,,,1.0,spike
1688,20,scenario3_repeated_spike,SAC,150,152.58877205773766,0,0.17536798253608604,0.5805887720577376,0.5,0.5,-0.37797837729691186,0.9819818139076233,0.026575429365038872,0.05042925104498863,,,1.0,spike
1689,20,scenario3_repeated_spike,SAC,150,156.3298948519639,0,0.17770618428247745,0.584329894851964,0.5,0.5,-0.3810180395672207,1.1215448379516602,0.006625519134104252,0.026222914457321167,,,1.0,spike
1690,20,scenario3_repeated_spike,SAC,150,153.6969053667675,1,0.16588978376973365,0.2527118270157869,0.5,0.5,-0.2093008053927603,1.3471335172653198,0.022522885352373123,0.037889283150434494,,,1.0,spike
1691,20,scenario3_repeated_spike,SAC,150,157.32721483009075,0,0.17832950926880675,0.5853272148300908,0.5,0.5,-0.38182836204944876,1.3008942604064941,0.02186376228928566,0.05074511468410492,,,1.0,spike
1692,20,scenario3_repeated_spike,SAC,150,160.59449334708168,0,0.18037155834192609,0.5885944933470817,0.5,0.5,-0.3844830258445039,1.0623100996017456,0.042312391102313995,0.05973377451300621,,,1.0,spike
1693,20,scenario3_repeated_spike,SAC,150,163.5350440123735,0,0.18220940250773346,0.5915350440123736,0.5,0.5,-0.3868722232600535,1.100832223892212,0.04483599588274956,0.06878665089607239,,,1.0,spike
1694,20,scenario3_repeated_spike,SAC,150,166.18153961113615,0,0.1838634622569601,0.5941815396111362,0.5,0.5,-0.3890225009340481,1.1813534498214722,0.04980095475912094,0.07133043557405472,,,1.0,spike
1695,20,scenario3_repeated_spike,SAC,150,162.56338565002252,1,0.16911395841819002,0.25529116673455204,0.5,0.5,-0.21220256257637105,0.9278634190559387,0.025468945503234863,0.05682443454861641,,,1.0,spike
1696,20,scenario3_repeated_spike,SAC,150,165.3070470850203,0,0.1833169044281377,0.5933070470850204,0.5,0.5,-0.38831197575657905,1.58408522605896,0.04350714758038521,0.05788135156035423,,,1.0,spike
1697,20,scenario3_repeated_spike,SAC,150,167.77634237651827,0,0.18486021398532393,0.5957763423765183,0.5,0.5,-0.39031827818092113,1.0727722644805908,0.018620191141963005,0.035412032157182693,,,1.0,spike
1698,20,scenario3_repeated_spike,SAC,150,163.99870813886645,1,0.1696358938686787,0.255708715094943,0.5,0.5,-0.21267230448181085,1.1306625604629517,0.03513287752866745,0.05646086484193802,,,1.0,spike
1699,20,scenario3_repeated_spike,SAC,150,160.5988373249798,1,0.16839957720908355,0.25471966176726685,0.5,0.5,-0.2115596194881752,1.0995157957077026,0.022083807736635208,0.04426159709692001,,,1.0,spike
1700,20,scenario3_repeated_spike,SAC,150,157.53895359248182,1,0.16728689221544796,0.2538295137723584,0.5,0.5,-0.21055820299390318,1.0346029996871948,0.019140128046274185,0.05436377972364426,,,1.0,spike
1701,20,scenario3_repeated_spike,SAC,150,154.78505823323363,1,0.16628547572117586,0.2530283805769407,0.5,0.5,-0.20965692814905829,0.9676643013954163,0.021007169038057327,0.05293596535921097,,,1.0,spike
1702,20,scenario3_repeated_spike,SAC,150,152.30655240991027,1,0.165384200876331,0.2523073607010648,0.5,0.5,-0.2088457807886979,0.6778162121772766,0.006005424074828625,0.0258239284157753,,,1.0,spike
1703,20,scenario3_repeated_spike,SAC,150,150.07589716891925,1,0.16457305351597065,0.25165844281277655,0.5,0.5,-0.20811574816437362,0.9520127773284912,0.00535965571179986,0.026519479230046272,,,1.0,spike
1704,20,scenario3_repeated_spike,SAC,150,148.06830745202734,1,0.16384302089164632,0.2510744167133171,0.5,0.5,-0.2074587188024817,1.4463797807693481,0.015617561526596546,0.05640951544046402,,,1.0,spike
1705,20,scenario3_repeated_spike,SAC,150,146.26147670682462,1,0.1631859915297544,0.2505487932238035,0.5,0.5,-0.20686739237677898,1.2771209478378296,0.023251932114362717,0.05187719315290451,,,1.0,spike
1706,20,scenario3_repeated_spike,SAC,150,144.63532903614217,1,0.16259466510405168,0.25007573208324135,0.5,0.5,-0.20633519859364652,0.9704877734184265,0.017896924167871475,0.04863961040973663,,,1.0,spike
1707,20,scenario3_repeated_spike,SAC,150,143.17179613252796,1,0.16206247132091925,0.24964997705673542,0.5,0.5,-0.20585622418882732,1.3841454982757568,0.03295082971453667,0.06275121122598648,,,1.0,spike
1708,20,scenario3_repeated_spike,SAC,150,141.85461651927517,1,0.16158349691610005,0.24926679753288006,0.5,0.5,-0.20542514722449007,0.972139298915863,0.007240014150738716,0.03500347211956978,,,1.0,spike
1709,20,scenario3_repeated_spike,SAC,150,140.66915486734766,1,0.16115241995176277,0.2489219359614102,0.5,0.5,-0.2050371779565865,1.0958788394927979,0.009868188761174679,0.03132322430610657,,,1.0,spike
1710,20,scenario3_repeated_spike,SAC,150,139.6022393806129,1,0.16076445068385922,0.24861156054708738,0.5,0.5,-0.2046880056154733,1.2276349067687988,0.025450576096773148,0.06164950877428055,,,1.0,spike
1711,20,scenario3_repeated_spike,SAC,150,138.6420154425516,1,0.16041527834274605,0.24833222267419686,0.5,0.5,-0.20437375050847145,0.6518242955207825,0.005093891639262438,0.02599002979695797,,,1.0,spike
1712,20,scenario3_repeated_spike,SAC,150,137.77781389829647,1,0.16010102323574416,0.24808081858859532,0.5,0.5,-0.20409092091216974,0.9633359909057617,0.008936669677495956,0.03734583780169487,,,1.0,spike
1713,20,scenario3_repeated_spike,SAC,150,137.00003250846683,1,0.1598181936394425,0.247854554911554,0.5,0.5,-0.20383637427549825,1.5141339302062988,0.015765301883220673,0.04803375154733658,,,1.0,spike
1714,20,scenario3_repeated_spike,SAC,150,136.30002925762017,1,0.15956364700277098,0.2476509176022168,0.5,0.5,-0.2036072823024939,0.7283827066421509,0.036383483558893204,0.046783071011304855,,,1.0,spike
1715,20,scenario3_repeated_spike,SAC,150,141.67002633185814,0,0.16854376645741134,0.5696700263318581,0.5,0.5,-0.36910689639463473,1.1917576789855957,0.02295704372227192,0.0592043437063694,,,1.0,spike
1716,20,scenario3_repeated_spike,SAC,150,140.50302369867234,1,0.16109200861769904,0.24887360689415927,0.5,0.5,-0.20498280775592914,0.6474606394767761,0.030407577753067017,0.048655036836862564,,,1.0,spike
1717,20,scenario3_repeated_spike,SAC,150,139.45272132880513,1,0.16071008048320187,0.24856806438656154,0.5,0.5,-0.20463907243488172,1.1100584268569946,0.02140180766582489,0.05758272856473923,,,1.0,spike
1718,20,scenario3_repeated_spike,SAC,150,138.5074491959246,1,0.1603663451621544,0.2482930761297235,0.5,0.5,-0.20432971064593897,0.9766451120376587,0.03558439016342163,0.052933745086193085,,,1.0,spike
1719,20,scenario3_repeated_spike,SAC,150,137.65670427633216,1,0.1600569833732117,0.24804558669856935,0.5,0.5,-0.20405128503589054,1.0297411680221558,0.0025993420276790857,0.01927858591079712,,,1.0,spike
1720,20,scenario3_repeated_spike,SAC,150,136.89103384869895,1,0.15977855776316324,0.24782284621053063,0.5,0.5,-0.20380070198684694,1.026723861694336,0.037129517644643784,0.061000529676675797,,,1.0,spike
1721,20,scenario3_repeated_spike,SAC,150,136.20193046382906,1,0.15952797471411967,0.24762237977129575,0.5,0.5,-0.2035751772427077,1.201897144317627,0.02237480878829956,0.05716070532798767,,,1.0,spike
1722,20,scenario3_repeated_spike,SAC,150,135.58173741744616,1,0.15930244996998041,0.24744195997598434,0.5,0.5,-0.20337220497298236,0.949067234992981,0.03495186194777489,0.04822908341884613,,,1.0,spike
1723,20,scenario3_repeated_spike,SAC,150,135.02356367570155,1,0.15909947770025512,0.24727958216020413,0.5,0.5,-0.20318952993022962,1.4136719703674316,0.016467787325382233,0.045713234692811966,,,1.0,spike
1724,20,scenario3_repeated_spike,SAC,150,134.5212073081314,1,0.15891680265750233,0.24713344212600186,0.5,0.5,-0.20302512239175208,1.272960901260376,0.006162057630717754,0.025688720867037773,,,1.0,spike
1725,20,scenario3_repeated_spike,SAC,150,134.06908657731827,1,0.1587523951190248,0.24700191609521988,0.5,0.5,-0.20287715560712233,1.7096178531646729,0.020076515153050423,0.059355348348617554,,,1.0,spike
1726,20,scenario3_repeated_spike,SAC,150,133.66217791958644,1,0.15860442833439506,0.24688354266751605,0.5,0.5,-0.20274398550095557,1.1480751037597656,0.011131612583994865,0.03874308615922928,,,1.0,spike
1727,20,scenario3_repeated_spike,SAC,150,133.29596012762778,1,0.1584712582282283,0.24677700658258267,0.5,0.5,-0.2026241324054055,1.001145839691162,0.0047413045540452,0.027702780440449715,,,1.0,spike
1728,20,scenario3_repeated_spike,SAC,150,132.966364114865,1,0.15835140513267817,0.24668112410614257,0.5,0.5,-0.20251626461941036,1.3342268466949463,0.012503999285399914,0.04419897496700287,,,1.0,spike
1729,20,scenario3_repeated_spike,SAC,150,132.6697277033785,1,0.1582435373466831,0.2465948298773465,0.5,0.5,-0.20241918361201477,1.569814920425415,0.027703631669282913,0.0570458322763443,,,1.0,spike
1730,20,scenario3_repeated_spike,SAC,150,132.40275493304065,1,0.15814645633928753,0.24651716507143007,0.5,0.5,-0.2023318107053588,0.5630544424057007,0.009580181911587715,0.02829159051179886,,,1.0,spike
1731,20,scenario3_repeated_spike,SAC,150,132.1624794397366,1,0.15805908343263148,0.24644726674610518,0.5,0.5,-0.20225317508936833,1.3189451694488525,0.009161739610135555,0.03332923352718353,,,1.0,spike
1732,20,scenario3_repeated_spike,SAC,150,131.94623149576293,1,0.15798044781664108,0.2463843582533129,0.5,0.5,-0.20218240303497698,1.3350610733032227,0.015568731352686882,0.055607207119464874,,,1.0,spike
1733,20,scenario3_repeated_spike,SAC,150,131.75160834618663,1,0.15790967576224968,0.24632774060979978,0.5,0.5,-0.20211870818602473,1.2702388763427734,0.015973828732967377,0.04993392154574394,,,1.0,spike
1734,20,scenario3_repeated_spike,SAC,150,137.57644751156795,0,0.16598527969472998,0.565576447511568,0.5,0.5,-0.365780863603149,1.3139703273773193,0.012060631066560745,0.04695640876889229,,,1.0,spike
1735,20,scenario3_repeated_spike,SAC,150,142.81880276041116,0,0.16926175172525698,0.5708188027604112,0.5,0.5,-0.37004027724283406,1.227013111114502,0.012351557612419128,0.03888246417045593,,,1.0,spike
1736,20,scenario3_repeated_spike,SAC,150,141.53692248437005,1,0.1614679718124982,0.2491743774499986,0.5,0.5,-0.20532117463124838,1.0741691589355469,0.01480067241936922,0.04720526188611984,,,1.0,spike
1737,20,scenario3_repeated_spike,SAC,150,140.38323023593307,1,0.1610484473585211,0.24883875788681692,0.5,0.5,-0.20494360262266903,1.1561449766159058,0.035014212131500244,0.06172310933470726,,,1.0,spike
1738,20,scenario3_repeated_spike,SAC,150,139.34490721233976,1,0.16067087534994173,0.2485367002799534,0.5,0.5,-0.20460378781494756,0.7818592190742493,0.02423454448580742,0.05042708292603493,,,1.0,spike
1739,20,scenario3_repeated_spike,SAC,150,144.4104164911058,0,0.17025651030694114,0.5724104164911058,0.5,0.5,-0.37133346339902346,1.054802417755127,0.010321119800209999,0.041056472808122635,,,1.0,spike
1740,20,scenario3_repeated_spike,SAC,150,148.9693748419952,0,0.173105859276247,0.5769693748419952,0.5,0.5,-0.3750376170591211,0.6222708225250244,0.011890016496181488,0.032169874757528305,,,1.0,spike
1741,20,scenario3_repeated_spike,SAC,150,147.07243735779568,1,0.1634808863119257,0.2507847090495406,0.5,0.5,-0.20713279768073314,0.9400331974029541,0.010388976894319057,0.03367414325475693,,,1.0,spike
1742,20,scenario3_repeated_spike,SAC,150,145.3651936220161,1,0.16286007040800585,0.2502880563264047,0.5,0.5,-0.2065740633672053,0.9484013915061951,0.019995754584670067,0.04775121808052063,,,1.0,spike
1743,20,scenario3_repeated_spike,SAC,150,143.8286742598145,1,0.16230133609447803,0.24984106887558244,0.5,0.5,-0.20607120248503025,0.8843134045600891,0.018226075917482376,0.04355815798044205,,,1.0,spike
1744,20,scenario3_repeated_spike,SAC,150,142.44580683383305,1,0.16179847521230292,0.24943878016984233,0.5,0.5,-0.20561862769107264,1.052547812461853,0.009449386969208717,0.03548550605773926,,,1.0,spike
1745,20,scenario3_repeated_spike,SAC,150,141.20122615044974,1,0.16134590041834534,0.24907672033467632,0.5,0.5,-0.20521131037651083,0.7130424380302429,0.006466110236942768,0.025197701528668404,,,1.0,spike
1746,20,scenario3_repeated_spike,SAC,150,140.08110353540476,1,0.16093858310378356,0.24875086648302686,0.5,0.5,-0.2048447247934052,1.561812400817871,0.02090061455965042,0.06767101585865021,,,1.0,spike
1747,20,scenario3_repeated_spike,SAC,150,139.0729931818643,1,0.1605719975206779,0.24845759801654232,0.5,0.5,-0.20451479776861012,0.7769197821617126,0.013068868778645992,0.039202045649290085,,,1.0,spike
1748,20,scenario3_repeated_spike,SAC,150,138.16569386367786,1,0.16024207049588285,0.24819365639670632,0.5,0.5,-0.20421786344629458,0.9324737787246704,0.028397470712661743,0.05311509966850281,,,1.0,spike
1749,20,scenario3_repeated_spike,SAC,150,137.34912447731006,1,0.15994513617356731,0.2479561089388539,0.5,0.5,-0.2039506225562106,1.2166476249694824,0.017266031354665756,0.053190380334854126,,,1.0,spike
1750,20,scenario3_repeated_spike,SAC,150,136.61421202957905,1,0.1596778952834833,0.24774231622678666,0.5,0.5,-0.20371010575513498,0.6916113495826721,0.004098924342542887,0.019087444990873337,,,1.0,spike
1751,20,scenario3_repeated_spike,SAC,150,135.95279082662114,1,0.1594373784824077,0.24754990278592615,0.5,0.5,-0.20349364063416692,1.4695359468460083,0.008830979466438293,0.0379880927503109,,,1.0,spike
1752,20,scenario3_repeated_spike,SAC,150,135.35751174395904,1,0.15922091336143965,0.24737673068915172,0.5,0.5,-0.2032988220252957,1.064875602722168,0.0328955352306366,0.06300099194049835,,,1.0,spike
1753,20,scenario3_repeated_spike,SAC,150,134.82176056956314,1,0.15902609475256843,0.24722087580205476,0.5,0.5,-0.2031234852773116,1.5490105152130127,0.037225089967250824,0.08776278048753738,,,1.0,spike
1754,20,scenario3_repeated_spike,SAC,150,134.33958451260685,1,0.1588507580045843,0.24708060640366747,0.5,0.5,-0.2029656822041259,1.0914241075515747,0.016678225249052048,0.05249955132603645,,,1.0,spike
1755,20,scenario3_repeated_spike,SAC,150,133.90562606134617,1,0.15869295493139862,0.24695436394511894,0.5,0.5,-0.20282365943825878,1.4120488166809082,0.0131617970764637,0.036366842687129974,,,1.0,spike
1756,20,scenario3_repeated_spike,SAC,150,139.51506345521156,0,0.16719691465950726,0.5675150634552116,0.5,0.5,-0.36735598905735944,1.1897602081298828,0.02271771803498268,0.059330493211746216,,,1.0,spike
1757,20,scenario3_repeated_spike,SAC,150,138.5635571096904,1,0.16038674803988742,0.24830939843190997,0.5,0.5,-0.2043480732358987,1.232201099395752,0.03233572840690613,0.0746544823050499,,,1.0,spike
1758,20,scenario3_repeated_spike,SAC,150,143.70720139872137,0,0.16981700087420087,0.5717072013987214,0.5,0.5,-0.37076210113646113,1.0776702165603638,0.031063424423336983,0.07029751688241959,,,1.0,spike
1759,20,scenario3_repeated_spike,SAC,150,148.33648125884923,0,0.1727103007867808,0.5763364812588493,0.5,0.5,-0.37452339102281507,0.8288730978965759,0.03158019110560417,0.05685918405652046,,,1.0,spike
1760,20,scenario3_repeated_spike,SAC,150,152.50283313296433,0,0.1753142707081027,0.5805028331329644,0.5,0.5,-0.3779085519205335,1.2109090089797974,0.006085433531552553,0.033029984682798386,,,1.0,spike
1761,20,scenario3_repeated_spike,SAC,150,156.2525498196679,0,0.17765784363729245,0.5842525498196679,0.5,0.5,-0.38095519672848016,0.7746545672416687,0.010886695235967636,0.038106679916381836,,,1.0,spike
1762,20,scenario3_repeated_spike,SAC,150,153.62729483770113,1,0.16586447085007314,0.25269157668005854,0.5,0.5,-0.20927802376506582,1.239912509918213,0.031817592680454254,0.07134537398815155,,,1.0,spike
1763,20,scenario3_repeated_spike,SAC,150,157.26456535393103,0,0.1782903533462069,0.585264565353931,0.5,0.5,-0.38177745935006896,1.1390397548675537,0.030198317021131516,0.056903108954429626,,,1.0,spike
1764,20,scenario3_repeated_spike,SAC,150,160.53810881853792,0,0.18033631801158623,0.588538108818538,0.5,0.5,-0.3844372134150621,1.0309144258499146,0.012634070590138435,0.044557422399520874,,,1.0,spike
1765,20,scenario3_repeated_spike,SAC,150,163.48429793668413,0,0.1821776862104276,0.5914842979366841,0.5,0.5,-0.38683099207355587,1.3280917406082153,0.02098814770579338,0.04869881272315979,,,1.0,spike
1766,20,scenario3_repeated_spike,SAC,150,166.13586814301573,0,0.18383491758938486,0.5941358681430158,0.5,0.5,-0.3889853928662003,1.0404757261276245,0.019214540719985962,0.05321185663342476,,,1.0,spike
1767,20,scenario3_repeated_spike,SAC,150,162.52228132871417,1,0.1690990113922597,0.25527920911380775,0.5,0.5,-0.21218911025303372,0.8408297300338745,0.020717142149806023,0.04818316921591759,,,1.0,spike
1768,20,scenario3_repeated_spike,SAC,150,165.27005319584276,0,0.18329378324740175,0.5932700531958428,0.5,0.5,-0.3882819182216223,0.8502875566482544,0.026920605450868607,0.05936537683010101,,,1.0,spike
1769,20,scenario3_repeated_spike,SAC,150,161.7430478762585,1,0.16881565377318491,0.25505252301854797,0.5,0.5,-0.21193408839586644,0.7657657861709595,0.04310046136379242,0.07156602293252945,,,1.0,spike
1770,20,scenario3_repeated_spike,SAC,150,158.56874308863263,1,0.16766136112313917,0.2541290888985114,0.5,0.5,-0.21089522501082528,0.8744295835494995,0.020650027319788933,0.05025385320186615,,,1.0,spike
1771,20,scenario3_repeated_spike,SAC,150,155.71186877976936,1,0.16662249773809795,0.2532979981904784,0.5,0.5,-0.20996024796428817,0.8320106863975525,0.006988982204347849,0.028884505853056908,,,1.0,spike
1772,20,scenario3_repeated_spike,SAC,150,153.14068190179242,1,0.16568752069156087,0.2525500165532487,0.5,0.5,-0.2091187686224048,1.0600392818450928,0.005840248428285122,0.0264767836779356,,,1.0,spike
1773,20,scenario3_repeated_spike,SAC,150,150.8266137116132,1,0.16484604134967754,0.25187683307974207,0.5,0.5,-0.2083614372147098,1.5593641996383667,0.011837207712233067,0.048696085810661316,,,1.0,spike
1774,20,scenario3_repeated_spike,SAC,150,148.74395234045187,1,0.1640887099419825,0.251270967953586,0.5,0.5,-0.20767983894778425,1.4139167070388794,0.008386448957026005,0.038667529821395874,,,1.0,spike
1775,20,scenario3_repeated_spike,SAC,150,146.8695571064067,1,0.163407111675057,0.25072568934004563,0.5,0.5,-0.20706640050755132,1.4227114915847778,0.004695612471550703,0.02298773266375065,,,1.0,spike
1776,20,scenario3_repeated_spike,SAC,150,145.18260139576603,1,0.16279367323482402,0.2502349385878592,0.5,0.5,-0.20651430591134162,0.989124596118927,0.015365243889391422,0.03516477346420288,,,1.0,spike
1777,20,scenario3_repeated_spike,SAC,150,143.66434125618943,1,0.16224157863861435,0.2497932629108915,0.5,0.5,-0.20601742077475294,0.954729437828064,0.013703858479857445,0.02893536537885666,,,1.0,spike
1778,20,scenario3_repeated_spike,SAC,150,142.29790713057048,1,0.16174469350202564,0.24939575480162052,0.5,0.5,-0.20557022415182308,0.9732592105865479,0.009233237244188786,0.01862059347331524,,,1.0,spike
1779,20,scenario3_repeated_spike,SAC,150,141.06811641751344,1,0.1612974968790958,0.24903799750327665,0.5,0.5,-0.20516774719118624,1.0323530435562134,0.00898922048509121,0.024521028622984886,,,1.0,spike
1780,20,scenario3_repeated_spike,SAC,150,139.9613047757621,1,0.16089501991845892,0.24871601593476717,0.5,0.5,-0.20480551792661306,1.2857657670974731,0.002116943709552288,0.018243832513689995,,,1.0,spike
1781,20,scenario3_repeated_spike,SAC,150,138.9651742981859,1,0.1605327906538858,0.24842623252310864,0.5,0.5,-0.2044795115884972,1.0048518180847168,0.00213483814150095,0.01579030230641365,,,1.0,spike
1782,20,scenario3_repeated_spike,SAC,150,138.06865686836733,1,0.16020678431576993,0.24816542745261594,0.5,0.5,-0.20418610588419295,1.0085688829421997,0.007892422378063202,0.026900149881839752,,,1.0,spike
1783,20,scenario3_repeated_spike,SAC,150,137.2617911815306,1,0.15991337861146568,0.24793070288917257,0.5,0.5,-0.2039220407503191,1.2981688976287842,0.011551710776984692,0.028586370870471,,,1.0,spike
1784,20,scenario3_repeated_spike,SAC,150,136.53561206337756,1,0.15964931347759184,0.24771945078207347,0.5,0.5,-0.20368438212983264,0.8017057776451111,0.008426271378993988,0.02448280155658722,,,1.0,spike
1785,20,scenario3_repeated_spike,SAC,150,135.88205085703981,1,0.15941165485710537,0.24752932388568433,0.5,0.5,-0.20347048937139484,1.209640622138977,0.0019321563886478543,0.016260886564850807,,,1.0,spike
1786,20,scenario3_repeated_spike,SAC,150,135.29384577133584,1,0.15919776209866757,0.24735820967893407,0.5,0.5,-0.2032779858888008,1.011646032333374,0.0010614808415994048,0.010628125630319118,,,1.0,spike
1787,20,scenario3_repeated_spike,SAC,150,134.76446119420226,1,0.15900525861607354,0.24720420689285882,0.5,0.5,-0.20310473275446617,0.7664212584495544,0.0087277265265584,0.024393193423748016,,,1.0,spike
1788,20,scenario3_repeated_spike,SAC,150,140.28801507478204,0,0.16768000942173877,0.568288015074782,0.5,0.5,-0.3679840122482604,1.0571390390396118,0.010326323099434376,0.03605825826525688,,,1.0,spike
1789,20,scenario3_repeated_spike,SAC,150,139.25921356730385,1,0.16063971402447416,0.24851177121957935,0.5,0.5,-0.20457574262202677,1.266823172569275,0.03572744131088257,0.04192811995744705,,,1.0,spike
1790,20,scenario3_repeated_spike,SAC,150,144.33329221057346,0,0.17020830763160844,0.5723332922105735,0.5,0.5,-0.37127079992109097,1.068925380706787,0.008624866604804993,0.029937492683529854,,,1.0,spike
1791,20,scenario3_repeated_spike,SAC,150,142.89996298951613,1,0.16196362290527858,0.24957089832422286,0.5,0.5,-0.2057672606147507,1.3077392578125,0.011768382042646408,0.046048134565353394,,,1.0,spike
1792,20,scenario3_repeated_spike,SAC,150,141.6099666905645,1,0.16149453334202346,0.24919562667361878,0.5,0.5,-0.20534508000782112,1.8976324796676636,0.017388295382261276,0.055166635662317276,,,1.0,spike
1793,20,scenario3_repeated_spike,SAC,150,140.44897002150805,1,0.16107235273509382,0.24885788218807509,0.5,0.5,-0.20496511746158447,1.397525429725647,0.00953051820397377,0.027189258486032486,,,1.0,spike
1794,20,scenario3_repeated_spike,SAC,150,139.40407301935724,1,0.16069239018885717,0.24855391215108574,0.5,0.5,-0.20462315116997146,0.9316183924674988,0.006578149273991585,0.029327642172574997,,,1.0,spike
1795,20,scenario3_repeated_spike,SAC,150,138.46366571742152,1,0.16035042389724416,0.24828033911779535,0.5,0.5,-0.20431538150751977,1.1616381406784058,0.008798536844551563,0.02534937858581543,,,1.0,spike
1796,20,scenario3_repeated_spike,SAC,150,137.61729914567937,1,0.1600426542347925,0.24803412338783404,0.5,0.5,-0.20403838881131325,1.3563331365585327,0.01214827224612236,0.03372873365879059,,,1.0,spike
1797,20,scenario3_repeated_spike,SAC,150,136.85556923111142,1,0.15976566153858598,0.24781252923086883,0.5,0.5,-0.2037890953847274,1.0201336145401,0.009359458461403847,0.03982522338628769,,,1.0,spike
1798,20,scenario3_repeated_spike,SAC,150,136.17001230800028,1,0.15951636811200012,0.24761309448960012,0.5,0.5,-0.2035647313008001,1.0678975582122803,0.005837560165673494,0.03338635340332985,,,1.0,spike
1799,20,scenario3_repeated_spike,SAC,150,135.55301107720027,1,0.15929200402807284,0.24743360322245828,0.5,0.5,-0.20336280362526554,1.0201588869094849,0.009504699148237705,0.03450185805559158,,,1.0,spike
1800,20,scenario3_repeated_spike,SAC,50,116.99770996948024,1,0.13254462180708373,0.146035697445667,0.5,0.5,-0.13929015962637536,1.4110931158065796,0.009608007036149502,0.04410979151725769,,,1.0,normal
1801,20,scenario3_repeated_spike,SAC,50,100.29793897253222,1,0.12647197780819355,0.14117758224655486,0.5,0.5,-0.1338247800273742,1.1124374866485596,0.011159208603203297,0.03690911829471588,,,1.0,normal
1802,20,scenario3_repeated_spike,SAC,50,91.26814507527901,0,0.11704259067204939,0.28726814507527904,0.5,0.5,-0.20215536787366423,1.2278869152069092,0.013811331242322922,0.04133084416389465,,,1.0,normal
1803,20,scenario3_repeated_spike,SAC,50,77.14133056775111,1,0.11805139293372768,0.13444111434698217,0.5,0.5,-0.1262462536403549,1.2711780071258545,0.008199077099561691,0.03838356211781502,,,1.0,normal
1804,20,scenario3_repeated_spike,SAC,50,70.427197510976,0,0.10401699844436002,0.26642719751097604,0.5,0.5,-0.18522209797766803,1.1511660814285278,0.004326012916862965,0.030521102249622345,,,1.0,normal
1805,20,scenario3_repeated_spike,SAC,50,58.38447775987839,1,0.11123071918541033,0.12898457534832827,0.5,0.5,-0.1201076472668693,1.0180532932281494,0.00936187244951725,0.033144254237413406,,,1.0,normal
1806,20,scenario3_repeated_spike,SAC,50,47.546029983890556,1,0.10728946544868748,0.12583157235894998,0.5,0.5,-0.11656051890381873,0.7413817048072815,0.004917272366583347,0.02830781415104866,,,1.0,normal
1807,20,scenario3_repeated_spike,SAC,50,37.7914269855015,1,0.10374233708563692,0.12299386966850953,0.5,0.5,-0.11336810337707323,1.500809907913208,0.015346622094511986,0.045076485723257065,,,1.0,normal
1808,20,scenario3_repeated_spike,SAC,50,35.012284286951356,0,0.0818826776793446,0.23101228428695136,0.5,0.5,-0.15644748098314798,1.1940984725952148,0.006934847217053175,0.027685154229402542,,,1.0,normal
1809,20,scenario3_repeated_spike,SAC,50,26.51105585825622,1,0.0996403839484568,0.11971230715876544,0.5,0.5,-0.10967634555361111,1.164003610610962,0.0036588776856660843,0.025167180225253105,,,1.0,normal
1810,20,scenario3_repeated_spike,SAC,50,18.859950272430595,1,0.09685816373542931,0.11748653098834347,0.5,0.5,-0.10717234736188638,1.0660353899002075,0.02716064453125,0.03616558015346527,,,1.0,normal
1811,20,scenario3_repeated_spike,SAC,50,11.973955245187536,1,0.09435416554370456,0.11548333243496364,0.5,0.5,-0.10491874898933409,1.3809895515441895,0.015164695680141449,0.03804761916399002,,,1.0,normal
1812,20,scenario3_repeated_spike,SAC,50,5.776559720668782,1,0.0921005671711523,0.11368045373692184,0.5,0.5,-0.10289051045403708,1.7907164096832275,0.012296461500227451,0.051030032336711884,,,1.0,normal
1813,20,scenario3_repeated_spike,SAC,50,0.19890374860190363,1,0.09007232863585524,0.11205786290868419,0.5,0.5,-0.10106509577226971,1.3262741565704346,0.0068423012271523476,0.033521637320518494,,,1.0,normal
1814,20,scenario3_repeated_spike,SAC,50,0.0,1,0.09,0.11199999999999999,0.5,0.5,-0.10099999999999999,1.2074857950210571,0.004820965230464935,0.03319193422794342,,,1.0,normal
1815,20,scenario3_repeated_spike,SAC,50,0.0,1,0.09,0.11199999999999999,0.5,0.5,-0.10099999999999999,1.4042161703109741,0.007511727046221495,0.04431391507387161,,,1.0,normal
1816,20,scenario3_repeated_spike,SAC,50,1.0,0,0.060625,0.197,0.5,0.5,-0.1288125,1.4041262865066528,0.010566717013716698,0.03405436873435974,,,1.0,normal
1817,20,scenario3_repeated_spike,SAC,50,0.0,1,0.09,0.11199999999999999,0.5,0.5,-0.10099999999999999,0.9098496437072754,0.00589948333799839,0.03109143115580082,,,1.0,normal
1818,20,scenario3_repeated_spike,SAC,50,0.0,1,0.09,0.11199999999999999,0.5,0.5,-0.10099999999999999,0.9240258932113647,0.013448478654026985,0.0481087788939476,,,1.0,normal
1819,20,scenario3_repeated_spike,SAC,50,1.0,0,0.060625,0.197,0.5,0.5,-0.1288125,0.971211314201355,0.0061350795440375805,0.031623706221580505,,,1.0,normal
1820,20,scenario3_repeated_spike,SAC,50,0.0,1,0.09,0.11199999999999999,0.5,0.5,-0.10099999999999999,1.278372049331665,0.003516734577715397,0.02399410307407379,,,1.0,normal
1821,20,scenario3_repeated_spike,SAC,50,1.0,0,0.060625,0.197,0.5,0.5,-0.1288125,1.1543691158294678,0.0038929630536586046,0.02570481039583683,,,1.0,normal
1822,20,scenario3_repeated_spike,SAC,50,0.0,1,0.09,0.11199999999999999,0.5,0.5,-0.10099999999999999,0.6965226531028748,0.008198282681405544,0.02463240548968315,,,1.0,normal
1823,20,scenario3_repeated_spike,SAC,50,1.0,0,0.060625,0.197,0.5,0.5,-0.1288125,1.2759013175964355,0.01431514322757721,0.042193055152893066,,,1.0,normal
1824,20,scenario3_repeated_spike,SAC,50,0.0,1,0.09,0.11199999999999999,0.5,0.5,-0.10099999999999999,0.6108335256576538,0.004054983612149954,0.022333774715662003,,,1.0,normal
1825,20,scenario3_repeated_spike,SAC,50,0.0,1,0.09,0.11199999999999999,0.5,0.5,-0.10099999999999999,1.385432481765747,0.013288275338709354,0.045726072043180466,,,1.0,normal
1826,20,scenario3_repeated_spike,SAC,50,0.0,1,0.09,0.11199999999999999,0.5,0.5,-0.10099999999999999,1.2135398387908936,0.00539505435153842,0.0330517515540123,,,1.0,normal
1827,20,scenario3_repeated_spike,SAC,50,0.0,1,0.09,0.11199999999999999,0.5,0.5,-0.10099999999999999,1.0567543506622314,0.028934577479958534,0.0473550520837307,,,1.0,normal
1828,20,scenario3_repeated_spike,SAC,50,0.0,1,0.09,0.11199999999999999,0.5,0.5,-0.10099999999999999,1.6678639650344849,0.005949956364929676,0.033021312206983566,,,1.0,normal
1829,20,scenario3_repeated_spike,SAC,50,0.0,1,0.09,0.11199999999999999,0.5,0.5,-0.10099999999999999,1.0737181901931763,0.010610969737172127,0.03877352550625801,,,1.0,normal
1830,20,scenario3_repeated_spike,SAC,50,1.0,0,0.060625,0.197,0.5,0.5,-0.1288125,1.2766884565353394,0.008983032777905464,0.03497753664851189,,,1.0,normal
1831,20,scenario3_repeated_spike,SAC,50,0.0,1,0.09,0.11199999999999999,0.5,0.5,-0.10099999999999999,1.2011544704437256,0.004837216809391975,0.028695788234472275,,,1.0,normal
1832,20,scenario3_repeated_spike,SAC,50,0.0,1,0.09,0.11199999999999999,0.5,0.5,-0.10099999999999999,1.1211302280426025,0.011702094227075577,0.0354226715862751,,,1.0,normal
1833,20,scenario3_repeated_spike,SAC,50,0.0,1,0.09,0.11199999999999999,0.5,0.5,-0.10099999999999999,1.4876083135604858,0.011418547481298447,0.03243279457092285,,,1.0,normal
1834,20,scenario3_repeated_spike,SAC,50,0.0,1,0.09,0.11199999999999999,0.5,0.5,-0.10099999999999999,0.917243480682373,0.006410014349967241,0.027837222442030907,,,1.0,normal
1835,20,scenario3_repeated_spike,SAC,50,1.0,0,0.060625,0.197,0.5,0.5,-0.1288125,1.3053920269012451,0.015403591096401215,0.05091802030801773,,,1.0,normal
1836,20,scenario3_repeated_spike,SAC,50,0.0,1,0.09,0.11199999999999999,0.5,0.5,-0.10099999999999999,1.3113112449645996,0.012965261936187744,0.046145372092723846,,,1.0,normal
1837,20,scenario3_repeated_spike,SAC,50,0.0,1,0.09,0.11199999999999999,0.5,0.5,-0.10099999999999999,1.6281402111053467,0.02851318195462227,0.05386950820684433,,,1.0,normal
1838,20,scenario3_repeated_spike,SAC,50,0.0,1,0.09,0.11199999999999999,0.5,0.5,-0.10099999999999999,1.4268438816070557,0.005013316869735718,0.029566068202257156,,,1.0,normal
1839,20,scenario3_repeated_spike,SAC,50,1.0,0,0.060625,0.197,0.5,0.5,-0.1288125,1.6868669986724854,0.017884306609630585,0.05417749285697937,,,1.0,normal
1840,20,scenario3_repeated_spike,SAC,50,1.9000000000000004,0,0.0611875,0.19790000000000002,0.5,0.5,-0.12954375,1.2157986164093018,0.010092741809785366,0.022122148424386978,,,1.0,normal
1841,20,scenario3_repeated_spike,SAC,50,2.710000000000001,0,0.061693750000000006,0.19871000000000003,0.5,0.5,-0.13020187500000002,1.490375280380249,0.01488928496837616,0.03829523175954819,,,1.0,normal
1842,20,scenario3_repeated_spike,SAC,50,0.0,1,0.09,0.11199999999999999,0.5,0.5,-0.10099999999999999,1.0882192850112915,0.04664953798055649,0.05952707678079605,,,1.0,normal
1843,20,scenario3_repeated_spike,SAC,50,0.0,1,0.09,0.11199999999999999,0.5,0.5,-0.10099999999999999,1.1775436401367188,0.014777918346226215,0.030605316162109375,,,1.0,normal
1844,20,scenario3_repeated_spike,SAC,50,1.0,0,0.060625,0.197,0.5,0.5,-0.1288125,1.1823883056640625,0.006383689120411873,0.018682673573493958,,,1.0,normal
1845,20,scenario3_repeated_spike,SAC,50,0.0,1,0.09,0.11199999999999999,0.5,0.5,-0.10099999999999999,0.9229815602302551,0.004850958473980427,0.019942712038755417,,,1.0,normal
1846,20,scenario3_repeated_spike,SAC,50,0.0,1,0.09,0.11199999999999999,0.5,0.5,-0.10099999999999999,0.6402744054794312,0.029857859015464783,0.03451170027256012,,,1.0,normal
1847,20,scenario3_repeated_spike,SAC,50,1.0,0,0.060625,0.197,0.5,0.5,-0.1288125,1.5085135698318481,0.02319163829088211,0.05970599129796028,,,1.0,normal
1848,20,scenario3_repeated_spike,SAC,50,0.0,1,0.09,0.11199999999999999,0.5,0.5,-0.10099999999999999,1.2501407861709595,0.013590354472398758,0.0444314107298851,,,1.0,normal
1849,20,scenario3_repeated_spike,SAC,50,0.0,1,0.09,0.11199999999999999,0.5,0.5,-0.10099999999999999,0.8420060873031616,0.005557705648243427,0.024637402966618538,,,1.0,normal
1850,20,scenario3_repeated_spike,SAC,50,1.0,0,0.060625,0.197,0.5,0.5,-0.1288125,1.5575436353683472,0.01908954232931137,0.027904827147722244,,,1.0,normal
1851,20,scenario3_repeated_spike,SAC,50,1.9000000000000004,0,0.0611875,0.19790000000000002,0.5,0.5,-0.12954375,0.8304864168167114,0.0036251589190214872,0.021029626950621605,,,1.0,normal
1852,20,scenario3_repeated_spike,SAC,50,0.0,1,0.09,0.11199999999999999,0.5,0.5,-0.10099999999999999,1.2104361057281494,0.004007457755506039,0.024992886930704117,,,1.0,normal
1853,20,scenario3_repeated_spike,SAC,50,0.0,1,0.09,0.11199999999999999,0.5,0.5,-0.10099999999999999,1.2355512380599976,0.015391284599900246,0.025913696736097336,,,1.0,normal
1854,20,scenario3_repeated_spike,SAC,50,0.0,1,0.09,0.11199999999999999,0.5,0.5,-0.10099999999999999,0.7420449256896973,0.006840568967163563,0.029640747234225273,,,1.0,normal
1855,20,scenario3_repeated_spike,SAC,50,1.0,0,0.060625,0.197,0.5,0.5,-0.1288125,1.2991809844970703,0.004473370499908924,0.030098076909780502,,,1.0,normal
1856,20,scenario3_repeated_spike,SAC,50,1.9000000000000004,0,0.0611875,0.19790000000000002,0.5,0.5,-0.12954375,0.8161677122116089,0.0067814551293849945,0.02313544787466526,,,1.0,normal
1857,20,scenario3_repeated_spike,SAC,50,0.0,1,0.09,0.11199999999999999,0.5,0.5,-0.10099999999999999,1.6322543621063232,0.015555216930806637,0.044480107724666595,,,1.0,normal
1858,20,scenario3_repeated_spike,SAC,50,1.0,0,0.060625,0.197,0.5,0.5,-0.1288125,0.6947485208511353,0.005660477094352245,0.023306991904973984,,,1.0,normal
1859,20,scenario3_repeated_spike,SAC,50,0.0,1,0.09,0.11199999999999999,0.5,0.5,-0.10099999999999999,1.249779224395752,0.030407767742872238,0.05471599102020264,,,1.0,normal
1860,20,scenario3_repeated_spike,SAC,50,0.0,1,0.09,0.11199999999999999,0.5,0.5,-0.10099999999999999,0.9898338317871094,0.0017144771991297603,0.016048118472099304,,,1.0,normal
1861,20,scenario3_repeated_spike,SAC,50,0.0,1,0.09,0.11199999999999999,0.5,0.5,-0.10099999999999999,1.125665307044983,0.053615693002939224,0.06121492385864258,,,1.0,normal
1862,20,scenario3_repeated_spike,SAC,50,0.0,1,0.09,0.11199999999999999,0.5,0.5,-0.10099999999999999,1.0436863899230957,0.01337254699319601,0.04595431685447693,,,1.0,normal
1863,20,scenario3_repeated_spike,SAC,50,1.0,0,0.060625,0.197,0.5,0.5,-0.1288125,0.8549308180809021,0.028718771412968636,0.054835475981235504,,,1.0,normal
1864,20,scenario3_repeated_spike,SAC,50,0.0,1,0.09,0.11199999999999999,0.5,0.5,-0.10099999999999999,1.0269999504089355,0.006152112036943436,0.02907976135611534,,,1.0,normal
1865,20,scenario3_repeated_spike,SAC,50,0.0,1,0.09,0.11199999999999999,0.5,0.5,-0.10099999999999999,0.8905459046363831,0.00986073911190033,0.026629233732819557,,,1.0,normal
1866,20,scenario3_repeated_spike,SAC,50,0.0,1,0.09,0.11199999999999999,0.5,0.5,-0.10099999999999999,1.6452903747558594,0.01553810853511095,0.05413839593529701,,,1.0,normal
1867,20,scenario3_repeated_spike,SAC,50,1.0,0,0.060625,0.197,0.5,0.5,-0.1288125,0.9098225235939026,0.031648121774196625,0.04647882655262947,,,1.0,normal
1868,20,scenario3_repeated_spike,SAC,50,0.0,1,0.09,0.11199999999999999,0.5,0.5,-0.10099999999999999,1.1167627573013306,0.006532181054353714,0.018596269190311432,,,1.0,normal
1869,20,scenario3_repeated_spike,SAC,50,1.0,0,0.060625,0.197,0.5,0.5,-0.1288125,1.1598516702651978,0.016442708671092987,0.05238328129053116,,,1.0,normal
1870,20,scenario3_repeated_spike,SAC,50,0.0,1,0.09,0.11199999999999999,0.5,0.5,-0.10099999999999999,0.933715283870697,0.031653452664613724,0.06846049427986145,,,1.0,normal
1871,20,scenario3_repeated_spike,SAC,50,1.0,0,0.060625,0.197,0.5,0.5,-0.1288125,1.4790047407150269,0.03835189342498779,0.0847134217619896,,,1.0,normal
1872,20,scenario3_repeated_spike,SAC,50,0.0,1,0.09,0.11199999999999999,0.5,0.5,-0.10099999999999999,1.8720930814743042,0.02119447849690914,0.06302247941493988,,,1.0,normal
1873,20,scenario3_repeated_spike,SAC,50,0.0,1,0.09,0.11199999999999999,0.5,0.5,-0.10099999999999999,1.3650109767913818,0.013295790180563927,0.03475956618785858,,,1.0,normal
1874,20,scenario3_repeated_spike,SAC,50,0.0,1,0.09,0.11199999999999999,0.5,0.5,-0.10099999999999999,1.366461992263794,0.010046820156276226,0.04381581395864487,,,1.0,normal
1875,20,scenario3_repeated_spike,SAC,50,0.0,1,0.09,0.11199999999999999,0.5,0.5,-0.10099999999999999,1.2266740798950195,0.0068492465652525425,0.035190481692552567,,,1.0,normal
1876,20,scenario3_repeated_spike,SAC,50,1.0,0,0.060625,0.197,0.5,0.5,-0.1288125,1.0069293975830078,0.004532887600362301,0.017663275822997093,,,1.0,normal
1877,20,scenario3_repeated_spike,SAC,50,0.0,1,0.09,0.11199999999999999,0.5,0.5,-0.10099999999999999,1.5155117511749268,0.02156313881278038,0.05436671897768974,,,1.0,normal
1878,20,scenario3_repeated_spike,SAC,50,1.0,0,0.060625,0.197,0.5,0.5,-0.1288125,1.3638582229614258,0.02064550295472145,0.05953285098075867,,,1.0,normal
1879,20,scenario3_repeated_spike,SAC,50,0.0,1,0.09,0.11199999999999999,0.5,0.5,-0.10099999999999999,1.6052833795547485,0.017437588423490524,0.05906566604971886,,,1.0,normal
1880,20,scenario3_repeated_spike,SAC,50,1.0,0,0.060625,0.197,0.5,0.5,-0.1288125,1.2932143211364746,0.006133599206805229,0.02594614028930664,,,1.0,normal
1881,20,scenario3_repeated_spike,SAC,50,0.0,1,0.09,0.11199999999999999,0.5,0.5,-0.10099999999999999,1.1465072631835938,0.003959003370255232,0.024980057030916214,,,1.0,normal
1882,20,scenario3_repeated_spike,SAC,50,1.0,0,0.060625,0.197,0.5,0.5,-0.1288125,1.4970877170562744,0.005442759022116661,0.025374051183462143,,,1.0,normal
1883,20,scenario3_repeated_spike,SAC,50,0.0,1,0.09,0.11199999999999999,0.5,0.5,-0.10099999999999999,1.580399513244629,0.022796276956796646,0.06308834254741669,,,1.0,normal
1884,20,scenario3_repeated_spike,SAC,50,1.0,0,0.060625,0.197,0.5,0.5,-0.1288125,1.323074221611023,0.015832826495170593,0.044852618128061295,,,1.0,normal
1885,20,scenario3_repeated_spike,SAC,50,0.0,1,0.09,0.11199999999999999,0.5,0.5,-0.10099999999999999,0.9239540100097656,0.007575986906886101,0.03240976855158806,,,1.0,normal
1886,20,scenario3_repeated_spike,SAC,50,1.0,0,0.060625,0.197,0.5,0.5,-0.1288125,0.611996054649353,0.006185378413647413,0.02429007552564144,,,1.0,normal
1887,20,scenario3_repeated_spike,SAC,50,1.9000000000000004,0,0.0611875,0.19790000000000002,0.5,0.5,-0.12954375,1.1324894428253174,0.024703260511159897,0.054908040910959244,,,1.0,normal
1888,20,scenario3_repeated_spike,SAC,50,2.710000000000001,0,0.061693750000000006,0.19871000000000003,0.5,0.5,-0.13020187500000002,1.5086133480072021,0.005680664908140898,0.028938934206962585,,,1.0,normal
1889,20,scenario3_repeated_spike,SAC,50,3.439,0,0.062149375,0.199439,0.5,0.5,-0.1307941875,1.536094307899475,0.006444202736020088,0.032040778547525406,,,1.0,normal
1890,20,scenario3_repeated_spike,SAC,50,0.0,1,0.09,0.11199999999999999,0.5,0.5,-0.10099999999999999,0.9897688627243042,0.012775113806128502,0.03516345098614693,,,1.0,normal
1891,20,scenario3_repeated_spike,SAC,50,0.0,1,0.09,0.11199999999999999,0.5,0.5,-0.10099999999999999,1.087707757949829,0.01021354179829359,0.028054840862751007,,,1.0,normal
1892,20,scenario3_repeated_spike,SAC,50,0.0,1,0.09,0.11199999999999999,0.5,0.5,-0.10099999999999999,0.939026951789856,0.00018877664115279913,0.005858736578375101,,,1.0,normal
1893,20,scenario3_repeated_spike,SAC,50,0.0,1,0.09,0.11199999999999999,0.5,0.5,-0.10099999999999999,1.2333581447601318,0.023869190365076065,0.045028116554021835,,,1.0,normal
1894,20,scenario3_repeated_spike,SAC,50,1.0,0,0.060625,0.197,0.5,0.5,-0.1288125,1.1160660982131958,0.013265654444694519,0.039181094616651535,,,1.0,normal
1895,20,scenario3_repeated_spike,SAC,50,0.0,1,0.09,0.11199999999999999,0.5,0.5,-0.10099999999999999,1.0566014051437378,0.015563888475298882,0.04610456898808479,,,1.0,normal
1896,20,scenario3_repeated_spike,SAC,50,1.0,0,0.060625,0.197,0.5,0.5,-0.1288125,1.3336018323898315,0.010598491877317429,0.04284270852804184,,,1.0,normal
1897,20,scenario3_repeated_spike,SAC,50,0.0,1,0.09,0.11199999999999999,0.5,0.5,-0.10099999999999999,1.16788911819458,0.003945881500840187,0.018087103962898254,,,1.0,normal
1898,20,scenario3_repeated_spike,SAC,50,1.0,0,0.060625,0.197,0.5,0.5,-0.1288125,0.972348690032959,0.0063000028021633625,0.023952137678861618,,,1.0,normal
1899,20,scenario3_repeated_spike,SAC,50,0.0,1,0.09,0.11199999999999999,0.5,0.5,-0.10099999999999999,0.9770253300666809,0.004989780951291323,0.024057842791080475,,,1.0,normal
1900,20,scenario3_repeated_spike,SAC,50,0.0,1,0.09,0.11199999999999999,0.5,0.5,-0.10099999999999999,0.8742883205413818,0.0018032118678092957,0.014277038164436817,,,1.0,normal
1901,20,scenario3_repeated_spike,SAC,50,0.0,1,0.09,0.11199999999999999,0.5,0.5,-0.10099999999999999,1.3993384838104248,0.00635338481515646,0.031775735318660736,,,1.0,normal
1902,20,scenario3_repeated_spike,SAC,50,0.0,1,0.09,0.11199999999999999,0.5,0.5,-0.10099999999999999,0.8276955485343933,0.01007088366895914,0.031718164682388306,,,1.0,normal
1903,20,scenario3_repeated_spike,SAC,50,1.0,0,0.060625,0.197,0.5,0.5,-0.1288125,1.1396918296813965,0.01400713063776493,0.0346217080950737,,,1.0,normal
1904,20,scenario3_repeated_spike,SAC,50,0.0,1,0.09,0.11199999999999999,0.5,0.5,-0.10099999999999999,1.5108990669250488,0.003774369601160288,0.01570747047662735,,,1.0,normal
1905,20,scenario3_repeated_spike,SAC,50,1.0,0,0.060625,0.197,0.5,0.5,-0.1288125,1.128937005996704,0.021235395222902298,0.05075123906135559,,,1.0,normal
1906,20,scenario3_repeated_spike,SAC,50,1.9000000000000004,0,0.0611875,0.19790000000000002,0.5,0.5,-0.12954375,1.2781493663787842,0.04807426780462265,0.06351446360349655,,,1.0,normal
1907,20,scenario3_repeated_spike,SAC,50,2.710000000000001,0,0.061693750000000006,0.19871000000000003,0.5,0.5,-0.13020187500000002,1.6105432510375977,0.024908673018217087,0.06021452695131302,,,1.0,normal
1908,20,scenario3_repeated_spike,SAC,50,0.0,1,0.09,0.11199999999999999,0.5,0.5,-0.10099999999999999,1.16302490234375,0.016957605257630348,0.040012240409851074,,,1.0,normal
1909,20,scenario3_repeated_spike,SAC,50,1.0,0,0.060625,0.197,0.5,0.5,-0.1288125,1.5732847452163696,0.015810832381248474,0.03690369427204132,,,1.0,normal
1910,20,scenario3_repeated_spike,SAC,50,0.0,1,0.09,0.11199999999999999,0.5,0.5,-0.10099999999999999,1.066228985786438,0.024488424882292747,0.042013902217149734,,,1.0,normal
1911,20,scenario3_repeated_spike,SAC,50,1.0,0,0.060625,0.197,0.5,0.5,-0.1288125,0.6864671111106873,0.030064905062317848,0.05210120603442192,,,1.0,normal
1912,20,scenario3_repeated_spike,SAC,50,1.9000000000000004,0,0.0611875,0.19790000000000002,0.5,0.5,-0.12954375,1.2794040441513062,0.009401477873325348,0.03850548341870308,,,1.0,normal
1913,20,scenario3_repeated_spike,SAC,50,2.710000000000001,0,0.061693750000000006,0.19871000000000003,0.5,0.5,-0.13020187500000002,1.2345341444015503,0.019074026495218277,0.031430959701538086,,,1.0,normal
1914,20,scenario3_repeated_spike,SAC,50,3.439,0,0.062149375,0.199439,0.5,0.5,-0.1307941875,1.3719576597213745,0.012089723721146584,0.031397219747304916,,,1.0,normal
1915,20,scenario3_repeated_spike,SAC,50,4.0951,0,0.06255943750000001,0.20009510000000003,0.5,0.5,-0.13132726875,1.5521122217178345,0.003014352172613144,0.02125283144414425,,,1.0,normal
1916,20,scenario3_repeated_spike,SAC,50,0.0,1,0.09,0.11199999999999999,0.5,0.5,-0.10099999999999999,0.4451281428337097,0.017685633152723312,0.023985881358385086,,,1.0,normal
1917,20,scenario3_repeated_spike,SAC,50,0.0,1,0.09,0.11199999999999999,0.5,0.5,-0.10099999999999999,0.9583889245986938,0.018303239718079567,0.03525742515921593,,,1.0,normal
1918,20,scenario3_repeated_spike,SAC,50,0.0,1,0.09,0.11199999999999999,0.5,0.5,-0.10099999999999999,1.015602946281433,0.022867288440465927,0.049769219011068344,,,1.0,normal
1919,20,scenario3_repeated_spike,SAC,50,0.0,1,0.09,0.11199999999999999,0.5,0.5,-0.10099999999999999,1.4071180820465088,0.034165672957897186,0.06443307548761368,,,1.0,normal
1920,20,scenario3_repeated_spike,SAC,50,1.0,0,0.060625,0.197,0.5,0.5,-0.1288125,1.2442119121551514,0.03716112673282623,0.06950996816158295,,,1.0,normal
1921,20,scenario3_repeated_spike,SAC,50,0.0,1,0.09,0.11199999999999999,0.5,0.5,-0.10099999999999999,1.5179798603057861,0.023862740024924278,0.057178743183612823,,,1.0,normal
1922,20,scenario3_repeated_spike,SAC,50,1.0,0,0.060625,0.197,0.5,0.5,-0.1288125,1.5974847078323364,0.0129785081371665,0.043635930866003036,,,1.0,normal
1923,20,scenario3_repeated_spike,SAC,50,0.0,1,0.09,0.11199999999999999,0.5,0.5,-0.10099999999999999,0.9087839126586914,0.014427793212234974,0.03727671504020691,,,1.0,normal
1924,20,scenario3_repeated_spike,SAC,50,0.0,1,0.09,0.11199999999999999,0.5,0.5,-0.10099999999999999,1.090152382850647,0.010820580646395683,0.038253046572208405,,,1.0,normal
1925,20,scenario3_repeated_spike,SAC,50,1.0,0,0.060625,0.197,0.5,0.5,-0.1288125,0.9502823352813721,0.015185317024588585,0.030656928196549416,,,1.0,normal
1926,20,scenario3_repeated_spike,SAC,50,0.0,1,0.09,0.11199999999999999,0.5,0.5,-0.10099999999999999,1.030167579650879,0.011863050051033497,0.029253218322992325,,,1.0,normal
1927,20,scenario3_repeated_spike,SAC,50,1.0,0,0.060625,0.197,0.5,0.5,-0.1288125,1.268467664718628,0.009726796299219131,0.03121529147028923,,,1.0,normal
1928,20,scenario3_repeated_spike,SAC,50,0.0,1,0.09,0.11199999999999999,0.5,0.5,-0.10099999999999999,1.1095788478851318,0.013271092437207699,0.03399170562624931,,,1.0,normal
1929,20,scenario3_repeated_spike,SAC,50,1.0,0,0.060625,0.197,0.5,0.5,-0.1288125,1.1229190826416016,0.02364150620996952,0.03940923139452934,,,1.0,normal
1930,20,scenario3_repeated_spike,SAC,50,0.0,1,0.09,0.11199999999999999,0.5,0.5,-0.10099999999999999,1.1491954326629639,0.01883888617157936,0.03805098310112953,,,1.0,normal
1931,20,scenario3_repeated_spike,SAC,50,1.0,0,0.060625,0.197,0.5,0.5,-0.1288125,1.6551952362060547,0.008745762519538403,0.031680718064308167,,,1.0,normal
1932,20,scenario3_repeated_spike,SAC,50,1.9000000000000004,0,0.0611875,0.19790000000000002,0.5,0.5,-0.12954375,1.213871955871582,0.016788337379693985,0.03823039308190346,,,1.0,normal
1933,20,scenario3_repeated_spike,SAC,50,0.0,1,0.09,0.11199999999999999,0.5,0.5,-0.10099999999999999,0.9994560480117798,0.007005025167018175,0.02282426320016384,,,1.0,normal
1934,20,scenario3_repeated_spike,SAC,50,1.0,0,0.060625,0.197,0.5,0.5,-0.1288125,1.1624706983566284,0.018531376495957375,0.03611631318926811,,,1.0,normal
1935,20,scenario3_repeated_spike,SAC,50,0.0,1,0.09,0.11199999999999999,0.5,0.5,-0.10099999999999999,1.109821081161499,0.004724390804767609,0.022672856226563454,,,1.0,normal
1936,20,scenario3_repeated_spike,SAC,50,1.0,0,0.060625,0.197,0.5,0.5,-0.1288125,1.0335392951965332,0.016011370345950127,0.03383716940879822,,,1.0,normal
1937,20,scenario3_repeated_spike,SAC,50,0.0,1,0.09,0.11199999999999999,0.5,0.5,-0.10099999999999999,0.8418141603469849,0.0033870243933051825,0.022417603060603142,,,1.0,normal
1938,20,scenario3_repeated_spike,SAC,50,0.0,1,0.09,0.11199999999999999,0.5,0.5,-0.10099999999999999,1.1013914346694946,0.010788184590637684,0.028405465185642242,,,1.0,normal
1939,20,scenario3_repeated_spike,SAC,50,0.0,1,0.09,0.11199999999999999,0.5,0.5,-0.10099999999999999,0.7986749410629272,0.009944774210453033,0.019995827227830887,,,1.0,normal
1940,20,scenario3_repeated_spike,SAC,50,0.0,1,0.09,0.11199999999999999,0.5,0.5,-0.10099999999999999,0.7407650351524353,0.004462095443159342,0.022492991760373116,,,1.0,normal
1941,20,scenario3_repeated_spike,SAC,50,0.0,1,0.09,0.11199999999999999,0.5,0.5,-0.10099999999999999,1.3047411441802979,0.02880915068089962,0.057490408420562744,,,1.0,normal
1942,20,scenario3_repeated_spike,SAC,50,0.0,1,0.09,0.11199999999999999,0.5,0.5,-0.10099999999999999,0.969763994216919,0.035119663923978806,0.05326516553759575,,,1.0,normal
1943,20,scenario3_repeated_spike,SAC,50,0.0,1,0.09,0.11199999999999999,0.5,0.5,-0.10099999999999999,1.0301200151443481,0.01191979181021452,0.034869708120822906,,,1.0,normal
1944,20,scenario3_repeated_spike,SAC,50,0.0,1,0.09,0.11199999999999999,0.5,0.5,-0.10099999999999999,0.9540173411369324,0.01241016760468483,0.03239773213863373,,,1.0,normal
1945,20,scenario3_repeated_spike,SAC,50,0.0,1,0.09,0.11199999999999999,0.5,0.5,-0.10099999999999999,1.3546459674835205,0.02672303095459938,0.051295556128025055,,,1.0,normal
1946,20,scenario3_repeated_spike,SAC,50,0.0,1,0.09,0.11199999999999999,0.5,0.5,-0.10099999999999999,1.6223657131195068,0.018114514648914337,0.05682948976755142,,,1.0,normal
1947,20,scenario3_repeated_spike,SAC,50,0.0,1,0.09,0.11199999999999999,0.5,0.5,-0.10099999999999999,1.132946252822876,0.03730436787009239,0.05137380585074425,,,1.0,normal
1948,20,scenario3_repeated_spike,SAC,50,0.0,1,0.09,0.11199999999999999,0.5,0.5,-0.10099999999999999,0.6639740467071533,0.014850516803562641,0.026788895949721336,,,1.0,normal
1949,20,scenario3_repeated_spike,SAC,50,0.0,1,0.09,0.11199999999999999,0.5,0.5,-0.10099999999999999,1.296023964881897,0.016986727714538574,0.04783395677804947,,,1.0,normal
1950,20,scenario3_repeated_spike,SAC,50,0.0,1,0.09,0.11199999999999999,0.5,0.5,-0.10099999999999999,1.218593955039978,0.028139688074588776,0.06112566590309143,,,1.0,normal
1951,20,scenario3_repeated_spike,SAC,50,0.0,1,0.09,0.11199999999999999,0.5,0.5,-0.10099999999999999,1.266623616218567,0.02149374596774578,0.04897649586200714,,,1.0,normal
1952,20,scenario3_repeated_spike,SAC,50,1.0,0,0.060625,0.197,0.5,0.5,-0.1288125,1.3368583917617798,0.02878272533416748,0.0550561398267746,,,1.0,normal
1953,20,scenario3_repeated_spike,SAC,50,0.0,1,0.09,0.11199999999999999,0.5,0.5,-0.10099999999999999,1.2482681274414062,0.04042555391788483,0.04017067700624466,,,1.0,normal
1954,20,scenario3_repeated_spike,SAC,50,1.0,0,0.060625,0.197,0.5,0.5,-0.1288125,0.8021923899650574,0.01305459812283516,0.029780589044094086,,,1.0,normal
1955,20,scenario3_repeated_spike,SAC,50,1.9000000000000004,0,0.0611875,0.19790000000000002,0.5,0.5,-0.12954375,1.026258945465088,0.03026891127228737,0.049023207277059555,,,1.0,normal
1956,20,scenario3_repeated_spike,SAC,50,0.0,1,0.09,0.11199999999999999,0.5,0.5,-0.10099999999999999,1.1691774129867554,0.028038177639245987,0.05839838087558746,,,1.0,normal
1957,20,scenario3_repeated_spike,SAC,50,0.0,1,0.09,0.11199999999999999,0.5,0.5,-0.10099999999999999,0.9553470611572266,0.013434984721243382,0.03557806462049484,,,1.0,normal
1958,20,scenario3_repeated_spike,SAC,50,1.0,0,0.060625,0.197,0.5,0.5,-0.1288125,1.298768162727356,0.043430767953395844,0.052926644682884216,,,1.0,normal
1959,20,scenario3_repeated_spike,SAC,50,0.0,1,0.09,0.11199999999999999,0.5,0.5,-0.10099999999999999,0.9907814860343933,0.009044593200087547,0.03366614505648613,,,1.0,normal
1960,20,scenario3_repeated_spike,SAC,50,1.0,0,0.060625,0.197,0.5,0.5,-0.1288125,1.6367135047912598,0.030246686190366745,0.06603264063596725,,,1.0,normal
1961,20,scenario3_repeated_spike,SAC,50,1.9000000000000004,0,0.0611875,0.19790000000000002,0.5,0.5,-0.12954375,0.5317642688751221,0.04520502686500549,0.0586436502635479,,,1.0,normal
1962,20,scenario3_repeated_spike,SAC,50,0.0,1,0.09,0.11199999999999999,0.5,0.5,-0.10099999999999999,1.2635568380355835,0.014705483801662922,0.04486599564552307,,,1.0,normal
1963,20,scenario3_repeated_spike,SAC,50,1.0,0,0.060625,0.197,0.5,0.5,-0.1288125,1.1527386903762817,0.015364523977041245,0.04202714562416077,,,1.0,normal
1964,20,scenario3_repeated_spike,SAC,50,0.0,1,0.09,0.11199999999999999,0.5,0.5,-0.10099999999999999,1.1979931592941284,0.046067073941230774,0.0630502998828888,,,1.0,normal
1965,20,scenario3_repeated_spike,SAC,50,1.0,0,0.060625,0.197,0.5,0.5,-0.1288125,1.4692481756210327,0.0263369157910347,0.057732000946998596,,,1.0,normal
1966,20,scenario3_repeated_spike,SAC,50,1.9000000000000004,0,0.0611875,0.19790000000000002,0.5,0.5,-0.12954375,1.1666107177734375,0.034514401108026505,0.06609182804822922,,,1.0,normal
1967,20,scenario3_repeated_spike,SAC,50,0.0,1,0.09,0.11199999999999999,0.5,0.5,-0.10099999999999999,0.5298420190811157,0.023686088621616364,0.03231434151530266,,,1.0,normal
1968,20,scenario3_repeated_spike,SAC,50,1.0,0,0.060625,0.197,0.5,0.5,-0.1288125,1.0026510953903198,0.026448916643857956,0.04581589996814728,,,1.0,normal
1969,20,scenario3_repeated_spike,SAC,50,1.9000000000000004,0,0.0611875,0.19790000000000002,0.5,0.5,-0.12954375,1.6769206523895264,0.04734159633517265,0.10363665223121643,,,1.0,normal
1970,20,scenario3_repeated_spike,SAC,50,0.0,1,0.09,0.11199999999999999,0.5,0.5,-0.10099999999999999,1.0385738611221313,0.03748079389333725,0.07149110734462738,,,1.0,normal
1971,20,scenario3_repeated_spike,SAC,50,0.0,1,0.09,0.11199999999999999,0.5,0.5,-0.10099999999999999,1.1578943729400635,0.03145001456141472,0.06514902412891388,,,1.0,normal
1972,20,scenario3_repeated_spike,SAC,50,1.0,0,0.060625,0.197,0.5,0.5,-0.1288125,1.5217747688293457,0.0221024788916111,0.06135427951812744,,,1.0,normal
1973,20,scenario3_repeated_spike,SAC,50,0.0,1,0.09,0.11199999999999999,0.5,0.5,-0.10099999999999999,1.414441704750061,0.02060098573565483,0.06277961283922195,,,1.0,normal
1974,20,scenario3_repeated_spike,SAC,50,0.0,1,0.09,0.11199999999999999,0.5,0.5,-0.10099999999999999,1.3553919792175293,0.03354717418551445,0.07155467569828033,,,1.0,normal
1975,20,scenario3_repeated_spike,SAC,50,1.0,0,0.060625,0.197,0.5,0.5,-0.1288125,1.9937151670455933,0.026767270639538765,0.08353614062070847,,,1.0,normal
1976,20,scenario3_repeated_spike,SAC,50,1.9000000000000004,0,0.0611875,0.19790000000000002,0.5,0.5,-0.12954375,0.8896586298942566,0.016840104013681412,0.04311322420835495,,,1.0,normal
1977,20,scenario3_repeated_spike,SAC,50,2.710000000000001,0,0.061693750000000006,0.19871000000000003,0.5,0.5,-0.13020187500000002,1.3913273811340332,0.021951979026198387,0.06430581212043762,,,1.0,normal
1978,20,scenario3_repeated_spike,SAC,50,0.0,1,0.09,0.11199999999999999,0.5,0.5,-0.10099999999999999,1.1214088201522827,0.020195014774799347,0.0507933646440506,,,1.0,normal
1979,20,scenario3_repeated_spike,SAC,50,0.0,1,0.09,0.11199999999999999,0.5,0.5,-0.10099999999999999,0.6419224739074707,0.009607179090380669,0.03521640971302986,,,1.0,normal
1980,20,scenario3_repeated_spike,SAC,50,1.0,0,0.060625,0.197,0.5,0.5,-0.1288125,0.8974573016166687,0.022557921707630157,0.04580274969339371,,,1.0,normal
1981,20,scenario3_repeated_spike,SAC,50,0.0,1,0.09,0.11199999999999999,0.5,0.5,-0.10099999999999999,0.9069413542747498,0.019282987341284752,0.04511674866080284,,,1.0,normal
1982,20,scenario3_repeated_spike,SAC,50,1.0,0,0.060625,0.197,0.5,0.5,-0.1288125,1.5537158250808716,0.024749476462602615,0.06153782457113266,,,1.0,normal
1983,20,scenario3_repeated_spike,SAC,50,0.0,1,0.09,0.11199999999999999,0.5,0.5,-0.10099999999999999,1.1083884239196777,0.008398173376917839,0.03936401754617691,,,1.0,normal
1984,20,scenario3_repeated_spike,SAC,50,0.0,1,0.09,0.11199999999999999,0.5,0.5,-0.10099999999999999,1.4168192148208618,0.008357156068086624,0.03898518905043602,,,1.0,normal
1985,20,scenario3_repeated_spike,SAC,50,0.0,1,0.09,0.11199999999999999,0.5,0.5,-0.10099999999999999,0.9917373657226562,0.006686486769467592,0.03230180963873863,,,1.0,normal
1986,20,scenario3_repeated_spike,SAC,50,1.0,0,0.060625,0.197,0.5,0.5,-0.1288125,1.4352161884307861,0.03948695585131645,0.0627388283610344,,,1.0,normal
1987,20,scenario3_repeated_spike,SAC,50,1.9000000000000004,0,0.0611875,0.19790000000000002,0.5,0.5,-0.12954375,1.269351840019226,0.024822574108839035,0.060441359877586365,,,1.0,normal
1988,20,scenario3_repeated_spike,SAC,50,2.710000000000001,0,0.061693750000000006,0.19871000000000003,0.5,0.5,-0.13020187500000002,0.9719575643539429,0.006496577523648739,0.02628498524427414,,,1.0,normal
1989,20,scenario3_repeated_spike,SAC,50,0.0,1,0.09,0.11199999999999999,0.5,0.5,-0.10099999999999999,1.0667338371276855,0.0060037653893232346,0.0280474703758955,,,1.0,normal
1990,20,scenario3_repeated_spike,SAC,50,1.0,0,0.060625,0.197,0.5,0.5,-0.1288125,1.0522143840789795,0.01615949347615242,0.049598172307014465,,,1.0,normal
1991,20,scenario3_repeated_spike,SAC,50,0.0,1,0.09,0.11199999999999999,0.5,0.5,-0.10099999999999999,1.1566544771194458,0.04689708352088928,0.07508481293916702,,,1.0,normal
1992,20,scenario3_repeated_spike,SAC,50,0.0,1,0.09,0.11199999999999999,0.5,0.5,-0.10099999999999999,1.3998833894729614,0.010628841817378998,0.045962363481521606,,,1.0,normal
1993,20,scenario3_repeated_spike,SAC,50,0.0,1,0.09,0.11199999999999999,0.5,0.5,-0.10099999999999999,1.486018419265747,0.004219728987663984,0.022158468142151833,,,1.0,normal
1994,20,scenario3_repeated_spike,SAC,50,1.0,0,0.060625,0.197,0.5,0.5,-0.1288125,0.9300359487533569,0.007662957534193993,0.03481530025601387,,,1.0,normal
1995,20,scenario3_repeated_spike,SAC,50,0.0,1,0.09,0.11199999999999999,0.5,0.5,-0.10099999999999999,0.9223403334617615,0.015712616965174675,0.041037630289793015,,,1.0,normal
1996,20,scenario3_repeated_spike,SAC,50,1.0,0,0.060625,0.197,0.5,0.5,-0.1288125,0.789044976234436,0.033815015107393265,0.04588838294148445,,,1.0,normal
1997,20,scenario3_repeated_spike,SAC,50,0.0,1,0.09,0.11199999999999999,0.5,0.5,-0.10099999999999999,0.977340817451477,0.006138010416179895,0.030734356492757797,,,1.0,normal
1998,20,scenario3_repeated_spike,SAC,50,0.0,1,0.09,0.11199999999999999,0.5,0.5,-0.10099999999999999,1.3672230243682861,0.012820740230381489,0.02900364249944687,,,1.0,normal
1999,20,scenario3_repeated_spike,SAC,50,1.0,0,0.060625,0.197,0.5,0.5,-0.1288125,1.3744945526123047,0.017113054171204567,0.04675740748643875,,,1.0,normal
2000,20,scenario3_repeated_spike,SAC,50,0.0,1,0.09,0.11199999999999999,0.5,0.5,-0.10099999999999999,1.4038182497024536,0.015235627070069313,0.047034040093421936,,,1.0,normal
2001,20,scenario3_repeated_spike,SAC,50,0.0,1,0.09,0.11199999999999999,0.5,0.5,-0.10099999999999999,0.8329313397407532,0.009828558191657066,0.02529914863407612,,,1.0,normal
2002,20,scenario3_repeated_spike,SAC,50,1.0,0,0.060625,0.197,0.5,0.5,-0.1288125,0.7700542211532593,0.025991354137659073,0.026949292048811913,,,1.0,normal
2003,20,scenario3_repeated_spike,SAC,50,0.0,1,0.09,0.11199999999999999,0.5,0.5,-0.10099999999999999,0.7779487371444702,0.002862263936549425,0.018795304000377655,,,1.0,normal
2004,20,scenario3_repeated_spike,SAC,50,0.0,1,0.09,0.11199999999999999,0.5,0.5,-0.10099999999999999,0.6596387624740601,0.017188694328069687,0.028745971620082855,,,1.0,normal
2005,20,scenario3_repeated_spike,SAC,50,0.0,1,0.09,0.11199999999999999,0.5,0.5,-0.10099999999999999,1.4772189855575562,0.002877333667129278,0.022459622472524643,,,1.0,normal
2006,20,scenario3_repeated_spike,SAC,50,1.0,0,0.060625,0.197,0.5,0.5,-0.1288125,0.978912889957428,0.003940792754292488,0.02300887554883957,,,1.0,normal
2007,20,scenario3_repeated_spike,SAC,50,0.0,1,0.09,0.11199999999999999,0.5,0.5,-0.10099999999999999,1.18373441696167,0.003380491863936186,0.018544694408774376,,,1.0,normal
2008,20,scenario3_repeated_spike,SAC,50,0.0,1,0.09,0.11199999999999999,0.5,0.5,-0.10099999999999999,1.2730876207351685,0.03657789155840874,0.049906738102436066,,,1.0,normal
2009,20,scenario3_repeated_spike,SAC,50,0.0,1,0.09,0.11199999999999999,0.5,0.5,-0.10099999999999999,1.091579556465149,0.014417133294045925,0.0395016185939312,,,1.0,normal
2010,20,scenario3_repeated_spike,SAC,50,1.0,0,0.060625,0.197,0.5,0.5,-0.1288125,1.3426133394241333,0.005464244168251753,0.02733725681900978,,,1.0,normal
2011,20,scenario3_repeated_spike,SAC,50,1.9000000000000004,0,0.0611875,0.19790000000000002,0.5,0.5,-0.12954375,1.065425157546997,0.0026920007076114416,0.02012791484594345,,,1.0,normal
2012,20,scenario3_repeated_spike,SAC,50,0.0,1,0.09,0.11199999999999999,0.5,0.5,-0.10099999999999999,1.0498359203338623,0.004109430592507124,0.02673528529703617,,,1.0,normal
2013,20,scenario3_repeated_spike,SAC,50,0.0,1,0.09,0.11199999999999999,0.5,0.5,-0.10099999999999999,0.8826678991317749,0.0012034305837005377,0.015670567750930786,,,1.0,normal
2014,20,scenario3_repeated_spike,SAC,50,0.0,1,0.09,0.11199999999999999,0.5,0.5,-0.10099999999999999,1.3201135396957397,0.031796202063560486,0.044639427214860916,,,1.0,normal
2015,20,scenario3_repeated_spike,SAC,50,0.0,1,0.09,0.11199999999999999,0.5,0.5,-0.10099999999999999,1.1228110790252686,0.011057991534471512,0.041235581040382385,,,1.0,normal
2016,20,scenario3_repeated_spike,SAC,50,1.0,0,0.060625,0.197,0.5,0.5,-0.1288125,0.930561900138855,0.004921220242977142,0.02744099125266075,,,1.0,normal
2017,20,scenario3_repeated_spike,SAC,50,0.0,1,0.09,0.11199999999999999,0.5,0.5,-0.10099999999999999,1.1346327066421509,0.0058433376252651215,0.0252993144094944,,,1.0,normal
2018,20,scenario3_repeated_spike,SAC,50,1.0,0,0.060625,0.197,0.5,0.5,-0.1288125,0.9251545071601868,0.007396531291306019,0.030483368784189224,,,1.0,normal
2019,20,scenario3_repeated_spike,SAC,50,1.9000000000000004,0,0.0611875,0.19790000000000002,0.5,0.5,-0.12954375,0.8417415022850037,0.012505169957876205,0.03655277565121651,,,1.0,normal
2020,20,scenario3_repeated_spike,SAC,50,2.710000000000001,0,0.061693750000000006,0.19871000000000003,0.5,0.5,-0.13020187500000002,1.213616132736206,0.02251388132572174,0.05336299538612366,,,1.0,normal
2021,20,scenario3_repeated_spike,SAC,50,3.439,0,0.062149375,0.199439,0.5,0.5,-0.1307941875,0.6221886873245239,0.007452317513525486,0.02880682423710823,,,1.0,normal
2022,20,scenario3_repeated_spike,SAC,50,4.0951,0,0.06255943750000001,0.20009510000000003,0.5,0.5,-0.13132726875,1.2204935550689697,0.012432998046278954,0.04457199200987816,,,1.0,normal
2023,20,scenario3_repeated_spike,SAC,50,0.0,1,0.09,0.11199999999999999,0.5,0.5,-0.10099999999999999,0.8805278539657593,0.008752565830945969,0.01963883824646473,,,1.0,normal
2024,20,scenario3_repeated_spike,SAC,50,1.0,0,0.060625,0.197,0.5,0.5,-0.1288125,0.2841094434261322,0.004670613911002874,0.017529860138893127,,,1.0,normal
2025,20,scenario3_repeated_spike,SAC,50,0.0,1,0.09,0.11199999999999999,0.5,0.5,-0.10099999999999999,1.0389751195907593,0.025579199194908142,0.034769270569086075,,,1.0,normal
2026,20,scenario3_repeated_spike,SAC,50,0.0,1,0.09,0.11199999999999999,0.5,0.5,-0.10099999999999999,1.3760113716125488,0.003224744461476803,0.022017166018486023,,,1.0,normal
2027,20,scenario3_repeated_spike,SAC,50,0.0,1,0.09,0.11199999999999999,0.5,0.5,-0.10099999999999999,1.0267069339752197,0.004616835620254278,0.023466462269425392,,,1.0,normal
2028,20,scenario3_repeated_spike,SAC,50,1.0,0,0.060625,0.197,0.5,0.5,-0.1288125,0.9364215135574341,0.0442626066505909,0.040711186826229095,,,1.0,normal
2029,20,scenario3_repeated_spike,SAC,50,0.0,1,0.09,0.11199999999999999,0.5,0.5,-0.10099999999999999,0.6963474750518799,0.0013849547831341624,0.012122320011258125,,,1.0,normal
2030,20,scenario3_repeated_spike,SAC,50,1.0,0,0.060625,0.197,0.5,0.5,-0.1288125,1.274454116821289,0.020291391760110855,0.03548971191048622,,,1.0,normal
2031,20,scenario3_repeated_spike,SAC,50,1.9000000000000004,0,0.0611875,0.19790000000000002,0.5,0.5,-0.12954375,1.2468616962432861,0.00590911041945219,0.032044343650341034,,,1.0,normal
2032,20,scenario3_repeated_spike,SAC,50,2.710000000000001,0,0.061693750000000006,0.19871000000000003,0.5,0.5,-0.13020187500000002,1.098832130432129,0.001804592669941485,0.015316113829612732,,,1.0,normal
2033,20,scenario3_repeated_spike,SAC,50,0.0,1,0.09,0.11199999999999999,0.5,0.5,-0.10099999999999999,0.9152473211288452,0.002133323345333338,0.018237361684441566,,,1.0,normal
2034,20,scenario3_repeated_spike,SAC,50,1.0,0,0.060625,0.197,0.5,0.5,-0.1288125,1.0296361446380615,0.008669834583997726,0.0273521076887846,,,1.0,normal
2035,20,scenario3_repeated_spike,SAC,50,1.9000000000000004,0,0.0611875,0.19790000000000002,0.5,0.5,-0.12954375,1.076393961906433,0.0032571940682828426,0.020122570917010307,,,1.0,normal
2036,20,scenario3_repeated_spike,SAC,50,2.710000000000001,0,0.061693750000000006,0.19871000000000003,0.5,0.5,-0.13020187500000002,1.1589276790618896,0.002305532805621624,0.01888178288936615,,,1.0,normal
2037,20,scenario3_repeated_spike,SAC,50,0.0,1,0.09,0.11199999999999999,0.5,0.5,-0.10099999999999999,0.9983913898468018,0.0135403573513031,0.034640491008758545,,,1.0,normal
2038,20,scenario3_repeated_spike,SAC,50,0.0,1,0.09,0.11199999999999999,0.5,0.5,-0.10099999999999999,0.7406152486801147,0.02525598369538784,0.036496538668870926,,,1.0,normal
2039,20,scenario3_repeated_spike,SAC,50,1.0,0,0.060625,0.197,0.5,0.5,-0.1288125,1.1144918203353882,0.01271720603108406,0.04518504440784454,,,1.0,normal
2040,20,scenario3_repeated_spike,SAC,50,1.9000000000000004,0,0.0611875,0.19790000000000002,0.5,0.5,-0.12954375,0.7790913581848145,0.015075039118528366,0.041470907628536224,,,1.0,normal
2041,20,scenario3_repeated_spike,SAC,50,2.710000000000001,0,0.061693750000000006,0.19871000000000003,0.5,0.5,-0.13020187500000002,1.1200988292694092,0.029575727880001068,0.05301167070865631,,,1.0,normal
2042,20,scenario3_repeated_spike,SAC,50,0.0,1,0.09,0.11199999999999999,0.5,0.5,-0.10099999999999999,1.2459824085235596,0.0170106440782547,0.04740014672279358,,,1.0,normal
2043,20,scenario3_repeated_spike,SAC,50,0.0,1,0.09,0.11199999999999999,0.5,0.5,-0.10099999999999999,0.9172701835632324,0.006649158429354429,0.031602539122104645,,,1.0,normal
2044,20,scenario3_repeated_spike,SAC,50,0.0,1,0.09,0.11199999999999999,0.5,0.5,-0.10099999999999999,1.089005947113037,0.013488098047673702,0.03458818793296814,,,1.0,normal
2045,20,scenario3_repeated_spike,SAC,50,1.0,0,0.060625,0.197,0.5,0.5,-0.1288125,1.9538264274597168,0.025421839207410812,0.07150045782327652,,,1.0,normal
2046,20,scenario3_repeated_spike,SAC,50,0.0,1,0.09,0.11199999999999999,0.5,0.5,-0.10099999999999999,1.2035045623779297,0.021287856623530388,0.052531324326992035,,,1.0,normal
2047,20,scenario3_repeated_spike,SAC,50,0.0,1,0.09,0.11199999999999999,0.5,0.5,-0.10099999999999999,1.0006952285766602,0.019099166616797447,0.04975395277142525,,,1.0,normal
2048,20,scenario3_repeated_spike,SAC,50,0.0,1,0.09,0.11199999999999999,0.5,0.5,-0.10099999999999999,1.109966516494751,0.04516085982322693,0.06213967502117157,,,1.0,normal
2049,20,scenario3_repeated_spike,SAC,50,0.0,1,0.09,0.11199999999999999,0.5,0.5,-0.10099999999999999,1.2141656875610352,0.0009147276869043708,0.008393045514822006,,,1.0,normal
2050,20,scenario3_repeated_spike,SAC,50,1.0,0,0.060625,0.197,0.5,0.5,-0.1288125,1.4792323112487793,0.019378073513507843,0.03700142726302147,,,1.0,normal
2051,20,scenario3_repeated_spike,SAC,50,1.9000000000000004,0,0.0611875,0.19790000000000002,0.5,0.5,-0.12954375,0.7519350647926331,0.011495224200189114,0.01760457456111908,,,1.0,normal
2052,20,scenario3_repeated_spike,SAC,50,0.0,1,0.09,0.11199999999999999,0.5,0.5,-0.10099999999999999,1.2033467292785645,0.0388214997947216,0.04371049255132675,,,1.0,normal
2053,20,scenario3_repeated_spike,SAC,50,0.0,1,0.09,0.11199999999999999,0.5,0.5,-0.10099999999999999,0.882917582988739,0.00465735699981451,0.021355722099542618,,,1.0,normal
2054,20,scenario3_repeated_spike,SAC,50,0.0,1,0.09,0.11199999999999999,0.5,0.5,-0.10099999999999999,1.1848626136779785,0.0010307080810889602,0.009373198263347149,,,1.0,normal
2055,20,scenario3_repeated_spike,SAC,50,0.0,1,0.09,0.11199999999999999,0.5,0.5,-0.10099999999999999,0.9862983226776123,0.010420402511954308,0.0402422659099102,,,1.0,normal
2056,20,scenario3_repeated_spike,SAC,50,1.0,0,0.060625,0.197,0.5,0.5,-0.1288125,1.141339659690857,0.024447357282042503,0.05379575118422508,,,1.0,normal
2057,20,scenario3_repeated_spike,SAC,50,1.9000000000000004,0,0.0611875,0.19790000000000002,0.5,0.5,-0.12954375,1.1612434387207031,0.02705734595656395,0.047524068504571915,,,1.0,normal
2058,20,scenario3_repeated_spike,SAC,50,2.710000000000001,0,0.061693750000000006,0.19871000000000003,0.5,0.5,-0.13020187500000002,0.6184661388397217,0.02182808890938759,0.028091788291931152,,,1.0,normal
2059,20,scenario3_repeated_spike,SAC,50,0.0,1,0.09,0.11199999999999999,0.5,0.5,-0.10099999999999999,1.208543300628662,0.03509534150362015,0.044467825442552567,,,1.0,normal
2060,20,scenario3_repeated_spike,SAC,50,1.0,0,0.060625,0.197,0.5,0.5,-0.1288125,1.1382701396942139,0.010183475911617279,0.022653376683592796,,,1.0,normal
2061,20,scenario3_repeated_spike,SAC,50,0.0,1,0.09,0.11199999999999999,0.5,0.5,-0.10099999999999999,0.8991847634315491,0.008018306456506252,0.026445716619491577,,,1.0,normal
2062,20,scenario3_repeated_spike,SAC,50,1.0,0,0.060625,0.197,0.5,0.5,-0.1288125,0.9666039943695068,0.010928375646471977,0.027461854740977287,,,1.0,normal
2063,20,scenario3_repeated_spike,SAC,50,0.0,1,0.09,0.11199999999999999,0.5,0.5,-0.10099999999999999,1.0825889110565186,0.009538747370243073,0.026556305587291718,,,1.0,normal
2064,20,scenario3_repeated_spike,SAC,50,0.0,1,0.09,0.11199999999999999,0.5,0.5,-0.10099999999999999,1.2590059041976929,0.01551010087132454,0.034092292189598083,,,1.0,normal
2065,20,scenario3_repeated_spike,SAC,50,1.0,0,0.060625,0.197,0.5,0.5,-0.1288125,0.9672244191169739,0.0010918178595602512,0.013179352506995201,,,1.0,normal
2066,20,scenario3_repeated_spike,SAC,50,0.0,1,0.09,0.11199999999999999,0.5,0.5,-0.10099999999999999,1.5522189140319824,0.02967701107263565,0.03932834416627884,,,1.0,normal
2067,20,scenario3_repeated_spike,SAC,50,1.0,0,0.060625,0.197,0.5,0.5,-0.1288125,1.0404255390167236,0.02527618780732155,0.032335780560970306,,,1.0,normal
2068,20,scenario3_repeated_spike,SAC,50,0.0,1,0.09,0.11199999999999999,0.5,0.5,-0.10099999999999999,0.7660539150238037,0.0020261453464627266,0.011988450773060322,,,1.0,normal
2069,20,scenario3_repeated_spike,SAC,50,0.0,1,0.09,0.11199999999999999,0.5,0.5,-0.10099999999999999,0.866256833076477,0.005484960973262787,0.02166021429002285,,,1.0,normal
2070,20,scenario3_repeated_spike,SAC,50,0.0,1,0.09,0.11199999999999999,0.5,0.5,-0.10099999999999999,0.7677050828933716,0.003751011099666357,0.019660916179418564,,,1.0,normal
2071,20,scenario3_repeated_spike,SAC,50,0.0,1,0.09,0.11199999999999999,0.5,0.5,-0.10099999999999999,1.1334924697875977,0.010130977258086205,0.027426403015851974,,,1.0,normal
2072,20,scenario3_repeated_spike,SAC,50,0.0,1,0.09,0.11199999999999999,0.5,0.5,-0.10099999999999999,1.2946573495864868,0.012757781893014908,0.04355867952108383,,,1.0,normal
2073,20,scenario3_repeated_spike,SAC,50,0.0,1,0.09,0.11199999999999999,0.5,0.5,-0.10099999999999999,1.129259467124939,0.01890716329216957,0.04820401594042778,,,1.0,normal
2074,20,scenario3_repeated_spike,SAC,50,0.0,1,0.09,0.11199999999999999,0.5,0.5,-0.10099999999999999,0.7914518713951111,0.008648124523460865,0.027741489931941032,,,1.0,normal
2075,20,scenario3_repeated_spike,SAC,50,0.0,1,0.09,0.11199999999999999,0.5,0.5,-0.10099999999999999,1.453581690788269,0.0030927909538149834,0.019031794741749763,,,1.0,normal
2076,20,scenario3_repeated_spike,SAC,50,0.0,1,0.09,0.11199999999999999,0.5,0.5,-0.10099999999999999,1.1059707403182983,0.027783380821347237,0.049003079533576965,,,1.0,normal
2077,20,scenario3_repeated_spike,SAC,50,0.0,1,0.09,0.11199999999999999,0.5,0.5,-0.10099999999999999,1.4290577173233032,0.04880204424262047,0.06702195107936859,,,1.0,normal
2078,20,scenario3_repeated_spike,SAC,50,1.0,0,0.060625,0.197,0.5,0.5,-0.1288125,1.0680525302886963,0.019514691084623337,0.04585885629057884,,,1.0,normal
2079,20,scenario3_repeated_spike,SAC,50,0.0,1,0.09,0.11199999999999999,0.5,0.5,-0.10099999999999999,0.6154171228408813,0.008412253111600876,0.024100741371512413,,,1.0,normal
2080,20,scenario3_repeated_spike,SAC,50,1.0,0,0.060625,0.197,0.5,0.5,-0.1288125,0.6628510355949402,0.007122886832803488,0.016960367560386658,,,1.0,normal
2081,20,scenario3_repeated_spike,SAC,50,0.0,1,0.09,0.11199999999999999,0.5,0.5,-0.10099999999999999,1.6527810096740723,0.012136914767324924,0.047208696603775024,,,1.0,normal
2082,20,scenario3_repeated_spike,SAC,50,0.0,1,0.09,0.11199999999999999,0.5,0.5,-0.10099999999999999,1.1553092002868652,0.005804814863950014,0.02874496579170227,,,1.0,normal
2083,20,scenario3_repeated_spike,SAC,50,1.0,0,0.060625,0.197,0.5,0.5,-0.1288125,0.9508575797080994,0.003634215099737048,0.018058093264698982,,,1.0,normal
2084,20,scenario3_repeated_spike,SAC,50,1.9000000000000004,0,0.0611875,0.19790000000000002,0.5,0.5,-0.12954375,1.0609458684921265,0.009152086451649666,0.03410816192626953,,,1.0,normal
2085,20,scenario3_repeated_spike,SAC,50,0.0,1,0.09,0.11199999999999999,0.5,0.5,-0.10099999999999999,0.6452320218086243,0.02281823381781578,0.04179690033197403,,,1.0,normal
2086,20,scenario3_repeated_spike,SAC,50,0.0,1,0.09,0.11199999999999999,0.5,0.5,-0.10099999999999999,0.954306960105896,0.015826048329472542,0.03536500036716461,,,1.0,normal
2087,20,scenario3_repeated_spike,SAC,50,0.0,1,0.09,0.11199999999999999,0.5,0.5,-0.10099999999999999,0.9357015490531921,0.005103386472910643,0.02024790644645691,,,1.0,normal
2088,20,scenario3_repeated_spike,SAC,50,0.0,1,0.09,0.11199999999999999,0.5,0.5,-0.10099999999999999,1.0098085403442383,0.004613254684954882,0.022725269198417664,,,1.0,normal
2089,20,scenario3_repeated_spike,SAC,50,0.0,1,0.09,0.11199999999999999,0.5,0.5,-0.10099999999999999,0.9922511577606201,0.012983107939362526,0.029319722205400467,,,1.0,normal
2090,20,scenario3_repeated_spike,SAC,50,1.0,0,0.060625,0.197,0.5,0.5,-0.1288125,1.1263107061386108,0.02890939638018608,0.028458964079618454,,,1.0,normal
2091,20,scenario3_repeated_spike,SAC,50,1.9000000000000004,0,0.0611875,0.19790000000000002,0.5,0.5,-0.12954375,1.1941503286361694,0.015393918380141258,0.045239005237817764,,,1.0,normal
2092,20,scenario3_repeated_spike,SAC,50,2.710000000000001,0,0.061693750000000006,0.19871000000000003,0.5,0.5,-0.13020187500000002,1.0357378721237183,0.016870830208063126,0.042963266372680664,,,1.0,normal
2093,20,scenario3_repeated_spike,SAC,50,0.0,1,0.09,0.11199999999999999,0.5,0.5,-0.10099999999999999,1.281392216682434,0.037379540503025055,0.049721214920282364,,,1.0,normal
2094,20,scenario3_repeated_spike,SAC,50,0.0,1,0.09,0.11199999999999999,0.5,0.5,-0.10099999999999999,0.8741182088851929,0.0123792365193367,0.03002036176621914,,,1.0,normal
2095,20,scenario3_repeated_spike,SAC,50,0.0,1,0.09,0.11199999999999999,0.5,0.5,-0.10099999999999999,1.2395672798156738,0.006758730858564377,0.02954743802547455,,,1.0,normal
2096,20,scenario3_repeated_spike,SAC,50,1.0,0,0.060625,0.197,0.5,0.5,-0.1288125,1.126657247543335,0.012703994289040565,0.038575973361730576,,,1.0,normal
2097,20,scenario3_repeated_spike,SAC,50,0.0,1,0.09,0.11199999999999999,0.5,0.5,-0.10099999999999999,1.3742682933807373,0.027908705174922943,0.0487629659473896,,,1.0,normal
2098,20,scenario3_repeated_spike,SAC,50,1.0,0,0.060625,0.197,0.5,0.5,-0.1288125,1.223143458366394,0.00415441719815135,0.022286316379904747,,,1.0,normal
2099,20,scenario3_repeated_spike,SAC,50,0.0,1,0.09,0.11199999999999999,0.5,0.5,-0.10099999999999999,0.9672505855560303,0.02956903725862503,0.03981618955731392,,,1.0,normal
2100,20,scenario3_repeated_spike,SAC,50,0.0,1,0.09,0.11199999999999999,0.5,0.5,-0.10099999999999999,1.1924545764923096,0.020354514941573143,0.046941615641117096,,,1.0,normal
2101,20,scenario3_repeated_spike,SAC,50,1.0,0,0.060625,0.197,0.5,0.5,-0.1288125,1.5729707479476929,0.041992172598838806,0.07536748051643372,,,1.0,normal
2102,20,scenario3_repeated_spike,SAC,50,0.0,1,0.09,0.11199999999999999,0.5,0.5,-0.10099999999999999,1.1277389526367188,0.003839413169771433,0.024497296661138535,,,1.0,normal
2103,20,scenario3_repeated_spike,SAC,50,0.0,1,0.09,0.11199999999999999,0.5,0.5,-0.10099999999999999,1.4207029342651367,0.005747789051383734,0.02692481316626072,,,1.0,normal
2104,20,scenario3_repeated_spike,SAC,50,1.0,0,0.060625,0.197,0.5,0.5,-0.1288125,1.0976066589355469,0.011903727427124977,0.03940071165561676,,,1.0,normal
2105,20,scenario3_repeated_spike,SAC,50,1.9000000000000004,0,0.0611875,0.19790000000000002,0.5,0.5,-0.12954375,0.768099844455719,0.013133805245161057,0.02826203778386116,,,1.0,normal
2106,20,scenario3_repeated_spike,SAC,50,2.710000000000001,0,0.061693750000000006,0.19871000000000003,0.5,0.5,-0.13020187500000002,1.0625073909759521,0.006323451176285744,0.02078503556549549,,,1.0,normal
2107,20,scenario3_repeated_spike,SAC,50,3.439,0,0.062149375,0.199439,0.5,0.5,-0.1307941875,0.9915096759796143,0.015264099463820457,0.035530783236026764,,,1.0,normal
2108,20,scenario3_repeated_spike,SAC,50,4.0951,0,0.06255943750000001,0.20009510000000003,0.5,0.5,-0.13132726875,1.1726078987121582,0.015533068217337132,0.04152541607618332,,,1.0,normal
2109,20,scenario3_repeated_spike,SAC,50,0.0,1,0.09,0.11199999999999999,0.5,0.5,-0.10099999999999999,1.2575322389602661,0.025812234729528427,0.052400797605514526,,,1.0,normal
2110,20,scenario3_repeated_spike,SAC,50,0.0,1,0.09,0.11199999999999999,0.5,0.5,-0.10099999999999999,0.7631373405456543,0.003325420431792736,0.020632507279515266,,,1.0,normal
2111,20,scenario3_repeated_spike,SAC,50,0.0,1,0.09,0.11199999999999999,0.5,0.5,-0.10099999999999999,1.16733980178833,0.005734218750149012,0.028623711317777634,,,1.0,normal
2112,20,scenario3_repeated_spike,SAC,50,0.0,1,0.09,0.11199999999999999,0.5,0.5,-0.10099999999999999,1.3816672563552856,0.010047893971204758,0.03987560421228409,,,1.0,normal
2113,20,scenario3_repeated_spike,SAC,50,0.0,1,0.09,0.11199999999999999,0.5,0.5,-0.10099999999999999,1.0920995473861694,0.006655820645391941,0.029533959925174713,,,1.0,normal
2114,20,scenario3_repeated_spike,SAC,50,0.0,1,0.09,0.11199999999999999,0.5,0.5,-0.10099999999999999,1.0558370351791382,0.0021749355364590883,0.014981064945459366,,,1.0,normal
2115,20,scenario3_repeated_spike,SAC,50,0.0,1,0.09,0.11199999999999999,0.5,0.5,-0.10099999999999999,1.4330248832702637,0.011255636811256409,0.040001027286052704,,,1.0,normal
2116,20,scenario3_repeated_spike,SAC,50,1.0,0,0.060625,0.197,0.5,0.5,-0.1288125,1.378589391708374,0.021418796852231026,0.0572221577167511,,,1.0,normal
2117,20,scenario3_repeated_spike,SAC,50,0.0,1,0.09,0.11199999999999999,0.5,0.5,-0.10099999999999999,0.7861021757125854,0.00997103750705719,0.03093544766306877,,,1.0,normal
2118,20,scenario3_repeated_spike,SAC,50,0.0,1,0.09,0.11199999999999999,0.5,0.5,-0.10099999999999999,0.4633483290672302,0.004530377686023712,0.022610213607549667,,,1.0,normal
2119,20,scenario3_repeated_spike,SAC,50,1.0,0,0.060625,0.197,0.5,0.5,-0.1288125,1.6654914617538452,0.011271917261183262,0.05143716186285019,,,1.0,normal
2120,20,scenario3_repeated_spike,SAC,50,1.9000000000000004,0,0.0611875,0.19790000000000002,0.5,0.5,-0.12954375,1.4553358554840088,0.01606985367834568,0.051575593650341034,,,1.0,normal
2121,20,scenario3_repeated_spike,SAC,50,2.710000000000001,0,0.061693750000000006,0.19871000000000003,0.5,0.5,-0.13020187500000002,1.7860420942306519,0.02191060595214367,0.051199913024902344,,,1.0,normal
2122,20,scenario3_repeated_spike,SAC,50,3.439,0,0.062149375,0.199439,0.5,0.5,-0.1307941875,0.8634878396987915,0.028247613459825516,0.039138443768024445,,,1.0,normal
2123,20,scenario3_repeated_spike,SAC,50,0.0,1,0.09,0.11199999999999999,0.5,0.5,-0.10099999999999999,1.0536749362945557,0.003022534307092428,0.018044237047433853,,,1.0,normal
2124,20,scenario3_repeated_spike,SAC,50,0.0,1,0.09,0.11199999999999999,0.5,0.5,-0.10099999999999999,0.8668001294136047,0.014016145840287209,0.02824661321938038,,,1.0,normal
2125,20,scenario3_repeated_spike,SAC,50,0.0,1,0.09,0.11199999999999999,0.5,0.5,-0.10099999999999999,1.0544623136520386,0.002228553406894207,0.0180315300822258,,,1.0,normal
2126,20,scenario3_repeated_spike,SAC,50,1.0,0,0.060625,0.197,0.5,0.5,-0.1288125,1.379900336265564,0.003075018525123596,0.02108716405928135,,,1.0,normal
2127,20,scenario3_repeated_spike,SAC,50,1.9000000000000004,0,0.0611875,0.19790000000000002,0.5,0.5,-0.12954375,0.9808106422424316,0.033176835626363754,0.035347502678632736,,,1.0,normal
2128,20,scenario3_repeated_spike,SAC,50,0.0,1,0.09,0.11199999999999999,0.5,0.5,-0.10099999999999999,0.8000486493110657,0.0030584719497710466,0.019510284066200256,,,1.0,normal
2129,20,scenario3_repeated_spike,SAC,50,0.0,1,0.09,0.11199999999999999,0.5,0.5,-0.10099999999999999,1.3139373064041138,0.0056428490206599236,0.02644488960504532,,,1.0,normal
2130,20,scenario3_repeated_spike,SAC,50,0.0,1,0.09,0.11199999999999999,0.5,0.5,-0.10099999999999999,0.9402973651885986,0.013963546603918076,0.027794040739536285,,,1.0,normal
2131,20,scenario3_repeated_spike,SAC,50,0.0,1,0.09,0.11199999999999999,0.5,0.5,-0.10099999999999999,1.3824330568313599,0.012452117167413235,0.03951495140790939,,,1.0,normal
2132,20,scenario3_repeated_spike,SAC,50,0.0,1,0.09,0.11199999999999999,0.5,0.5,-0.10099999999999999,1.0316156148910522,0.007201960310339928,0.028039203956723213,,,1.0,normal
2133,20,scenario3_repeated_spike,SAC,50,0.0,1,0.09,0.11199999999999999,0.5,0.5,-0.10099999999999999,1.120556116104126,0.009754177182912827,0.027756696566939354,,,1.0,normal
2134,20,scenario3_repeated_spike,SAC,50,0.0,1,0.09,0.11199999999999999,0.5,0.5,-0.10099999999999999,1.0686112642288208,0.00438211765140295,0.023561840876936913,,,1.0,normal
2135,20,scenario3_repeated_spike,SAC,50,1.0,0,0.060625,0.197,0.5,0.5,-0.1288125,1.5640618801116943,0.015598777681589127,0.04448084905743599,,,1.0,normal
2136,20,scenario3_repeated_spike,SAC,50,1.9000000000000004,0,0.0611875,0.19790000000000002,0.5,0.5,-0.12954375,1.1628475189208984,0.003621645737439394,0.017568066716194153,,,1.0,normal
2137,20,scenario3_repeated_spike,SAC,50,0.0,1,0.09,0.11199999999999999,0.5,0.5,-0.10099999999999999,1.1806628704071045,0.021736785769462585,0.027712291106581688,,,1.0,normal
2138,20,scenario3_repeated_spike,SAC,50,0.0,1,0.09,0.11199999999999999,0.5,0.5,-0.10099999999999999,1.080124855041504,0.010501138865947723,0.03767922520637512,,,1.0,normal
2139,20,scenario3_repeated_spike,SAC,50,0.0,1,0.09,0.11199999999999999,0.5,0.5,-0.10099999999999999,1.3463503122329712,0.03543584421277046,0.06486574560403824,,,1.0,normal
2140,20,scenario3_repeated_spike,SAC,50,1.0,0,0.060625,0.197,0.5,0.5,-0.1288125,0.914768636226654,0.007280248217284679,0.026827843859791756,,,1.0,normal
2141,20,scenario3_repeated_spike,SAC,50,0.0,1,0.09,0.11199999999999999,0.5,0.5,-0.10099999999999999,1.03396737575531,0.004270684439688921,0.023639580234885216,,,1.0,normal
2142,20,scenario3_repeated_spike,SAC,50,1.0,0,0.060625,0.197,0.5,0.5,-0.1288125,1.0372951030731201,0.025798112154006958,0.03579273074865341,,,1.0,normal
2143,20,scenario3_repeated_spike,SAC,50,0.0,1,0.09,0.11199999999999999,0.5,0.5,-0.10099999999999999,0.9514641761779785,0.00654127262532711,0.027906419709324837,,,1.0,normal
2144,20,scenario3_repeated_spike,SAC,50,1.0,0,0.060625,0.197,0.5,0.5,-0.1288125,1.0239322185516357,0.0170601699501276,0.04081963002681732,,,1.0,normal
2145,20,scenario3_repeated_spike,SAC,50,1.9000000000000004,0,0.0611875,0.19790000000000002,0.5,0.5,-0.12954375,1.0176706314086914,0.001599079230800271,0.01582963578402996,,,1.0,normal
2146,20,scenario3_repeated_spike,SAC,50,0.0,1,0.09,0.11199999999999999,0.5,0.5,-0.10099999999999999,0.9303656816482544,0.005831976421177387,0.02783852256834507,,,1.0,normal
2147,20,scenario3_repeated_spike,SAC,50,1.0,0,0.060625,0.197,0.5,0.5,-0.1288125,1.0681805610656738,0.00551751209422946,0.026892200112342834,,,1.0,normal
2148,20,scenario3_repeated_spike,SAC,50,0.0,1,0.09,0.11199999999999999,0.5,0.5,-0.10099999999999999,0.9290592670440674,0.005191522184759378,0.026706064119935036,,,1.0,normal
2149,20,scenario3_repeated_spike,SAC,50,1.0,0,0.060625,0.197,0.5,0.5,-0.1288125,1.0851951837539673,0.008384451270103455,0.027329225093126297,,,1.0,normal
2150,20,scenario3_repeated_spike,SAC,50,1.9000000000000004,0,0.0611875,0.19790000000000002,0.5,0.5,-0.12954375,0.8081731796264648,0.005090767052024603,0.021342700347304344,,,1.0,normal
2151,20,scenario3_repeated_spike,SAC,50,0.0,1,0.09,0.11199999999999999,0.5,0.5,-0.10099999999999999,1.0267503261566162,0.016937285661697388,0.04599209874868393,,,1.0,normal
2152,20,scenario3_repeated_spike,SAC,50,0.0,1,0.09,0.11199999999999999,0.5,0.5,-0.10099999999999999,0.7816916108131409,0.013289498165249825,0.03339496999979019,,,1.0,normal
2153,20,scenario3_repeated_spike,SAC,50,1.0,0,0.060625,0.197,0.5,0.5,-0.1288125,0.8047237396240234,0.006226781290024519,0.028415406122803688,,,1.0,normal
2154,20,scenario3_repeated_spike,SAC,50,1.9000000000000004,0,0.0611875,0.19790000000000002,0.5,0.5,-0.12954375,0.815454363822937,0.007338722702115774,0.02570164017379284,,,1.0,normal
2155,20,scenario3_repeated_spike,SAC,50,0.0,1,0.09,0.11199999999999999,0.5,0.5,-0.10099999999999999,0.9654918909072876,0.008820533752441406,0.026482529938220978,,,1.0,normal
2156,20,scenario3_repeated_spike,SAC,50,0.0,1,0.09,0.11199999999999999,0.5,0.5,-0.10099999999999999,1.2336885929107666,0.012310879305005074,0.03957025706768036,,,1.0,normal
2157,20,scenario3_repeated_spike,SAC,50,0.0,1,0.09,0.11199999999999999,0.5,0.5,-0.10099999999999999,1.0868662595748901,0.004952368326485157,0.023525815457105637,,,1.0,normal
2158,20,scenario3_repeated_spike,SAC,50,0.0,1,0.09,0.11199999999999999,0.5,0.5,-0.10099999999999999,1.2477000951766968,0.0035093282349407673,0.02040008082985878,,,1.0,normal
2159,20,scenario3_repeated_spike,SAC,50,0.0,1,0.09,0.11199999999999999,0.5,0.5,-0.10099999999999999,0.6089166402816772,0.009492363780736923,0.030708439648151398,,,1.0,normal
2160,20,scenario3_repeated_spike,SAC,50,0.0,1,0.09,0.11199999999999999,0.5,0.5,-0.10099999999999999,1.4025498628616333,0.017349591478705406,0.05297653377056122,,,1.0,normal
2161,20,scenario3_repeated_spike,SAC,50,1.0,0,0.060625,0.197,0.5,0.5,-0.1288125,1.3871450424194336,0.020281663164496422,0.05055861175060272,,,1.0,normal
2162,20,scenario3_repeated_spike,SAC,50,1.9000000000000004,0,0.0611875,0.19790000000000002,0.5,0.5,-0.12954375,1.0943479537963867,0.009882243350148201,0.030323369428515434,,,1.0,normal
2163,20,scenario3_repeated_spike,SAC,50,2.710000000000001,0,0.061693750000000006,0.19871000000000003,0.5,0.5,-0.13020187500000002,1.0143499374389648,0.018006449565291405,0.0490289181470871,,,1.0,normal
2164,20,scenario3_repeated_spike,SAC,50,0.0,1,0.09,0.11199999999999999,0.5,0.5,-0.10099999999999999,1.1882500648498535,0.0243028923869133,0.061738718301057816,,,1.0,normal
2165,20,scenario3_repeated_spike,SAC,50,0.0,1,0.09,0.11199999999999999,0.5,0.5,-0.10099999999999999,1.2847533226013184,0.018366921693086624,0.053787197917699814,,,1.0,normal
2166,20,scenario3_repeated_spike,SAC,50,0.0,1,0.09,0.11199999999999999,0.5,0.5,-0.10099999999999999,1.49521803855896,0.012091170996427536,0.04234303906559944,,,1.0,normal
2167,20,scenario3_repeated_spike,SAC,50,0.0,1,0.09,0.11199999999999999,0.5,0.5,-0.10099999999999999,1.2721060514450073,0.00907985121011734,0.03656192123889923,,,1.0,normal
2168,20,scenario3_repeated_spike,SAC,50,1.0,0,0.060625,0.197,0.5,0.5,-0.1288125,1.086840271949768,0.011345274746418,0.040731243789196014,,,1.0,normal
2169,20,scenario3_repeated_spike,SAC,50,0.0,1,0.09,0.11199999999999999,0.5,0.5,-0.10099999999999999,1.3063671588897705,0.01244108285754919,0.04008118808269501,,,1.0,normal
2170,20,scenario3_repeated_spike,SAC,50,0.0,1,0.09,0.11199999999999999,0.5,0.5,-0.10099999999999999,1.1354715824127197,0.01996411383152008,0.03511110693216324,,,1.0,normal
2171,20,scenario3_repeated_spike,SAC,50,1.0,0,0.060625,0.197,0.5,0.5,-0.1288125,0.9630295038223267,0.009748869575560093,0.03749791160225868,,,1.0,normal
2172,20,scenario3_repeated_spike,SAC,50,1.9000000000000004,0,0.0611875,0.19790000000000002,0.5,0.5,-0.12954375,0.7748929858207703,0.046747587621212006,0.05620294436812401,,,1.0,normal
2173,20,scenario3_repeated_spike,SAC,50,0.0,1,0.09,0.11199999999999999,0.5,0.5,-0.10099999999999999,0.6748507618904114,0.00799272209405899,0.02044083923101425,,,1.0,normal
2174,20,scenario3_repeated_spike,SAC,50,0.0,1,0.09,0.11199999999999999,0.5,0.5,-0.10099999999999999,1.1486599445343018,0.008141707628965378,0.024368518963456154,,,1.0,normal
2175,20,scenario3_repeated_spike,SAC,50,1.0,0,0.060625,0.197,0.5,0.5,-0.1288125,1.4074509143829346,0.005086756777018309,0.02942679263651371,,,1.0,normal
2176,20,scenario3_repeated_spike,SAC,50,0.0,1,0.09,0.11199999999999999,0.5,0.5,-0.10099999999999999,1.1971471309661865,0.0031930578406900167,0.01953672245144844,,,1.0,normal
2177,20,scenario3_repeated_spike,SAC,50,1.0,0,0.060625,0.197,0.5,0.5,-0.1288125,1.484810709953308,0.008245256729424,0.036371637135744095,,,1.0,normal
2178,20,scenario3_repeated_spike,SAC,50,0.0,1,0.09,0.11199999999999999,0.5,0.5,-0.10099999999999999,1.4530361890792847,0.026301931589841843,0.049815136939287186,,,1.0,normal
2179,20,scenario3_repeated_spike,SAC,50,0.0,1,0.09,0.11199999999999999,0.5,0.5,-0.10099999999999999,0.9192829132080078,0.0021445078309625387,0.015410078689455986,,,1.0,normal
2180,20,scenario3_repeated_spike,SAC,50,0.0,1,0.09,0.11199999999999999,0.5,0.5,-0.10099999999999999,1.2015678882598877,0.037458471953868866,0.05048137530684471,,,1.0,normal
2181,20,scenario3_repeated_spike,SAC,50,0.0,1,0.09,0.11199999999999999,0.5,0.5,-0.10099999999999999,1.2214860916137695,0.00978684239089489,0.043526362627744675,,,1.0,normal
2182,20,scenario3_repeated_spike,SAC,50,0.0,1,0.09,0.11199999999999999,0.5,0.5,-0.10099999999999999,1.223680019378662,0.007763282395899296,0.029701154679059982,,,1.0,normal
2183,20,scenario3_repeated_spike,SAC,50,0.0,1,0.09,0.11199999999999999,0.5,0.5,-0.10099999999999999,1.6821385622024536,0.006066499277949333,0.030453450977802277,,,1.0,normal
2184,20,scenario3_repeated_spike,SAC,50,0.0,1,0.09,0.11199999999999999,0.5,0.5,-0.10099999999999999,0.7021049857139587,0.005872104316949844,0.02383427694439888,,,1.0,normal
2185,20,scenario3_repeated_spike,SAC,50,0.0,1,0.09,0.11199999999999999,0.5,0.5,-0.10099999999999999,1.148951530456543,0.027204422280192375,0.03567807376384735,,,1.0,normal
2186,20,scenario3_repeated_spike,SAC,50,1.0,0,0.060625,0.197,0.5,0.5,-0.1288125,0.9656037092208862,0.004589032847434282,0.01905101351439953,,,1.0,normal
2187,20,scenario3_repeated_spike,SAC,50,0.0,1,0.09,0.11199999999999999,0.5,0.5,-0.10099999999999999,0.899409294128418,0.016643069684505463,0.030013874173164368,,,1.0,normal
2188,20,scenario3_repeated_spike,SAC,50,0.0,1,0.09,0.11199999999999999,0.5,0.5,-0.10099999999999999,1.3183786869049072,0.0053793275728821754,0.022634699940681458,,,1.0,normal
2189,20,scenario3_repeated_spike,SAC,50,1.0,0,0.060625,0.197,0.5,0.5,-0.1288125,0.7113122940063477,0.001645095064304769,0.015238186344504356,,,1.0,normal
2190,20,scenario3_repeated_spike,SAC,50,0.0,1,0.09,0.11199999999999999,0.5,0.5,-0.10099999999999999,0.4039941132068634,0.000834039063192904,0.008772277273237705,,,1.0,normal
2191,20,scenario3_repeated_spike,SAC,50,1.0,0,0.060625,0.197,0.5,0.5,-0.1288125,1.499356985092163,0.005416075233370066,0.027249978855252266,,,1.0,normal
2192,20,scenario3_repeated_spike,SAC,50,1.9000000000000004,0,0.0611875,0.19790000000000002,0.5,0.5,-0.12954375,0.9153430461883545,0.03133242204785347,0.044616468250751495,,,1.0,normal
2193,20,scenario3_repeated_spike,SAC,50,0.0,1,0.09,0.11199999999999999,0.5,0.5,-0.10099999999999999,0.7652461528778076,0.012514336034655571,0.03219054639339447,,,1.0,normal
2194,20,scenario3_repeated_spike,SAC,50,1.0,0,0.060625,0.197,0.5,0.5,-0.1288125,0.7524031400680542,0.02343924716114998,0.03713706135749817,,,1.0,normal
2195,20,scenario3_repeated_spike,SAC,50,0.0,1,0.09,0.11199999999999999,0.5,0.5,-0.10099999999999999,0.9902988076210022,0.00458107003942132,0.021468600258231163,,,1.0,normal
2196,20,scenario3_repeated_spike,SAC,50,1.0,0,0.060625,0.197,0.5,0.5,-0.1288125,1.221131443977356,0.00502027990296483,0.02479175664484501,,,1.0,normal
2197,20,scenario3_repeated_spike,SAC,50,0.0,1,0.09,0.11199999999999999,0.5,0.5,-0.10099999999999999,1.2140175104141235,0.016057245433330536,0.04823525995016098,,,1.0,normal
2198,20,scenario3_repeated_spike,SAC,50,1.0,0,0.060625,0.197,0.5,0.5,-0.1288125,0.47519156336784363,0.00990416668355465,0.028992798179388046,,,1.0,normal
2199,20,scenario3_repeated_spike,SAC,50,0.0,1,0.09,0.11199999999999999,0.5,0.5,-0.10099999999999999,1.2276787757873535,0.007341913878917694,0.03264778107404709,,,1.0,normal
2200,20,scenario3_repeated_spike,SAC,150,19.0,0,0.091875,0.44699999999999995,0.5,0.5,-0.2694375,0.7492406368255615,0.014490107074379921,0.02900814637541771,,,1.0,spike
2201,20,scenario3_repeated_spike,SAC,150,36.1,0,0.1025625,0.4641,0.5,0.5,-0.28333125000000003,0.9861088991165161,0.02183220162987709,0.03755265846848488,,,1.0,spike
2202,20,scenario3_repeated_spike,SAC,150,45.49,1,0.1265418181818182,0.22123345454545457,0.5,0.5,-0.17388763636363638,0.9115493893623352,0.0084520373493433,0.030055271461606026,,,1.0,spike
2203,20,scenario3_repeated_spike,SAC,150,59.941,0,0.117463125,0.487941,0.5,0.5,-0.3027020625,0.8269349932670593,0.006551780272275209,0.024442121386528015,,,1.0,spike
2204,20,scenario3_repeated_spike,SAC,150,66.9469,1,0.13434432727272727,0.22747546181818185,0.5,0.5,-0.18090989454545456,0.9535188674926758,0.018478304147720337,0.04888904467225075,,,1.0,spike
2205,20,scenario3_repeated_spike,SAC,150,73.25220999999999,1,0.13663716727272726,0.22930973381818182,0.5,0.5,-0.18297345054545455,1.162877082824707,0.015470786020159721,0.04473799467086792,,,1.0,spike
2206,20,scenario3_repeated_spike,SAC,150,84.92698899999999,0,0.133079368125,0.512926989,0.5,0.5,-0.3230031785625,1.440504550933838,0.06638597697019577,0.08249781280755997,,,1.0,spike
2207,20,scenario3_repeated_spike,SAC,150,89.4342901,1,0.14252156003636363,0.2340172480290909,0.5,0.5,-0.18826940403272727,1.1298434734344482,0.01660040020942688,0.04723874479532242,,,1.0,spike
2208,20,scenario3_repeated_spike,SAC,150,93.49086109,1,0.14399667676,0.23519734140800003,0.5,0.5,-0.189597009084,1.4573159217834473,0.005564986262470484,0.02855287306010723,,,1.0,spike
2209,20,scenario3_repeated_spike,SAC,150,97.141774981,1,0.14532428181127274,0.2362594254490182,0.5,0.5,-0.19079185363014547,0.5908024311065674,0.0058675785548985004,0.017521746456623077,,,1.0,spike
2210,20,scenario3_repeated_spike,SAC,150,100.4275974829,1,0.14651912635741818,0.23721530108593455,0.5,0.5,-0.19186721372167637,1.1975367069244385,0.009307839907705784,0.029574956744909286,,,1.0,spike
2211,20,scenario3_repeated_spike,SAC,150,103.38483773461,1,0.1475944864489491,0.23807558915915927,0.5,0.5,-0.1928350378040542,1.059611439704895,0.002630590694025159,0.012604516930878162,,,1.0,spike
2212,20,scenario3_repeated_spike,SAC,150,106.04635396114901,1,0.14856231053132693,0.23884984842506157,0.5,0.5,-0.19370607947819424,0.8927807807922363,0.01402478851377964,0.02950930967926979,,,1.0,spike
2213,20,scenario3_repeated_spike,SAC,150,108.44171856503411,1,0.14943335220546694,0.23954668176437355,0.5,0.5,-0.19449001698492024,0.7189888954162598,0.012219204567372799,0.0238859411329031,,,1.0,spike
2214,20,scenario3_repeated_spike,SAC,150,110.5975467085307,1,0.15021728971219298,0.24017383176975438,0.5,0.5,-0.19519556074097366,1.2735463380813599,0.006824286188930273,0.023268837481737137,,,1.0,spike
2215,20,scenario3_repeated_spike,SAC,150,112.53779203767763,1,0.1509228334682464,0.24073826677459714,0.5,0.5,-0.19583055012142175,1.4509570598602295,0.009010566398501396,0.025619221851229668,,,1.0,spike
2216,20,scenario3_repeated_spike,SAC,150,114.28401283390986,1,0.15155782284869448,0.2412462582789556,0.5,0.5,-0.19640204056382504,1.2210440635681152,0.01845308020710945,0.03566893935203552,,,1.0,spike
2217,20,scenario3_repeated_spike,SAC,150,115.85561155051886,1,0.15212931329109777,0.24170345063287824,0.5,0.5,-0.19691638196198802,1.1881639957427979,0.01237679272890091,0.021409790962934494,,,1.0,spike
2218,20,scenario3_repeated_spike,SAC,150,117.27005039546697,1,0.15264365468926072,0.24211492375140858,0.5,0.5,-0.19737928922033465,0.5188239812850952,0.010652046650648117,0.017968682572245598,,,1.0,spike
2219,20,scenario3_repeated_spike,SAC,150,118.54304535592027,1,0.15310656194760738,0.24248524955808592,0.5,0.5,-0.19779590575284667,1.0855903625488281,0.009281887672841549,0.020001206547021866,,,1.0,spike
2220,20,scenario3_repeated_spike,SAC,150,119.68874082032823,1,0.15352317848011937,0.2428185427840955,0.5,0.5,-0.19817086063210743,1.1828848123550415,0.009525072760879993,0.027615681290626526,,,1.0,spike
2221,20,scenario3_repeated_spike,SAC,150,120.71986673829542,1,0.15389813335938016,0.24311850668750412,0.5,0.5,-0.19850832002344215,1.1417207717895508,0.035868532955646515,0.04815267398953438,,,1.0,spike
2222,20,scenario3_repeated_spike,SAC,150,127.64788006446588,0,0.15977992504029118,0.5556478800644659,0.5,0.5,-0.3577139025523785,1.1758354902267456,0.008826158940792084,0.027016552165150642,,,1.0,spike
2223,20,scenario3_repeated_spike,SAC,150,127.88309205801932,1,0.15650294256655248,0.24520235405324198,0.5,0.5,-0.20085264830989724,0.9968821406364441,0.055081501603126526,0.047193095088005066,,,1.0,spike
2224,20,scenario3_repeated_spike,SAC,150,134.0947828522174,0,0.1638092392826359,0.5620947828522175,0.5,0.5,-0.3629520110674267,1.3139562606811523,0.050677891820669174,0.04664594680070877,,,1.0,spike
2225,20,scenario3_repeated_spike,SAC,150,133.68530456699568,1,0.15861283802436207,0.2468902704194897,0.5,0.5,-0.20275155422192587,1.1825822591781616,0.021367527544498444,0.04117835685610771,,,1.0,spike
2226,20,scenario3_repeated_spike,SAC,150,139.31677411029614,0,0.1670729838189351,0.5673167741102961,0.5,0.5,-0.3671948789646156,1.3454608917236328,0.03436022624373436,0.04119807481765747,,,1.0,spike
2227,20,scenario3_repeated_spike,SAC,150,138.3850966992665,1,0.16032185334518784,0.24825748267615028,0.5,0.5,-0.20428966801066906,0.6208129525184631,0.0034568761475384235,0.01910463720560074,,,1.0,spike
2228,20,scenario3_repeated_spike,SAC,150,143.54658702933986,0,0.16971661689333742,0.5715465870293399,0.5,0.5,-0.37063160196133865,1.213754653930664,0.006784981582313776,0.02773820422589779,,,1.0,spike
2229,20,scenario3_repeated_spike,SAC,150,148.19192832640587,0,0.1726199552040037,0.5761919283264059,0.5,0.5,-0.3744059417652048,1.4112166166305542,0.0033412917982786894,0.017091935500502586,,,1.0,spike
2230,20,scenario3_repeated_spike,SAC,150,146.37273549376528,1,0.1632264492704601,0.2505811594163681,0.5,0.5,-0.2069038043434141,1.06069815158844,0.014068461954593658,0.03893731161952019,,,1.0,spike
2231,20,scenario3_repeated_spike,SAC,150,144.73546194438876,1,0.16263107707068686,0.2501048616565495,0.5,0.5,-0.20636796936361818,1.719618797302246,0.05078357830643654,0.077423095703125,,,1.0,spike
2232,20,scenario3_repeated_spike,SAC,150,143.26191574994988,1,0.16209524209089085,0.2496761936727127,0.5,0.5,-0.20588571788180177,0.6279252171516418,0.0397639200091362,0.037964753806591034,,,1.0,spike
2233,20,scenario3_repeated_spike,SAC,150,141.93572417495488,1,0.1616129906090745,0.2492903924872596,0.5,0.5,-0.20545169154816706,0.9856937527656555,0.013106746599078178,0.036771953105926514,,,1.0,spike
2234,20,scenario3_repeated_spike,SAC,150,140.7421517574594,1,0.1611789642754398,0.24894317142035183,0.5,0.5,-0.2050610678478958,0.8894389867782593,0.015219327062368393,0.04705950617790222,,,1.0,spike
2235,20,scenario3_repeated_spike,SAC,150,139.66793658171346,1,0.16078834057516855,0.24863067246013487,0.5,0.5,-0.2047095065176517,1.320064902305603,0.016372140496969223,0.05277770757675171,,,1.0,spike
2236,20,scenario3_repeated_spike,SAC,150,138.70114292354214,1,0.16043677924492442,0.24834942339593957,0.5,0.5,-0.20439310132043198,1.0555356740951538,0.03962591663002968,0.03787782043218613,,,1.0,spike
2237,20,scenario3_repeated_spike,SAC,150,137.8310286311879,1,0.16012037404770468,0.2480962992381638,0.5,0.5,-0.20410833664293423,0.9396359324455261,0.02896140143275261,0.026664666831493378,,,1.0,spike
2238,20,scenario3_repeated_spike,SAC,150,137.04792576806912,1,0.15983560937020694,0.24786848749616558,0.5,0.5,-0.20385204843318627,1.2952477931976318,0.017905116081237793,0.04789819195866585,,,1.0,spike
2239,20,scenario3_repeated_spike,SAC,150,136.3431331912622,1,0.159579321160459,0.24766345692836722,0.5,0.5,-0.20362138904441313,1.1818478107452393,0.0050469571724534035,0.023419328033924103,,,1.0,spike
2240,20,scenario3_repeated_spike,SAC,150,135.708819872136,1,0.15934866177168583,0.24747892941734867,0.5,0.5,-0.20341379559451725,0.9638927578926086,0.006875946652144194,0.02171224355697632,,,1.0,spike
2241,20,scenario3_repeated_spike,SAC,150,141.1379378849224,0,0.1682112111780765,0.5691379378849224,0.5,0.5,-0.36867457453149943,1.1900839805603027,0.013686483725905418,0.043607380241155624,,,1.0,spike
2242,20,scenario3_repeated_spike,SAC,150,140.02414409643018,1,0.16091787058052007,0.24873429646441608,0.5,0.5,-0.20482608352246806,0.9861345887184143,0.02158977836370468,0.04922908917069435,,,1.0,spike
2243,20,scenario3_repeated_spike,SAC,150,139.02172968678718,1,0.16055335624974076,0.2484426849997926,0.5,0.5,-0.20449802062476669,1.0391650199890137,0.03055042028427124,0.05245530232787132,,,1.0,spike
2244,20,scenario3_repeated_spike,SAC,150,138.11955671810847,1,0.16022529335203944,0.24818023468163158,0.5,0.5,-0.20420276401683551,0.9681036472320557,0.024664808064699173,0.036365848034620285,,,1.0,spike
2245,20,scenario3_repeated_spike,SAC,150,137.30760104629763,1,0.15993003674410822,0.2479440293952866,0.5,0.5,-0.2039370330696974,1.3710992336273193,0.01982130855321884,0.04358036816120148,,,1.0,spike
2246,20,scenario3_repeated_spike,SAC,150,136.57684094166785,1,0.15966430579697014,0.24773144463757613,0.5,0.5,-0.20369787521727312,1.179209589958191,0.010460011661052704,0.041005343198776245,,,1.0,spike
2247,20,scenario3_repeated_spike,SAC,150,135.91915684750109,1,0.15942514794454585,0.24754011835563672,0.5,0.5,-0.2034826331500913,1.2295063734054565,0.015837764367461205,0.04711019620299339,,,1.0,spike
2248,20,scenario3_repeated_spike,SAC,150,135.32724116275097,1,0.15920990587736397,0.24736792470189117,0.5,0.5,-0.20328891528962756,1.126524806022644,0.01553153432905674,0.03316647559404373,,,1.0,spike
2249,20,scenario3_repeated_spike,SAC,150,134.79451704647587,1,0.15901618801690032,0.24721295041352026,0.5,0.5,-0.2031145692152103,1.6179989576339722,0.016983047127723694,0.05639829486608505,,,1.0,spike
2250,20,scenario3_repeated_spike,SAC,150,134.3150653418283,1,0.15884184194248302,0.24707347355398646,0.5,0.5,-0.20295765774823474,0.9933193922042847,0.021946623921394348,0.049600984901189804,,,1.0,spike
2251,20,scenario3_repeated_spike,SAC,150,133.88355880764547,1,0.15868493047550744,0.24694794438040596,0.5,0.5,-0.2028164374279567,1.0752862691879272,0.030117690563201904,0.06081058084964752,,,1.0,spike
2252,20,scenario3_repeated_spike,SAC,150,139.49520292688092,0,0.16718450182930059,0.5674952029268809,0.5,0.5,-0.36733985237809075,1.3962825536727905,0.029345054179430008,0.05905364826321602,,,1.0,spike
2253,20,scenario3_repeated_spike,SAC,150,144.54568263419281,0,0.17034105164637053,0.5725456826341928,0.5,0.5,-0.3714433671402817,1.148730754852295,0.006353406701236963,0.029994376003742218,,,1.0,spike
2254,20,scenario3_repeated_spike,SAC,150,149.09111437077354,0,0.17318194648173346,0.5770911143707735,0.5,0.5,-0.3751365304262535,1.248948097229004,0.010020224377512932,0.040672946721315384,,,1.0,spike
2255,20,scenario3_repeated_spike,SAC,150,147.1820029336962,1,0.1635207283395259,0.25081658267162077,0.5,0.5,-0.20716865550557334,1.3613075017929077,0.014692189171910286,0.04767843335866928,,,1.0,spike
2256,20,scenario3_repeated_spike,SAC,150,151.46380264032658,0,0.17466487665020414,0.5794638026403266,0.5,0.5,-0.37706433964526537,0.8971191644668579,0.03459133207798004,0.03960477560758591,,,1.0,spike
2257,20,scenario3_repeated_spike,SAC,150,149.31742237629393,1,0.16429724450047054,0.25143779560037643,0.5,0.5,-0.20786752005042347,1.1905670166015625,0.008172189816832542,0.03597698360681534,,,1.0,spike
2258,20,scenario3_repeated_spike,SAC,150,147.38568013866455,1,0.1635947927776962,0.250875834222157,0.5,0.5,-0.20723531349992658,1.053289771080017,0.023948080837726593,0.053608763962984085,,,1.0,spike
2259,20,scenario3_repeated_spike,SAC,150,145.6471121247981,1,0.16296258622719934,0.2503700689817595,0.5,0.5,-0.20666632760447942,1.1345250606536865,0.012860430404543877,0.04026651009917259,,,1.0,spike
2260,20,scenario3_repeated_spike,SAC,150,144.0824009123183,1,0.1623936003317521,0.2499148802654017,0.5,0.5,-0.2061542402985769,0.6308003067970276,0.0049625588580966,0.025357289239764214,,,1.0,spike
2261,20,scenario3_repeated_spike,SAC,150,142.67416082108647,1,0.16188151302584963,0.24950521042067975,0.5,0.5,-0.2056933617232647,1.1244972944259644,0.014557130634784698,0.04036889597773552,,,1.0,spike
2262,20,scenario3_repeated_spike,SAC,150,141.40674473897784,1,0.1614206344505374,0.24913650756042993,0.5,0.5,-0.20527857100548366,0.9362797737121582,0.00876160804182291,0.03526630997657776,,,1.0,spike
2263,20,scenario3_repeated_spike,SAC,150,140.26607026508006,1,0.16100584373275637,0.24880467498620512,0.5,0.5,-0.20490525935948073,1.074447512626648,0.014744690619409084,0.04047772288322449,,,1.0,spike
2264,20,scenario3_repeated_spike,SAC,150,139.23946323857206,1,0.1606325320867535,0.24850602566940283,0.5,0.5,-0.20456927887807816,1.0381932258605957,0.0059898896142840385,0.028302807360887527,,,1.0,spike
2265,20,scenario3_repeated_spike,SAC,150,138.31551691471486,1,0.16029655160535086,0.2482372412842807,0.5,0.5,-0.20426689644481577,0.8328366279602051,0.011605942621827126,0.03370116651058197,,,1.0,spike
2266,20,scenario3_repeated_spike,SAC,150,137.4839652232434,1,0.1599941691720885,0.24799533533767082,0.5,0.5,-0.20399475225487967,1.3501009941101074,0.014120563864707947,0.047615811228752136,,,1.0,spike
2267,20,scenario3_repeated_spike,SAC,150,136.73556870091903,1,0.15972202498215238,0.2477776199857219,0.5,0.5,-0.20374982248393714,0.858034610748291,0.006466558203101158,0.026639031246304512,,,1.0,spike
2268,20,scenario3_repeated_spike,SAC,150,142.06201183082715,0,0.168788757394267,0.5700620118308272,0.5,0.5,-0.3694253846125471,0.7979915142059326,0.023039035499095917,0.03271308168768883,,,1.0,spike
2269,20,scenario3_repeated_spike,SAC,150,140.85581064774442,1,0.16122029478099797,0.2489762358247984,0.5,0.5,-0.20509826530289818,1.0718400478363037,0.00643152603879571,0.026187893003225327,,,1.0,spike
2270,20,scenario3_repeated_spike,SAC,150,139.77022958297,1,0.1608255380301709,0.24866043042413677,0.5,0.5,-0.20474298422715384,1.095130443572998,0.007423823699355125,0.029695793986320496,,,1.0,spike
2271,20,scenario3_repeated_spike,SAC,150,144.793206624673,0,0.17049575414042062,0.572793206624673,0.5,0.5,-0.3716444803825468,1.0565441846847534,0.010184691287577152,0.029172612354159355,,,1.0,spike
2272,20,scenario3_repeated_spike,SAC,150,143.3138859622057,1,0.16211414034989297,0.24969131227991437,0.5,0.5,-0.20590272631490367,1.1137211322784424,0.01202917005866766,0.030262509360909462,,,1.0,spike
2273,20,scenario3_repeated_spike,SAC,150,141.98249736598513,1,0.16162999904217643,0.24930399923374114,0.5,0.5,-0.2054669991379588,1.1797174215316772,0.0073790294118225574,0.034292466938495636,,,1.0,spike
2274,20,scenario3_repeated_spike,SAC,150,140.7842476293866,1,0.1611942718652315,0.2489554174921852,0.5,0.5,-0.20507484467870835,1.1142308712005615,0.03384803980588913,0.05187147855758667,,,1.0,spike
2275,20,scenario3_repeated_spike,SAC,150,139.70582286644796,1,0.1608021174059811,0.2486416939247849,0.5,0.5,-0.204721905665383,1.0931333303451538,0.0011307033710181713,0.011878268793225288,,,1.0,spike
2276,20,scenario3_repeated_spike,SAC,150,138.73524057980316,1,0.16044917839265568,0.24835934271412458,0.5,0.5,-0.20440426055339012,1.1519593000411987,0.05727824568748474,0.06284230947494507,,,1.0,spike
2277,20,scenario3_repeated_spike,SAC,150,137.86171652182284,1,0.16013153328066285,0.24810522662453027,0.5,0.5,-0.20411837995259657,1.2291383743286133,0.019251782447099686,0.05386122688651085,,,1.0,spike
2278,20,scenario3_repeated_spike,SAC,150,143.07554486964057,0,0.16942221554352538,0.5710755448696406,0.5,0.5,-0.370248880206583,1.5024776458740234,0.014771578833460808,0.05201372504234314,,,1.0,spike
2279,20,scenario3_repeated_spike,SAC,150,147.76799038267652,0,0.17235499398917284,0.5757679903826766,0.5,0.5,-0.3740614921859247,0.8229877352714539,0.009125202894210815,0.026687998324632645,,,1.0,spike
2280,20,scenario3_repeated_spike,SAC,150,145.99119134440886,1,0.16308770594342142,0.25047016475473716,0.5,0.5,-0.2067789353490793,1.1224217414855957,0.01129855401813984,0.034635573625564575,,,1.0,spike
2281,20,scenario3_repeated_spike,SAC,150,144.39207220996798,1,0.16250620807635202,0.2500049664610816,0.5,0.5,-0.20625558726871682,1.421537160873413,0.013953005895018578,0.04795052856206894,,,1.0,spike
2282,20,scenario3_repeated_spike,SAC,150,142.95286498897119,1,0.16198285999598952,0.2495862879967916,0.5,0.5,-0.20578457399639055,1.2039086818695068,0.003987712785601616,0.02522105723619461,,,1.0,spike
2283,20,scenario3_repeated_spike,SAC,150,147.65757849007406,0,0.17228598655629632,0.5756575784900742,0.5,0.5,-0.37397178252318525,1.2786569595336914,0.006471477448940277,0.023144016042351723,,,1.0,spike
2284,20,scenario3_repeated_spike,SAC,150,145.89182064106666,1,0.16305157114220606,0.25044125691376484,0.5,0.5,-0.20674641402798544,1.2387019395828247,0.01288224570453167,0.03658503293991089,,,1.0,spike
2285,20,scenario3_repeated_spike,SAC,150,144.30263857696,1,0.1624736867552582,0.24997894940420656,0.5,0.5,-0.20622631807973238,1.8376567363739014,0.008667390793561935,0.032789867371320724,,,1.0,spike
2286,20,scenario3_repeated_spike,SAC,150,148.872374719264,0,0.17304523419954002,0.576872374719264,0.5,0.5,-0.374958804459402,1.1230860948562622,0.0012149710673838854,0.013376858085393906,,,1.0,spike
2287,20,scenario3_repeated_spike,SAC,150,146.9851372473376,1,0.16344914081721368,0.25075931265377094,0.5,0.5,-0.2071042267354923,1.234769582748413,0.010411497205495834,0.036695484071969986,,,1.0,spike
2288,20,scenario3_repeated_spike,SAC,150,145.28662352260386,1,0.16283149946276504,0.25026519957021204,0.5,0.5,-0.20654834951648854,1.2565490007400513,0.009627124294638634,0.026034187525510788,,,1.0,spike
2289,20,scenario3_repeated_spike,SAC,150,143.7579611703435,1,0.1622756222437613,0.24982049779500903,0.5,0.5,-0.20604806001938517,1.4403319358825684,0.014324096962809563,0.030586697161197662,,,1.0,spike
2290,20,scenario3_repeated_spike,SAC,150,148.38216505330914,0,0.17273885315831822,0.5763821650533092,0.5,0.5,-0.37456050910581373,1.317493200302124,0.02690773457288742,0.031849801540374756,,,1.0,spike
2291,20,scenario3_repeated_spike,SAC,150,146.54394854797823,1,0.16328870856290117,0.25063096685032094,0.5,0.5,-0.20695983770661106,0.894023060798645,0.003868727944791317,0.019400179386138916,,,1.0,spike
2292,20,scenario3_repeated_spike,SAC,150,150.8895536931804,0,0.17430597105823775,0.5788895536931804,0.5,0.5,-0.3765977623757091,1.162111759185791,0.003834228031337261,0.024160273373126984,,,1.0,spike
2293,20,scenario3_repeated_spike,SAC,150,154.80059832386237,0,0.176750373952414,0.5828005983238624,0.5,0.5,-0.3797754861381382,0.7056951522827148,0.0024495082907378674,0.013457403518259525,,,1.0,spike
2294,20,scenario3_repeated_spike,SAC,150,158.32053849147613,0,0.1789503365571726,0.5863205384914761,0.5,0.5,-0.3826354375243244,1.0870543718338013,0.024634893983602524,0.030253825709223747,,,1.0,spike
2295,20,scenario3_repeated_spike,SAC,150,161.48848464232853,0,0.18093030290145534,0.5894884846423285,0.5,0.5,-0.3852093937718919,1.1757535934448242,0.0024517113342881203,0.016284095123410225,,,1.0,spike
2296,20,scenario3_repeated_spike,SAC,150,158.33963617809567,1,0.16757804951930752,0.25406243961544606,0.5,0.5,-0.2108202445673768,1.3644335269927979,0.03885135427117348,0.05555116385221481,,,1.0,spike
2297,20,scenario3_repeated_spike,SAC,150,161.50567256028611,0,0.18094104535017885,0.5895056725602862,0.5,0.5,-0.3852233589552325,1.1234691143035889,0.006018920801579952,0.02537182904779911,,,1.0,spike
2298,20,scenario3_repeated_spike,SAC,150,164.3551053042575,0,0.18272194081516097,0.5923551053042575,0.5,0.5,-0.38753852305970926,1.115791916847229,0.03847917169332504,0.05171065777540207,,,1.0,spike
2299,20,scenario3_repeated_spike,SAC,150,160.91959477383176,1,0.16851621628139338,0.25481297302511474,0.5,0.5,-0.21166459465325405,1.2244101762771606,0.011652089655399323,0.03261785954236984,,,1.0,spike
2300,20,scenario3_repeated_spike,SAC,150,157.8276352964486,1,0.16739186738052678,0.2539134939044214,0.5,0.5,-0.2106526806424741,1.4339755773544312,0.013733002357184887,0.01926257088780403,,,1.0,spike
2301,20,scenario3_repeated_spike,SAC,150,161.04487176680374,0,0.18065304485425235,0.5890448717668038,0.5,0.5,-0.38484895831052807,0.8562436699867249,0.003978381399065256,0.02118735946714878,,,1.0,spike
2302,20,scenario3_repeated_spike,SAC,150,157.94038459012336,1,0.16743286712368122,0.253946293698945,0.5,0.5,-0.2106895804113131,1.3889901638031006,0.004859800450503826,0.022736690938472748,,,1.0,spike
2303,20,scenario3_repeated_spike,SAC,150,155.14634613111102,1,0.1664168531385858,0.25313348251086865,0.5,0.5,-0.20977516782472722,1.2507529258728027,0.012410389259457588,0.03320572152733803,,,1.0,spike
2304,20,scenario3_repeated_spike,SAC,150,152.63171151799992,1,0.16550244055199997,0.2524019524416,0.5,0.5,-0.2089521964968,1.5266618728637695,0.013461599126458168,0.044550880789756775,,,1.0,spike
2305,20,scenario3_repeated_spike,SAC,150,156.36854036619994,0,0.17773033772887498,0.5843685403662,0.5,0.5,-0.3810494390475375,1.146988034248352,0.005321439355611801,0.023238928988575935,,,1.0,spike
2306,20,scenario3_repeated_spike,SAC,150,153.73168632957996,1,0.16590243139257452,0.25272194511405965,0.5,0.5,-0.2093121882533171,1.1149122714996338,0.0030574421398341656,0.01988588273525238,,,1.0,spike
2307,20,scenario3_repeated_spike,SAC,150,157.35851769662196,0,0.17834907356038876,0.5853585176966221,0.5,0.5,-0.3818537956285054,1.1335172653198242,0.033079516142606735,0.0408763661980629,,,1.0,spike
2308,20,scenario3_repeated_spike,SAC,150,154.62266592695977,1,0.16622642397343992,0.252981139178752,0.5,0.5,-0.20960378157609594,0.9269658327102661,0.007452496327459812,0.024782057851552963,,,1.0,spike
2309,20,scenario3_repeated_spike,SAC,150,158.1603993342638,0,0.17885024958391488,0.5861603993342638,0.5,0.5,-0.38250532445908936,0.9589996933937073,0.019564565271139145,0.037978582084178925,,,1.0,spike
2310,20,scenario3_repeated_spike,SAC,150,155.34435940083742,1,0.16648885796394092,0.25319108637115273,0.5,0.5,-0.20983997216754682,1.7626420259475708,0.002473084954544902,0.01932469941675663,,,1.0,spike
2311,20,scenario3_repeated_spike,SAC,150,152.80992346075368,1,0.16556724489481953,0.25245379591585565,0.5,0.5,-0.20901052040533757,1.3586032390594482,0.004134814254939556,0.01943795196712017,,,1.0,spike
2312,20,scenario3_repeated_spike,SAC,150,150.52893111467833,1,0.1647377931326103,0.2517902345060883,0.5,0.5,-0.20826401381934928,1.8458728790283203,0.042465224862098694,0.046611662954092026,,,1.0,spike
2313,20,scenario3_repeated_spike,SAC,150,148.4760380032105,1,0.16399128654662198,0.2511930292372976,0.5,0.5,-0.20759215789195978,1.0203256607055664,0.0014303127536550164,0.012966018170118332,,,1.0,spike
2314,20,scenario3_repeated_spike,SAC,150,146.62843420288945,1,0.16331943061923254,0.2506555444953861,0.5,0.5,-0.2069874875573093,1.033308506011963,0.00795978307723999,0.02274109050631523,,,1.0,spike
2315,20,scenario3_repeated_spike,SAC,150,144.96559078260051,1,0.16271476028458204,0.25017180822766566,0.5,0.5,-0.20644328425612385,1.4342716932296753,0.01044104341417551,0.030065475031733513,,,1.0,spike
2316,20,scenario3_repeated_spike,SAC,150,149.46903170434047,0,0.1734181448152128,0.5774690317043405,0.5,0.5,-0.37544358825977664,1.5778801441192627,0.018349580466747284,0.03794621303677559,,,1.0,spike
2317,20,scenario3_repeated_spike,SAC,150,147.52212853390643,1,0.163644410375966,0.2509155283007728,0.5,0.5,-0.2072799693383694,1.6557259559631348,0.019920017570257187,0.04378527030348778,,,1.0,spike
2318,20,scenario3_repeated_spike,SAC,150,145.7699156805158,1,0.16300724206564213,0.2504057936525137,0.5,0.5,-0.2067065178590779,0.7504317760467529,0.01865459606051445,0.028517253696918488,,,1.0,spike
2319,20,scenario3_repeated_spike,SAC,150,144.19292411246423,1,0.16243379058635063,0.2499470324690805,0.5,0.5,-0.20619041152771556,0.9944167137145996,0.0052161309868097305,0.019959837198257446,,,1.0,spike
2320,20,scenario3_repeated_spike,SAC,150,142.7736317012178,1,0.1619176842549883,0.24953414740399066,0.5,0.5,-0.20572591582948946,0.35507291555404663,0.03251582384109497,0.02788969688117504,,,1.0,spike
2321,20,scenario3_repeated_spike,SAC,150,141.496268531096,1,0.1614531885567622,0.24916255084540978,0.5,0.5,-0.205307869701086,1.1500104665756226,0.006585110444575548,0.024437513202428818,,,1.0,spike
2322,20,scenario3_repeated_spike,SAC,150,140.3466416779864,1,0.1610351424283587,0.248828113942687,0.5,0.5,-0.20493162818552285,1.3961949348449707,0.0025969063863158226,0.020961331203579903,,,1.0,spike
2323,20,scenario3_repeated_spike,SAC,150,139.31197751018777,1,0.16065890091279555,0.24852712073023647,0.5,0.5,-0.204593010821516,1.1715309619903564,0.009580252692103386,0.03713909909129143,,,1.0,spike
2324,20,scenario3_repeated_spike,SAC,150,138.380779759169,1,0.16032028354878872,0.24825622683903098,0.5,0.5,-0.20428825519390986,1.2979223728179932,0.01836787909269333,0.0397748127579689,,,1.0,spike
2325,20,scenario3_repeated_spike,SAC,150,143.54270178325208,0,0.16971418861453258,0.5715427017832522,0.5,0.5,-0.3706284451988924,0.7246484160423279,0.009943297132849693,0.02416771650314331,,,1.0,spike
2326,20,scenario3_repeated_spike,SAC,150,142.18843160492688,1,0.16170488421997342,0.24936390737597874,0.5,0.5,-0.20553439579797608,1.5088109970092773,0.003848325926810503,0.031778495758771896,,,1.0,spike
2327,20,scenario3_repeated_spike,SAC,150,140.96958844443418,1,0.16126166852524879,0.24900933482019905,0.5,0.5,-0.20513550167272393,0.8776614665985107,0.011372623965144157,0.04094487056136131,,,1.0,spike
2328,20,scenario3_repeated_spike,SAC,150,139.87262959999077,1,0.16086277439999663,0.2486902195199973,0.5,0.5,-0.20477649695999697,1.1534324884414673,0.027872949838638306,0.05391088128089905,,,1.0,spike
2329,20,scenario3_repeated_spike,SAC,150,138.8853666399917,1,0.16050376968726973,0.24840301574981583,0.5,0.5,-0.2044533927185428,0.9808779954910278,0.01974814385175705,0.04697202891111374,,,1.0,spike
2330,20,scenario3_repeated_spike,SAC,150,137.99682997599254,1,0.16018066544581547,0.2481445323566524,0.5,0.5,-0.20416259890123395,1.0750024318695068,0.010765129700303078,0.041119541972875595,,,1.0,spike
2331,20,scenario3_repeated_spike,SAC,150,137.19714697839328,1,0.15988987162850665,0.24791189730280533,0.5,0.5,-0.203900884465656,0.8997633457183838,0.014795615337789059,0.027600670233368874,,,1.0,spike
2332,20,scenario3_repeated_spike,SAC,150,136.47743228055396,1,0.15962815719292872,0.24770252575434298,0.5,0.5,-0.20366534147363585,1.103519320487976,0.016430966556072235,0.03325004130601883,,,1.0,spike
2333,20,scenario3_repeated_spike,SAC,150,135.82968905249857,1,0.15939261420090858,0.24751409136072688,0.5,0.5,-0.20345335278081772,1.236901044845581,0.012233905494213104,0.04358023777604103,,,1.0,spike
2334,20,scenario3_repeated_spike,SAC,150,135.2467201472487,1,0.15918062550809045,0.24734450040647238,0.5,0.5,-0.2032625629572814,1.4459221363067627,0.025801382958889008,0.03914947807788849,,,1.0,spike
2335,20,scenario3_repeated_spike,SAC,150,134.72204813252384,1,0.15898983568455413,0.2471918685476433,0.5,0.5,-0.20309085211609873,1.4781575202941895,0.007914705201983452,0.025351494550704956,,,1.0,spike
2336,20,scenario3_repeated_spike,SAC,150,134.24984331927146,1,0.15881812484337143,0.2470544998746972,0.5,0.5,-0.2029363123590343,1.114516258239746,0.006830330938100815,0.027810243889689445,,,1.0,spike
2337,20,scenario3_repeated_spike,SAC,150,139.82485898734433,0,0.1673905368670902,0.5678248589873444,0.5,0.5,-0.36760769792721726,1.1358643770217896,0.011512462049722672,0.03173045814037323,,,1.0,spike
2338,20,scenario3_repeated_spike,SAC,150,138.84237308860992,1,0.1604881356685854,0.24839050853486833,0.5,0.5,-0.20443932210172688,1.04001784324646,0.005310308188199997,0.02063225582242012,,,1.0,spike
2339,20,scenario3_repeated_spike,SAC,150,137.95813577974894,1,0.16016659482899961,0.24813327586319972,0.5,0.5,-0.20414993534609965,1.1640256643295288,0.0033017750829458237,0.022076206281781197,,,1.0,spike
2340,20,scenario3_repeated_spike,SAC,150,137.16232220177403,1,0.15987720807337236,0.24790176645869788,0.5,0.5,-0.20388948726603512,1.154502511024475,0.01625259965658188,0.04067628085613251,,,1.0,spike
2341,20,scenario3_repeated_spike,SAC,150,136.44608998159663,1,0.15961675999330788,0.24769340799464634,0.5,0.5,-0.2036550839939771,1.4865614175796509,0.01178505178540945,0.03810201212763786,,,1.0,spike
2342,20,scenario3_repeated_spike,SAC,150,135.801480983437,1,0.1593823567212498,0.24750588537699986,0.5,0.5,-0.20344412104912485,1.6371127367019653,0.03422529250383377,0.04456198588013649,,,1.0,spike
2343,20,scenario3_repeated_spike,SAC,150,135.2213328850933,1,0.15917139377639758,0.2473371150211181,0.5,0.5,-0.20325425439875783,1.4030225276947021,0.04478073865175247,0.06407574564218521,,,1.0,spike
2344,20,scenario3_repeated_spike,SAC,150,134.69919959658398,1,0.15898152712603053,0.24718522170082446,0.5,0.5,-0.2030833744134275,1.40446138381958,0.025687940418720245,0.04984647035598755,,,1.0,spike
2345,20,scenario3_repeated_spike,SAC,150,140.22927963692558,0,0.1676432997730785,0.5682292796369256,0.5,0.5,-0.36793628970500203,1.2117390632629395,0.03468276560306549,0.047794464975595474,,,1.0,spike
2346,20,scenario3_repeated_spike,SAC,150,139.20635167323303,1,0.1606204915175393,0.24849639321403144,0.5,0.5,-0.20455844236578535,0.9651391506195068,0.00804825872182846,0.035867199301719666,,,1.0,spike
2347,20,scenario3_repeated_spike,SAC,150,144.28571650590973,0,0.1701785728161936,0.5722857165059098,0.5,0.5,-0.3712321446610517,1.7649123668670654,0.04852394759654999,0.06795575469732285,,,1.0,spike
2348,20,scenario3_repeated_spike,SAC,150,148.85714485531875,0,0.17303571553457422,0.5768571448553188,0.5,0.5,-0.3749464301949465,1.157538652420044,0.030447423458099365,0.05670755356550217,,,1.0,spike
2349,20,scenario3_repeated_spike,SAC,150,146.97143036978687,1,0.16344415649810434,0.2507553251984835,0.5,0.5,-0.2070997408482939,1.2104878425598145,0.010362512432038784,0.036645807325839996,,,1.0,spike
2350,20,scenario3_repeated_spike,SAC,150,145.2742873328082,1,0.16282701357556661,0.2502616108604533,0.5,0.5,-0.20654431221800995,1.166266679763794,0.0004434103611856699,0.01080368086695671,,,1.0,spike
2351,20,scenario3_repeated_spike,SAC,150,143.74685859952737,1,0.16227158494528268,0.24981726795622616,0.5,0.5,-0.20604442645075444,1.077670931816101,0.010524654760956764,0.04086212068796158,,,1.0,spike
2352,20,scenario3_repeated_spike,SAC,150,142.37217273957464,1,0.16177169917802714,0.2494173593424217,0.5,0.5,-0.20559452926022442,1.2357794046401978,0.05379396304488182,0.08094047755002975,,,1.0,spike
2353,20,scenario3_repeated_spike,SAC,150,141.13495546561717,1,0.16132180198749715,0.24905744158999776,0.5,0.5,-0.20518962178874744,1.7874902486801147,0.03794463723897934,0.08376003801822662,,,1.0,spike
2354,20,scenario3_repeated_spike,SAC,150,140.02145991905547,1,0.16091689451602015,0.24873351561281615,0.5,0.5,-0.20482520506441815,1.3818310499191284,0.016933901235461235,0.0494283102452755,,,1.0,spike
2355,20,scenario3_repeated_spike,SAC,150,145.01931392714994,0,0.17063707120446872,0.57301931392715,0.5,0.5,-0.37182819256580935,1.589025855064392,0.011473501101136208,0.04488803446292877,,,1.0,spike
2356,20,scenario3_repeated_spike,SAC,150,149.51738253443494,0,0.17344836408402187,0.577517382534435,0.5,0.5,-0.3754828733092284,1.449220061302185,0.007531017065048218,0.033166587352752686,,,1.0,spike
2357,20,scenario3_repeated_spike,SAC,150,147.56564428099145,1,0.1636602342839969,0.2509281874271975,0.5,0.5,-0.2072942108555972,0.916486382484436,0.01802014745771885,0.049351442605257034,,,1.0,spike
2358,20,scenario3_repeated_spike,SAC,150,145.8090798528923,1,0.1630214835828699,0.25041718686629594,0.5,0.5,-0.2067193352245829,1.7507394552230835,0.03483669459819794,0.07698286324739456,,,1.0,spike
2359,20,scenario3_repeated_spike,SAC,150,144.22817186760307,1,0.16244660795185567,0.24995728636148457,0.5,0.5,-0.20620194715667012,1.6039243936538696,0.009566055610775948,0.03404460847377777,,,1.0,spike
2360,20,scenario3_repeated_spike,SAC,150,148.80535468084275,0,0.17300334667552675,0.5768053546808428,0.5,0.5,-0.3749043506781848,1.417797565460205,0.0140029676258564,0.03713204339146614,,,1.0,spike
2361,20,scenario3_repeated_spike,SAC,150,152.92481921275848,0,0.17557801200797407,0.5809248192127585,0.5,0.5,-0.3782514156103663,1.2751089334487915,0.006022154353559017,0.03456394374370575,,,1.0,spike
2362,20,scenario3_repeated_spike,SAC,150,156.63233729148263,0,0.17789521080717666,0.5846323372914827,0.5,0.5,-0.38126377404932965,1.590123176574707,0.00650076474994421,0.030190419405698776,,,1.0,spike
2363,20,scenario3_repeated_spike,SAC,150,159.96910356233437,0,0.17998068972645898,0.5879691035623343,0.5,0.5,-0.38397489664439666,1.0472773313522339,0.012241918593645096,0.03643772378563881,,,1.0,spike
2364,20,scenario3_repeated_spike,SAC,150,156.97219320610094,1,0.16708079752949126,0.253664638023593,0.5,0.5,-0.21037271777654215,1.4414328336715698,0.013585975393652916,0.04476410523056984,,,1.0,spike
2365,20,scenario3_repeated_spike,SAC,150,154.27497388549085,1,0.16609999050381485,0.2528799924030519,0.5,0.5,-0.2094899914534334,1.6193939447402954,0.0062530189752578735,0.02776421047747135,,,1.0,spike
2366,20,scenario3_repeated_spike,SAC,150,151.84747649694177,1,0.16521726418070612,0.2521738113445649,0.5,0.5,-0.2086955377626355,1.2012934684753418,0.014745607040822506,0.032605379819869995,,,1.0,spike
2367,20,scenario3_repeated_spike,SAC,150,149.6627288472476,1,0.16442281048990823,0.2515382483919266,0.5,0.5,-0.20798052944091744,1.0908770561218262,0.009687083773314953,0.03279247507452965,,,1.0,spike
2368,20,scenario3_repeated_spike,SAC,150,147.69645596252283,1,0.16370780216819014,0.2509662417345521,0.5,0.5,-0.20733702195137113,1.0866692066192627,0.005013936664909124,0.02561214566230774,,,1.0,spike
2369,20,scenario3_repeated_spike,SAC,150,145.92681036627056,1,0.16306429467864383,0.25045143574291506,0.5,0.5,-0.20675786521077943,0.7949627637863159,0.038039304316043854,0.03896782919764519,,,1.0,spike
2370,20,scenario3_repeated_spike,SAC,150,144.3341293296435,1,0.16248513793805217,0.24998811035044177,0.5,0.5,-0.20623662414424698,1.0812336206436157,0.030979681760072708,0.04725533723831177,,,1.0,spike
2371,20,scenario3_repeated_spike,SAC,150,142.90071639667914,1,0.1619638968715197,0.24957111749721578,0.5,0.5,-0.20576750718436776,1.3273272514343262,0.006917931139469147,0.032222285866737366,,,1.0,spike
2372,20,scenario3_repeated_spike,SAC,150,141.61064475701124,1,0.16149477991164043,0.2491958239293124,0.5,0.5,-0.2053453019204764,1.203948736190796,0.005728165619075298,0.030353864654898643,,,1.0,spike
2373,20,scenario3_repeated_spike,SAC,150,140.44958028131012,1,0.16107257464774916,0.24885805971819935,0.5,0.5,-0.20496531718297425,1.2755026817321777,0.03845910727977753,0.05036293342709541,,,1.0,spike
2374,20,scenario3_repeated_spike,SAC,150,139.40462225317913,1,0.16069258991024696,0.24855407192819756,0.5,0.5,-0.20462333091922225,1.4384534358978271,0.008451509289443493,0.029231516644358635,,,1.0,spike
2375,20,scenario3_repeated_spike,SAC,150,138.46416002786123,1,0.160350603646495,0.248280482917196,0.5,0.5,-0.2043155432818455,1.7815675735473633,0.006377073936164379,0.024583563208580017,,,1.0,spike
2376,20,scenario3_repeated_spike,SAC,150,137.61774402507513,1,0.16004281600911824,0.24803425280729463,0.5,0.5,-0.20403853440820643,1.3951263427734375,0.0031149873975664377,0.024843690916895866,,,1.0,spike
2377,20,scenario3_repeated_spike,SAC,150,136.8559696225676,1,0.15976580713547914,0.24781264570838335,0.5,0.5,-0.20378922642193126,1.2576806545257568,0.0024843334686011076,0.019416943192481995,,,1.0,spike
2378,20,scenario3_repeated_spike,SAC,150,136.17037266031087,1,0.15951649914920396,0.2476131993193632,0.5,0.5,-0.20356484923428358,1.0594087839126587,0.017636369913816452,0.033934321254491806,,,1.0,spike
2379,20,scenario3_repeated_spike,SAC,150,135.55333539427977,1,0.1592921219615563,0.24743369756924505,0.5,0.5,-0.20336290976540067,1.2613356113433838,0.025858553126454353,0.050042860209941864,,,1.0,spike
2380,20,scenario3_repeated_spike,SAC,150,134.9980018548518,1,0.15909018249267337,0.24727214599413871,0.5,0.5,-0.20318116424340604,1.3347948789596558,0.018471570685505867,0.045872170478105545,,,1.0,spike
2381,20,scenario3_repeated_spike,SAC,150,134.4982016693666,1,0.15890843697067877,0.24712674957654301,0.5,0.5,-0.2030175932736109,0.6897802352905273,0.004684639163315296,0.02095601335167885,,,1.0,spike
2382,20,scenario3_repeated_spike,SAC,150,140.04838150242995,0,0.16753023843901874,0.56804838150243,0.5,0.5,-0.36778930997072434,1.0669249296188354,0.0029442026279866695,0.018635090440511703,,,1.0,spike
2383,20,scenario3_repeated_spike,SAC,150,139.04354335218696,1,0.16056128849170434,0.2484490307933635,0.5,0.5,-0.2045051596425339,1.3559224605560303,0.045094989240169525,0.06001530587673187,,,1.0,spike
2384,20,scenario3_repeated_spike,SAC,150,144.13918901696826,0,0.17008699313560516,0.5721391890169683,0.5,0.5,-0.3711130910762867,1.4210584163665771,0.010262848809361458,0.034447893500328064,,,1.0,spike
2385,20,scenario3_repeated_spike,SAC,150,142.72527011527143,1,0.16190009822373505,0.24952007857898806,0.5,0.5,-0.20571008840136157,1.156954050064087,0.022197965532541275,0.04292982444167137,,,1.0,spike
2386,20,scenario3_repeated_spike,SAC,150,141.4527431037443,1,0.1614373611286343,0.24914988890290746,0.5,0.5,-0.20529362501577086,1.1583584547042847,0.009247085079550743,0.029799066483974457,,,1.0,spike
2387,20,scenario3_repeated_spike,SAC,150,140.30746879336988,1,0.1610208977430436,0.2488167181944349,0.5,0.5,-0.20491880796873924,1.642212152481079,0.007585564162582159,0.036014799028635025,,,1.0,spike
2388,20,scenario3_repeated_spike,SAC,150,139.2767219140329,1,0.16064608069601197,0.2485168645568096,0.5,0.5,-0.2045814726264108,1.5582022666931152,0.038289785385131836,0.06259650737047195,,,1.0,spike
2389,20,scenario3_repeated_spike,SAC,150,138.34904972262962,1,0.16030874535368347,0.24824699628294677,0.5,0.5,-0.2042778708183151,1.3348488807678223,0.04329019412398338,0.04719918966293335,,,1.0,spike
2390,20,scenario3_repeated_spike,SAC,150,143.51414475036665,0,0.1696963404689792,0.5715141447503667,0.5,0.5,-0.3706052426096729,1.5699070692062378,0.017703646793961525,0.039852723479270935,,,1.0,spike
2391,20,scenario3_repeated_spike,SAC,150,148.16273027533,0,0.17260170642208128,0.57616273027533,0.5,0.5,-0.37438221834870566,1.354501724243164,0.012672901153564453,0.03962990269064903,,,1.0,spike
2392,20,scenario3_repeated_spike,SAC,150,146.34645724779702,1,0.16321689354465346,0.25057351483572277,0.5,0.5,-0.20689520419018811,1.4218584299087524,0.012113930657505989,0.04190724343061447,,,1.0,spike
2393,20,scenario3_repeated_spike,SAC,150,144.71181152301733,1,0.16262247691746085,0.25009798153396867,0.5,0.5,-0.20636022922571476,1.2504392862319946,0.001483425498008728,0.014298224821686745,,,1.0,spike
2394,20,scenario3_repeated_spike,SAC,150,143.2406303707156,1,0.1620875019529875,0.24967000156239,0.5,0.5,-0.20587875175768874,1.14589262008667,0.006151341833174229,0.02679057978093624,,,1.0,spike
2395,20,scenario3_repeated_spike,SAC,150,141.91656733364402,1,0.16160602448496147,0.24928481958796922,0.5,0.5,-0.20544542203646535,1.3861550092697144,0.012272043153643608,0.0390976145863533,,,1.0,spike
2396,20,scenario3_repeated_spike,SAC,150,146.72491060027963,0,0.17170306912517477,0.5747249106002796,0.5,0.5,-0.3732139898627272,1.6424980163574219,0.015527463518083096,0.039393652230501175,,,1.0,spike
2397,20,scenario3_repeated_spike,SAC,150,145.05241954025166,1,0.16274633437827332,0.25019706750261866,0.5,0.5,-0.20647170094044598,1.2640491724014282,0.004838545806705952,0.024711785838007927,,,1.0,spike
2398,20,scenario3_repeated_spike,SAC,150,143.5471775862265,1,0.16219897366771874,0.24975917893417499,0.5,0.5,-0.20597907630094686,0.997905433177948,0.011924440041184425,0.023692214861512184,,,1.0,spike
2399,20,scenario3_repeated_spike,SAC,150,142.19245982760384,1,0.1617063490282196,0.24936507922257567,0.5,0.5,-0.20553571412539762,1.6923071146011353,0.012567640282213688,0.03391992673277855,,,1.0,spike
2400,20,scenario3_repeated_spike,SAC,150,140.97321384484346,1,0.16126298685267035,0.24901038948213627,0.5,0.5,-0.20513668816740332,1.4611499309539795,0.009050128050148487,0.02597406879067421,,,1.0,spike
2401,20,scenario3_repeated_spike,SAC,150,139.87589246035913,1,0.16086396089467606,0.24869116871574087,0.5,0.5,-0.20477756480520848,1.211898684501648,0.004571087192744017,0.022025343030691147,,,1.0,spike
2402,20,scenario3_repeated_spike,SAC,150,138.88830321432323,1,0.16050483753248115,0.24840387002598496,0.5,0.5,-0.20445435377923304,1.3861932754516602,0.005791213363409042,0.02138238027691841,,,1.0,spike
2403,20,scenario3_repeated_spike,SAC,150,137.9994728928909,1,0.16018162650650578,0.24814530120520462,0.5,0.5,-0.2041634638558552,1.6284668445587158,0.022640950977802277,0.039691079407930374,,,1.0,spike
2404,20,scenario3_repeated_spike,SAC,150,137.1995256036018,1,0.15989073658312794,0.2479125892665024,0.5,0.5,-0.20390166292481515,1.5284545421600342,0.007202026899904013,0.032555531710386276,,,1.0,spike
2405,20,scenario3_repeated_spike,SAC,150,136.47957304324163,1,0.15962893565208788,0.2477031485216703,0.5,0.5,-0.2036660420868791,0.7523828744888306,0.009065861813724041,0.02462541125714779,,,1.0,spike
2406,20,scenario3_repeated_spike,SAC,150,135.83161573891746,1,0.1593933148141518,0.2475146518513215,0.5,0.5,-0.20345398333273665,1.2924060821533203,0.005073221866041422,0.023628734052181244,,,1.0,spike
2407,20,scenario3_repeated_spike,SAC,150,135.24845416502572,1,0.15918125606000935,0.24734500484800748,0.5,0.5,-0.2032631304540084,0.8985666632652283,0.028724554926156998,0.04146905988454819,,,1.0,spike
2408,20,scenario3_repeated_spike,SAC,150,134.72360874852313,1,0.15899040318128116,0.24719232254502493,0.5,0.5,-0.20309136286315305,1.630725622177124,0.014097984880208969,0.0429866798222065,,,1.0,spike
2409,20,scenario3_repeated_spike,SAC,150,134.25124787367082,1,0.15881863559042575,0.24705490847234063,0.5,0.5,-0.2029367720313832,1.434330701828003,0.010274575091898441,0.03413558006286621,,,1.0,spike
2410,20,scenario3_repeated_spike,SAC,150,133.82612308630374,1,0.1586640447586559,0.24693123580692472,0.5,0.5,-0.2027976402827903,1.354979157447815,0.0037212418392300606,0.024218982085585594,,,1.0,spike
2411,20,scenario3_repeated_spike,SAC,150,139.44351077767337,0,0.16715219423604588,0.5674435107776734,0.5,0.5,-0.36729785250685965,1.476722240447998,0.006270474288612604,0.02131372131407261,,,1.0,spike
2412,20,scenario3_repeated_spike,SAC,150,138.49915969990604,1,0.16036333079996584,0.24829066463997268,0.5,0.5,-0.20432699771996926,1.1447947025299072,0.02007020264863968,0.040398623794317245,,,1.0,spike
2413,20,scenario3_repeated_spike,SAC,150,137.64924372991544,1,0.16005427044724196,0.2480434163577936,0.5,0.5,-0.20404884340251778,1.4488694667816162,0.006806389428675175,0.02777683176100254,,,1.0,spike
2414,20,scenario3_repeated_spike,SAC,150,136.8843193569239,1,0.1597761161297905,0.2478208929038324,0.5,0.5,-0.20379850451681147,1.2611957788467407,0.005094449035823345,0.019174806773662567,,,1.0,spike
2415,20,scenario3_repeated_spike,SAC,150,136.1958874212315,1,0.15952577724408418,0.24762062179526734,0.5,0.5,-0.20357319951967576,1.2171579599380493,0.013583557680249214,0.038238029927015305,,,1.0,spike
2416,20,scenario3_repeated_spike,SAC,150,141.57629867910836,0,0.16848518667444273,0.5695762986791084,0.5,0.5,-0.3690307426767756,1.4049789905548096,0.013701766729354858,0.039260830730199814,,,1.0,spike
2417,20,scenario3_repeated_spike,SAC,150,146.41866881119753,0,0.17151166800699846,0.5744186688111975,0.5,0.5,-0.372965168409098,1.5134457349777222,0.01415263768285513,0.050466783344745636,,,1.0,spike
2418,20,scenario3_repeated_spike,SAC,150,144.7768019300778,1,0.16264610979275557,0.2501168878342045,0.5,0.5,-0.20638149881348003,1.1012077331542969,0.008150202222168446,0.031697142869234085,,,1.0,spike
2419,20,scenario3_repeated_spike,SAC,150,143.29912173707,1,0.16210877154075273,0.24968701723260223,0.5,0.5,-0.2058978943866775,1.6293230056762695,0.011853964999318123,0.03800323233008385,,,1.0,spike
2420,20,scenario3_repeated_spike,SAC,150,141.96920956336302,1,0.16162516711395022,0.24930013369116022,0.5,0.5,-0.20546265040255524,1.6342110633850098,0.010776499286293983,0.04615669697523117,,,1.0,spike
2421,20,scenario3_repeated_spike,SAC,150,140.77228860702672,1,0.1611899231298279,0.24895193850386232,0.5,0.5,-0.20507093081684513,1.897905945777893,0.01232938189059496,0.05284270644187927,,,1.0,spike
2422,20,scenario3_repeated_spike,SAC,150,139.69505974632403,1,0.16079820354411783,0.24863856283529429,0.5,0.5,-0.20471838318970606,1.4309087991714478,0.0027110744267702103,0.01836910843849182,,,1.0,spike
2423,20,scenario3_repeated_spike,SAC,150,138.72555377169164,1,0.1604456559169788,0.24835652473358305,0.5,0.5,-0.20440109032528092,1.4040250778198242,0.017486881464719772,0.041485901921987534,,,1.0,spike
2424,20,scenario3_repeated_spike,SAC,150,137.85299839452247,1,0.16012836305255362,0.24810269044204292,0.5,0.5,-0.20411552674729827,1.441721796989441,0.053924255073070526,0.06493784487247467,,,1.0,spike
2425,20,scenario3_repeated_spike,SAC,150,137.06769855507022,1,0.159842799474571,0.24787423957965682,0.5,0.5,-0.20385851952711392,1.5179083347320557,0.00799347460269928,0.034742336720228195,,,1.0,spike
2426,20,scenario3_repeated_spike,SAC,150,136.3609286995632,1,0.15958579225438663,0.24766863380350934,0.5,0.5,-0.20362721302894798,1.2081654071807861,0.004506382625550032,0.018765253946185112,,,1.0,spike
2427,20,scenario3_repeated_spike,SAC,150,135.7248358296069,1,0.1593544857562207,0.24748358860497655,0.5,0.5,-0.20341903718059862,1.3342267274856567,0.010860868729650974,0.03851716220378876,,,1.0,spike
2428,20,scenario3_repeated_spike,SAC,150,135.15235224664622,1,0.15914630990787135,0.2473170479262971,0.5,0.5,-0.2032316789170842,1.32120943069458,0.03082726150751114,0.060799453407526016,,,1.0,spike
2429,20,scenario3_repeated_spike,SAC,150,134.6371170219816,1,0.15895895164435694,0.24716716131548555,0.5,0.5,-0.20306305647992123,1.7602686882019043,0.05608441308140755,0.07264493405818939,,,1.0,spike
2430,20,scenario3_repeated_spike,SAC,150,134.17340531978346,1,0.158790329207194,0.24703226336575523,0.5,0.5,-0.2029112962864746,1.7637343406677246,0.01688377931714058,0.04418438673019409,,,1.0,spike
2431,20,scenario3_repeated_spike,SAC,150,133.75606478780512,1,0.15863856901374732,0.24691085521099787,0.5,0.5,-0.20277471211237258,1.2963567972183228,0.0218107420951128,0.031455349177122116,,,1.0,spike
2432,20,scenario3_repeated_spike,SAC,150,133.38045830902462,1,0.1585019848396453,0.24680158787171624,0.5,0.5,-0.20265178635568076,1.3919942378997803,0.006800149101763964,0.03166421875357628,,,1.0,spike
2433,20,scenario3_repeated_spike,SAC,150,133.04241247812217,1,0.15837905908295352,0.24670324726636284,0.5,0.5,-0.20254115317465818,1.7508735656738281,0.016115456819534302,0.042231544852256775,,,1.0,spike
2434,20,scenario3_repeated_spike,SAC,150,132.73817123030994,1,0.15826842590193088,0.2466147407215447,0.5,0.5,-0.20244158331173778,1.4798693656921387,0.006481304299086332,0.023001154884696007,,,1.0,spike
2435,20,scenario3_repeated_spike,SAC,150,132.46435410727895,1,0.15816885603901054,0.24653508483120845,0.5,0.5,-0.2023519704351095,1.4223178625106812,0.005829754751175642,0.02622893825173378,,,1.0,spike
2436,20,scenario3_repeated_spike,SAC,150,132.21791869655107,1,0.15807924316238223,0.2464633945299058,0.5,0.5,-0.20227131884614402,1.5749529600143433,0.012154948897659779,0.03991054743528366,,,1.0,spike
2437,20,scenario3_repeated_spike,SAC,150,131.99612682689596,1,0.15799859157341672,0.2463988732587334,0.5,0.5,-0.20219873241607506,1.2055681943893433,0.0050276825204491615,0.022768767550587654,,,1.0,spike
2438,20,scenario3_repeated_spike,SAC,150,131.79651414420636,1,0.15792600514334776,0.24634080411467824,0.5,0.5,-0.202133404629013,1.3350571393966675,0.006426789332181215,0.027587201446294785,,,1.0,spike
2439,20,scenario3_repeated_spike,SAC,150,131.61686272978574,1,0.15786067735628573,0.24628854188502858,0.5,0.5,-0.20207460962065715,1.2504022121429443,0.00393856642767787,0.02438090369105339,,,1.0,spike
2440,20,scenario3_repeated_spike,SAC,150,131.45517645680718,1,0.15780188234792988,0.24624150587834392,0.5,0.5,-0.20202169411313692,1.1046262979507446,0.004534449893981218,0.022300874814391136,,,1.0,spike
2441,20,scenario3_repeated_spike,SAC,150,131.30965881112647,1,0.15774896684040962,0.24619917347232773,0.5,0.5,-0.20197407015636867,1.3117785453796387,0.020515698939561844,0.037107665091753006,,,1.0,spike
2442,20,scenario3_repeated_spike,SAC,150,131.17869293001382,1,0.1577013428836414,0.24616107430691314,0.5,0.5,-0.20193120859527727,1.3216897249221802,0.011702391318976879,0.03224482387304306,,,1.0,spike
2443,20,scenario3_repeated_spike,SAC,150,131.06082363701245,1,0.15765848132254998,0.24612678505803998,0.5,0.5,-0.201892633190295,1.3698337078094482,0.0061826882883906364,0.02918093465268612,,,1.0,spike
2444,20,scenario3_repeated_spike,SAC,150,130.95474127331119,1,0.15761990591756772,0.24609592473405417,0.5,0.5,-0.20185791532581093,1.2916313409805298,0.015764491632580757,0.039025358855724335,,,1.0,spike
2445,20,scenario3_repeated_spike,SAC,150,130.85926714598008,1,0.15758518805308366,0.24606815044246694,0.5,0.5,-0.20182666924777531,2.0944137573242188,0.0013442914932966232,0.01571492664515972,,,1.0,spike
2446,20,scenario3_repeated_spike,SAC,150,130.77334043138208,1,0.15755394197504802,0.24604315358003842,0.5,0.5,-0.20179854777754322,1.0273747444152832,0.0015959016745910048,0.014114560559391975,,,1.0,spike
2447,20,scenario3_repeated_spike,SAC,150,136.69600638824386,0,0.16543500399265243,0.5646960063882439,0.5,0.5,-0.36506550519044817,1.4209953546524048,0.04088287055492401,0.042423661798238754,,,1.0,spike
2448,20,scenario3_repeated_spike,SAC,150,142.0264057494195,0,0.16876650359338718,0.5700264057494195,0.5,0.5,-0.36939645467140336,1.7759864330291748,0.005134648643434048,0.024567779153585434,,,1.0,spike
2449,20,scenario3_repeated_spike,SAC,150,140.82376517447756,1,0.1612086418816282,0.2489669135053026,0.5,0.5,-0.2050877776934654,1.8457608222961426,0.03473895043134689,0.033754415810108185,,,1.0,spike
2450,20,scenario3_repeated_spike,SAC,150,139.7413886570298,1,0.16081505042073813,0.2486520403365905,0.5,0.5,-0.2047335453786643,1.443259835243225,0.015491094440221786,0.03140346333384514,,,1.0,spike
2451,20,scenario3_repeated_spike,SAC,150,138.76724979132683,1,0.16046081810593704,0.24836865448474965,0.5,0.5,-0.20441473629534335,1.2226635217666626,0.03625400736927986,0.041925784200429916,,,1.0,spike
2452,20,scenario3_repeated_spike,SAC,150,137.89052481219414,1,0.16014200902261608,0.2481136072180929,0.5,0.5,-0.20412780812035447,1.155395746231079,0.00943834986537695,0.03099663183093071,,,1.0,spike
2453,20,scenario3_repeated_spike,SAC,150,137.10147233097473,1,0.15985508084762717,0.24788406467810176,0.5,0.5,-0.20386957276286446,1.8916603326797485,0.005060009192675352,0.026902224868535995,,,1.0,spike
2454,20,scenario3_repeated_spike,SAC,150,136.39132509787726,1,0.1595968454901372,0.2476774763921098,0.5,0.5,-0.2036371609411235,1.3528634309768677,0.003535730764269829,0.018396271392703056,,,1.0,spike
2455,20,scenario3_repeated_spike,SAC,150,135.75219258808954,1,0.1593644336683962,0.24749154693471698,0.5,0.5,-0.2034279903015566,1.7419795989990234,0.006398337893188,0.030846040695905685,,,1.0,spike
2456,20,scenario3_repeated_spike,SAC,150,135.1769733292806,1,0.15915526302882932,0.24732421042306346,0.5,0.5,-0.2032397367259464,1.3061861991882324,0.025035496801137924,0.031000036746263504,,,1.0,spike
2457,20,scenario3_repeated_spike,SAC,150,134.65927599635256,1,0.15896700945321912,0.24717360756257534,0.5,0.5,-0.20307030850789723,1.4875885248184204,0.004789958242326975,0.030095534399151802,,,1.0,spike
2458,20,scenario3_repeated_spike,SAC,150,134.1933483967173,1,0.15879758123516993,0.24703806498813596,0.5,0.5,-0.20291782311165296,0.9758672714233398,0.004411257803440094,0.02415347658097744,,,1.0,spike
2459,20,scenario3_repeated_spike,SAC,150,133.77401355704558,1,0.15864509583892566,0.24691607667114057,0.5,0.5,-0.20278058625503312,1.2530133724212646,0.017560383304953575,0.0457754023373127,,,1.0,spike
2460,20,scenario3_repeated_spike,SAC,150,133.39661220134104,1,0.15850785898230585,0.24680628718584469,0.5,0.5,-0.20265707308407527,1.5702935457229614,0.02944573014974594,0.05952531099319458,,,1.0,spike
2461,20,scenario3_repeated_spike,SAC,150,133.05695098120694,1,0.158384345811348,0.24670747664907844,0.5,0.5,-0.2025459112302132,0.8099653720855713,0.012483296915888786,0.0339716374874115,,,1.0,spike
2462,20,scenario3_repeated_spike,SAC,150,132.75125588308623,1,0.1582731839574859,0.24661854716598874,0.5,0.5,-0.20244586556173733,1.9881141185760498,0.022309139370918274,0.07346708327531815,,,1.0,spike
2463,20,scenario3_repeated_spike,SAC,150,132.4761302947776,1,0.15817313828901003,0.24653851063120802,0.5,0.5,-0.20235582446010902,2.07843017578125,0.030250482261180878,0.07699590176343918,,,1.0,spike
2464,20,scenario3_repeated_spike,SAC,150,132.22851726529984,1,0.15808309718738175,0.24646647774990543,0.5,0.5,-0.20227478746864358,1.3780174255371094,0.010686932131648064,0.045995648950338364,,,1.0,spike
2465,20,scenario3_repeated_spike,SAC,150,132.00566553876985,1,0.1580020601959163,0.24640164815673304,0.5,0.5,-0.2022018541763247,1.6196460723876953,0.01204510685056448,0.040785692632198334,,,1.0,spike
2466,20,scenario3_repeated_spike,SAC,150,137.80509898489288,0,0.16612818686555808,0.565805098984893,0.5,0.5,-0.3659666429252255,1.0824809074401855,0.04702930152416229,0.060490306466817856,,,1.0,spike
2467,20,scenario3_repeated_spike,SAC,150,137.02458908640358,1,0.15982712330414675,0.24786169864331742,0.5,0.5,-0.20384441097373207,1.4624335765838623,0.005871865898370743,0.024451199918985367,,,1.0,spike
2468,20,scenario3_repeated_spike,SAC,150,136.32213017776323,1,0.1595716837010048,0.24765734696080388,0.5,0.5,-0.20361451533090436,1.1744630336761475,0.01525728777050972,0.045138511806726456,,,1.0,spike
2469,20,scenario3_repeated_spike,SAC,150,135.68991715998692,1,0.15934178805817706,0.2474734304465417,0.5,0.5,-0.20340760925235937,1.7494330406188965,0.01642964780330658,0.058434706181287766,,,1.0,spike
2470,20,scenario3_repeated_spike,SAC,150,135.12092544398823,1,0.15913488197963208,0.2473079055837057,0.5,0.5,-0.20322139378166887,1.8564443588256836,0.010712606832385063,0.0483006089925766,,,1.0,spike
2471,20,scenario3_repeated_spike,SAC,150,134.6088328995894,1,0.1589486665089416,0.24715893320715332,0.5,0.5,-0.20305379985804745,1.1059198379516602,0.0015164660289883614,0.017995191738009453,,,1.0,spike
2472,20,scenario3_repeated_spike,SAC,150,134.14794960963047,1,0.15878107258532018,0.24702485806825614,0.5,0.5,-0.20290296532678814,1.5643103122711182,0.01180226355791092,0.051149990409612656,,,1.0,spike
2473,20,scenario3_repeated_spike,SAC,150,139.73315464866744,0,0.16733322165541717,0.5677331546486675,0.5,0.5,-0.36753318815204233,1.475904941558838,0.02384478598833084,0.059556491672992706,,,1.0,spike
2474,20,scenario3_repeated_spike,SAC,150,138.7598391838007,1,0.16045812333956389,0.24836649867165111,0.5,0.5,-0.2044123110056075,1.4538134336471558,0.011139600537717342,0.04641047492623329,,,1.0,spike
2475,20,scenario3_repeated_spike,SAC,150,137.8838552654206,1,0.16013958373288023,0.2481116669863042,0.5,0.5,-0.20412562535959222,1.7079616785049438,0.023523833602666855,0.053841423243284225,,,1.0,spike
2476,20,scenario3_repeated_spike,SAC,150,137.09546973887853,1,0.15985289808686493,0.24788231846949194,0.5,0.5,-0.20386760827817843,1.9833028316497803,0.04033244401216507,0.04961676150560379,,,1.0,spike
2477,20,scenario3_repeated_spike,SAC,150,136.38592276499068,1,0.15959488100545116,0.24767590480436097,0.5,0.5,-0.20363539290490607,1.8391892910003662,0.0452580451965332,0.06424017250537872,,,1.0,spike
2478,20,scenario3_repeated_spike,SAC,150,135.74733048849163,1,0.15936266563217877,0.24749013250574303,0.5,0.5,-0.2034263990689609,1.0652406215667725,0.0068353149108588696,0.03454004228115082,,,1.0,spike
2479,20,scenario3_repeated_spike,SAC,150,135.17259743964246,1,0.15915367179623363,0.2473229374369869,0.5,0.5,-0.20323830461661027,1.3465871810913086,0.0024360420648008585,0.022359875962138176,,,1.0,spike
2480,20,scenario3_repeated_spike,SAC,150,134.6553376956782,1,0.158965577343883,0.24717246187510644,0.5,0.5,-0.20306901960949472,0.9339357614517212,0.02408893220126629,0.03652479127049446,,,1.0,spike
2481,20,scenario3_repeated_spike,SAC,150,134.18980392611041,1,0.15879629233676743,0.24703703386941395,0.5,0.5,-0.2029166631030907,1.2270216941833496,0.009749985300004482,0.04219182953238487,,,1.0,spike
2482,20,scenario3_repeated_spike,SAC,150,133.77082353349937,1,0.1586439358303634,0.24691514866429076,0.5,0.5,-0.20277954224732708,1.4171457290649414,0.007867559790611267,0.038645073771476746,,,1.0,spike
2483,20,scenario3_repeated_spike,SAC,150,133.39374118014945,1,0.1585068149745998,0.24680545197967985,0.5,0.5,-0.20265613347713984,1.4887292385101318,0.0071011995896697044,0.03429044410586357,,,1.0,spike
2484,20,scenario3_repeated_spike,SAC,150,133.0543670621345,1,0.15838340620441255,0.24670672496353008,0.5,0.5,-0.2025450655839713,1.3450045585632324,0.009085132740437984,0.040352873504161835,,,1.0,spike
2485,20,scenario3_repeated_spike,SAC,150,132.74893035592106,1,0.15827233831124404,0.24661787064899526,0.5,0.5,-0.20244510448011965,1.3521356582641602,0.016805974766612053,0.04650473594665527,,,1.0,spike
2486,20,scenario3_repeated_spike,SAC,150,132.47403732032896,1,0.15817237720739236,0.2465379017659139,0.5,0.5,-0.20235513948665312,1.2626075744628906,0.007649742998182774,0.0393182598054409,,,1.0,spike
2487,20,scenario3_repeated_spike,SAC,150,138.22663358829607,0,0.16639164599268508,0.5662266335882962,0.5,0.5,-0.3663091397904906,1.409090280532837,0.014415903016924858,0.03998176380991936,,,1.0,spike
2488,20,scenario3_repeated_spike,SAC,150,137.40397022946647,1,0.15996508008344237,0.24797206406675393,0.5,0.5,-0.20396857207509816,1.1753016710281372,0.009782776236534119,0.03158767148852348,,,1.0,spike
2489,20,scenario3_repeated_spike,SAC,150,142.66357320651983,0,0.1691647332540749,0.5706635732065198,0.5,0.5,-0.36991415323029736,1.751951813697815,0.026684999465942383,0.06411606818437576,,,1.0,spike
2490,20,scenario3_repeated_spike,SAC,150,147.39721588586784,0,0.1721232599286674,0.5753972158858678,0.5,0.5,-0.3737602379072676,0.9727752208709717,0.03695474937558174,0.04469359666109085,,,1.0,spike
2491,20,scenario3_repeated_spike,SAC,150,151.65749429728106,0,0.17478593393580066,0.5796574942972811,0.5,0.5,-0.3772217141165409,1.6133928298950195,0.003231632988899946,0.025283431634306908,,,1.0,spike
2492,20,scenario3_repeated_spike,SAC,150,149.49174486755297,1,0.16436063449729196,0.2514885075978336,0.5,0.5,-0.2079245710475628,1.5845125913619995,0.0032308390364050865,0.025136133655905724,,,1.0,spike
2493,20,scenario3_repeated_spike,SAC,150,147.54257038079768,1,0.16365184377483552,0.25092147501986845,0.5,0.5,-0.20728665939735197,1.509664535522461,0.007680364418774843,0.037967748939991,,,1.0,spike
2494,20,scenario3_repeated_spike,SAC,150,151.7883133427179,0,0.1748676958391987,0.579788313342718,0.5,0.5,-0.37732800459095833,1.237998604774475,0.007491642609238625,0.03495112061500549,,,1.0,spike
2495,20,scenario3_repeated_spike,SAC,150,149.60948200844612,1,0.1644034480030713,0.2515227584024571,0.5,0.5,-0.20796310320276418,0.9463562369346619,0.0038586717564612627,0.02089427039027214,,,1.0,spike
2496,20,scenario3_repeated_spike,SAC,150,147.64853380760152,1,0.16369037593003694,0.2509523007440296,0.5,0.5,-0.20732133833703326,1.7356593608856201,0.007297789677977562,0.0387980192899704,,,1.0,spike
2497,20,scenario3_repeated_spike,SAC,150,145.88368042684138,1,0.16304861106430596,0.2504388888514448,0.5,0.5,-0.20674374995787537,1.6294301748275757,0.04337542504072189,0.06669270992279053,,,1.0,spike
2498,20,scenario3_repeated_spike,SAC,150,144.29531238415726,1,0.1624710226851481,0.2499768181481185,0.5,0.5,-0.2062239204166333,2.121879816055298,0.01215798407793045,0.049305304884910583,,,1.0,spike
2499,20,scenario3_repeated_spike,SAC,150,142.86578114574152,1,0.16195119314390602,0.24956095451512483,0.5,0.5,-0.20575607382951544,1.8023278713226318,0.08202581107616425,0.07501795887947083,,,1.0,spike
2500,20,scenario3_repeated_spike,SAC,50,123.57920303116737,1,0.13493789201133358,0.14795031360906688,0.5,0.5,-0.14144410281020023,1.0578227043151855,0.02117547020316124,0.0430280938744545,,,1.0,normal
2501,20,scenario3_repeated_spike,SAC,50,106.22128272805064,1,0.12862592099201842,0.14290073679361473,0.5,0.5,-0.13576332889281656,1.7346149682998657,0.026404235512018204,0.07008284330368042,,,1.0,normal
2502,20,scenario3_repeated_spike,SAC,50,90.59915445524558,1,0.12294514707463476,0.13835611765970782,0.5,0.5,-0.13065063236717128,1.3540210723876953,0.026400096714496613,0.05246368795633316,,,1.0,normal
2503,20,scenario3_repeated_spike,SAC,50,76.53923900972103,1,0.11783245054898947,0.1342659604391916,0.5,0.5,-0.12604920549409054,1.609818696975708,0.03510769456624985,0.05666958913207054,,,1.0,normal
2504,20,scenario3_repeated_spike,SAC,50,63.88531510874893,1,0.1132310236759087,0.13058481894072696,0.5,0.5,-0.12190792130831783,2.0015132427215576,0.03961315378546715,0.07732854038476944,,,1.0,normal
2505,20,scenario3_repeated_spike,SAC,50,58.49678359787404,0,0.09656048974867128,0.2544967835978741,0.5,0.5,-0.17552863667327268,1.0629059076309204,0.01775357872247696,0.04034322127699852,,,1.0,normal
2506,20,scenario3_repeated_spike,SAC,50,47.64710523808664,1,0.10732622008657697,0.12586097606926158,0.5,0.5,-0.11659359807791927,1.6774801015853882,0.007013505324721336,0.022481659427285194,,,1.0,normal
2507,20,scenario3_repeated_spike,SAC,50,37.88239471427798,1,0.10377541625973745,0.12302033300778997,0.5,0.5,-0.11339787463376372,1.483241081237793,0.01548248715698719,0.04248246178030968,,,1.0,normal
2508,20,scenario3_repeated_spike,SAC,50,29.094155242850185,1,0.10057969281558188,0.1204637542524655,0.5,0.5,-0.11052172353402369,1.816001534461975,0.006740427576005459,0.03844837099313736,,,1.0,normal
2509,20,scenario3_repeated_spike,SAC,50,27.18473971856517,0,0.07699046232410323,0.22318473971856517,0.5,0.5,-0.1500876010213342,1.2433934211730957,0.04498673975467682,0.051739372313022614,,,1.0,normal
2510,20,scenario3_repeated_spike,SAC,50,25.466265746708658,0,0.07591641609169292,0.2214662657467087,0.5,0.5,-0.1486913409192008,1.0566673278808594,0.024379368871450424,0.03536149859428406,,,1.0,normal
2511,20,scenario3_repeated_spike,SAC,50,17.919639172037794,1,0.09651623242619556,0.11721298594095644,0.5,0.5,-0.106864609183576,1.741667628288269,0.028889164328575134,0.047651052474975586,,,1.0,normal
2512,20,scenario3_repeated_spike,SAC,50,17.127675254834013,0,0.07070479703427127,0.21312767525483403,0.5,0.5,-0.14191623614455265,1.7339578866958618,0.0023845089599490166,0.02003268152475357,,,1.0,normal
2513,20,scenario3_repeated_spike,SAC,50,10.414907729350613,1,0.09378723917430933,0.11502979133944746,0.5,0.5,-0.10440851525687839,1.9632720947265625,0.040603406727313995,0.05805789306759834,,,1.0,normal
2514,20,scenario3_repeated_spike,SAC,50,4.373416956415554,1,0.09159033343869658,0.11327226675095725,0.5,0.5,-0.10243130009482691,1.6133427619934082,0.005889636464416981,0.035415127873420715,,,1.0,normal
2515,20,scenario3_repeated_spike,SAC,50,0.0,1,0.09,0.11199999999999999,0.5,0.5,-0.10099999999999999,1.3917887210845947,0.02217302843928337,0.035423390567302704,,,1.0,normal
2516,20,scenario3_repeated_spike,SAC,50,1.0,0,0.060625,0.197,0.5,0.5,-0.1288125,1.209972858428955,0.021179262548685074,0.03568672761321068,,,1.0,normal
2517,20,scenario3_repeated_spike,SAC,50,0.0,1,0.09,0.11199999999999999,0.5,0.5,-0.10099999999999999,1.2083735466003418,0.035664044320583344,0.05395863950252533,,,1.0,normal
2518,20,scenario3_repeated_spike,SAC,50,1.0,0,0.060625,0.197,0.5,0.5,-0.1288125,1.7139345407485962,0.02445312961935997,0.0396154522895813,,,1.0,normal
2519,20,scenario3_repeated_spike,SAC,50,0.0,1,0.09,0.11199999999999999,0.5,0.5,-0.10099999999999999,1.5801392793655396,0.004898050334304571,0.029660457745194435,,,1.0,normal
2520,20,scenario3_repeated_spike,SAC,50,0.0,1,0.09,0.11199999999999999,0.5,0.5,-0.10099999999999999,1.3133398294448853,0.011017536744475365,0.03147172927856445,,,1.0,normal
2521,20,scenario3_repeated_spike,SAC,50,0.0,1,0.09,0.11199999999999999,0.5,0.5,-0.10099999999999999,1.6250667572021484,0.006920837797224522,0.0382966473698616,,,1.0,normal
2522,20,scenario3_repeated_spike,SAC,50,1.0,0,0.060625,0.197,0.5,0.5,-0.1288125,2.216172456741333,0.013292635791003704,0.054208580404520035,,,1.0,normal
2523,20,scenario3_repeated_spike,SAC,50,0.0,1,0.09,0.11199999999999999,0.5,0.5,-0.10099999999999999,1.6054614782333374,0.013293014839291573,0.03271586075425148,,,1.0,normal
2524,20,scenario3_repeated_spike,SAC,50,1.0,0,0.060625,0.197,0.5,0.5,-0.1288125,1.2994251251220703,0.02049693465232849,0.03949432075023651,,,1.0,normal
2525,20,scenario3_repeated_spike,SAC,50,1.9000000000000004,0,0.0611875,0.19790000000000002,0.5,0.5,-0.12954375,1.5164473056793213,0.013180386275053024,0.044275976717472076,,,1.0,normal
2526,20,scenario3_repeated_spike,SAC,50,0.0,1,0.09,0.11199999999999999,0.5,0.5,-0.10099999999999999,1.98362398147583,0.03398234397172928,0.04617135226726532,,,1.0,normal
2527,20,scenario3_repeated_spike,SAC,50,1.0,0,0.060625,0.197,0.5,0.5,-0.1288125,1.4461251497268677,0.01546543650329113,0.05117256939411163,,,1.0,normal
2528,20,scenario3_repeated_spike,SAC,50,0.0,1,0.09,0.11199999999999999,0.5,0.5,-0.10099999999999999,1.1609933376312256,0.013053908944129944,0.044135306030511856,,,1.0,normal
2529,20,scenario3_repeated_spike,SAC,50,1.0,0,0.060625,0.197,0.5,0.5,-0.1288125,0.8820286393165588,0.011735614389181137,0.030723845586180687,,,1.0,normal
2530,20,scenario3_repeated_spike,SAC,50,1.9000000000000004,0,0.0611875,0.19790000000000002,0.5,0.5,-0.12954375,1.5965461730957031,0.007124533411115408,0.02637724205851555,,,1.0,normal
2531,20,scenario3_repeated_spike,SAC,50,0.0,1,0.09,0.11199999999999999,0.5,0.5,-0.10099999999999999,1.663303256034851,0.006914663128554821,0.03556331619620323,,,1.0,normal
2532,20,scenario3_repeated_spike,SAC,50,0.0,1,0.09,0.11199999999999999,0.5,0.5,-0.10099999999999999,1.716758131980896,0.041465677320957184,0.051818519830703735,,,1.0,normal
2533,20,scenario3_repeated_spike,SAC,50,0.0,1,0.09,0.11199999999999999,0.5,0.5,-0.10099999999999999,1.7855947017669678,0.007989035919308662,0.032202910631895065,,,1.0,normal
2534,20,scenario3_repeated_spike,SAC,50,1.0,0,0.060625,0.197,0.5,0.5,-0.1288125,1.454561471939087,0.0211707204580307,0.04149313271045685,,,1.0,normal
2535,20,scenario3_repeated_spike,SAC,50,0.0,1,0.09,0.11199999999999999,0.5,0.5,-0.10099999999999999,1.2331361770629883,0.010382079519331455,0.024906223639845848,,,1.0,normal
2536,20,scenario3_repeated_spike,SAC,50,0.0,1,0.09,0.11199999999999999,0.5,0.5,-0.10099999999999999,2.4377856254577637,0.008864249102771282,0.04306798055768013,,,1.0,normal
2537,20,scenario3_repeated_spike,SAC,50,1.0,0,0.060625,0.197,0.5,0.5,-0.1288125,2.039367437362671,0.021154213696718216,0.053434550762176514,,,1.0,normal
2538,20,scenario3_repeated_spike,SAC,50,0.0,1,0.09,0.11199999999999999,0.5,0.5,-0.10099999999999999,1.6587092876434326,0.015947751700878143,0.04021678864955902,,,1.0,normal
2539,20,scenario3_repeated_spike,SAC,50,1.0,0,0.060625,0.197,0.5,0.5,-0.1288125,1.3070850372314453,0.04096706211566925,0.05324842408299446,,,1.0,normal
2540,20,scenario3_repeated_spike,SAC,50,0.0,1,0.09,0.11199999999999999,0.5,0.5,-0.10099999999999999,1.3569356203079224,0.02062198519706726,0.040466222912073135,,,1.0,normal
2541,20,scenario3_repeated_spike,SAC,50,0.0,1,0.09,0.11199999999999999,0.5,0.5,-0.10099999999999999,1.3044896125793457,0.009206894785165787,0.03449862822890282,,,1.0,normal
2542,20,scenario3_repeated_spike,SAC,50,0.0,1,0.09,0.11199999999999999,0.5,0.5,-0.10099999999999999,1.658137321472168,0.005748720373958349,0.02382238768041134,,,1.0,normal
2543,20,scenario3_repeated_spike,SAC,50,0.0,1,0.09,0.11199999999999999,0.5,0.5,-0.10099999999999999,1.4410587549209595,0.033052440732717514,0.04741488769650459,,,1.0,normal
2544,20,scenario3_repeated_spike,SAC,50,1.0,0,0.060625,0.197,0.5,0.5,-0.1288125,1.4462534189224243,0.010470356792211533,0.032011955976486206,,,1.0,normal
2545,20,scenario3_repeated_spike,SAC,50,1.9000000000000004,0,0.0611875,0.19790000000000002,0.5,0.5,-0.12954375,1.2595468759536743,0.011708900332450867,0.030361933633685112,,,1.0,normal
2546,20,scenario3_repeated_spike,SAC,50,0.0,1,0.09,0.11199999999999999,0.5,0.5,-0.10099999999999999,1.5632144212722778,0.002966511994600296,0.02062465250492096,,,1.0,normal
2547,20,scenario3_repeated_spike,SAC,50,0.0,1,0.09,0.11199999999999999,0.5,0.5,-0.10099999999999999,1.646340012550354,0.01028851792216301,0.034765396267175674,,,1.0,normal
2548,20,scenario3_repeated_spike,SAC,50,0.0,1,0.09,0.11199999999999999,0.5,0.5,-0.10099999999999999,1.7564332485198975,0.02087198570370674,0.049281951040029526,,,1.0,normal
2549,20,scenario3_repeated_spike,SAC,50,1.0,0,0.060625,0.197,0.5,0.5,-0.1288125,1.31071937084198,0.007243011146783829,0.022045349702239037,,,1.0,normal
2550,20,scenario3_repeated_spike,SAC,50,1.9000000000000004,0,0.0611875,0.19790000000000002,0.5,0.5,-0.12954375,1.2685441970825195,0.007148184347897768,0.027539364993572235,,,1.0,normal
2551,20,scenario3_repeated_spike,SAC,50,0.0,1,0.09,0.11199999999999999,0.5,0.5,-0.10099999999999999,1.2310322523117065,0.015055419877171516,0.03839041292667389,,,1.0,normal
2552,20,scenario3_repeated_spike,SAC,50,0.0,1,0.09,0.11199999999999999,0.5,0.5,-0.10099999999999999,1.3738300800323486,0.024690799415111542,0.046545837074518204,,,1.0,normal
2553,20,scenario3_repeated_spike,SAC,50,0.0,1,0.09,0.11199999999999999,0.5,0.5,-0.10099999999999999,1.6333701610565186,0.03984154760837555,0.057811710983514786,,,1.0,normal
2554,20,scenario3_repeated_spike,SAC,50,1.0,0,0.060625,0.197,0.5,0.5,-0.1288125,1.4700714349746704,0.01897501014173031,0.041085463017225266,,,1.0,normal
2555,20,scenario3_repeated_spike,SAC,50,1.9000000000000004,0,0.0611875,0.19790000000000002,0.5,0.5,-0.12954375,0.9876947999000549,0.021300140768289566,0.026777787134051323,,,1.0,normal
2556,20,scenario3_repeated_spike,SAC,50,0.0,1,0.09,0.11199999999999999,0.5,0.5,-0.10099999999999999,1.1541804075241089,0.050055913627147675,0.056972190737724304,,,1.0,normal
2557,20,scenario3_repeated_spike,SAC,50,0.0,1,0.09,0.11199999999999999,0.5,0.5,-0.10099999999999999,1.2504702806472778,0.016423434019088745,0.045719046145677567,,,1.0,normal
2558,20,scenario3_repeated_spike,SAC,50,0.0,1,0.09,0.11199999999999999,0.5,0.5,-0.10099999999999999,1.486098051071167,0.014985109679400921,0.039921458810567856,,,1.0,normal
2559,20,scenario3_repeated_spike,SAC,50,1.0,0,0.060625,0.197,0.5,0.5,-0.1288125,1.5105578899383545,0.02015743777155876,0.03680148348212242,,,1.0,normal
2560,20,scenario3_repeated_spike,SAC,50,1.9000000000000004,0,0.0611875,0.19790000000000002,0.5,0.5,-0.12954375,1.8808841705322266,0.04246428608894348,0.05280314013361931,,,1.0,normal
2561,20,scenario3_repeated_spike,SAC,50,0.0,1,0.09,0.11199999999999999,0.5,0.5,-0.10099999999999999,0.995610237121582,0.046631548553705215,0.05362144857645035,,,1.0,normal
2562,20,scenario3_repeated_spike,SAC,50,0.0,1,0.09,0.11199999999999999,0.5,0.5,-0.10099999999999999,1.381271243095398,0.008266899734735489,0.03602750599384308,,,1.0,normal
2563,20,scenario3_repeated_spike,SAC,50,0.0,1,0.09,0.11199999999999999,0.5,0.5,-0.10099999999999999,1.2540748119354248,0.06343542784452438,0.06795522570610046,,,1.0,normal
2564,20,scenario3_repeated_spike,SAC,50,0.0,1,0.09,0.11199999999999999,0.5,0.5,-0.10099999999999999,1.6871628761291504,0.032871097326278687,0.03904643654823303,,,1.0,normal
2565,20,scenario3_repeated_spike,SAC,50,0.0,1,0.09,0.11199999999999999,0.5,0.5,-0.10099999999999999,1.388951063156128,0.013825522735714912,0.038201816380023956,,,1.0,normal
2566,20,scenario3_repeated_spike,SAC,50,1.0,0,0.060625,0.197,0.5,0.5,-0.1288125,1.2727172374725342,0.05048501491546631,0.057047247886657715,,,1.0,normal
2567,20,scenario3_repeated_spike,SAC,50,1.9000000000000004,0,0.0611875,0.19790000000000002,0.5,0.5,-0.12954375,1.6306096315383911,0.006440868601202965,0.030966095626354218,,,1.0,normal
2568,20,scenario3_repeated_spike,SAC,50,2.710000000000001,0,0.061693750000000006,0.19871000000000003,0.5,0.5,-0.13020187500000002,1.2369463443756104,0.00880994088947773,0.030590584501624107,,,1.0,normal
2569,20,scenario3_repeated_spike,SAC,50,0.0,1,0.09,0.11199999999999999,0.5,0.5,-0.10099999999999999,1.326314926147461,0.05781548470258713,0.05759246647357941,,,1.0,normal
2570,20,scenario3_repeated_spike,SAC,50,0.0,1,0.09,0.11199999999999999,0.5,0.5,-0.10099999999999999,1.3242032527923584,0.011852754279971123,0.03654347360134125,,,1.0,normal
2571,20,scenario3_repeated_spike,SAC,50,0.0,1,0.09,0.11199999999999999,0.5,0.5,-0.10099999999999999,1.00070321559906,0.011142103001475334,0.024689940735697746,,,1.0,normal
2572,20,scenario3_repeated_spike,SAC,50,1.0,0,0.060625,0.197,0.5,0.5,-0.1288125,1.889727234840393,0.015931086614727974,0.039870694279670715,,,1.0,normal
2573,20,scenario3_repeated_spike,SAC,50,1.9000000000000004,0,0.0611875,0.19790000000000002,0.5,0.5,-0.12954375,1.2712290287017822,0.0380411297082901,0.040027275681495667,,,1.0,normal
2574,20,scenario3_repeated_spike,SAC,50,0.0,1,0.09,0.11199999999999999,0.5,0.5,-0.10099999999999999,1.4576139450073242,0.031126871705055237,0.06364370137453079,,,1.0,normal
2575,20,scenario3_repeated_spike,SAC,50,0.0,1,0.09,0.11199999999999999,0.5,0.5,-0.10099999999999999,2.382289171218872,0.00849294662475586,0.04337712749838829,,,1.0,normal
2576,20,scenario3_repeated_spike,SAC,50,0.0,1,0.09,0.11199999999999999,0.5,0.5,-0.10099999999999999,0.990083634853363,0.014681005850434303,0.0348459929227829,,,1.0,normal
2577,20,scenario3_repeated_spike,SAC,50,0.0,1,0.09,0.11199999999999999,0.5,0.5,-0.10099999999999999,1.1325714588165283,0.011654800735414028,0.03218598663806915,,,1.0,normal
2578,20,scenario3_repeated_spike,SAC,50,1.0,0,0.060625,0.197,0.5,0.5,-0.1288125,2.06768536567688,0.026838447898626328,0.060889989137649536,,,1.0,normal
2579,20,scenario3_repeated_spike,SAC,50,0.0,1,0.09,0.11199999999999999,0.5,0.5,-0.10099999999999999,1.0700984001159668,0.0035469646099954844,0.02599363960325718,,,1.0,normal
2580,20,scenario3_repeated_spike,SAC,50,1.0,0,0.060625,0.197,0.5,0.5,-0.1288125,1.4934642314910889,0.014385662972927094,0.034979891031980515,,,1.0,normal
2581,20,scenario3_repeated_spike,SAC,50,0.0,1,0.09,0.11199999999999999,0.5,0.5,-0.10099999999999999,1.6588002443313599,0.010070689022541046,0.0409674346446991,,,1.0,normal
2582,20,scenario3_repeated_spike,SAC,50,0.0,1,0.09,0.11199999999999999,0.5,0.5,-0.10099999999999999,1.5268973112106323,0.0031376418191939592,0.02568008564412594,,,1.0,normal
2583,20,scenario3_repeated_spike,SAC,50,1.0,0,0.060625,0.197,0.5,0.5,-0.1288125,0.9650852680206299,0.0027934424579143524,0.018629666417837143,,,1.0,normal
2584,20,scenario3_repeated_spike,SAC,50,1.9000000000000004,0,0.0611875,0.19790000000000002,0.5,0.5,-0.12954375,1.3177647590637207,0.00997904408723116,0.03660675138235092,,,1.0,normal
2585,20,scenario3_repeated_spike,SAC,50,0.0,1,0.09,0.11199999999999999,0.5,0.5,-0.10099999999999999,1.2906616926193237,0.014031946659088135,0.041872721165418625,,,1.0,normal
2586,20,scenario3_repeated_spike,SAC,50,1.0,0,0.060625,0.197,0.5,0.5,-0.1288125,1.512050986289978,0.007784903980791569,0.034225303679704666,,,1.0,normal
2587,20,scenario3_repeated_spike,SAC,50,1.9000000000000004,0,0.0611875,0.19790000000000002,0.5,0.5,-0.12954375,1.6910297870635986,0.00841689296066761,0.0389440543949604,,,1.0,normal
2588,20,scenario3_repeated_spike,SAC,50,0.0,1,0.09,0.11199999999999999,0.5,0.5,-0.10099999999999999,1.9260118007659912,0.007481027394533157,0.03418745473027229,,,1.0,normal
2589,20,scenario3_repeated_spike,SAC,50,0.0,1,0.09,0.11199999999999999,0.5,0.5,-0.10099999999999999,2.005497694015503,0.010243566706776619,0.042565975338220596,,,1.0,normal
2590,20,scenario3_repeated_spike,SAC,50,1.0,0,0.060625,0.197,0.5,0.5,-0.1288125,1.7217931747436523,0.025306563824415207,0.06352517753839493,,,1.0,normal
2591,20,scenario3_repeated_spike,SAC,50,0.0,1,0.09,0.11199999999999999,0.5,0.5,-0.10099999999999999,1.5616743564605713,0.017597056925296783,0.04516977816820145,,,1.0,normal
2592,20,scenario3_repeated_spike,SAC,50,0.0,1,0.09,0.11199999999999999,0.5,0.5,-0.10099999999999999,1.5690078735351562,0.008439173921942711,0.029100820422172546,,,1.0,normal
2593,20,scenario3_repeated_spike,SAC,50,1.0,0,0.060625,0.197,0.5,0.5,-0.1288125,1.5950486660003662,0.016751373186707497,0.054375484585762024,,,1.0,normal
2594,20,scenario3_repeated_spike,SAC,50,0.0,1,0.09,0.11199999999999999,0.5,0.5,-0.10099999999999999,1.5258033275604248,0.006718664430081844,0.035953592509031296,,,1.0,normal
2595,20,scenario3_repeated_spike,SAC,50,1.0,0,0.060625,0.197,0.5,0.5,-0.1288125,0.8488134741783142,0.02765008807182312,0.04302931949496269,,,1.0,normal
2596,20,scenario3_repeated_spike,SAC,50,0.0,1,0.09,0.11199999999999999,0.5,0.5,-0.10099999999999999,0.988968551158905,0.028222471475601196,0.04841642826795578,,,1.0,normal
2597,20,scenario3_repeated_spike,SAC,50,1.0,0,0.060625,0.197,0.5,0.5,-0.1288125,1.2999855279922485,0.05724037438631058,0.060957636684179306,,,1.0,normal
2598,20,scenario3_repeated_spike,SAC,50,1.9000000000000004,0,0.0611875,0.19790000000000002,0.5,0.5,-0.12954375,1.1904364824295044,0.005083480849862099,0.0292755588889122,,,1.0,normal
2599,20,scenario3_repeated_spike,SAC,50,0.0,1,0.09,0.11199999999999999,0.5,0.5,-0.10099999999999999,1.5904736518859863,0.01594400219619274,0.046969275921583176,,,1.0,normal
2600,20,scenario3_repeated_spike,SAC,50,0.0,1,0.09,0.11199999999999999,0.5,0.5,-0.10099999999999999,1.7789884805679321,0.018597222864627838,0.04883474111557007,,,1.0,normal
2601,20,scenario3_repeated_spike,SAC,50,1.0,0,0.060625,0.197,0.5,0.5,-0.1288125,1.597493290901184,0.004926980473101139,0.02813676930963993,,,1.0,normal
2602,20,scenario3_repeated_spike,SAC,50,0.0,1,0.09,0.11199999999999999,0.5,0.5,-0.10099999999999999,1.7539706230163574,0.002511841943487525,0.021901067346334457,,,1.0,normal
2603,20,scenario3_repeated_spike,SAC,50,0.0,1,0.09,0.11199999999999999,0.5,0.5,-0.10099999999999999,0.831318736076355,0.0036392416805028915,0.02059243991971016,,,1.0,normal
2604,20,scenario3_repeated_spike,SAC,50,0.0,1,0.09,0.11199999999999999,0.5,0.5,-0.10099999999999999,1.1305845975875854,0.08236536383628845,0.06873083114624023,,,1.0,normal
2605,20,scenario3_repeated_spike,SAC,50,1.0,0,0.060625,0.197,0.5,0.5,-0.1288125,1.5272730588912964,0.013928450644016266,0.047860849648714066,,,1.0,normal
2606,20,scenario3_repeated_spike,SAC,50,1.9000000000000004,0,0.0611875,0.19790000000000002,0.5,0.5,-0.12954375,1.8734145164489746,0.04039106145501137,0.06269001215696335,,,1.0,normal
2607,20,scenario3_repeated_spike,SAC,50,2.710000000000001,0,0.061693750000000006,0.19871000000000003,0.5,0.5,-0.13020187500000002,1.6410409212112427,0.00978981051594019,0.035500574856996536,,,1.0,normal
2608,20,scenario3_repeated_spike,SAC,50,0.0,1,0.09,0.11199999999999999,0.5,0.5,-0.10099999999999999,2.2600820064544678,0.027553340420126915,0.06437831372022629,,,1.0,normal
2609,20,scenario3_repeated_spike,SAC,50,1.0,0,0.060625,0.197,0.5,0.5,-0.1288125,1.5414146184921265,0.06267502903938293,0.07082433998584747,,,1.0,normal
2610,20,scenario3_repeated_spike,SAC,50,1.9000000000000004,0,0.0611875,0.19790000000000002,0.5,0.5,-0.12954375,1.5156753063201904,0.010979311540722847,0.039071209728717804,,,1.0,normal
2611,20,scenario3_repeated_spike,SAC,50,0.0,1,0.09,0.11199999999999999,0.5,0.5,-0.10099999999999999,0.7355337142944336,0.003340713446959853,0.01718141883611679,,,1.0,normal
2612,20,scenario3_repeated_spike,SAC,50,1.0,0,0.060625,0.197,0.5,0.5,-0.1288125,0.739547073841095,0.0377257838845253,0.03657694533467293,,,1.0,normal
2613,20,scenario3_repeated_spike,SAC,50,0.0,1,0.09,0.11199999999999999,0.5,0.5,-0.10099999999999999,1.5310168266296387,0.008309888653457165,0.034938059747219086,,,1.0,normal
2614,20,scenario3_repeated_spike,SAC,50,0.0,1,0.09,0.11199999999999999,0.5,0.5,-0.10099999999999999,1.9995235204696655,0.00565914623439312,0.02728518843650818,,,1.0,normal
2615,20,scenario3_repeated_spike,SAC,50,1.0,0,0.060625,0.197,0.5,0.5,-0.1288125,1.3796478509902954,0.007782583124935627,0.024317756295204163,,,1.0,normal
2616,20,scenario3_repeated_spike,SAC,50,0.0,1,0.09,0.11199999999999999,0.5,0.5,-0.10099999999999999,1.655922770500183,0.005174177698791027,0.026371290907263756,,,1.0,normal
2617,20,scenario3_repeated_spike,SAC,50,0.0,1,0.09,0.11199999999999999,0.5,0.5,-0.10099999999999999,1.2251616716384888,0.029439114034175873,0.03511830046772957,,,1.0,normal
2618,20,scenario3_repeated_spike,SAC,50,1.0,0,0.060625,0.197,0.5,0.5,-0.1288125,1.2099049091339111,0.024410244077444077,0.054727718234062195,,,1.0,normal
2619,20,scenario3_repeated_spike,SAC,50,0.0,1,0.09,0.11199999999999999,0.5,0.5,-0.10099999999999999,1.4063763618469238,0.04763902723789215,0.07665778696537018,,,1.0,normal
2620,20,scenario3_repeated_spike,SAC,50,0.0,1,0.09,0.11199999999999999,0.5,0.5,-0.10099999999999999,1.5337083339691162,0.019168270751833916,0.038265664130449295,,,1.0,normal
2621,20,scenario3_repeated_spike,SAC,50,1.0,0,0.060625,0.197,0.5,0.5,-0.1288125,1.7237681150436401,0.015881875529885292,0.048629697412252426,,,1.0,normal
2622,20,scenario3_repeated_spike,SAC,50,0.0,1,0.09,0.11199999999999999,0.5,0.5,-0.10099999999999999,1.471490502357483,0.013787111267447472,0.04990345612168312,,,1.0,normal
2623,20,scenario3_repeated_spike,SAC,50,0.0,1,0.09,0.11199999999999999,0.5,0.5,-0.10099999999999999,0.6348497271537781,0.020205030217766762,0.037363044917583466,,,1.0,normal
2624,20,scenario3_repeated_spike,SAC,50,0.0,1,0.09,0.11199999999999999,0.5,0.5,-0.10099999999999999,1.7620073556900024,0.019602328538894653,0.044325534254312515,,,1.0,normal
2625,20,scenario3_repeated_spike,SAC,50,0.0,1,0.09,0.11199999999999999,0.5,0.5,-0.10099999999999999,1.5489331483840942,0.016535092145204544,0.05008310452103615,,,1.0,normal
2626,20,scenario3_repeated_spike,SAC,50,1.0,0,0.060625,0.197,0.5,0.5,-0.1288125,0.89617520570755,0.023028988391160965,0.0530257485806942,,,1.0,normal
2627,20,scenario3_repeated_spike,SAC,50,1.9000000000000004,0,0.0611875,0.19790000000000002,0.5,0.5,-0.12954375,1.8505558967590332,0.04850674420595169,0.10322283953428268,,,1.0,normal
2628,20,scenario3_repeated_spike,SAC,50,0.0,1,0.09,0.11199999999999999,0.5,0.5,-0.10099999999999999,1.2148493528366089,0.01744484156370163,0.054758112877607346,,,1.0,normal
2629,20,scenario3_repeated_spike,SAC,50,1.0,0,0.060625,0.197,0.5,0.5,-0.1288125,1.3912255764007568,0.014068344607949257,0.038663268089294434,,,1.0,normal
2630,20,scenario3_repeated_spike,SAC,50,1.9000000000000004,0,0.0611875,0.19790000000000002,0.5,0.5,-0.12954375,0.9358127117156982,0.025250162929296494,0.038304366171360016,,,1.0,normal
2631,20,scenario3_repeated_spike,SAC,50,0.0,1,0.09,0.11199999999999999,0.5,0.5,-0.10099999999999999,1.2755194902420044,0.021496247500181198,0.04487549141049385,,,1.0,normal
2632,20,scenario3_repeated_spike,SAC,50,0.0,1,0.09,0.11199999999999999,0.5,0.5,-0.10099999999999999,1.1560577154159546,0.004921178333461285,0.02763398177921772,,,1.0,normal
2633,20,scenario3_repeated_spike,SAC,50,1.0,0,0.060625,0.197,0.5,0.5,-0.1288125,1.2580591440200806,0.00536586157977581,0.021112147718667984,,,1.0,normal
2634,20,scenario3_repeated_spike,SAC,50,1.9000000000000004,0,0.0611875,0.19790000000000002,0.5,0.5,-0.12954375,1.3408278226852417,0.004787891171872616,0.026089591905474663,,,1.0,normal
2635,20,scenario3_repeated_spike,SAC,50,2.710000000000001,0,0.061693750000000006,0.19871000000000003,0.5,0.5,-0.13020187500000002,1.7750509977340698,0.012844420969486237,0.04701819270849228,,,1.0,normal
2636,20,scenario3_repeated_spike,SAC,50,0.0,1,0.09,0.11199999999999999,0.5,0.5,-0.10099999999999999,0.9705305695533752,0.009148987010121346,0.03440484777092934,,,1.0,normal
2637,20,scenario3_repeated_spike,SAC,50,1.0,0,0.060625,0.197,0.5,0.5,-0.1288125,1.3445919752120972,0.014795126393437386,0.03048456460237503,,,1.0,normal
2638,20,scenario3_repeated_spike,SAC,50,0.0,1,0.09,0.11199999999999999,0.5,0.5,-0.10099999999999999,1.1089328527450562,0.034692198038101196,0.05212505906820297,,,1.0,normal
2639,20,scenario3_repeated_spike,SAC,50,1.0,0,0.060625,0.197,0.5,0.5,-0.1288125,1.9281566143035889,0.04651613160967827,0.08742189407348633,,,1.0,normal
2640,20,scenario3_repeated_spike,SAC,50,0.0,1,0.09,0.11199999999999999,0.5,0.5,-0.10099999999999999,1.4215517044067383,0.052318546921014786,0.06161841005086899,,,1.0,normal
2641,20,scenario3_repeated_spike,SAC,50,0.0,1,0.09,0.11199999999999999,0.5,0.5,-0.10099999999999999,1.4600143432617188,0.02717375010251999,0.06562124937772751,,,1.0,normal
2642,20,scenario3_repeated_spike,SAC,50,1.0,0,0.060625,0.197,0.5,0.5,-0.1288125,0.9520347118377686,0.021690726280212402,0.0495697483420372,,,1.0,normal
2643,20,scenario3_repeated_spike,SAC,50,1.9000000000000004,0,0.0611875,0.19790000000000002,0.5,0.5,-0.12954375,1.2543143033981323,0.024173805490136147,0.06020095571875572,,,1.0,normal
2644,20,scenario3_repeated_spike,SAC,50,0.0,1,0.09,0.11199999999999999,0.5,0.5,-0.10099999999999999,1.097167730331421,0.009927567094564438,0.039186570793390274,,,1.0,normal
2645,20,scenario3_repeated_spike,SAC,50,0.0,1,0.09,0.11199999999999999,0.5,0.5,-0.10099999999999999,1.6772862672805786,0.017428604885935783,0.05482489615678787,,,1.0,normal
2646,20,scenario3_repeated_spike,SAC,50,0.0,1,0.09,0.11199999999999999,0.5,0.5,-0.10099999999999999,1.2401868104934692,0.020303599536418915,0.043297652155160904,,,1.0,normal
2647,20,scenario3_repeated_spike,SAC,50,1.0,0,0.060625,0.197,0.5,0.5,-0.1288125,0.8762304782867432,0.05419702082872391,0.058011896908283234,,,1.0,normal
2648,20,scenario3_repeated_spike,SAC,50,0.0,1,0.09,0.11199999999999999,0.5,0.5,-0.10099999999999999,1.4132903814315796,0.023501139134168625,0.04011089354753494,,,1.0,normal
2649,20,scenario3_repeated_spike,SAC,50,0.0,1,0.09,0.11199999999999999,0.5,0.5,-0.10099999999999999,1.4500654935836792,0.007363473065197468,0.03412510082125664,,,1.0,normal
2650,20,scenario3_repeated_spike,SAC,50,0.0,1,0.09,0.11199999999999999,0.5,0.5,-0.10099999999999999,1.4412927627563477,0.012890718877315521,0.042753998190164566,,,1.0,normal
2651,20,scenario3_repeated_spike,SAC,50,0.0,1,0.09,0.11199999999999999,0.5,0.5,-0.10099999999999999,0.8616073131561279,0.04509575664997101,0.05161970108747482,,,1.0,normal
2652,20,scenario3_repeated_spike,SAC,50,0.0,1,0.09,0.11199999999999999,0.5,0.5,-0.10099999999999999,1.2139639854431152,0.0042993598617613316,0.023435909301042557,,,1.0,normal
2653,20,scenario3_repeated_spike,SAC,50,1.0,0,0.060625,0.197,0.5,0.5,-0.1288125,1.2944382429122925,0.011722078546881676,0.03877129405736923,,,1.0,normal
2654,20,scenario3_repeated_spike,SAC,50,1.9000000000000004,0,0.0611875,0.19790000000000002,0.5,0.5,-0.12954375,2.0242979526519775,0.02272643893957138,0.06087729334831238,,,1.0,normal
2655,20,scenario3_repeated_spike,SAC,50,2.710000000000001,0,0.061693750000000006,0.19871000000000003,0.5,0.5,-0.13020187500000002,1.5639078617095947,0.053274400532245636,0.08270386606454849,,,1.0,normal
2656,20,scenario3_repeated_spike,SAC,50,0.0,1,0.09,0.11199999999999999,0.5,0.5,-0.10099999999999999,0.9273092150688171,0.03838568925857544,0.0485944002866745,,,1.0,normal
2657,20,scenario3_repeated_spike,SAC,50,1.0,0,0.060625,0.197,0.5,0.5,-0.1288125,1.3409817218780518,0.01313581969588995,0.04240494221448898,,,1.0,normal
2658,20,scenario3_repeated_spike,SAC,50,1.9000000000000004,0,0.0611875,0.19790000000000002,0.5,0.5,-0.12954375,1.6188712120056152,0.017768405377864838,0.06077020615339279,,,1.0,normal
2659,20,scenario3_repeated_spike,SAC,50,0.0,1,0.09,0.11199999999999999,0.5,0.5,-0.10099999999999999,1.5709502696990967,0.01801041141152382,0.05437386780977249,,,1.0,normal
2660,20,scenario3_repeated_spike,SAC,50,0.0,1,0.09,0.11199999999999999,0.5,0.5,-0.10099999999999999,1.7308565378189087,0.0043575698509812355,0.022700093686580658,,,1.0,normal
2661,20,scenario3_repeated_spike,SAC,50,1.0,0,0.060625,0.197,0.5,0.5,-0.1288125,1.3401228189468384,0.007759532891213894,0.03321570158004761,,,1.0,normal
2662,20,scenario3_repeated_spike,SAC,50,0.0,1,0.09,0.11199999999999999,0.5,0.5,-0.10099999999999999,1.4851106405258179,0.02711360901594162,0.05200755223631859,,,1.0,normal
2663,20,scenario3_repeated_spike,SAC,50,0.0,1,0.09,0.11199999999999999,0.5,0.5,-0.10099999999999999,1.6645805835723877,0.024006430059671402,0.0651204064488411,,,1.0,normal
2664,20,scenario3_repeated_spike,SAC,50,1.0,0,0.060625,0.197,0.5,0.5,-0.1288125,1.4132349491119385,0.013868043199181557,0.04738651216030121,,,1.0,normal
2665,20,scenario3_repeated_spike,SAC,50,0.0,1,0.09,0.11199999999999999,0.5,0.5,-0.10099999999999999,1.151097297668457,0.0034378618001937866,0.024486340582370758,,,1.0,normal
2666,20,scenario3_repeated_spike,SAC,50,0.0,1,0.09,0.11199999999999999,0.5,0.5,-0.10099999999999999,1.2473726272583008,0.011181021109223366,0.042800091207027435,,,1.0,normal
2667,20,scenario3_repeated_spike,SAC,50,0.0,1,0.09,0.11199999999999999,0.5,0.5,-0.10099999999999999,1.0988616943359375,0.02897556871175766,0.05144720897078514,,,1.0,normal
2668,20,scenario3_repeated_spike,SAC,50,0.0,1,0.09,0.11199999999999999,0.5,0.5,-0.10099999999999999,1.5947386026382446,0.011243356391787529,0.02992076240479946,,,1.0,normal
2669,20,scenario3_repeated_spike,SAC,50,0.0,1,0.09,0.11199999999999999,0.5,0.5,-0.10099999999999999,1.021009922027588,0.008928108960390091,0.0355597659945488,,,1.0,normal
2670,20,scenario3_repeated_spike,SAC,50,1.0,0,0.060625,0.197,0.5,0.5,-0.1288125,1.4724183082580566,0.027449602261185646,0.06399011611938477,,,1.0,normal
2671,20,scenario3_repeated_spike,SAC,50,0.0,1,0.09,0.11199999999999999,0.5,0.5,-0.10099999999999999,1.6201140880584717,0.022226106375455856,0.060044459998607635,,,1.0,normal
2672,20,scenario3_repeated_spike,SAC,50,1.0,0,0.060625,0.197,0.5,0.5,-0.1288125,1.4282487630844116,0.043862707912921906,0.05798311159014702,,,1.0,normal
2673,20,scenario3_repeated_spike,SAC,50,0.0,1,0.09,0.11199999999999999,0.5,0.5,-0.10099999999999999,1.4077763557434082,0.009963613003492355,0.03432342782616615,,,1.0,normal
2674,20,scenario3_repeated_spike,SAC,50,0.0,1,0.09,0.11199999999999999,0.5,0.5,-0.10099999999999999,1.2861759662628174,0.00994960404932499,0.03565206006169319,,,1.0,normal
2675,20,scenario3_repeated_spike,SAC,50,0.0,1,0.09,0.11199999999999999,0.5,0.5,-0.10099999999999999,1.0913453102111816,0.02595890872180462,0.046065039932727814,,,1.0,normal
2676,20,scenario3_repeated_spike,SAC,50,0.0,1,0.09,0.11199999999999999,0.5,0.5,-0.10099999999999999,1.281258463859558,0.008131931535899639,0.0259091816842556,,,1.0,normal
2677,20,scenario3_repeated_spike,SAC,50,1.0,0,0.060625,0.197,0.5,0.5,-0.1288125,0.7774218320846558,0.0044705490581691265,0.02230343036353588,,,1.0,normal
2678,20,scenario3_repeated_spike,SAC,50,0.0,1,0.09,0.11199999999999999,0.5,0.5,-0.10099999999999999,1.8882392644882202,0.024506952613592148,0.05641680955886841,,,1.0,normal
2679,20,scenario3_repeated_spike,SAC,50,0.0,1,0.09,0.11199999999999999,0.5,0.5,-0.10099999999999999,1.774095058441162,0.009717694483697414,0.037970300763845444,,,1.0,normal
2680,20,scenario3_repeated_spike,SAC,50,0.0,1,0.09,0.11199999999999999,0.5,0.5,-0.10099999999999999,1.0070807933807373,0.006502932868897915,0.0232503991574049,,,1.0,normal
2681,20,scenario3_repeated_spike,SAC,50,1.0,0,0.060625,0.197,0.5,0.5,-0.1288125,0.9694882035255432,0.014008333906531334,0.037830475717782974,,,1.0,normal
2682,20,scenario3_repeated_spike,SAC,50,1.9000000000000004,0,0.0611875,0.19790000000000002,0.5,0.5,-0.12954375,1.1924914121627808,0.026438677683472633,0.05278288945555687,,,1.0,normal
2683,20,scenario3_repeated_spike,SAC,50,2.710000000000001,0,0.061693750000000006,0.19871000000000003,0.5,0.5,-0.13020187500000002,1.0804650783538818,0.02146674320101738,0.04338356480002403,,,1.0,normal
2684,20,scenario3_repeated_spike,SAC,50,3.439,0,0.062149375,0.199439,0.5,0.5,-0.1307941875,1.5728262662887573,0.03339804708957672,0.062336333096027374,,,1.0,normal
2685,20,scenario3_repeated_spike,SAC,50,4.0951,0,0.06255943750000001,0.20009510000000003,0.5,0.5,-0.13132726875,1.2653056383132935,0.007526951842010021,0.03603730350732803,,,1.0,normal
2686,20,scenario3_repeated_spike,SAC,50,0.0,1,0.09,0.11199999999999999,0.5,0.5,-0.10099999999999999,1.523629069328308,0.037148237228393555,0.06043870002031326,,,1.0,normal
2687,20,scenario3_repeated_spike,SAC,50,0.0,1,0.09,0.11199999999999999,0.5,0.5,-0.10099999999999999,0.8621244430541992,0.00857575424015522,0.027045540511608124,,,1.0,normal
2688,20,scenario3_repeated_spike,SAC,50,1.0,0,0.060625,0.197,0.5,0.5,-0.1288125,1.7633029222488403,0.012432906776666641,0.0409429669380188,,,1.0,normal
2689,20,scenario3_repeated_spike,SAC,50,0.0,1,0.09,0.11199999999999999,0.5,0.5,-0.10099999999999999,1.388149380683899,0.015168680809438229,0.04264012351632118,,,1.0,normal
2690,20,scenario3_repeated_spike,SAC,50,1.0,0,0.060625,0.197,0.5,0.5,-0.1288125,1.4365439414978027,0.03578193485736847,0.05500185117125511,,,1.0,normal
2691,20,scenario3_repeated_spike,SAC,50,0.0,1,0.09,0.11199999999999999,0.5,0.5,-0.10099999999999999,1.0864791870117188,0.01693013310432434,0.043442338705062866,,,1.0,normal
2692,20,scenario3_repeated_spike,SAC,50,1.0,0,0.060625,0.197,0.5,0.5,-0.1288125,1.8854137659072876,0.005962779279798269,0.03209242969751358,,,1.0,normal
2693,20,scenario3_repeated_spike,SAC,50,1.9000000000000004,0,0.0611875,0.19790000000000002,0.5,0.5,-0.12954375,1.707047700881958,0.024717997759580612,0.055275119841098785,,,1.0,normal
2694,20,scenario3_repeated_spike,SAC,50,0.0,1,0.09,0.11199999999999999,0.5,0.5,-0.10099999999999999,1.4897931814193726,0.02585442364215851,0.06195840239524841,,,1.0,normal
2695,20,scenario3_repeated_spike,SAC,50,0.0,1,0.09,0.11199999999999999,0.5,0.5,-0.10099999999999999,1.370487928390503,0.013825075700879097,0.04059389606118202,,,1.0,normal
2696,20,scenario3_repeated_spike,SAC,50,0.0,1,0.09,0.11199999999999999,0.5,0.5,-0.10099999999999999,1.0619535446166992,0.013292836025357246,0.03237354755401611,,,1.0,normal
2697,20,scenario3_repeated_spike,SAC,50,0.0,1,0.09,0.11199999999999999,0.5,0.5,-0.10099999999999999,1.2792967557907104,0.015130432322621346,0.04893261939287186,,,1.0,normal
2698,20,scenario3_repeated_spike,SAC,50,0.0,1,0.09,0.11199999999999999,0.5,0.5,-0.10099999999999999,0.9433750510215759,0.01600024476647377,0.046786341816186905,,,1.0,normal
2699,20,scenario3_repeated_spike,SAC,50,1.0,0,0.060625,0.197,0.5,0.5,-0.1288125,1.5352777242660522,0.022249124944210052,0.051080942153930664,,,1.0,normal
2700,20,scenario3_repeated_spike,SAC,50,0.0,1,0.09,0.11199999999999999,0.5,0.5,-0.10099999999999999,1.7617402076721191,0.01332554966211319,0.032834041863679886,,,1.0,normal
2701,20,scenario3_repeated_spike,SAC,50,1.0,0,0.060625,0.197,0.5,0.5,-0.1288125,1.6335399150848389,0.019326159730553627,0.052119456231594086,,,1.0,normal
2702,20,scenario3_repeated_spike,SAC,50,1.9000000000000004,0,0.0611875,0.19790000000000002,0.5,0.5,-0.12954375,1.3054813146591187,0.023875504732131958,0.05181282013654709,,,1.0,normal
2703,20,scenario3_repeated_spike,SAC,50,0.0,1,0.09,0.11199999999999999,0.5,0.5,-0.10099999999999999,1.7372124195098877,0.028666315600275993,0.06104300171136856,,,1.0,normal
2704,20,scenario3_repeated_spike,SAC,50,1.0,0,0.060625,0.197,0.5,0.5,-0.1288125,1.396013855934143,0.01136794127523899,0.03343919664621353,,,1.0,normal
2705,20,scenario3_repeated_spike,SAC,50,0.0,1,0.09,0.11199999999999999,0.5,0.5,-0.10099999999999999,1.2565693855285645,0.018797332420945168,0.05009463429450989,,,1.0,normal
2706,20,scenario3_repeated_spike,SAC,50,0.0,1,0.09,0.11199999999999999,0.5,0.5,-0.10099999999999999,1.1570775508880615,0.02208297699689865,0.060357801616191864,,,1.0,normal
2707,20,scenario3_repeated_spike,SAC,50,0.0,1,0.09,0.11199999999999999,0.5,0.5,-0.10099999999999999,2.013033866882324,0.019338874146342278,0.06544528156518936,,,1.0,normal
2708,20,scenario3_repeated_spike,SAC,50,0.0,1,0.09,0.11199999999999999,0.5,0.5,-0.10099999999999999,1.0190815925598145,0.006997067015618086,0.02183404192328453,,,1.0,normal
2709,20,scenario3_repeated_spike,SAC,50,1.0,0,0.060625,0.197,0.5,0.5,-0.1288125,0.9145237803459167,0.04078616201877594,0.05862811952829361,,,1.0,normal
2710,20,scenario3_repeated_spike,SAC,50,0.0,1,0.09,0.11199999999999999,0.5,0.5,-0.10099999999999999,1.1612125635147095,0.029206419363617897,0.06197327375411987,,,1.0,normal
2711,20,scenario3_repeated_spike,SAC,50,0.0,1,0.09,0.11199999999999999,0.5,0.5,-0.10099999999999999,0.9893044829368591,0.02452225610613823,0.0486888587474823,,,1.0,normal
2712,20,scenario3_repeated_spike,SAC,50,0.0,1,0.09,0.11199999999999999,0.5,0.5,-0.10099999999999999,0.8512585163116455,0.0022408280055969954,0.016739021986722946,,,1.0,normal
2713,20,scenario3_repeated_spike,SAC,50,1.0,0,0.060625,0.197,0.5,0.5,-0.1288125,1.2756543159484863,0.010690086521208286,0.040754593908786774,,,1.0,normal
2714,20,scenario3_repeated_spike,SAC,50,1.9000000000000004,0,0.0611875,0.19790000000000002,0.5,0.5,-0.12954375,1.5126967430114746,0.0360572412610054,0.07615982741117477,,,1.0,normal
2715,20,scenario3_repeated_spike,SAC,50,0.0,1,0.09,0.11199999999999999,0.5,0.5,-0.10099999999999999,0.9083667397499084,0.04587441682815552,0.06229235231876373,,,1.0,normal
2716,20,scenario3_repeated_spike,SAC,50,1.0,0,0.060625,0.197,0.5,0.5,-0.1288125,1.7644977569580078,0.010435398668050766,0.04040767624974251,,,1.0,normal
2717,20,scenario3_repeated_spike,SAC,50,0.0,1,0.09,0.11199999999999999,0.5,0.5,-0.10099999999999999,1.2008066177368164,0.008002134971320629,0.03286236524581909,,,1.0,normal
2718,20,scenario3_repeated_spike,SAC,50,1.0,0,0.060625,0.197,0.5,0.5,-0.1288125,1.2814544439315796,0.020118288695812225,0.05319083482027054,,,1.0,normal
2719,20,scenario3_repeated_spike,SAC,50,1.9000000000000004,0,0.0611875,0.19790000000000002,0.5,0.5,-0.12954375,1.737615942955017,0.055920086801052094,0.0777619406580925,,,1.0,normal
2720,20,scenario3_repeated_spike,SAC,50,0.0,1,0.09,0.11199999999999999,0.5,0.5,-0.10099999999999999,1.4312630891799927,0.006206589750945568,0.028377970680594444,,,1.0,normal
2721,20,scenario3_repeated_spike,SAC,50,0.0,1,0.09,0.11199999999999999,0.5,0.5,-0.10099999999999999,1.3647613525390625,0.020754776895046234,0.05124908685684204,,,1.0,normal
2722,20,scenario3_repeated_spike,SAC,50,0.0,1,0.09,0.11199999999999999,0.5,0.5,-0.10099999999999999,1.1859626770019531,0.027402430772781372,0.06396655738353729,,,1.0,normal
2723,20,scenario3_repeated_spike,SAC,50,0.0,1,0.09,0.11199999999999999,0.5,0.5,-0.10099999999999999,1.184768795967102,0.02904815971851349,0.07023660838603973,,,1.0,normal
2724,20,scenario3_repeated_spike,SAC,50,1.0,0,0.060625,0.197,0.5,0.5,-0.1288125,1.357630968093872,0.009822170250117779,0.040544815361499786,,,1.0,normal
2725,20,scenario3_repeated_spike,SAC,50,1.9000000000000004,0,0.0611875,0.19790000000000002,0.5,0.5,-0.12954375,0.9890175461769104,0.011492104269564152,0.022945718839764595,,,1.0,normal
2726,20,scenario3_repeated_spike,SAC,50,2.710000000000001,0,0.061693750000000006,0.19871000000000003,0.5,0.5,-0.13020187500000002,1.534199595451355,0.011742344126105309,0.038513585925102234,,,1.0,normal
2727,20,scenario3_repeated_spike,SAC,50,0.0,1,0.09,0.11199999999999999,0.5,0.5,-0.10099999999999999,1.4678717851638794,0.007692107930779457,0.03473763167858124,,,1.0,normal
2728,20,scenario3_repeated_spike,SAC,50,1.0,0,0.060625,0.197,0.5,0.5,-0.1288125,1.2894166707992554,0.001202898914925754,0.012302596122026443,,,1.0,normal
2729,20,scenario3_repeated_spike,SAC,50,0.0,1,0.09,0.11199999999999999,0.5,0.5,-0.10099999999999999,1.4846911430358887,0.016391675919294357,0.04711421579122543,,,1.0,normal
2730,20,scenario3_repeated_spike,SAC,50,0.0,1,0.09,0.11199999999999999,0.5,0.5,-0.10099999999999999,1.5301361083984375,0.039839886128902435,0.07021887600421906,,,1.0,normal
2731,20,scenario3_repeated_spike,SAC,50,0.0,1,0.09,0.11199999999999999,0.5,0.5,-0.10099999999999999,1.1954052448272705,0.017283251509070396,0.043859921395778656,,,1.0,normal
2732,20,scenario3_repeated_spike,SAC,50,0.0,1,0.09,0.11199999999999999,0.5,0.5,-0.10099999999999999,1.3535962104797363,0.00795584637671709,0.03410322591662407,,,1.0,normal
2733,20,scenario3_repeated_spike,SAC,50,1.0,0,0.060625,0.197,0.5,0.5,-0.1288125,2.033277988433838,0.014947805553674698,0.048151325434446335,,,1.0,normal
2734,20,scenario3_repeated_spike,SAC,50,0.0,1,0.09,0.11199999999999999,0.5,0.5,-0.10099999999999999,1.0870082378387451,0.04539872333407402,0.06628337502479553,,,1.0,normal
2735,20,scenario3_repeated_spike,SAC,50,1.0,0,0.060625,0.197,0.5,0.5,-0.1288125,1.4962451457977295,0.03402050584554672,0.0656396746635437,,,1.0,normal
2736,20,scenario3_repeated_spike,SAC,50,1.9000000000000004,0,0.0611875,0.19790000000000002,0.5,0.5,-0.12954375,1.9188063144683838,0.009273234754800797,0.04016416147351265,,,1.0,normal
2737,20,scenario3_repeated_spike,SAC,50,0.0,1,0.09,0.11199999999999999,0.5,0.5,-0.10099999999999999,1.0108346939086914,0.006326249800622463,0.025169705972075462,,,1.0,normal
2738,20,scenario3_repeated_spike,SAC,50,1.0,0,0.060625,0.197,0.5,0.5,-0.1288125,1.2046328783035278,0.014665409922599792,0.04195418581366539,,,1.0,normal
2739,20,scenario3_repeated_spike,SAC,50,1.9000000000000004,0,0.0611875,0.19790000000000002,0.5,0.5,-0.12954375,0.8382323980331421,0.02696189656853676,0.04201735556125641,,,1.0,normal
2740,20,scenario3_repeated_spike,SAC,50,0.0,1,0.09,0.11199999999999999,0.5,0.5,-0.10099999999999999,1.8359273672103882,0.010715566575527191,0.03208540380001068,,,1.0,normal
2741,20,scenario3_repeated_spike,SAC,50,0.0,1,0.09,0.11199999999999999,0.5,0.5,-0.10099999999999999,1.0650707483291626,0.01101175881922245,0.03661220893263817,,,1.0,normal
2742,20,scenario3_repeated_spike,SAC,50,0.0,1,0.09,0.11199999999999999,0.5,0.5,-0.10099999999999999,0.7880776524543762,0.017401590943336487,0.038744114339351654,,,1.0,normal
2743,20,scenario3_repeated_spike,SAC,50,1.0,0,0.060625,0.197,0.5,0.5,-0.1288125,0.9327803254127502,0.007058644201606512,0.02665429562330246,,,1.0,normal
2744,20,scenario3_repeated_spike,SAC,50,1.9000000000000004,0,0.0611875,0.19790000000000002,0.5,0.5,-0.12954375,1.7813036441802979,0.049901776015758514,0.06059223785996437,,,1.0,normal
2745,20,scenario3_repeated_spike,SAC,50,0.0,1,0.09,0.11199999999999999,0.5,0.5,-0.10099999999999999,0.6924574375152588,0.06277193129062653,0.06244342774152756,,,1.0,normal
2746,20,scenario3_repeated_spike,SAC,50,1.0,0,0.060625,0.197,0.5,0.5,-0.1288125,1.6775734424591064,0.042136818170547485,0.08537916094064713,,,1.0,normal
2747,20,scenario3_repeated_spike,SAC,50,1.9000000000000004,0,0.0611875,0.19790000000000002,0.5,0.5,-0.12954375,1.1875590085983276,0.03804517909884453,0.061931729316711426,,,1.0,normal
2748,20,scenario3_repeated_spike,SAC,50,0.0,1,0.09,0.11199999999999999,0.5,0.5,-0.10099999999999999,1.242685317993164,0.03868245705962181,0.06929612904787064,,,1.0,normal
2749,20,scenario3_repeated_spike,SAC,50,1.0,0,0.060625,0.197,0.5,0.5,-0.1288125,1.7637438774108887,0.040602970868349075,0.07015018165111542,,,1.0,normal
2750,20,scenario3_repeated_spike,SAC,50,1.9000000000000004,0,0.0611875,0.19790000000000002,0.5,0.5,-0.12954375,1.1508362293243408,0.0048209186643362045,0.018344739452004433,,,1.0,normal
2751,20,scenario3_repeated_spike,SAC,50,2.710000000000001,0,0.061693750000000006,0.19871000000000003,0.5,0.5,-0.13020187500000002,1.4049946069717407,0.023235950618982315,0.05751695856451988,,,1.0,normal
2752,20,scenario3_repeated_spike,SAC,50,3.439,0,0.062149375,0.199439,0.5,0.5,-0.1307941875,1.1847642660140991,0.04383328557014465,0.07405466586351395,,,1.0,normal
2753,20,scenario3_repeated_spike,SAC,50,0.0,1,0.09,0.11199999999999999,0.5,0.5,-0.10099999999999999,1.033406138420105,0.04825982451438904,0.06740565598011017,,,1.0,normal
2754,20,scenario3_repeated_spike,SAC,50,0.0,1,0.09,0.11199999999999999,0.5,0.5,-0.10099999999999999,1.9520363807678223,0.05705670267343521,0.08692550659179688,,,1.0,normal
2755,20,scenario3_repeated_spike,SAC,50,1.0,0,0.060625,0.197,0.5,0.5,-0.1288125,1.3934133052825928,0.024336382746696472,0.06008540093898773,,,1.0,normal
2756,20,scenario3_repeated_spike,SAC,50,0.0,1,0.09,0.11199999999999999,0.5,0.5,-0.10099999999999999,1.2990156412124634,0.007564971689134836,0.029871108010411263,,,1.0,normal
2757,20,scenario3_repeated_spike,SAC,50,0.0,1,0.09,0.11199999999999999,0.5,0.5,-0.10099999999999999,1.870082139968872,0.0391993522644043,0.08494383096694946,,,1.0,normal
2758,20,scenario3_repeated_spike,SAC,50,1.0,0,0.060625,0.197,0.5,0.5,-0.1288125,1.5490407943725586,0.06183449178934097,0.08318601548671722,,,1.0,normal
2759,20,scenario3_repeated_spike,SAC,50,0.0,1,0.09,0.11199999999999999,0.5,0.5,-0.10099999999999999,1.0238696336746216,0.11241951584815979,0.09852132946252823,,,1.0,normal
2760,20,scenario3_repeated_spike,SAC,50,0.0,1,0.09,0.11199999999999999,0.5,0.5,-0.10099999999999999,1.643730878829956,0.06352093815803528,0.08720908313989639,,,1.0,normal
2761,20,scenario3_repeated_spike,SAC,50,0.0,1,0.09,0.11199999999999999,0.5,0.5,-0.10099999999999999,1.4338327646255493,0.0387846864759922,0.06738059222698212,,,1.0,normal
2762,20,scenario3_repeated_spike,SAC,50,0.0,1,0.09,0.11199999999999999,0.5,0.5,-0.10099999999999999,1.557212471961975,0.01463771890848875,0.04381914436817169,,,1.0,normal
2763,20,scenario3_repeated_spike,SAC,50,1.0,0,0.060625,0.197,0.5,0.5,-0.1288125,1.469707727432251,0.047346897423267365,0.05722755938768387,,,1.0,normal
2764,20,scenario3_repeated_spike,SAC,50,1.9000000000000004,0,0.0611875,0.19790000000000002,0.5,0.5,-0.12954375,1.0235371589660645,0.03062901273369789,0.058859191834926605,,,1.0,normal
2765,20,scenario3_repeated_spike,SAC,50,0.0,1,0.09,0.11199999999999999,0.5,0.5,-0.10099999999999999,1.4597870111465454,0.03918631747364998,0.06277239322662354,,,1.0,normal
2766,20,scenario3_repeated_spike,SAC,50,0.0,1,0.09,0.11199999999999999,0.5,0.5,-0.10099999999999999,1.7008147239685059,0.08298871666193008,0.0909038856625557,,,1.0,normal
2767,20,scenario3_repeated_spike,SAC,50,0.0,1,0.09,0.11199999999999999,0.5,0.5,-0.10099999999999999,1.3678736686706543,0.01854390650987625,0.05530836433172226,,,1.0,normal
2768,20,scenario3_repeated_spike,SAC,50,1.0,0,0.060625,0.197,0.5,0.5,-0.1288125,1.1937391757965088,0.014928104355931282,0.042883582413196564,,,1.0,normal
2769,20,scenario3_repeated_spike,SAC,50,0.0,1,0.09,0.11199999999999999,0.5,0.5,-0.10099999999999999,1.0685721635818481,0.024292010813951492,0.05592576786875725,,,1.0,normal
2770,20,scenario3_repeated_spike,SAC,50,0.0,1,0.09,0.11199999999999999,0.5,0.5,-0.10099999999999999,1.3634867668151855,0.010265829972922802,0.040844157338142395,,,1.0,normal
2771,20,scenario3_repeated_spike,SAC,50,0.0,1,0.09,0.11199999999999999,0.5,0.5,-0.10099999999999999,1.3957725763320923,0.026045484468340874,0.050682663917541504,,,1.0,normal
2772,20,scenario3_repeated_spike,SAC,50,1.0,0,0.060625,0.197,0.5,0.5,-0.1288125,1.4464755058288574,0.022860437631607056,0.06193714216351509,,,1.0,normal
2773,20,scenario3_repeated_spike,SAC,50,0.0,1,0.09,0.11199999999999999,0.5,0.5,-0.10099999999999999,1.557161808013916,0.043275073170661926,0.08325280249118805,,,1.0,normal
2774,20,scenario3_repeated_spike,SAC,50,1.0,0,0.060625,0.197,0.5,0.5,-0.1288125,1.9736309051513672,0.04004644602537155,0.08389472216367722,,,1.0,normal
2775,20,scenario3_repeated_spike,SAC,50,0.0,1,0.09,0.11199999999999999,0.5,0.5,-0.10099999999999999,1.5643264055252075,0.019463803619146347,0.041772857308387756,,,1.0,normal
2776,20,scenario3_repeated_spike,SAC,50,0.0,1,0.09,0.11199999999999999,0.5,0.5,-0.10099999999999999,2.106172561645508,0.02226678468286991,0.0699399933218956,,,1.0,normal
2777,20,scenario3_repeated_spike,SAC,50,0.0,1,0.09,0.11199999999999999,0.5,0.5,-0.10099999999999999,1.5892070531845093,0.02950507216155529,0.0733799934387207,,,1.0,normal
2778,20,scenario3_repeated_spike,SAC,50,1.0,0,0.060625,0.197,0.5,0.5,-0.1288125,1.0605610609054565,0.02245069295167923,0.055068254470825195,,,1.0,normal
2779,20,scenario3_repeated_spike,SAC,50,1.9000000000000004,0,0.0611875,0.19790000000000002,0.5,0.5,-0.12954375,1.1958171129226685,0.017545204609632492,0.0409848615527153,,,1.0,normal
2780,20,scenario3_repeated_spike,SAC,50,0.0,1,0.09,0.11199999999999999,0.5,0.5,-0.10099999999999999,1.3989887237548828,0.010301018133759499,0.030596934258937836,,,1.0,normal
2781,20,scenario3_repeated_spike,SAC,50,1.0,0,0.060625,0.197,0.5,0.5,-0.1288125,1.4661517143249512,0.03344852849841118,0.06275316327810287,,,1.0,normal
2782,20,scenario3_repeated_spike,SAC,50,0.0,1,0.09,0.11199999999999999,0.5,0.5,-0.10099999999999999,1.4468469619750977,0.034628964960575104,0.056718938052654266,,,1.0,normal
2783,20,scenario3_repeated_spike,SAC,50,0.0,1,0.09,0.11199999999999999,0.5,0.5,-0.10099999999999999,1.3035653829574585,0.00800517201423645,0.029396189376711845,,,1.0,normal
2784,20,scenario3_repeated_spike,SAC,50,0.0,1,0.09,0.11199999999999999,0.5,0.5,-0.10099999999999999,1.589915156364441,0.021641410887241364,0.049330346286296844,,,1.0,normal
2785,20,scenario3_repeated_spike,SAC,50,0.0,1,0.09,0.11199999999999999,0.5,0.5,-0.10099999999999999,1.7266545295715332,0.019455967471003532,0.05237498879432678,,,1.0,normal
2786,20,scenario3_repeated_spike,SAC,50,0.0,1,0.09,0.11199999999999999,0.5,0.5,-0.10099999999999999,1.6713515520095825,0.010823206976056099,0.04176302254199982,,,1.0,normal
2787,20,scenario3_repeated_spike,SAC,50,0.0,1,0.09,0.11199999999999999,0.5,0.5,-0.10099999999999999,1.8621524572372437,0.059240520000457764,0.05257773771882057,,,1.0,normal
2788,20,scenario3_repeated_spike,SAC,50,0.0,1,0.09,0.11199999999999999,0.5,0.5,-0.10099999999999999,1.477724313735962,0.013688702136278152,0.044334691017866135,,,1.0,normal
2789,20,scenario3_repeated_spike,SAC,50,1.0,0,0.060625,0.197,0.5,0.5,-0.1288125,1.2678492069244385,0.047950245440006256,0.07010985910892487,,,1.0,normal
2790,20,scenario3_repeated_spike,SAC,50,1.9000000000000004,0,0.0611875,0.19790000000000002,0.5,0.5,-0.12954375,1.9457261562347412,0.04083019867539406,0.07253851741552353,,,1.0,normal
2791,20,scenario3_repeated_spike,SAC,50,2.710000000000001,0,0.061693750000000006,0.19871000000000003,0.5,0.5,-0.13020187500000002,1.187807559967041,0.004677089396864176,0.02614634670317173,,,1.0,normal
2792,20,scenario3_repeated_spike,SAC,50,0.0,1,0.09,0.11199999999999999,0.5,0.5,-0.10099999999999999,1.2446396350860596,0.013884302228689194,0.0362117625772953,,,1.0,normal
2793,20,scenario3_repeated_spike,SAC,50,0.0,1,0.09,0.11199999999999999,0.5,0.5,-0.10099999999999999,1.3330953121185303,0.02171044424176216,0.047951411455869675,,,1.0,normal
2794,20,scenario3_repeated_spike,SAC,50,0.0,1,0.09,0.11199999999999999,0.5,0.5,-0.10099999999999999,1.1768726110458374,0.022850170731544495,0.04952440410852432,,,1.0,normal
2795,20,scenario3_repeated_spike,SAC,50,0.0,1,0.09,0.11199999999999999,0.5,0.5,-0.10099999999999999,1.5477553606033325,0.008436150848865509,0.03102150559425354,,,1.0,normal
2796,20,scenario3_repeated_spike,SAC,50,0.0,1,0.09,0.11199999999999999,0.5,0.5,-0.10099999999999999,1.8386759757995605,0.03611136972904205,0.059372007846832275,,,1.0,normal
2797,20,scenario3_repeated_spike,SAC,50,1.0,0,0.060625,0.197,0.5,0.5,-0.1288125,1.6089911460876465,0.021329112350940704,0.05757499113678932,,,1.0,normal
2798,20,scenario3_repeated_spike,SAC,50,0.0,1,0.09,0.11199999999999999,0.5,0.5,-0.10099999999999999,1.4875288009643555,0.05620633065700531,0.07166517525911331,,,1.0,normal
2799,20,scenario3_repeated_spike,SAC,50,0.0,1,0.09,0.11199999999999999,0.5,0.5,-0.10099999999999999,1.4176769256591797,0.03528287634253502,0.04233935847878456,,,1.0,normal
2800,20,scenario3_repeated_spike,SAC,50,1.0,0,0.060625,0.197,0.5,0.5,-0.1288125,1.6591490507125854,0.017105527222156525,0.05991911143064499,,,1.0,normal
2801,20,scenario3_repeated_spike,SAC,50,0.0,1,0.09,0.11199999999999999,0.5,0.5,-0.10099999999999999,1.525183916091919,0.03347328305244446,0.08417763561010361,,,1.0,normal
2802,20,scenario3_repeated_spike,SAC,50,0.0,1,0.09,0.11199999999999999,0.5,0.5,-0.10099999999999999,1.1435056924819946,0.03624388575553894,0.06356064975261688,,,1.0,normal
2803,20,scenario3_repeated_spike,SAC,50,0.0,1,0.09,0.11199999999999999,0.5,0.5,-0.10099999999999999,1.1776987314224243,0.013361110351979733,0.040497034788131714,,,1.0,normal
2804,20,scenario3_repeated_spike,SAC,50,0.0,1,0.09,0.11199999999999999,0.5,0.5,-0.10099999999999999,1.428330659866333,0.037798553705215454,0.04532620310783386,,,1.0,normal
2805,20,scenario3_repeated_spike,SAC,50,0.0,1,0.09,0.11199999999999999,0.5,0.5,-0.10099999999999999,1.5389373302459717,0.018073109909892082,0.053755126893520355,,,1.0,normal
2806,20,scenario3_repeated_spike,SAC,50,1.0,0,0.060625,0.197,0.5,0.5,-0.1288125,1.2792222499847412,0.05034970864653587,0.06140997260808945,,,1.0,normal
2807,20,scenario3_repeated_spike,SAC,50,1.9000000000000004,0,0.0611875,0.19790000000000002,0.5,0.5,-0.12954375,1.481128215789795,0.006429585628211498,0.02535966970026493,,,1.0,normal
2808,20,scenario3_repeated_spike,SAC,50,2.710000000000001,0,0.061693750000000006,0.19871000000000003,0.5,0.5,-0.13020187500000002,0.7061641216278076,0.01172088086605072,0.0423084981739521,,,1.0,normal
2809,20,scenario3_repeated_spike,SAC,50,0.0,1,0.09,0.11199999999999999,0.5,0.5,-0.10099999999999999,1.2162212133407593,0.02187095768749714,0.06269080936908722,,,1.0,normal
2810,20,scenario3_repeated_spike,SAC,50,0.0,1,0.09,0.11199999999999999,0.5,0.5,-0.10099999999999999,0.9774869084358215,0.013865908607840538,0.046373285353183746,,,1.0,normal
2811,20,scenario3_repeated_spike,SAC,50,0.0,1,0.09,0.11199999999999999,0.5,0.5,-0.10099999999999999,1.3189525604248047,0.009086467325687408,0.03433360531926155,,,1.0,normal
2812,20,scenario3_repeated_spike,SAC,50,1.0,0,0.060625,0.197,0.5,0.5,-0.1288125,1.5402659177780151,0.04442668706178665,0.05429583042860031,,,1.0,normal
2813,20,scenario3_repeated_spike,SAC,50,0.0,1,0.09,0.11199999999999999,0.5,0.5,-0.10099999999999999,1.152639389038086,0.06500258296728134,0.07733893394470215,,,1.0,normal
2814,20,scenario3_repeated_spike,SAC,50,1.0,0,0.060625,0.197,0.5,0.5,-0.1288125,1.4474048614501953,0.02477383241057396,0.0637536346912384,,,1.0,normal
2815,20,scenario3_repeated_spike,SAC,50,0.0,1,0.09,0.11199999999999999,0.5,0.5,-0.10099999999999999,1.3526105880737305,0.0160219706594944,0.04341552034020424,,,1.0,normal
2816,20,scenario3_repeated_spike,SAC,50,1.0,0,0.060625,0.197,0.5,0.5,-0.1288125,1.19865083694458,0.00890614464879036,0.0363243967294693,,,1.0,normal
2817,20,scenario3_repeated_spike,SAC,50,0.0,1,0.09,0.11199999999999999,0.5,0.5,-0.10099999999999999,1.3336224555969238,0.027449877932667732,0.06479334086179733,,,1.0,normal
2818,20,scenario3_repeated_spike,SAC,50,0.0,1,0.09,0.11199999999999999,0.5,0.5,-0.10099999999999999,1.5834238529205322,0.02173350378870964,0.05655449256300926,,,1.0,normal
2819,20,scenario3_repeated_spike,SAC,50,1.0,0,0.060625,0.197,0.5,0.5,-0.1288125,0.6506772041320801,0.007422340102493763,0.022099414840340614,,,1.0,normal
2820,20,scenario3_repeated_spike,SAC,50,1.9000000000000004,0,0.0611875,0.19790000000000002,0.5,0.5,-0.12954375,1.2482867240905762,0.0028919531032443047,0.02142306976020336,,,1.0,normal
2821,20,scenario3_repeated_spike,SAC,50,2.710000000000001,0,0.061693750000000006,0.19871000000000003,0.5,0.5,-0.13020187500000002,0.9903571009635925,0.0035513329785317183,0.022574299946427345,,,1.0,normal
2822,20,scenario3_repeated_spike,SAC,50,0.0,1,0.09,0.11199999999999999,0.5,0.5,-0.10099999999999999,1.5359599590301514,0.006356899626553059,0.029314598068594933,,,1.0,normal
2823,20,scenario3_repeated_spike,SAC,50,1.0,0,0.060625,0.197,0.5,0.5,-0.1288125,1.4775913953781128,0.0031014883425086737,0.022171221673488617,,,1.0,normal
2824,20,scenario3_repeated_spike,SAC,50,1.9000000000000004,0,0.0611875,0.19790000000000002,0.5,0.5,-0.12954375,1.4721037149429321,0.0071638645604252815,0.035860784351825714,,,1.0,normal
2825,20,scenario3_repeated_spike,SAC,50,0.0,1,0.09,0.11199999999999999,0.5,0.5,-0.10099999999999999,1.4845068454742432,0.02840450033545494,0.046298038214445114,,,1.0,normal
2826,20,scenario3_repeated_spike,SAC,50,0.0,1,0.09,0.11199999999999999,0.5,0.5,-0.10099999999999999,1.2178878784179688,0.012645321898162365,0.032372958958148956,,,1.0,normal
2827,20,scenario3_repeated_spike,SAC,50,0.0,1,0.09,0.11199999999999999,0.5,0.5,-0.10099999999999999,1.9289144277572632,0.034170180559158325,0.053014177829027176,,,1.0,normal
2828,20,scenario3_repeated_spike,SAC,50,1.0,0,0.060625,0.197,0.5,0.5,-0.1288125,1.3486353158950806,0.004242829512804747,0.022305211052298546,,,1.0,normal
2829,20,scenario3_repeated_spike,SAC,50,0.0,1,0.09,0.11199999999999999,0.5,0.5,-0.10099999999999999,1.2133564949035645,0.007097112946212292,0.03015769273042679,,,1.0,normal
2830,20,scenario3_repeated_spike,SAC,50,0.0,1,0.09,0.11199999999999999,0.5,0.5,-0.10099999999999999,0.8912485837936401,0.009689249098300934,0.029214181005954742,,,1.0,normal
2831,20,scenario3_repeated_spike,SAC,50,0.0,1,0.09,0.11199999999999999,0.5,0.5,-0.10099999999999999,1.278927206993103,0.0035148244351148605,0.01582900807261467,,,1.0,normal
2832,20,scenario3_repeated_spike,SAC,50,1.0,0,0.060625,0.197,0.5,0.5,-0.1288125,1.6870824098587036,0.018138989806175232,0.05265115946531296,,,1.0,normal
2833,20,scenario3_repeated_spike,SAC,50,1.9000000000000004,0,0.0611875,0.19790000000000002,0.5,0.5,-0.12954375,2.227882146835327,0.01944016106426716,0.06030048057436943,,,1.0,normal
2834,20,scenario3_repeated_spike,SAC,50,0.0,1,0.09,0.11199999999999999,0.5,0.5,-0.10099999999999999,1.0867793560028076,0.02545596845448017,0.04485839977860451,,,1.0,normal
2835,20,scenario3_repeated_spike,SAC,50,1.0,0,0.060625,0.197,0.5,0.5,-0.1288125,1.9302024841308594,0.00579572981223464,0.03214416280388832,,,1.0,normal
2836,20,scenario3_repeated_spike,SAC,50,1.9000000000000004,0,0.0611875,0.19790000000000002,0.5,0.5,-0.12954375,1.532017469406128,0.00915149599313736,0.026598339900374413,,,1.0,normal
2837,20,scenario3_repeated_spike,SAC,50,0.0,1,0.09,0.11199999999999999,0.5,0.5,-0.10099999999999999,0.6362336874008179,0.03174545615911484,0.04138895496726036,,,1.0,normal
2838,20,scenario3_repeated_spike,SAC,50,0.0,1,0.09,0.11199999999999999,0.5,0.5,-0.10099999999999999,1.0944889783859253,0.006466331891715527,0.022770442068576813,,,1.0,normal
2839,20,scenario3_repeated_spike,SAC,50,1.0,0,0.060625,0.197,0.5,0.5,-0.1288125,1.0826128721237183,0.00429171696305275,0.018493924289941788,,,1.0,normal
2840,20,scenario3_repeated_spike,SAC,50,1.9000000000000004,0,0.0611875,0.19790000000000002,0.5,0.5,-0.12954375,1.179762363433838,0.008253904990851879,0.023136306554079056,,,1.0,normal
2841,20,scenario3_repeated_spike,SAC,50,2.710000000000001,0,0.061693750000000006,0.19871000000000003,0.5,0.5,-0.13020187500000002,1.488327145576477,0.012360119260847569,0.025961821898818016,,,1.0,normal
2842,20,scenario3_repeated_spike,SAC,50,0.0,1,0.09,0.11199999999999999,0.5,0.5,-0.10099999999999999,1.3512858152389526,0.0030638533644378185,0.018674282357096672,,,1.0,normal
2843,20,scenario3_repeated_spike,SAC,50,0.0,1,0.09,0.11199999999999999,0.5,0.5,-0.10099999999999999,1.756610631942749,0.006014550570398569,0.0307100061327219,,,1.0,normal
2844,20,scenario3_repeated_spike,SAC,50,0.0,1,0.09,0.11199999999999999,0.5,0.5,-0.10099999999999999,1.1579864025115967,0.0031315081287175417,0.02229844033718109,,,1.0,normal
2845,20,scenario3_repeated_spike,SAC,50,0.0,1,0.09,0.11199999999999999,0.5,0.5,-0.10099999999999999,1.4938360452651978,0.010061465203762054,0.029306752607226372,,,1.0,normal
2846,20,scenario3_repeated_spike,SAC,50,1.0,0,0.060625,0.197,0.5,0.5,-0.1288125,1.2691514492034912,0.005629618652164936,0.018183935433626175,,,1.0,normal
2847,20,scenario3_repeated_spike,SAC,50,0.0,1,0.09,0.11199999999999999,0.5,0.5,-0.10099999999999999,1.4531922340393066,0.004076704848557711,0.02149401791393757,,,1.0,normal
2848,20,scenario3_repeated_spike,SAC,50,0.0,1,0.09,0.11199999999999999,0.5,0.5,-0.10099999999999999,1.3418809175491333,0.005552121438086033,0.027041781693696976,,,1.0,normal
2849,20,scenario3_repeated_spike,SAC,50,0.0,1,0.09,0.11199999999999999,0.5,0.5,-0.10099999999999999,0.9178965091705322,0.004395086783915758,0.019283805042505264,,,1.0,normal
2850,20,scenario3_repeated_spike,SAC,50,1.0,0,0.060625,0.197,0.5,0.5,-0.1288125,0.9939938187599182,0.01615685038268566,0.030997589230537415,,,1.0,normal
2851,20,scenario3_repeated_spike,SAC,50,0.0,1,0.09,0.11199999999999999,0.5,0.5,-0.10099999999999999,0.6862914562225342,0.012921345420181751,0.027201279997825623,,,1.0,normal
2852,20,scenario3_repeated_spike,SAC,50,0.0,1,0.09,0.11199999999999999,0.5,0.5,-0.10099999999999999,1.6574482917785645,0.008965150453150272,0.033364299684762955,,,1.0,normal
2853,20,scenario3_repeated_spike,SAC,50,0.0,1,0.09,0.11199999999999999,0.5,0.5,-0.10099999999999999,1.1680171489715576,0.005109308287501335,0.026184871792793274,,,1.0,normal
2854,20,scenario3_repeated_spike,SAC,50,0.0,1,0.09,0.11199999999999999,0.5,0.5,-0.10099999999999999,1.751902461051941,0.047152794897556305,0.0536985844373703,,,1.0,normal
2855,20,scenario3_repeated_spike,SAC,50,1.0,0,0.060625,0.197,0.5,0.5,-0.1288125,1.1904031038284302,0.044786810874938965,0.04773649200797081,,,1.0,normal
2856,20,scenario3_repeated_spike,SAC,50,1.9000000000000004,0,0.0611875,0.19790000000000002,0.5,0.5,-0.12954375,1.1323285102844238,0.003434249199926853,0.02086051180958748,,,1.0,normal
2857,20,scenario3_repeated_spike,SAC,50,2.710000000000001,0,0.061693750000000006,0.19871000000000003,0.5,0.5,-0.13020187500000002,0.9852789640426636,0.002764407079666853,0.015642691403627396,,,1.0,normal
2858,20,scenario3_repeated_spike,SAC,50,0.0,1,0.09,0.11199999999999999,0.5,0.5,-0.10099999999999999,1.2950387001037598,0.025294223800301552,0.03096494823694229,,,1.0,normal
2859,20,scenario3_repeated_spike,SAC,50,1.0,0,0.060625,0.197,0.5,0.5,-0.1288125,0.8839484453201294,0.007364638149738312,0.023900512605905533,,,1.0,normal
2860,20,scenario3_repeated_spike,SAC,50,0.0,1,0.09,0.11199999999999999,0.5,0.5,-0.10099999999999999,1.0409674644470215,0.018697431311011314,0.03618474304676056,,,1.0,normal
2861,20,scenario3_repeated_spike,SAC,50,1.0,0,0.060625,0.197,0.5,0.5,-0.1288125,1.8540692329406738,0.011306144297122955,0.04206002131104469,,,1.0,normal
2862,20,scenario3_repeated_spike,SAC,50,1.9000000000000004,0,0.0611875,0.19790000000000002,0.5,0.5,-0.12954375,1.3217886686325073,0.01705980859696865,0.03910267353057861,,,1.0,normal
2863,20,scenario3_repeated_spike,SAC,50,0.0,1,0.09,0.11199999999999999,0.5,0.5,-0.10099999999999999,1.398643136024475,0.016102826222777367,0.03903842717409134,,,1.0,normal
2864,20,scenario3_repeated_spike,SAC,50,1.0,0,0.060625,0.197,0.5,0.5,-0.1288125,1.8100769519805908,0.01607515476644039,0.04194248467683792,,,1.0,normal
2865,20,scenario3_repeated_spike,SAC,50,0.0,1,0.09,0.11199999999999999,0.5,0.5,-0.10099999999999999,1.2087123394012451,0.024939479306340218,0.036302514374256134,,,1.0,normal
2866,20,scenario3_repeated_spike,SAC,50,0.0,1,0.09,0.11199999999999999,0.5,0.5,-0.10099999999999999,1.8381179571151733,0.03822656348347664,0.07044559717178345,,,1.0,normal
2867,20,scenario3_repeated_spike,SAC,50,0.0,1,0.09,0.11199999999999999,0.5,0.5,-0.10099999999999999,1.194933295249939,0.015162855386734009,0.042401351034641266,,,1.0,normal
2868,20,scenario3_repeated_spike,SAC,50,0.0,1,0.09,0.11199999999999999,0.5,0.5,-0.10099999999999999,1.0254759788513184,0.03310550004243851,0.04632432386279106,,,1.0,normal
2869,20,scenario3_repeated_spike,SAC,50,0.0,1,0.09,0.11199999999999999,0.5,0.5,-0.10099999999999999,1.1683931350708008,0.01149900071322918,0.03063104674220085,,,1.0,normal
2870,20,scenario3_repeated_spike,SAC,50,0.0,1,0.09,0.11199999999999999,0.5,0.5,-0.10099999999999999,1.3475399017333984,0.015476210042834282,0.04065176099538803,,,1.0,normal
2871,20,scenario3_repeated_spike,SAC,50,0.0,1,0.09,0.11199999999999999,0.5,0.5,-0.10099999999999999,1.5835113525390625,0.010649900883436203,0.03630780056118965,,,1.0,normal
2872,20,scenario3_repeated_spike,SAC,50,1.0,0,0.060625,0.197,0.5,0.5,-0.1288125,1.5632057189941406,0.0030175207648426294,0.016637567430734634,,,1.0,normal
2873,20,scenario3_repeated_spike,SAC,50,0.0,1,0.09,0.11199999999999999,0.5,0.5,-0.10099999999999999,1.630645513534546,0.02010808140039444,0.044713087379932404,,,1.0,normal
2874,20,scenario3_repeated_spike,SAC,50,0.0,1,0.09,0.11199999999999999,0.5,0.5,-0.10099999999999999,1.4492632150650024,0.0863790214061737,0.07910934835672379,,,1.0,normal
2875,20,scenario3_repeated_spike,SAC,50,1.0,0,0.060625,0.197,0.5,0.5,-0.1288125,1.333856463432312,0.030896013602614403,0.05959523096680641,,,1.0,normal
2876,20,scenario3_repeated_spike,SAC,50,1.9000000000000004,0,0.0611875,0.19790000000000002,0.5,0.5,-0.12954375,1.2330596446990967,0.02538500726222992,0.04622764512896538,,,1.0,normal
2877,20,scenario3_repeated_spike,SAC,50,0.0,1,0.09,0.11199999999999999,0.5,0.5,-0.10099999999999999,1.4976409673690796,0.025428183376789093,0.04580283164978027,,,1.0,normal
2878,20,scenario3_repeated_spike,SAC,50,0.0,1,0.09,0.11199999999999999,0.5,0.5,-0.10099999999999999,1.451751947402954,0.025948859751224518,0.04623712599277496,,,1.0,normal
2879,20,scenario3_repeated_spike,SAC,50,1.0,0,0.060625,0.197,0.5,0.5,-0.1288125,1.3630588054656982,0.028046460822224617,0.057995378971099854,,,1.0,normal
2880,20,scenario3_repeated_spike,SAC,50,1.9000000000000004,0,0.0611875,0.19790000000000002,0.5,0.5,-0.12954375,0.8726069331169128,0.019927507266402245,0.03648414835333824,,,1.0,normal
2881,20,scenario3_repeated_spike,SAC,50,0.0,1,0.09,0.11199999999999999,0.5,0.5,-0.10099999999999999,1.433537244796753,0.006244321819394827,0.02687576413154602,,,1.0,normal
2882,20,scenario3_repeated_spike,SAC,50,0.0,1,0.09,0.11199999999999999,0.5,0.5,-0.10099999999999999,1.7696073055267334,0.02314373478293419,0.044958144426345825,,,1.0,normal
2883,20,scenario3_repeated_spike,SAC,50,1.0,0,0.060625,0.197,0.5,0.5,-0.1288125,0.821975588798523,0.04601292312145233,0.0437195748090744,,,1.0,normal
2884,20,scenario3_repeated_spike,SAC,50,1.9000000000000004,0,0.0611875,0.19790000000000002,0.5,0.5,-0.12954375,0.8936635851860046,0.022353332489728928,0.03721947595477104,,,1.0,normal
2885,20,scenario3_repeated_spike,SAC,50,0.0,1,0.09,0.11199999999999999,0.5,0.5,-0.10099999999999999,1.6836872100830078,0.016599908471107483,0.045831210911273956,,,1.0,normal
2886,20,scenario3_repeated_spike,SAC,50,0.0,1,0.09,0.11199999999999999,0.5,0.5,-0.10099999999999999,1.2492371797561646,0.0050555020570755005,0.02234424278140068,,,1.0,normal
2887,20,scenario3_repeated_spike,SAC,50,0.0,1,0.09,0.11199999999999999,0.5,0.5,-0.10099999999999999,1.5043554306030273,0.014805341139435768,0.04676990583539009,,,1.0,normal
2888,20,scenario3_repeated_spike,SAC,50,1.0,0,0.060625,0.197,0.5,0.5,-0.1288125,0.5726234316825867,0.01531569566577673,0.03876392915844917,,,1.0,normal
2889,20,scenario3_repeated_spike,SAC,50,1.9000000000000004,0,0.0611875,0.19790000000000002,0.5,0.5,-0.12954375,1.0602540969848633,0.00715853413566947,0.02809067815542221,,,1.0,normal
2890,20,scenario3_repeated_spike,SAC,50,2.710000000000001,0,0.061693750000000006,0.19871000000000003,0.5,0.5,-0.13020187500000002,1.9431278705596924,0.03704621642827988,0.05682454630732536,,,1.0,normal
2891,20,scenario3_repeated_spike,SAC,50,0.0,1,0.09,0.11199999999999999,0.5,0.5,-0.10099999999999999,0.8546508550643921,0.005691823549568653,0.024591844528913498,,,1.0,normal
2892,20,scenario3_repeated_spike,SAC,50,0.0,1,0.09,0.11199999999999999,0.5,0.5,-0.10099999999999999,1.3009898662567139,0.008683880791068077,0.03549183905124664,,,1.0,normal
2893,20,scenario3_repeated_spike,SAC,50,0.0,1,0.09,0.11199999999999999,0.5,0.5,-0.10099999999999999,1.1432976722717285,0.016974952071905136,0.03326653689146042,,,1.0,normal
2894,20,scenario3_repeated_spike,SAC,50,1.0,0,0.060625,0.197,0.5,0.5,-0.1288125,1.1155877113342285,0.0067796865478158,0.029098689556121826,,,1.0,normal
2895,20,scenario3_repeated_spike,SAC,50,1.9000000000000004,0,0.0611875,0.19790000000000002,0.5,0.5,-0.12954375,1.4480438232421875,0.01057407632470131,0.034233275800943375,,,1.0,normal
2896,20,scenario3_repeated_spike,SAC,50,2.710000000000001,0,0.061693750000000006,0.19871000000000003,0.5,0.5,-0.13020187500000002,1.776203989982605,0.03504335507750511,0.04594889655709267,,,1.0,normal
2897,20,scenario3_repeated_spike,SAC,50,0.0,1,0.09,0.11199999999999999,0.5,0.5,-0.10099999999999999,0.880433976650238,0.041464030742645264,0.04432325437664986,,,1.0,normal
2898,20,scenario3_repeated_spike,SAC,50,0.0,1,0.09,0.11199999999999999,0.5,0.5,-0.10099999999999999,1.2877711057662964,0.006376352161169052,0.027893245220184326,,,1.0,normal
2899,20,scenario3_repeated_spike,SAC,50,0.0,1,0.09,0.11199999999999999,0.5,0.5,-0.10099999999999999,1.2028971910476685,0.005917322356253862,0.022749613970518112,,,1.0,normal
2900,20,scenario3_repeated_spike,SAC,50,1.0,0,0.060625,0.197,0.5,0.5,-0.1288125,1.5268313884735107,0.030456067994236946,0.031368907541036606,,,1.0,normal
2901,20,scenario3_repeated_spike,SAC,50,0.0,1,0.09,0.11199999999999999,0.5,0.5,-0.10099999999999999,1.4783025979995728,0.011181460693478584,0.040466275066137314,,,1.0,normal
2902,20,scenario3_repeated_spike,SAC,50,0.0,1,0.09,0.11199999999999999,0.5,0.5,-0.10099999999999999,0.9354767799377441,0.006089212838560343,0.02424517087638378,,,1.0,normal
2903,20,scenario3_repeated_spike,SAC,50,1.0,0,0.060625,0.197,0.5,0.5,-0.1288125,1.2907456159591675,0.009613961912691593,0.03654351457953453,,,1.0,normal
2904,20,scenario3_repeated_spike,SAC,50,1.9000000000000004,0,0.0611875,0.19790000000000002,0.5,0.5,-0.12954375,1.3045737743377686,0.03891078382730484,0.04344677925109863,,,1.0,normal
2905,20,scenario3_repeated_spike,SAC,50,2.710000000000001,0,0.061693750000000006,0.19871000000000003,0.5,0.5,-0.13020187500000002,1.4543631076812744,0.005797548685222864,0.024581139907240868,,,1.0,normal
2906,20,scenario3_repeated_spike,SAC,50,0.0,1,0.09,0.11199999999999999,0.5,0.5,-0.10099999999999999,1.2864388227462769,0.014478953555226326,0.03090968169271946,,,1.0,normal
2907,20,scenario3_repeated_spike,SAC,50,1.0,0,0.060625,0.197,0.5,0.5,-0.1288125,1.2189395427703857,0.0490407720208168,0.04358545318245888,,,1.0,normal
2908,20,scenario3_repeated_spike,SAC,50,1.9000000000000004,0,0.0611875,0.19790000000000002,0.5,0.5,-0.12954375,1.2028878927230835,0.04336729645729065,0.034483522176742554,,,1.0,normal
2909,20,scenario3_repeated_spike,SAC,50,0.0,1,0.09,0.11199999999999999,0.5,0.5,-0.10099999999999999,1.383326768875122,0.027953408658504486,0.04844546690583229,,,1.0,normal
2910,20,scenario3_repeated_spike,SAC,50,1.0,0,0.060625,0.197,0.5,0.5,-0.1288125,1.5427119731903076,0.006453968584537506,0.030925758183002472,,,1.0,normal
2911,20,scenario3_repeated_spike,SAC,50,0.0,1,0.09,0.11199999999999999,0.5,0.5,-0.10099999999999999,1.112512230873108,0.003414334263652563,0.0174956526607275,,,1.0,normal
2912,20,scenario3_repeated_spike,SAC,50,0.0,1,0.09,0.11199999999999999,0.5,0.5,-0.10099999999999999,1.752373456954956,0.010765458457171917,0.046322278678417206,,,1.0,normal
2913,20,scenario3_repeated_spike,SAC,50,1.0,0,0.060625,0.197,0.5,0.5,-0.1288125,1.1381795406341553,0.01937716454267502,0.046898454427719116,,,1.0,normal
2914,20,scenario3_repeated_spike,SAC,50,1.9000000000000004,0,0.0611875,0.19790000000000002,0.5,0.5,-0.12954375,1.281566858291626,0.054808929562568665,0.06006212905049324,,,1.0,normal
2915,20,scenario3_repeated_spike,SAC,50,2.710000000000001,0,0.061693750000000006,0.19871000000000003,0.5,0.5,-0.13020187500000002,1.1065887212753296,0.0098028015345335,0.03070005401968956,,,1.0,normal
2916,20,scenario3_repeated_spike,SAC,50,0.0,1,0.09,0.11199999999999999,0.5,0.5,-0.10099999999999999,1.0340598821640015,0.017359737306833267,0.049907930195331573,,,1.0,normal
2917,20,scenario3_repeated_spike,SAC,50,1.0,0,0.060625,0.197,0.5,0.5,-0.1288125,1.061840295791626,0.026556771248579025,0.057968564331531525,,,1.0,normal
2918,20,scenario3_repeated_spike,SAC,50,0.0,1,0.09,0.11199999999999999,0.5,0.5,-0.10099999999999999,1.2584418058395386,0.022124817594885826,0.048080384731292725,,,1.0,normal
2919,20,scenario3_repeated_spike,SAC,50,0.0,1,0.09,0.11199999999999999,0.5,0.5,-0.10099999999999999,1.7682158946990967,0.02779148891568184,0.07445493340492249,,,1.0,normal
2920,20,scenario3_repeated_spike,SAC,50,0.0,1,0.09,0.11199999999999999,0.5,0.5,-0.10099999999999999,1.0870306491851807,0.022497806698083878,0.04175852984189987,,,1.0,normal
2921,20,scenario3_repeated_spike,SAC,50,0.0,1,0.09,0.11199999999999999,0.5,0.5,-0.10099999999999999,1.535758376121521,0.019842341542243958,0.05468469485640526,,,1.0,normal
2922,20,scenario3_repeated_spike,SAC,50,1.0,0,0.060625,0.197,0.5,0.5,-0.1288125,1.5558581352233887,0.014191499911248684,0.0405825600028038,,,1.0,normal
2923,20,scenario3_repeated_spike,SAC,50,0.0,1,0.09,0.11199999999999999,0.5,0.5,-0.10099999999999999,1.007907748222351,0.027238592505455017,0.03751957416534424,,,1.0,normal
2924,20,scenario3_repeated_spike,SAC,50,0.0,1,0.09,0.11199999999999999,0.5,0.5,-0.10099999999999999,1.4802616834640503,0.011006945744156837,0.04598235711455345,,,1.0,normal
2925,20,scenario3_repeated_spike,SAC,50,0.0,1,0.09,0.11199999999999999,0.5,0.5,-0.10099999999999999,1.1493425369262695,0.03790277987718582,0.05944308266043663,,,1.0,normal
2926,20,scenario3_repeated_spike,SAC,50,1.0,0,0.060625,0.197,0.5,0.5,-0.1288125,1.7201862335205078,0.002337331883609295,0.021478047594428062,,,1.0,normal
2927,20,scenario3_repeated_spike,SAC,50,1.9000000000000004,0,0.0611875,0.19790000000000002,0.5,0.5,-0.12954375,1.3145952224731445,0.011059502139687538,0.0438450388610363,,,1.0,normal
2928,20,scenario3_repeated_spike,SAC,50,0.0,1,0.09,0.11199999999999999,0.5,0.5,-0.10099999999999999,1.1255998611450195,0.07195629179477692,0.07891911268234253,,,1.0,normal
2929,20,scenario3_repeated_spike,SAC,50,0.0,1,0.09,0.11199999999999999,0.5,0.5,-0.10099999999999999,1.3229929208755493,0.03117150254547596,0.05893310159444809,,,1.0,normal
2930,20,scenario3_repeated_spike,SAC,50,0.0,1,0.09,0.11199999999999999,0.5,0.5,-0.10099999999999999,1.3671410083770752,0.08489017188549042,0.06887814402580261,,,1.0,normal
2931,20,scenario3_repeated_spike,SAC,50,0.0,1,0.09,0.11199999999999999,0.5,0.5,-0.10099999999999999,0.6349494457244873,0.015142093412578106,0.04686946049332619,,,1.0,normal
2932,20,scenario3_repeated_spike,SAC,50,0.0,1,0.09,0.11199999999999999,0.5,0.5,-0.10099999999999999,1.9938262701034546,0.06380055844783783,0.11463204026222229,,,1.0,normal
2933,20,scenario3_repeated_spike,SAC,50,0.0,1,0.09,0.11199999999999999,0.5,0.5,-0.10099999999999999,1.2262511253356934,0.032424431294202805,0.07205229997634888,,,1.0,normal
2934,20,scenario3_repeated_spike,SAC,50,0.0,1,0.09,0.11199999999999999,0.5,0.5,-0.10099999999999999,1.0147031545639038,0.034033507108688354,0.0550864115357399,,,1.0,normal
2935,20,scenario3_repeated_spike,SAC,50,1.0,0,0.060625,0.197,0.5,0.5,-0.1288125,1.100771427154541,0.012728521600365639,0.031445130705833435,,,1.0,normal
2936,20,scenario3_repeated_spike,SAC,50,0.0,1,0.09,0.11199999999999999,0.5,0.5,-0.10099999999999999,1.227974772453308,0.004061110317707062,0.027892466634511948,,,1.0,normal
2937,20,scenario3_repeated_spike,SAC,50,1.0,0,0.060625,0.197,0.5,0.5,-0.1288125,1.086120367050171,0.0035405103117227554,0.02446421980857849,,,1.0,normal
2938,20,scenario3_repeated_spike,SAC,50,0.0,1,0.09,0.11199999999999999,0.5,0.5,-0.10099999999999999,1.5066062211990356,0.007880041375756264,0.03148975223302841,,,1.0,normal
2939,20,scenario3_repeated_spike,SAC,50,0.0,1,0.09,0.11199999999999999,0.5,0.5,-0.10099999999999999,1.3271986246109009,0.010109111666679382,0.04166492447257042,,,1.0,normal
2940,20,scenario3_repeated_spike,SAC,50,1.0,0,0.060625,0.197,0.5,0.5,-0.1288125,1.5383723974227905,0.013077628798782825,0.04145590960979462,,,1.0,normal
2941,20,scenario3_repeated_spike,SAC,50,1.9000000000000004,0,0.0611875,0.19790000000000002,0.5,0.5,-0.12954375,1.346052646636963,0.023177163675427437,0.03553057461977005,,,1.0,normal
2942,20,scenario3_repeated_spike,SAC,50,0.0,1,0.09,0.11199999999999999,0.5,0.5,-0.10099999999999999,1.5589648485183716,0.010997014120221138,0.042608872056007385,,,1.0,normal
2943,20,scenario3_repeated_spike,SAC,50,1.0,0,0.060625,0.197,0.5,0.5,-0.1288125,1.344464659690857,0.02760189399123192,0.04988133907318115,,,1.0,normal
2944,20,scenario3_repeated_spike,SAC,50,1.9000000000000004,0,0.0611875,0.19790000000000002,0.5,0.5,-0.12954375,1.3854293823242188,0.0031897316221147776,0.023166973143815994,,,1.0,normal
2945,20,scenario3_repeated_spike,SAC,50,0.0,1,0.09,0.11199999999999999,0.5,0.5,-0.10099999999999999,0.8142706751823425,0.05310583859682083,0.04985968396067619,,,1.0,normal
2946,20,scenario3_repeated_spike,SAC,50,0.0,1,0.09,0.11199999999999999,0.5,0.5,-0.10099999999999999,1.2397311925888062,0.010678754188120365,0.03803444653749466,,,1.0,normal
2947,20,scenario3_repeated_spike,SAC,50,1.0,0,0.060625,0.197,0.5,0.5,-0.1288125,1.1107817888259888,0.017407074570655823,0.04627881944179535,,,1.0,normal
2948,20,scenario3_repeated_spike,SAC,50,0.0,1,0.09,0.11199999999999999,0.5,0.5,-0.10099999999999999,0.7850135564804077,0.005417346954345703,0.022774258628487587,,,1.0,normal
2949,20,scenario3_repeated_spike,SAC,50,1.0,0,0.060625,0.197,0.5,0.5,-0.1288125,1.5100737810134888,0.030433394014835358,0.04802517220377922,,,1.0,normal
2950,20,scenario3_repeated_spike,SAC,50,0.0,1,0.09,0.11199999999999999,0.5,0.5,-0.10099999999999999,1.3908910751342773,0.011366177350282669,0.037733353674411774,,,1.0,normal
2951,20,scenario3_repeated_spike,SAC,50,1.0,0,0.060625,0.197,0.5,0.5,-0.1288125,0.7606111764907837,0.012250793166458607,0.028661079704761505,,,1.0,normal
2952,20,scenario3_repeated_spike,SAC,50,0.0,1,0.09,0.11199999999999999,0.5,0.5,-0.10099999999999999,0.6372448205947876,0.002739830408245325,0.013784677721560001,,,1.0,normal
2953,20,scenario3_repeated_spike,SAC,50,0.0,1,0.09,0.11199999999999999,0.5,0.5,-0.10099999999999999,1.7890474796295166,0.012950426898896694,0.04188328608870506,,,1.0,normal
2954,20,scenario3_repeated_spike,SAC,50,0.0,1,0.09,0.11199999999999999,0.5,0.5,-0.10099999999999999,1.3678991794586182,0.012606256641447544,0.04109281301498413,,,1.0,normal
2955,20,scenario3_repeated_spike,SAC,50,0.0,1,0.09,0.11199999999999999,0.5,0.5,-0.10099999999999999,0.7805654406547546,0.024441268295049667,0.03841710090637207,,,1.0,normal
2956,20,scenario3_repeated_spike,SAC,50,1.0,0,0.060625,0.197,0.5,0.5,-0.1288125,1.4923650026321411,0.010077898390591145,0.03349094092845917,,,1.0,normal
2957,20,scenario3_repeated_spike,SAC,50,0.0,1,0.09,0.11199999999999999,0.5,0.5,-0.10099999999999999,1.2343283891677856,0.057797446846961975,0.05931052938103676,,,1.0,normal
2958,20,scenario3_repeated_spike,SAC,50,0.0,1,0.09,0.11199999999999999,0.5,0.5,-0.10099999999999999,1.3502428531646729,0.01567993313074112,0.03623243421316147,,,1.0,normal
2959,20,scenario3_repeated_spike,SAC,50,1.0,0,0.060625,0.197,0.5,0.5,-0.1288125,1.2367666959762573,0.031295258551836014,0.043901361525058746,,,1.0,normal
2960,20,scenario3_repeated_spike,SAC,50,1.9000000000000004,0,0.0611875,0.19790000000000002,0.5,0.5,-0.12954375,1.8373236656188965,0.027285326272249222,0.04386826604604721,,,1.0,normal
2961,20,scenario3_repeated_spike,SAC,50,2.710000000000001,0,0.061693750000000006,0.19871000000000003,0.5,0.5,-0.13020187500000002,1.1053102016448975,0.05606082081794739,0.052876461297273636,,,1.0,normal
2962,20,scenario3_repeated_spike,SAC,50,0.0,1,0.09,0.11199999999999999,0.5,0.5,-0.10099999999999999,1.6854878664016724,0.012827756814658642,0.04342646151781082,,,1.0,normal
2963,20,scenario3_repeated_spike,SAC,50,1.0,0,0.060625,0.197,0.5,0.5,-0.1288125,1.5047986507415771,0.011209880001842976,0.041519030928611755,,,1.0,normal
2964,20,scenario3_repeated_spike,SAC,50,1.9000000000000004,0,0.0611875,0.19790000000000002,0.5,0.5,-0.12954375,1.130190372467041,0.00466249929741025,0.02677360735833645,,,1.0,normal
2965,20,scenario3_repeated_spike,SAC,50,0.0,1,0.09,0.11199999999999999,0.5,0.5,-0.10099999999999999,1.1762793064117432,0.0035465057007968426,0.02272339165210724,,,1.0,normal
2966,20,scenario3_repeated_spike,SAC,50,1.0,0,0.060625,0.197,0.5,0.5,-0.1288125,0.8521928191184998,0.029246147722005844,0.05012909695506096,,,1.0,normal
2967,20,scenario3_repeated_spike,SAC,50,1.9000000000000004,0,0.0611875,0.19790000000000002,0.5,0.5,-0.12954375,1.0680205821990967,0.0038774730637669563,0.025408480316400528,,,1.0,normal
2968,20,scenario3_repeated_spike,SAC,50,0.0,1,0.09,0.11199999999999999,0.5,0.5,-0.10099999999999999,1.199013590812683,0.001247426145710051,0.012792768888175488,,,1.0,normal
2969,20,scenario3_repeated_spike,SAC,50,0.0,1,0.09,0.11199999999999999,0.5,0.5,-0.10099999999999999,1.132546305656433,0.0045682694762945175,0.024967513978481293,,,1.0,normal
2970,20,scenario3_repeated_spike,SAC,50,1.0,0,0.060625,0.197,0.5,0.5,-0.1288125,1.1356115341186523,0.016448136419057846,0.04298386722803116,,,1.0,normal
2971,20,scenario3_repeated_spike,SAC,50,0.0,1,0.09,0.11199999999999999,0.5,0.5,-0.10099999999999999,0.935343861579895,0.017098279669880867,0.03614945337176323,,,1.0,normal
2972,20,scenario3_repeated_spike,SAC,50,1.0,0,0.060625,0.197,0.5,0.5,-0.1288125,1.5910593271255493,0.006272526457905769,0.028804155066609383,,,1.0,normal
2973,20,scenario3_repeated_spike,SAC,50,1.9000000000000004,0,0.0611875,0.19790000000000002,0.5,0.5,-0.12954375,1.480475902557373,0.008379711769521236,0.03181177377700806,,,1.0,normal
2974,20,scenario3_repeated_spike,SAC,50,0.0,1,0.09,0.11199999999999999,0.5,0.5,-0.10099999999999999,1.2877134084701538,0.04768967628479004,0.0567508228123188,,,1.0,normal
2975,20,scenario3_repeated_spike,SAC,50,0.0,1,0.09,0.11199999999999999,0.5,0.5,-0.10099999999999999,1.5767487287521362,0.027793576940894127,0.06865347176790237,,,1.0,normal
2976,20,scenario3_repeated_spike,SAC,50,0.0,1,0.09,0.11199999999999999,0.5,0.5,-0.10099999999999999,0.9064393043518066,0.021968930959701538,0.04801596701145172,,,1.0,normal
2977,20,scenario3_repeated_spike,SAC,50,0.0,1,0.09,0.11199999999999999,0.5,0.5,-0.10099999999999999,0.9681228399276733,0.04285948723554611,0.06593305617570877,,,1.0,normal
2978,20,scenario3_repeated_spike,SAC,50,1.0,0,0.060625,0.197,0.5,0.5,-0.1288125,1.3665382862091064,0.018267549574375153,0.052867159247398376,,,1.0,normal
2979,20,scenario3_repeated_spike,SAC,50,0.0,1,0.09,0.11199999999999999,0.5,0.5,-0.10099999999999999,1.4279881715774536,0.010294199921190739,0.03267727419734001,,,1.0,normal
2980,20,scenario3_repeated_spike,SAC,50,0.0,1,0.09,0.11199999999999999,0.5,0.5,-0.10099999999999999,1.2991628646850586,0.03056679293513298,0.05712015926837921,,,1.0,normal
2981,20,scenario3_repeated_spike,SAC,50,1.0,0,0.060625,0.197,0.5,0.5,-0.1288125,1.276598572731018,0.025872204452753067,0.053835563361644745,,,1.0,normal
2982,20,scenario3_repeated_spike,SAC,50,1.9000000000000004,0,0.0611875,0.19790000000000002,0.5,0.5,-0.12954375,1.2960238456726074,0.023312171921133995,0.04557543247938156,,,1.0,normal
2983,20,scenario3_repeated_spike,SAC,50,0.0,1,0.09,0.11199999999999999,0.5,0.5,-0.10099999999999999,1.2628742456436157,0.008985772728919983,0.035337112843990326,,,1.0,normal
2984,20,scenario3_repeated_spike,SAC,50,1.0,0,0.060625,0.197,0.5,0.5,-0.1288125,1.3874763250350952,0.023562725633382797,0.04715859144926071,,,1.0,normal
2985,20,scenario3_repeated_spike,SAC,50,0.0,1,0.09,0.11199999999999999,0.5,0.5,-0.10099999999999999,1.6092000007629395,0.013772308826446533,0.040069788694381714,,,1.0,normal
2986,20,scenario3_repeated_spike,SAC,50,1.0,0,0.060625,0.197,0.5,0.5,-0.1288125,1.8127435445785522,0.016350150108337402,0.038255587220191956,,,1.0,normal
2987,20,scenario3_repeated_spike,SAC,50,1.9000000000000004,0,0.0611875,0.19790000000000002,0.5,0.5,-0.12954375,1.5548890829086304,0.01206809189170599,0.03520048409700394,,,1.0,normal
2988,20,scenario3_repeated_spike,SAC,50,2.710000000000001,0,0.061693750000000006,0.19871000000000003,0.5,0.5,-0.13020187500000002,1.5202667713165283,0.025994613766670227,0.04522908478975296,,,1.0,normal
2989,20,scenario3_repeated_spike,SAC,50,3.439,0,0.062149375,0.199439,0.5,0.5,-0.1307941875,0.8275660276412964,0.013591302558779716,0.026246970519423485,,,1.0,normal
2990,20,scenario3_repeated_spike,SAC,50,0.0,1,0.09,0.11199999999999999,0.5,0.5,-0.10099999999999999,1.0084623098373413,0.008224718272686005,0.03210584819316864,,,1.0,normal
2991,20,scenario3_repeated_spike,SAC,50,0.0,1,0.09,0.11199999999999999,0.5,0.5,-0.10099999999999999,0.5930439233779907,0.01137834694236517,0.026538092643022537,,,1.0,normal
2992,20,scenario3_repeated_spike,SAC,50,0.0,1,0.09,0.11199999999999999,0.5,0.5,-0.10099999999999999,1.1619614362716675,0.04024504870176315,0.06135397031903267,,,1.0,normal
2993,20,scenario3_repeated_spike,SAC,50,0.0,1,0.09,0.11199999999999999,0.5,0.5,-0.10099999999999999,0.8719269037246704,0.01084920670837164,0.03113032504916191,,,1.0,normal
2994,20,scenario3_repeated_spike,SAC,50,1.0,0,0.060625,0.197,0.5,0.5,-0.1288125,1.5670266151428223,0.047364261001348495,0.05491143837571144,,,1.0,normal
2995,20,scenario3_repeated_spike,SAC,50,0.0,1,0.09,0.11199999999999999,0.5,0.5,-0.10099999999999999,1.5022618770599365,0.032302699983119965,0.054588433355093,,,1.0,normal
2996,20,scenario3_repeated_spike,SAC,50,0.0,1,0.09,0.11199999999999999,0.5,0.5,-0.10099999999999999,1.2061117887496948,0.04531119018793106,0.050108104944229126,,,1.0,normal
2997,20,scenario3_repeated_spike,SAC,50,1.0,0,0.060625,0.197,0.5,0.5,-0.1288125,1.1537725925445557,0.00727149099111557,0.026211261749267578,,,1.0,normal
2998,20,scenario3_repeated_spike,SAC,50,1.9000000000000004,0,0.0611875,0.19790000000000002,0.5,0.5,-0.12954375,1.1737043857574463,0.021578963845968246,0.044625937938690186,,,1.0,normal
2999,20,scenario3_repeated_spike,SAC,50,0.0,1,0.09,0.11199999999999999,0.5,0.5,-0.10099999999999999,1.8501123189926147,0.022439686581492424,0.056114863604307175,,,1.0,normal
