timestep,seed,scenario,agent,workload_level,queue_avg,action,selected_latency_s,selected_energy_j,latency_weight,energy_weight,reward,actor_loss,critic_loss,td_error,td_lat,td_eng,replay_priority,phase
0,30,scenario3_repeated_spike,D3QN,50,4.0,1,0.09145454545454544,0.11316363636363636,0.5,0.5,-0.1023090909090909,,,,,,,normal
1,30,scenario3_repeated_spike,D3QN,50,4.6,0,0.062875,0.2006,0.5,0.5,-0.1317375,,,,,,,normal
2,30,scenario3_repeated_spike,D3QN,50,5.140000000000001,0,0.06321249999999999,0.20113999999999999,0.5,0.5,-0.13217625,,,,,,,normal
3,30,scenario3_repeated_spike,D3QN,50,5.626000000000001,0,0.06351625,0.201626,0.5,0.5,-0.132571125,,,,,,,normal
4,30,scenario3_repeated_spike,D3QN,50,0.06340000000000146,1,0.09002305454545455,0.11201844363636365,0.5,0.5,-0.1010207490909091,,,,,,,normal
5,30,scenario3_repeated_spike,D3QN,50,1.0570600000000017,0,0.0606606625,0.19705706,0.5,0.5,-0.12885886125,,,,,,,normal
6,30,scenario3_repeated_spike,D3QN,50,1.951354000000002,0,0.06121959625,0.19795135400000002,0.5,0.5,-0.12958547512500002,,,,,,,normal
7,30,scenario3_repeated_spike,D3QN,50,0.0,1,0.09,0.11199999999999999,0.5,0.5,-0.10099999999999999,,,,,,,normal
8,30,scenario3_repeated_spike,D3QN,50,0.0,1,0.09,0.11199999999999999,0.5,0.5,-0.10099999999999999,,,,,,,normal
9,30,scenario3_repeated_spike,D3QN,50,1.0,0,0.060625,0.197,0.5,0.5,-0.1288125,,,,,,,normal
10,30,scenario3_repeated_spike,D3QN,50,1.9000000000000004,0,0.0611875,0.19790000000000002,0.5,0.5,-0.12954375,,,,,,,normal
11,30,scenario3_repeated_spike,D3QN,50,0.0,1,0.09,0.11199999999999999,0.5,0.5,-0.10099999999999999,,,,,,,normal
12,30,scenario3_repeated_spike,D3QN,50,1.0,0,0.060625,0.197,0.5,0.5,-0.1288125,,,,,,,normal
13,30,scenario3_repeated_spike,D3QN,50,1.9000000000000004,0,0.0611875,0.19790000000000002,0.5,0.5,-0.12954375,,,,,,,normal
14,30,scenario3_repeated_spike,D3QN,50,0.0,1,0.09,0.11199999999999999,0.5,0.5,-0.10099999999999999,,,,,,,normal
15,30,scenario3_repeated_spike,D3QN,50,0.0,1,0.09,0.11199999999999999,0.5,0.5,-0.10099999999999999,,,,,,,normal
16,30,scenario3_repeated_spike,D3QN,50,0.0,1,0.09,0.11199999999999999,0.5,0.5,-0.10099999999999999,,,,,,,normal
17,30,scenario3_repeated_spike,D3QN,50,1.0,0,0.060625,0.197,0.5,0.5,-0.1288125,,,,,,,normal
18,30,scenario3_repeated_spike,D3QN,50,0.0,1,0.09,0.11199999999999999,0.5,0.5,-0.10099999999999999,,,,,,,normal
19,30,scenario3_repeated_spike,D3QN,50,1.0,0,0.060625,0.197,0.5,0.5,-0.1288125,,,,,,,normal
20,30,scenario3_repeated_spike,D3QN,50,0.0,1,0.09,0.11199999999999999,0.5,0.5,-0.10099999999999999,,,,,,,normal
21,30,scenario3_repeated_spike,D3QN,50,1.0,0,0.060625,0.197,0.5,0.5,-0.1288125,,,,,,,normal
22,30,scenario3_repeated_spike,D3QN,50,0.0,1,0.09,0.11199999999999999,0.5,0.5,-0.10099999999999999,,,,,,,normal
23,30,scenario3_repeated_spike,D3QN,50,0.0,1,0.09,0.11199999999999999,0.5,0.5,-0.10099999999999999,,,,,,,normal
24,30,scenario3_repeated_spike,D3QN,50,1.0,0,0.060625,0.197,0.5,0.5,-0.1288125,,,,,,,normal
25,30,scenario3_repeated_spike,D3QN,50,1.9000000000000004,0,0.0611875,0.19790000000000002,0.5,0.5,-0.12954375,,,,,,,normal
26,30,scenario3_repeated_spike,D3QN,50,0.0,1,0.09,0.11199999999999999,0.5,0.5,-0.10099999999999999,,,,,,,normal
27,30,scenario3_repeated_spike,D3QN,50,0.0,1,0.09,0.11199999999999999,0.5,0.5,-0.10099999999999999,,,,,,,normal
28,30,scenario3_repeated_spike,D3QN,50,0.0,1,0.09,0.11199999999999999,0.5,0.5,-0.10099999999999999,,,,,,,normal
29,30,scenario3_repeated_spike,D3QN,50,1.0,0,0.060625,0.197,0.5,0.5,-0.1288125,,,,,,,normal
30,30,scenario3_repeated_spike,D3QN,50,1.9000000000000004,0,0.0611875,0.19790000000000002,0.5,0.5,-0.12954375,,,,,,,normal
31,30,scenario3_repeated_spike,D3QN,50,0.0,1,0.09,0.11199999999999999,0.5,0.5,-0.10099999999999999,,,,,,,normal
32,30,scenario3_repeated_spike,D3QN,50,1.0,0,0.060625,0.197,0.5,0.5,-0.1288125,,,,,,,normal
33,30,scenario3_repeated_spike,D3QN,50,0.0,1,0.09,0.11199999999999999,0.5,0.5,-0.10099999999999999,,,,,,,normal
34,30,scenario3_repeated_spike,D3QN,50,0.0,1,0.09,0.11199999999999999,0.5,0.5,-0.10099999999999999,,,,,,,normal
35,30,scenario3_repeated_spike,D3QN,50,0.0,1,0.09,0.11199999999999999,0.5,0.5,-0.10099999999999999,,,,,,,normal
36,30,scenario3_repeated_spike,D3QN,50,0.0,1,0.09,0.11199999999999999,0.5,0.5,-0.10099999999999999,,,,,,,normal
37,30,scenario3_repeated_spike,D3QN,50,0.0,1,0.09,0.11199999999999999,0.5,0.5,-0.10099999999999999,,,,,,,normal
38,30,scenario3_repeated_spike,D3QN,50,1.0,0,0.060625,0.197,0.5,0.5,-0.1288125,,,,,,,normal
39,30,scenario3_repeated_spike,D3QN,50,0.0,1,0.09,0.11199999999999999,0.5,0.5,-0.10099999999999999,,,,,,,normal
40,30,scenario3_repeated_spike,D3QN,50,0.0,1,0.09,0.11199999999999999,0.5,0.5,-0.10099999999999999,,,,,,,normal
41,30,scenario3_repeated_spike,D3QN,50,1.0,0,0.060625,0.197,0.5,0.5,-0.1288125,,,,,,,normal
42,30,scenario3_repeated_spike,D3QN,50,0.0,1,0.09,0.11199999999999999,0.5,0.5,-0.10099999999999999,,,,,,,normal
43,30,scenario3_repeated_spike,D3QN,50,0.0,1,0.09,0.11199999999999999,0.5,0.5,-0.10099999999999999,,,,,,,normal
44,30,scenario3_repeated_spike,D3QN,50,1.0,0,0.060625,0.197,0.5,0.5,-0.1288125,,,,,,,normal
45,30,scenario3_repeated_spike,D3QN,50,1.9000000000000004,0,0.0611875,0.19790000000000002,0.5,0.5,-0.12954375,,,,,,,normal
46,30,scenario3_repeated_spike,D3QN,50,0.0,1,0.09,0.11199999999999999,0.5,0.5,-0.10099999999999999,,,,,,,normal
47,30,scenario3_repeated_spike,D3QN,50,0.0,1,0.09,0.11199999999999999,0.5,0.5,-0.10099999999999999,,,,,,,normal
48,30,scenario3_repeated_spike,D3QN,50,1.0,0,0.060625,0.197,0.5,0.5,-0.1288125,,,,,,,normal
49,30,scenario3_repeated_spike,D3QN,50,0.0,1,0.09,0.11199999999999999,0.5,0.5,-0.10099999999999999,,,,,,,normal
50,30,scenario3_repeated_spike,D3QN,50,0.0,1,0.09,0.11199999999999999,0.5,0.5,-0.10099999999999999,,,,,,,normal
51,30,scenario3_repeated_spike,D3QN,50,1.0,0,0.060625,0.197,0.5,0.5,-0.1288125,,,,,,,normal
52,30,scenario3_repeated_spike,D3QN,50,0.0,1,0.09,0.11199999999999999,0.5,0.5,-0.10099999999999999,,,,,,,normal
53,30,scenario3_repeated_spike,D3QN,50,0.0,1,0.09,0.11199999999999999,0.5,0.5,-0.10099999999999999,,,,,,,normal
54,30,scenario3_repeated_spike,D3QN,50,1.0,0,0.060625,0.197,0.5,0.5,-0.1288125,,,,,,,normal
55,30,scenario3_repeated_spike,D3QN,50,1.9000000000000004,0,0.0611875,0.19790000000000002,0.5,0.5,-0.12954375,,,,,,,normal
56,30,scenario3_repeated_spike,D3QN,50,0.0,1,0.09,0.11199999999999999,0.5,0.5,-0.10099999999999999,,,,,,,normal
57,30,scenario3_repeated_spike,D3QN,50,1.0,0,0.060625,0.197,0.5,0.5,-0.1288125,,,,,,,normal
58,30,scenario3_repeated_spike,D3QN,50,0.0,1,0.09,0.11199999999999999,0.5,0.5,-0.10099999999999999,,,,,,,normal
59,30,scenario3_repeated_spike,D3QN,50,0.0,1,0.09,0.11199999999999999,0.5,0.5,-0.10099999999999999,,,,,,,normal
60,30,scenario3_repeated_spike,D3QN,50,0.0,1,0.09,0.11199999999999999,0.5,0.5,-0.10099999999999999,,,,,,,normal
61,30,scenario3_repeated_spike,D3QN,50,0.0,1,0.09,0.11199999999999999,0.5,0.5,-0.10099999999999999,,,,,,,normal
62,30,scenario3_repeated_spike,D3QN,50,1.0,0,0.060625,0.197,0.5,0.5,-0.1288125,,,,,,,normal
63,30,scenario3_repeated_spike,D3QN,50,0.0,1,0.09,0.11199999999999999,0.5,0.5,-0.10099999999999999,,0.012439602985978127,0.10012082755565643,,,1.0,normal
64,30,scenario3_repeated_spike,D3QN,50,0.0,1,0.09,0.11199999999999999,0.5,0.5,-0.10099999999999999,,0.011488043703138828,0.09544940292835236,,,1.0,normal
65,30,scenario3_repeated_spike,D3QN,50,1.0,0,0.060625,0.197,0.5,0.5,-0.1288125,,0.01070162933319807,0.09145694971084595,,,1.0,normal
66,30,scenario3_repeated_spike,D3QN,50,1.9000000000000004,0,0.0611875,0.19790000000000002,0.5,0.5,-0.12954375,,0.01015325915068388,0.08905541151762009,,,1.0,normal
67,30,scenario3_repeated_spike,D3QN,50,2.710000000000001,0,0.061693750000000006,0.19871000000000003,0.5,0.5,-0.13020187500000002,,0.009383318945765495,0.08555557578802109,,,1.0,normal
68,30,scenario3_repeated_spike,D3QN,50,3.439,0,0.062149375,0.199439,0.5,0.5,-0.1307941875,,0.00840571615844965,0.08056169748306274,,,1.0,normal
69,30,scenario3_repeated_spike,D3QN,50,4.0951,0,0.06255943750000001,0.20009510000000003,0.5,0.5,-0.13132726875,,0.00763060012832284,0.07644642889499664,,,1.0,normal
70,30,scenario3_repeated_spike,D3QN,50,4.685590000000001,0,0.06292849375000001,0.20068559000000002,0.5,0.5,-0.13180704187500003,,0.007742451503872871,0.07863320410251617,,,1.0,normal
71,30,scenario3_repeated_spike,D3QN,50,0.0,1,0.09,0.11199999999999999,0.5,0.5,-0.10099999999999999,,0.006282798945903778,0.06949147582054138,,,1.0,normal
72,30,scenario3_repeated_spike,D3QN,50,1.0,0,0.060625,0.197,0.5,0.5,-0.1288125,,0.006118146236985922,0.06836789846420288,,,1.0,normal
73,30,scenario3_repeated_spike,D3QN,50,1.9000000000000004,0,0.0611875,0.19790000000000002,0.5,0.5,-0.12954375,,0.0078623341396451,0.08415836095809937,,,1.0,normal
74,30,scenario3_repeated_spike,D3QN,50,2.710000000000001,0,0.061693750000000006,0.19871000000000003,0.5,0.5,-0.13020187500000002,,0.006899018306285143,0.07812894135713577,,,1.0,normal
75,30,scenario3_repeated_spike,D3QN,50,0.0,1,0.09,0.11199999999999999,0.5,0.5,-0.10099999999999999,,0.0061097820289433,0.07263220846652985,,,1.0,normal
76,30,scenario3_repeated_spike,D3QN,50,1.0,0,0.060625,0.197,0.5,0.5,-0.1288125,,0.0062011429108679295,0.07427936792373657,,,1.0,normal
77,30,scenario3_repeated_spike,D3QN,50,0.0,1,0.09,0.11199999999999999,0.5,0.5,-0.10099999999999999,,0.005620335694402456,0.06950396299362183,,,1.0,normal
78,30,scenario3_repeated_spike,D3QN,50,0.0,1,0.09,0.11199999999999999,0.5,0.5,-0.10099999999999999,,0.005202102940529585,0.06748242676258087,,,1.0,normal
79,30,scenario3_repeated_spike,D3QN,50,0.0,1,0.09,0.11199999999999999,0.5,0.5,-0.10099999999999999,,0.004997700452804565,0.06550974398851395,,,1.0,normal
80,30,scenario3_repeated_spike,D3QN,50,1.0,0,0.060625,0.197,0.5,0.5,-0.1288125,,0.004286038689315319,0.06012866273522377,,,1.0,normal
81,30,scenario3_repeated_spike,D3QN,50,0.0,1,0.09,0.11199999999999999,0.5,0.5,-0.10099999999999999,,0.0040344176813960075,0.058303236961364746,,,1.0,normal
82,30,scenario3_repeated_spike,D3QN,50,0.0,1,0.09,0.11199999999999999,0.5,0.5,-0.10099999999999999,,0.003829444060102105,0.05709606409072876,,,1.0,normal
83,30,scenario3_repeated_spike,D3QN,50,0.0,1,0.09,0.11199999999999999,0.5,0.5,-0.10099999999999999,,0.0038658655248582363,0.05850755795836449,,,1.0,normal
84,30,scenario3_repeated_spike,D3QN,50,0.0,1,0.09,0.11199999999999999,0.5,0.5,-0.10099999999999999,,0.0033139337319880724,0.05257176235318184,,,1.0,normal
85,30,scenario3_repeated_spike,D3QN,50,1.0,0,0.060625,0.197,0.5,0.5,-0.1288125,,0.003045199904590845,0.050223857164382935,,,1.0,normal
86,30,scenario3_repeated_spike,D3QN,50,1.9000000000000004,0,0.0611875,0.19790000000000002,0.5,0.5,-0.12954375,,0.0029462971724569798,0.0497463122010231,,,1.0,normal
87,30,scenario3_repeated_spike,D3QN,50,0.0,1,0.09,0.11199999999999999,0.5,0.5,-0.10099999999999999,,0.002384782303124666,0.044112320989370346,,,1.0,normal
88,30,scenario3_repeated_spike,D3QN,50,0.0,1,0.09,0.11199999999999999,0.5,0.5,-0.10099999999999999,,0.00260897446423769,0.04746823385357857,,,1.0,normal
89,30,scenario3_repeated_spike,D3QN,50,0.0,1,0.09,0.11199999999999999,0.5,0.5,-0.10099999999999999,,0.0021588648669421673,0.04237145557999611,,,1.0,normal
90,30,scenario3_repeated_spike,D3QN,50,0.0,1,0.09,0.11199999999999999,0.5,0.5,-0.10099999999999999,,0.0019493668805807829,0.03958287462592125,,,1.0,normal
91,30,scenario3_repeated_spike,D3QN,50,1.0,0,0.060625,0.197,0.5,0.5,-0.1288125,,0.0019078673794865608,0.039808571338653564,,,1.0,normal
92,30,scenario3_repeated_spike,D3QN,50,0.0,1,0.09,0.11199999999999999,0.5,0.5,-0.10099999999999999,,0.0016321189468726516,0.03709673136472702,,,1.0,normal
93,30,scenario3_repeated_spike,D3QN,50,0.0,1,0.09,0.11199999999999999,0.5,0.5,-0.10099999999999999,,0.0013614780036732554,0.032916780561208725,,,1.0,normal
94,30,scenario3_repeated_spike,D3QN,50,0.0,1,0.09,0.11199999999999999,0.5,0.5,-0.10099999999999999,,0.0013066645478829741,0.03291269391775131,,,1.0,normal
95,30,scenario3_repeated_spike,D3QN,50,0.0,1,0.09,0.11199999999999999,0.5,0.5,-0.10099999999999999,,0.0011196911800652742,0.03042323887348175,,,1.0,normal
96,30,scenario3_repeated_spike,D3QN,50,1.0,0,0.060625,0.197,0.5,0.5,-0.1288125,,0.001071666949428618,0.03002595715224743,,,1.0,normal
97,30,scenario3_repeated_spike,D3QN,50,1.9000000000000004,0,0.0611875,0.19790000000000002,0.5,0.5,-0.12954375,,0.0010519350180402398,0.03014807589352131,,,1.0,normal
98,30,scenario3_repeated_spike,D3QN,50,2.710000000000001,0,0.061693750000000006,0.19871000000000003,0.5,0.5,-0.13020187500000002,,0.0009369690669700503,0.02822031080722809,,,1.0,normal
99,30,scenario3_repeated_spike,D3QN,50,3.439,0,0.062149375,0.199439,0.5,0.5,-0.1307941875,,0.000828312651719898,0.026148207485675812,,,1.0,normal
100,30,scenario3_repeated_spike,D3QN,50,4.0951,0,0.06255943750000001,0.20009510000000003,0.5,0.5,-0.13132726875,,0.009309174492955208,0.09333643317222595,,,1.0,normal
101,30,scenario3_repeated_spike,D3QN,50,4.685590000000001,0,0.06292849375000001,0.20068559000000002,0.5,0.5,-0.13180704187500003,,0.009057780727744102,0.09187071770429611,,,1.0,normal
102,30,scenario3_repeated_spike,D3QN,50,0.0,1,0.09,0.11199999999999999,0.5,0.5,-0.10099999999999999,,0.008195718750357628,0.08724643290042877,,,1.0,normal
103,30,scenario3_repeated_spike,D3QN,50,0.0,1,0.09,0.11199999999999999,0.5,0.5,-0.10099999999999999,,0.0075443824753165245,0.0818907618522644,,,1.0,normal
104,30,scenario3_repeated_spike,D3QN,50,0.0,1,0.09,0.11199999999999999,0.5,0.5,-0.10099999999999999,,0.007420860230922699,0.0810871571302414,,,1.0,normal
105,30,scenario3_repeated_spike,D3QN,50,1.0,0,0.060625,0.197,0.5,0.5,-0.1288125,,0.006930898409336805,0.07826253026723862,,,1.0,normal
106,30,scenario3_repeated_spike,D3QN,50,0.0,1,0.09,0.11199999999999999,0.5,0.5,-0.10099999999999999,,0.0065302979201078415,0.07541695237159729,,,1.0,normal
107,30,scenario3_repeated_spike,D3QN,50,0.0,1,0.09,0.11199999999999999,0.5,0.5,-0.10099999999999999,,0.005712146870791912,0.07061047106981277,,,1.0,normal
108,30,scenario3_repeated_spike,D3QN,50,0.0,1,0.09,0.11199999999999999,0.5,0.5,-0.10099999999999999,,0.004975454416126013,0.06535974889993668,,,1.0,normal
109,30,scenario3_repeated_spike,D3QN,50,0.0,1,0.09,0.11199999999999999,0.5,0.5,-0.10099999999999999,,0.004856026731431484,0.06425170600414276,,,1.0,normal
110,30,scenario3_repeated_spike,D3QN,50,0.0,1,0.09,0.11199999999999999,0.5,0.5,-0.10099999999999999,,0.0046561844646930695,0.06361263990402222,,,1.0,normal
111,30,scenario3_repeated_spike,D3QN,50,0.0,1,0.09,0.11199999999999999,0.5,0.5,-0.10099999999999999,,0.004029544536024332,0.057854510843753815,,,1.0,normal
112,30,scenario3_repeated_spike,D3QN,50,0.0,1,0.09,0.11199999999999999,0.5,0.5,-0.10099999999999999,,0.003926079720258713,0.05692556872963905,,,1.0,normal
113,30,scenario3_repeated_spike,D3QN,50,0.0,1,0.09,0.11199999999999999,0.5,0.5,-0.10099999999999999,,0.003637692891061306,0.054114703088998795,,,1.0,normal
114,30,scenario3_repeated_spike,D3QN,50,1.0,0,0.060625,0.197,0.5,0.5,-0.1288125,,0.0032329708337783813,0.051002707332372665,,,1.0,normal
115,30,scenario3_repeated_spike,D3QN,50,0.0,1,0.09,0.11199999999999999,0.5,0.5,-0.10099999999999999,,0.0030158362351357937,0.05107791721820831,,,1.0,normal
116,30,scenario3_repeated_spike,D3QN,50,1.0,0,0.060625,0.197,0.5,0.5,-0.1288125,,0.003117308486253023,0.051043376326560974,,,1.0,normal
117,30,scenario3_repeated_spike,D3QN,50,1.9000000000000004,0,0.0611875,0.19790000000000002,0.5,0.5,-0.12954375,,0.0026153230573982,0.04665987938642502,,,1.0,normal
118,30,scenario3_repeated_spike,D3QN,50,2.710000000000001,0,0.061693750000000006,0.19871000000000003,0.5,0.5,-0.13020187500000002,,0.002303599612787366,0.04336980730295181,,,1.0,normal
119,30,scenario3_repeated_spike,D3QN,50,3.439,0,0.062149375,0.199439,0.5,0.5,-0.1307941875,,0.002195252338424325,0.041777972131967545,,,1.0,normal
120,30,scenario3_repeated_spike,D3QN,50,0.0,1,0.09,0.11199999999999999,0.5,0.5,-0.10099999999999999,,0.0018679987406358123,0.03849365562200546,,,1.0,normal
121,30,scenario3_repeated_spike,D3QN,50,1.0,0,0.060625,0.197,0.5,0.5,-0.1288125,,0.0015576448058709502,0.03466522693634033,,,1.0,normal
122,30,scenario3_repeated_spike,D3QN,50,0.0,1,0.09,0.11199999999999999,0.5,0.5,-0.10099999999999999,,0.0014126909663900733,0.03271181136369705,,,1.0,normal
123,30,scenario3_repeated_spike,D3QN,50,0.0,1,0.09,0.11199999999999999,0.5,0.5,-0.10099999999999999,,0.0013984969118610024,0.03246193379163742,,,1.0,normal
124,30,scenario3_repeated_spike,D3QN,50,0.0,1,0.09,0.11199999999999999,0.5,0.5,-0.10099999999999999,,0.001164054498076439,0.029355831444263458,,,1.0,normal
125,30,scenario3_repeated_spike,D3QN,50,1.0,0,0.060625,0.197,0.5,0.5,-0.1288125,,0.0009390102350153029,0.025453481823205948,,,1.0,normal
126,30,scenario3_repeated_spike,D3QN,50,1.9000000000000004,0,0.0611875,0.19790000000000002,0.5,0.5,-0.12954375,,0.0009476221166551113,0.02639906480908394,,,1.0,normal
127,30,scenario3_repeated_spike,D3QN,50,0.0,1,0.09,0.11199999999999999,0.5,0.5,-0.10099999999999999,,0.0006148580578155816,0.020084301009774208,,,1.0,normal
128,30,scenario3_repeated_spike,D3QN,50,0.0,1,0.09,0.11199999999999999,0.5,0.5,-0.10099999999999999,,0.0008016999927349389,0.023315098136663437,,,1.0,normal
129,30,scenario3_repeated_spike,D3QN,50,1.0,0,0.060625,0.197,0.5,0.5,-0.1288125,,0.0006663111271336675,0.02120213769376278,,,1.0,normal
130,30,scenario3_repeated_spike,D3QN,50,0.0,1,0.09,0.11199999999999999,0.5,0.5,-0.10099999999999999,,0.0005080908304080367,0.018556438386440277,,,1.0,normal
131,30,scenario3_repeated_spike,D3QN,50,1.0,0,0.060625,0.197,0.5,0.5,-0.1288125,,0.0005071802297607064,0.01835787668824196,,,1.0,normal
132,30,scenario3_repeated_spike,D3QN,50,0.0,1,0.09,0.11199999999999999,0.5,0.5,-0.10099999999999999,,0.0003366683376953006,0.015193702653050423,,,1.0,normal
133,30,scenario3_repeated_spike,D3QN,50,1.0,0,0.060625,0.197,0.5,0.5,-0.1288125,,0.0003607831313274801,0.015949690714478493,,,1.0,normal
134,30,scenario3_repeated_spike,D3QN,50,0.0,1,0.09,0.11199999999999999,0.5,0.5,-0.10099999999999999,,0.000305301568005234,0.014134466648101807,,,1.0,normal
135,30,scenario3_repeated_spike,D3QN,50,0.0,1,0.09,0.11199999999999999,0.5,0.5,-0.10099999999999999,,0.00028642360121011734,0.014671231620013714,,,1.0,normal
136,30,scenario3_repeated_spike,D3QN,50,0.0,1,0.09,0.11199999999999999,0.5,0.5,-0.10099999999999999,,0.00021126496721990407,0.0119579266756773,,,1.0,normal
137,30,scenario3_repeated_spike,D3QN,50,0.0,1,0.09,0.11199999999999999,0.5,0.5,-0.10099999999999999,,0.00020215328549966216,0.012040546163916588,,,1.0,normal
138,30,scenario3_repeated_spike,D3QN,50,1.0,0,0.060625,0.197,0.5,0.5,-0.1288125,,0.0001733748213155195,0.010518108494579792,,,1.0,normal
139,30,scenario3_repeated_spike,D3QN,50,0.0,1,0.09,0.11199999999999999,0.5,0.5,-0.10099999999999999,,0.0001268877531401813,0.009730882942676544,,,1.0,normal
140,30,scenario3_repeated_spike,D3QN,50,1.0,0,0.060625,0.197,0.5,0.5,-0.1288125,,0.00013725439202971756,0.01049991138279438,,,1.0,normal
141,30,scenario3_repeated_spike,D3QN,50,1.9000000000000004,0,0.0611875,0.19790000000000002,0.5,0.5,-0.12954375,,0.00011104039003839716,0.009162722155451775,,,1.0,normal
142,30,scenario3_repeated_spike,D3QN,50,2.710000000000001,0,0.061693750000000006,0.19871000000000003,0.5,0.5,-0.13020187500000002,,0.00011555319360923022,0.009565798565745354,,,1.0,normal
143,30,scenario3_repeated_spike,D3QN,50,0.0,1,0.09,0.11199999999999999,0.5,0.5,-0.10099999999999999,,9.394162043463439e-05,0.008606312796473503,,,1.0,normal
144,30,scenario3_repeated_spike,D3QN,50,1.0,0,0.060625,0.197,0.5,0.5,-0.1288125,,8.952119969762862e-05,0.008570009842514992,,,1.0,normal
145,30,scenario3_repeated_spike,D3QN,50,0.0,1,0.09,0.11199999999999999,0.5,0.5,-0.10099999999999999,,7.927688420750201e-05,0.00776964146643877,,,1.0,normal
146,30,scenario3_repeated_spike,D3QN,50,0.0,1,0.09,0.11199999999999999,0.5,0.5,-0.10099999999999999,,5.1574486860772595e-05,0.006497344933450222,,,1.0,normal
147,30,scenario3_repeated_spike,D3QN,50,0.0,1,0.09,0.11199999999999999,0.5,0.5,-0.10099999999999999,,6.486870552180335e-05,0.007273766212165356,,,1.0,normal
148,30,scenario3_repeated_spike,D3QN,50,1.0,0,0.060625,0.197,0.5,0.5,-0.1288125,,5.4143998568179086e-05,0.0059789447113871574,,,1.0,normal
149,30,scenario3_repeated_spike,D3QN,50,0.0,1,0.09,0.11199999999999999,0.5,0.5,-0.10099999999999999,,5.558076372835785e-05,0.0061448607593774796,,,1.0,normal
150,30,scenario3_repeated_spike,D3QN,50,1.0,0,0.060625,0.197,0.5,0.5,-0.1288125,,3.138653846690431e-05,0.004626293666660786,,,1.0,normal
151,30,scenario3_repeated_spike,D3QN,50,0.0,1,0.09,0.11199999999999999,0.5,0.5,-0.10099999999999999,,3.8872251025168225e-05,0.004341809079051018,,,1.0,normal
152,30,scenario3_repeated_spike,D3QN,50,0.0,1,0.09,0.11199999999999999,0.5,0.5,-0.10099999999999999,,3.513613773975521e-05,0.004494959954172373,,,1.0,normal
153,30,scenario3_repeated_spike,D3QN,50,1.0,0,0.060625,0.197,0.5,0.5,-0.1288125,,2.9218865165603347e-05,0.003998882137238979,,,1.0,normal
154,30,scenario3_repeated_spike,D3QN,50,1.9000000000000004,0,0.0611875,0.19790000000000002,0.5,0.5,-0.12954375,,4.174523564870469e-05,0.0042495122179389,,,1.0,normal
155,30,scenario3_repeated_spike,D3QN,50,0.0,1,0.09,0.11199999999999999,0.5,0.5,-0.10099999999999999,,2.1133047994226217e-05,0.0036226389929652214,,,1.0,normal
156,30,scenario3_repeated_spike,D3QN,50,0.0,1,0.09,0.11199999999999999,0.5,0.5,-0.10099999999999999,,2.3061500542098656e-05,0.003738509025424719,,,1.0,normal
157,30,scenario3_repeated_spike,D3QN,50,0.0,1,0.09,0.11199999999999999,0.5,0.5,-0.10099999999999999,,2.1059329810668714e-05,0.003570789471268654,,,1.0,normal
158,30,scenario3_repeated_spike,D3QN,50,0.0,1,0.09,0.11199999999999999,0.5,0.5,-0.10099999999999999,,2.1772535546915606e-05,0.0035526941064745188,,,1.0,normal
159,30,scenario3_repeated_spike,D3QN,50,0.0,1,0.09,0.11199999999999999,0.5,0.5,-0.10099999999999999,,1.8358743545832112e-05,0.0031400430016219616,,,1.0,normal
160,30,scenario3_repeated_spike,D3QN,50,1.0,0,0.060625,0.197,0.5,0.5,-0.1288125,,2.5266244847443886e-05,0.003158729989081621,,,1.0,normal
161,30,scenario3_repeated_spike,D3QN,50,0.0,1,0.09,0.11199999999999999,0.5,0.5,-0.10099999999999999,,3.373995059519075e-05,0.0039189658127725124,,,1.0,normal
162,30,scenario3_repeated_spike,D3QN,50,1.0,0,0.060625,0.197,0.5,0.5,-0.1288125,,1.5016638826637063e-05,0.0027132437098771334,,,1.0,normal
163,30,scenario3_repeated_spike,D3QN,50,0.0,1,0.09,0.11199999999999999,0.5,0.5,-0.10099999999999999,,1.7418122297385707e-05,0.0027463368605822325,,,1.0,normal
164,30,scenario3_repeated_spike,D3QN,50,0.0,1,0.09,0.11199999999999999,0.5,0.5,-0.10099999999999999,,1.6101183064165525e-05,0.0026667986530810595,,,1.0,normal
165,30,scenario3_repeated_spike,D3QN,50,0.0,1,0.09,0.11199999999999999,0.5,0.5,-0.10099999999999999,,1.8267823179485276e-05,0.0027778325602412224,,,1.0,normal
166,30,scenario3_repeated_spike,D3QN,50,1.0,0,0.060625,0.197,0.5,0.5,-0.1288125,,1.575483474880457e-05,0.0025117695331573486,,,1.0,normal
167,30,scenario3_repeated_spike,D3QN,50,0.0,1,0.09,0.11199999999999999,0.5,0.5,-0.10099999999999999,,1.85035023605451e-05,0.00274656736291945,,,1.0,normal
168,30,scenario3_repeated_spike,D3QN,50,0.0,1,0.09,0.11199999999999999,0.5,0.5,-0.10099999999999999,,1.0416113582323305e-05,0.0018960367888212204,,,1.0,normal
169,30,scenario3_repeated_spike,D3QN,50,0.0,1,0.09,0.11199999999999999,0.5,0.5,-0.10099999999999999,,6.758466952305753e-06,0.0014412696473300457,,,1.0,normal
170,30,scenario3_repeated_spike,D3QN,50,0.0,1,0.09,0.11199999999999999,0.5,0.5,-0.10099999999999999,,1.0250357263430487e-05,0.001947612501680851,,,1.0,normal
171,30,scenario3_repeated_spike,D3QN,50,0.0,1,0.09,0.11199999999999999,0.5,0.5,-0.10099999999999999,,6.399192443495849e-06,0.001479871803894639,,,1.0,normal
172,30,scenario3_repeated_spike,D3QN,50,0.0,1,0.09,0.11199999999999999,0.5,0.5,-0.10099999999999999,,1.0893532817135565e-05,0.0020919949747622013,,,1.0,normal
173,30,scenario3_repeated_spike,D3QN,50,1.0,0,0.060625,0.197,0.5,0.5,-0.1288125,,8.20671903056791e-06,0.001738423714414239,,,1.0,normal
174,30,scenario3_repeated_spike,D3QN,50,1.9000000000000004,0,0.0611875,0.19790000000000002,0.5,0.5,-0.12954375,,7.186843504314311e-06,0.001609151717275381,,,1.0,normal
175,30,scenario3_repeated_spike,D3QN,50,0.0,1,0.09,0.11199999999999999,0.5,0.5,-0.10099999999999999,,6.722661055391654e-06,0.0015484855975955725,,,1.0,normal
176,30,scenario3_repeated_spike,D3QN,50,0.0,1,0.09,0.11199999999999999,0.5,0.5,-0.10099999999999999,,7.191145869001048e-06,0.0015199922490864992,,,1.0,normal
177,30,scenario3_repeated_spike,D3QN,50,1.0,0,0.060625,0.197,0.5,0.5,-0.1288125,,5.136701020092005e-06,0.0012886133044958115,,,1.0,normal
178,30,scenario3_repeated_spike,D3QN,50,1.9000000000000004,0,0.0611875,0.19790000000000002,0.5,0.5,-0.12954375,,6.0756456150556915e-06,0.0014628730714321136,,,1.0,normal
179,30,scenario3_repeated_spike,D3QN,50,0.0,1,0.09,0.11199999999999999,0.5,0.5,-0.10099999999999999,,4.40059875472798e-06,0.0012799769174307585,,,1.0,normal
180,30,scenario3_repeated_spike,D3QN,50,1.0,0,0.060625,0.197,0.5,0.5,-0.1288125,,5.120186870044563e-06,0.0014351962599903345,,,1.0,normal
181,30,scenario3_repeated_spike,D3QN,50,0.0,1,0.09,0.11199999999999999,0.5,0.5,-0.10099999999999999,,4.1789189708651975e-06,0.0013787057250738144,,,1.0,normal
182,30,scenario3_repeated_spike,D3QN,50,1.0,0,0.060625,0.197,0.5,0.5,-0.1288125,,3.076711209359928e-06,0.0012381048873066902,,,1.0,normal
183,30,scenario3_repeated_spike,D3QN,50,1.9000000000000004,0,0.0611875,0.19790000000000002,0.5,0.5,-0.12954375,,3.3237054140045075e-06,0.0013040138874202967,,,1.0,normal
184,30,scenario3_repeated_spike,D3QN,50,0.0,1,0.09,0.11199999999999999,0.5,0.5,-0.10099999999999999,,3.275766857768758e-06,0.0013464021030813456,,,1.0,normal
185,30,scenario3_repeated_spike,D3QN,50,0.0,1,0.09,0.11199999999999999,0.5,0.5,-0.10099999999999999,,4.320073912822409e-06,0.0015012293588370085,,,1.0,normal
186,30,scenario3_repeated_spike,D3QN,50,0.0,1,0.09,0.11199999999999999,0.5,0.5,-0.10099999999999999,,2.450691908961744e-06,0.0011904905550181866,,,1.0,normal
187,30,scenario3_repeated_spike,D3QN,50,1.0,0,0.060625,0.197,0.5,0.5,-0.1288125,,3.2628006465529324e-06,0.0013529884163290262,,,1.0,normal
188,30,scenario3_repeated_spike,D3QN,50,0.0,1,0.09,0.11199999999999999,0.5,0.5,-0.10099999999999999,,2.66337292487151e-06,0.0012996532022953033,,,1.0,normal
189,30,scenario3_repeated_spike,D3QN,50,0.0,1,0.09,0.11199999999999999,0.5,0.5,-0.10099999999999999,,3.7632271414622664e-06,0.001363447867333889,,,1.0,normal
190,30,scenario3_repeated_spike,D3QN,50,1.0,0,0.060625,0.197,0.5,0.5,-0.1288125,,2.49975732913299e-06,0.001302090473473072,,,1.0,normal
191,30,scenario3_repeated_spike,D3QN,50,0.0,1,0.09,0.11199999999999999,0.5,0.5,-0.10099999999999999,,3.168361445204937e-06,0.0013101277872920036,,,1.0,normal
192,30,scenario3_repeated_spike,D3QN,50,1.0,0,0.060625,0.197,0.5,0.5,-0.1288125,,3.6979040487494785e-06,0.0014156808611005545,,,1.0,normal
193,30,scenario3_repeated_spike,D3QN,50,0.0,1,0.09,0.11199999999999999,0.5,0.5,-0.10099999999999999,,3.6951651054550894e-06,0.0013027121312916279,,,1.0,normal
194,30,scenario3_repeated_spike,D3QN,50,0.0,1,0.09,0.11199999999999999,0.5,0.5,-0.10099999999999999,,3.3482033359177876e-06,0.0013095666654407978,,,1.0,normal
195,30,scenario3_repeated_spike,D3QN,50,0.0,1,0.09,0.11199999999999999,0.5,0.5,-0.10099999999999999,,2.086396079903352e-06,0.0011403795797377825,,,1.0,normal
196,30,scenario3_repeated_spike,D3QN,50,1.0,0,0.060625,0.197,0.5,0.5,-0.1288125,,2.0628740458050743e-06,0.0010682442225515842,,,1.0,normal
197,30,scenario3_repeated_spike,D3QN,50,1.9000000000000004,0,0.0611875,0.19790000000000002,0.5,0.5,-0.12954375,,3.211962621207931e-06,0.0013138346839696169,,,1.0,normal
198,30,scenario3_repeated_spike,D3QN,50,2.710000000000001,0,0.061693750000000006,0.19871000000000003,0.5,0.5,-0.13020187500000002,,1.1877666565851541e-06,0.0009251541923731565,,,1.0,normal
199,30,scenario3_repeated_spike,D3QN,50,3.439,0,0.062149375,0.199439,0.5,0.5,-0.1307941875,,3.2095856568048475e-06,0.0011592439841479063,,,1.0,normal
200,30,scenario3_repeated_spike,D3QN,50,0.0,1,0.09,0.11199999999999999,0.5,0.5,-0.10099999999999999,,0.007558113429695368,0.08501390367746353,,,1.0,normal
201,30,scenario3_repeated_spike,D3QN,50,0.0,1,0.09,0.11199999999999999,0.5,0.5,-0.10099999999999999,,0.0075085037387907505,0.08505033701658249,,,1.0,normal
202,30,scenario3_repeated_spike,D3QN,50,1.0,0,0.060625,0.197,0.5,0.5,-0.1288125,,0.006764046382158995,0.07987826317548752,,,1.0,normal
203,30,scenario3_repeated_spike,D3QN,50,0.0,1,0.09,0.11199999999999999,0.5,0.5,-0.10099999999999999,,0.005852647125720978,0.07449578493833542,,,1.0,normal
204,30,scenario3_repeated_spike,D3QN,50,1.0,0,0.060625,0.197,0.5,0.5,-0.1288125,,0.004994966089725494,0.0687083899974823,,,1.0,normal
205,30,scenario3_repeated_spike,D3QN,50,1.9000000000000004,0,0.0611875,0.19790000000000002,0.5,0.5,-0.12954375,,0.004148553591221571,0.06019510328769684,,,1.0,normal
206,30,scenario3_repeated_spike,D3QN,50,0.0,1,0.09,0.11199999999999999,0.5,0.5,-0.10099999999999999,,0.0037486834917217493,0.057070329785346985,,,1.0,normal
207,30,scenario3_repeated_spike,D3QN,50,1.0,0,0.060625,0.197,0.5,0.5,-0.1288125,,0.003775996621698141,0.0559096522629261,,,1.0,normal
208,30,scenario3_repeated_spike,D3QN,50,1.9000000000000004,0,0.0611875,0.19790000000000002,0.5,0.5,-0.12954375,,0.0026024729013442993,0.046357057988643646,,,1.0,normal
209,30,scenario3_repeated_spike,D3QN,50,0.0,1,0.09,0.11199999999999999,0.5,0.5,-0.10099999999999999,,0.002135718008503318,0.04086656495928764,,,1.0,normal
210,30,scenario3_repeated_spike,D3QN,50,0.0,1,0.09,0.11199999999999999,0.5,0.5,-0.10099999999999999,,0.0031637120991945267,0.04464159905910492,,,1.0,normal
211,30,scenario3_repeated_spike,D3QN,50,1.0,0,0.060625,0.197,0.5,0.5,-0.1288125,,0.0029476680792868137,0.0436047688126564,,,1.0,normal
212,30,scenario3_repeated_spike,D3QN,50,0.0,1,0.09,0.11199999999999999,0.5,0.5,-0.10099999999999999,,0.001364045892842114,0.032706454396247864,,,1.0,normal
213,30,scenario3_repeated_spike,D3QN,50,0.0,1,0.09,0.11199999999999999,0.5,0.5,-0.10099999999999999,,0.00271264323964715,0.038061801344156265,,,1.0,normal
214,30,scenario3_repeated_spike,D3QN,50,0.0,1,0.09,0.11199999999999999,0.5,0.5,-0.10099999999999999,,0.001084399875253439,0.027752239257097244,,,1.0,normal
215,30,scenario3_repeated_spike,D3QN,50,0.0,1,0.09,0.11199999999999999,0.5,0.5,-0.10099999999999999,,0.0014819017378613353,0.030317941680550575,,,1.0,normal
216,30,scenario3_repeated_spike,D3QN,50,0.0,1,0.09,0.11199999999999999,0.5,0.5,-0.10099999999999999,,0.0017657356802374125,0.03042413666844368,,,1.0,normal
217,30,scenario3_repeated_spike,D3QN,50,1.0,0,0.060625,0.197,0.5,0.5,-0.1288125,,0.0008437535143457353,0.02452510967850685,,,1.0,normal
218,30,scenario3_repeated_spike,D3QN,50,1.9000000000000004,0,0.0611875,0.19790000000000002,0.5,0.5,-0.12954375,,0.0007712918450124562,0.024115417152643204,,,1.0,normal
219,30,scenario3_repeated_spike,D3QN,50,0.0,1,0.09,0.11199999999999999,0.5,0.5,-0.10099999999999999,,0.0005598369752988219,0.020234227180480957,,,1.0,normal
220,30,scenario3_repeated_spike,D3QN,50,1.0,0,0.060625,0.197,0.5,0.5,-0.1288125,,0.00046978186583146453,0.019101131707429886,,,1.0,normal
221,30,scenario3_repeated_spike,D3QN,50,0.0,1,0.09,0.11199999999999999,0.5,0.5,-0.10099999999999999,,0.0002718492760322988,0.013979421928524971,,,1.0,normal
222,30,scenario3_repeated_spike,D3QN,50,1.0,0,0.060625,0.197,0.5,0.5,-0.1288125,,0.0002595192927401513,0.01372383814305067,,,1.0,normal
223,30,scenario3_repeated_spike,D3QN,50,0.0,1,0.09,0.11199999999999999,0.5,0.5,-0.10099999999999999,,0.00020707296789623797,0.012471042573451996,,,1.0,normal
224,30,scenario3_repeated_spike,D3QN,50,0.0,1,0.09,0.11199999999999999,0.5,0.5,-0.10099999999999999,,0.00015880355203989893,0.010639103129506111,,,1.0,normal
225,30,scenario3_repeated_spike,D3QN,50,0.0,1,0.09,0.11199999999999999,0.5,0.5,-0.10099999999999999,,0.00011325410741847008,0.00862784031778574,,,1.0,normal
226,30,scenario3_repeated_spike,D3QN,50,0.0,1,0.09,0.11199999999999999,0.5,0.5,-0.10099999999999999,,6.703159306198359e-05,0.006343947723507881,,,1.0,normal
227,30,scenario3_repeated_spike,D3QN,50,1.0,0,0.060625,0.197,0.5,0.5,-0.1288125,,0.00017182067676912993,0.007729985751211643,,,1.0,normal
228,30,scenario3_repeated_spike,D3QN,50,1.9000000000000004,0,0.0611875,0.19790000000000002,0.5,0.5,-0.12954375,,5.093149229651317e-05,0.005638837814331055,,,1.0,normal
229,30,scenario3_repeated_spike,D3QN,50,0.0,1,0.09,0.11199999999999999,0.5,0.5,-0.10099999999999999,,0.00019103620434179902,0.007472836412489414,,,1.0,normal
230,30,scenario3_repeated_spike,D3QN,50,1.0,0,0.060625,0.197,0.5,0.5,-0.1288125,,2.958309414680116e-05,0.004217960871756077,,,1.0,normal
231,30,scenario3_repeated_spike,D3QN,50,0.0,1,0.09,0.11199999999999999,0.5,0.5,-0.10099999999999999,,0.0001767548092175275,0.006403764709830284,,,1.0,normal
232,30,scenario3_repeated_spike,D3QN,50,1.0,0,0.060625,0.197,0.5,0.5,-0.1288125,,6.168997788336128e-05,0.004545592237263918,,,1.0,normal
233,30,scenario3_repeated_spike,D3QN,50,0.0,1,0.09,0.11199999999999999,0.5,0.5,-0.10099999999999999,,9.220864740200341e-05,0.004889613017439842,,,1.0,normal
234,30,scenario3_repeated_spike,D3QN,50,0.0,1,0.09,0.11199999999999999,0.5,0.5,-0.10099999999999999,,3.805630694841966e-05,0.004368863068521023,,,1.0,normal
235,30,scenario3_repeated_spike,D3QN,50,1.0,0,0.060625,0.197,0.5,0.5,-0.1288125,,4.711824294645339e-05,0.0043548536486923695,,,1.0,normal
236,30,scenario3_repeated_spike,D3QN,50,0.0,1,0.09,0.11199999999999999,0.5,0.5,-0.10099999999999999,,6.30259673926048e-05,0.005130812060087919,,,1.0,normal
237,30,scenario3_repeated_spike,D3QN,50,1.0,0,0.060625,0.197,0.5,0.5,-0.1288125,,3.5296514397487044e-05,0.00506643857806921,,,1.0,normal
238,30,scenario3_repeated_spike,D3QN,50,0.0,1,0.09,0.11199999999999999,0.5,0.5,-0.10099999999999999,,5.449359741760418e-05,0.006220459938049316,,,1.0,normal
239,30,scenario3_repeated_spike,D3QN,50,0.0,1,0.09,0.11199999999999999,0.5,0.5,-0.10099999999999999,,7.354277477134019e-05,0.006735095754265785,,,1.0,normal
240,30,scenario3_repeated_spike,D3QN,50,0.0,1,0.09,0.11199999999999999,0.5,0.5,-0.10099999999999999,,5.393916217144579e-05,0.006564782466739416,,,1.0,normal
241,30,scenario3_repeated_spike,D3QN,50,0.0,1,0.09,0.11199999999999999,0.5,0.5,-0.10099999999999999,,4.6095905418042094e-05,0.006457610055804253,,,1.0,normal
242,30,scenario3_repeated_spike,D3QN,50,0.0,1,0.09,0.11199999999999999,0.5,0.5,-0.10099999999999999,,6.594669685000554e-05,0.006946808658540249,,,1.0,normal
243,30,scenario3_repeated_spike,D3QN,50,0.0,1,0.09,0.11199999999999999,0.5,0.5,-0.10099999999999999,,6.973288691369817e-05,0.007094390224665403,,,1.0,normal
244,30,scenario3_repeated_spike,D3QN,50,1.0,0,0.060625,0.197,0.5,0.5,-0.1288125,,3.9908998587634414e-05,0.0060931360349059105,,,1.0,normal
245,30,scenario3_repeated_spike,D3QN,50,0.0,1,0.09,0.11199999999999999,0.5,0.5,-0.10099999999999999,,3.362277493579313e-05,0.0056253280490636826,,,1.0,normal
246,30,scenario3_repeated_spike,D3QN,50,1.0,0,0.060625,0.197,0.5,0.5,-0.1288125,,4.1553430492058396e-05,0.006040445528924465,,,1.0,normal
247,30,scenario3_repeated_spike,D3QN,50,0.0,1,0.09,0.11199999999999999,0.5,0.5,-0.10099999999999999,,3.3772666938602924e-05,0.005520784296095371,,,1.0,normal
248,30,scenario3_repeated_spike,D3QN,50,0.0,1,0.09,0.11199999999999999,0.5,0.5,-0.10099999999999999,,3.65998457709793e-05,0.00549042783677578,,,1.0,normal
249,30,scenario3_repeated_spike,D3QN,50,0.0,1,0.09,0.11199999999999999,0.5,0.5,-0.10099999999999999,,3.1977411708794534e-05,0.005071757361292839,,,1.0,normal
250,30,scenario3_repeated_spike,D3QN,50,0.0,1,0.09,0.11199999999999999,0.5,0.5,-0.10099999999999999,,2.9614675440825522e-05,0.004801146686077118,,,1.0,normal
251,30,scenario3_repeated_spike,D3QN,50,0.0,1,0.09,0.11199999999999999,0.5,0.5,-0.10099999999999999,,2.544019662309438e-05,0.0042154984548687935,,,1.0,normal
252,30,scenario3_repeated_spike,D3QN,50,0.0,1,0.09,0.11199999999999999,0.5,0.5,-0.10099999999999999,,1.3285901331983041e-05,0.003103395225480199,,,1.0,normal
253,30,scenario3_repeated_spike,D3QN,50,0.0,1,0.09,0.11199999999999999,0.5,0.5,-0.10099999999999999,,1.3945354112365749e-05,0.003081140574067831,,,1.0,normal
254,30,scenario3_repeated_spike,D3QN,50,1.0,0,0.060625,0.197,0.5,0.5,-0.1288125,,1.4561272109858692e-05,0.002644763793796301,,,1.0,normal
255,30,scenario3_repeated_spike,D3QN,50,0.0,1,0.09,0.11199999999999999,0.5,0.5,-0.10099999999999999,,1.2197282558190636e-05,0.002145785605534911,,,1.0,normal
256,30,scenario3_repeated_spike,D3QN,50,0.0,1,0.09,0.11199999999999999,0.5,0.5,-0.10099999999999999,,6.464092621172313e-06,0.001763711916282773,,,1.0,normal
257,30,scenario3_repeated_spike,D3QN,50,1.0,0,0.060625,0.197,0.5,0.5,-0.1288125,,6.103761279518949e-06,0.0017254180274903774,,,1.0,normal
258,30,scenario3_repeated_spike,D3QN,50,0.0,1,0.09,0.11199999999999999,0.5,0.5,-0.10099999999999999,,6.72039641358424e-06,0.0016818318981677294,,,1.0,normal
259,30,scenario3_repeated_spike,D3QN,50,0.0,1,0.09,0.11199999999999999,0.5,0.5,-0.10099999999999999,,7.702913535467815e-06,0.0016744942404329777,,,1.0,normal
260,30,scenario3_repeated_spike,D3QN,50,0.0,1,0.09,0.11199999999999999,0.5,0.5,-0.10099999999999999,,5.4622787502012216e-06,0.0014158445410430431,,,1.0,normal
261,30,scenario3_repeated_spike,D3QN,50,1.0,0,0.060625,0.197,0.5,0.5,-0.1288125,,3.9254100556718186e-06,0.0013986628036946058,,,1.0,normal
262,30,scenario3_repeated_spike,D3QN,50,0.0,1,0.09,0.11199999999999999,0.5,0.5,-0.10099999999999999,,3.962260507250903e-06,0.001557817216962576,,,1.0,normal
263,30,scenario3_repeated_spike,D3QN,50,0.0,1,0.09,0.11199999999999999,0.5,0.5,-0.10099999999999999,,4.04829779654392e-06,0.0016127894632518291,,,1.0,normal
264,30,scenario3_repeated_spike,D3QN,50,1.0,0,0.060625,0.197,0.5,0.5,-0.1288125,,2.6692653136706213e-06,0.0013661221601068974,,,1.0,normal
265,30,scenario3_repeated_spike,D3QN,50,0.0,1,0.09,0.11199999999999999,0.5,0.5,-0.10099999999999999,,2.8144411317043705e-06,0.0015168781392276287,,,1.0,normal
266,30,scenario3_repeated_spike,D3QN,50,1.0,0,0.060625,0.197,0.5,0.5,-0.1288125,,3.3181204344145954e-06,0.0016690196935087442,,,1.0,normal
267,30,scenario3_repeated_spike,D3QN,50,0.0,1,0.09,0.11199999999999999,0.5,0.5,-0.10099999999999999,,3.047060317840078e-06,0.0016317679546773434,,,1.0,normal
268,30,scenario3_repeated_spike,D3QN,50,0.0,1,0.09,0.11199999999999999,0.5,0.5,-0.10099999999999999,,2.993046564370161e-06,0.0015984908677637577,,,1.0,normal
269,30,scenario3_repeated_spike,D3QN,50,0.0,1,0.09,0.11199999999999999,0.5,0.5,-0.10099999999999999,,3.142693458357826e-06,0.0016599013470113277,,,1.0,normal
270,30,scenario3_repeated_spike,D3QN,50,0.0,1,0.09,0.11199999999999999,0.5,0.5,-0.10099999999999999,,2.738851208050619e-06,0.001461078180000186,,,1.0,normal
271,30,scenario3_repeated_spike,D3QN,50,0.0,1,0.09,0.11199999999999999,0.5,0.5,-0.10099999999999999,,2.526566277083475e-06,0.001380830304697156,,,1.0,normal
272,30,scenario3_repeated_spike,D3QN,50,0.0,1,0.09,0.11199999999999999,0.5,0.5,-0.10099999999999999,,3.950509835703997e-06,0.001601931406185031,,,1.0,normal
273,30,scenario3_repeated_spike,D3QN,50,1.0,0,0.060625,0.197,0.5,0.5,-0.1288125,,2.647083420015406e-06,0.0014194315299391747,,,1.0,normal
274,30,scenario3_repeated_spike,D3QN,50,1.9000000000000004,0,0.0611875,0.19790000000000002,0.5,0.5,-0.12954375,,2.0993538782931864e-06,0.0012187706306576729,,,1.0,normal
275,30,scenario3_repeated_spike,D3QN,50,0.0,1,0.09,0.11199999999999999,0.5,0.5,-0.10099999999999999,,2.3964671527210157e-06,0.0013274603988975286,,,1.0,normal
276,30,scenario3_repeated_spike,D3QN,50,0.0,1,0.09,0.11199999999999999,0.5,0.5,-0.10099999999999999,,1.5230437384161633e-05,0.0017649091314524412,,,1.0,normal
277,30,scenario3_repeated_spike,D3QN,50,0.0,1,0.09,0.11199999999999999,0.5,0.5,-0.10099999999999999,,1.6700317928552977e-06,0.001075022853910923,,,1.0,normal
278,30,scenario3_repeated_spike,D3QN,50,0.0,1,0.09,0.11199999999999999,0.5,0.5,-0.10099999999999999,,1.7243710317416117e-06,0.001114606624469161,,,1.0,normal
279,30,scenario3_repeated_spike,D3QN,50,1.0,0,0.060625,0.197,0.5,0.5,-0.1288125,,1.3494736776920035e-06,0.001047160243615508,,,1.0,normal
280,30,scenario3_repeated_spike,D3QN,50,0.0,1,0.09,0.11199999999999999,0.5,0.5,-0.10099999999999999,,1.113895450544078e-06,0.0009496358688920736,,,1.0,normal
281,30,scenario3_repeated_spike,D3QN,50,1.0,0,0.060625,0.197,0.5,0.5,-0.1288125,,1.0411813491373323e-06,0.0009090371895581484,,,1.0,normal
282,30,scenario3_repeated_spike,D3QN,50,0.0,1,0.09,0.11199999999999999,0.5,0.5,-0.10099999999999999,,1.1384881872800179e-06,0.0009474316611886024,,,1.0,normal
283,30,scenario3_repeated_spike,D3QN,50,0.0,1,0.09,0.11199999999999999,0.5,0.5,-0.10099999999999999,,1.7727769545672345e-06,0.0009261304512619972,,,1.0,normal
284,30,scenario3_repeated_spike,D3QN,50,0.0,1,0.09,0.11199999999999999,0.5,0.5,-0.10099999999999999,,9.099492217501393e-07,0.0007659161929041147,,,1.0,normal
285,30,scenario3_repeated_spike,D3QN,50,1.0,0,0.060625,0.197,0.5,0.5,-0.1288125,,1.0812207165145082e-06,0.0007675793021917343,,,1.0,normal
286,30,scenario3_repeated_spike,D3QN,50,1.9000000000000004,0,0.0611875,0.19790000000000002,0.5,0.5,-0.12954375,,5.328976385499118e-06,0.0009259076323360205,,,1.0,normal
287,30,scenario3_repeated_spike,D3QN,50,0.0,1,0.09,0.11199999999999999,0.5,0.5,-0.10099999999999999,,1.1497683090055943e-06,0.0007151176687330008,,,1.0,normal
288,30,scenario3_repeated_spike,D3QN,50,0.0,1,0.09,0.11199999999999999,0.5,0.5,-0.10099999999999999,,1.2364432677713921e-06,0.0006467720959335566,,,1.0,normal
289,30,scenario3_repeated_spike,D3QN,50,1.0,0,0.060625,0.197,0.5,0.5,-0.1288125,,8.375240554414631e-07,0.000641009071841836,,,1.0,normal
290,30,scenario3_repeated_spike,D3QN,50,0.0,1,0.09,0.11199999999999999,0.5,0.5,-0.10099999999999999,,9.43178918078047e-07,0.0006967030931264162,,,1.0,normal
291,30,scenario3_repeated_spike,D3QN,50,0.0,1,0.09,0.11199999999999999,0.5,0.5,-0.10099999999999999,,3.7139800497243414e-06,0.000882000895217061,,,1.0,normal
292,30,scenario3_repeated_spike,D3QN,50,0.0,1,0.09,0.11199999999999999,0.5,0.5,-0.10099999999999999,,1.2684986359090544e-06,0.0007293506059795618,,,1.0,normal
293,30,scenario3_repeated_spike,D3QN,50,0.0,1,0.09,0.11199999999999999,0.5,0.5,-0.10099999999999999,,3.4498539207561407e-06,0.0008121021091938019,,,1.0,normal
294,30,scenario3_repeated_spike,D3QN,50,0.0,1,0.09,0.11199999999999999,0.5,0.5,-0.10099999999999999,,8.324972213813453e-07,0.0006141453050076962,,,1.0,normal
295,30,scenario3_repeated_spike,D3QN,50,1.0,0,0.060625,0.197,0.5,0.5,-0.1288125,,1.5955097296682652e-06,0.0007358037400990725,,,1.0,normal
296,30,scenario3_repeated_spike,D3QN,50,1.9000000000000004,0,0.0611875,0.19790000000000002,0.5,0.5,-0.12954375,,6.224628350537387e-07,0.0005504002328962088,,,1.0,normal
297,30,scenario3_repeated_spike,D3QN,50,2.710000000000001,0,0.061693750000000006,0.19871000000000003,0.5,0.5,-0.13020187500000002,,8.710133556633082e-07,0.0007006335072219372,,,1.0,normal
298,30,scenario3_repeated_spike,D3QN,50,0.0,1,0.09,0.11199999999999999,0.5,0.5,-0.10099999999999999,,1.854303150139458e-06,0.000775140943005681,,,1.0,normal
299,30,scenario3_repeated_spike,D3QN,50,0.0,1,0.09,0.11199999999999999,0.5,0.5,-0.10099999999999999,,1.8034741060546366e-06,0.0008001364767551422,,,1.0,normal
300,30,scenario3_repeated_spike,D3QN,50,1.0,0,0.060625,0.197,0.5,0.5,-0.1288125,,0.009734978899359703,0.098656564950943,,,1.0,normal
301,30,scenario3_repeated_spike,D3QN,50,1.9000000000000004,0,0.0611875,0.19790000000000002,0.5,0.5,-0.12954375,,0.009161684662103653,0.09570609033107758,,,1.0,normal
302,30,scenario3_repeated_spike,D3QN,50,0.0,1,0.09,0.11199999999999999,0.5,0.5,-0.10099999999999999,,0.008038893342018127,0.08943711221218109,,,1.0,normal
303,30,scenario3_repeated_spike,D3QN,50,1.0,0,0.060625,0.197,0.5,0.5,-0.1288125,,0.006787403486669064,0.08143354952335358,,,1.0,normal
304,30,scenario3_repeated_spike,D3QN,50,1.9000000000000004,0,0.0611875,0.19790000000000002,0.5,0.5,-0.12954375,,0.0054898010566830635,0.07298783212900162,,,1.0,normal
305,30,scenario3_repeated_spike,D3QN,50,0.0,1,0.09,0.11199999999999999,0.5,0.5,-0.10099999999999999,,0.004286785144358873,0.06309912353754044,,,1.0,normal
306,30,scenario3_repeated_spike,D3QN,50,1.0,0,0.060625,0.197,0.5,0.5,-0.1288125,,0.004192352294921875,0.06153996288776398,,,1.0,normal
307,30,scenario3_repeated_spike,D3QN,50,0.0,1,0.09,0.11199999999999999,0.5,0.5,-0.10099999999999999,,0.002771958941593766,0.04869995638728142,,,1.0,normal
308,30,scenario3_repeated_spike,D3QN,50,0.0,1,0.09,0.11199999999999999,0.5,0.5,-0.10099999999999999,,0.002455534413456917,0.04534278064966202,,,1.0,normal
309,30,scenario3_repeated_spike,D3QN,50,1.0,0,0.060625,0.197,0.5,0.5,-0.1288125,,0.0035391238052397966,0.04684404283761978,,,1.0,normal
310,30,scenario3_repeated_spike,D3QN,50,0.0,1,0.09,0.11199999999999999,0.5,0.5,-0.10099999999999999,,0.0028891651891171932,0.04581101983785629,,,1.0,normal
311,30,scenario3_repeated_spike,D3QN,50,1.0,0,0.060625,0.197,0.5,0.5,-0.1288125,,0.0023657092824578285,0.04042699933052063,,,1.0,normal
312,30,scenario3_repeated_spike,D3QN,50,1.9000000000000004,0,0.0611875,0.19790000000000002,0.5,0.5,-0.12954375,,0.001745031215250492,0.03497519716620445,,,1.0,normal
313,30,scenario3_repeated_spike,D3QN,50,2.710000000000001,0,0.061693750000000006,0.19871000000000003,0.5,0.5,-0.13020187500000002,,0.001034739427268505,0.02881116233766079,,,1.0,normal
314,30,scenario3_repeated_spike,D3QN,50,0.0,1,0.09,0.11199999999999999,0.5,0.5,-0.10099999999999999,,0.001700268592685461,0.03164759650826454,,,1.0,normal
315,30,scenario3_repeated_spike,D3QN,50,0.0,1,0.09,0.11199999999999999,0.5,0.5,-0.10099999999999999,,0.0010093464516103268,0.023613398894667625,,,1.0,normal
316,30,scenario3_repeated_spike,D3QN,50,0.0,1,0.09,0.11199999999999999,0.5,0.5,-0.10099999999999999,,0.0012332764454185963,0.02514743059873581,,,1.0,normal
317,30,scenario3_repeated_spike,D3QN,50,1.0,0,0.060625,0.197,0.5,0.5,-0.1288125,,0.0008550569182261825,0.020126238465309143,,,1.0,normal
318,30,scenario3_repeated_spike,D3QN,50,1.9000000000000004,0,0.0611875,0.19790000000000002,0.5,0.5,-0.12954375,,0.0006984061328694224,0.019569046795368195,,,1.0,normal
319,30,scenario3_repeated_spike,D3QN,50,2.710000000000001,0,0.061693750000000006,0.19871000000000003,0.5,0.5,-0.13020187500000002,,0.0009002749575302005,0.021570203825831413,,,1.0,normal
320,30,scenario3_repeated_spike,D3QN,50,0.0,1,0.09,0.11199999999999999,0.5,0.5,-0.10099999999999999,,0.0005448227748274803,0.01499195583164692,,,1.0,normal
321,30,scenario3_repeated_spike,D3QN,50,0.0,1,0.09,0.11199999999999999,0.5,0.5,-0.10099999999999999,,0.0004415866278577596,0.013440774753689766,,,1.0,normal
322,30,scenario3_repeated_spike,D3QN,50,0.0,1,0.09,0.11199999999999999,0.5,0.5,-0.10099999999999999,,0.00022333241940941662,0.009498698636889458,,,1.0,normal
323,30,scenario3_repeated_spike,D3QN,50,0.0,1,0.09,0.11199999999999999,0.5,0.5,-0.10099999999999999,,0.00010959750215988606,0.006977098993957043,,,1.0,normal
324,30,scenario3_repeated_spike,D3QN,50,0.0,1,0.09,0.11199999999999999,0.5,0.5,-0.10099999999999999,,4.711214569397271e-05,0.004565253388136625,,,1.0,normal
325,30,scenario3_repeated_spike,D3QN,50,0.0,1,0.09,0.11199999999999999,0.5,0.5,-0.10099999999999999,,1.1870928574353456e-05,0.002571376506239176,,,1.0,normal
326,30,scenario3_repeated_spike,D3QN,50,0.0,1,0.09,0.11199999999999999,0.5,0.5,-0.10099999999999999,,4.934496246278286e-06,0.0018331818282604218,,,1.0,normal
327,30,scenario3_repeated_spike,D3QN,50,0.0,1,0.09,0.11199999999999999,0.5,0.5,-0.10099999999999999,,3.4919252357212827e-05,0.00385337695479393,,,1.0,normal
328,30,scenario3_repeated_spike,D3QN,50,1.0,0,0.060625,0.197,0.5,0.5,-0.1288125,,5.410012818174437e-05,0.004632749129086733,,,1.0,normal
329,30,scenario3_repeated_spike,D3QN,50,0.0,1,0.09,0.11199999999999999,0.5,0.5,-0.10099999999999999,,6.72333117108792e-05,0.0061869192868471146,,,1.0,normal
330,30,scenario3_repeated_spike,D3QN,50,0.0,1,0.09,0.11199999999999999,0.5,0.5,-0.10099999999999999,,0.00010286797623848543,0.006967316381633282,,,1.0,normal
331,30,scenario3_repeated_spike,D3QN,50,0.0,1,0.09,0.11199999999999999,0.5,0.5,-0.10099999999999999,,0.00015336813521571457,0.007485455833375454,,,1.0,normal
332,30,scenario3_repeated_spike,D3QN,50,1.0,0,0.060625,0.197,0.5,0.5,-0.1288125,,0.00015458458801731467,0.00807538814842701,,,1.0,normal
333,30,scenario3_repeated_spike,D3QN,50,0.0,1,0.09,0.11199999999999999,0.5,0.5,-0.10099999999999999,,0.00014127197209745646,0.007528470363467932,,,1.0,normal
334,30,scenario3_repeated_spike,D3QN,50,0.0,1,0.09,0.11199999999999999,0.5,0.5,-0.10099999999999999,,0.00012707241694442928,0.007055884227156639,,,1.0,normal
335,30,scenario3_repeated_spike,D3QN,50,0.0,1,0.09,0.11199999999999999,0.5,0.5,-0.10099999999999999,,0.00012967924703843892,0.007173831108957529,,,1.0,normal
336,30,scenario3_repeated_spike,D3QN,50,0.0,1,0.09,0.11199999999999999,0.5,0.5,-0.10099999999999999,,0.00013034301809966564,0.007828239351511002,,,1.0,normal
337,30,scenario3_repeated_spike,D3QN,50,1.0,0,0.060625,0.197,0.5,0.5,-0.1288125,,9.045917977346107e-05,0.006829838268458843,,,1.0,normal
338,30,scenario3_repeated_spike,D3QN,50,1.9000000000000004,0,0.0611875,0.19790000000000002,0.5,0.5,-0.12954375,,7.069139974191785e-05,0.0065643941052258015,,,1.0,normal
339,30,scenario3_repeated_spike,D3QN,50,0.0,1,0.09,0.11199999999999999,0.5,0.5,-0.10099999999999999,,6.87343708705157e-05,0.0060883499681949615,,,1.0,normal
340,30,scenario3_repeated_spike,D3QN,50,0.0,1,0.09,0.11199999999999999,0.5,0.5,-0.10099999999999999,,6.460086297011003e-05,0.006160791032016277,,,1.0,normal
341,30,scenario3_repeated_spike,D3QN,50,0.0,1,0.09,0.11199999999999999,0.5,0.5,-0.10099999999999999,,5.003809565096162e-05,0.006237647961825132,,,1.0,normal
342,30,scenario3_repeated_spike,D3QN,50,0.0,1,0.09,0.11199999999999999,0.5,0.5,-0.10099999999999999,,4.49827202828601e-05,0.006329281721264124,,,1.0,normal
343,30,scenario3_repeated_spike,D3QN,50,1.0,0,0.060625,0.197,0.5,0.5,-0.1288125,,6.0055568610550836e-05,0.006834200117737055,,,1.0,normal
344,30,scenario3_repeated_spike,D3QN,50,0.0,1,0.09,0.11199999999999999,0.5,0.5,-0.10099999999999999,,5.384084943216294e-05,0.006918156519532204,,,1.0,normal
345,30,scenario3_repeated_spike,D3QN,50,1.0,0,0.060625,0.197,0.5,0.5,-0.1288125,,5.441840767161921e-05,0.006620613858103752,,,1.0,normal
346,30,scenario3_repeated_spike,D3QN,50,0.0,1,0.09,0.11199999999999999,0.5,0.5,-0.10099999999999999,,4.931380317430012e-05,0.006659524980932474,,,1.0,normal
347,30,scenario3_repeated_spike,D3QN,50,0.0,1,0.09,0.11199999999999999,0.5,0.5,-0.10099999999999999,,4.8918987886281684e-05,0.0066711860708892345,,,1.0,normal
348,30,scenario3_repeated_spike,D3QN,50,0.0,1,0.09,0.11199999999999999,0.5,0.5,-0.10099999999999999,,4.128964428673498e-05,0.00627649761736393,,,1.0,normal
349,30,scenario3_repeated_spike,D3QN,50,0.0,1,0.09,0.11199999999999999,0.5,0.5,-0.10099999999999999,,7.648177415831015e-05,0.0066262162290513515,,,1.0,normal
350,30,scenario3_repeated_spike,D3QN,50,1.0,0,0.060625,0.197,0.5,0.5,-0.1288125,,2.6187441108049825e-05,0.00500144250690937,,,1.0,normal
351,30,scenario3_repeated_spike,D3QN,50,0.0,1,0.09,0.11199999999999999,0.5,0.5,-0.10099999999999999,,2.3065082132234238e-05,0.00457278685644269,,,1.0,normal
352,30,scenario3_repeated_spike,D3QN,50,0.0,1,0.09,0.11199999999999999,0.5,0.5,-0.10099999999999999,,1.8346090655541047e-05,0.003994133789092302,,,1.0,normal
353,30,scenario3_repeated_spike,D3QN,50,1.0,0,0.060625,0.197,0.5,0.5,-0.1288125,,8.873257684172131e-06,0.0027174903079867363,,,1.0,normal
354,30,scenario3_repeated_spike,D3QN,50,0.0,1,0.09,0.11199999999999999,0.5,0.5,-0.10099999999999999,,7.663275937375147e-06,0.002244031522423029,,,1.0,normal
355,30,scenario3_repeated_spike,D3QN,50,1.0,0,0.060625,0.197,0.5,0.5,-0.1288125,,5.8117911976296455e-06,0.0016487804241478443,,,1.0,normal
356,30,scenario3_repeated_spike,D3QN,50,0.0,1,0.09,0.11199999999999999,0.5,0.5,-0.10099999999999999,,3.792792995227501e-06,0.001412276178598404,,,1.0,normal
357,30,scenario3_repeated_spike,D3QN,50,1.0,0,0.060625,0.197,0.5,0.5,-0.1288125,,5.172998498892412e-06,0.001984742935746908,,,1.0,normal
358,30,scenario3_repeated_spike,D3QN,50,1.9000000000000004,0,0.0611875,0.19790000000000002,0.5,0.5,-0.12954375,,4.548930974124232e-06,0.002000626642256975,,,1.0,normal
359,30,scenario3_repeated_spike,D3QN,50,2.710000000000001,0,0.061693750000000006,0.19871000000000003,0.5,0.5,-0.13020187500000002,,5.769013569079107e-06,0.0022121467627584934,,,1.0,normal
360,30,scenario3_repeated_spike,D3QN,50,3.439,0,0.062149375,0.199439,0.5,0.5,-0.1307941875,,5.997688276693225e-06,0.002301285043358803,,,1.0,normal
361,30,scenario3_repeated_spike,D3QN,50,4.0951,0,0.06255943750000001,0.20009510000000003,0.5,0.5,-0.13132726875,,2.8624666811083443e-05,0.0026578553952276707,,,1.0,normal
362,30,scenario3_repeated_spike,D3QN,50,0.0,1,0.09,0.11199999999999999,0.5,0.5,-0.10099999999999999,,7.504896530008409e-06,0.0023418283089995384,,,1.0,normal
363,30,scenario3_repeated_spike,D3QN,50,0.0,1,0.09,0.11199999999999999,0.5,0.5,-0.10099999999999999,,4.999961674911901e-06,0.0018486869521439075,,,1.0,normal
364,30,scenario3_repeated_spike,D3QN,50,0.0,1,0.09,0.11199999999999999,0.5,0.5,-0.10099999999999999,,5.678243724105414e-06,0.0020454125478863716,,,1.0,normal
365,30,scenario3_repeated_spike,D3QN,50,0.0,1,0.09,0.11199999999999999,0.5,0.5,-0.10099999999999999,,4.434403308550827e-06,0.0019200458191335201,,,1.0,normal
366,30,scenario3_repeated_spike,D3QN,50,1.0,0,0.060625,0.197,0.5,0.5,-0.1288125,,3.727613602677593e-06,0.0018491805531084538,,,1.0,normal
367,30,scenario3_repeated_spike,D3QN,50,1.9000000000000004,0,0.0611875,0.19790000000000002,0.5,0.5,-0.12954375,,3.92133233617642e-06,0.0019211764447391033,,,1.0,normal
368,30,scenario3_repeated_spike,D3QN,50,0.0,1,0.09,0.11199999999999999,0.5,0.5,-0.10099999999999999,,3.1180240966932615e-06,0.0017328127287328243,,,1.0,normal
369,30,scenario3_repeated_spike,D3QN,50,0.0,1,0.09,0.11199999999999999,0.5,0.5,-0.10099999999999999,,3.4630218124220846e-06,0.0017077303491532803,,,1.0,normal
370,30,scenario3_repeated_spike,D3QN,50,0.0,1,0.09,0.11199999999999999,0.5,0.5,-0.10099999999999999,,4.873591933574062e-06,0.001572292298078537,,,1.0,normal
371,30,scenario3_repeated_spike,D3QN,50,0.0,1,0.09,0.11199999999999999,0.5,0.5,-0.10099999999999999,,2.2553890630661044e-06,0.0012787445448338985,,,1.0,normal
372,30,scenario3_repeated_spike,D3QN,50,0.0,1,0.09,0.11199999999999999,0.5,0.5,-0.10099999999999999,,2.403255166427698e-05,0.0018142890185117722,,,1.0,normal
373,30,scenario3_repeated_spike,D3QN,50,0.0,1,0.09,0.11199999999999999,0.5,0.5,-0.10099999999999999,,2.11217538890196e-05,0.0014117169193923473,,,1.0,normal
374,30,scenario3_repeated_spike,D3QN,50,0.0,1,0.09,0.11199999999999999,0.5,0.5,-0.10099999999999999,,2.0765628505614586e-06,0.000987012404948473,,,1.0,normal
375,30,scenario3_repeated_spike,D3QN,50,1.0,0,0.060625,0.197,0.5,0.5,-0.1288125,,1.933427483891137e-06,0.0008523156866431236,,,1.0,normal
376,30,scenario3_repeated_spike,D3QN,50,0.0,1,0.09,0.11199999999999999,0.5,0.5,-0.10099999999999999,,1.9204640011594165e-06,0.000852720346301794,,,1.0,normal
377,30,scenario3_repeated_spike,D3QN,50,0.0,1,0.09,0.11199999999999999,0.5,0.5,-0.10099999999999999,,1.8242769783682888e-06,0.0009239274077117443,,,1.0,normal
378,30,scenario3_repeated_spike,D3QN,50,0.0,1,0.09,0.11199999999999999,0.5,0.5,-0.10099999999999999,,2.507221779524116e-06,0.0012026233598589897,,,1.0,normal
379,30,scenario3_repeated_spike,D3QN,50,1.0,0,0.060625,0.197,0.5,0.5,-0.1288125,,2.100601250276668e-06,0.0011079516261816025,,,1.0,normal
380,30,scenario3_repeated_spike,D3QN,50,0.0,1,0.09,0.11199999999999999,0.5,0.5,-0.10099999999999999,,1.469484118388209e-06,0.000899522565305233,,,1.0,normal
381,30,scenario3_repeated_spike,D3QN,50,0.0,1,0.09,0.11199999999999999,0.5,0.5,-0.10099999999999999,,2.1981413738103583e-06,0.0010011517442762852,,,1.0,normal
382,30,scenario3_repeated_spike,D3QN,50,0.0,1,0.09,0.11199999999999999,0.5,0.5,-0.10099999999999999,,2.638487330841599e-06,0.001162765547633171,,,1.0,normal
383,30,scenario3_repeated_spike,D3QN,50,0.0,1,0.09,0.11199999999999999,0.5,0.5,-0.10099999999999999,,1.8657665350474417e-06,0.0010251454077661037,,,1.0,normal
384,30,scenario3_repeated_spike,D3QN,50,1.0,0,0.060625,0.197,0.5,0.5,-0.1288125,,2.10125881494605e-06,0.001030761282891035,,,1.0,normal
385,30,scenario3_repeated_spike,D3QN,50,0.0,1,0.09,0.11199999999999999,0.5,0.5,-0.10099999999999999,,8.376742357540934e-07,0.000695154070854187,,,1.0,normal
386,30,scenario3_repeated_spike,D3QN,50,0.0,1,0.09,0.11199999999999999,0.5,0.5,-0.10099999999999999,,2.0590089206962148e-06,0.000902020838111639,,,1.0,normal
387,30,scenario3_repeated_spike,D3QN,50,0.0,1,0.09,0.11199999999999999,0.5,0.5,-0.10099999999999999,,1.4686395388707751e-06,0.0008469652384519577,,,1.0,normal
388,30,scenario3_repeated_spike,D3QN,50,0.0,1,0.09,0.11199999999999999,0.5,0.5,-0.10099999999999999,,3.6616847864934243e-06,0.0008491817861795425,,,1.0,normal
389,30,scenario3_repeated_spike,D3QN,50,0.0,1,0.09,0.11199999999999999,0.5,0.5,-0.10099999999999999,,5.68944301448937e-07,0.0005244063213467598,,,1.0,normal
390,30,scenario3_repeated_spike,D3QN,50,0.0,1,0.09,0.11199999999999999,0.5,0.5,-0.10099999999999999,,1.1476205372673576e-06,0.0006778384558856487,,,1.0,normal
391,30,scenario3_repeated_spike,D3QN,50,0.0,1,0.09,0.11199999999999999,0.5,0.5,-0.10099999999999999,,4.990678803551418e-07,0.0004332391545176506,,,1.0,normal
392,30,scenario3_repeated_spike,D3QN,50,0.0,1,0.09,0.11199999999999999,0.5,0.5,-0.10099999999999999,,9.155884299616446e-07,0.0004909676499664783,,,1.0,normal
393,30,scenario3_repeated_spike,D3QN,50,0.0,1,0.09,0.11199999999999999,0.5,0.5,-0.10099999999999999,,1.0173323516937671e-06,0.0006063911132514477,,,1.0,normal
394,30,scenario3_repeated_spike,D3QN,50,1.0,0,0.060625,0.197,0.5,0.5,-0.1288125,,6.3142624640022404e-06,0.0009211748838424683,,,1.0,normal
395,30,scenario3_repeated_spike,D3QN,50,0.0,1,0.09,0.11199999999999999,0.5,0.5,-0.10099999999999999,,8.538119118384202e-07,0.000483071431517601,,,1.0,normal
396,30,scenario3_repeated_spike,D3QN,50,1.0,0,0.060625,0.197,0.5,0.5,-0.1288125,,1.3614230738312472e-06,0.0006044115871191025,,,1.0,normal
397,30,scenario3_repeated_spike,D3QN,50,0.0,1,0.09,0.11199999999999999,0.5,0.5,-0.10099999999999999,,8.322541589222965e-07,0.00048705656081438065,,,1.0,normal
398,30,scenario3_repeated_spike,D3QN,50,0.0,1,0.09,0.11199999999999999,0.5,0.5,-0.10099999999999999,,1.5534004660366918e-06,0.000634009949862957,,,1.0,normal
399,30,scenario3_repeated_spike,D3QN,50,0.0,1,0.09,0.11199999999999999,0.5,0.5,-0.10099999999999999,,1.093662945095275e-06,0.0004977663047611713,,,1.0,normal
400,30,scenario3_repeated_spike,D3QN,50,0.0,1,0.09,0.11199999999999999,0.5,0.5,-0.10099999999999999,,0.00962586048990488,0.09809911996126175,,,1.0,normal
401,30,scenario3_repeated_spike,D3QN,50,0.0,1,0.09,0.11199999999999999,0.5,0.5,-0.10099999999999999,,0.00891604833304882,0.09438508003950119,,,1.0,normal
402,30,scenario3_repeated_spike,D3QN,50,0.0,1,0.09,0.11199999999999999,0.5,0.5,-0.10099999999999999,,0.00788552314043045,0.08873084932565689,,,1.0,normal
403,30,scenario3_repeated_spike,D3QN,50,0.0,1,0.09,0.11199999999999999,0.5,0.5,-0.10099999999999999,,0.006723502650856972,0.08172764629125595,,,1.0,normal
404,30,scenario3_repeated_spike,D3QN,50,0.0,1,0.09,0.11199999999999999,0.5,0.5,-0.10099999999999999,,0.005350139457732439,0.07211607694625854,,,1.0,normal
405,30,scenario3_repeated_spike,D3QN,50,1.0,0,0.060625,0.197,0.5,0.5,-0.1288125,,0.003885475220158696,0.06065301224589348,,,1.0,normal
406,30,scenario3_repeated_spike,D3QN,50,1.9000000000000004,0,0.0611875,0.19790000000000002,0.5,0.5,-0.12954375,,0.0029361655469983816,0.051692020148038864,,,1.0,normal
407,30,scenario3_repeated_spike,D3QN,50,0.0,1,0.09,0.11199999999999999,0.5,0.5,-0.10099999999999999,,0.001600927673280239,0.03576192259788513,,,1.0,normal
408,30,scenario3_repeated_spike,D3QN,50,0.0,1,0.09,0.11199999999999999,0.5,0.5,-0.10099999999999999,,0.0017431637970730662,0.03751793131232262,,,1.0,normal
409,30,scenario3_repeated_spike,D3QN,50,0.0,1,0.09,0.11199999999999999,0.5,0.5,-0.10099999999999999,,0.0012021573493257165,0.03102049045264721,,,1.0,normal
410,30,scenario3_repeated_spike,D3QN,50,0.0,1,0.09,0.11199999999999999,0.5,0.5,-0.10099999999999999,,0.0011698044836521149,0.025933004915714264,,,1.0,normal
411,30,scenario3_repeated_spike,D3QN,50,1.0,0,0.060625,0.197,0.5,0.5,-0.1288125,,0.001553031732328236,0.028451569378376007,,,1.0,normal
412,30,scenario3_repeated_spike,D3QN,50,0.0,1,0.09,0.11199999999999999,0.5,0.5,-0.10099999999999999,,0.0018399222753942013,0.03021089918911457,,,1.0,normal
413,30,scenario3_repeated_spike,D3QN,50,0.0,1,0.09,0.11199999999999999,0.5,0.5,-0.10099999999999999,,0.0006738610100001097,0.02165749855339527,,,1.0,normal
414,30,scenario3_repeated_spike,D3QN,50,0.0,1,0.09,0.11199999999999999,0.5,0.5,-0.10099999999999999,,0.0033635124564170837,0.029853451997041702,,,1.0,normal
415,30,scenario3_repeated_spike,D3QN,50,0.0,1,0.09,0.11199999999999999,0.5,0.5,-0.10099999999999999,,0.0016560993390157819,0.0258403941988945,,,1.0,normal
416,30,scenario3_repeated_spike,D3QN,50,1.0,0,0.060625,0.197,0.5,0.5,-0.1288125,,0.002449285238981247,0.022929925471544266,,,1.0,normal
417,30,scenario3_repeated_spike,D3QN,50,1.9000000000000004,0,0.0611875,0.19790000000000002,0.5,0.5,-0.12954375,,0.0005245006177574396,0.015550924465060234,,,1.0,normal
418,30,scenario3_repeated_spike,D3QN,50,0.0,1,0.09,0.11199999999999999,0.5,0.5,-0.10099999999999999,,0.00023084646090865135,0.010232232511043549,,,1.0,normal
419,30,scenario3_repeated_spike,D3QN,50,1.0,0,0.060625,0.197,0.5,0.5,-0.1288125,,0.00023962129489518702,0.007878847420215607,,,1.0,normal
420,30,scenario3_repeated_spike,D3QN,50,0.0,1,0.09,0.11199999999999999,0.5,0.5,-0.10099999999999999,,0.0008727930253371596,0.02641148492693901,,,1.0,normal
421,30,scenario3_repeated_spike,D3QN,50,0.0,1,0.09,0.11199999999999999,0.5,0.5,-0.10099999999999999,,0.0005479245446622372,0.02028939127922058,,,1.0,normal
422,30,scenario3_repeated_spike,D3QN,50,0.0,1,0.09,0.11199999999999999,0.5,0.5,-0.10099999999999999,,0.0003687521384563297,0.017079150304198265,,,1.0,normal
423,30,scenario3_repeated_spike,D3QN,50,0.0,1,0.09,0.11199999999999999,0.5,0.5,-0.10099999999999999,,0.0002875678474083543,0.015125301666557789,,,1.0,normal
424,30,scenario3_repeated_spike,D3QN,50,0.0,1,0.09,0.11199999999999999,0.5,0.5,-0.10099999999999999,,0.00026651369989849627,0.012411311268806458,,,1.0,normal
425,30,scenario3_repeated_spike,D3QN,50,0.0,1,0.09,0.11199999999999999,0.5,0.5,-0.10099999999999999,,0.0001335893466603011,0.008922329172492027,,,1.0,normal
426,30,scenario3_repeated_spike,D3QN,50,1.0,0,0.060625,0.197,0.5,0.5,-0.1288125,,0.00046099204337224364,0.011772911064326763,,,1.0,normal
427,30,scenario3_repeated_spike,D3QN,50,0.0,1,0.09,0.11199999999999999,0.5,0.5,-0.10099999999999999,,0.0005440223030745983,0.011662211269140244,,,1.0,normal
428,30,scenario3_repeated_spike,D3QN,50,0.0,1,0.09,0.11199999999999999,0.5,0.5,-0.10099999999999999,,0.00013743604358751327,0.00899828877300024,,,1.0,normal
429,30,scenario3_repeated_spike,D3QN,50,0.0,1,0.09,0.11199999999999999,0.5,0.5,-0.10099999999999999,,0.00046602790826000273,0.01196848414838314,,,1.0,normal
430,30,scenario3_repeated_spike,D3QN,50,1.0,0,0.060625,0.197,0.5,0.5,-0.1288125,,0.00015343706763815135,0.00869598425924778,,,1.0,normal
431,30,scenario3_repeated_spike,D3QN,50,0.0,1,0.09,0.11199999999999999,0.5,0.5,-0.10099999999999999,,0.0005257679731585085,0.013200834393501282,,,1.0,normal
432,30,scenario3_repeated_spike,D3QN,50,0.0,1,0.09,0.11199999999999999,0.5,0.5,-0.10099999999999999,,0.00032470072619616985,0.01112330798059702,,,1.0,normal
433,30,scenario3_repeated_spike,D3QN,50,0.0,1,0.09,0.11199999999999999,0.5,0.5,-0.10099999999999999,,0.0002735799935180694,0.011641820892691612,,,1.0,normal
434,30,scenario3_repeated_spike,D3QN,50,0.0,1,0.09,0.11199999999999999,0.5,0.5,-0.10099999999999999,,0.0003180431085638702,0.009816614910960197,,,1.0,normal
435,30,scenario3_repeated_spike,D3QN,50,0.0,1,0.09,0.11199999999999999,0.5,0.5,-0.10099999999999999,,0.00018306532001588494,0.008530799299478531,,,1.0,normal
436,30,scenario3_repeated_spike,D3QN,50,1.0,0,0.060625,0.197,0.5,0.5,-0.1288125,,0.00015402960707433522,0.008885076269507408,,,1.0,normal
437,30,scenario3_repeated_spike,D3QN,50,0.0,1,0.09,0.11199999999999999,0.5,0.5,-0.10099999999999999,,0.0002280728949699551,0.0087127685546875,,,1.0,normal
438,30,scenario3_repeated_spike,D3QN,50,1.0,0,0.060625,0.197,0.5,0.5,-0.1288125,,0.00014566766913048923,0.008481359109282494,,,1.0,normal
439,30,scenario3_repeated_spike,D3QN,50,1.9000000000000004,0,0.0611875,0.19790000000000002,0.5,0.5,-0.12954375,,0.00017691616085357964,0.007731463294476271,,,1.0,normal
440,30,scenario3_repeated_spike,D3QN,50,0.0,1,0.09,0.11199999999999999,0.5,0.5,-0.10099999999999999,,9.467789641348645e-05,0.007050163112580776,,,1.0,normal
441,30,scenario3_repeated_spike,D3QN,50,1.0,0,0.060625,0.197,0.5,0.5,-0.1288125,,4.413913848111406e-05,0.006396761164069176,,,1.0,normal
442,30,scenario3_repeated_spike,D3QN,50,0.0,1,0.09,0.11199999999999999,0.5,0.5,-0.10099999999999999,,6.432902591768652e-05,0.0073317233473062515,,,1.0,normal
443,30,scenario3_repeated_spike,D3QN,50,0.0,1,0.09,0.11199999999999999,0.5,0.5,-0.10099999999999999,,5.215961573412642e-05,0.006683611311018467,,,1.0,normal
444,30,scenario3_repeated_spike,D3QN,50,0.0,1,0.09,0.11199999999999999,0.5,0.5,-0.10099999999999999,,5.1438099035294726e-05,0.00689251022413373,,,1.0,normal
445,30,scenario3_repeated_spike,D3QN,50,0.0,1,0.09,0.11199999999999999,0.5,0.5,-0.10099999999999999,,4.8959689593175426e-05,0.006510669831186533,,,1.0,normal
446,30,scenario3_repeated_spike,D3QN,50,1.0,0,0.060625,0.197,0.5,0.5,-0.1288125,,8.708456880412996e-05,0.006723129656165838,,,1.0,normal
447,30,scenario3_repeated_spike,D3QN,50,0.0,1,0.09,0.11199999999999999,0.5,0.5,-0.10099999999999999,,5.191811942495406e-05,0.005629291757941246,,,1.0,normal
448,30,scenario3_repeated_spike,D3QN,50,0.0,1,0.09,0.11199999999999999,0.5,0.5,-0.10099999999999999,,5.5431526561733335e-05,0.005498785991221666,,,1.0,normal
449,30,scenario3_repeated_spike,D3QN,50,0.0,1,0.09,0.11199999999999999,0.5,0.5,-0.10099999999999999,,4.422118217917159e-05,0.004296500235795975,,,1.0,normal
450,30,scenario3_repeated_spike,D3QN,50,0.0,1,0.09,0.11199999999999999,0.5,0.5,-0.10099999999999999,,4.331809759605676e-05,0.00437803752720356,,,1.0,normal
451,30,scenario3_repeated_spike,D3QN,50,0.0,1,0.09,0.11199999999999999,0.5,0.5,-0.10099999999999999,,3.0860679544275627e-05,0.003797254990786314,,,1.0,normal
452,30,scenario3_repeated_spike,D3QN,50,0.0,1,0.09,0.11199999999999999,0.5,0.5,-0.10099999999999999,,2.2987136617302895e-05,0.0039259446784853935,,,1.0,normal
453,30,scenario3_repeated_spike,D3QN,50,0.0,1,0.09,0.11199999999999999,0.5,0.5,-0.10099999999999999,,2.1471923901117407e-05,0.004279766697436571,,,1.0,normal
454,30,scenario3_repeated_spike,D3QN,50,0.0,1,0.09,0.11199999999999999,0.5,0.5,-0.10099999999999999,,5.8794699725694954e-05,0.00511495117098093,,,1.0,normal
455,30,scenario3_repeated_spike,D3QN,50,0.0,1,0.09,0.11199999999999999,0.5,0.5,-0.10099999999999999,,2.264393879158888e-05,0.004631442949175835,,,1.0,normal
456,30,scenario3_repeated_spike,D3QN,50,0.0,1,0.09,0.11199999999999999,0.5,0.5,-0.10099999999999999,,2.859041342162527e-05,0.005116397049278021,,,1.0,normal
457,30,scenario3_repeated_spike,D3QN,50,1.0,0,0.060625,0.197,0.5,0.5,-0.1288125,,2.8401045710779727e-05,0.004886480513960123,,,1.0,normal
458,30,scenario3_repeated_spike,D3QN,50,0.0,1,0.09,0.11199999999999999,0.5,0.5,-0.10099999999999999,,3.0581541068386286e-05,0.00473773991689086,,,1.0,normal
459,30,scenario3_repeated_spike,D3QN,50,0.0,1,0.09,0.11199999999999999,0.5,0.5,-0.10099999999999999,,3.570370972738601e-05,0.005360784009099007,,,1.0,normal
460,30,scenario3_repeated_spike,D3QN,50,0.0,1,0.09,0.11199999999999999,0.5,0.5,-0.10099999999999999,,3.1058512831805274e-05,0.004816260654479265,,,1.0,normal
461,30,scenario3_repeated_spike,D3QN,50,1.0,0,0.060625,0.197,0.5,0.5,-0.1288125,,2.66735896730097e-05,0.004467379301786423,,,1.0,normal
462,30,scenario3_repeated_spike,D3QN,50,0.0,1,0.09,0.11199999999999999,0.5,0.5,-0.10099999999999999,,2.12853465200169e-05,0.004225054290145636,,,1.0,normal
463,30,scenario3_repeated_spike,D3QN,50,0.0,1,0.09,0.11199999999999999,0.5,0.5,-0.10099999999999999,,2.116694304277189e-05,0.004010391887277365,,,1.0,normal
464,30,scenario3_repeated_spike,D3QN,50,0.0,1,0.09,0.11199999999999999,0.5,0.5,-0.10099999999999999,,2.022360058617778e-05,0.004078430589288473,,,1.0,normal
465,30,scenario3_repeated_spike,D3QN,50,0.0,1,0.09,0.11199999999999999,0.5,0.5,-0.10099999999999999,,1.2466069165384397e-05,0.0033404394052922726,,,1.0,normal
466,30,scenario3_repeated_spike,D3QN,50,0.0,1,0.09,0.11199999999999999,0.5,0.5,-0.10099999999999999,,3.317460141261108e-05,0.00346720265224576,,,1.0,normal
467,30,scenario3_repeated_spike,D3QN,50,0.0,1,0.09,0.11199999999999999,0.5,0.5,-0.10099999999999999,,9.760404282133095e-06,0.0027896459214389324,,,1.0,normal
468,30,scenario3_repeated_spike,D3QN,50,0.0,1,0.09,0.11199999999999999,0.5,0.5,-0.10099999999999999,,6.247044439078309e-06,0.0021069557406008244,,,1.0,normal
469,30,scenario3_repeated_spike,D3QN,50,0.0,1,0.09,0.11199999999999999,0.5,0.5,-0.10099999999999999,,6.624019988521468e-06,0.001867883838713169,,,1.0,normal
470,30,scenario3_repeated_spike,D3QN,50,0.0,1,0.09,0.11199999999999999,0.5,0.5,-0.10099999999999999,,8.486178558086976e-06,0.0019786544144153595,,,1.0,normal
471,30,scenario3_repeated_spike,D3QN,50,0.0,1,0.09,0.11199999999999999,0.5,0.5,-0.10099999999999999,,7.527311936428305e-06,0.001996204722672701,,,1.0,normal
472,30,scenario3_repeated_spike,D3QN,50,0.0,1,0.09,0.11199999999999999,0.5,0.5,-0.10099999999999999,,8.249206985055935e-06,0.002196804154664278,,,1.0,normal
473,30,scenario3_repeated_spike,D3QN,50,0.0,1,0.09,0.11199999999999999,0.5,0.5,-0.10099999999999999,,7.17443390385597e-06,0.001965697854757309,,,1.0,normal
474,30,scenario3_repeated_spike,D3QN,50,0.0,1,0.09,0.11199999999999999,0.5,0.5,-0.10099999999999999,,6.590129487449303e-06,0.0018659429624676704,,,1.0,normal
475,30,scenario3_repeated_spike,D3QN,50,1.0,0,0.060625,0.197,0.5,0.5,-0.1288125,,6.4832588577701245e-06,0.0019080382771790028,,,1.0,normal
476,30,scenario3_repeated_spike,D3QN,50,0.0,1,0.09,0.11199999999999999,0.5,0.5,-0.10099999999999999,,6.76788386044791e-06,0.001873251050710678,,,1.0,normal
477,30,scenario3_repeated_spike,D3QN,50,0.0,1,0.09,0.11199999999999999,0.5,0.5,-0.10099999999999999,,9.974962267733645e-06,0.001747641246765852,,,1.0,normal
478,30,scenario3_repeated_spike,D3QN,50,0.0,1,0.09,0.11199999999999999,0.5,0.5,-0.10099999999999999,,8.351467840839177e-06,0.001440519466996193,,,1.0,normal
479,30,scenario3_repeated_spike,D3QN,50,0.0,1,0.09,0.11199999999999999,0.5,0.5,-0.10099999999999999,,3.8715706978109665e-06,0.0011620107106864452,,,1.0,normal
480,30,scenario3_repeated_spike,D3QN,50,0.0,1,0.09,0.11199999999999999,0.5,0.5,-0.10099999999999999,,3.5076943731837673e-06,0.0010460377670824528,,,1.0,normal
481,30,scenario3_repeated_spike,D3QN,50,0.0,1,0.09,0.11199999999999999,0.5,0.5,-0.10099999999999999,,5.0954918151546735e-06,0.0007863943465054035,,,1.0,normal
482,30,scenario3_repeated_spike,D3QN,50,0.0,1,0.09,0.11199999999999999,0.5,0.5,-0.10099999999999999,,9.373095053888392e-06,0.001335563138127327,,,1.0,normal
483,30,scenario3_repeated_spike,D3QN,50,0.0,1,0.09,0.11199999999999999,0.5,0.5,-0.10099999999999999,,4.979227924195584e-06,0.0007774028927087784,,,1.0,normal
484,30,scenario3_repeated_spike,D3QN,50,1.0,0,0.060625,0.197,0.5,0.5,-0.1288125,,1.229020199389197e-05,0.0011542518623173237,,,1.0,normal
485,30,scenario3_repeated_spike,D3QN,50,0.0,1,0.09,0.11199999999999999,0.5,0.5,-0.10099999999999999,,1.9380820504011353e-06,0.0006381180137395859,,,1.0,normal
486,30,scenario3_repeated_spike,D3QN,50,1.0,0,0.060625,0.197,0.5,0.5,-0.1288125,,6.349524483084679e-06,0.001089535653591156,,,1.0,normal
487,30,scenario3_repeated_spike,D3QN,50,0.0,1,0.09,0.11199999999999999,0.5,0.5,-0.10099999999999999,,4.034419362142216e-06,0.0008556414395570755,,,1.0,normal
488,30,scenario3_repeated_spike,D3QN,50,0.0,1,0.09,0.11199999999999999,0.5,0.5,-0.10099999999999999,,5.916320787946461e-06,0.001078329049050808,,,1.0,normal
489,30,scenario3_repeated_spike,D3QN,50,0.0,1,0.09,0.11199999999999999,0.5,0.5,-0.10099999999999999,,1.0508248124097008e-05,0.0013008308596909046,,,1.0,normal
490,30,scenario3_repeated_spike,D3QN,50,0.0,1,0.09,0.11199999999999999,0.5,0.5,-0.10099999999999999,,4.138175427215174e-06,0.0006829123012721539,,,1.0,normal
491,30,scenario3_repeated_spike,D3QN,50,0.0,1,0.09,0.11199999999999999,0.5,0.5,-0.10099999999999999,,1.9976828298240434e-06,0.0005863453261554241,,,1.0,normal
492,30,scenario3_repeated_spike,D3QN,50,1.0,0,0.060625,0.197,0.5,0.5,-0.1288125,,3.224927468181704e-06,0.0007675462402403355,,,1.0,normal
493,30,scenario3_repeated_spike,D3QN,50,0.0,1,0.09,0.11199999999999999,0.5,0.5,-0.10099999999999999,,4.845420562560321e-07,0.0005311332643032074,,,1.0,normal
494,30,scenario3_repeated_spike,D3QN,50,0.0,1,0.09,0.11199999999999999,0.5,0.5,-0.10099999999999999,,2.929515403593541e-06,0.000917328055948019,,,1.0,normal
495,30,scenario3_repeated_spike,D3QN,50,1.0,0,0.060625,0.197,0.5,0.5,-0.1288125,,1.5036964668979635e-06,0.0009000948630273342,,,1.0,normal
496,30,scenario3_repeated_spike,D3QN,50,1.9000000000000004,0,0.0611875,0.19790000000000002,0.5,0.5,-0.12954375,,1.5134208979361574e-06,0.0009440174326300621,,,1.0,normal
497,30,scenario3_repeated_spike,D3QN,50,2.710000000000001,0,0.061693750000000006,0.19871000000000003,0.5,0.5,-0.13020187500000002,,2.7721532660507364e-06,0.0011357632465660572,,,1.0,normal
498,30,scenario3_repeated_spike,D3QN,50,0.0,1,0.09,0.11199999999999999,0.5,0.5,-0.10099999999999999,,2.7116604996990645e-06,0.00098107336089015,,,1.0,normal
499,30,scenario3_repeated_spike,D3QN,50,0.0,1,0.09,0.11199999999999999,0.5,0.5,-0.10099999999999999,,2.3405100364470854e-06,0.0010602045804262161,,,1.0,normal
500,30,scenario3_repeated_spike,D3QN,150,13.0,1,0.11472727272727273,0.21178181818181818,0.5,0.5,-0.16325454545454546,,0.009403283707797527,0.09696419537067413,,,1.0,spike
501,30,scenario3_repeated_spike,D3QN,150,30.700000000000003,0,0.09918750000000001,0.4587,0.5,0.5,-0.27894375,,0.008566734381020069,0.0922682136297226,,,1.0,spike
502,30,scenario3_repeated_spike,D3QN,150,46.63,0,0.10914375000000001,0.47463,0.5,0.5,-0.291886875,,0.007305789738893509,0.0854262113571167,,,1.0,spike
503,30,scenario3_repeated_spike,D3QN,150,54.96700000000001,1,0.12998800000000002,0.22399040000000003,0.5,0.5,-0.1769892,,0.005849701352417469,0.07586230337619781,,,1.0,spike
504,30,scenario3_repeated_spike,D3QN,150,62.47030000000001,1,0.13271647272727274,0.2261731781818182,0.5,0.5,-0.1794448254545455,,0.006526589393615723,0.07262164354324341,,,1.0,spike
505,30,scenario3_repeated_spike,D3QN,150,69.22327000000001,1,0.1351720981818182,0.22813767854545458,0.5,0.5,-0.18165488836363639,,0.003425978822633624,0.057605378329753876,,,1.0,spike
506,30,scenario3_repeated_spike,D3QN,150,75.30094300000002,1,0.13738216109090912,0.2299057288727273,0.5,0.5,-0.1836439449818182,,0.002205287106335163,0.04549738019704819,,,1.0,spike
507,30,scenario3_repeated_spike,D3QN,150,80.77084870000002,1,0.13937121770909092,0.23149697416727275,0.5,0.5,-0.18543409593818183,,0.0018868049373850226,0.03825770691037178,,,1.0,spike
508,30,scenario3_repeated_spike,D3QN,150,91.69376383000002,0,0.13730860239375003,0.5196937638300001,0.5,0.5,-0.32850118311187504,,0.0008951974450610578,0.027114413678646088,,,1.0,spike
509,30,scenario3_repeated_spike,D3QN,150,95.52438744700002,1,0.1447361408898182,0.2357889127118546,0.5,0.5,-0.19026252680083638,,0.000437153154052794,0.017197687178850174,,,1.0,spike
510,30,scenario3_repeated_spike,D3QN,150,104.97194870230003,0,0.14560746793893753,0.5329719487023,0.5,0.5,-0.3392897083206188,,0.000805828720331192,0.026375997811555862,,,1.0,spike
511,30,scenario3_repeated_spike,D3QN,150,107.47475383207002,1,0.14908172866620728,0.23926538293296584,0.5,0.5,-0.19417355579958656,,0.004614951554685831,0.027690095826983452,,,1.0,spike
512,30,scenario3_repeated_spike,D3QN,150,109.72727844886302,1,0.1499008285268593,0.23992066282148744,0.5,0.5,-0.19491074567417338,,0.007051535416394472,0.023137731477618217,,,1.0,spike
513,30,scenario3_repeated_spike,D3QN,150,117.75455060397672,0,0.15359659412748547,0.5457545506039767,0.5,0.5,-0.3496755723657311,,0.1604565680027008,0.07168655842542648,,,1.0,spike
514,30,scenario3_repeated_spike,D3QN,150,118.97909554357904,1,0.15326512565221057,0.24261210052176846,0.5,0.5,-0.1979386130869895,,0.016084015369415283,0.045765381306409836,,,1.0,spike
515,30,scenario3_repeated_spike,D3QN,150,126.08118598922113,0,0.1588007412432632,0.5540811859892212,0.5,0.5,-0.3564409636162422,,0.0007638831157237291,0.02538643218576908,,,1.0,spike
516,30,scenario3_repeated_spike,D3QN,150,126.47306739029904,1,0.1559902063237451,0.2447921650589961,0.5,0.5,-0.2003911856913706,,0.0016728016780689359,0.02816186286509037,,,1.0,spike
517,30,scenario3_repeated_spike,D3QN,150,126.82576065126915,1,0.15611845841864333,0.24489476673491467,0.5,0.5,-0.200506612576779,,0.04050799831748009,0.06359872221946716,,,1.0,spike
518,30,scenario3_repeated_spike,D3QN,150,127.14318458614224,1,0.15623388530405172,0.24498710824324138,0.5,0.5,-0.20061049677364656,,0.003320698393508792,0.03454989939928055,,,1.0,spike
519,30,scenario3_repeated_spike,D3QN,150,133.428866127528,0,0.163393041329705,0.561428866127528,0.5,0.5,-0.3624109537286165,,0.0056559122167527676,0.04415071755647659,,,1.0,spike
520,30,scenario3_repeated_spike,D3QN,150,139.0859795147752,0,0.1669287371967345,0.5670859795147752,0.5,0.5,-0.3670073583557549,,0.3023153245449066,0.1603780835866928,,,1.0,spike
521,30,scenario3_repeated_spike,D3QN,150,144.17738156329767,0,0.17011086347706106,0.5721773815632977,0.5,0.5,-0.37114412252017936,,0.001410246011801064,0.033709295094013214,,,1.0,spike
522,30,scenario3_repeated_spike,D3QN,150,148.7596434069679,0,0.17297477712935494,0.576759643406968,0.5,0.5,-0.37486721026816144,,0.15282157063484192,0.11661636829376221,,,1.0,spike
523,30,scenario3_repeated_spike,D3QN,150,146.88367906627113,1,0.1634122469331895,0.2507297975465516,0.5,0.5,-0.20707102223987056,,0.014439267106354237,0.04883895814418793,,,1.0,spike
524,30,scenario3_repeated_spike,D3QN,150,151.195311159644,0,0.1744970694747775,0.579195311159644,0.5,0.5,-0.3768461903172107,,0.0879049226641655,0.0782245397567749,,,1.0,spike
525,30,scenario3_repeated_spike,D3QN,150,155.0757800436796,0,0.17692236252729976,0.5830757800436797,0.5,0.5,-0.3799990712854897,,0.10208158940076828,0.11789489537477493,,,1.0,spike
526,30,scenario3_repeated_spike,D3QN,150,152.56820203931164,1,0.16547934619611332,0.2523834769568907,0.5,0.5,-0.208931411576502,,0.04306632652878761,0.07282799482345581,,,1.0,spike
527,30,scenario3_repeated_spike,D3QN,150,150.31138183538047,1,0.16465868430377473,0.2517269474430198,0.5,0.5,-0.20819281587339727,,0.3222065269947052,0.18648812174797058,,,1.0,spike
528,30,scenario3_repeated_spike,D3QN,150,148.28024365184243,1,0.16392008860066998,0.251136070880536,0.5,0.5,-0.207528079740603,,0.2053542286157608,0.15311819314956665,,,1.0,spike
529,30,scenario3_repeated_spike,D3QN,150,152.4522192866582,0,0.1752826370541614,0.5804522192866582,0.5,0.5,-0.3778674281704098,,0.09459618479013443,0.09378382563591003,,,1.0,spike
530,30,scenario3_repeated_spike,D3QN,150,156.20699735799238,0,0.17762937334874526,0.5842069973579924,0.5,0.5,-0.38091818535336885,,0.1509263664484024,0.15344533324241638,,,1.0,spike
531,30,scenario3_repeated_spike,D3QN,150,159.58629762219314,0,0.17974143601387071,0.5875862976221932,0.5,0.5,-0.38366386681803194,,0.005873404443264008,0.06406553089618683,,,1.0,spike
532,30,scenario3_repeated_spike,D3QN,150,162.62766785997383,0,0.18164229241248364,0.5906276678599738,0.5,0.5,-0.3861349801362287,,0.4790065884590149,0.2523535192012787,,,1.0,spike
533,30,scenario3_repeated_spike,D3QN,150,165.36490107397645,0,0.18335306317123531,0.5933649010739765,0.5,0.5,-0.38835898212260594,,0.23725327849388123,0.16826623678207397,,,1.0,spike
534,30,scenario3_repeated_spike,D3QN,150,161.82841096657882,1,0.16884669489693774,0.2550773559175502,0.5,0.5,-0.21196202540724396,,0.010641047731041908,0.04983007162809372,,,1.0,spike
535,30,scenario3_repeated_spike,D3QN,150,164.64556986992093,0,0.1829034811687006,0.5926455698699209,0.5,0.5,-0.38777452551931074,,0.016127636656165123,0.047498807311058044,,,1.0,spike
536,30,scenario3_repeated_spike,D3QN,150,161.18101288292885,1,0.16861127741197415,0.25488902192957935,0.5,0.5,-0.21175014967077677,,0.03816042095422745,0.0560571551322937,,,1.0,spike
537,30,scenario3_repeated_spike,D3QN,150,158.06291159463598,1,0.16747742239804944,0.2539819379184396,0.5,0.5,-0.2107296801582445,,0.23181352019309998,0.1578746736049652,,,1.0,spike
538,30,scenario3_repeated_spike,D3QN,150,155.25662043517238,1,0.1664569528855172,0.2531655623084138,0.5,0.5,-0.2098112575969655,,0.18785065412521362,0.12379249930381775,,,1.0,spike
539,30,scenario3_repeated_spike,D3QN,150,152.73095839165515,1,0.16553853032423824,0.2524308242593906,0.5,0.5,-0.2089846772918144,,0.21185120940208435,0.14983978867530823,,,1.0,spike
540,30,scenario3_repeated_spike,D3QN,150,150.45786255248964,1,0.16471195001908714,0.25176956001526973,0.5,0.5,-0.20824075501717842,,0.044115085154771805,0.04878086596727371,,,1.0,spike
541,30,scenario3_repeated_spike,D3QN,150,148.41207629724067,1,0.16396802774445113,0.2511744221955609,0.5,0.5,-0.20757122497000602,,0.0251579899340868,0.03750123456120491,,,1.0,spike
542,30,scenario3_repeated_spike,D3QN,150,152.5708686675166,0,0.17535679291719788,0.5805708686675166,0.5,0.5,-0.37796383079235724,,0.007562884129583836,0.029108688235282898,,,1.0,spike
543,30,scenario3_repeated_spike,D3QN,150,156.31378180076496,0,0.1776961136254781,0.584313781800765,0.5,0.5,-0.38100494771312154,,0.045493897050619125,0.057081568986177444,,,1.0,spike
544,30,scenario3_repeated_spike,D3QN,150,159.68240362068846,0,0.17980150226293032,0.5876824036206885,0.5,0.5,-0.3837419529418094,,0.17606954276561737,0.15909551084041595,,,1.0,spike
545,30,scenario3_repeated_spike,D3QN,150,156.7141632586196,1,0.16698696845767985,0.2535895747661439,0.5,0.5,-0.21028827161191188,,0.1727190762758255,0.12956799566745758,,,1.0,spike
546,30,scenario3_repeated_spike,D3QN,150,160.04274693275764,0,0.18002671683297355,0.5880427469327577,0.5,0.5,-0.38403473188286563,,0.17102353274822235,0.13408665359020233,,,1.0,spike
547,30,scenario3_repeated_spike,D3QN,150,157.03847223948188,1,0.1671048989961752,0.25368391919694017,0.5,0.5,-0.21039440909655768,,0.1535845249891281,0.12719082832336426,,,1.0,spike
548,30,scenario3_repeated_spike,D3QN,150,160.3346250155337,0,0.18020914063470858,0.5883346250155337,0.5,0.5,-0.38427188282512115,,0.03041384369134903,0.054589129984378815,,,1.0,spike
549,30,scenario3_repeated_spike,D3QN,150,163.30116251398033,0,0.18206322657123772,0.5913011625139803,0.5,0.5,-0.38668219454260905,,0.020336072891950607,0.044289566576480865,,,1.0,spike
550,30,scenario3_repeated_spike,D3QN,150,165.9710462625823,0,0.18373190391411395,0.5939710462625823,0.5,0.5,-0.38885147508834816,,0.1032957062125206,0.11084532737731934,,,1.0,spike
551,30,scenario3_repeated_spike,D3QN,150,168.37394163632408,0,0.18523371352270257,0.5963739416363241,0.5,0.5,-0.3908038275795133,,0.026985961943864822,0.047628503292798996,,,1.0,spike
552,30,scenario3_repeated_spike,D3QN,150,164.53654747269167,1,0.1698314718082515,0.2558651774466012,0.5,0.5,-0.21284832462742637,,1.906559944152832,0.48996832966804504,,,1.0,spike
553,30,scenario3_repeated_spike,D3QN,150,167.0828927254225,0,0.1844268079533891,0.5950828927254226,0.5,0.5,-0.3897548503394058,,2.1401891708374023,0.5246216058731079,,,1.0,spike
554,30,scenario3_repeated_spike,D3QN,150,163.37460345288025,1,0.1694089467101383,0.25552715736811066,0.5,0.5,-0.21246805203912447,,1.5018419027328491,0.40462440252304077,,,1.0,spike
555,30,scenario3_repeated_spike,D3QN,150,166.03714310759224,0,0.18377321444224515,0.5940371431075923,0.5,0.5,-0.3889051787749187,,1.4305635690689087,0.4247521758079529,,,1.0,spike
556,30,scenario3_repeated_spike,D3QN,150,162.43342879683303,1,0.16906670138066657,0.2552533611045333,0.5,0.5,-0.2121600312425999,,0.09008444845676422,0.04630497097969055,,,1.0,spike
557,30,scenario3_repeated_spike,D3QN,150,159.19008591714973,1,0.16788730396987261,0.2543098431758981,0.5,0.5,-0.21109857357288536,,0.504793643951416,0.20763057470321655,,,1.0,spike
558,30,scenario3_repeated_spike,D3QN,150,156.27107732543476,1,0.16682584630015812,0.25346067704012654,0.5,0.5,-0.21014326167014233,,0.27483293414115906,0.17702017724514008,,,1.0,spike
559,30,scenario3_repeated_spike,D3QN,150,153.6439695928913,1,0.16587053439741503,0.25269642751793203,0.5,0.5,-0.20928348095767352,,0.07440502196550369,0.0942893996834755,,,1.0,spike
560,30,scenario3_repeated_spike,D3QN,150,151.27957263360216,1,0.16501075368494625,0.252008602947957,0.5,0.5,-0.20850967831645162,,0.0018481425940990448,0.022411849349737167,,,1.0,spike
561,30,scenario3_repeated_spike,D3QN,150,149.15161537024196,1,0.16423695104372435,0.2513895608349795,0.5,0.5,-0.2078132559393519,,0.0692451149225235,0.1110154390335083,,,1.0,spike
562,30,scenario3_repeated_spike,D3QN,150,153.23645383321775,0,0.1757727836457611,0.5812364538332178,0.5,0.5,-0.37850461873948943,,0.9260247945785522,0.2610741853713989,,,1.0,spike
563,30,scenario3_repeated_spike,D3QN,150,150.91280844989598,1,0.16487738489087128,0.25190190791269707,0.5,0.5,-0.20838964640178417,,1.5622936487197876,0.40522512793540955,,,1.0,spike
564,30,scenario3_repeated_spike,D3QN,150,154.82152760490638,0,0.1767634547530665,0.5828215276049065,0.5,0.5,-0.3797924911789865,,2.2952942848205566,0.5607850551605225,,,1.0,spike
565,30,scenario3_repeated_spike,D3QN,150,158.33937484441574,0,0.17896210927775985,0.5863393748444158,0.5,0.5,-0.38265074206108785,,1.833116054534912,0.46488475799560547,,,1.0,spike
566,30,scenario3_repeated_spike,D3QN,150,155.50543735997417,1,0.16654743176726336,0.25323794541381073,0.5,0.5,-0.20989268859053706,,1.272917628288269,0.3313276767730713,,,1.0,spike
567,30,scenario3_repeated_spike,D3QN,150,158.95489362397674,0,0.1793468085149855,0.5869548936239768,0.5,0.5,-0.38315085106948116,,0.7239343523979187,0.23158134520053864,,,1.0,spike
568,30,scenario3_repeated_spike,D3QN,150,162.05940426157906,0,0.18128712766348692,0.5900594042615791,0.5,0.5,-0.38567326596253304,,2.332166910171509,0.6095597743988037,,,1.0,spike
569,30,scenario3_repeated_spike,D3QN,150,164.85346383542117,0,0.18303341489713823,0.5928534638354211,0.5,0.5,-0.3879434393662797,,1.5306142568588257,0.503096342086792,,,1.0,spike
570,30,scenario3_repeated_spike,D3QN,150,167.36811745187904,0,0.1846050734074244,0.595368117451879,0.5,0.5,-0.3899865954296517,,0.41808879375457764,0.22525109350681305,,,1.0,spike
571,30,scenario3_repeated_spike,D3QN,150,169.63130570669114,0,0.186019566066682,0.5976313057066912,0.5,0.5,-0.3918254358866866,,0.3241272270679474,0.16289818286895752,,,1.0,spike
572,30,scenario3_repeated_spike,D3QN,150,165.66817513602203,1,0.1702429727767353,0.25619437822138824,0.5,0.5,-0.21321867549906176,,0.3530597984790802,0.2238641381263733,,,1.0,spike
573,30,scenario3_repeated_spike,D3QN,150,168.10135762241984,0,0.1850633485140124,0.5961013576224199,0.5,0.5,-0.39058235306821615,,0.07869862020015717,0.10399338603019714,,,1.0,spike
574,30,scenario3_repeated_spike,D3QN,150,170.29122186017787,0,0.1864320136626112,0.5982912218601779,0.5,0.5,-0.39236161776139455,,0.13631844520568848,0.13307031989097595,,,1.0,spike
575,30,scenario3_repeated_spike,D3QN,150,166.26209967416008,1,0.1704589453360582,0.2563671562688466,0.5,0.5,-0.2134130508024524,,0.177560493350029,0.14292730391025543,,,1.0,spike
576,30,scenario3_repeated_spike,D3QN,150,162.63588970674408,1,0.16914032352972513,0.2553122588237801,0.5,0.5,-0.21222629117675262,,0.19889751076698303,0.19505518674850464,,,1.0,spike
577,30,scenario3_repeated_spike,D3QN,150,159.3723007360697,1,0.16795356390402535,0.2543628511232203,0.5,0.5,-0.21115820751362285,,1.652099609375,0.3703806400299072,,,1.0,spike
578,30,scenario3_repeated_spike,D3QN,150,156.43507066246272,1,0.16688548024089553,0.25350838419271643,0.5,0.5,-0.21019693221680597,,3.0355522632598877,0.7437218427658081,,,1.0,spike
579,30,scenario3_repeated_spike,D3QN,150,153.79156359621646,1,0.16592420494407872,0.252739363955263,0.5,0.5,-0.20933178444967085,,1.5921248197555542,0.43740832805633545,,,1.0,spike
580,30,scenario3_repeated_spike,D3QN,150,151.41240723659482,1,0.16505905717694358,0.2520472457415549,0.5,0.5,-0.20855315145924924,,1.7208423614501953,0.46735644340515137,,,1.0,spike
581,30,scenario3_repeated_spike,D3QN,150,149.27116651293534,1,0.16428042418652195,0.2514243393492176,0.5,0.5,-0.20785238176786977,,1.7467972040176392,0.500345766544342,,,1.0,spike
582,30,scenario3_repeated_spike,D3QN,150,147.34404986164182,1,0.16357965449514247,0.250863723596114,0.5,0.5,-0.2072216890456282,,1.1438885927200317,0.37149757146835327,,,1.0,spike
583,30,scenario3_repeated_spike,D3QN,150,145.60964487547764,1,0.16294896177290094,0.25035916941832076,0.5,0.5,-0.20665406559561084,,1.2472692728042603,0.47562897205352783,,,1.0,spike
584,30,scenario3_repeated_spike,D3QN,150,144.0486803879299,1,0.1623813383228836,0.24990507065830692,0.5,0.5,-0.20614320449059526,,0.34914833307266235,0.16199421882629395,,,1.0,spike
585,30,scenario3_repeated_spike,D3QN,150,142.6438123491369,1,0.161870477217868,0.2494963817742944,0.5,0.5,-0.2056834294960812,,0.38308972120285034,0.244440495967865,,,1.0,spike
586,30,scenario3_repeated_spike,D3QN,150,141.37943111422322,1,0.1614107022233539,0.24912856177868314,0.5,0.5,-0.20526963200101853,,0.044524237513542175,0.06623698770999908,,,1.0,spike
587,30,scenario3_repeated_spike,D3QN,150,140.2414880028009,1,0.16099690472829126,0.24879752378263303,0.5,0.5,-0.20489721425546215,,0.06077778711915016,0.11020909994840622,,,1.0,spike
588,30,scenario3_repeated_spike,D3QN,150,139.2173392025208,1,0.16062448698273485,0.2484995895861879,0.5,0.5,-0.20456203828446137,,0.07368635386228561,0.10806825757026672,,,1.0,spike
589,30,scenario3_repeated_spike,D3QN,150,144.29560528226872,0,0.17018475330141797,0.5722956052822687,0.5,0.5,-0.3712401792918434,,0.14393603801727295,0.17025095224380493,,,1.0,spike
590,30,scenario3_repeated_spike,D3QN,150,142.86604475404187,1,0.16195128900146977,0.24956103120117584,0.5,0.5,-0.2057561601013228,,0.28107893466949463,0.26246678829193115,,,1.0,spike
591,30,scenario3_repeated_spike,D3QN,150,141.5794402786377,1,0.16148343282859554,0.24918674626287646,0.5,0.5,-0.20533508954573598,,0.369123250246048,0.31452709436416626,,,1.0,spike
592,30,scenario3_repeated_spike,D3QN,150,146.42149625077394,0,0.17151343515673373,0.574421496250774,0.5,0.5,-0.37296746570375383,,0.34589171409606934,0.3100700378417969,,,1.0,spike
593,30,scenario3_repeated_spike,D3QN,150,144.77934662569655,1,0.16264703513661694,0.25011762810929355,0.5,0.5,-0.20638233162295525,,1.7807388305664062,0.5243673324584961,,,1.0,spike
594,30,scenario3_repeated_spike,D3QN,150,149.3014119631269,0,0.17331338247695433,0.5773014119631269,0.5,0.5,-0.3753073972200406,,2.7354178428649902,0.7379744052886963,,,1.0,spike
595,30,scenario3_repeated_spike,D3QN,150,153.3712707668142,0,0.17585704422925888,0.5813712707668142,0.5,0.5,-0.3786141574980365,,1.6580944061279297,0.4505815804004669,,,1.0,spike
596,30,scenario3_repeated_spike,D3QN,150,151.0341436901328,1,0.16492150679641193,0.25193720543712955,0.5,0.5,-0.20842935611677074,,1.0536091327667236,0.3997485637664795,,,1.0,spike
597,30,scenario3_repeated_spike,D3QN,150,154.93072932111951,0,0.1768317058256997,0.5829307293211196,0.5,0.5,-0.37988121757340965,,0.9728103876113892,0.39810821413993835,,,1.0,spike
598,30,scenario3_repeated_spike,D3QN,150,158.43765638900757,0,0.17902353524312975,0.5864376563890076,0.5,0.5,-0.38273059581606866,,0.32933130860328674,0.19946858286857605,,,1.0,spike
599,30,scenario3_repeated_spike,D3QN,150,155.59389075010682,1,0.16657959663640248,0.253263677309122,0.5,0.5,-0.20992163697276225,,0.0897819772362709,0.11415666341781616,,,1.0,spike
600,30,scenario3_repeated_spike,D3QN,150,159.03450167509615,0,0.17939656354693512,0.5870345016750962,0.5,0.5,-0.38321553261101565,,0.09759511798620224,0.1870361864566803,,,1.0,spike
601,30,scenario3_repeated_spike,D3QN,150,162.13105150758653,0,0.1813319071922416,0.5901310515075866,0.5,0.5,-0.3857314793499141,,0.39878135919570923,0.32544058561325073,,,1.0,spike
602,30,scenario3_repeated_spike,D3QN,150,158.91794635682788,1,0.1677883441297556,0.2542306753038045,0.5,0.5,-0.21100950971678006,,0.30885833501815796,0.27101588249206543,,,1.0,spike
603,30,scenario3_repeated_spike,D3QN,150,162.0261517211451,0,0.18126634482571571,0.5900261517211451,0.5,0.5,-0.3856462482734304,,0.4455867409706116,0.3166905641555786,,,1.0,spike
604,30,scenario3_repeated_spike,D3QN,150,164.8235365490306,0,0.18301471034314412,0.5928235365490306,0.5,0.5,-0.38791912344608737,,0.32757773995399475,0.27717068791389465,,,1.0,spike
605,30,scenario3_repeated_spike,D3QN,150,167.34118289412754,0,0.18458823930882973,0.5953411828941275,0.5,0.5,-0.3899647111014786,,0.3664073944091797,0.3123816251754761,,,1.0,spike
606,30,scenario3_repeated_spike,D3QN,150,169.6070646047148,0,0.18600441537794676,0.5976070646047148,0.5,0.5,-0.3918057399913308,,0.25379297137260437,0.2739799916744232,,,1.0,spike
607,30,scenario3_repeated_spike,D3QN,150,171.64635814424332,0,0.1872789738401521,0.5996463581442434,0.5,0.5,-0.39346266599219776,,0.2475598305463791,0.2749897539615631,,,1.0,spike
608,30,scenario3_repeated_spike,D3QN,150,167.481722329819,1,0.17090244448357056,0.25672195558685645,0.5,0.5,-0.2138122000352135,,0.1113179624080658,0.202322319149971,,,1.0,spike
609,30,scenario3_repeated_spike,D3QN,150,163.73355009683712,1,0.16953947276248624,0.255631578209989,0.5,0.5,-0.2125855254862376,,0.01881265453994274,0.11105918884277344,,,1.0,spike
610,30,scenario3_repeated_spike,D3QN,150,166.36019508715341,0,0.1839751219294709,0.5943601950871534,0.5,0.5,-0.38916765850831214,,0.27538585662841797,0.29418066143989563,,,1.0,spike
611,30,scenario3_repeated_spike,D3QN,150,162.72417557843806,1,0.1691724274830684,0.25533794198645476,0.5,0.5,-0.21225518473476157,,0.47801586985588074,0.407398521900177,,,1.0,spike
612,30,scenario3_repeated_spike,D3QN,150,165.45175802059427,0,0.18340734876287143,0.5934517580205942,0.5,0.5,-0.38842955339173285,,0.4974922835826874,0.38235047459602356,,,1.0,spike
613,30,scenario3_repeated_spike,D3QN,150,161.90658221853485,1,0.16887512080673994,0.25510009664539196,0.5,0.5,-0.21198760872606595,,0.3789547085762024,0.31352582573890686,,,1.0,spike
614,30,scenario3_repeated_spike,D3QN,150,158.71592399668137,1,0.16771488145333868,0.25417190516267096,0.5,0.5,-0.21094339330800482,,0.3119354248046875,0.2782219350337982,,,1.0,spike
615,30,scenario3_repeated_spike,D3QN,150,155.84433159701322,1,0.16667066603527755,0.25333653282822205,0.5,0.5,-0.2100035994317498,,0.37689855694770813,0.29604387283325195,,,1.0,spike
616,30,scenario3_repeated_spike,D3QN,150,159.2598984373119,0,0.17953743652331997,0.587259898437312,0.5,0.5,-0.383398667480316,,0.44861507415771484,0.3801061511039734,,,1.0,spike
617,30,scenario3_repeated_spike,D3QN,150,156.33390859358073,1,0.16684869403402935,0.2534789552272235,0.5,0.5,-0.21016382463062644,,0.1697874367237091,0.22912800312042236,,,1.0,spike
618,30,scenario3_repeated_spike,D3QN,150,159.70051773422267,0,0.17981282358388917,0.5877005177342227,0.5,0.5,-0.38375667065905594,,0.11898799240589142,0.2076570689678192,,,1.0,spike
619,30,scenario3_repeated_spike,D3QN,150,156.73046596080042,1,0.16699289671301834,0.2535943173704147,0.5,0.5,-0.2102936070417165,,0.02927035093307495,0.12592458724975586,,,1.0,spike
620,30,scenario3_repeated_spike,D3QN,150,160.05741936472037,0,0.18003588710295026,0.5880574193647204,0.5,0.5,-0.38404665323383536,,0.04757783189415932,0.14569664001464844,,,1.0,spike
621,30,scenario3_repeated_spike,D3QN,150,157.05167742824835,1,0.16710970088299942,0.25368776070639953,0.5,0.5,-0.21039873079469948,,0.08781769871711731,0.17687612771987915,,,1.0,spike
622,30,scenario3_repeated_spike,D3QN,150,160.3465096854235,0,0.18021656855338972,0.5883465096854236,0.5,0.5,-0.38428153911940666,,0.04107695817947388,0.11980811506509781,,,1.0,spike
623,30,scenario3_repeated_spike,D3QN,150,157.31185871688118,1,0.16720431226068408,0.25376344980854726,0.5,0.5,-0.21048388103461568,,0.10500824451446533,0.20040014386177063,,,1.0,spike
624,30,scenario3_repeated_spike,D3QN,150,154.58067284519305,1,0.1662111537618884,0.25296892300951074,0.5,0.5,-0.20959003838569956,,0.09822753816843033,0.1732461154460907,,,1.0,spike
625,30,scenario3_repeated_spike,D3QN,150,158.12260556067375,0,0.1788266284754211,0.5861226055606737,0.5,0.5,-0.3824746170180474,,0.4198701083660126,0.3228083848953247,,,1.0,spike
626,30,scenario3_repeated_spike,D3QN,150,161.31034500460638,0,0.180818965627879,0.5893103450046064,0.5,0.5,-0.38506465531624273,,0.20617222785949707,0.22081051766872406,,,1.0,spike
627,30,scenario3_repeated_spike,D3QN,150,164.17931050414575,0,0.1826120690650911,0.5921793105041457,0.5,0.5,-0.3873956897846184,,0.06980770826339722,0.13809050619602203,,,1.0,spike
628,30,scenario3_repeated_spike,D3QN,150,166.76137945373117,0,0.184225862158582,0.5947613794537312,0.5,0.5,-0.38949362080615657,,0.09820152074098587,0.19474276900291443,,,1.0,spike
629,30,scenario3_repeated_spike,D3QN,150,169.08524150835805,0,0.1856782759427238,0.5970852415083581,0.5,0.5,-0.39138175872554093,,0.020303845405578613,0.11352291703224182,,,1.0,spike
630,30,scenario3_repeated_spike,D3QN,150,171.17671735752225,0,0.18698544834845143,0.5991767173575223,0.5,0.5,-0.3930810828529869,,0.05428072810173035,0.1511797457933426,,,1.0,spike
631,30,scenario3_repeated_spike,D3QN,150,167.05904562177003,1,0.17074874386246183,0.2565989950899695,0.5,0.5,-0.21367386947621564,,0.5024375319480896,0.346457302570343,,,1.0,spike
632,30,scenario3_repeated_spike,D3QN,150,163.353141059593,1,0.1694011422034884,0.25552091376279074,0.5,0.5,-0.21246102798313957,,0.8477861881256104,0.47913357615470886,,,1.0,spike
633,30,scenario3_repeated_spike,D3QN,150,160.01782695363372,1,0.16818830071041227,0.2545506405683298,0.5,0.5,-0.21136947063937106,,0.9203645586967468,0.4966150224208832,,,1.0,spike
634,30,scenario3_repeated_spike,D3QN,150,157.01604425827034,1,0.1670967433666438,0.2536773946933151,0.5,0.5,-0.21038706902997945,,0.7177786827087402,0.44315198063850403,,,1.0,spike
635,30,scenario3_repeated_spike,D3QN,150,154.3144398324433,1,0.16611434175725212,0.2528914734058017,0.5,0.5,-0.2095029075815269,,1.1314764022827148,0.6360228657722473,,,1.0,spike
636,30,scenario3_repeated_spike,D3QN,150,151.88299584919898,1,0.16523018030879963,0.2521841442470397,0.5,0.5,-0.2087071622779197,,0.8919764161109924,0.5524157881736755,,,1.0,spike
637,30,scenario3_repeated_spike,D3QN,150,155.6946962642791,0,0.17730918516517447,0.5836946962642792,0.5,0.5,-0.3805019407147268,,0.38001829385757446,0.34197181463241577,,,1.0,spike
638,30,scenario3_repeated_spike,D3QN,150,153.12522663785117,1,0.16568190059558227,0.25254552047646583,0.5,0.5,-0.20911371053602407,,0.2547411322593689,0.28476810455322266,,,1.0,spike
639,30,scenario3_repeated_spike,D3QN,150,150.81270397406607,1,0.16484098326329677,0.25187278661063744,0.5,0.5,-0.2083568849369671,,0.11816835403442383,0.1987931728363037,,,1.0,spike
640,30,scenario3_repeated_spike,D3QN,150,148.73143357665947,1,0.1640841576642398,0.25126732613139185,0.5,0.5,-0.20767574189781585,,0.03959089145064354,0.1314408928155899,,,1.0,spike
641,30,scenario3_repeated_spike,D3QN,150,146.85829021899352,1,0.16340301462508855,0.25072241170007087,0.5,0.5,-0.2070627131625797,,0.06068034470081329,0.1386774480342865,,,1.0,spike
642,30,scenario3_repeated_spike,D3QN,150,145.17246119709418,1,0.16278998588985244,0.25023198871188196,0.5,0.5,-0.2065109873008672,,0.06169740483164787,0.14617383480072021,,,1.0,spike
643,30,scenario3_repeated_spike,D3QN,150,149.65521507738475,0,0.17353450942336549,0.5776552150773848,0.5,0.5,-0.37559486225037514,,0.17032398283481598,0.22957468032836914,,,1.0,spike
644,30,scenario3_repeated_spike,D3QN,150,153.6896935696463,0,0.17605605848102895,0.5816896935696463,0.5,0.5,-0.3788728760253376,,0.18510638177394867,0.25454625487327576,,,1.0,spike
645,30,scenario3_repeated_spike,D3QN,150,151.32072421268168,1,0.16502571789552062,0.2520205743164165,0.5,0.5,-0.20852314610596856,,0.16746334731578827,0.22467344999313354,,,1.0,spike
646,30,scenario3_repeated_spike,D3QN,150,149.18865179141352,1,0.16425041883324126,0.25140033506659304,0.5,0.5,-0.20782537694991715,,0.09616921097040176,0.17071759700775146,,,1.0,spike
647,30,scenario3_repeated_spike,D3QN,150,147.26978661227218,1,0.16355264967718988,0.2508421197417519,0.5,0.5,-0.2071973847094709,,0.06644138693809509,0.14698627591133118,,,1.0,spike
648,30,scenario3_repeated_spike,D3QN,150,145.54280795104498,1,0.16292465743674364,0.2503397259493949,0.5,0.5,-0.2066321916930693,,0.037132810801267624,0.12483461201190948,,,1.0,spike
649,30,scenario3_repeated_spike,D3QN,150,143.9885271559405,1,0.162359464420342,0.2498875715362736,0.5,0.5,-0.2061235179783078,,0.015229878947138786,0.09302757680416107,,,1.0,spike
650,30,scenario3_repeated_spike,D3QN,150,142.58967444034644,1,0.16185079070558053,0.24948063256446446,0.5,0.5,-0.2056657116350225,,0.015178046189248562,0.09219764173030853,,,1.0,spike
651,30,scenario3_repeated_spike,D3QN,150,141.3307069963118,1,0.1613929843622952,0.24911438748983616,0.5,0.5,-0.2052536859260657,,0.03305695205926895,0.12348691374063492,,,1.0,spike
652,30,scenario3_repeated_spike,D3QN,150,140.19763629668063,1,0.1609809586533384,0.2487847669226707,0.5,0.5,-0.20488286278800455,,0.07966260612010956,0.19535857439041138,,,1.0,spike
653,30,scenario3_repeated_spike,D3QN,150,139.17787266701256,1,0.1606101355152773,0.24848810841222185,0.5,0.5,-0.20454912196374958,,0.07428751140832901,0.18515074253082275,,,1.0,spike
654,30,scenario3_repeated_spike,D3QN,150,138.2600854003113,1,0.1602763946910223,0.24822111575281786,0.5,0.5,-0.2042487552219201,,0.05606423318386078,0.16220331192016602,,,1.0,spike
655,30,scenario3_repeated_spike,D3QN,150,137.4340768602802,1,0.1599760279491928,0.24798082235935426,0.5,0.5,-0.20397842515427353,,0.029380323365330696,0.11890306323766708,,,1.0,spike
656,30,scenario3_repeated_spike,D3QN,150,136.69066917425215,1,0.15970569788154623,0.24776455830523703,0.5,0.5,-0.20373512809339162,,0.005033601075410843,0.05941792577505112,,,1.0,spike
657,30,scenario3_repeated_spike,D3QN,150,136.02160225682695,1,0.15946240082066435,0.2475699206565315,0.5,0.5,-0.2035161607385979,,0.007970890961587429,0.07292956858873367,,,1.0,spike
658,30,scenario3_repeated_spike,D3QN,150,135.41944203114426,1,0.15924343346587067,0.24739474677269657,0.5,0.5,-0.20331909011928362,,0.012306352145969868,0.08461334556341171,,,1.0,spike
659,30,scenario3_repeated_spike,D3QN,150,134.87749782802985,1,0.15904636284655632,0.24723709027724505,0.5,0.5,-0.2031417265619007,,0.02225225791335106,0.09036822617053986,,,1.0,spike
660,30,scenario3_repeated_spike,D3QN,150,134.38974804522687,1,0.15886899928917342,0.24709519943133873,0.5,0.5,-0.20298209936025607,,0.003811747534200549,0.05555476248264313,,,1.0,spike
661,30,scenario3_repeated_spike,D3QN,150,133.95077324070417,1,0.15870937208752878,0.24696749767002302,0.5,0.5,-0.2028384348787759,,0.011018864810466766,0.07040700316429138,,,1.0,spike
662,30,scenario3_repeated_spike,D3QN,150,133.55569591663374,1,0.15856570760604866,0.24685256608483896,0.5,0.5,-0.2027091368454438,,0.029345164075493813,0.09078358113765717,,,1.0,spike
663,30,scenario3_repeated_spike,D3QN,150,133.20012632497037,1,0.15843640957271649,0.2467491276581732,0.5,0.5,-0.20259276861544484,,0.022388504818081856,0.09006842225790024,,,1.0,spike
664,30,scenario3_repeated_spike,D3QN,150,132.88011369247334,1,0.15832004134271757,0.24665603307417405,0.5,0.5,-0.20248803720844583,,0.003578455653041601,0.047856591641902924,,,1.0,spike
665,30,scenario3_repeated_spike,D3QN,150,132.59210232322602,1,0.15821530993571856,0.24657224794857485,0.5,0.5,-0.20239377894214672,,0.008052174001932144,0.060637906193733215,,,1.0,spike
666,30,scenario3_repeated_spike,D3QN,150,132.3328920909034,1,0.15812105166941942,0.24649684133553557,0.5,0.5,-0.2023089465024775,,0.01245801243931055,0.07680771499872208,,,1.0,spike
667,30,scenario3_repeated_spike,D3QN,150,132.09960288181307,1,0.1580362192297502,0.24642897538380015,0.5,0.5,-0.20223259730677517,,0.010900622233748436,0.07202675938606262,,,1.0,spike
668,30,scenario3_repeated_spike,D3QN,150,131.88964259363178,1,0.15795987003404793,0.24636789602723835,0.5,0.5,-0.20216388303064314,,0.015896733850240707,0.06779822707176208,,,1.0,spike
669,30,scenario3_repeated_spike,D3QN,150,137.70067833426862,0,0.1660629239589179,0.5657006783342686,0.5,0.5,-0.36588180114659324,,0.004706932231783867,0.046263910830020905,,,1.0,spike
670,30,scenario3_repeated_spike,D3QN,150,136.93061050084174,1,0.15979294927303336,0.2478343594184267,0.5,0.5,-0.20381365434573,,0.02479705773293972,0.08534778654575348,,,1.0,spike
671,30,scenario3_repeated_spike,D3QN,150,136.23754945075757,1,0.15954092707300277,0.2476327416584022,0.5,0.5,-0.2035868343657025,,0.0039625102654099464,0.04704740270972252,,,1.0,spike
672,30,scenario3_repeated_spike,D3QN,150,135.61379450568182,1,0.1593141070929752,0.24745128567438018,0.5,0.5,-0.20338269638367767,,0.010966016910970211,0.04618176072835922,,,1.0,spike
673,30,scenario3_repeated_spike,D3QN,150,141.05241505511364,0,0.16815775940944605,0.5690524150551137,0.5,0.5,-0.3686050872322799,,0.005042062606662512,0.05285942554473877,,,1.0,spike
674,30,scenario3_repeated_spike,D3QN,150,139.94717354960227,1,0.16088988129076448,0.2487119050326116,0.5,0.5,-0.20480089316168804,,0.010328753851354122,0.041193313896656036,,,1.0,spike
675,30,scenario3_repeated_spike,D3QN,150,138.95245619464202,1,0.1605281658889607,0.2484225327111686,0.5,0.5,-0.20447534930006467,,0.0010921228677034378,0.02596961334347725,,,1.0,spike
676,30,scenario3_repeated_spike,D3QN,150,138.0572105751778,1,0.1602026220273374,0.24816209762186991,0.5,0.5,-0.20418235982460364,,0.0036924886517226696,0.03872440755367279,,,1.0,spike
677,30,scenario3_repeated_spike,D3QN,150,137.25148951766005,1,0.15990963255187637,0.2479277060415011,0.5,0.5,-0.20391866929668873,,0.0030670862179249525,0.030984515324234962,,,1.0,spike
678,30,scenario3_repeated_spike,D3QN,150,136.52634056589403,1,0.15964594202396146,0.24771675361916917,0.5,0.5,-0.20368134782156533,,0.003376141656190157,0.03518689423799515,,,1.0,spike
679,30,scenario3_repeated_spike,D3QN,150,135.8737065093046,1,0.15940862054883806,0.24752689643907044,0.5,0.5,-0.20346775849395426,,0.003077676286920905,0.027798814699053764,,,1.0,spike
680,30,scenario3_repeated_spike,D3QN,150,135.28633585837417,1,0.159195031221227,0.24735602497698161,0.5,0.5,-0.20327552809910432,,0.01608925871551037,0.04781270772218704,,,1.0,spike
681,30,scenario3_repeated_spike,D3QN,150,134.75770227253676,1,0.159002800826377,0.24720224066110164,0.5,0.5,-0.2031025207437393,,0.002625702414661646,0.030893798917531967,,,1.0,spike
682,30,scenario3_repeated_spike,D3QN,150,134.2819320452831,1,0.15882979347101203,0.24706383477680965,0.5,0.5,-0.20294681412391086,,0.003923504147678614,0.03274442255496979,,,1.0,spike
683,30,scenario3_repeated_spike,D3QN,150,133.85373884075477,1,0.15867408685118356,0.24693926948094685,0.5,0.5,-0.2028066781660652,,0.002101513557136059,0.02792264148592949,,,1.0,spike
684,30,scenario3_repeated_spike,D3QN,150,133.4683649566793,1,0.15853395089333794,0.24682716071467037,0.5,0.5,-0.20268055580400415,,0.0021228583063930273,0.027780726552009583,,,1.0,spike
685,30,scenario3_repeated_spike,D3QN,150,133.12152846101137,1,0.15840782853127686,0.24672626282502153,0.5,0.5,-0.2025670456781492,,0.0134833212941885,0.037078529596328735,,,1.0,spike
686,30,scenario3_repeated_spike,D3QN,150,132.80937561491024,1,0.1582943184054219,0.24663545472433757,0.5,0.5,-0.20246488656487974,,0.011952105909585953,0.0347604975104332,,,1.0,spike
687,30,scenario3_repeated_spike,D3QN,150,132.52843805341922,1,0.15819215929215244,0.24655372743372195,0.5,0.5,-0.2023729433629372,,0.012084703892469406,0.03617120534181595,,,1.0,spike
688,30,scenario3_repeated_spike,D3QN,150,132.2755942480773,1,0.15810021609020994,0.24648017287216795,0.5,0.5,-0.20229019448118896,,0.002336022211238742,0.028114378452301025,,,1.0,spike
689,30,scenario3_repeated_spike,D3QN,150,138.04803482326957,0,0.16628002176454348,0.5660480348232696,0.5,0.5,-0.36616402829390654,,0.016353316605091095,0.05694742500782013,,,1.0,spike
690,30,scenario3_repeated_spike,D3QN,150,137.2432313409426,1,0.15990662957852458,0.24792530366281967,0.5,0.5,-0.20391596662067213,,0.001837021205574274,0.02727145329117775,,,1.0,spike
691,30,scenario3_repeated_spike,D3QN,150,136.51890820684832,1,0.15964323934794486,0.2477145914783559,0.5,0.5,-0.20367891541315036,,0.005981456488370895,0.04685273766517639,,,1.0,spike
692,30,scenario3_repeated_spike,D3QN,150,135.8670173861635,1,0.1594061881404231,0.24752495051233847,0.5,0.5,-0.20346556932638077,,0.0017751699779182673,0.029058018699288368,,,1.0,spike
693,30,scenario3_repeated_spike,D3QN,150,135.28031564754716,1,0.1591928420536535,0.24735427364292284,0.5,0.5,-0.20327355784828816,,0.0025995944160968065,0.026699170470237732,,,1.0,spike
694,30,scenario3_repeated_spike,D3QN,150,140.75228408279244,0,0.1679701775517453,0.5687522840827924,0.5,0.5,-0.36836123081726885,,0.0019443172495812178,0.030859926715493202,,,1.0,spike
695,30,scenario3_repeated_spike,D3QN,150,145.6770556745132,0,0.17104815979657076,0.5736770556745132,0.5,0.5,-0.372362607735542,,0.002838423475623131,0.03607989475131035,,,1.0,spike
696,30,scenario3_repeated_spike,D3QN,150,144.10935010706189,1,0.16240340003893158,0.2499227200311453,0.5,0.5,-0.20616306003503843,,0.011903654783964157,0.04752042517066002,,,1.0,spike
697,30,scenario3_repeated_spike,D3QN,150,142.6984150963557,1,0.16189033276231116,0.24951226620984895,0.5,0.5,-0.20570129948608007,,0.004249912686645985,0.04185270890593529,,,1.0,spike
698,30,scenario3_repeated_spike,D3QN,150,141.42857358672012,1,0.16142857221335277,0.24914285777068224,0.5,0.5,-0.2052857149920175,,0.0012276711640879512,0.026173898950219154,,,1.0,spike
699,30,scenario3_repeated_spike,D3QN,150,140.2857162280481,1,0.16101298771929023,0.24881039017543222,0.5,0.5,-0.20491168894736123,,0.0019441433250904083,0.026005268096923828,,,1.0,spike
700,30,scenario3_repeated_spike,D3QN,150,139.2571446052433,1,0.1606389616746339,0.24851116933970713,0.5,0.5,-0.20457506550717053,,0.009240401908755302,0.09231729805469513,,,1.0,spike
701,30,scenario3_repeated_spike,D3QN,150,138.33143014471898,1,0.16030233823444326,0.24824187058755465,0.5,0.5,-0.20427210441099897,,0.01624281145632267,0.10575738549232483,,,1.0,spike
702,30,scenario3_repeated_spike,D3QN,150,137.4982871302471,1,0.15999937713827167,0.24799950171061735,0.5,0.5,-0.2039994394244445,,0.014429192990064621,0.10297983139753342,,,1.0,spike
703,30,scenario3_repeated_spike,D3QN,150,136.74845841722237,1,0.15972671215171722,0.24778136972137377,0.5,0.5,-0.20375404093654548,,0.008656290359795094,0.08486007153987885,,,1.0,spike
704,30,scenario3_repeated_spike,D3QN,150,136.07361257550014,1,0.15948131366381824,0.2475850509310546,0.5,0.5,-0.20353318229743642,,0.008054537698626518,0.08342194557189941,,,1.0,spike
705,30,scenario3_repeated_spike,D3QN,150,135.46625131795014,1,0.15926045502470915,0.24740836401976735,0.5,0.5,-0.20333440952223825,,0.014155932702124119,0.09403061121702194,,,1.0,spike
706,30,scenario3_repeated_spike,D3QN,150,134.91962618615514,1,0.15906168224951095,0.24724934579960878,0.5,0.5,-0.20315551402455986,,0.007645698264241219,0.0791730135679245,,,1.0,spike
707,30,scenario3_repeated_spike,D3QN,150,134.42766356753964,1,0.1588827867518326,0.2471062294014661,0.5,0.5,-0.20299450807664934,,0.00738230487331748,0.0746367871761322,,,1.0,spike
708,30,scenario3_repeated_spike,D3QN,150,133.98489721078568,1,0.15872178080392207,0.24697742464313766,0.5,0.5,-0.20284960272352986,,0.01357490848749876,0.08246210217475891,,,1.0,spike
709,30,scenario3_repeated_spike,D3QN,150,133.5864074897071,1,0.1585768754508026,0.24686150036064208,0.5,0.5,-0.20271918790572235,,0.007278687786310911,0.06908154487609863,,,1.0,spike
710,30,scenario3_repeated_spike,D3QN,150,133.2277667407364,1,0.15844646063299506,0.24675716850639606,0.5,0.5,-0.20260181456969556,,0.00743354856967926,0.06497585773468018,,,1.0,spike
711,30,scenario3_repeated_spike,D3QN,150,132.90499006666278,1,0.1583290872969683,0.24666326983757464,0.5,0.5,-0.20249617856727148,,0.004791581071913242,0.054463811218738556,,,1.0,spike
712,30,scenario3_repeated_spike,D3QN,150,132.6144910599965,1,0.15822345129454418,0.24657876103563536,0.5,0.5,-0.20240110616508977,,0.020300190895795822,0.07812446355819702,,,1.0,spike
713,30,scenario3_repeated_spike,D3QN,150,132.35304195399686,1,0.1581283788923625,0.24650270311389,0.5,0.5,-0.20231554100312626,,0.003999289590865374,0.03988042101264,,,1.0,spike
714,30,scenario3_repeated_spike,D3QN,150,132.11773775859717,1,0.15804281373039897,0.2464342509843192,0.5,0.5,-0.20223853235735909,,0.002222345909103751,0.03728759288787842,,,1.0,spike
715,30,scenario3_repeated_spike,D3QN,150,131.90596398273746,1,0.1579658050846318,0.24637264406770543,0.5,0.5,-0.2021692245761686,,0.0029645005706697702,0.031681228429079056,,,1.0,spike
716,30,scenario3_repeated_spike,D3QN,150,131.7153675844637,1,0.15789649730344135,0.24631719784275308,0.5,0.5,-0.20210684757309721,,0.0031149534042924643,0.030778083950281143,,,1.0,spike
717,30,scenario3_repeated_spike,D3QN,150,137.54383082601734,0,0.16596489426626085,0.5655438308260173,0.5,0.5,-0.3657543625461391,,0.012959957122802734,0.047098055481910706,,,1.0,spike
718,30,scenario3_repeated_spike,D3QN,150,136.78944774341562,1,0.15974161736124207,0.24779329388899368,0.5,0.5,-0.2037674556251179,,0.014737682417035103,0.05089487507939339,,,1.0,spike
719,30,scenario3_repeated_spike,D3QN,150,136.11050296907405,1,0.15949472835239056,0.24759578268191246,0.5,0.5,-0.20354525551715152,,0.0012408095644786954,0.024446705356240273,,,1.0,spike
720,30,scenario3_repeated_spike,D3QN,150,135.49945267216663,1,0.15927252824442423,0.2474180225955394,0.5,0.5,-0.20334527541998182,,0.010251102037727833,0.06014727056026459,,,1.0,spike
721,30,scenario3_repeated_spike,D3QN,150,140.94950740494997,0,0.16809344212809374,0.56894950740495,0.5,0.5,-0.36852147476652186,,0.013015372678637505,0.07103085517883301,,,1.0,spike
722,30,scenario3_repeated_spike,D3QN,150,139.85455666445498,1,0.16085620242343818,0.24868496193875056,0.5,0.5,-0.20477058218109437,,0.011853368021547794,0.050715796649456024,,,1.0,spike
723,30,scenario3_repeated_spike,D3QN,150,144.8691009980095,0,0.17054318812375593,0.5728691009980095,0.5,0.5,-0.3717061445608827,,0.004956311546266079,0.04525195434689522,,,1.0,spike
724,30,scenario3_repeated_spike,D3QN,150,143.38219089820853,1,0.16213897850843947,0.24971118280675159,0.5,0.5,-0.20592508065759552,,0.0037495160941034555,0.039568398147821426,,,1.0,spike
725,30,scenario3_repeated_spike,D3QN,150,142.04397180838768,1,0.16165235338486825,0.24932188270789463,0.5,0.5,-0.20548711804638142,,0.014109505340456963,0.06465879827737808,,,1.0,spike
726,30,scenario3_repeated_spike,D3QN,150,140.83957462754893,1,0.16121439077365415,0.24897151261892336,0.5,0.5,-0.20509295169628877,,0.008085079491138458,0.057508520781993866,,,1.0,spike
727,30,scenario3_repeated_spike,D3QN,150,139.75561716479405,1,0.16082022442356148,0.24865617953884922,0.5,0.5,-0.20473820198120535,,0.01644109934568405,0.06969548016786575,,,1.0,spike
728,30,scenario3_repeated_spike,D3QN,150,138.78005544831464,1,0.16046547470847805,0.24837237976678245,0.5,0.5,-0.20441892723763025,,0.00835221167653799,0.0702076107263565,,,1.0,spike
729,30,scenario3_repeated_spike,D3QN,150,137.90204990348317,1,0.16014619996490295,0.2481169599719224,0.5,0.5,-0.2041315799684127,,0.002614907454699278,0.04370194673538208,,,1.0,spike
730,30,scenario3_repeated_spike,D3QN,150,137.11184491313486,1,0.15985885269568542,0.24788708215654837,0.5,0.5,-0.20387296742611688,,0.008124169893562794,0.07115468382835388,,,1.0,spike
731,30,scenario3_repeated_spike,D3QN,150,136.40066042182139,1,0.15960024015338958,0.2476801921227117,0.5,0.5,-0.20364021613805064,,0.0029872942250221968,0.04669089615345001,,,1.0,spike
732,30,scenario3_repeated_spike,D3QN,150,135.76059437963926,1,0.15936748886532337,0.24749399109225872,0.5,0.5,-0.20343073997879105,,0.00785189587622881,0.06703940033912659,,,1.0,spike
733,30,scenario3_repeated_spike,D3QN,150,135.18453494167534,1,0.15915801270606378,0.24732641016485102,0.5,0.5,-0.2032422114354574,,0.005112276878207922,0.05603904277086258,,,1.0,spike
734,30,scenario3_repeated_spike,D3QN,150,134.6660814475078,1,0.1589694841627301,0.24717558733018408,0.5,0.5,-0.2030725357464571,,0.009298599325120449,0.04945284128189087,,,1.0,spike
735,30,scenario3_repeated_spike,D3QN,150,140.199473302757,0,0.16762467081422316,0.5681994733027571,0.5,0.5,-0.36791207205849014,,0.010243440978229046,0.05773661285638809,,,1.0,spike
736,30,scenario3_repeated_spike,D3QN,150,139.17952597248131,1,0.16061073671726595,0.2484885893738128,0.5,0.5,-0.20454966304553937,,0.0038984608836472034,0.04861593246459961,,,1.0,spike
737,30,scenario3_repeated_spike,D3QN,150,138.26157337523318,1,0.16027693577281205,0.24822154861824963,0.5,0.5,-0.20424924219553084,,0.007820160128176212,0.04735053703188896,,,1.0,spike
738,30,scenario3_repeated_spike,D3QN,150,137.43541603770987,1,0.1599765149228036,0.2479812119382429,0.5,0.5,-0.20397886343052324,,0.0031728572212159634,0.040114279836416245,,,1.0,spike
739,30,scenario3_repeated_spike,D3QN,150,136.6918744339389,1,0.15970613615779597,0.24776490892623682,0.5,0.5,-0.20373552254201638,,0.006382768042385578,0.06065429747104645,,,1.0,spike
740,30,scenario3_repeated_spike,D3QN,150,136.02268699054503,1,0.1594627952692891,0.24757023621543128,0.5,0.5,-0.20351651574236018,,0.003486062167212367,0.04888138547539711,,,1.0,spike
741,30,scenario3_repeated_spike,D3QN,150,135.42041829149053,1,0.15924378846963294,0.24739503077570635,0.5,0.5,-0.20331940962266964,,0.011263284832239151,0.05312778800725937,,,1.0,spike
742,30,scenario3_repeated_spike,D3QN,150,134.87837646234146,1,0.15904668234994235,0.24723734587995388,0.5,0.5,-0.20314201411494812,,0.0045228758826851845,0.046286892145872116,,,1.0,spike
743,30,scenario3_repeated_spike,D3QN,150,134.39053881610732,1,0.15886928684222085,0.24709542947377672,0.5,0.5,-0.20298235815799878,,0.009692138060927391,0.05164206773042679,,,1.0,spike
744,30,scenario3_repeated_spike,D3QN,150,133.9514849344966,1,0.15870963088527149,0.24696770470821722,0.5,0.5,-0.20283866779674437,,0.006430379115045071,0.03734366223216057,,,1.0,spike
745,30,scenario3_repeated_spike,D3QN,150,133.55633644104694,1,0.15856594052401707,0.24685275241921367,0.5,0.5,-0.20270934647161537,,0.004331281408667564,0.045301005244255066,,,1.0,spike
746,30,scenario3_repeated_spike,D3QN,150,133.20070279694227,1,0.1584366191988881,0.2467492953591105,0.5,0.5,-0.20259295727899929,,0.005574330687522888,0.052676375955343246,,,1.0,spike
747,30,scenario3_repeated_spike,D3QN,150,132.88063251724805,1,0.15832023000627202,0.24665618400501765,0.5,0.5,-0.20248820700564485,,0.0026132380589842796,0.03401409834623337,,,1.0,spike
748,30,scenario3_repeated_spike,D3QN,150,132.59256926552325,1,0.15821547973291755,0.24657238378633406,0.5,0.5,-0.2023939317596258,,0.001785749918781221,0.03183762729167938,,,1.0,spike
749,30,scenario3_repeated_spike,D3QN,150,132.33331233897093,1,0.1581212044868985,0.24649696358951884,0.5,0.5,-0.2023090840382087,,0.00528510008007288,0.04764821380376816,,,1.0,spike
750,30,scenario3_repeated_spike,D3QN,150,132.09998110507382,1,0.15803635676548142,0.24642908541238517,0.5,0.5,-0.2022327210889333,,0.003590100444853306,0.04104608669877052,,,1.0,spike
751,30,scenario3_repeated_spike,D3QN,150,131.88998299456642,1,0.15795999381620596,0.2463679950529648,0.5,0.5,-0.20216399443458538,,0.005947604309767485,0.048607904464006424,,,1.0,spike
752,30,scenario3_repeated_spike,D3QN,150,131.70098469510978,1,0.1578912671618581,0.2463130137294865,0.5,0.5,-0.20210214044567232,,0.004142148420214653,0.047194916754961014,,,1.0,spike
753,30,scenario3_repeated_spike,D3QN,150,131.5308862255988,1,0.15782941317294502,0.24626353053835603,0.5,0.5,-0.20204647185565053,,0.004957508761435747,0.04161197692155838,,,1.0,spike
754,30,scenario3_repeated_spike,D3QN,150,131.3777976030389,1,0.15777374458292326,0.24621899566633865,0.5,0.5,-0.20199637012463095,,0.0032323282212018967,0.03380879387259483,,,1.0,spike
755,30,scenario3_repeated_spike,D3QN,150,131.24001784273503,1,0.15772364285190363,0.24617891428152294,0.5,0.5,-0.2019512785667133,,0.003664619754999876,0.04256053641438484,,,1.0,spike
756,30,scenario3_repeated_spike,D3QN,150,131.11601605846153,1,0.157678551293986,0.2461428410351888,0.5,0.5,-0.2019106961645874,,0.0035019763745367527,0.030828196555376053,,,1.0,spike
757,30,scenario3_repeated_spike,D3QN,150,131.00441445261538,1,0.15763796889186016,0.24611037511348816,0.5,0.5,-0.20187417200267416,,0.004389418754726648,0.043824099004268646,,,1.0,spike
758,30,scenario3_repeated_spike,D3QN,150,130.90397300735384,1,0.15760144472994686,0.2460811557839575,0.5,0.5,-0.20184130025695218,,0.004650420043617487,0.04865722730755806,,,1.0,spike
759,30,scenario3_repeated_spike,D3QN,150,136.81357570661845,0,0.16550848481663655,0.5648135757066185,0.5,0.5,-0.3651610302616275,,0.005909757222980261,0.03735493868589401,,,1.0,spike
760,30,scenario3_repeated_spike,D3QN,150,136.1322181359566,1,0.15950262477671148,0.24760209982136921,0.5,0.5,-0.20355236229904033,,0.0025101974606513977,0.02772355265915394,,,1.0,spike
761,30,scenario3_repeated_spike,D3QN,150,135.51899632236095,1,0.15927963502631307,0.24742370802105046,0.5,0.5,-0.20335167152368178,,0.0029865377582609653,0.03559277951717377,,,1.0,spike
762,30,scenario3_repeated_spike,D3QN,150,134.96709669012486,1,0.1590789442509545,0.2472631554007636,0.5,0.5,-0.20317104982585904,,0.0030956787522882223,0.03674813359975815,,,1.0,spike
763,30,scenario3_repeated_spike,D3QN,150,140.47038702111237,0,0.16779399188819524,0.5684703870211124,0.5,0.5,-0.3681321894546538,,0.00566985085606575,0.04239797964692116,,,1.0,spike
764,30,scenario3_repeated_spike,D3QN,150,139.42334831900115,1,0.1606993993887277,0.2485595195109822,0.5,0.5,-0.20462945944985494,,0.010489534586668015,0.05799615755677223,,,1.0,spike
765,30,scenario3_repeated_spike,D3QN,150,144.48101348710105,0,0.17030063342943816,0.572481013487101,0.5,0.5,-0.37139082345826957,,0.0054298629984259605,0.030790772289037704,,,1.0,spike
766,30,scenario3_repeated_spike,D3QN,150,143.03291213839094,1,0.16201196805032397,0.24960957444025922,0.5,0.5,-0.2058107712452916,,0.0006093220436014235,0.018156692385673523,,,1.0,spike
767,30,scenario3_repeated_spike,D3QN,150,141.72962092455185,1,0.1615380439725643,0.24923043517805143,0.5,0.5,-0.20538423957530788,,0.004627202171832323,0.04500573128461838,,,1.0,spike
768,30,scenario3_repeated_spike,D3QN,150,140.55665883209667,1,0.16111151230258058,0.24888920984206447,0.5,0.5,-0.20500036107232253,,0.0013225364964455366,0.026975344866514206,,,1.0,spike
769,30,scenario3_repeated_spike,D3QN,150,139.50099294888702,1,0.1607276337995953,0.24858210703967626,0.5,0.5,-0.20465487041963576,,0.008383090607821941,0.059810906648635864,,,1.0,spike
770,30,scenario3_repeated_spike,D3QN,150,138.55089365399832,1,0.1603821431469085,0.2483057145175268,0.5,0.5,-0.20434392883221764,,0.00745070306584239,0.05062489956617355,,,1.0,spike
771,30,scenario3_repeated_spike,D3QN,150,137.69580428859848,1,0.16007120155949037,0.2480569612475923,0.5,0.5,-0.20406408140354132,,0.0060846153646707535,0.03011249005794525,,,1.0,spike
772,30,scenario3_repeated_spike,D3QN,150,136.92622385973863,1,0.15979135413081405,0.24783308330465126,0.5,0.5,-0.20381221871773264,,0.008708341978490353,0.059496570378541946,,,1.0,spike
773,30,scenario3_repeated_spike,D3QN,150,136.23360147376476,1,0.15953949144500537,0.2476315931560043,0.5,0.5,-0.20358554230050485,,0.01649116724729538,0.07675006985664368,,,1.0,spike
774,30,scenario3_repeated_spike,D3QN,150,135.6102413263883,1,0.15931281502777755,0.24745025202222204,0.5,0.5,-0.2033815335249998,,0.0026053949259221554,0.03240729868412018,,,1.0,spike
775,30,scenario3_repeated_spike,D3QN,150,135.04921719374948,1,0.15910880625227253,0.24728704500181803,0.5,0.5,-0.20319792562704528,,0.005692348349839449,0.048220597207546234,,,1.0,spike
776,30,scenario3_repeated_spike,D3QN,150,140.54429547437454,0,0.1678401846714841,0.5685442954743746,0.5,0.5,-0.36819224007292933,,0.013589738868176937,0.0801534354686737,,,1.0,spike
777,30,scenario3_repeated_spike,D3QN,150,139.48986592693709,1,0.1607235876097953,0.24857887008783625,0.5,0.5,-0.20465122884881576,,0.006912266835570335,0.05486037954688072,,,1.0,spike
778,30,scenario3_repeated_spike,D3QN,150,138.54087933424339,1,0.16037850157608852,0.24830280126087084,0.5,0.5,-0.20434065141847968,,0.006226898171007633,0.04679981246590614,,,1.0,spike
779,30,scenario3_repeated_spike,D3QN,150,137.68679140081906,1,0.16006792414575238,0.24805433931660192,0.5,0.5,-0.20406113173117715,,0.003835323266685009,0.04341554641723633,,,1.0,spike
780,30,scenario3_repeated_spike,D3QN,150,136.91811226073716,1,0.15978840445844988,0.24783072356675995,0.5,0.5,-0.20380956401260492,,0.0017148853512480855,0.024695083498954773,,,1.0,spike
781,30,scenario3_repeated_spike,D3QN,150,142.22630103466344,0,0.16889143814666466,0.5702263010346634,0.5,0.5,-0.36955886959066403,,0.014947516843676567,0.07000723481178284,,,1.0,spike
782,30,scenario3_repeated_spike,D3QN,150,141.0036709311971,1,0.16127406215679893,0.24901924972543915,0.5,0.5,-0.20514665594111903,,0.02355334348976612,0.08944407105445862,,,1.0,spike
783,30,scenario3_repeated_spike,D3QN,150,139.9033038380774,1,0.16087392866839179,0.24869914293471346,0.5,0.5,-0.20478653580155262,,0.008915528655052185,0.0571843758225441,,,1.0,spike
784,30,scenario3_repeated_spike,D3QN,150,138.91297345426966,1,0.16051380852882535,0.2484110468230603,0.5,0.5,-0.20446242767594283,,0.00358102610334754,0.025525616481900215,,,1.0,spike
785,30,scenario3_repeated_spike,D3QN,150,138.0216761088427,1,0.16018970040321556,0.24815176032257247,0.5,0.5,-0.20417073036289402,,0.005207381676882505,0.053814832121133804,,,1.0,spike
786,30,scenario3_repeated_spike,D3QN,150,137.21950849795843,1,0.1598980030901667,0.24791840247213337,0.5,0.5,-0.20390820278115002,,0.00563431903719902,0.05174687132239342,,,1.0,spike
787,30,scenario3_repeated_spike,D3QN,150,142.49755764816257,0,0.16906097353010163,0.5704975576481626,0.5,0.5,-0.3697792655891321,,0.003777086501941085,0.03026214800775051,,,1.0,spike
788,30,scenario3_repeated_spike,D3QN,150,141.2478018833463,1,0.16136283704848958,0.24909026963879166,0.5,0.5,-0.20522655334364062,,0.0032465606927871704,0.03207465261220932,,,1.0,spike
789,30,scenario3_repeated_spike,D3QN,150,140.1230216950117,1,0.16095382607091335,0.24876306085673072,0.5,0.5,-0.20485844346382204,,0.0064920526929199696,0.03957417234778404,,,1.0,spike
790,30,scenario3_repeated_spike,D3QN,150,139.11071952551052,1,0.1605857161910947,0.24846857295287578,0.5,0.5,-0.20452714457198523,,0.001383354188874364,0.026339750736951828,,,1.0,spike
791,30,scenario3_repeated_spike,D3QN,150,138.19964757295946,1,0.160254417299258,0.2482035338394064,0.5,0.5,-0.2042289755693322,,0.004957433324307203,0.04854307323694229,,,1.0,spike
792,30,scenario3_repeated_spike,D3QN,150,137.3796828156635,1,0.1599562482966049,0.24796499863728394,0.5,0.5,-0.20396062346694444,,0.006367052905261517,0.05782196670770645,,,1.0,spike
793,30,scenario3_repeated_spike,D3QN,150,136.64171453409716,1,0.15968789619421717,0.24775031695537375,0.5,0.5,-0.20371910657479547,,0.006574925035238266,0.03828497603535652,,,1.0,spike
794,30,scenario3_repeated_spike,D3QN,150,135.97754308068744,1,0.15944637930206818,0.24755710344165455,0.5,0.5,-0.20350174137186136,,0.0057490672916173935,0.04013245180249214,,,1.0,spike
795,30,scenario3_repeated_spike,D3QN,150,135.3797887726187,1,0.1592290140991341,0.2473832112793073,0.5,0.5,-0.2033061126892207,,0.002698733936995268,0.0326591320335865,,,1.0,spike
796,30,scenario3_repeated_spike,D3QN,150,134.84180989535685,1,0.1590333854164934,0.2472267083331947,0.5,0.5,-0.20313004687484404,,0.001577974297106266,0.026326682418584824,,,1.0,spike
797,30,scenario3_repeated_spike,D3QN,150,134.35762890582117,1,0.1588573196021168,0.24708585568169344,0.5,0.5,-0.20297158764190512,,0.005444948561489582,0.046337224543094635,,,1.0,spike
798,30,scenario3_repeated_spike,D3QN,150,133.92186601523906,1,0.15869886036917785,0.2469590882953423,0.5,0.5,-0.20282897433226008,,0.00924619846045971,0.0618513822555542,,,1.0,spike
799,30,scenario3_repeated_spike,D3QN,150,133.52967941371514,1,0.15855624705953278,0.24684499764762624,0.5,0.5,-0.2027006223535795,,0.0020576973911374807,0.02673710510134697,,,1.0,spike
800,30,scenario3_repeated_spike,D3QN,50,115.17671147234364,1,0.1318824405353977,0.14550595242831815,0.5,0.5,-0.13869419648185793,,0.010229239240288734,0.0957074984908104,,,1.0,normal
801,30,scenario3_repeated_spike,D3QN,50,98.65904032510927,1,0.1258760146636761,0.14070081173094087,0.5,0.5,-0.1332884131973085,,0.01747458428144455,0.12160065025091171,,,1.0,normal
802,30,scenario3_repeated_spike,D3QN,50,83.79313629259835,1,0.12047023137912667,0.13637618510330135,0.5,0.5,-0.128423208241214,,0.028212938457727432,0.14766570925712585,,,1.0,normal
803,30,scenario3_repeated_spike,D3QN,50,70.41382266333852,1,0.1156050264230322,0.13248402113842578,0.5,0.5,-0.124044523780729,,0.03134167939424515,0.14659328758716583,,,1.0,normal
804,30,scenario3_repeated_spike,D3QN,50,58.37244039700468,1,0.11122634196254716,0.12898107357003774,0.5,0.5,-0.12010370776629245,,0.008344083093106747,0.08702503144741058,,,1.0,normal
805,30,scenario3_repeated_spike,D3QN,50,47.535196357304216,1,0.10728552594811064,0.12582842075848852,0.5,0.5,-0.11655697335329958,,0.03500582277774811,0.13509595394134521,,,1.0,normal
806,30,scenario3_repeated_spike,D3QN,50,37.781676721573795,1,0.10373879153511775,0.12299103322809421,0.5,0.5,-0.11336491238160598,,0.04817809537053108,0.18478481471538544,,,1.0,normal
807,30,scenario3_repeated_spike,D3QN,50,29.003509049416415,1,0.10054673056342414,0.12043738445073932,0.5,0.5,-0.11049205750708173,,0.03800703212618828,0.16448312997817993,,,1.0,normal
808,30,scenario3_repeated_spike,D3QN,50,21.103158144474776,1,0.09767387568889993,0.11813910055111995,0.5,0.5,-0.10790648812000994,,0.014541782438755035,0.1099766343832016,,,1.0,normal
809,30,scenario3_repeated_spike,D3QN,50,13.992842330027297,1,0.0950883063018281,0.1160706450414625,0.5,0.5,-0.1055794756716453,,0.01248125545680523,0.09709623456001282,,,1.0,normal
810,30,scenario3_repeated_spike,D3QN,50,7.5935580970245695,1,0.09276129385346348,0.11420903508277078,0.5,0.5,-0.10348516446811712,,0.025354616343975067,0.13566477596759796,,,1.0,normal
811,30,scenario3_repeated_spike,D3QN,50,1.834202287322114,1,0.09066698264993532,0.11253358611994826,0.5,0.5,-0.10160028438494179,,0.02072748914361,0.12982305884361267,,,1.0,normal
812,30,scenario3_repeated_spike,D3QN,50,0.0,1,0.09,0.11199999999999999,0.5,0.5,-0.10099999999999999,,0.012789447791874409,0.08367325365543365,,,1.0,normal
813,30,scenario3_repeated_spike,D3QN,50,0.0,1,0.09,0.11199999999999999,0.5,0.5,-0.10099999999999999,,0.017963910475373268,0.12020450830459595,,,1.0,normal
814,30,scenario3_repeated_spike,D3QN,50,0.0,1,0.09,0.11199999999999999,0.5,0.5,-0.10099999999999999,,0.02924826741218567,0.14525723457336426,,,1.0,normal
815,30,scenario3_repeated_spike,D3QN,50,0.0,1,0.09,0.11199999999999999,0.5,0.5,-0.10099999999999999,,0.029809879139065742,0.14338244497776031,,,1.0,normal
816,30,scenario3_repeated_spike,D3QN,50,0.0,1,0.09,0.11199999999999999,0.5,0.5,-0.10099999999999999,,0.010975447483360767,0.09584665298461914,,,1.0,normal
817,30,scenario3_repeated_spike,D3QN,50,0.0,1,0.09,0.11199999999999999,0.5,0.5,-0.10099999999999999,,0.012212158180773258,0.09490053355693817,,,1.0,normal
818,30,scenario3_repeated_spike,D3QN,50,0.0,1,0.09,0.11199999999999999,0.5,0.5,-0.10099999999999999,,0.031926266849040985,0.14533020555973053,,,1.0,normal
819,30,scenario3_repeated_spike,D3QN,50,0.0,1,0.09,0.11199999999999999,0.5,0.5,-0.10099999999999999,,0.025049937888979912,0.13163074851036072,,,1.0,normal
820,30,scenario3_repeated_spike,D3QN,50,0.0,1,0.09,0.11199999999999999,0.5,0.5,-0.10099999999999999,,0.01285848394036293,0.0829935073852539,,,1.0,normal
821,30,scenario3_repeated_spike,D3QN,50,0.0,1,0.09,0.11199999999999999,0.5,0.5,-0.10099999999999999,,0.026696570217609406,0.1211237758398056,,,1.0,normal
822,30,scenario3_repeated_spike,D3QN,50,0.0,1,0.09,0.11199999999999999,0.5,0.5,-0.10099999999999999,,0.036505889147520065,0.15018419921398163,,,1.0,normal
823,30,scenario3_repeated_spike,D3QN,50,0.0,1,0.09,0.11199999999999999,0.5,0.5,-0.10099999999999999,,0.027313627302646637,0.14052972197532654,,,1.0,normal
824,30,scenario3_repeated_spike,D3QN,50,1.0,0,0.060625,0.197,0.5,0.5,-0.1288125,,0.009328600950539112,0.07789802551269531,,,1.0,normal
825,30,scenario3_repeated_spike,D3QN,50,0.0,1,0.09,0.11199999999999999,0.5,0.5,-0.10099999999999999,,0.020661085844039917,0.09622824937105179,,,1.0,normal
826,30,scenario3_repeated_spike,D3QN,50,0.0,1,0.09,0.11199999999999999,0.5,0.5,-0.10099999999999999,,0.03806370496749878,0.1394803673028946,,,1.0,normal
827,30,scenario3_repeated_spike,D3QN,50,0.0,1,0.09,0.11199999999999999,0.5,0.5,-0.10099999999999999,,0.02712365984916687,0.11410259455442429,,,1.0,normal
828,30,scenario3_repeated_spike,D3QN,50,0.0,1,0.09,0.11199999999999999,0.5,0.5,-0.10099999999999999,,0.01517639309167862,0.07009750604629517,,,1.0,normal
829,30,scenario3_repeated_spike,D3QN,50,0.0,1,0.09,0.11199999999999999,0.5,0.5,-0.10099999999999999,,0.02594037726521492,0.10661762952804565,,,1.0,normal
830,30,scenario3_repeated_spike,D3QN,50,0.0,1,0.09,0.11199999999999999,0.5,0.5,-0.10099999999999999,,0.043824467808008194,0.15842758119106293,,,1.0,normal
831,30,scenario3_repeated_spike,D3QN,50,0.0,1,0.09,0.11199999999999999,0.5,0.5,-0.10099999999999999,,0.0303947851061821,0.13264523446559906,,,1.0,normal
832,30,scenario3_repeated_spike,D3QN,50,0.0,1,0.09,0.11199999999999999,0.5,0.5,-0.10099999999999999,,0.009944930672645569,0.08587035536766052,,,1.0,normal
833,30,scenario3_repeated_spike,D3QN,50,0.0,1,0.09,0.11199999999999999,0.5,0.5,-0.10099999999999999,,0.011303182691335678,0.07643647491931915,,,1.0,normal
834,30,scenario3_repeated_spike,D3QN,50,0.0,1,0.09,0.11199999999999999,0.5,0.5,-0.10099999999999999,,0.014400521293282509,0.09054534882307053,,,1.0,normal
835,30,scenario3_repeated_spike,D3QN,50,1.0,0,0.060625,0.197,0.5,0.5,-0.1288125,,0.018150240182876587,0.10558432340621948,,,1.0,normal
836,30,scenario3_repeated_spike,D3QN,50,0.0,1,0.09,0.11199999999999999,0.5,0.5,-0.10099999999999999,,0.017708465456962585,0.07765321433544159,,,1.0,normal
837,30,scenario3_repeated_spike,D3QN,50,1.0,0,0.060625,0.197,0.5,0.5,-0.1288125,,0.015598000958561897,0.09996365010738373,,,1.0,normal
838,30,scenario3_repeated_spike,D3QN,50,0.0,1,0.09,0.11199999999999999,0.5,0.5,-0.10099999999999999,,0.022712532430887222,0.11845104396343231,,,1.0,normal
839,30,scenario3_repeated_spike,D3QN,50,1.0,0,0.060625,0.197,0.5,0.5,-0.1288125,,0.04096737504005432,0.14932499825954437,,,1.0,normal
840,30,scenario3_repeated_spike,D3QN,50,0.0,1,0.09,0.11199999999999999,0.5,0.5,-0.10099999999999999,,0.006721668876707554,0.0675600990653038,,,1.0,normal
841,30,scenario3_repeated_spike,D3QN,50,1.0,0,0.060625,0.197,0.5,0.5,-0.1288125,,0.011603819206357002,0.07871337234973907,,,1.0,normal
842,30,scenario3_repeated_spike,D3QN,50,0.0,1,0.09,0.11199999999999999,0.5,0.5,-0.10099999999999999,,0.046801332384347916,0.13282427191734314,,,1.0,normal
843,30,scenario3_repeated_spike,D3QN,50,1.0,0,0.060625,0.197,0.5,0.5,-0.1288125,,0.016170261427760124,0.09514042735099792,,,1.0,normal
844,30,scenario3_repeated_spike,D3QN,50,0.0,1,0.09,0.11199999999999999,0.5,0.5,-0.10099999999999999,,0.005074980203062296,0.060495514422655106,,,1.0,normal
845,30,scenario3_repeated_spike,D3QN,50,1.0,0,0.060625,0.197,0.5,0.5,-0.1288125,,0.012575818225741386,0.0783914178609848,,,1.0,normal
846,30,scenario3_repeated_spike,D3QN,50,0.0,1,0.09,0.11199999999999999,0.5,0.5,-0.10099999999999999,,0.022834409028291702,0.11806798726320267,,,1.0,normal
847,30,scenario3_repeated_spike,D3QN,50,1.0,0,0.060625,0.197,0.5,0.5,-0.1288125,,0.01806233450770378,0.1036502867937088,,,1.0,normal
848,30,scenario3_repeated_spike,D3QN,50,0.0,1,0.09,0.11199999999999999,0.5,0.5,-0.10099999999999999,,0.0053535038605332375,0.06252323091030121,,,1.0,normal
849,30,scenario3_repeated_spike,D3QN,50,1.0,0,0.060625,0.197,0.5,0.5,-0.1288125,,0.019584426656365395,0.07936663180589676,,,1.0,normal
850,30,scenario3_repeated_spike,D3QN,50,0.0,1,0.09,0.11199999999999999,0.5,0.5,-0.10099999999999999,,0.022894926369190216,0.10090906918048859,,,1.0,normal
851,30,scenario3_repeated_spike,D3QN,50,1.0,0,0.060625,0.197,0.5,0.5,-0.1288125,,0.020850159227848053,0.10741262137889862,,,1.0,normal
852,30,scenario3_repeated_spike,D3QN,50,0.0,1,0.09,0.11199999999999999,0.5,0.5,-0.10099999999999999,,0.006128277629613876,0.051722485572099686,,,1.0,normal
853,30,scenario3_repeated_spike,D3QN,50,1.0,0,0.060625,0.197,0.5,0.5,-0.1288125,,0.03401649370789528,0.11128637194633484,,,1.0,normal
854,30,scenario3_repeated_spike,D3QN,50,0.0,1,0.09,0.11199999999999999,0.5,0.5,-0.10099999999999999,,0.02805207669734955,0.13077056407928467,,,1.0,normal
855,30,scenario3_repeated_spike,D3QN,50,1.0,0,0.060625,0.197,0.5,0.5,-0.1288125,,0.02167414501309395,0.11070524156093597,,,1.0,normal
856,30,scenario3_repeated_spike,D3QN,50,1.9000000000000004,0,0.0611875,0.19790000000000002,0.5,0.5,-0.12954375,,0.008237158879637718,0.06445711106061935,,,1.0,normal
857,30,scenario3_repeated_spike,D3QN,50,0.0,1,0.09,0.11199999999999999,0.5,0.5,-0.10099999999999999,,0.00987059623003006,0.0694681778550148,,,1.0,normal
858,30,scenario3_repeated_spike,D3QN,50,1.0,0,0.060625,0.197,0.5,0.5,-0.1288125,,0.030945900827646255,0.12054061144590378,,,1.0,normal
859,30,scenario3_repeated_spike,D3QN,50,0.0,1,0.09,0.11199999999999999,0.5,0.5,-0.10099999999999999,,0.03987529128789902,0.13160490989685059,,,1.0,normal
860,30,scenario3_repeated_spike,D3QN,50,1.0,0,0.060625,0.197,0.5,0.5,-0.1288125,,0.00518242921680212,0.0527333989739418,,,1.0,normal
861,30,scenario3_repeated_spike,D3QN,50,1.9000000000000004,0,0.0611875,0.19790000000000002,0.5,0.5,-0.12954375,,0.011309411376714706,0.06459951400756836,,,1.0,normal
862,30,scenario3_repeated_spike,D3QN,50,2.710000000000001,0,0.061693750000000006,0.19871000000000003,0.5,0.5,-0.13020187500000002,,0.016066107898950577,0.08409374952316284,,,1.0,normal
863,30,scenario3_repeated_spike,D3QN,50,0.0,1,0.09,0.11199999999999999,0.5,0.5,-0.10099999999999999,,0.012837187387049198,0.0740361362695694,,,1.0,normal
864,30,scenario3_repeated_spike,D3QN,50,1.0,0,0.060625,0.197,0.5,0.5,-0.1288125,,0.0031180025544017553,0.03702574223279953,,,1.0,normal
865,30,scenario3_repeated_spike,D3QN,50,0.0,1,0.09,0.11199999999999999,0.5,0.5,-0.10099999999999999,,0.013331955298781395,0.07835285365581512,,,1.0,normal
866,30,scenario3_repeated_spike,D3QN,50,1.0,0,0.060625,0.197,0.5,0.5,-0.1288125,,0.024453196674585342,0.099611796438694,,,1.0,normal
867,30,scenario3_repeated_spike,D3QN,50,1.9000000000000004,0,0.0611875,0.19790000000000002,0.5,0.5,-0.12954375,,0.01874234713613987,0.08577950298786163,,,1.0,normal
868,30,scenario3_repeated_spike,D3QN,50,2.710000000000001,0,0.061693750000000006,0.19871000000000003,0.5,0.5,-0.13020187500000002,,0.007073736283928156,0.05541576072573662,,,1.0,normal
869,30,scenario3_repeated_spike,D3QN,50,0.0,1,0.09,0.11199999999999999,0.5,0.5,-0.10099999999999999,,0.011877254582941532,0.0729413777589798,,,1.0,normal
870,30,scenario3_repeated_spike,D3QN,50,1.0,0,0.060625,0.197,0.5,0.5,-0.1288125,,0.005593718960881233,0.040315065532922745,,,1.0,normal
871,30,scenario3_repeated_spike,D3QN,50,0.0,1,0.09,0.11199999999999999,0.5,0.5,-0.10099999999999999,,0.007955155335366726,0.04733880236744881,,,1.0,normal
872,30,scenario3_repeated_spike,D3QN,50,1.0,0,0.060625,0.197,0.5,0.5,-0.1288125,,0.006558757741004229,0.054413214325904846,,,1.0,normal
873,30,scenario3_repeated_spike,D3QN,50,1.9000000000000004,0,0.0611875,0.19790000000000002,0.5,0.5,-0.12954375,,0.007859881035983562,0.046999216079711914,,,1.0,normal
874,30,scenario3_repeated_spike,D3QN,50,0.0,1,0.09,0.11199999999999999,0.5,0.5,-0.10099999999999999,,0.009723409079015255,0.057188913226127625,,,1.0,normal
875,30,scenario3_repeated_spike,D3QN,50,1.0,0,0.060625,0.197,0.5,0.5,-0.1288125,,0.004805675242096186,0.04498904198408127,,,1.0,normal
876,30,scenario3_repeated_spike,D3QN,50,0.0,1,0.09,0.11199999999999999,0.5,0.5,-0.10099999999999999,,0.01079589780420065,0.0613638311624527,,,1.0,normal
877,30,scenario3_repeated_spike,D3QN,50,1.0,0,0.060625,0.197,0.5,0.5,-0.1288125,,0.00550387566909194,0.04498586058616638,,,1.0,normal
878,30,scenario3_repeated_spike,D3QN,50,0.0,1,0.09,0.11199999999999999,0.5,0.5,-0.10099999999999999,,0.014656369574368,0.06016656383872032,,,1.0,normal
879,30,scenario3_repeated_spike,D3QN,50,1.0,0,0.060625,0.197,0.5,0.5,-0.1288125,,0.012992223724722862,0.0689978376030922,,,1.0,normal
880,30,scenario3_repeated_spike,D3QN,50,0.0,1,0.09,0.11199999999999999,0.5,0.5,-0.10099999999999999,,0.018109817057847977,0.06735844910144806,,,1.0,normal
881,30,scenario3_repeated_spike,D3QN,50,1.0,0,0.060625,0.197,0.5,0.5,-0.1288125,,0.009023478254675865,0.05450379103422165,,,1.0,normal
882,30,scenario3_repeated_spike,D3QN,50,0.0,1,0.09,0.11199999999999999,0.5,0.5,-0.10099999999999999,,0.013023619540035725,0.071621373295784,,,1.0,normal
883,30,scenario3_repeated_spike,D3QN,50,1.0,0,0.060625,0.197,0.5,0.5,-0.1288125,,0.002501680748537183,0.029613777995109558,,,1.0,normal
884,30,scenario3_repeated_spike,D3QN,50,0.0,1,0.09,0.11199999999999999,0.5,0.5,-0.10099999999999999,,0.017922043800354004,0.07426103949546814,,,1.0,normal
885,30,scenario3_repeated_spike,D3QN,50,1.0,0,0.060625,0.197,0.5,0.5,-0.1288125,,0.01925882324576378,0.08894670009613037,,,1.0,normal
886,30,scenario3_repeated_spike,D3QN,50,0.0,1,0.09,0.11199999999999999,0.5,0.5,-0.10099999999999999,,0.005241174250841141,0.05118348449468613,,,1.0,normal
887,30,scenario3_repeated_spike,D3QN,50,1.0,0,0.060625,0.197,0.5,0.5,-0.1288125,,0.014757893048226833,0.05481478571891785,,,1.0,normal
888,30,scenario3_repeated_spike,D3QN,50,0.0,1,0.09,0.11199999999999999,0.5,0.5,-0.10099999999999999,,0.006201023235917091,0.049549855291843414,,,1.0,normal
889,30,scenario3_repeated_spike,D3QN,50,1.0,0,0.060625,0.197,0.5,0.5,-0.1288125,,0.011940836906433105,0.04303833469748497,,,1.0,normal
890,30,scenario3_repeated_spike,D3QN,50,0.0,1,0.09,0.11199999999999999,0.5,0.5,-0.10099999999999999,,0.018412919715046883,0.08396148681640625,,,1.0,normal
891,30,scenario3_repeated_spike,D3QN,50,0.0,1,0.09,0.11199999999999999,0.5,0.5,-0.10099999999999999,,0.02343865856528282,0.10107757151126862,,,1.0,normal
892,30,scenario3_repeated_spike,D3QN,50,0.0,1,0.09,0.11199999999999999,0.5,0.5,-0.10099999999999999,,0.022404316812753677,0.09412533044815063,,,1.0,normal
893,30,scenario3_repeated_spike,D3QN,50,0.0,1,0.09,0.11199999999999999,0.5,0.5,-0.10099999999999999,,0.010348308831453323,0.0681639090180397,,,1.0,normal
894,30,scenario3_repeated_spike,D3QN,50,0.0,1,0.09,0.11199999999999999,0.5,0.5,-0.10099999999999999,,0.013189642690122128,0.07935895770788193,,,1.0,normal
895,30,scenario3_repeated_spike,D3QN,50,1.0,0,0.060625,0.197,0.5,0.5,-0.1288125,,0.03068118542432785,0.12090444564819336,,,1.0,normal
896,30,scenario3_repeated_spike,D3QN,50,0.0,1,0.09,0.11199999999999999,0.5,0.5,-0.10099999999999999,,0.01887761801481247,0.07528680562973022,,,1.0,normal
897,30,scenario3_repeated_spike,D3QN,50,1.0,0,0.060625,0.197,0.5,0.5,-0.1288125,,0.007802640087902546,0.05166240781545639,,,1.0,normal
898,30,scenario3_repeated_spike,D3QN,50,0.0,1,0.09,0.11199999999999999,0.5,0.5,-0.10099999999999999,,0.017233869060873985,0.076980821788311,,,1.0,normal
899,30,scenario3_repeated_spike,D3QN,50,0.0,1,0.09,0.11199999999999999,0.5,0.5,-0.10099999999999999,,0.02006566897034645,0.09777052700519562,,,1.0,normal
900,30,scenario3_repeated_spike,D3QN,50,0.0,1,0.09,0.11199999999999999,0.5,0.5,-0.10099999999999999,,0.010019984096288681,0.09523186832666397,,,1.0,normal
901,30,scenario3_repeated_spike,D3QN,50,0.0,1,0.09,0.11199999999999999,0.5,0.5,-0.10099999999999999,,0.014207967557013035,0.09992726147174835,,,1.0,normal
902,30,scenario3_repeated_spike,D3QN,50,0.0,1,0.09,0.11199999999999999,0.5,0.5,-0.10099999999999999,,0.014421640895307064,0.10165609419345856,,,1.0,normal
903,30,scenario3_repeated_spike,D3QN,50,0.0,1,0.09,0.11199999999999999,0.5,0.5,-0.10099999999999999,,0.016727494075894356,0.09448082745075226,,,1.0,normal
904,30,scenario3_repeated_spike,D3QN,50,0.0,1,0.09,0.11199999999999999,0.5,0.5,-0.10099999999999999,,0.01905057393014431,0.11749225854873657,,,1.0,normal
905,30,scenario3_repeated_spike,D3QN,50,0.0,1,0.09,0.11199999999999999,0.5,0.5,-0.10099999999999999,,0.016017451882362366,0.10993417352437973,,,1.0,normal
906,30,scenario3_repeated_spike,D3QN,50,0.0,1,0.09,0.11199999999999999,0.5,0.5,-0.10099999999999999,,0.029032181948423386,0.11222516745328903,,,1.0,normal
907,30,scenario3_repeated_spike,D3QN,50,1.0,0,0.060625,0.197,0.5,0.5,-0.1288125,,0.013424377888441086,0.10668936371803284,,,1.0,normal
908,30,scenario3_repeated_spike,D3QN,50,0.0,1,0.09,0.11199999999999999,0.5,0.5,-0.10099999999999999,,0.026765765622258186,0.13275189697742462,,,1.0,normal
909,30,scenario3_repeated_spike,D3QN,50,0.0,1,0.09,0.11199999999999999,0.5,0.5,-0.10099999999999999,,0.020016759634017944,0.10895288735628128,,,1.0,normal
910,30,scenario3_repeated_spike,D3QN,50,1.0,0,0.060625,0.197,0.5,0.5,-0.1288125,,0.016588285565376282,0.09100256860256195,,,1.0,normal
911,30,scenario3_repeated_spike,D3QN,50,0.0,1,0.09,0.11199999999999999,0.5,0.5,-0.10099999999999999,,0.028426136821508408,0.1423022449016571,,,1.0,normal
912,30,scenario3_repeated_spike,D3QN,50,1.0,0,0.060625,0.197,0.5,0.5,-0.1288125,,0.04844510182738304,0.1650944948196411,,,1.0,normal
913,30,scenario3_repeated_spike,D3QN,50,1.9000000000000004,0,0.0611875,0.19790000000000002,0.5,0.5,-0.12954375,,0.052048537880182266,0.17701604962348938,,,1.0,normal
914,30,scenario3_repeated_spike,D3QN,50,0.0,1,0.09,0.11199999999999999,0.5,0.5,-0.10099999999999999,,0.03217987343668938,0.1415434181690216,,,1.0,normal
915,30,scenario3_repeated_spike,D3QN,50,0.0,1,0.09,0.11199999999999999,0.5,0.5,-0.10099999999999999,,0.01663476601243019,0.07525789737701416,,,1.0,normal
916,30,scenario3_repeated_spike,D3QN,50,1.0,0,0.060625,0.197,0.5,0.5,-0.1288125,,0.027849916368722916,0.1302935928106308,,,1.0,normal
917,30,scenario3_repeated_spike,D3QN,50,1.9000000000000004,0,0.0611875,0.19790000000000002,0.5,0.5,-0.12954375,,0.09378773719072342,0.20946405827999115,,,1.0,normal
918,30,scenario3_repeated_spike,D3QN,50,0.0,1,0.09,0.11199999999999999,0.5,0.5,-0.10099999999999999,,0.05760597437620163,0.15927323698997498,,,1.0,normal
919,30,scenario3_repeated_spike,D3QN,50,1.0,0,0.060625,0.197,0.5,0.5,-0.1288125,,0.057374514639377594,0.16112679243087769,,,1.0,normal
920,30,scenario3_repeated_spike,D3QN,50,1.9000000000000004,0,0.0611875,0.19790000000000002,0.5,0.5,-0.12954375,,0.017927106469869614,0.10672185570001602,,,1.0,normal
921,30,scenario3_repeated_spike,D3QN,50,0.0,1,0.09,0.11199999999999999,0.5,0.5,-0.10099999999999999,,0.0216267928481102,0.09417153894901276,,,1.0,normal
922,30,scenario3_repeated_spike,D3QN,50,1.0,0,0.060625,0.197,0.5,0.5,-0.1288125,,0.028344571590423584,0.12638618052005768,,,1.0,normal
923,30,scenario3_repeated_spike,D3QN,50,1.9000000000000004,0,0.0611875,0.19790000000000002,0.5,0.5,-0.12954375,,0.027198947966098785,0.12283789366483688,,,1.0,normal
924,30,scenario3_repeated_spike,D3QN,50,0.0,1,0.09,0.11199999999999999,0.5,0.5,-0.10099999999999999,,0.028913110494613647,0.0999395102262497,,,1.0,normal
925,30,scenario3_repeated_spike,D3QN,50,1.0,0,0.060625,0.197,0.5,0.5,-0.1288125,,0.011096861213445663,0.06099036708474159,,,1.0,normal
926,30,scenario3_repeated_spike,D3QN,50,1.9000000000000004,0,0.0611875,0.19790000000000002,0.5,0.5,-0.12954375,,0.005284951068460941,0.054121170192956924,,,1.0,normal
927,30,scenario3_repeated_spike,D3QN,50,0.0,1,0.09,0.11199999999999999,0.5,0.5,-0.10099999999999999,,0.003794378135353327,0.043803416192531586,,,1.0,normal
928,30,scenario3_repeated_spike,D3QN,50,1.0,0,0.060625,0.197,0.5,0.5,-0.1288125,,0.009143863804638386,0.060432400554418564,,,1.0,normal
929,30,scenario3_repeated_spike,D3QN,50,1.9000000000000004,0,0.0611875,0.19790000000000002,0.5,0.5,-0.12954375,,0.008334435522556305,0.06802543252706528,,,1.0,normal
930,30,scenario3_repeated_spike,D3QN,50,0.0,1,0.09,0.11199999999999999,0.5,0.5,-0.10099999999999999,,0.002393225906416774,0.038072407245635986,,,1.0,normal
931,30,scenario3_repeated_spike,D3QN,50,1.0,0,0.060625,0.197,0.5,0.5,-0.1288125,,0.011251915246248245,0.06421726197004318,,,1.0,normal
932,30,scenario3_repeated_spike,D3QN,50,1.9000000000000004,0,0.0611875,0.19790000000000002,0.5,0.5,-0.12954375,,0.020541857928037643,0.0880165547132492,,,1.0,normal
933,30,scenario3_repeated_spike,D3QN,50,2.710000000000001,0,0.061693750000000006,0.19871000000000003,0.5,0.5,-0.13020187500000002,,0.01958632655441761,0.07587410509586334,,,1.0,normal
934,30,scenario3_repeated_spike,D3QN,50,0.0,1,0.09,0.11199999999999999,0.5,0.5,-0.10099999999999999,,0.0029515568166971207,0.036115266382694244,,,1.0,normal
935,30,scenario3_repeated_spike,D3QN,50,1.0,0,0.060625,0.197,0.5,0.5,-0.1288125,,0.0124489925801754,0.051656194031238556,,,1.0,normal
936,30,scenario3_repeated_spike,D3QN,50,1.9000000000000004,0,0.0611875,0.19790000000000002,0.5,0.5,-0.12954375,,0.01164989173412323,0.048360615968704224,,,1.0,normal
937,30,scenario3_repeated_spike,D3QN,50,0.0,1,0.09,0.11199999999999999,0.5,0.5,-0.10099999999999999,,0.014554180204868317,0.05795811116695404,,,1.0,normal
938,30,scenario3_repeated_spike,D3QN,50,0.0,1,0.09,0.11199999999999999,0.5,0.5,-0.10099999999999999,,0.0018255217000842094,0.02982102520763874,,,1.0,normal
939,30,scenario3_repeated_spike,D3QN,50,1.0,0,0.060625,0.197,0.5,0.5,-0.1288125,,0.009718786925077438,0.04911583662033081,,,1.0,normal
940,30,scenario3_repeated_spike,D3QN,50,0.0,1,0.09,0.11199999999999999,0.5,0.5,-0.10099999999999999,,0.011554915457963943,0.05370798707008362,,,1.0,normal
941,30,scenario3_repeated_spike,D3QN,50,1.0,0,0.060625,0.197,0.5,0.5,-0.1288125,,0.006235996726900339,0.04981144517660141,,,1.0,normal
942,30,scenario3_repeated_spike,D3QN,50,1.9000000000000004,0,0.0611875,0.19790000000000002,0.5,0.5,-0.12954375,,0.007641919888556004,0.06486522406339645,,,1.0,normal
943,30,scenario3_repeated_spike,D3QN,50,0.0,1,0.09,0.11199999999999999,0.5,0.5,-0.10099999999999999,,0.004864197690039873,0.03921061009168625,,,1.0,normal
944,30,scenario3_repeated_spike,D3QN,50,1.0,0,0.060625,0.197,0.5,0.5,-0.1288125,,0.0014883961994200945,0.03232550248503685,,,1.0,normal
945,30,scenario3_repeated_spike,D3QN,50,1.9000000000000004,0,0.0611875,0.19790000000000002,0.5,0.5,-0.12954375,,0.008495088666677475,0.0487971305847168,,,1.0,normal
946,30,scenario3_repeated_spike,D3QN,50,0.0,1,0.09,0.11199999999999999,0.5,0.5,-0.10099999999999999,,0.00647711381316185,0.044187482446432114,,,1.0,normal
947,30,scenario3_repeated_spike,D3QN,50,1.0,0,0.060625,0.197,0.5,0.5,-0.1288125,,0.00974216591566801,0.06343428790569305,,,1.0,normal
948,30,scenario3_repeated_spike,D3QN,50,1.9000000000000004,0,0.0611875,0.19790000000000002,0.5,0.5,-0.12954375,,0.02198547124862671,0.08566548675298691,,,1.0,normal
949,30,scenario3_repeated_spike,D3QN,50,0.0,1,0.09,0.11199999999999999,0.5,0.5,-0.10099999999999999,,0.0052075739949941635,0.047550711780786514,,,1.0,normal
950,30,scenario3_repeated_spike,D3QN,50,1.0,0,0.060625,0.197,0.5,0.5,-0.1288125,,0.00869676098227501,0.06828320026397705,,,1.0,normal
951,30,scenario3_repeated_spike,D3QN,50,1.9000000000000004,0,0.0611875,0.19790000000000002,0.5,0.5,-0.12954375,,0.019856611266732216,0.09876812994480133,,,1.0,normal
952,30,scenario3_repeated_spike,D3QN,50,0.0,1,0.09,0.11199999999999999,0.5,0.5,-0.10099999999999999,,0.017140481621026993,0.07752804458141327,,,1.0,normal
953,30,scenario3_repeated_spike,D3QN,50,1.0,0,0.060625,0.197,0.5,0.5,-0.1288125,,0.008368671871721745,0.04462391138076782,,,1.0,normal
954,30,scenario3_repeated_spike,D3QN,50,1.9000000000000004,0,0.0611875,0.19790000000000002,0.5,0.5,-0.12954375,,0.021477999165654182,0.08167644590139389,,,1.0,normal
955,30,scenario3_repeated_spike,D3QN,50,2.710000000000001,0,0.061693750000000006,0.19871000000000003,0.5,0.5,-0.13020187500000002,,0.014894104562699795,0.07351141422986984,,,1.0,normal
956,30,scenario3_repeated_spike,D3QN,50,0.0,1,0.09,0.11199999999999999,0.5,0.5,-0.10099999999999999,,0.003027063561603427,0.03616233542561531,,,1.0,normal
957,30,scenario3_repeated_spike,D3QN,50,1.0,0,0.060625,0.197,0.5,0.5,-0.1288125,,0.013217242434620857,0.07479889690876007,,,1.0,normal
958,30,scenario3_repeated_spike,D3QN,50,1.9000000000000004,0,0.0611875,0.19790000000000002,0.5,0.5,-0.12954375,,0.017894430086016655,0.08277195692062378,,,1.0,normal
959,30,scenario3_repeated_spike,D3QN,50,0.0,1,0.09,0.11199999999999999,0.5,0.5,-0.10099999999999999,,0.028405698016285896,0.10393127053976059,,,1.0,normal
960,30,scenario3_repeated_spike,D3QN,50,1.0,0,0.060625,0.197,0.5,0.5,-0.1288125,,0.0113706449046731,0.05359659343957901,,,1.0,normal
961,30,scenario3_repeated_spike,D3QN,50,1.9000000000000004,0,0.0611875,0.19790000000000002,0.5,0.5,-0.12954375,,0.011909195221960545,0.08071989566087723,,,1.0,normal
962,30,scenario3_repeated_spike,D3QN,50,0.0,1,0.09,0.11199999999999999,0.5,0.5,-0.10099999999999999,,0.023416904732584953,0.09413526952266693,,,1.0,normal
963,30,scenario3_repeated_spike,D3QN,50,1.0,0,0.060625,0.197,0.5,0.5,-0.1288125,,0.026582863181829453,0.11136629432439804,,,1.0,normal
964,30,scenario3_repeated_spike,D3QN,50,1.9000000000000004,0,0.0611875,0.19790000000000002,0.5,0.5,-0.12954375,,0.01994970440864563,0.09481097012758255,,,1.0,normal
965,30,scenario3_repeated_spike,D3QN,50,0.0,1,0.09,0.11199999999999999,0.5,0.5,-0.10099999999999999,,0.0032680316362529993,0.04336799681186676,,,1.0,normal
966,30,scenario3_repeated_spike,D3QN,50,1.0,0,0.060625,0.197,0.5,0.5,-0.1288125,,0.007796638645231724,0.05837615579366684,,,1.0,normal
967,30,scenario3_repeated_spike,D3QN,50,1.9000000000000004,0,0.0611875,0.19790000000000002,0.5,0.5,-0.12954375,,0.010803548619151115,0.05011177808046341,,,1.0,normal
968,30,scenario3_repeated_spike,D3QN,50,0.0,1,0.09,0.11199999999999999,0.5,0.5,-0.10099999999999999,,0.010688086040318012,0.04896803945302963,,,1.0,normal
969,30,scenario3_repeated_spike,D3QN,50,1.0,0,0.060625,0.197,0.5,0.5,-0.1288125,,0.003671889891847968,0.04133183881640434,,,1.0,normal
970,30,scenario3_repeated_spike,D3QN,50,1.9000000000000004,0,0.0611875,0.19790000000000002,0.5,0.5,-0.12954375,,0.005531910806894302,0.03519395738840103,,,1.0,normal
971,30,scenario3_repeated_spike,D3QN,50,0.0,1,0.09,0.11199999999999999,0.5,0.5,-0.10099999999999999,,0.0027443727012723684,0.03355880826711655,,,1.0,normal
972,30,scenario3_repeated_spike,D3QN,50,1.0,0,0.060625,0.197,0.5,0.5,-0.1288125,,0.004477405454963446,0.04284613952040672,,,1.0,normal
973,30,scenario3_repeated_spike,D3QN,50,1.9000000000000004,0,0.0611875,0.19790000000000002,0.5,0.5,-0.12954375,,0.009274986572563648,0.04416651651263237,,,1.0,normal
974,30,scenario3_repeated_spike,D3QN,50,0.0,1,0.09,0.11199999999999999,0.5,0.5,-0.10099999999999999,,0.0054123373702168465,0.04940071702003479,,,1.0,normal
975,30,scenario3_repeated_spike,D3QN,50,1.0,0,0.060625,0.197,0.5,0.5,-0.1288125,,0.0052882409654557705,0.05002856254577637,,,1.0,normal
976,30,scenario3_repeated_spike,D3QN,50,1.9000000000000004,0,0.0611875,0.19790000000000002,0.5,0.5,-0.12954375,,0.0012078203726559877,0.02755337581038475,,,1.0,normal
977,30,scenario3_repeated_spike,D3QN,50,0.0,1,0.09,0.11199999999999999,0.5,0.5,-0.10099999999999999,,0.0016473701689392328,0.028166478499770164,,,1.0,normal
978,30,scenario3_repeated_spike,D3QN,50,1.0,0,0.060625,0.197,0.5,0.5,-0.1288125,,0.0020844119135290384,0.03234785795211792,,,1.0,normal
979,30,scenario3_repeated_spike,D3QN,50,0.0,1,0.09,0.11199999999999999,0.5,0.5,-0.10099999999999999,,0.0065318201668560505,0.04079818353056908,,,1.0,normal
980,30,scenario3_repeated_spike,D3QN,50,1.0,0,0.060625,0.197,0.5,0.5,-0.1288125,,0.004972603637725115,0.03478093445301056,,,1.0,normal
981,30,scenario3_repeated_spike,D3QN,50,0.0,1,0.09,0.11199999999999999,0.5,0.5,-0.10099999999999999,,0.006142888218164444,0.04293065890669823,,,1.0,normal
982,30,scenario3_repeated_spike,D3QN,50,1.0,0,0.060625,0.197,0.5,0.5,-0.1288125,,0.004984459839761257,0.03309507668018341,,,1.0,normal
983,30,scenario3_repeated_spike,D3QN,50,1.9000000000000004,0,0.0611875,0.19790000000000002,0.5,0.5,-0.12954375,,0.009510228410363197,0.06297409534454346,,,1.0,normal
984,30,scenario3_repeated_spike,D3QN,50,0.0,1,0.09,0.11199999999999999,0.5,0.5,-0.10099999999999999,,0.009280690923333168,0.060799490660429,,,1.0,normal
985,30,scenario3_repeated_spike,D3QN,50,1.0,0,0.060625,0.197,0.5,0.5,-0.1288125,,0.01547022070735693,0.053431957960128784,,,1.0,normal
986,30,scenario3_repeated_spike,D3QN,50,1.9000000000000004,0,0.0611875,0.19790000000000002,0.5,0.5,-0.12954375,,0.014837585389614105,0.06164257600903511,,,1.0,normal
987,30,scenario3_repeated_spike,D3QN,50,0.0,1,0.09,0.11199999999999999,0.5,0.5,-0.10099999999999999,,0.015408341772854328,0.0776965394616127,,,1.0,normal
988,30,scenario3_repeated_spike,D3QN,50,1.0,0,0.060625,0.197,0.5,0.5,-0.1288125,,0.009488810785114765,0.05642041191458702,,,1.0,normal
989,30,scenario3_repeated_spike,D3QN,50,1.9000000000000004,0,0.0611875,0.19790000000000002,0.5,0.5,-0.12954375,,0.002597913146018982,0.026989849284291267,,,1.0,normal
990,30,scenario3_repeated_spike,D3QN,50,0.0,1,0.09,0.11199999999999999,0.5,0.5,-0.10099999999999999,,0.004771394655108452,0.044907987117767334,,,1.0,normal
991,30,scenario3_repeated_spike,D3QN,50,1.0,0,0.060625,0.197,0.5,0.5,-0.1288125,,0.005270363762974739,0.048400845378637314,,,1.0,normal
992,30,scenario3_repeated_spike,D3QN,50,1.9000000000000004,0,0.0611875,0.19790000000000002,0.5,0.5,-0.12954375,,0.007953700609505177,0.03867774084210396,,,1.0,normal
993,30,scenario3_repeated_spike,D3QN,50,0.0,1,0.09,0.11199999999999999,0.5,0.5,-0.10099999999999999,,0.008883390575647354,0.03505462035536766,,,1.0,normal
994,30,scenario3_repeated_spike,D3QN,50,1.0,0,0.060625,0.197,0.5,0.5,-0.1288125,,0.0032718933653086424,0.030415326356887817,,,1.0,normal
995,30,scenario3_repeated_spike,D3QN,50,1.9000000000000004,0,0.0611875,0.19790000000000002,0.5,0.5,-0.12954375,,0.002732713706791401,0.027237150818109512,,,1.0,normal
996,30,scenario3_repeated_spike,D3QN,50,0.0,1,0.09,0.11199999999999999,0.5,0.5,-0.10099999999999999,,0.009690292179584503,0.039206258952617645,,,1.0,normal
997,30,scenario3_repeated_spike,D3QN,50,1.0,0,0.060625,0.197,0.5,0.5,-0.1288125,,0.00474614929407835,0.028892364352941513,,,1.0,normal
998,30,scenario3_repeated_spike,D3QN,50,1.9000000000000004,0,0.0611875,0.19790000000000002,0.5,0.5,-0.12954375,,0.011450146324932575,0.05174168199300766,,,1.0,normal
999,30,scenario3_repeated_spike,D3QN,50,2.710000000000001,0,0.061693750000000006,0.19871000000000003,0.5,0.5,-0.13020187500000002,,0.0038615011144429445,0.025295622646808624,,,1.0,normal
1000,30,scenario3_repeated_spike,D3QN,50,0.0,1,0.09,0.11199999999999999,0.5,0.5,-0.10099999999999999,,0.009939273819327354,0.09453540295362473,,,1.0,normal
1001,30,scenario3_repeated_spike,D3QN,50,1.0,0,0.060625,0.197,0.5,0.5,-0.1288125,,0.008467159233987331,0.0848979577422142,,,1.0,normal
1002,30,scenario3_repeated_spike,D3QN,50,1.9000000000000004,0,0.0611875,0.19790000000000002,0.5,0.5,-0.12954375,,0.013123239390552044,0.10473672300577164,,,1.0,normal
1003,30,scenario3_repeated_spike,D3QN,50,0.0,1,0.09,0.11199999999999999,0.5,0.5,-0.10099999999999999,,0.014100058004260063,0.1072540283203125,,,1.0,normal
1004,30,scenario3_repeated_spike,D3QN,50,1.0,0,0.060625,0.197,0.5,0.5,-0.1288125,,0.02305453270673752,0.09649915248155594,,,1.0,normal
1005,30,scenario3_repeated_spike,D3QN,50,1.9000000000000004,0,0.0611875,0.19790000000000002,0.5,0.5,-0.12954375,,0.011735339649021626,0.09836040437221527,,,1.0,normal
1006,30,scenario3_repeated_spike,D3QN,50,0.0,1,0.09,0.11199999999999999,0.5,0.5,-0.10099999999999999,,0.01590925082564354,0.10653508454561234,,,1.0,normal
1007,30,scenario3_repeated_spike,D3QN,50,1.0,0,0.060625,0.197,0.5,0.5,-0.1288125,,0.020650407299399376,0.10638797283172607,,,1.0,normal
1008,30,scenario3_repeated_spike,D3QN,50,1.9000000000000004,0,0.0611875,0.19790000000000002,0.5,0.5,-0.12954375,,0.010002607479691505,0.07360556721687317,,,1.0,normal
1009,30,scenario3_repeated_spike,D3QN,50,0.0,1,0.09,0.11199999999999999,0.5,0.5,-0.10099999999999999,,0.008373865857720375,0.07982292771339417,,,1.0,normal
1010,30,scenario3_repeated_spike,D3QN,50,1.0,0,0.060625,0.197,0.5,0.5,-0.1288125,,0.006374087184667587,0.0610533282160759,,,1.0,normal
1011,30,scenario3_repeated_spike,D3QN,50,1.9000000000000004,0,0.0611875,0.19790000000000002,0.5,0.5,-0.12954375,,0.0035296990536153316,0.05065535753965378,,,1.0,normal
1012,30,scenario3_repeated_spike,D3QN,50,0.0,1,0.09,0.11199999999999999,0.5,0.5,-0.10099999999999999,,0.006495075300335884,0.0655122697353363,,,1.0,normal
1013,30,scenario3_repeated_spike,D3QN,50,1.0,0,0.060625,0.197,0.5,0.5,-0.1288125,,0.00792271550744772,0.06220725178718567,,,1.0,normal
1014,30,scenario3_repeated_spike,D3QN,50,1.9000000000000004,0,0.0611875,0.19790000000000002,0.5,0.5,-0.12954375,,0.016247622668743134,0.06929878145456314,,,1.0,normal
1015,30,scenario3_repeated_spike,D3QN,50,0.0,1,0.09,0.11199999999999999,0.5,0.5,-0.10099999999999999,,0.022739410400390625,0.07332486659288406,,,1.0,normal
1016,30,scenario3_repeated_spike,D3QN,50,1.0,0,0.060625,0.197,0.5,0.5,-0.1288125,,0.006618521176278591,0.05899806693196297,,,1.0,normal
1017,30,scenario3_repeated_spike,D3QN,50,1.9000000000000004,0,0.0611875,0.19790000000000002,0.5,0.5,-0.12954375,,0.0050076949410140514,0.04217243194580078,,,1.0,normal
1018,30,scenario3_repeated_spike,D3QN,50,0.0,1,0.09,0.11199999999999999,0.5,0.5,-0.10099999999999999,,0.0038208630867302418,0.03635317087173462,,,1.0,normal
1019,30,scenario3_repeated_spike,D3QN,50,1.0,0,0.060625,0.197,0.5,0.5,-0.1288125,,0.016269218176603317,0.07412570714950562,,,1.0,normal
1020,30,scenario3_repeated_spike,D3QN,50,1.9000000000000004,0,0.0611875,0.19790000000000002,0.5,0.5,-0.12954375,,0.014041798189282417,0.08449901640415192,,,1.0,normal
1021,30,scenario3_repeated_spike,D3QN,50,0.0,1,0.09,0.11199999999999999,0.5,0.5,-0.10099999999999999,,0.006349021568894386,0.0461578369140625,,,1.0,normal
1022,30,scenario3_repeated_spike,D3QN,50,1.0,0,0.060625,0.197,0.5,0.5,-0.1288125,,0.004794351290911436,0.046063099056482315,,,1.0,normal
1023,30,scenario3_repeated_spike,D3QN,50,0.0,1,0.09,0.11199999999999999,0.5,0.5,-0.10099999999999999,,0.010204428806900978,0.06275375187397003,,,1.0,normal
1024,30,scenario3_repeated_spike,D3QN,50,1.0,0,0.060625,0.197,0.5,0.5,-0.1288125,,0.012622147798538208,0.07811972498893738,,,1.0,normal
1025,30,scenario3_repeated_spike,D3QN,50,0.0,1,0.09,0.11199999999999999,0.5,0.5,-0.10099999999999999,,0.004378100857138634,0.04152507334947586,,,1.0,normal
1026,30,scenario3_repeated_spike,D3QN,50,1.0,0,0.060625,0.197,0.5,0.5,-0.1288125,,0.023177606984972954,0.07102349400520325,,,1.0,normal
1027,30,scenario3_repeated_spike,D3QN,50,0.0,1,0.09,0.11199999999999999,0.5,0.5,-0.10099999999999999,,0.013448693789541721,0.053915977478027344,,,1.0,normal
1028,30,scenario3_repeated_spike,D3QN,50,1.0,0,0.060625,0.197,0.5,0.5,-0.1288125,,0.008844644762575626,0.049348797649145126,,,1.0,normal
1029,30,scenario3_repeated_spike,D3QN,50,0.0,1,0.09,0.11199999999999999,0.5,0.5,-0.10099999999999999,,0.004698464181274176,0.04735666513442993,,,1.0,normal
1030,30,scenario3_repeated_spike,D3QN,50,1.0,0,0.060625,0.197,0.5,0.5,-0.1288125,,0.0046950336545705795,0.04689570143818855,,,1.0,normal
1031,30,scenario3_repeated_spike,D3QN,50,0.0,1,0.09,0.11199999999999999,0.5,0.5,-0.10099999999999999,,0.006394219119101763,0.05661856755614281,,,1.0,normal
1032,30,scenario3_repeated_spike,D3QN,50,1.0,0,0.060625,0.197,0.5,0.5,-0.1288125,,0.008514565415680408,0.05995436757802963,,,1.0,normal
1033,30,scenario3_repeated_spike,D3QN,50,0.0,1,0.09,0.11199999999999999,0.5,0.5,-0.10099999999999999,,0.013435529544949532,0.05468381941318512,,,1.0,normal
1034,30,scenario3_repeated_spike,D3QN,50,1.0,0,0.060625,0.197,0.5,0.5,-0.1288125,,0.008326267823576927,0.06359844654798508,,,1.0,normal
1035,30,scenario3_repeated_spike,D3QN,50,0.0,1,0.09,0.11199999999999999,0.5,0.5,-0.10099999999999999,,0.020237622782588005,0.09334570914506912,,,1.0,normal
1036,30,scenario3_repeated_spike,D3QN,50,0.0,1,0.09,0.11199999999999999,0.5,0.5,-0.10099999999999999,,0.01963387057185173,0.09262292832136154,,,1.0,normal
1037,30,scenario3_repeated_spike,D3QN,50,0.0,1,0.09,0.11199999999999999,0.5,0.5,-0.10099999999999999,,0.0040941075421869755,0.04291648045182228,,,1.0,normal
1038,30,scenario3_repeated_spike,D3QN,50,0.0,1,0.09,0.11199999999999999,0.5,0.5,-0.10099999999999999,,0.013970938511192799,0.07207591831684113,,,1.0,normal
1039,30,scenario3_repeated_spike,D3QN,50,0.0,1,0.09,0.11199999999999999,0.5,0.5,-0.10099999999999999,,0.025720220059156418,0.09571878612041473,,,1.0,normal
1040,30,scenario3_repeated_spike,D3QN,50,0.0,1,0.09,0.11199999999999999,0.5,0.5,-0.10099999999999999,,0.0399787575006485,0.1294267177581787,,,1.0,normal
1041,30,scenario3_repeated_spike,D3QN,50,0.0,1,0.09,0.11199999999999999,0.5,0.5,-0.10099999999999999,,0.032033078372478485,0.10258030891418457,,,1.0,normal
1042,30,scenario3_repeated_spike,D3QN,50,0.0,1,0.09,0.11199999999999999,0.5,0.5,-0.10099999999999999,,0.0028127210680395365,0.03767482936382294,,,1.0,normal
1043,30,scenario3_repeated_spike,D3QN,50,0.0,1,0.09,0.11199999999999999,0.5,0.5,-0.10099999999999999,,0.004270337987691164,0.041278354823589325,,,1.0,normal
1044,30,scenario3_repeated_spike,D3QN,50,0.0,1,0.09,0.11199999999999999,0.5,0.5,-0.10099999999999999,,0.011836704798042774,0.0561005100607872,,,1.0,normal
1045,30,scenario3_repeated_spike,D3QN,50,0.0,1,0.09,0.11199999999999999,0.5,0.5,-0.10099999999999999,,0.004474536515772343,0.04282146319746971,,,1.0,normal
1046,30,scenario3_repeated_spike,D3QN,50,0.0,1,0.09,0.11199999999999999,0.5,0.5,-0.10099999999999999,,0.030623089522123337,0.07907091826200485,,,1.0,normal
1047,30,scenario3_repeated_spike,D3QN,50,0.0,1,0.09,0.11199999999999999,0.5,0.5,-0.10099999999999999,,0.008464260958135128,0.03701484575867653,,,1.0,normal
1048,30,scenario3_repeated_spike,D3QN,50,0.0,1,0.09,0.11199999999999999,0.5,0.5,-0.10099999999999999,,0.012410649098455906,0.04038874804973602,,,1.0,normal
1049,30,scenario3_repeated_spike,D3QN,50,1.0,0,0.060625,0.197,0.5,0.5,-0.1288125,,0.007517383899539709,0.05465061962604523,,,1.0,normal
1050,30,scenario3_repeated_spike,D3QN,50,0.0,1,0.09,0.11199999999999999,0.5,0.5,-0.10099999999999999,,0.004601891618221998,0.045763008296489716,,,1.0,normal
1051,30,scenario3_repeated_spike,D3QN,50,0.0,1,0.09,0.11199999999999999,0.5,0.5,-0.10099999999999999,,0.0022642677649855614,0.030874496325850487,,,1.0,normal
1052,30,scenario3_repeated_spike,D3QN,50,0.0,1,0.09,0.11199999999999999,0.5,0.5,-0.10099999999999999,,0.002296102698892355,0.028432419523596764,,,1.0,normal
1053,30,scenario3_repeated_spike,D3QN,50,0.0,1,0.09,0.11199999999999999,0.5,0.5,-0.10099999999999999,,0.003715221071615815,0.03472382575273514,,,1.0,normal
1054,30,scenario3_repeated_spike,D3QN,50,0.0,1,0.09,0.11199999999999999,0.5,0.5,-0.10099999999999999,,0.002930902410298586,0.03047829121351242,,,1.0,normal
1055,30,scenario3_repeated_spike,D3QN,50,0.0,1,0.09,0.11199999999999999,0.5,0.5,-0.10099999999999999,,0.005964381154626608,0.0426003523170948,,,1.0,normal
1056,30,scenario3_repeated_spike,D3QN,50,0.0,1,0.09,0.11199999999999999,0.5,0.5,-0.10099999999999999,,0.003487975802272558,0.03745446354150772,,,1.0,normal
1057,30,scenario3_repeated_spike,D3QN,50,0.0,1,0.09,0.11199999999999999,0.5,0.5,-0.10099999999999999,,0.0020774949807673693,0.026359932497143745,,,1.0,normal
1058,30,scenario3_repeated_spike,D3QN,50,0.0,1,0.09,0.11199999999999999,0.5,0.5,-0.10099999999999999,,0.0008904331480152905,0.020200835540890694,,,1.0,normal
1059,30,scenario3_repeated_spike,D3QN,50,0.0,1,0.09,0.11199999999999999,0.5,0.5,-0.10099999999999999,,0.006477536633610725,0.04504622519016266,,,1.0,normal
1060,30,scenario3_repeated_spike,D3QN,50,0.0,1,0.09,0.11199999999999999,0.5,0.5,-0.10099999999999999,,0.003945610951632261,0.04054438695311546,,,1.0,normal
1061,30,scenario3_repeated_spike,D3QN,50,0.0,1,0.09,0.11199999999999999,0.5,0.5,-0.10099999999999999,,0.003919355571269989,0.03777717426419258,,,1.0,normal
1062,30,scenario3_repeated_spike,D3QN,50,0.0,1,0.09,0.11199999999999999,0.5,0.5,-0.10099999999999999,,0.0035748202353715897,0.03477906808257103,,,1.0,normal
1063,30,scenario3_repeated_spike,D3QN,50,0.0,1,0.09,0.11199999999999999,0.5,0.5,-0.10099999999999999,,0.014338183216750622,0.054292649030685425,,,1.0,normal
1064,30,scenario3_repeated_spike,D3QN,50,0.0,1,0.09,0.11199999999999999,0.5,0.5,-0.10099999999999999,,0.009045077487826347,0.03611878305673599,,,1.0,normal
1065,30,scenario3_repeated_spike,D3QN,50,1.0,0,0.060625,0.197,0.5,0.5,-0.1288125,,0.008002043701708317,0.04039205238223076,,,1.0,normal
1066,30,scenario3_repeated_spike,D3QN,50,0.0,1,0.09,0.11199999999999999,0.5,0.5,-0.10099999999999999,,0.006046670954674482,0.04589852690696716,,,1.0,normal
1067,30,scenario3_repeated_spike,D3QN,50,0.0,1,0.09,0.11199999999999999,0.5,0.5,-0.10099999999999999,,0.004299506079405546,0.03535710275173187,,,1.0,normal
1068,30,scenario3_repeated_spike,D3QN,50,0.0,1,0.09,0.11199999999999999,0.5,0.5,-0.10099999999999999,,0.0033071422949433327,0.03413653001189232,,,1.0,normal
1069,30,scenario3_repeated_spike,D3QN,50,0.0,1,0.09,0.11199999999999999,0.5,0.5,-0.10099999999999999,,0.00275797420181334,0.03584710508584976,,,1.0,normal
1070,30,scenario3_repeated_spike,D3QN,50,0.0,1,0.09,0.11199999999999999,0.5,0.5,-0.10099999999999999,,0.003950903657823801,0.04072331637144089,,,1.0,normal
1071,30,scenario3_repeated_spike,D3QN,50,0.0,1,0.09,0.11199999999999999,0.5,0.5,-0.10099999999999999,,0.011580421589314938,0.050823889672756195,,,1.0,normal
1072,30,scenario3_repeated_spike,D3QN,50,0.0,1,0.09,0.11199999999999999,0.5,0.5,-0.10099999999999999,,0.006106000393629074,0.041197940707206726,,,1.0,normal
1073,30,scenario3_repeated_spike,D3QN,50,1.0,0,0.060625,0.197,0.5,0.5,-0.1288125,,0.012606394477188587,0.04994006082415581,,,1.0,normal
1074,30,scenario3_repeated_spike,D3QN,50,0.0,1,0.09,0.11199999999999999,0.5,0.5,-0.10099999999999999,,0.006326785311102867,0.0354575589299202,,,1.0,normal
1075,30,scenario3_repeated_spike,D3QN,50,0.0,1,0.09,0.11199999999999999,0.5,0.5,-0.10099999999999999,,0.0019619313534349203,0.025267265737056732,,,1.0,normal
1076,30,scenario3_repeated_spike,D3QN,50,0.0,1,0.09,0.11199999999999999,0.5,0.5,-0.10099999999999999,,0.00681315315887332,0.0376291424036026,,,1.0,normal
1077,30,scenario3_repeated_spike,D3QN,50,0.0,1,0.09,0.11199999999999999,0.5,0.5,-0.10099999999999999,,0.0038517729844897985,0.03291313350200653,,,1.0,normal
1078,30,scenario3_repeated_spike,D3QN,50,0.0,1,0.09,0.11199999999999999,0.5,0.5,-0.10099999999999999,,0.005641538184136152,0.0377352312207222,,,1.0,normal
1079,30,scenario3_repeated_spike,D3QN,50,0.0,1,0.09,0.11199999999999999,0.5,0.5,-0.10099999999999999,,0.0027431310154497623,0.0303505752235651,,,1.0,normal
1080,30,scenario3_repeated_spike,D3QN,50,0.0,1,0.09,0.11199999999999999,0.5,0.5,-0.10099999999999999,,0.007222148589789867,0.040971145033836365,,,1.0,normal
1081,30,scenario3_repeated_spike,D3QN,50,0.0,1,0.09,0.11199999999999999,0.5,0.5,-0.10099999999999999,,0.0009072024840861559,0.021148795261979103,,,1.0,normal
1082,30,scenario3_repeated_spike,D3QN,50,1.0,0,0.060625,0.197,0.5,0.5,-0.1288125,,0.004867152776569128,0.028808636590838432,,,1.0,normal
1083,30,scenario3_repeated_spike,D3QN,50,0.0,1,0.09,0.11199999999999999,0.5,0.5,-0.10099999999999999,,0.005402320995926857,0.046152688562870026,,,1.0,normal
1084,30,scenario3_repeated_spike,D3QN,50,0.0,1,0.09,0.11199999999999999,0.5,0.5,-0.10099999999999999,,0.004615399986505508,0.037363201379776,,,1.0,normal
1085,30,scenario3_repeated_spike,D3QN,50,1.0,0,0.060625,0.197,0.5,0.5,-0.1288125,,0.007867814041674137,0.05153267830610275,,,1.0,normal
1086,30,scenario3_repeated_spike,D3QN,50,0.0,1,0.09,0.11199999999999999,0.5,0.5,-0.10099999999999999,,0.009509832598268986,0.06364987045526505,,,1.0,normal
1087,30,scenario3_repeated_spike,D3QN,50,1.0,0,0.060625,0.197,0.5,0.5,-0.1288125,,0.007738668471574783,0.03946352005004883,,,1.0,normal
1088,30,scenario3_repeated_spike,D3QN,50,0.0,1,0.09,0.11199999999999999,0.5,0.5,-0.10099999999999999,,0.0108206020668149,0.057895954698324203,,,1.0,normal
1089,30,scenario3_repeated_spike,D3QN,50,1.0,0,0.060625,0.197,0.5,0.5,-0.1288125,,0.009014594368636608,0.05884391441941261,,,1.0,normal
1090,30,scenario3_repeated_spike,D3QN,50,0.0,1,0.09,0.11199999999999999,0.5,0.5,-0.10099999999999999,,0.0046026939526200294,0.03657263517379761,,,1.0,normal
1091,30,scenario3_repeated_spike,D3QN,50,1.0,0,0.060625,0.197,0.5,0.5,-0.1288125,,0.007861219346523285,0.03804171085357666,,,1.0,normal
1092,30,scenario3_repeated_spike,D3QN,50,0.0,1,0.09,0.11199999999999999,0.5,0.5,-0.10099999999999999,,0.008277339860796928,0.0534338615834713,,,1.0,normal
1093,30,scenario3_repeated_spike,D3QN,50,0.0,1,0.09,0.11199999999999999,0.5,0.5,-0.10099999999999999,,0.0012858816189691424,0.02364872768521309,,,1.0,normal
1094,30,scenario3_repeated_spike,D3QN,50,0.0,1,0.09,0.11199999999999999,0.5,0.5,-0.10099999999999999,,0.004029440693557262,0.03547731041908264,,,1.0,normal
1095,30,scenario3_repeated_spike,D3QN,50,0.0,1,0.09,0.11199999999999999,0.5,0.5,-0.10099999999999999,,0.006359314080327749,0.03690264746546745,,,1.0,normal
1096,30,scenario3_repeated_spike,D3QN,50,0.0,1,0.09,0.11199999999999999,0.5,0.5,-0.10099999999999999,,0.005251038353890181,0.02991875447332859,,,1.0,normal
1097,30,scenario3_repeated_spike,D3QN,50,1.0,0,0.060625,0.197,0.5,0.5,-0.1288125,,0.01099279522895813,0.04993574321269989,,,1.0,normal
1098,30,scenario3_repeated_spike,D3QN,50,0.0,1,0.09,0.11199999999999999,0.5,0.5,-0.10099999999999999,,0.00539340591058135,0.0375911109149456,,,1.0,normal
1099,30,scenario3_repeated_spike,D3QN,50,0.0,1,0.09,0.11199999999999999,0.5,0.5,-0.10099999999999999,,0.010321270674467087,0.05615667998790741,,,1.0,normal
1100,30,scenario3_repeated_spike,D3QN,50,0.0,1,0.09,0.11199999999999999,0.5,0.5,-0.10099999999999999,,0.011704400181770325,0.10229554772377014,,,1.0,normal
1101,30,scenario3_repeated_spike,D3QN,50,0.0,1,0.09,0.11199999999999999,0.5,0.5,-0.10099999999999999,,0.009555809199810028,0.09041360020637512,,,1.0,normal
1102,30,scenario3_repeated_spike,D3QN,50,0.0,1,0.09,0.11199999999999999,0.5,0.5,-0.10099999999999999,,0.021898841485381126,0.11776788532733917,,,1.0,normal
1103,30,scenario3_repeated_spike,D3QN,50,1.0,0,0.060625,0.197,0.5,0.5,-0.1288125,,0.026095004752278328,0.1313757449388504,,,1.0,normal
1104,30,scenario3_repeated_spike,D3QN,50,0.0,1,0.09,0.11199999999999999,0.5,0.5,-0.10099999999999999,,0.015784407034516335,0.10930239409208298,,,1.0,normal
1105,30,scenario3_repeated_spike,D3QN,50,1.0,0,0.060625,0.197,0.5,0.5,-0.1288125,,0.009375937283039093,0.07995240390300751,,,1.0,normal
1106,30,scenario3_repeated_spike,D3QN,50,0.0,1,0.09,0.11199999999999999,0.5,0.5,-0.10099999999999999,,0.018027042970061302,0.10599047690629959,,,1.0,normal
1107,30,scenario3_repeated_spike,D3QN,50,1.0,0,0.060625,0.197,0.5,0.5,-0.1288125,,0.008607850410044193,0.07366468012332916,,,1.0,normal
1108,30,scenario3_repeated_spike,D3QN,50,0.0,1,0.09,0.11199999999999999,0.5,0.5,-0.10099999999999999,,0.007385532837361097,0.07594339549541473,,,1.0,normal
1109,30,scenario3_repeated_spike,D3QN,50,1.0,0,0.060625,0.197,0.5,0.5,-0.1288125,,0.008072255179286003,0.0787854939699173,,,1.0,normal
1110,30,scenario3_repeated_spike,D3QN,50,0.0,1,0.09,0.11199999999999999,0.5,0.5,-0.10099999999999999,,0.008063996210694313,0.06250365078449249,,,1.0,normal
1111,30,scenario3_repeated_spike,D3QN,50,1.0,0,0.060625,0.197,0.5,0.5,-0.1288125,,0.01994379237294197,0.08795236051082611,,,1.0,normal
1112,30,scenario3_repeated_spike,D3QN,50,0.0,1,0.09,0.11199999999999999,0.5,0.5,-0.10099999999999999,,0.004232803825289011,0.055285368114709854,,,1.0,normal
1113,30,scenario3_repeated_spike,D3QN,50,1.0,0,0.060625,0.197,0.5,0.5,-0.1288125,,0.018718451261520386,0.06425383687019348,,,1.0,normal
1114,30,scenario3_repeated_spike,D3QN,50,0.0,1,0.09,0.11199999999999999,0.5,0.5,-0.10099999999999999,,0.01215943694114685,0.062429770827293396,,,1.0,normal
1115,30,scenario3_repeated_spike,D3QN,50,1.0,0,0.060625,0.197,0.5,0.5,-0.1288125,,0.0072547197341918945,0.051323212683200836,,,1.0,normal
1116,30,scenario3_repeated_spike,D3QN,50,0.0,1,0.09,0.11199999999999999,0.5,0.5,-0.10099999999999999,,0.012446588836610317,0.06720411032438278,,,1.0,normal
1117,30,scenario3_repeated_spike,D3QN,50,1.0,0,0.060625,0.197,0.5,0.5,-0.1288125,,0.016233813017606735,0.06589657813310623,,,1.0,normal
1118,30,scenario3_repeated_spike,D3QN,50,0.0,1,0.09,0.11199999999999999,0.5,0.5,-0.10099999999999999,,0.001221023965626955,0.02170100063085556,,,1.0,normal
1119,30,scenario3_repeated_spike,D3QN,50,1.0,0,0.060625,0.197,0.5,0.5,-0.1288125,,0.020109156146645546,0.08063062280416489,,,1.0,normal
1120,30,scenario3_repeated_spike,D3QN,50,0.0,1,0.09,0.11199999999999999,0.5,0.5,-0.10099999999999999,,0.02910536713898182,0.07064975798130035,,,1.0,normal
1121,30,scenario3_repeated_spike,D3QN,50,1.0,0,0.060625,0.197,0.5,0.5,-0.1288125,,0.013214885257184505,0.06256721913814545,,,1.0,normal
1122,30,scenario3_repeated_spike,D3QN,50,1.9000000000000004,0,0.0611875,0.19790000000000002,0.5,0.5,-0.12954375,,0.002658071229234338,0.031745560467243195,,,1.0,normal
1123,30,scenario3_repeated_spike,D3QN,50,0.0,1,0.09,0.11199999999999999,0.5,0.5,-0.10099999999999999,,0.00983438640832901,0.06290033459663391,,,1.0,normal
1124,30,scenario3_repeated_spike,D3QN,50,1.0,0,0.060625,0.197,0.5,0.5,-0.1288125,,0.016562625765800476,0.06783078610897064,,,1.0,normal
1125,30,scenario3_repeated_spike,D3QN,50,0.0,1,0.09,0.11199999999999999,0.5,0.5,-0.10099999999999999,,0.0016185541171580553,0.03210581839084625,,,1.0,normal
1126,30,scenario3_repeated_spike,D3QN,50,1.0,0,0.060625,0.197,0.5,0.5,-0.1288125,,0.020456215366721153,0.09626629948616028,,,1.0,normal
1127,30,scenario3_repeated_spike,D3QN,50,0.0,1,0.09,0.11199999999999999,0.5,0.5,-0.10099999999999999,,0.015824392437934875,0.05663435161113739,,,1.0,normal
1128,30,scenario3_repeated_spike,D3QN,50,1.0,0,0.060625,0.197,0.5,0.5,-0.1288125,,0.023200541734695435,0.09160447120666504,,,1.0,normal
1129,30,scenario3_repeated_spike,D3QN,50,0.0,1,0.09,0.11199999999999999,0.5,0.5,-0.10099999999999999,,0.009571129456162453,0.05180443078279495,,,1.0,normal
1130,30,scenario3_repeated_spike,D3QN,50,1.0,0,0.060625,0.197,0.5,0.5,-0.1288125,,0.012073284015059471,0.06574541330337524,,,1.0,normal
1131,30,scenario3_repeated_spike,D3QN,50,0.0,1,0.09,0.11199999999999999,0.5,0.5,-0.10099999999999999,,0.040895573794841766,0.13263285160064697,,,1.0,normal
1132,30,scenario3_repeated_spike,D3QN,50,1.0,0,0.060625,0.197,0.5,0.5,-0.1288125,,0.029093950986862183,0.10864005237817764,,,1.0,normal
1133,30,scenario3_repeated_spike,D3QN,50,0.0,1,0.09,0.11199999999999999,0.5,0.5,-0.10099999999999999,,0.008198107592761517,0.062263958156108856,,,1.0,normal
1134,30,scenario3_repeated_spike,D3QN,50,1.0,0,0.060625,0.197,0.5,0.5,-0.1288125,,0.016800375655293465,0.06677571684122086,,,1.0,normal
1135,30,scenario3_repeated_spike,D3QN,50,0.0,1,0.09,0.11199999999999999,0.5,0.5,-0.10099999999999999,,0.021132901310920715,0.09299416840076447,,,1.0,normal
1136,30,scenario3_repeated_spike,D3QN,50,1.0,0,0.060625,0.197,0.5,0.5,-0.1288125,,0.02268833853304386,0.0934489518404007,,,1.0,normal
1137,30,scenario3_repeated_spike,D3QN,50,0.0,1,0.09,0.11199999999999999,0.5,0.5,-0.10099999999999999,,0.004765030462294817,0.04199571534991264,,,1.0,normal
1138,30,scenario3_repeated_spike,D3QN,50,1.0,0,0.060625,0.197,0.5,0.5,-0.1288125,,0.00839946512132883,0.058651071041822433,,,1.0,normal
1139,30,scenario3_repeated_spike,D3QN,50,0.0,1,0.09,0.11199999999999999,0.5,0.5,-0.10099999999999999,,0.023851579055190086,0.0892295315861702,,,1.0,normal
1140,30,scenario3_repeated_spike,D3QN,50,1.0,0,0.060625,0.197,0.5,0.5,-0.1288125,,0.01206293050199747,0.07348784804344177,,,1.0,normal
1141,30,scenario3_repeated_spike,D3QN,50,0.0,1,0.09,0.11199999999999999,0.5,0.5,-0.10099999999999999,,0.014202491380274296,0.05935213714838028,,,1.0,normal
1142,30,scenario3_repeated_spike,D3QN,50,1.0,0,0.060625,0.197,0.5,0.5,-0.1288125,,0.010806740261614323,0.06314210593700409,,,1.0,normal
1143,30,scenario3_repeated_spike,D3QN,50,0.0,1,0.09,0.11199999999999999,0.5,0.5,-0.10099999999999999,,0.027970435097813606,0.11041074991226196,,,1.0,normal
1144,30,scenario3_repeated_spike,D3QN,50,1.0,0,0.060625,0.197,0.5,0.5,-0.1288125,,0.020544786006212234,0.07877922058105469,,,1.0,normal
1145,30,scenario3_repeated_spike,D3QN,50,0.0,1,0.09,0.11199999999999999,0.5,0.5,-0.10099999999999999,,0.007379602640867233,0.04285656660795212,,,1.0,normal
1146,30,scenario3_repeated_spike,D3QN,50,0.0,1,0.09,0.11199999999999999,0.5,0.5,-0.10099999999999999,,0.009271284565329552,0.06075122207403183,,,1.0,normal
1147,30,scenario3_repeated_spike,D3QN,50,0.0,1,0.09,0.11199999999999999,0.5,0.5,-0.10099999999999999,,0.027137933298945427,0.09705081582069397,,,1.0,normal
1148,30,scenario3_repeated_spike,D3QN,50,0.0,1,0.09,0.11199999999999999,0.5,0.5,-0.10099999999999999,,0.018661320209503174,0.07741379737854004,,,1.0,normal
1149,30,scenario3_repeated_spike,D3QN,50,0.0,1,0.09,0.11199999999999999,0.5,0.5,-0.10099999999999999,,0.013867760077118874,0.08118768036365509,,,1.0,normal
1150,30,scenario3_repeated_spike,D3QN,50,0.0,1,0.09,0.11199999999999999,0.5,0.5,-0.10099999999999999,,0.008495216257870197,0.03746894747018814,,,1.0,normal
1151,30,scenario3_repeated_spike,D3QN,50,0.0,1,0.09,0.11199999999999999,0.5,0.5,-0.10099999999999999,,0.05297701433300972,0.14422374963760376,,,1.0,normal
1152,30,scenario3_repeated_spike,D3QN,50,0.0,1,0.09,0.11199999999999999,0.5,0.5,-0.10099999999999999,,0.03492986783385277,0.1017976626753807,,,1.0,normal
1153,30,scenario3_repeated_spike,D3QN,50,0.0,1,0.09,0.11199999999999999,0.5,0.5,-0.10099999999999999,,0.044754303991794586,0.12251189351081848,,,1.0,normal
1154,30,scenario3_repeated_spike,D3QN,50,0.0,1,0.09,0.11199999999999999,0.5,0.5,-0.10099999999999999,,0.006430488545447588,0.052464187145233154,,,1.0,normal
1155,30,scenario3_repeated_spike,D3QN,50,0.0,1,0.09,0.11199999999999999,0.5,0.5,-0.10099999999999999,,0.006592911668121815,0.055107034742832184,,,1.0,normal
1156,30,scenario3_repeated_spike,D3QN,50,0.0,1,0.09,0.11199999999999999,0.5,0.5,-0.10099999999999999,,0.0266247671097517,0.09697805345058441,,,1.0,normal
1157,30,scenario3_repeated_spike,D3QN,50,0.0,1,0.09,0.11199999999999999,0.5,0.5,-0.10099999999999999,,0.039103683084249496,0.11667930334806442,,,1.0,normal
1158,30,scenario3_repeated_spike,D3QN,50,0.0,1,0.09,0.11199999999999999,0.5,0.5,-0.10099999999999999,,0.04152573645114899,0.12090615928173065,,,1.0,normal
1159,30,scenario3_repeated_spike,D3QN,50,0.0,1,0.09,0.11199999999999999,0.5,0.5,-0.10099999999999999,,0.008966924622654915,0.046417541801929474,,,1.0,normal
1160,30,scenario3_repeated_spike,D3QN,50,0.0,1,0.09,0.11199999999999999,0.5,0.5,-0.10099999999999999,,0.01452623214572668,0.061527468264102936,,,1.0,normal
1161,30,scenario3_repeated_spike,D3QN,50,0.0,1,0.09,0.11199999999999999,0.5,0.5,-0.10099999999999999,,0.013999506831169128,0.06758038699626923,,,1.0,normal
1162,30,scenario3_repeated_spike,D3QN,50,0.0,1,0.09,0.11199999999999999,0.5,0.5,-0.10099999999999999,,0.01943122036755085,0.07765970379114151,,,1.0,normal
1163,30,scenario3_repeated_spike,D3QN,50,0.0,1,0.09,0.11199999999999999,0.5,0.5,-0.10099999999999999,,0.004178944975137711,0.03900754451751709,,,1.0,normal
1164,30,scenario3_repeated_spike,D3QN,50,0.0,1,0.09,0.11199999999999999,0.5,0.5,-0.10099999999999999,,0.009588227607309818,0.06278684735298157,,,1.0,normal
1165,30,scenario3_repeated_spike,D3QN,50,0.0,1,0.09,0.11199999999999999,0.5,0.5,-0.10099999999999999,,0.01606818288564682,0.0781746432185173,,,1.0,normal
1166,30,scenario3_repeated_spike,D3QN,50,0.0,1,0.09,0.11199999999999999,0.5,0.5,-0.10099999999999999,,0.015913793817162514,0.08110485225915909,,,1.0,normal
1167,30,scenario3_repeated_spike,D3QN,50,0.0,1,0.09,0.11199999999999999,0.5,0.5,-0.10099999999999999,,0.006028080824762583,0.04096096754074097,,,1.0,normal
1168,30,scenario3_repeated_spike,D3QN,50,0.0,1,0.09,0.11199999999999999,0.5,0.5,-0.10099999999999999,,0.019657250493764877,0.07178466022014618,,,1.0,normal
1169,30,scenario3_repeated_spike,D3QN,50,0.0,1,0.09,0.11199999999999999,0.5,0.5,-0.10099999999999999,,0.0028819814324378967,0.030913719907402992,,,1.0,normal
1170,30,scenario3_repeated_spike,D3QN,50,0.0,1,0.09,0.11199999999999999,0.5,0.5,-0.10099999999999999,,0.012106917798519135,0.0373816080391407,,,1.0,normal
1171,30,scenario3_repeated_spike,D3QN,50,0.0,1,0.09,0.11199999999999999,0.5,0.5,-0.10099999999999999,,0.018370572477579117,0.08401933312416077,,,1.0,normal
1172,30,scenario3_repeated_spike,D3QN,50,0.0,1,0.09,0.11199999999999999,0.5,0.5,-0.10099999999999999,,0.03351566568017006,0.10827905684709549,,,1.0,normal
1173,30,scenario3_repeated_spike,D3QN,50,0.0,1,0.09,0.11199999999999999,0.5,0.5,-0.10099999999999999,,0.013633480295538902,0.05068335682153702,,,1.0,normal
1174,30,scenario3_repeated_spike,D3QN,50,0.0,1,0.09,0.11199999999999999,0.5,0.5,-0.10099999999999999,,0.010164699517190456,0.05265309661626816,,,1.0,normal
1175,30,scenario3_repeated_spike,D3QN,50,0.0,1,0.09,0.11199999999999999,0.5,0.5,-0.10099999999999999,,0.008911862038075924,0.04453948885202408,,,1.0,normal
1176,30,scenario3_repeated_spike,D3QN,50,0.0,1,0.09,0.11199999999999999,0.5,0.5,-0.10099999999999999,,0.013423937372863293,0.06056642532348633,,,1.0,normal
1177,30,scenario3_repeated_spike,D3QN,50,0.0,1,0.09,0.11199999999999999,0.5,0.5,-0.10099999999999999,,0.009130122140049934,0.06270365417003632,,,1.0,normal
1178,30,scenario3_repeated_spike,D3QN,50,0.0,1,0.09,0.11199999999999999,0.5,0.5,-0.10099999999999999,,0.00872797705233097,0.04074324294924736,,,1.0,normal
1179,30,scenario3_repeated_spike,D3QN,50,0.0,1,0.09,0.11199999999999999,0.5,0.5,-0.10099999999999999,,0.008330505341291428,0.05692579597234726,,,1.0,normal
1180,30,scenario3_repeated_spike,D3QN,50,0.0,1,0.09,0.11199999999999999,0.5,0.5,-0.10099999999999999,,0.012219938449561596,0.04509030282497406,,,1.0,normal
1181,30,scenario3_repeated_spike,D3QN,50,0.0,1,0.09,0.11199999999999999,0.5,0.5,-0.10099999999999999,,0.007820836268365383,0.04991936683654785,,,1.0,normal
1182,30,scenario3_repeated_spike,D3QN,50,0.0,1,0.09,0.11199999999999999,0.5,0.5,-0.10099999999999999,,0.0242230873554945,0.08338400721549988,,,1.0,normal
1183,30,scenario3_repeated_spike,D3QN,50,0.0,1,0.09,0.11199999999999999,0.5,0.5,-0.10099999999999999,,0.0065585956908762455,0.039619117975234985,,,1.0,normal
1184,30,scenario3_repeated_spike,D3QN,50,0.0,1,0.09,0.11199999999999999,0.5,0.5,-0.10099999999999999,,0.0032278464641422033,0.02936568856239319,,,1.0,normal
1185,30,scenario3_repeated_spike,D3QN,50,0.0,1,0.09,0.11199999999999999,0.5,0.5,-0.10099999999999999,,0.0075243194587528706,0.05133507400751114,,,1.0,normal
1186,30,scenario3_repeated_spike,D3QN,50,0.0,1,0.09,0.11199999999999999,0.5,0.5,-0.10099999999999999,,0.02155640535056591,0.08766597509384155,,,1.0,normal
1187,30,scenario3_repeated_spike,D3QN,50,0.0,1,0.09,0.11199999999999999,0.5,0.5,-0.10099999999999999,,0.018870769068598747,0.07589384913444519,,,1.0,normal
1188,30,scenario3_repeated_spike,D3QN,50,0.0,1,0.09,0.11199999999999999,0.5,0.5,-0.10099999999999999,,0.0088213961571455,0.045471347868442535,,,1.0,normal
1189,30,scenario3_repeated_spike,D3QN,50,0.0,1,0.09,0.11199999999999999,0.5,0.5,-0.10099999999999999,,0.004571090452373028,0.039991967380046844,,,1.0,normal
1190,30,scenario3_repeated_spike,D3QN,50,0.0,1,0.09,0.11199999999999999,0.5,0.5,-0.10099999999999999,,0.009051901288330555,0.04299929738044739,,,1.0,normal
1191,30,scenario3_repeated_spike,D3QN,50,0.0,1,0.09,0.11199999999999999,0.5,0.5,-0.10099999999999999,,0.00260999146848917,0.02563001587986946,,,1.0,normal
1192,30,scenario3_repeated_spike,D3QN,50,0.0,1,0.09,0.11199999999999999,0.5,0.5,-0.10099999999999999,,0.0018563629128038883,0.025916505604982376,,,1.0,normal
1193,30,scenario3_repeated_spike,D3QN,50,0.0,1,0.09,0.11199999999999999,0.5,0.5,-0.10099999999999999,,0.0038388643879443407,0.032725296914577484,,,1.0,normal
1194,30,scenario3_repeated_spike,D3QN,50,0.0,1,0.09,0.11199999999999999,0.5,0.5,-0.10099999999999999,,0.009995811618864536,0.0476345457136631,,,1.0,normal
1195,30,scenario3_repeated_spike,D3QN,50,0.0,1,0.09,0.11199999999999999,0.5,0.5,-0.10099999999999999,,0.004819332156330347,0.03767364099621773,,,1.0,normal
1196,30,scenario3_repeated_spike,D3QN,50,0.0,1,0.09,0.11199999999999999,0.5,0.5,-0.10099999999999999,,0.00992822926491499,0.052365969866514206,,,1.0,normal
1197,30,scenario3_repeated_spike,D3QN,50,0.0,1,0.09,0.11199999999999999,0.5,0.5,-0.10099999999999999,,0.016061268746852875,0.05000550299882889,,,1.0,normal
1198,30,scenario3_repeated_spike,D3QN,50,0.0,1,0.09,0.11199999999999999,0.5,0.5,-0.10099999999999999,,0.016307558864355087,0.045624587684869766,,,1.0,normal
1199,30,scenario3_repeated_spike,D3QN,50,0.0,1,0.09,0.11199999999999999,0.5,0.5,-0.10099999999999999,,0.002737288596108556,0.03138615936040878,,,1.0,normal
1200,30,scenario3_repeated_spike,D3QN,50,0.0,1,0.09,0.11199999999999999,0.5,0.5,-0.10099999999999999,,0.009731948375701904,0.09512455761432648,,,1.0,normal
1201,30,scenario3_repeated_spike,D3QN,50,0.0,1,0.09,0.11199999999999999,0.5,0.5,-0.10099999999999999,,0.007990410551428795,0.08395510911941528,,,1.0,normal
1202,30,scenario3_repeated_spike,D3QN,50,0.0,1,0.09,0.11199999999999999,0.5,0.5,-0.10099999999999999,,0.00723446486517787,0.07876279950141907,,,1.0,normal
1203,30,scenario3_repeated_spike,D3QN,50,0.0,1,0.09,0.11199999999999999,0.5,0.5,-0.10099999999999999,,0.0076383305713534355,0.08421128243207932,,,1.0,normal
1204,30,scenario3_repeated_spike,D3QN,50,0.0,1,0.09,0.11199999999999999,0.5,0.5,-0.10099999999999999,,0.007461072877049446,0.07773244380950928,,,1.0,normal
1205,30,scenario3_repeated_spike,D3QN,50,0.0,1,0.09,0.11199999999999999,0.5,0.5,-0.10099999999999999,,0.008204305544495583,0.08108164370059967,,,1.0,normal
1206,30,scenario3_repeated_spike,D3QN,50,1.0,0,0.060625,0.197,0.5,0.5,-0.1288125,,0.006394241936504841,0.07408727705478668,,,1.0,normal
1207,30,scenario3_repeated_spike,D3QN,50,0.0,1,0.09,0.11199999999999999,0.5,0.5,-0.10099999999999999,,0.01635686866939068,0.07360025495290756,,,1.0,normal
1208,30,scenario3_repeated_spike,D3QN,50,1.0,0,0.060625,0.197,0.5,0.5,-0.1288125,,0.021357176825404167,0.10717558860778809,,,1.0,normal
1209,30,scenario3_repeated_spike,D3QN,50,0.0,1,0.09,0.11199999999999999,0.5,0.5,-0.10099999999999999,,0.023441467434167862,0.11470438539981842,,,1.0,normal
1210,30,scenario3_repeated_spike,D3QN,50,1.0,0,0.060625,0.197,0.5,0.5,-0.1288125,,0.028620369732379913,0.12415717542171478,,,1.0,normal
1211,30,scenario3_repeated_spike,D3QN,50,0.0,1,0.09,0.11199999999999999,0.5,0.5,-0.10099999999999999,,0.005138543900102377,0.06023671478033066,,,1.0,normal
1212,30,scenario3_repeated_spike,D3QN,50,1.0,0,0.060625,0.197,0.5,0.5,-0.1288125,,0.009479871951043606,0.06629256904125214,,,1.0,normal
1213,30,scenario3_repeated_spike,D3QN,50,0.0,1,0.09,0.11199999999999999,0.5,0.5,-0.10099999999999999,,0.025043277069926262,0.08809074759483337,,,1.0,normal
1214,30,scenario3_repeated_spike,D3QN,50,1.0,0,0.060625,0.197,0.5,0.5,-0.1288125,,0.024433307349681854,0.09327241778373718,,,1.0,normal
1215,30,scenario3_repeated_spike,D3QN,50,1.9000000000000004,0,0.0611875,0.19790000000000002,0.5,0.5,-0.12954375,,0.02487647905945778,0.06931948661804199,,,1.0,normal
1216,30,scenario3_repeated_spike,D3QN,50,0.0,1,0.09,0.11199999999999999,0.5,0.5,-0.10099999999999999,,0.006030446384102106,0.0335795059800148,,,1.0,normal
1217,30,scenario3_repeated_spike,D3QN,50,1.0,0,0.060625,0.197,0.5,0.5,-0.1288125,,0.00885735172778368,0.06499457359313965,,,1.0,normal
1218,30,scenario3_repeated_spike,D3QN,50,1.9000000000000004,0,0.0611875,0.19790000000000002,0.5,0.5,-0.12954375,,0.0042493510991334915,0.04312409460544586,,,1.0,normal
1219,30,scenario3_repeated_spike,D3QN,50,0.0,1,0.09,0.11199999999999999,0.5,0.5,-0.10099999999999999,,0.005631320644170046,0.033482689410448074,,,1.0,normal
1220,30,scenario3_repeated_spike,D3QN,50,1.0,0,0.060625,0.197,0.5,0.5,-0.1288125,,0.006898995954543352,0.05486663430929184,,,1.0,normal
1221,30,scenario3_repeated_spike,D3QN,50,1.9000000000000004,0,0.0611875,0.19790000000000002,0.5,0.5,-0.12954375,,0.00207384186796844,0.027661915868520737,,,1.0,normal
1222,30,scenario3_repeated_spike,D3QN,50,0.0,1,0.09,0.11199999999999999,0.5,0.5,-0.10099999999999999,,0.013460246846079826,0.04629635810852051,,,1.0,normal
1223,30,scenario3_repeated_spike,D3QN,50,1.0,0,0.060625,0.197,0.5,0.5,-0.1288125,,0.0013052454451099038,0.027398640289902687,,,1.0,normal
1224,30,scenario3_repeated_spike,D3QN,50,1.9000000000000004,0,0.0611875,0.19790000000000002,0.5,0.5,-0.12954375,,0.018965378403663635,0.06916628777980804,,,1.0,normal
1225,30,scenario3_repeated_spike,D3QN,50,0.0,1,0.09,0.11199999999999999,0.5,0.5,-0.10099999999999999,,0.004822602961212397,0.05070250481367111,,,1.0,normal
1226,30,scenario3_repeated_spike,D3QN,50,1.0,0,0.060625,0.197,0.5,0.5,-0.1288125,,0.0024695578031241894,0.030276363715529442,,,1.0,normal
1227,30,scenario3_repeated_spike,D3QN,50,1.9000000000000004,0,0.0611875,0.19790000000000002,0.5,0.5,-0.12954375,,0.005368113983422518,0.043912965804338455,,,1.0,normal
1228,30,scenario3_repeated_spike,D3QN,50,0.0,1,0.09,0.11199999999999999,0.5,0.5,-0.10099999999999999,,0.00557302962988615,0.04599304497241974,,,1.0,normal
1229,30,scenario3_repeated_spike,D3QN,50,1.0,0,0.060625,0.197,0.5,0.5,-0.1288125,,0.009937653318047523,0.06445085257291794,,,1.0,normal
1230,30,scenario3_repeated_spike,D3QN,50,1.9000000000000004,0,0.0611875,0.19790000000000002,0.5,0.5,-0.12954375,,0.014686061069369316,0.05545935779809952,,,1.0,normal
1231,30,scenario3_repeated_spike,D3QN,50,0.0,1,0.09,0.11199999999999999,0.5,0.5,-0.10099999999999999,,0.008283981122076511,0.04654914513230324,,,1.0,normal
1232,30,scenario3_repeated_spike,D3QN,50,1.0,0,0.060625,0.197,0.5,0.5,-0.1288125,,0.012886385433375835,0.0649498999118805,,,1.0,normal
1233,30,scenario3_repeated_spike,D3QN,50,1.9000000000000004,0,0.0611875,0.19790000000000002,0.5,0.5,-0.12954375,,0.012168172746896744,0.059819336980581284,,,1.0,normal
1234,30,scenario3_repeated_spike,D3QN,50,0.0,1,0.09,0.11199999999999999,0.5,0.5,-0.10099999999999999,,0.024132270365953445,0.06643098592758179,,,1.0,normal
1235,30,scenario3_repeated_spike,D3QN,50,0.0,1,0.09,0.11199999999999999,0.5,0.5,-0.10099999999999999,,0.004522612784057856,0.038093335926532745,,,1.0,normal
1236,30,scenario3_repeated_spike,D3QN,50,1.0,0,0.060625,0.197,0.5,0.5,-0.1288125,,0.025125013664364815,0.11262724548578262,,,1.0,normal
1237,30,scenario3_repeated_spike,D3QN,50,0.0,1,0.09,0.11199999999999999,0.5,0.5,-0.10099999999999999,,0.049140285700559616,0.15118582546710968,,,1.0,normal
1238,30,scenario3_repeated_spike,D3QN,50,1.0,0,0.060625,0.197,0.5,0.5,-0.1288125,,0.031659554690122604,0.09988850355148315,,,1.0,normal
1239,30,scenario3_repeated_spike,D3QN,50,0.0,1,0.09,0.11199999999999999,0.5,0.5,-0.10099999999999999,,0.02140980400145054,0.09836779534816742,,,1.0,normal
1240,30,scenario3_repeated_spike,D3QN,50,1.0,0,0.060625,0.197,0.5,0.5,-0.1288125,,0.0019504288211464882,0.034376997500658035,,,1.0,normal
1241,30,scenario3_repeated_spike,D3QN,50,0.0,1,0.09,0.11199999999999999,0.5,0.5,-0.10099999999999999,,0.015202673152089119,0.07055678963661194,,,1.0,normal
1242,30,scenario3_repeated_spike,D3QN,50,1.0,0,0.060625,0.197,0.5,0.5,-0.1288125,,0.04378310590982437,0.11959388107061386,,,1.0,normal
1243,30,scenario3_repeated_spike,D3QN,50,0.0,1,0.09,0.11199999999999999,0.5,0.5,-0.10099999999999999,,0.07312570512294769,0.17133474349975586,,,1.0,normal
1244,30,scenario3_repeated_spike,D3QN,50,0.0,1,0.09,0.11199999999999999,0.5,0.5,-0.10099999999999999,,0.022924968972802162,0.07530194520950317,,,1.0,normal
1245,30,scenario3_repeated_spike,D3QN,50,0.0,1,0.09,0.11199999999999999,0.5,0.5,-0.10099999999999999,,0.008029229938983917,0.054119572043418884,,,1.0,normal
1246,30,scenario3_repeated_spike,D3QN,50,0.0,1,0.09,0.11199999999999999,0.5,0.5,-0.10099999999999999,,0.002441680058836937,0.03902876377105713,,,1.0,normal
1247,30,scenario3_repeated_spike,D3QN,50,0.0,1,0.09,0.11199999999999999,0.5,0.5,-0.10099999999999999,,0.017847435548901558,0.07686663419008255,,,1.0,normal
1248,30,scenario3_repeated_spike,D3QN,50,0.0,1,0.09,0.11199999999999999,0.5,0.5,-0.10099999999999999,,0.010316389612853527,0.060327790677547455,,,1.0,normal
1249,30,scenario3_repeated_spike,D3QN,50,0.0,1,0.09,0.11199999999999999,0.5,0.5,-0.10099999999999999,,0.007749134674668312,0.05280375853180885,,,1.0,normal
1250,30,scenario3_repeated_spike,D3QN,50,0.0,1,0.09,0.11199999999999999,0.5,0.5,-0.10099999999999999,,0.0025348274502903223,0.034481242299079895,,,1.0,normal
1251,30,scenario3_repeated_spike,D3QN,50,0.0,1,0.09,0.11199999999999999,0.5,0.5,-0.10099999999999999,,0.0042314687743783,0.0425461083650589,,,1.0,normal
1252,30,scenario3_repeated_spike,D3QN,50,0.0,1,0.09,0.11199999999999999,0.5,0.5,-0.10099999999999999,,0.0052930936217308044,0.045658741146326065,,,1.0,normal
1253,30,scenario3_repeated_spike,D3QN,50,0.0,1,0.09,0.11199999999999999,0.5,0.5,-0.10099999999999999,,0.006091315299272537,0.034190818667411804,,,1.0,normal
1254,30,scenario3_repeated_spike,D3QN,50,0.0,1,0.09,0.11199999999999999,0.5,0.5,-0.10099999999999999,,0.002784332726150751,0.034987784922122955,,,1.0,normal
1255,30,scenario3_repeated_spike,D3QN,50,0.0,1,0.09,0.11199999999999999,0.5,0.5,-0.10099999999999999,,0.001238307449966669,0.025353701785206795,,,1.0,normal
1256,30,scenario3_repeated_spike,D3QN,50,0.0,1,0.09,0.11199999999999999,0.5,0.5,-0.10099999999999999,,0.002644673455506563,0.030846068635582924,,,1.0,normal
1257,30,scenario3_repeated_spike,D3QN,50,0.0,1,0.09,0.11199999999999999,0.5,0.5,-0.10099999999999999,,0.004938590805977583,0.0369977205991745,,,1.0,normal
1258,30,scenario3_repeated_spike,D3QN,50,0.0,1,0.09,0.11199999999999999,0.5,0.5,-0.10099999999999999,,0.015670618042349815,0.05776650086045265,,,1.0,normal
1259,30,scenario3_repeated_spike,D3QN,50,0.0,1,0.09,0.11199999999999999,0.5,0.5,-0.10099999999999999,,0.002538057044148445,0.03317953273653984,,,1.0,normal
1260,30,scenario3_repeated_spike,D3QN,50,0.0,1,0.09,0.11199999999999999,0.5,0.5,-0.10099999999999999,,0.00498885428532958,0.030182482674717903,,,1.0,normal
1261,30,scenario3_repeated_spike,D3QN,50,0.0,1,0.09,0.11199999999999999,0.5,0.5,-0.10099999999999999,,0.0032444868702441454,0.028574740514159203,,,1.0,normal
1262,30,scenario3_repeated_spike,D3QN,50,0.0,1,0.09,0.11199999999999999,0.5,0.5,-0.10099999999999999,,0.005787529982626438,0.03430907428264618,,,1.0,normal
1263,30,scenario3_repeated_spike,D3QN,50,0.0,1,0.09,0.11199999999999999,0.5,0.5,-0.10099999999999999,,0.001519078854471445,0.02059454843401909,,,1.0,normal
1264,30,scenario3_repeated_spike,D3QN,50,0.0,1,0.09,0.11199999999999999,0.5,0.5,-0.10099999999999999,,0.006530136335641146,0.03956255316734314,,,1.0,normal
1265,30,scenario3_repeated_spike,D3QN,50,0.0,1,0.09,0.11199999999999999,0.5,0.5,-0.10099999999999999,,0.0025894686114042997,0.026916496455669403,,,1.0,normal
1266,30,scenario3_repeated_spike,D3QN,50,0.0,1,0.09,0.11199999999999999,0.5,0.5,-0.10099999999999999,,0.0019823231268674135,0.027486754581332207,,,1.0,normal
1267,30,scenario3_repeated_spike,D3QN,50,0.0,1,0.09,0.11199999999999999,0.5,0.5,-0.10099999999999999,,0.003364891977980733,0.036977022886276245,,,1.0,normal
1268,30,scenario3_repeated_spike,D3QN,50,0.0,1,0.09,0.11199999999999999,0.5,0.5,-0.10099999999999999,,0.000886770780198276,0.017812538892030716,,,1.0,normal
1269,30,scenario3_repeated_spike,D3QN,50,0.0,1,0.09,0.11199999999999999,0.5,0.5,-0.10099999999999999,,0.0068015456199646,0.039848990738391876,,,1.0,normal
1270,30,scenario3_repeated_spike,D3QN,50,0.0,1,0.09,0.11199999999999999,0.5,0.5,-0.10099999999999999,,0.010805519297719002,0.055097274482250214,,,1.0,normal
1271,30,scenario3_repeated_spike,D3QN,50,0.0,1,0.09,0.11199999999999999,0.5,0.5,-0.10099999999999999,,0.008734071627259254,0.052957311272621155,,,1.0,normal
1272,30,scenario3_repeated_spike,D3QN,50,0.0,1,0.09,0.11199999999999999,0.5,0.5,-0.10099999999999999,,0.004707913380116224,0.023253656923770905,,,1.0,normal
1273,30,scenario3_repeated_spike,D3QN,50,1.0,0,0.060625,0.197,0.5,0.5,-0.1288125,,0.0023143463768064976,0.028983099386096,,,1.0,normal
1274,30,scenario3_repeated_spike,D3QN,50,0.0,1,0.09,0.11199999999999999,0.5,0.5,-0.10099999999999999,,0.015449260361492634,0.0382714718580246,,,1.0,normal
1275,30,scenario3_repeated_spike,D3QN,50,1.0,0,0.060625,0.197,0.5,0.5,-0.1288125,,0.0024222773499786854,0.02763850800693035,,,1.0,normal
1276,30,scenario3_repeated_spike,D3QN,50,0.0,1,0.09,0.11199999999999999,0.5,0.5,-0.10099999999999999,,0.009766611270606518,0.042728208005428314,,,1.0,normal
1277,30,scenario3_repeated_spike,D3QN,50,1.0,0,0.060625,0.197,0.5,0.5,-0.1288125,,0.0005432835896499455,0.014648694545030594,,,1.0,normal
1278,30,scenario3_repeated_spike,D3QN,50,0.0,1,0.09,0.11199999999999999,0.5,0.5,-0.10099999999999999,,0.010767553932964802,0.0476638525724411,,,1.0,normal
1279,30,scenario3_repeated_spike,D3QN,50,0.0,1,0.09,0.11199999999999999,0.5,0.5,-0.10099999999999999,,0.011274097487330437,0.05341586470603943,,,1.0,normal
1280,30,scenario3_repeated_spike,D3QN,50,0.0,1,0.09,0.11199999999999999,0.5,0.5,-0.10099999999999999,,0.008712304756045341,0.044660937041044235,,,1.0,normal
1281,30,scenario3_repeated_spike,D3QN,50,0.0,1,0.09,0.11199999999999999,0.5,0.5,-0.10099999999999999,,0.005602619610726833,0.04155632108449936,,,1.0,normal
1282,30,scenario3_repeated_spike,D3QN,50,0.0,1,0.09,0.11199999999999999,0.5,0.5,-0.10099999999999999,,0.007564532570540905,0.043032873421907425,,,1.0,normal
1283,30,scenario3_repeated_spike,D3QN,50,1.0,0,0.060625,0.197,0.5,0.5,-0.1288125,,0.00518100755289197,0.03882388025522232,,,1.0,normal
1284,30,scenario3_repeated_spike,D3QN,50,0.0,1,0.09,0.11199999999999999,0.5,0.5,-0.10099999999999999,,0.0007218285463750362,0.01560412347316742,,,1.0,normal
1285,30,scenario3_repeated_spike,D3QN,50,1.0,0,0.060625,0.197,0.5,0.5,-0.1288125,,0.00391918933019042,0.0238910261541605,,,1.0,normal
1286,30,scenario3_repeated_spike,D3QN,50,0.0,1,0.09,0.11199999999999999,0.5,0.5,-0.10099999999999999,,0.006315655540674925,0.027011165395379066,,,1.0,normal
1287,30,scenario3_repeated_spike,D3QN,50,1.0,0,0.060625,0.197,0.5,0.5,-0.1288125,,0.0012577164452522993,0.01873292401432991,,,1.0,normal
1288,30,scenario3_repeated_spike,D3QN,50,0.0,1,0.09,0.11199999999999999,0.5,0.5,-0.10099999999999999,,0.0024305004626512527,0.030635999515652657,,,1.0,normal
1289,30,scenario3_repeated_spike,D3QN,50,1.0,0,0.060625,0.197,0.5,0.5,-0.1288125,,0.0017834295285865664,0.025559060275554657,,,1.0,normal
1290,30,scenario3_repeated_spike,D3QN,50,1.9000000000000004,0,0.0611875,0.19790000000000002,0.5,0.5,-0.12954375,,0.00563233345746994,0.03801637887954712,,,1.0,normal
1291,30,scenario3_repeated_spike,D3QN,50,0.0,1,0.09,0.11199999999999999,0.5,0.5,-0.10099999999999999,,0.008361800573766232,0.05005510523915291,,,1.0,normal
1292,30,scenario3_repeated_spike,D3QN,50,1.0,0,0.060625,0.197,0.5,0.5,-0.1288125,,0.003144701011478901,0.027528073638677597,,,1.0,normal
1293,30,scenario3_repeated_spike,D3QN,50,0.0,1,0.09,0.11199999999999999,0.5,0.5,-0.10099999999999999,,0.002170771826058626,0.0249030739068985,,,1.0,normal
1294,30,scenario3_repeated_spike,D3QN,50,1.0,0,0.060625,0.197,0.5,0.5,-0.1288125,,0.005429507698863745,0.0416601337492466,,,1.0,normal
1295,30,scenario3_repeated_spike,D3QN,50,0.0,1,0.09,0.11199999999999999,0.5,0.5,-0.10099999999999999,,0.0032003247179090977,0.029028799384832382,,,1.0,normal
1296,30,scenario3_repeated_spike,D3QN,50,1.0,0,0.060625,0.197,0.5,0.5,-0.1288125,,0.0009472593083046377,0.02022390253841877,,,1.0,normal
1297,30,scenario3_repeated_spike,D3QN,50,1.9000000000000004,0,0.0611875,0.19790000000000002,0.5,0.5,-0.12954375,,0.0023389982525259256,0.02439415454864502,,,1.0,normal
1298,30,scenario3_repeated_spike,D3QN,50,0.0,1,0.09,0.11199999999999999,0.5,0.5,-0.10099999999999999,,0.002899136394262314,0.030547400936484337,,,1.0,normal
1299,30,scenario3_repeated_spike,D3QN,50,1.0,0,0.060625,0.197,0.5,0.5,-0.1288125,,0.0021874168887734413,0.025609130039811134,,,1.0,normal
1300,30,scenario3_repeated_spike,D3QN,50,0.0,1,0.09,0.11199999999999999,0.5,0.5,-0.10099999999999999,,0.017608482390642166,0.1085796058177948,,,1.0,normal
1301,30,scenario3_repeated_spike,D3QN,50,0.0,1,0.09,0.11199999999999999,0.5,0.5,-0.10099999999999999,,0.00930982269346714,0.0922614187002182,,,1.0,normal
1302,30,scenario3_repeated_spike,D3QN,50,1.0,0,0.060625,0.197,0.5,0.5,-0.1288125,,0.025945549830794334,0.1305859088897705,,,1.0,normal
1303,30,scenario3_repeated_spike,D3QN,50,0.0,1,0.09,0.11199999999999999,0.5,0.5,-0.10099999999999999,,0.015346933156251907,0.11214432120323181,,,1.0,normal
1304,30,scenario3_repeated_spike,D3QN,50,1.0,0,0.060625,0.197,0.5,0.5,-0.1288125,,0.009233410470187664,0.08687609434127808,,,1.0,normal
1305,30,scenario3_repeated_spike,D3QN,50,0.0,1,0.09,0.11199999999999999,0.5,0.5,-0.10099999999999999,,0.013256129808723927,0.10122184455394745,,,1.0,normal
1306,30,scenario3_repeated_spike,D3QN,50,1.0,0,0.060625,0.197,0.5,0.5,-0.1288125,,0.018093405291438103,0.11324100196361542,,,1.0,normal
1307,30,scenario3_repeated_spike,D3QN,50,0.0,1,0.09,0.11199999999999999,0.5,0.5,-0.10099999999999999,,0.012420297600328922,0.09599651396274567,,,1.0,normal
1308,30,scenario3_repeated_spike,D3QN,50,1.0,0,0.060625,0.197,0.5,0.5,-0.1288125,,0.006763281766325235,0.06917538493871689,,,1.0,normal
1309,30,scenario3_repeated_spike,D3QN,50,0.0,1,0.09,0.11199999999999999,0.5,0.5,-0.10099999999999999,,0.011449693702161312,0.08247480541467667,,,1.0,normal
1310,30,scenario3_repeated_spike,D3QN,50,1.0,0,0.060625,0.197,0.5,0.5,-0.1288125,,0.032955244183540344,0.12041003257036209,,,1.0,normal
1311,30,scenario3_repeated_spike,D3QN,50,0.0,1,0.09,0.11199999999999999,0.5,0.5,-0.10099999999999999,,0.061592016369104385,0.14516307413578033,,,1.0,normal
1312,30,scenario3_repeated_spike,D3QN,50,0.0,1,0.09,0.11199999999999999,0.5,0.5,-0.10099999999999999,,0.008078284561634064,0.06513161957263947,,,1.0,normal
1313,30,scenario3_repeated_spike,D3QN,50,1.0,0,0.060625,0.197,0.5,0.5,-0.1288125,,0.0017485618591308594,0.03189954161643982,,,1.0,normal
1314,30,scenario3_repeated_spike,D3QN,50,0.0,1,0.09,0.11199999999999999,0.5,0.5,-0.10099999999999999,,0.019424185156822205,0.06324753910303116,,,1.0,normal
1315,30,scenario3_repeated_spike,D3QN,50,1.0,0,0.060625,0.197,0.5,0.5,-0.1288125,,0.004298382438719273,0.0400565043091774,,,1.0,normal
1316,30,scenario3_repeated_spike,D3QN,50,0.0,1,0.09,0.11199999999999999,0.5,0.5,-0.10099999999999999,,0.004113443195819855,0.028826255351305008,,,1.0,normal
1317,30,scenario3_repeated_spike,D3QN,50,1.0,0,0.060625,0.197,0.5,0.5,-0.1288125,,0.0032649983186274767,0.030268630012869835,,,1.0,normal
1318,30,scenario3_repeated_spike,D3QN,50,0.0,1,0.09,0.11199999999999999,0.5,0.5,-0.10099999999999999,,0.002213195199146867,0.02789286896586418,,,1.0,normal
1319,30,scenario3_repeated_spike,D3QN,50,1.0,0,0.060625,0.197,0.5,0.5,-0.1288125,,0.008212843909859657,0.05686655640602112,,,1.0,normal
1320,30,scenario3_repeated_spike,D3QN,50,0.0,1,0.09,0.11199999999999999,0.5,0.5,-0.10099999999999999,,0.005109066143631935,0.04514729231595993,,,1.0,normal
1321,30,scenario3_repeated_spike,D3QN,50,1.0,0,0.060625,0.197,0.5,0.5,-0.1288125,,0.0010300906142219901,0.026013070717453957,,,1.0,normal
1322,30,scenario3_repeated_spike,D3QN,50,0.0,1,0.09,0.11199999999999999,0.5,0.5,-0.10099999999999999,,0.013569365255534649,0.07587774842977524,,,1.0,normal
1323,30,scenario3_repeated_spike,D3QN,50,1.0,0,0.060625,0.197,0.5,0.5,-0.1288125,,0.016263853758573532,0.07543692737817764,,,1.0,normal
1324,30,scenario3_repeated_spike,D3QN,50,0.0,1,0.09,0.11199999999999999,0.5,0.5,-0.10099999999999999,,0.014304758980870247,0.0787457674741745,,,1.0,normal
1325,30,scenario3_repeated_spike,D3QN,50,1.0,0,0.060625,0.197,0.5,0.5,-0.1288125,,0.003671699669212103,0.04310215264558792,,,1.0,normal
1326,30,scenario3_repeated_spike,D3QN,50,0.0,1,0.09,0.11199999999999999,0.5,0.5,-0.10099999999999999,,0.006231022998690605,0.05016777291893959,,,1.0,normal
1327,30,scenario3_repeated_spike,D3QN,50,0.0,1,0.09,0.11199999999999999,0.5,0.5,-0.10099999999999999,,0.023149805143475533,0.09359471499919891,,,1.0,normal
1328,30,scenario3_repeated_spike,D3QN,50,0.0,1,0.09,0.11199999999999999,0.5,0.5,-0.10099999999999999,,0.015110915526747704,0.06117019057273865,,,1.0,normal
1329,30,scenario3_repeated_spike,D3QN,50,0.0,1,0.09,0.11199999999999999,0.5,0.5,-0.10099999999999999,,0.00896577537059784,0.05724845826625824,,,1.0,normal
1330,30,scenario3_repeated_spike,D3QN,50,0.0,1,0.09,0.11199999999999999,0.5,0.5,-0.10099999999999999,,0.002495348220691085,0.03906308859586716,,,1.0,normal
1331,30,scenario3_repeated_spike,D3QN,50,0.0,1,0.09,0.11199999999999999,0.5,0.5,-0.10099999999999999,,0.005455133505165577,0.045101992785930634,,,1.0,normal
1332,30,scenario3_repeated_spike,D3QN,50,0.0,1,0.09,0.11199999999999999,0.5,0.5,-0.10099999999999999,,0.022089870646595955,0.05768450349569321,,,1.0,normal
1333,30,scenario3_repeated_spike,D3QN,50,0.0,1,0.09,0.11199999999999999,0.5,0.5,-0.10099999999999999,,0.015621091239154339,0.0431610643863678,,,1.0,normal
1334,30,scenario3_repeated_spike,D3QN,50,0.0,1,0.09,0.11199999999999999,0.5,0.5,-0.10099999999999999,,0.018401281908154488,0.08486688137054443,,,1.0,normal
1335,30,scenario3_repeated_spike,D3QN,50,0.0,1,0.09,0.11199999999999999,0.5,0.5,-0.10099999999999999,,0.023556264117360115,0.08387598395347595,,,1.0,normal
1336,30,scenario3_repeated_spike,D3QN,50,0.0,1,0.09,0.11199999999999999,0.5,0.5,-0.10099999999999999,,0.0264148972928524,0.09398144483566284,,,1.0,normal
1337,30,scenario3_repeated_spike,D3QN,50,0.0,1,0.09,0.11199999999999999,0.5,0.5,-0.10099999999999999,,0.013773143291473389,0.06916192173957825,,,1.0,normal
1338,30,scenario3_repeated_spike,D3QN,50,0.0,1,0.09,0.11199999999999999,0.5,0.5,-0.10099999999999999,,0.007068305276334286,0.04246273264288902,,,1.0,normal
1339,30,scenario3_repeated_spike,D3QN,50,0.0,1,0.09,0.11199999999999999,0.5,0.5,-0.10099999999999999,,0.008048701100051403,0.05083533376455307,,,1.0,normal
1340,30,scenario3_repeated_spike,D3QN,50,0.0,1,0.09,0.11199999999999999,0.5,0.5,-0.10099999999999999,,0.0073904902674257755,0.045316293835639954,,,1.0,normal
1341,30,scenario3_repeated_spike,D3QN,50,0.0,1,0.09,0.11199999999999999,0.5,0.5,-0.10099999999999999,,0.0034750879276543856,0.040191978216171265,,,1.0,normal
1342,30,scenario3_repeated_spike,D3QN,50,0.0,1,0.09,0.11199999999999999,0.5,0.5,-0.10099999999999999,,0.011991998180747032,0.05770694464445114,,,1.0,normal
1343,30,scenario3_repeated_spike,D3QN,50,0.0,1,0.09,0.11199999999999999,0.5,0.5,-0.10099999999999999,,0.007391668856143951,0.05730085447430611,,,1.0,normal
1344,30,scenario3_repeated_spike,D3QN,50,0.0,1,0.09,0.11199999999999999,0.5,0.5,-0.10099999999999999,,0.002113336930051446,0.027411529794335365,,,1.0,normal
1345,30,scenario3_repeated_spike,D3QN,50,0.0,1,0.09,0.11199999999999999,0.5,0.5,-0.10099999999999999,,0.008659075014293194,0.05801696330308914,,,1.0,normal
1346,30,scenario3_repeated_spike,D3QN,50,0.0,1,0.09,0.11199999999999999,0.5,0.5,-0.10099999999999999,,0.012208017520606518,0.05933956801891327,,,1.0,normal
1347,30,scenario3_repeated_spike,D3QN,50,0.0,1,0.09,0.11199999999999999,0.5,0.5,-0.10099999999999999,,0.0081977229565382,0.04800882190465927,,,1.0,normal
1348,30,scenario3_repeated_spike,D3QN,50,0.0,1,0.09,0.11199999999999999,0.5,0.5,-0.10099999999999999,,0.005111661273986101,0.04260653257369995,,,1.0,normal
1349,30,scenario3_repeated_spike,D3QN,50,0.0,1,0.09,0.11199999999999999,0.5,0.5,-0.10099999999999999,,0.007679322734475136,0.046070754528045654,,,1.0,normal
1350,30,scenario3_repeated_spike,D3QN,50,0.0,1,0.09,0.11199999999999999,0.5,0.5,-0.10099999999999999,,0.003429580247029662,0.04082106798887253,,,1.0,normal
1351,30,scenario3_repeated_spike,D3QN,50,0.0,1,0.09,0.11199999999999999,0.5,0.5,-0.10099999999999999,,0.005385765340179205,0.031850121915340424,,,1.0,normal
1352,30,scenario3_repeated_spike,D3QN,50,0.0,1,0.09,0.11199999999999999,0.5,0.5,-0.10099999999999999,,0.0030310291331261396,0.02725340984761715,,,1.0,normal
1353,30,scenario3_repeated_spike,D3QN,50,0.0,1,0.09,0.11199999999999999,0.5,0.5,-0.10099999999999999,,0.0025123138912022114,0.029289541766047478,,,1.0,normal
1354,30,scenario3_repeated_spike,D3QN,50,0.0,1,0.09,0.11199999999999999,0.5,0.5,-0.10099999999999999,,0.0017248744843527675,0.02549060806632042,,,1.0,normal
1355,30,scenario3_repeated_spike,D3QN,50,0.0,1,0.09,0.11199999999999999,0.5,0.5,-0.10099999999999999,,0.001515907235443592,0.018601855263113976,,,1.0,normal
1356,30,scenario3_repeated_spike,D3QN,50,0.0,1,0.09,0.11199999999999999,0.5,0.5,-0.10099999999999999,,0.008904785849153996,0.04222313314676285,,,1.0,normal
1357,30,scenario3_repeated_spike,D3QN,50,0.0,1,0.09,0.11199999999999999,0.5,0.5,-0.10099999999999999,,0.015979960560798645,0.055960968136787415,,,1.0,normal
1358,30,scenario3_repeated_spike,D3QN,50,0.0,1,0.09,0.11199999999999999,0.5,0.5,-0.10099999999999999,,0.003489599796012044,0.03367960453033447,,,1.0,normal
1359,30,scenario3_repeated_spike,D3QN,50,0.0,1,0.09,0.11199999999999999,0.5,0.5,-0.10099999999999999,,0.019206220284104347,0.04437520354986191,,,1.0,normal
1360,30,scenario3_repeated_spike,D3QN,50,0.0,1,0.09,0.11199999999999999,0.5,0.5,-0.10099999999999999,,0.008896434679627419,0.04997067525982857,,,1.0,normal
1361,30,scenario3_repeated_spike,D3QN,50,0.0,1,0.09,0.11199999999999999,0.5,0.5,-0.10099999999999999,,0.01471433974802494,0.0702223926782608,,,1.0,normal
1362,30,scenario3_repeated_spike,D3QN,50,0.0,1,0.09,0.11199999999999999,0.5,0.5,-0.10099999999999999,,0.01857547089457512,0.05469881743192673,,,1.0,normal
1363,30,scenario3_repeated_spike,D3QN,50,0.0,1,0.09,0.11199999999999999,0.5,0.5,-0.10099999999999999,,0.0008522154530510306,0.019694538787007332,,,1.0,normal
1364,30,scenario3_repeated_spike,D3QN,50,0.0,1,0.09,0.11199999999999999,0.5,0.5,-0.10099999999999999,,0.006919739302247763,0.026407092809677124,,,1.0,normal
1365,30,scenario3_repeated_spike,D3QN,50,0.0,1,0.09,0.11199999999999999,0.5,0.5,-0.10099999999999999,,0.01483533438295126,0.039305515587329865,,,1.0,normal
1366,30,scenario3_repeated_spike,D3QN,50,0.0,1,0.09,0.11199999999999999,0.5,0.5,-0.10099999999999999,,0.007812799885869026,0.04503246396780014,,,1.0,normal
1367,30,scenario3_repeated_spike,D3QN,50,0.0,1,0.09,0.11199999999999999,0.5,0.5,-0.10099999999999999,,0.014237087219953537,0.060485705733299255,,,1.0,normal
1368,30,scenario3_repeated_spike,D3QN,50,0.0,1,0.09,0.11199999999999999,0.5,0.5,-0.10099999999999999,,0.01662539131939411,0.07045038044452667,,,1.0,normal
1369,30,scenario3_repeated_spike,D3QN,50,0.0,1,0.09,0.11199999999999999,0.5,0.5,-0.10099999999999999,,0.010359463281929493,0.04065030813217163,,,1.0,normal
1370,30,scenario3_repeated_spike,D3QN,50,0.0,1,0.09,0.11199999999999999,0.5,0.5,-0.10099999999999999,,0.0032029717694967985,0.02771075628697872,,,1.0,normal
1371,30,scenario3_repeated_spike,D3QN,50,0.0,1,0.09,0.11199999999999999,0.5,0.5,-0.10099999999999999,,0.003832041285932064,0.029489926993846893,,,1.0,normal
1372,30,scenario3_repeated_spike,D3QN,50,0.0,1,0.09,0.11199999999999999,0.5,0.5,-0.10099999999999999,,0.0056545305997133255,0.04636503756046295,,,1.0,normal
1373,30,scenario3_repeated_spike,D3QN,50,0.0,1,0.09,0.11199999999999999,0.5,0.5,-0.10099999999999999,,0.011127535253763199,0.05902278423309326,,,1.0,normal
1374,30,scenario3_repeated_spike,D3QN,50,0.0,1,0.09,0.11199999999999999,0.5,0.5,-0.10099999999999999,,0.002455060603097081,0.029959741979837418,,,1.0,normal
1375,30,scenario3_repeated_spike,D3QN,50,0.0,1,0.09,0.11199999999999999,0.5,0.5,-0.10099999999999999,,0.0036989392247051,0.03352808952331543,,,1.0,normal
1376,30,scenario3_repeated_spike,D3QN,50,1.0,0,0.060625,0.197,0.5,0.5,-0.1288125,,0.008288261480629444,0.05222787708044052,,,1.0,normal
1377,30,scenario3_repeated_spike,D3QN,50,0.0,1,0.09,0.11199999999999999,0.5,0.5,-0.10099999999999999,,0.012099314481019974,0.05301933363080025,,,1.0,normal
1378,30,scenario3_repeated_spike,D3QN,50,0.0,1,0.09,0.11199999999999999,0.5,0.5,-0.10099999999999999,,0.006212261505424976,0.03261016309261322,,,1.0,normal
1379,30,scenario3_repeated_spike,D3QN,50,0.0,1,0.09,0.11199999999999999,0.5,0.5,-0.10099999999999999,,0.011338564567267895,0.049275822937488556,,,1.0,normal
1380,30,scenario3_repeated_spike,D3QN,50,0.0,1,0.09,0.11199999999999999,0.5,0.5,-0.10099999999999999,,0.0051447488367557526,0.03891674429178238,,,1.0,normal
1381,30,scenario3_repeated_spike,D3QN,50,0.0,1,0.09,0.11199999999999999,0.5,0.5,-0.10099999999999999,,0.0008397211786359549,0.019635427743196487,,,1.0,normal
1382,30,scenario3_repeated_spike,D3QN,50,0.0,1,0.09,0.11199999999999999,0.5,0.5,-0.10099999999999999,,0.004760914482176304,0.031633585691452026,,,1.0,normal
1383,30,scenario3_repeated_spike,D3QN,50,0.0,1,0.09,0.11199999999999999,0.5,0.5,-0.10099999999999999,,0.0032109515741467476,0.033844925463199615,,,1.0,normal
1384,30,scenario3_repeated_spike,D3QN,50,0.0,1,0.09,0.11199999999999999,0.5,0.5,-0.10099999999999999,,0.003759088460355997,0.034457843750715256,,,1.0,normal
1385,30,scenario3_repeated_spike,D3QN,50,1.0,0,0.060625,0.197,0.5,0.5,-0.1288125,,0.003297104500234127,0.031480446457862854,,,1.0,normal
1386,30,scenario3_repeated_spike,D3QN,50,0.0,1,0.09,0.11199999999999999,0.5,0.5,-0.10099999999999999,,0.002146816346794367,0.02441088669002056,,,1.0,normal
1387,30,scenario3_repeated_spike,D3QN,50,0.0,1,0.09,0.11199999999999999,0.5,0.5,-0.10099999999999999,,0.000630673486739397,0.017064791172742844,,,1.0,normal
1388,30,scenario3_repeated_spike,D3QN,50,0.0,1,0.09,0.11199999999999999,0.5,0.5,-0.10099999999999999,,0.0011533076176419854,0.015096459537744522,,,1.0,normal
1389,30,scenario3_repeated_spike,D3QN,50,0.0,1,0.09,0.11199999999999999,0.5,0.5,-0.10099999999999999,,0.002601039130240679,0.024363510310649872,,,1.0,normal
1390,30,scenario3_repeated_spike,D3QN,50,0.0,1,0.09,0.11199999999999999,0.5,0.5,-0.10099999999999999,,0.0012109315721318126,0.019941039383411407,,,1.0,normal
1391,30,scenario3_repeated_spike,D3QN,50,0.0,1,0.09,0.11199999999999999,0.5,0.5,-0.10099999999999999,,0.005602786783128977,0.04716426506638527,,,1.0,normal
1392,30,scenario3_repeated_spike,D3QN,50,0.0,1,0.09,0.11199999999999999,0.5,0.5,-0.10099999999999999,,0.006185157224535942,0.043815769255161285,,,1.0,normal
1393,30,scenario3_repeated_spike,D3QN,50,0.0,1,0.09,0.11199999999999999,0.5,0.5,-0.10099999999999999,,0.0016801169840618968,0.017471695318818092,,,1.0,normal
1394,30,scenario3_repeated_spike,D3QN,50,0.0,1,0.09,0.11199999999999999,0.5,0.5,-0.10099999999999999,,0.0046077934093773365,0.037622854113578796,,,1.0,normal
1395,30,scenario3_repeated_spike,D3QN,50,0.0,1,0.09,0.11199999999999999,0.5,0.5,-0.10099999999999999,,0.00665771309286356,0.04053974896669388,,,1.0,normal
1396,30,scenario3_repeated_spike,D3QN,50,1.0,0,0.060625,0.197,0.5,0.5,-0.1288125,,0.002925935899838805,0.026113513857126236,,,1.0,normal
1397,30,scenario3_repeated_spike,D3QN,50,0.0,1,0.09,0.11199999999999999,0.5,0.5,-0.10099999999999999,,0.001154079451225698,0.019648712128400803,,,1.0,normal
1398,30,scenario3_repeated_spike,D3QN,50,0.0,1,0.09,0.11199999999999999,0.5,0.5,-0.10099999999999999,,0.0019988121930509806,0.02279975451529026,,,1.0,normal
1399,30,scenario3_repeated_spike,D3QN,50,0.0,1,0.09,0.11199999999999999,0.5,0.5,-0.10099999999999999,,0.007414999883621931,0.02647702395915985,,,1.0,normal
1400,30,scenario3_repeated_spike,D3QN,50,0.0,1,0.09,0.11199999999999999,0.5,0.5,-0.10099999999999999,,0.00918493326753378,0.09169822186231613,,,1.0,normal
1401,30,scenario3_repeated_spike,D3QN,50,0.0,1,0.09,0.11199999999999999,0.5,0.5,-0.10099999999999999,,0.013697504997253418,0.10610774159431458,,,1.0,normal
1402,30,scenario3_repeated_spike,D3QN,50,0.0,1,0.09,0.11199999999999999,0.5,0.5,-0.10099999999999999,,0.03612808510661125,0.14753711223602295,,,1.0,normal
1403,30,scenario3_repeated_spike,D3QN,50,0.0,1,0.09,0.11199999999999999,0.5,0.5,-0.10099999999999999,,0.029380634427070618,0.13357365131378174,,,1.0,normal
1404,30,scenario3_repeated_spike,D3QN,50,0.0,1,0.09,0.11199999999999999,0.5,0.5,-0.10099999999999999,,0.01715623028576374,0.10373879969120026,,,1.0,normal
1405,30,scenario3_repeated_spike,D3QN,50,0.0,1,0.09,0.11199999999999999,0.5,0.5,-0.10099999999999999,,0.02358734980225563,0.09799940884113312,,,1.0,normal
1406,30,scenario3_repeated_spike,D3QN,50,0.0,1,0.09,0.11199999999999999,0.5,0.5,-0.10099999999999999,,0.016556840389966965,0.10733184963464737,,,1.0,normal
1407,30,scenario3_repeated_spike,D3QN,50,0.0,1,0.09,0.11199999999999999,0.5,0.5,-0.10099999999999999,,0.03072531335055828,0.12821261584758759,,,1.0,normal
1408,30,scenario3_repeated_spike,D3QN,50,0.0,1,0.09,0.11199999999999999,0.5,0.5,-0.10099999999999999,,0.03738123178482056,0.13449259102344513,,,1.0,normal
1409,30,scenario3_repeated_spike,D3QN,50,0.0,1,0.09,0.11199999999999999,0.5,0.5,-0.10099999999999999,,0.03723487630486488,0.14868298172950745,,,1.0,normal
1410,30,scenario3_repeated_spike,D3QN,50,0.0,1,0.09,0.11199999999999999,0.5,0.5,-0.10099999999999999,,0.00851246528327465,0.08387622982263565,,,1.0,normal
1411,30,scenario3_repeated_spike,D3QN,50,0.0,1,0.09,0.11199999999999999,0.5,0.5,-0.10099999999999999,,0.00511521752923727,0.06753784418106079,,,1.0,normal
1412,30,scenario3_repeated_spike,D3QN,50,0.0,1,0.09,0.11199999999999999,0.5,0.5,-0.10099999999999999,,0.01941618137061596,0.1023339107632637,,,1.0,normal
1413,30,scenario3_repeated_spike,D3QN,50,1.0,0,0.060625,0.197,0.5,0.5,-0.1288125,,0.025591980665922165,0.11097756773233414,,,1.0,normal
1414,30,scenario3_repeated_spike,D3QN,50,0.0,1,0.09,0.11199999999999999,0.5,0.5,-0.10099999999999999,,0.012407385744154453,0.09001687169075012,,,1.0,normal
1415,30,scenario3_repeated_spike,D3QN,50,1.0,0,0.060625,0.197,0.5,0.5,-0.1288125,,0.01065153256058693,0.06841601431369781,,,1.0,normal
1416,30,scenario3_repeated_spike,D3QN,50,0.0,1,0.09,0.11199999999999999,0.5,0.5,-0.10099999999999999,,0.013177028857171535,0.09132663905620575,,,1.0,normal
1417,30,scenario3_repeated_spike,D3QN,50,1.0,0,0.060625,0.197,0.5,0.5,-0.1288125,,0.02808651328086853,0.12148062884807587,,,1.0,normal
1418,30,scenario3_repeated_spike,D3QN,50,0.0,1,0.09,0.11199999999999999,0.5,0.5,-0.10099999999999999,,0.02049567550420761,0.09688080847263336,,,1.0,normal
1419,30,scenario3_repeated_spike,D3QN,50,1.0,0,0.060625,0.197,0.5,0.5,-0.1288125,,0.003452753182500601,0.04464335739612579,,,1.0,normal
1420,30,scenario3_repeated_spike,D3QN,50,1.9000000000000004,0,0.0611875,0.19790000000000002,0.5,0.5,-0.12954375,,0.004548859316855669,0.04273589327931404,,,1.0,normal
1421,30,scenario3_repeated_spike,D3QN,50,0.0,1,0.09,0.11199999999999999,0.5,0.5,-0.10099999999999999,,0.009837469086050987,0.0575312003493309,,,1.0,normal
1422,30,scenario3_repeated_spike,D3QN,50,1.0,0,0.060625,0.197,0.5,0.5,-0.1288125,,0.010257349349558353,0.05471266806125641,,,1.0,normal
1423,30,scenario3_repeated_spike,D3QN,50,1.9000000000000004,0,0.0611875,0.19790000000000002,0.5,0.5,-0.12954375,,0.006405290681868792,0.045067690312862396,,,1.0,normal
1424,30,scenario3_repeated_spike,D3QN,50,0.0,1,0.09,0.11199999999999999,0.5,0.5,-0.10099999999999999,,0.01699000783264637,0.05245332047343254,,,1.0,normal
1425,30,scenario3_repeated_spike,D3QN,50,1.0,0,0.060625,0.197,0.5,0.5,-0.1288125,,0.009511412121355534,0.05731780827045441,,,1.0,normal
1426,30,scenario3_repeated_spike,D3QN,50,1.9000000000000004,0,0.0611875,0.19790000000000002,0.5,0.5,-0.12954375,,0.004951995797455311,0.04006670415401459,,,1.0,normal
1427,30,scenario3_repeated_spike,D3QN,50,0.0,1,0.09,0.11199999999999999,0.5,0.5,-0.10099999999999999,,0.008595298044383526,0.034018516540527344,,,1.0,normal
1428,30,scenario3_repeated_spike,D3QN,50,1.0,0,0.060625,0.197,0.5,0.5,-0.1288125,,0.002688678679987788,0.0312713161110878,,,1.0,normal
1429,30,scenario3_repeated_spike,D3QN,50,1.9000000000000004,0,0.0611875,0.19790000000000002,0.5,0.5,-0.12954375,,0.010057621635496616,0.0448671355843544,,,1.0,normal
1430,30,scenario3_repeated_spike,D3QN,50,0.0,1,0.09,0.11199999999999999,0.5,0.5,-0.10099999999999999,,0.007416235748678446,0.03831399977207184,,,1.0,normal
1431,30,scenario3_repeated_spike,D3QN,50,1.0,0,0.060625,0.197,0.5,0.5,-0.1288125,,0.005468626040965319,0.04111527279019356,,,1.0,normal
1432,30,scenario3_repeated_spike,D3QN,50,0.0,1,0.09,0.11199999999999999,0.5,0.5,-0.10099999999999999,,0.0017114083748310804,0.03137437254190445,,,1.0,normal
1433,30,scenario3_repeated_spike,D3QN,50,1.0,0,0.060625,0.197,0.5,0.5,-0.1288125,,0.003737017046660185,0.03346367925405502,,,1.0,normal
1434,30,scenario3_repeated_spike,D3QN,50,0.0,1,0.09,0.11199999999999999,0.5,0.5,-0.10099999999999999,,0.0032559025567024946,0.03554704785346985,,,1.0,normal
1435,30,scenario3_repeated_spike,D3QN,50,1.0,0,0.060625,0.197,0.5,0.5,-0.1288125,,0.004185573197901249,0.033969610929489136,,,1.0,normal
1436,30,scenario3_repeated_spike,D3QN,50,0.0,1,0.09,0.11199999999999999,0.5,0.5,-0.10099999999999999,,0.01099437940865755,0.06358262151479721,,,1.0,normal
1437,30,scenario3_repeated_spike,D3QN,50,0.0,1,0.09,0.11199999999999999,0.5,0.5,-0.10099999999999999,,0.0051221395842731,0.044330038130283356,,,1.0,normal
1438,30,scenario3_repeated_spike,D3QN,50,0.0,1,0.09,0.11199999999999999,0.5,0.5,-0.10099999999999999,,0.0015238741179928184,0.02707778848707676,,,1.0,normal
1439,30,scenario3_repeated_spike,D3QN,50,0.0,1,0.09,0.11199999999999999,0.5,0.5,-0.10099999999999999,,0.006242323666810989,0.04669344425201416,,,1.0,normal
1440,30,scenario3_repeated_spike,D3QN,50,0.0,1,0.09,0.11199999999999999,0.5,0.5,-0.10099999999999999,,0.0019651392940431833,0.031217871233820915,,,1.0,normal
1441,30,scenario3_repeated_spike,D3QN,50,0.0,1,0.09,0.11199999999999999,0.5,0.5,-0.10099999999999999,,0.006466222461313009,0.0385330393910408,,,1.0,normal
1442,30,scenario3_repeated_spike,D3QN,50,0.0,1,0.09,0.11199999999999999,0.5,0.5,-0.10099999999999999,,0.004293058533221483,0.026339735835790634,,,1.0,normal
1443,30,scenario3_repeated_spike,D3QN,50,0.0,1,0.09,0.11199999999999999,0.5,0.5,-0.10099999999999999,,0.010376162827014923,0.04990167170763016,,,1.0,normal
1444,30,scenario3_repeated_spike,D3QN,50,0.0,1,0.09,0.11199999999999999,0.5,0.5,-0.10099999999999999,,0.007728996686637402,0.052183374762535095,,,1.0,normal
1445,30,scenario3_repeated_spike,D3QN,50,0.0,1,0.09,0.11199999999999999,0.5,0.5,-0.10099999999999999,,0.0051918914541602135,0.04376184940338135,,,1.0,normal
1446,30,scenario3_repeated_spike,D3QN,50,0.0,1,0.09,0.11199999999999999,0.5,0.5,-0.10099999999999999,,0.0007877667667344213,0.017054783180356026,,,1.0,normal
1447,30,scenario3_repeated_spike,D3QN,50,0.0,1,0.09,0.11199999999999999,0.5,0.5,-0.10099999999999999,,0.004529975820332766,0.03527441620826721,,,1.0,normal
1448,30,scenario3_repeated_spike,D3QN,50,0.0,1,0.09,0.11199999999999999,0.5,0.5,-0.10099999999999999,,0.0053203655406832695,0.026224391534924507,,,1.0,normal
1449,30,scenario3_repeated_spike,D3QN,50,0.0,1,0.09,0.11199999999999999,0.5,0.5,-0.10099999999999999,,0.0222978163510561,0.042542241513729095,,,1.0,normal
1450,30,scenario3_repeated_spike,D3QN,50,0.0,1,0.09,0.11199999999999999,0.5,0.5,-0.10099999999999999,,0.008354957215487957,0.039433009922504425,,,1.0,normal
1451,30,scenario3_repeated_spike,D3QN,50,0.0,1,0.09,0.11199999999999999,0.5,0.5,-0.10099999999999999,,0.02537137269973755,0.08282804489135742,,,1.0,normal
1452,30,scenario3_repeated_spike,D3QN,50,0.0,1,0.09,0.11199999999999999,0.5,0.5,-0.10099999999999999,,0.013908308930695057,0.056763336062431335,,,1.0,normal
1453,30,scenario3_repeated_spike,D3QN,50,0.0,1,0.09,0.11199999999999999,0.5,0.5,-0.10099999999999999,,0.00044792619883082807,0.012898599728941917,,,1.0,normal
1454,30,scenario3_repeated_spike,D3QN,50,0.0,1,0.09,0.11199999999999999,0.5,0.5,-0.10099999999999999,,0.003425815375521779,0.022215217351913452,,,1.0,normal
1455,30,scenario3_repeated_spike,D3QN,50,0.0,1,0.09,0.11199999999999999,0.5,0.5,-0.10099999999999999,,0.005975404288619757,0.030698463320732117,,,1.0,normal
1456,30,scenario3_repeated_spike,D3QN,50,0.0,1,0.09,0.11199999999999999,0.5,0.5,-0.10099999999999999,,0.0030094024259597063,0.024172091856598854,,,1.0,normal
1457,30,scenario3_repeated_spike,D3QN,50,0.0,1,0.09,0.11199999999999999,0.5,0.5,-0.10099999999999999,,0.013460184447467327,0.05120915174484253,,,1.0,normal
1458,30,scenario3_repeated_spike,D3QN,50,0.0,1,0.09,0.11199999999999999,0.5,0.5,-0.10099999999999999,,0.007453743368387222,0.03827228397130966,,,1.0,normal
1459,30,scenario3_repeated_spike,D3QN,50,0.0,1,0.09,0.11199999999999999,0.5,0.5,-0.10099999999999999,,0.022682489827275276,0.04899462312459946,,,1.0,normal
1460,30,scenario3_repeated_spike,D3QN,50,0.0,1,0.09,0.11199999999999999,0.5,0.5,-0.10099999999999999,,0.0054615093395113945,0.04093943163752556,,,1.0,normal
1461,30,scenario3_repeated_spike,D3QN,50,0.0,1,0.09,0.11199999999999999,0.5,0.5,-0.10099999999999999,,0.013218983076512814,0.06433438509702682,,,1.0,normal
1462,30,scenario3_repeated_spike,D3QN,50,0.0,1,0.09,0.11199999999999999,0.5,0.5,-0.10099999999999999,,0.005469701252877712,0.0364372618496418,,,1.0,normal
1463,30,scenario3_repeated_spike,D3QN,50,0.0,1,0.09,0.11199999999999999,0.5,0.5,-0.10099999999999999,,0.002513514831662178,0.021991722285747528,,,1.0,normal
1464,30,scenario3_repeated_spike,D3QN,50,0.0,1,0.09,0.11199999999999999,0.5,0.5,-0.10099999999999999,,0.0013502096990123391,0.017536107450723648,,,1.0,normal
1465,30,scenario3_repeated_spike,D3QN,50,0.0,1,0.09,0.11199999999999999,0.5,0.5,-0.10099999999999999,,0.0016415356658399105,0.016962969675660133,,,1.0,normal
1466,30,scenario3_repeated_spike,D3QN,50,0.0,1,0.09,0.11199999999999999,0.5,0.5,-0.10099999999999999,,0.001622032024897635,0.017863411456346512,,,1.0,normal
1467,30,scenario3_repeated_spike,D3QN,50,0.0,1,0.09,0.11199999999999999,0.5,0.5,-0.10099999999999999,,0.001659626723267138,0.022030044347047806,,,1.0,normal
1468,30,scenario3_repeated_spike,D3QN,50,0.0,1,0.09,0.11199999999999999,0.5,0.5,-0.10099999999999999,,0.0035127452574670315,0.019729463383555412,,,1.0,normal
1469,30,scenario3_repeated_spike,D3QN,50,0.0,1,0.09,0.11199999999999999,0.5,0.5,-0.10099999999999999,,0.01699884422123432,0.04362163692712784,,,1.0,normal
1470,30,scenario3_repeated_spike,D3QN,50,0.0,1,0.09,0.11199999999999999,0.5,0.5,-0.10099999999999999,,0.02015574462711811,0.0641590878367424,,,1.0,normal
1471,30,scenario3_repeated_spike,D3QN,50,0.0,1,0.09,0.11199999999999999,0.5,0.5,-0.10099999999999999,,0.00460130674764514,0.03378017991781235,,,1.0,normal
1472,30,scenario3_repeated_spike,D3QN,50,0.0,1,0.09,0.11199999999999999,0.5,0.5,-0.10099999999999999,,0.002729343716055155,0.020811777561903,,,1.0,normal
1473,30,scenario3_repeated_spike,D3QN,50,0.0,1,0.09,0.11199999999999999,0.5,0.5,-0.10099999999999999,,0.005481182597577572,0.03433733433485031,,,1.0,normal
1474,30,scenario3_repeated_spike,D3QN,50,0.0,1,0.09,0.11199999999999999,0.5,0.5,-0.10099999999999999,,0.004055321682244539,0.024960000067949295,,,1.0,normal
1475,30,scenario3_repeated_spike,D3QN,50,1.0,0,0.060625,0.197,0.5,0.5,-0.1288125,,0.005237901583313942,0.031868405640125275,,,1.0,normal
1476,30,scenario3_repeated_spike,D3QN,50,0.0,1,0.09,0.11199999999999999,0.5,0.5,-0.10099999999999999,,0.005961473099887371,0.03283493220806122,,,1.0,normal
1477,30,scenario3_repeated_spike,D3QN,50,0.0,1,0.09,0.11199999999999999,0.5,0.5,-0.10099999999999999,,0.0007107242709025741,0.014758562669157982,,,1.0,normal
1478,30,scenario3_repeated_spike,D3QN,50,0.0,1,0.09,0.11199999999999999,0.5,0.5,-0.10099999999999999,,0.014678162522614002,0.053877897560596466,,,1.0,normal
1479,30,scenario3_repeated_spike,D3QN,50,0.0,1,0.09,0.11199999999999999,0.5,0.5,-0.10099999999999999,,0.01438765786588192,0.06518305838108063,,,1.0,normal
1480,30,scenario3_repeated_spike,D3QN,50,0.0,1,0.09,0.11199999999999999,0.5,0.5,-0.10099999999999999,,0.0036121488083153963,0.025918927043676376,,,1.0,normal
1481,30,scenario3_repeated_spike,D3QN,50,0.0,1,0.09,0.11199999999999999,0.5,0.5,-0.10099999999999999,,0.012853557243943214,0.04709938168525696,,,1.0,normal
1482,30,scenario3_repeated_spike,D3QN,50,0.0,1,0.09,0.11199999999999999,0.5,0.5,-0.10099999999999999,,0.0008227906655520201,0.015267813578248024,,,1.0,normal
1483,30,scenario3_repeated_spike,D3QN,50,0.0,1,0.09,0.11199999999999999,0.5,0.5,-0.10099999999999999,,0.002519394503906369,0.02568935975432396,,,1.0,normal
1484,30,scenario3_repeated_spike,D3QN,50,0.0,1,0.09,0.11199999999999999,0.5,0.5,-0.10099999999999999,,0.006541463080793619,0.03319330886006355,,,1.0,normal
1485,30,scenario3_repeated_spike,D3QN,50,0.0,1,0.09,0.11199999999999999,0.5,0.5,-0.10099999999999999,,0.0015068241627886891,0.021380946040153503,,,1.0,normal
1486,30,scenario3_repeated_spike,D3QN,50,0.0,1,0.09,0.11199999999999999,0.5,0.5,-0.10099999999999999,,0.0022997662890702486,0.02058306336402893,,,1.0,normal
1487,30,scenario3_repeated_spike,D3QN,50,0.0,1,0.09,0.11199999999999999,0.5,0.5,-0.10099999999999999,,0.0005798829952254891,0.014415828511118889,,,1.0,normal
1488,30,scenario3_repeated_spike,D3QN,50,0.0,1,0.09,0.11199999999999999,0.5,0.5,-0.10099999999999999,,0.0008576053660362959,0.012301430106163025,,,1.0,normal
1489,30,scenario3_repeated_spike,D3QN,50,0.0,1,0.09,0.11199999999999999,0.5,0.5,-0.10099999999999999,,0.00360778346657753,0.029378259554505348,,,1.0,normal
1490,30,scenario3_repeated_spike,D3QN,50,0.0,1,0.09,0.11199999999999999,0.5,0.5,-0.10099999999999999,,0.0026093991473317146,0.020901799201965332,,,1.0,normal
1491,30,scenario3_repeated_spike,D3QN,50,0.0,1,0.09,0.11199999999999999,0.5,0.5,-0.10099999999999999,,0.008530648425221443,0.04388657212257385,,,1.0,normal
1492,30,scenario3_repeated_spike,D3QN,50,0.0,1,0.09,0.11199999999999999,0.5,0.5,-0.10099999999999999,,0.0037681441754102707,0.028355473652482033,,,1.0,normal
1493,30,scenario3_repeated_spike,D3QN,50,0.0,1,0.09,0.11199999999999999,0.5,0.5,-0.10099999999999999,,0.0030145912896841764,0.025793159380555153,,,1.0,normal
1494,30,scenario3_repeated_spike,D3QN,50,0.0,1,0.09,0.11199999999999999,0.5,0.5,-0.10099999999999999,,0.005511826369911432,0.028310181573033333,,,1.0,normal
1495,30,scenario3_repeated_spike,D3QN,50,0.0,1,0.09,0.11199999999999999,0.5,0.5,-0.10099999999999999,,0.014588303864002228,0.05135118216276169,,,1.0,normal
1496,30,scenario3_repeated_spike,D3QN,50,0.0,1,0.09,0.11199999999999999,0.5,0.5,-0.10099999999999999,,0.00592059874907136,0.03552805632352829,,,1.0,normal
1497,30,scenario3_repeated_spike,D3QN,50,0.0,1,0.09,0.11199999999999999,0.5,0.5,-0.10099999999999999,,0.005346926394850016,0.026579828932881355,,,1.0,normal
1498,30,scenario3_repeated_spike,D3QN,50,0.0,1,0.09,0.11199999999999999,0.5,0.5,-0.10099999999999999,,0.006197663955390453,0.026792529970407486,,,1.0,normal
1499,30,scenario3_repeated_spike,D3QN,50,0.0,1,0.09,0.11199999999999999,0.5,0.5,-0.10099999999999999,,0.00857070554047823,0.029100917279720306,,,1.0,normal
1500,30,scenario3_repeated_spike,D3QN,150,13.0,1,0.11472727272727273,0.21178181818181818,0.5,0.5,-0.16325454545454546,,0.008425016887485981,0.09056831896305084,,,1.0,spike
1501,30,scenario3_repeated_spike,D3QN,150,24.700000000000003,1,0.11898181818181819,0.21518545454545457,0.5,0.5,-0.16708363636363638,,0.02096809633076191,0.12055619060993195,,,1.0,spike
1502,30,scenario3_repeated_spike,D3QN,150,35.230000000000004,1,0.1228109090909091,0.2182487272727273,0.5,0.5,-0.1705298181818182,,0.03193202614784241,0.12681597471237183,,,1.0,spike
1503,30,scenario3_repeated_spike,D3QN,150,44.70700000000001,1,0.1262570909090909,0.22100567272727273,0.5,0.5,-0.17363138181818183,,0.021972913295030594,0.11389575898647308,,,1.0,spike
1504,30,scenario3_repeated_spike,D3QN,150,53.2363,1,0.12935865454545456,0.22348692363636366,0.5,0.5,-0.1764227890909091,,0.020599346607923508,0.11015885323286057,,,1.0,spike
1505,30,scenario3_repeated_spike,D3QN,150,60.91266999999999,1,0.13215006181818184,0.2257200494545455,0.5,0.5,-0.17893505563636367,,0.008504183031618595,0.08708041161298752,,,1.0,spike
1506,30,scenario3_repeated_spike,D3QN,150,67.821403,1,0.13466232836363637,0.2277298626909091,0.5,0.5,-0.18119609552727273,,0.016497962176799774,0.10729388147592545,,,1.0,spike
1507,30,scenario3_repeated_spike,D3QN,150,74.0392627,1,0.13692336825454546,0.22953869460363638,0.5,0.5,-0.18323103142909092,,0.012236123904585838,0.08907106518745422,,,1.0,spike
1508,30,scenario3_repeated_spike,D3QN,150,79.63533643,1,0.13895830415636365,0.23116664332509093,0.5,0.5,-0.1850624737407273,,0.008090879768133163,0.07224613428115845,,,1.0,spike
1509,30,scenario3_repeated_spike,D3QN,150,84.671802787,1,0.14078974646800002,0.23263179717440002,0.5,0.5,-0.18671077182120002,,0.012192624621093273,0.08413378894329071,,,1.0,spike
1510,30,scenario3_repeated_spike,D3QN,150,89.2046225083,1,0.14243804454847273,0.2339504356387782,0.5,0.5,-0.18819424009362545,,0.019147656857967377,0.09618687629699707,,,1.0,spike
1511,30,scenario3_repeated_spike,D3QN,150,93.28416025747,1,0.14392151282089818,0.23513721025671858,0.5,0.5,-0.1895293615388084,,0.03534889966249466,0.12722960114479065,,,1.0,spike
1512,30,scenario3_repeated_spike,D3QN,150,96.955744231723,1,0.1452566342660811,0.23620530741286488,0.5,0.5,-0.190730970839473,,0.015985123813152313,0.09050227701663971,,,1.0,spike
1513,30,scenario3_repeated_spike,D3QN,150,100.2601698085507,1,0.1464582435667457,0.23716659485339658,0.5,0.5,-0.19181241921007114,,0.010440921410918236,0.06847196817398071,,,1.0,spike
1514,30,scenario3_repeated_spike,D3QN,150,103.23415282769564,1,0.14753969193734387,0.2380317535498751,0.5,0.5,-0.1927857227436095,,0.012144716456532478,0.07483205944299698,,,1.0,spike
1515,30,scenario3_repeated_spike,D3QN,150,105.91073754492608,1,0.1485129954708822,0.23881039637670576,0.5,0.5,-0.19366169592379398,,0.00464623561128974,0.05296357721090317,,,1.0,spike
1516,30,scenario3_repeated_spike,D3QN,150,108.31966379043347,1,0.1493889686510667,0.2395111749208534,0.5,0.5,-0.19445007178596005,,0.004695374984294176,0.04370766133069992,,,1.0,spike
1517,30,scenario3_repeated_spike,D3QN,150,110.48769741139012,1,0.15017734451323278,0.24014187561058625,0.5,0.5,-0.19515961006190952,,0.005887312348932028,0.04403229057788849,,,1.0,spike
1518,30,scenario3_repeated_spike,D3QN,150,112.4389276702511,1,0.15088688278918225,0.2407095062313458,0.5,0.5,-0.19579819451026403,,0.005310037173330784,0.048847660422325134,,,1.0,spike
1519,30,scenario3_repeated_spike,D3QN,150,114.195034903226,1,0.15152546723753674,0.24122037379002942,0.5,0.5,-0.19637292051378308,,0.006882274057716131,0.047140613198280334,,,1.0,spike
1520,30,scenario3_repeated_spike,D3QN,150,115.7755314129034,1,0.15210019324105578,0.24168015459284464,0.5,0.5,-0.1968901739169502,,0.0014985344605520368,0.022872842848300934,,,1.0,spike
1521,30,scenario3_repeated_spike,D3QN,150,117.19797827161307,1,0.15261744664422294,0.24209395731537836,0.5,0.5,-0.19735570197980065,,0.002879355102777481,0.02889450080692768,,,1.0,spike
1522,30,scenario3_repeated_spike,D3QN,150,118.47818044445177,1,0.15308297470707338,0.2424663797656587,0.5,0.5,-0.19777467723636605,,0.006091319024562836,0.031421251595020294,,,1.0,spike
1523,30,scenario3_repeated_spike,D3QN,150,119.63036240000659,1,0.15350194996363875,0.24280155997091102,0.5,0.5,-0.19815175496727488,,0.0016541738295927644,0.02351433038711548,,,1.0,spike
1524,30,scenario3_repeated_spike,D3QN,150,120.66732616000593,1,0.15387902769454762,0.24310322215563812,0.5,0.5,-0.19849112492509285,,0.002161871176213026,0.02638140879571438,,,1.0,spike
1525,30,scenario3_repeated_spike,D3QN,150,121.60059354400533,1,0.15421839765236559,0.24337471812189249,0.5,0.5,-0.19879655788712902,,0.00331899244338274,0.029469560831785202,,,1.0,spike
1526,30,scenario3_repeated_spike,D3QN,150,122.44053418960482,1,0.15452383061440175,0.24361906449152143,0.5,0.5,-0.19907144755296158,,0.004783447831869125,0.04520951956510544,,,1.0,spike
1527,30,scenario3_repeated_spike,D3QN,150,123.19648077064434,1,0.1547987202802343,0.24383897622418746,0.5,0.5,-0.19931884825221088,,0.006708541419357061,0.04160161688923836,,,1.0,spike
1528,30,scenario3_repeated_spike,D3QN,150,123.8768326935799,1,0.15504612097948361,0.24403689678358692,0.5,0.5,-0.19954150888153527,,0.003594021312892437,0.030484041199088097,,,1.0,spike
1529,30,scenario3_repeated_spike,D3QN,150,124.48914942422192,1,0.155268781608808,0.24421502528704642,0.5,0.5,-0.1997419034479272,,0.005339358001947403,0.04507870972156525,,,1.0,spike
1530,30,scenario3_repeated_spike,D3QN,150,125.04023448179973,1,0.15546917617519992,0.24437534094015995,0.5,0.5,-0.19992225855767992,,0.018382234498858452,0.07450222969055176,,,1.0,spike
1531,30,scenario3_repeated_spike,D3QN,150,125.53621103361976,1,0.15564953128495265,0.24451962502796215,0.5,0.5,-0.20008457815645742,,0.017943866550922394,0.07188813388347626,,,1.0,spike
1532,30,scenario3_repeated_spike,D3QN,150,125.9825899302578,1,0.15581185088373012,0.2446494807069841,0.5,0.5,-0.20023066579535712,,0.0026684857439249754,0.03469058871269226,,,1.0,spike
1533,30,scenario3_repeated_spike,D3QN,150,126.38433093723202,1,0.15595793852262982,0.24476635081810388,0.5,0.5,-0.20036214467036684,,0.023442674428224564,0.10035235434770584,,,1.0,spike
1534,30,scenario3_repeated_spike,D3QN,150,126.74589784350883,1,0.15608941739763957,0.24487153391811167,0.5,0.5,-0.20048047565787563,,0.02938227169215679,0.10100239515304565,,,1.0,spike
1535,30,scenario3_repeated_spike,D3QN,150,127.07130805915796,1,0.15620774838514834,0.2449661987081187,0.5,0.5,-0.20058697354663352,,0.017282981425523758,0.0745881050825119,,,1.0,spike
1536,30,scenario3_repeated_spike,D3QN,150,127.36417725324216,1,0.15631424627390625,0.24505139701912504,0.5,0.5,-0.20068282164651563,,0.012293991632759571,0.07053659856319427,,,1.0,spike
1537,30,scenario3_repeated_spike,D3QN,150,127.62775952791793,1,0.15641009437378833,0.2451280754990307,0.5,0.5,-0.20076908493640952,,0.0013359689619392157,0.03196701779961586,,,1.0,spike
1538,30,scenario3_repeated_spike,D3QN,150,127.86498357512613,1,0.15649635766368225,0.24519708613094582,0.5,0.5,-0.20084672189731403,,0.027593247592449188,0.1089695394039154,,,1.0,spike
1539,30,scenario3_repeated_spike,D3QN,150,128.07848521761352,1,0.15657399462458674,0.24525919569966942,0.5,0.5,-0.20091659516212806,,0.03903118520975113,0.1020643562078476,,,1.0,spike
1540,30,scenario3_repeated_spike,D3QN,150,128.27063669585218,1,0.1566438678894008,0.24531509431152065,0.5,0.5,-0.2009794811004607,,0.0626869946718216,0.14387214183807373,,,1.0,spike
1541,30,scenario3_repeated_spike,D3QN,150,128.44357302626696,1,0.15670675382773344,0.2453654030621868,0.5,0.5,-0.20103607844496013,,0.027565238997340202,0.08414188027381897,,,1.0,spike
1542,30,scenario3_repeated_spike,D3QN,150,128.59921572364027,1,0.1567633511722328,0.24541068093778629,0.5,0.5,-0.20108701605500956,,0.017698321491479874,0.07436741888523102,,,1.0,spike
1543,30,scenario3_repeated_spike,D3QN,150,128.73929415127623,1,0.15681428878228226,0.24545143102582584,0.5,0.5,-0.20113285990405405,,0.004119542893022299,0.038551971316337585,,,1.0,spike
1544,30,scenario3_repeated_spike,D3QN,150,128.8653647361486,1,0.15686013263132675,0.24548810610506144,0.5,0.5,-0.2011741193681941,,0.012287130579352379,0.06474597752094269,,,1.0,spike
1545,30,scenario3_repeated_spike,D3QN,150,128.97882826253374,1,0.15690139209546683,0.24552111367637347,0.5,0.5,-0.20121125288592015,,0.01565602421760559,0.06586502492427826,,,1.0,spike
1546,30,scenario3_repeated_spike,D3QN,150,129.0809454362804,1,0.15693852561319285,0.24555082049055432,0.5,0.5,-0.2012446730518736,,0.005357437767088413,0.04312814399600029,,,1.0,spike
1547,30,scenario3_repeated_spike,D3QN,150,129.17285089265235,1,0.1569719457791463,0.24557755662331704,0.5,0.5,-0.20127475120123167,,0.0010282954899594188,0.020729219540953636,,,1.0,spike
1548,30,scenario3_repeated_spike,D3QN,150,129.25556580338713,1,0.1570020239285044,0.24560161914280354,0.5,0.5,-0.20130182153565396,,0.005968769080936909,0.04298791289329529,,,1.0,spike
1549,30,scenario3_repeated_spike,D3QN,150,129.33000922304842,1,0.15702909426292672,0.2456232754103414,0.5,0.5,-0.20132618483663406,,0.0035859388299286366,0.033282674849033356,,,1.0,spike
1550,30,scenario3_repeated_spike,D3QN,150,129.39700830074358,1,0.15705345756390676,0.24564276605112545,0.5,0.5,-0.2013481118075161,,0.0016110329888761044,0.022483091801404953,,,1.0,spike
1551,30,scenario3_repeated_spike,D3QN,150,129.4573074706692,1,0.1570753845347888,0.2456603076278311,0.5,0.5,-0.20136784608130995,,0.008469399996101856,0.040435004979372025,,,1.0,spike
1552,30,scenario3_repeated_spike,D3QN,150,129.51157672360227,1,0.15709511880858265,0.24567609504686616,0.5,0.5,-0.2013856069277244,,0.001768104499205947,0.016851147636771202,,,1.0,spike
1553,30,scenario3_repeated_spike,D3QN,150,129.56041905124204,1,0.15711287965499712,0.2456903037239977,0.5,0.5,-0.2014015916894974,,0.006109894718974829,0.041016072034835815,,,1.0,spike
1554,30,scenario3_repeated_spike,D3QN,150,129.60437714611783,1,0.1571288644167701,0.24570309153341607,0.5,0.5,-0.20141597797509309,,0.031895074993371964,0.09225507080554962,,,1.0,spike
1555,30,scenario3_repeated_spike,D3QN,150,129.64393943150606,1,0.15714325070236584,0.2457146005618927,0.5,0.5,-0.20142892563212927,,0.008414726704359055,0.045897770673036575,,,1.0,spike
1556,30,scenario3_repeated_spike,D3QN,150,129.67954548835547,1,0.157156198359402,0.24572495868752164,0.5,0.5,-0.2014405785234618,,0.003559283446520567,0.02658240869641304,,,1.0,spike
1557,30,scenario3_repeated_spike,D3QN,150,129.7115909395199,1,0.1571678512507345,0.24573428100058764,0.5,0.5,-0.20145106612566108,,0.0017476555658504367,0.024813197553157806,,,1.0,spike
1558,30,scenario3_repeated_spike,D3QN,150,129.7404318455679,1,0.15717833885293378,0.24574267108234704,0.5,0.5,-0.2014605049676404,,0.0005481145926751196,0.0136947613209486,,,1.0,spike
1559,30,scenario3_repeated_spike,D3QN,150,129.76638866101112,1,0.15718777769491316,0.24575022215593056,0.5,0.5,-0.20146899992542186,,0.001863745041191578,0.0187528096139431,,,1.0,spike
1560,30,scenario3_repeated_spike,D3QN,150,129.78974979491,1,0.15719627265269456,0.24575701812215567,0.5,0.5,-0.2014766453874251,,0.007723156828433275,0.035984739661216736,,,1.0,spike
1561,30,scenario3_repeated_spike,D3QN,150,129.810774815419,1,0.1572039181146978,0.24576313449175824,0.5,0.5,-0.20148352630322802,,0.0073546357452869415,0.041981447488069534,,,1.0,spike
1562,30,scenario3_repeated_spike,D3QN,150,129.8296973338771,1,0.15721079903050078,0.24576863922440062,0.5,0.5,-0.2014897191274507,,0.0017888055881485343,0.01842690445482731,,,1.0,spike
1563,30,scenario3_repeated_spike,D3QN,150,129.8467276004894,1,0.15721699185472343,0.24577359348377875,0.5,0.5,-0.2014952926692511,,0.0006373856449499726,0.015804167836904526,,,1.0,spike
1564,30,scenario3_repeated_spike,D3QN,150,129.86205484044046,1,0.15722256539652382,0.24577805231721905,0.5,0.5,-0.20150030885687142,,0.004031549673527479,0.031052682548761368,,,1.0,spike
1565,30,scenario3_repeated_spike,D3QN,150,129.87584935639643,1,0.15722758158414415,0.24578206526731533,0.5,0.5,-0.20150482342572973,,0.0037046142388135195,0.030309991911053658,,,1.0,spike
1566,30,scenario3_repeated_spike,D3QN,150,135.8882644207568,0,0.164930165262973,0.5638882644207568,0.5,0.5,-0.3644092148418649,,0.0014593573287129402,0.02277638576924801,,,1.0,spike
1567,30,scenario3_repeated_spike,D3QN,150,135.2994379786811,1,0.1591997956286113,0.24735983650288906,0.5,0.5,-0.20327981606575019,,0.0032939938828349113,0.025178849697113037,,,1.0,spike
1568,30,scenario3_repeated_spike,D3QN,150,134.769494180813,1,0.15900708879302292,0.24720567103441837,0.5,0.5,-0.20310637991372066,,0.0018759440863505006,0.02034175395965576,,,1.0,spike
1569,30,scenario3_repeated_spike,D3QN,150,134.29254476273172,1,0.15883365264099336,0.24706692211279468,0.5,0.5,-0.20295028737689402,,0.003555882256478071,0.026785284280776978,,,1.0,spike
1570,30,scenario3_repeated_spike,D3QN,150,133.86329028645855,1,0.15867756010416675,0.24694204808333342,0.5,0.5,-0.2028098040937501,,0.0016852745320647955,0.024622784927487373,,,1.0,spike
1571,30,scenario3_repeated_spike,D3QN,150,133.47696125781272,1,0.1585370768210228,0.24682966145681828,0.5,0.5,-0.20268336913892054,,0.004679006990045309,0.02724406123161316,,,1.0,spike
1572,30,scenario3_repeated_spike,D3QN,150,133.12926513203143,1,0.15841064186619325,0.2467285134929546,0.5,0.5,-0.20256957767957393,,0.002263297326862812,0.021122125908732414,,,1.0,spike
1573,30,scenario3_repeated_spike,D3QN,150,132.8163386188283,1,0.15829685040684666,0.24663748032547733,0.5,0.5,-0.202467165366162,,0.001502422383055091,0.01960679516196251,,,1.0,spike
1574,30,scenario3_repeated_spike,D3QN,150,132.53470475694547,1,0.15819443809343472,0.2465555504747478,0.5,0.5,-0.20237499428409128,,0.023656904697418213,0.053357936441898346,,,1.0,spike
1575,30,scenario3_repeated_spike,D3QN,150,132.28123428125093,1,0.15810226701136398,0.24648181360909122,0.5,0.5,-0.2022920403102276,,0.022945895791053772,0.08082838356494904,,,1.0,spike
1576,30,scenario3_repeated_spike,D3QN,150,132.05311085312584,1,0.1580193130375003,0.24641545043000024,0.5,0.5,-0.20221738173375026,,0.018721863627433777,0.059144873172044754,,,1.0,spike
1577,30,scenario3_repeated_spike,D3QN,150,131.84779976781326,1,0.15794465446102302,0.2463557235688184,0.5,0.5,-0.2021501890149207,,0.025547143071889877,0.07840617746114731,,,1.0,spike
1578,30,scenario3_repeated_spike,D3QN,150,131.66301979103193,1,0.15787746174219344,0.24630196939375476,0.5,0.5,-0.20208971556797412,,0.015497268177568913,0.04788680747151375,,,1.0,spike
1579,30,scenario3_repeated_spike,D3QN,150,131.49671781192873,1,0.15781698829524682,0.24625359063619745,0.5,0.5,-0.20203528946572213,,0.005183001514524221,0.02639462612569332,,,1.0,spike
1580,30,scenario3_repeated_spike,D3QN,150,131.34704603073587,1,0.15776256219299487,0.24621004975439592,0.5,0.5,-0.20198630597369538,,0.017180169001221657,0.0628499686717987,,,1.0,spike
1581,30,scenario3_repeated_spike,D3QN,150,131.2123414276623,1,0.1577135787009681,0.2461708629607745,0.5,0.5,-0.20194222083087132,,0.024412652477622032,0.08314453810453415,,,1.0,spike
1582,30,scenario3_repeated_spike,D3QN,150,131.09110728489605,1,0.15766949355814402,0.24613559484651526,0.5,0.5,-0.20190254420232964,,0.010412570089101791,0.05293148756027222,,,1.0,spike
1583,30,scenario3_repeated_spike,D3QN,150,130.98199655640644,1,0.15762981692960235,0.24610385354368192,0.5,0.5,-0.20186683523664212,,0.006528006866574287,0.035097941756248474,,,1.0,spike
1584,30,scenario3_repeated_spike,D3QN,150,130.8837969007658,1,0.15759410796391485,0.2460752863711319,0.5,0.5,-0.2018346971675234,,0.0028476205188781023,0.025979826226830482,,,1.0,spike
1585,30,scenario3_repeated_spike,D3QN,150,130.7954172106892,1,0.1575619698947961,0.24604957591583687,0.5,0.5,-0.20180577290531648,,0.0023106648586690426,0.021918678656220436,,,1.0,spike
1586,30,scenario3_repeated_spike,D3QN,150,130.7158754896203,1,0.15753304563258919,0.24602643650607137,0.5,0.5,-0.20177974106933028,,0.0023377344477921724,0.022404516115784645,,,1.0,spike
1587,30,scenario3_repeated_spike,D3QN,150,130.64428794065827,1,0.157507013796603,0.2460056110372824,0.5,0.5,-0.2017563124169427,,0.009742602705955505,0.05236829072237015,,,1.0,spike
1588,30,scenario3_repeated_spike,D3QN,150,130.57985914659247,1,0.15748358514421543,0.24598686811537235,0.5,0.5,-0.20173522662979387,,0.0033273082226514816,0.03183123469352722,,,1.0,spike
1589,30,scenario3_repeated_spike,D3QN,150,130.52187323193323,1,0.15746249935706663,0.24596999948565335,0.5,0.5,-0.20171624942136,,0.011004959233105183,0.04151195287704468,,,1.0,spike
1590,30,scenario3_repeated_spike,D3QN,150,130.4696859087399,1,0.1574435221486327,0.24595481771890615,0.5,0.5,-0.2016991699337694,,0.00873953104019165,0.04766176640987396,,,1.0,spike
1591,30,scenario3_repeated_spike,D3QN,150,130.42271731786593,1,0.15742644266104214,0.24594115412883372,0.5,0.5,-0.20168379839493794,,0.005243221297860146,0.036490410566329956,,,1.0,spike
1592,30,scenario3_repeated_spike,D3QN,150,130.38044558607936,1,0.15741107112221067,0.24592885689776856,0.5,0.5,-0.2016699640099896,,0.0015643284423276782,0.016372865065932274,,,1.0,spike
1593,30,scenario3_repeated_spike,D3QN,150,130.34240102747142,1,0.15739723673726233,0.2459177893898099,0.5,0.5,-0.20165751306353613,,0.0027694092132151127,0.027839133515954018,,,1.0,spike
1594,30,scenario3_repeated_spike,D3QN,150,130.3081609247243,1,0.15738478579080883,0.2459078286326471,0.5,0.5,-0.20164630721172797,,0.007032287772744894,0.03526166081428528,,,1.0,spike
1595,30,scenario3_repeated_spike,D3QN,150,130.27734483225186,1,0.15737357993900067,0.24589886395120053,0.5,0.5,-0.2016362219451006,,0.002876079175621271,0.029226452112197876,,,1.0,spike
1596,30,scenario3_repeated_spike,D3QN,150,130.24961034902668,1,0.15736349467237334,0.24589079573789868,0.5,0.5,-0.20162714520513603,,0.0039019109681248665,0.033432234078645706,,,1.0,spike
1597,30,scenario3_repeated_spike,D3QN,150,130.224649314124,1,0.15735441793240873,0.24588353434592702,0.5,0.5,-0.20161897613916788,,0.0015110531821846962,0.021014489233493805,,,1.0,spike
1598,30,scenario3_repeated_spike,D3QN,150,130.2021843827116,1,0.1573462488664406,0.24587699909315253,0.5,0.5,-0.20161162397979657,,0.006811488885432482,0.041732050478458405,,,1.0,spike
1599,30,scenario3_repeated_spike,D3QN,150,130.18196594444044,1,0.15733889670706927,0.24587111736565542,0.5,0.5,-0.20160500703636236,,0.007673038635402918,0.0468541756272316,,,1.0,spike
1600,30,scenario3_repeated_spike,D3QN,150,130.16376934999641,1,0.15733227976363506,0.24586582381090805,0.5,0.5,-0.20159905178727155,,0.011636201292276382,0.0968397781252861,,,1.0,spike
1601,30,scenario3_repeated_spike,D3QN,150,136.14739241499677,0,0.165092120259373,0.5641473924149968,0.5,0.5,-0.3646197563371849,,0.010382603853940964,0.08798285573720932,,,1.0,spike
1602,30,scenario3_repeated_spike,D3QN,150,135.5326531734971,1,0.15928460115399895,0.24742768092319917,0.5,0.5,-0.20335614103859906,,0.011492780409753323,0.09367792308330536,,,1.0,spike
1603,30,scenario3_repeated_spike,D3QN,150,134.97938785614738,1,0.1590834137658718,0.24726673101269747,0.5,0.5,-0.20317507238928462,,0.010167920030653477,0.09123627841472626,,,1.0,spike
1604,30,scenario3_repeated_spike,D3QN,150,134.48144907053265,1,0.15890234511655732,0.24712187609324587,0.5,0.5,-0.2030121106049016,,0.010063662193715572,0.07663373649120331,,,1.0,spike
1605,30,scenario3_repeated_spike,D3QN,150,134.0333041634794,1,0.15873938333217433,0.2469915066657395,0.5,0.5,-0.20286544499895692,,0.00902077928185463,0.08101512491703033,,,1.0,spike
1606,30,scenario3_repeated_spike,D3QN,150,133.62997374713143,1,0.1585927177262296,0.24687417418098367,0.5,0.5,-0.20273344595360665,,0.03232278302311897,0.11615337431430817,,,1.0,spike
1607,30,scenario3_repeated_spike,D3QN,150,133.2669763724183,1,0.15846071868087938,0.2467685749447035,0.5,0.5,-0.20261464681279145,,0.009833755902945995,0.07040033489465714,,,1.0,spike
1608,30,scenario3_repeated_spike,D3QN,150,132.9402787351765,1,0.15834191954006419,0.24667353563205136,0.5,0.5,-0.20250772758605778,,0.017215551808476448,0.07958006858825684,,,1.0,spike
1609,30,scenario3_repeated_spike,D3QN,150,132.64625086165884,1,0.1582350003133305,0.2465880002506644,0.5,0.5,-0.20241150028199745,,0.009887542575597763,0.06367581337690353,,,1.0,spike
1610,30,scenario3_repeated_spike,D3QN,150,132.38162577549298,1,0.15813877300927018,0.24651101840741618,0.5,0.5,-0.20232489570834317,,0.002622802508994937,0.041560664772987366,,,1.0,spike
1611,30,scenario3_repeated_spike,D3QN,150,132.14346319794367,1,0.1580521684356159,0.24644173474849274,0.5,0.5,-0.2022469515920543,,0.006946038454771042,0.056964851915836334,,,1.0,spike
1612,30,scenario3_repeated_spike,D3QN,150,131.92911687814933,1,0.15797422431932703,0.24637937945546162,0.5,0.5,-0.20217680188739434,,0.007191009819507599,0.058503251522779465,,,1.0,spike
1613,30,scenario3_repeated_spike,D3QN,150,131.7362051903344,1,0.15790407461466707,0.2463232596917337,0.5,0.5,-0.2021136671532004,,0.007971467450261116,0.04676670581102371,,,1.0,spike
1614,30,scenario3_repeated_spike,D3QN,150,131.56258467130095,1,0.15784093988047307,0.24627275190437847,0.5,0.5,-0.20205684589242578,,0.00853150524199009,0.05066666007041931,,,1.0,spike
1615,30,scenario3_repeated_spike,D3QN,150,131.40632620417085,1,0.15778411861969852,0.24622729489575884,0.5,0.5,-0.20200570675772866,,0.011530173942446709,0.06310784816741943,,,1.0,spike
1616,30,scenario3_repeated_spike,D3QN,150,131.26569358375377,1,0.15773297948500137,0.2461863835880011,0.5,0.5,-0.20195968153650123,,0.007079984527081251,0.04173658415675163,,,1.0,spike
1617,30,scenario3_repeated_spike,D3QN,150,131.1391242253784,1,0.15768695426377397,0.24614956341101918,0.5,0.5,-0.20191825883739656,,0.0022518825717270374,0.03165194392204285,,,1.0,spike
1618,30,scenario3_repeated_spike,D3QN,150,131.02521180284054,1,0.1576455315646693,0.24611642525173544,0.5,0.5,-0.20188097840820235,,0.021652979776263237,0.05428136885166168,,,1.0,spike
1619,30,scenario3_repeated_spike,D3QN,150,130.9226906225565,1,0.15760825113547508,0.24608660090838008,0.5,0.5,-0.20184742602192757,,0.00484485924243927,0.030765671283006668,,,1.0,spike
1620,30,scenario3_repeated_spike,D3QN,150,130.83042156030086,1,0.1575746987492003,0.24605975899936028,0.5,0.5,-0.20181722887428027,,0.006700531579554081,0.03751390427350998,,,1.0,spike
1621,30,scenario3_repeated_spike,D3QN,150,130.74737940427076,1,0.157544501601553,0.2460356012812424,0.5,0.5,-0.20179005144139772,,0.005664154887199402,0.040180571377277374,,,1.0,spike
1622,30,scenario3_repeated_spike,D3QN,150,130.6726414638437,1,0.15751732416867043,0.24601385933493636,0.5,0.5,-0.2017655917518034,,0.014961659908294678,0.06285498291254044,,,1.0,spike
1623,30,scenario3_repeated_spike,D3QN,150,130.60537731745933,1,0.15749286447907612,0.24599429158326092,0.5,0.5,-0.20174357803116852,,0.004915113560855389,0.039002686738967896,,,1.0,spike
1624,30,scenario3_repeated_spike,D3QN,150,130.54483958571342,1,0.15747085075844125,0.24597668060675304,0.5,0.5,-0.20172376568259714,,0.009592949412763119,0.03700453042984009,,,1.0,spike
1625,30,scenario3_repeated_spike,D3QN,150,136.4903556271421,0,0.16530647226696382,0.5644903556271421,0.5,0.5,-0.36489841394705297,,0.01656905561685562,0.080240398645401,,,1.0,spike
1626,30,scenario3_repeated_spike,D3QN,150,135.8413200644279,1,0.15939684365979198,0.2475174749278336,0.5,0.5,-0.2034571592938128,,0.015425498597323895,0.061033837497234344,,,1.0,spike
1627,30,scenario3_repeated_spike,D3QN,150,135.2571880579851,1,0.15918443202108548,0.2473475456168684,0.5,0.5,-0.20326598881897695,,0.005092459265142679,0.04680052027106285,,,1.0,spike
1628,30,scenario3_repeated_spike,D3QN,150,134.7314692521866,1,0.15899326154624968,0.24719460923699976,0.5,0.5,-0.20309393539162474,,0.005096010398119688,0.0421530157327652,,,1.0,spike
1629,30,scenario3_repeated_spike,D3QN,150,134.25832232696794,1,0.15882120811889744,0.247056966495118,0.5,0.5,-0.20293908730700772,,0.007566550746560097,0.05425350368022919,,,1.0,spike
1630,30,scenario3_repeated_spike,D3QN,150,133.83249009427115,1,0.15866636003428042,0.24693308802742436,0.5,0.5,-0.2027997240308524,,0.007124724797904491,0.057146620005369186,,,1.0,spike
1631,30,scenario3_repeated_spike,D3QN,150,133.44924108484403,1,0.1585269967581251,0.24682159740650012,0.5,0.5,-0.2026742970823126,,0.0025859589222818613,0.03201145678758621,,,1.0,spike
1632,30,scenario3_repeated_spike,D3QN,150,133.10431697635963,1,0.15840156980958534,0.2467212558476683,0.5,0.5,-0.20256141282862683,,0.001590288826264441,0.02878407947719097,,,1.0,spike
1633,30,scenario3_repeated_spike,D3QN,150,132.79388527872368,1,0.15828868555589953,0.24663094844471967,0.5,0.5,-0.2024598170003096,,0.00951508991420269,0.03339621424674988,,,1.0,spike
1634,30,scenario3_repeated_spike,D3QN,150,132.51449675085132,1,0.1581870897275823,0.24654967178206588,0.5,0.5,-0.2023683807548241,,0.0013544013490900397,0.025210576131939888,,,1.0,spike
1635,30,scenario3_repeated_spike,D3QN,150,132.2630470757662,1,0.1580956534820968,0.24647652278567744,0.5,0.5,-0.20228608813388713,,0.0046916925348341465,0.03846736252307892,,,1.0,spike
1636,30,scenario3_repeated_spike,D3QN,150,132.03674236818958,1,0.15801336086115986,0.2464106886889279,0.5,0.5,-0.20221202477504388,,0.00041593486093916,0.016478128731250763,,,1.0,spike
1637,30,scenario3_repeated_spike,D3QN,150,131.83306813137062,1,0.15793929750231658,0.24635143800185327,0.5,0.5,-0.20214536775208491,,0.010848432779312134,0.05513039976358414,,,1.0,spike
1638,30,scenario3_repeated_spike,D3QN,150,131.64976131823357,1,0.15787264047935767,0.24629811238348615,0.5,0.5,-0.2020853764314219,,0.053134895861148834,0.11385391652584076,,,1.0,spike
1639,30,scenario3_repeated_spike,D3QN,150,131.48478518641022,1,0.1578126491586946,0.24625011932695573,0.5,0.5,-0.20203138424282518,,0.0080623934045434,0.04680412635207176,,,1.0,spike
1640,30,scenario3_repeated_spike,D3QN,150,131.3363066677692,1,0.1577586569700979,0.24620692557607832,0.5,0.5,-0.2019827912730881,,0.004902771674096584,0.04221829026937485,,,1.0,spike
1641,30,scenario3_repeated_spike,D3QN,150,131.20267600099228,1,0.15771006400036083,0.24616805120028867,0.5,0.5,-0.20193905760032477,,0.007120904512703419,0.03962424397468567,,,1.0,spike
1642,30,scenario3_repeated_spike,D3QN,150,131.08240840089306,1,0.15766633032759747,0.24613306426207798,0.5,0.5,-0.20189969729483773,,0.0032300117891281843,0.030675355345010757,,,1.0,spike
1643,30,scenario3_repeated_spike,D3QN,150,130.97416756080375,1,0.15762697002211046,0.2461015760176884,0.5,0.5,-0.20186427301989943,,0.004579454194754362,0.03636699169874191,,,1.0,spike
1644,30,scenario3_repeated_spike,D3QN,150,130.87675080472337,1,0.15759154574717216,0.24607323659773772,0.5,0.5,-0.20183239117245494,,0.01023056823760271,0.04923270642757416,,,1.0,spike
1645,30,scenario3_repeated_spike,D3QN,150,130.78907572425103,1,0.15755966389972767,0.24604773111978218,0.5,0.5,-0.2018036975097549,,0.0023357351310551167,0.02159312553703785,,,1.0,spike
1646,30,scenario3_repeated_spike,D3QN,150,130.71016815182594,1,0.1575309702370276,0.2460247761896221,0.5,0.5,-0.20177787321332485,,0.02226487174630165,0.06612051278352737,,,1.0,spike
1647,30,scenario3_repeated_spike,D3QN,150,130.63915133664335,1,0.15750514594059759,0.24600411675247807,0.5,0.5,-0.20175463134653782,,0.007344783283770084,0.04531622678041458,,,1.0,spike
1648,30,scenario3_repeated_spike,D3QN,150,130.575236202979,1,0.15748190407381055,0.24598552325904843,0.5,0.5,-0.2017337136664295,,0.007263694889843464,0.04233666509389877,,,1.0,spike
1649,30,scenario3_repeated_spike,D3QN,150,130.5177125826811,1,0.1574609863937022,0.24596878911496178,0.5,0.5,-0.201714887754332,,0.006431803572922945,0.04012847691774368,,,1.0,spike
1650,30,scenario3_repeated_spike,D3QN,150,130.465941324413,1,0.15744216048160473,0.2459537283852838,0.5,0.5,-0.20169794443344424,,0.0066779376938939095,0.043093904852867126,,,1.0,spike
1651,30,scenario3_repeated_spike,D3QN,150,130.4193471919717,1,0.15742521716071697,0.24594017372857357,0.5,0.5,-0.2016826954446453,,0.009861864149570465,0.04524333029985428,,,1.0,spike
1652,30,scenario3_repeated_spike,D3QN,150,130.37741247277452,1,0.157409968171918,0.2459279745375344,0.5,0.5,-0.2016689713547262,,0.0055950661189854145,0.03850823640823364,,,1.0,spike
1653,30,scenario3_repeated_spike,D3QN,150,130.33967122549706,1,0.15739624408199893,0.24591699526559918,0.5,0.5,-0.20165661967379905,,0.0120224729180336,0.053917430341243744,,,1.0,spike
1654,30,scenario3_repeated_spike,D3QN,150,130.30570410294735,1,0.15738389240107176,0.2459071139208574,0.5,0.5,-0.20164550316096458,,0.012457017786800861,0.03474939614534378,,,1.0,spike
1655,30,scenario3_repeated_spike,D3QN,150,130.27513369265262,1,0.1573727758882373,0.24589822071058987,0.5,0.5,-0.20163549829941357,,0.004754586610943079,0.037581197917461395,,,1.0,spike
1656,30,scenario3_repeated_spike,D3QN,150,130.24762032338737,1,0.1573627710266863,0.24589021682134904,0.5,0.5,-0.20162649392401766,,0.004981096368283033,0.040936291217803955,,,1.0,spike
1657,30,scenario3_repeated_spike,D3QN,150,130.22285829104862,1,0.15735376665129042,0.24588301332103235,0.5,0.5,-0.20161838998616138,,0.00547929247841239,0.030690431594848633,,,1.0,spike
1658,30,scenario3_repeated_spike,D3QN,150,130.20057246194375,1,0.1573456627134341,0.2458765301707473,0.5,0.5,-0.2016110964420907,,0.014798644930124283,0.057851992547512054,,,1.0,spike
1659,30,scenario3_repeated_spike,D3QN,150,130.18051521574938,1,0.15733836916936342,0.24587069533549077,0.5,0.5,-0.20160453225242708,,0.008381043560802937,0.04260602220892906,,,1.0,spike
1660,30,scenario3_repeated_spike,D3QN,150,130.16246369417445,1,0.15733180497969979,0.24586544398375987,0.5,0.5,-0.20159862448172983,,0.002472657710313797,0.027994945645332336,,,1.0,spike
1661,30,scenario3_repeated_spike,D3QN,150,130.146217324757,1,0.15732589720900256,0.24586071776720209,0.5,0.5,-0.20159330748810234,,0.003194988239556551,0.030724026262760162,,,1.0,spike
1662,30,scenario3_repeated_spike,D3QN,150,130.13159559228131,1,0.15732058021537504,0.24585646417230006,0.5,0.5,-0.20158852219383755,,0.008751289919018745,0.05935438722372055,,,1.0,spike
1663,30,scenario3_repeated_spike,D3QN,150,130.11843603305317,1,0.15731579492111025,0.24585263593688822,0.5,0.5,-0.20158421542899924,,0.009995209984481335,0.028000056743621826,,,1.0,spike
1664,30,scenario3_repeated_spike,D3QN,150,130.10659242974788,1,0.15731148815627197,0.24584919052501758,0.5,0.5,-0.2015803393406448,,0.006218794733285904,0.04875234514474869,,,1.0,spike
1665,30,scenario3_repeated_spike,D3QN,150,130.0959331867731,1,0.1573076120679175,0.24584608965433402,0.5,0.5,-0.20157685086112576,,0.007827965542674065,0.04400912672281265,,,1.0,spike
1666,30,scenario3_repeated_spike,D3QN,150,130.0863398680958,1,0.15730412358839846,0.24584329887071876,0.5,0.5,-0.2015737112295586,,0.0123599236831069,0.04244382679462433,,,1.0,spike
1667,30,scenario3_repeated_spike,D3QN,150,130.07770588128622,1,0.15730098395683137,0.2458407871654651,0.5,0.5,-0.20157088556114822,,0.0024493937380611897,0.02985086292028427,,,1.0,spike
1668,30,scenario3_repeated_spike,D3QN,150,130.06993529315758,1,0.15729815828842095,0.2458385266307368,0.5,0.5,-0.2015683424595789,,0.0027170898392796516,0.029475869610905647,,,1.0,spike
1669,30,scenario3_repeated_spike,D3QN,150,130.06294176384182,1,0.1572956151868516,0.24583649214948128,0.5,0.5,-0.20156605366816643,,0.0011277231387794018,0.02060757391154766,,,1.0,spike
1670,30,scenario3_repeated_spike,D3QN,150,130.05664758745763,1,0.15729332639543914,0.24583466111635133,0.5,0.5,-0.20156399375589523,,0.003113296814262867,0.03400379419326782,,,1.0,spike
1671,30,scenario3_repeated_spike,D3QN,150,130.05098282871188,1,0.15729126648316796,0.2458330131865344,0.5,0.5,-0.20156213983485116,,0.01806076429784298,0.07072314620018005,,,1.0,spike
1672,30,scenario3_repeated_spike,D3QN,150,130.0458845458407,1,0.1572894125621239,0.24583153004969915,0.5,0.5,-0.20156047130591154,,0.008642120286822319,0.046697840094566345,,,1.0,spike
1673,30,scenario3_repeated_spike,D3QN,150,130.04129609125664,1,0.15728774403318424,0.24583019522654742,0.5,0.5,-0.20155896962986583,,0.003407328389585018,0.034257225692272186,,,1.0,spike
1674,30,scenario3_repeated_spike,D3QN,150,130.037166482131,1,0.15728624235713856,0.2458289938857109,0.5,0.5,-0.20155761812142473,,0.008581371046602726,0.04996257275342941,,,1.0,spike
1675,30,scenario3_repeated_spike,D3QN,150,130.0334498339179,1,0.15728489084869743,0.24582791267895798,0.5,0.5,-0.20155640176382772,,0.0015725690172985196,0.025217583402991295,,,1.0,spike
1676,30,scenario3_repeated_spike,D3QN,150,130.03010485052613,1,0.15728367449110042,0.24582693959288038,0.5,0.5,-0.2015553070419904,,0.0032706100028008223,0.031544823199510574,,,1.0,spike
1677,30,scenario3_repeated_spike,D3QN,150,130.02709436547352,1,0.1572825797692631,0.2458260638154105,0.5,0.5,-0.2015543217923368,,0.010568283498287201,0.05852358415722847,,,1.0,spike
1678,30,scenario3_repeated_spike,D3QN,150,130.02438492892617,1,0.15728159451960952,0.24582527561568762,0.5,0.5,-0.20155343506764856,,0.003549003740772605,0.03343595564365387,,,1.0,spike
1679,30,scenario3_repeated_spike,D3QN,150,130.02194643603355,1,0.1572807077949213,0.24582456623593707,0.5,0.5,-0.2015526370154292,,0.0048789228312671185,0.03798471391201019,,,1.0,spike
1680,30,scenario3_repeated_spike,D3QN,150,130.0197517924302,1,0.1572799097427019,0.2458239277941615,0.5,0.5,-0.2015519187684317,,0.0050737289711833,0.038829606026411057,,,1.0,spike
1681,30,scenario3_repeated_spike,D3QN,150,130.0177766131872,1,0.15727919149570443,0.24582335319656357,0.5,0.5,-0.20155127234613401,,0.0020381715148687363,0.025578198954463005,,,1.0,spike
1682,30,scenario3_repeated_spike,D3QN,150,130.01599895186848,1,0.15727854507340674,0.2458228360587254,0.5,0.5,-0.20155069056606606,,0.018134064972400665,0.05812397599220276,,,1.0,spike
1683,30,scenario3_repeated_spike,D3QN,150,130.01439905668164,1,0.15727796329333876,0.24582237063467105,0.5,0.5,-0.2015501669640049,,0.006396133452653885,0.04410195350646973,,,1.0,spike
1684,30,scenario3_repeated_spike,D3QN,150,130.0129591510135,1,0.15727743969127764,0.24582195175302213,0.5,0.5,-0.20154969572214987,,0.002540589775890112,0.03229164332151413,,,1.0,spike
1685,30,scenario3_repeated_spike,D3QN,150,130.01166323591212,1,0.1572769684494226,0.2458215747595381,0.5,0.5,-0.20154927160448033,,0.005218073725700378,0.03280055522918701,,,1.0,spike
1686,30,scenario3_repeated_spike,D3QN,150,130.01049691232092,1,0.15727654433175306,0.24582123546540247,0.5,0.5,-0.20154888989857778,,0.011889792047441006,0.05767901986837387,,,1.0,spike
1687,30,scenario3_repeated_spike,D3QN,150,130.00944722108883,1,0.15727616262585048,0.2458209301006804,0.5,0.5,-0.20154854636326544,,0.0020480873063206673,0.02099398337304592,,,1.0,spike
1688,30,scenario3_repeated_spike,D3QN,150,130.00850249897996,1,0.15727581909053817,0.24582065527243058,0.5,0.5,-0.20154823718148437,,0.00947197712957859,0.05227191001176834,,,1.0,spike
1689,30,scenario3_repeated_spike,D3QN,150,130.00765224908196,1,0.15727550990875708,0.24582040792700566,0.5,0.5,-0.20154795891788135,,0.006397785618901253,0.038388147950172424,,,1.0,spike
1690,30,scenario3_repeated_spike,D3QN,150,130.00688702417375,1,0.15727523164515408,0.24582018531612326,0.5,0.5,-0.2015477084806387,,0.0061507439240813255,0.048447996377944946,,,1.0,spike
1691,30,scenario3_repeated_spike,D3QN,150,130.00619832175636,1,0.1572749812079114,0.24581998496632912,0.5,0.5,-0.20154748308712025,,0.002803513314574957,0.028897158801555634,,,1.0,spike
1692,30,scenario3_repeated_spike,D3QN,150,130.00557848958073,1,0.157274755814393,0.24581980465151443,0.5,0.5,-0.2015472802329537,,0.009390448220074177,0.0376957505941391,,,1.0,spike
1693,30,scenario3_repeated_spike,D3QN,150,130.00502064062266,1,0.1572745529602264,0.24581964236818116,0.5,0.5,-0.20154709766420378,,0.003348805708810687,0.03549131751060486,,,1.0,spike
1694,30,scenario3_repeated_spike,D3QN,150,130.0045185765604,1,0.15727437039147651,0.24581949631318123,0.5,0.5,-0.20154693335232887,,0.005295045208185911,0.04278168827295303,,,1.0,spike
1695,30,scenario3_repeated_spike,D3QN,150,130.00406671890437,1,0.1572742060796016,0.24581936486368128,0.5,0.5,-0.20154678547164145,,0.012824943289160728,0.06647538393735886,,,1.0,spike
1696,30,scenario3_repeated_spike,D3QN,150,130.00366004701394,1,0.15727405819891416,0.24581924655913134,0.5,0.5,-0.20154665237902275,,0.002770194550976157,0.03288779780268669,,,1.0,spike
1697,30,scenario3_repeated_spike,D3QN,150,130.00329404231255,1,0.15727392510629548,0.24581914008503641,0.5,0.5,-0.20154653259566596,,0.003630097722634673,0.03688078373670578,,,1.0,spike
1698,30,scenario3_repeated_spike,D3QN,150,130.0029646380813,1,0.15727380532293864,0.24581904425835094,0.5,0.5,-0.20154642479064477,,0.007925808429718018,0.05135810375213623,,,1.0,spike
1699,30,scenario3_repeated_spike,D3QN,150,130.00266817427317,1,0.15727369751791753,0.24581895801433407,0.5,0.5,-0.2015463277661258,,0.0020434593316167593,0.024177376180887222,,,1.0,spike
1700,30,scenario3_repeated_spike,D3QN,150,130.00240135684584,1,0.1572736004933985,0.24581888039471883,0.5,0.5,-0.20154624044405867,,0.010708510875701904,0.09710253775119781,,,1.0,spike
1701,30,scenario3_repeated_spike,D3QN,150,130.00216122116126,1,0.15727351317133137,0.2458188105370651,0.5,0.5,-0.20154616185419824,,0.014628429897129536,0.10839320719242096,,,1.0,spike
1702,30,scenario3_repeated_spike,D3QN,150,130.00194509904514,1,0.15727343458147097,0.2458187476651768,0.5,0.5,-0.2015460911233239,,0.008146843872964382,0.08637312054634094,,,1.0,spike
1703,30,scenario3_repeated_spike,D3QN,150,130.0017505891406,1,0.1572733638505966,0.24581869108047727,0.5,0.5,-0.20154602746553693,,0.007647272665053606,0.08330301940441132,,,1.0,spike
1704,30,scenario3_repeated_spike,D3QN,150,130.00157553022655,1,0.15727330019280966,0.24581864015424776,0.5,0.5,-0.2015459701735287,,0.04312153160572052,0.1224450096487999,,,1.0,spike
1705,30,scenario3_repeated_spike,D3QN,150,130.00141797720391,1,0.15727324290080144,0.24581859432064118,0.5,0.5,-0.2015459186107213,,0.007715993095189333,0.0775398313999176,,,1.0,spike
1706,30,scenario3_repeated_spike,D3QN,150,130.0012761794835,1,0.15727319133799403,0.24581855307039524,0.5,0.5,-0.20154587220419462,,0.012813813984394073,0.08934500813484192,,,1.0,spike
1707,30,scenario3_repeated_spike,D3QN,150,130.00114856153516,1,0.15727314493146732,0.2458185159451739,0.5,0.5,-0.2015458304383206,,0.012845708057284355,0.10079734772443771,,,1.0,spike
1708,30,scenario3_repeated_spike,D3QN,150,130.00103370538164,1,0.15727310316559334,0.24581848253247468,0.5,0.5,-0.201545792849034,,0.01550933439284563,0.09574070572853088,,,1.0,spike
1709,30,scenario3_repeated_spike,D3QN,150,130.00093033484347,1,0.15727306557630674,0.2458184524610454,0.5,0.5,-0.20154575901867605,,0.02322380803525448,0.09364163875579834,,,1.0,spike
1710,30,scenario3_repeated_spike,D3QN,150,130.00083730135913,1,0.15727303174594875,0.24581842539675902,0.5,0.5,-0.2015457285713539,,0.009779944084584713,0.08215852826833725,,,1.0,spike
1711,30,scenario3_repeated_spike,D3QN,150,130.0007535712232,1,0.15727300129862662,0.2458184010389013,0.5,0.5,-0.20154570116876397,,0.0036762580275535583,0.05355030298233032,,,1.0,spike
1712,30,scenario3_repeated_spike,D3QN,150,130.0006782141009,1,0.1572729738960367,0.24581837911682936,0.5,0.5,-0.201545676506433,,0.00793306715786457,0.0739370658993721,,,1.0,spike
1713,30,scenario3_repeated_spike,D3QN,150,130.00061039269082,1,0.15727294923370574,0.2458183593869646,0.5,0.5,-0.20154565431033516,,0.007534555159509182,0.06862622499465942,,,1.0,spike
1714,30,scenario3_repeated_spike,D3QN,150,130.00054935342172,1,0.1572729270376079,0.2458183416300863,0.5,0.5,-0.2015456343338471,,0.01104920543730259,0.070937380194664,,,1.0,spike
1715,30,scenario3_repeated_spike,D3QN,150,130.00049441807954,1,0.15727290706111982,0.24581832564889589,0.5,0.5,-0.20154561635500784,,0.00959955807775259,0.06487798690795898,,,1.0,spike
1716,30,scenario3_repeated_spike,D3QN,150,136.00044497627158,0,0.16500027811016976,0.5640004449762717,0.5,0.5,-0.36450036154322074,,0.00765202846378088,0.05920065939426422,,,1.0,spike
1717,30,scenario3_repeated_spike,D3QN,150,135.40040047864443,1,0.15923650926496163,0.24738920741196935,0.5,0.5,-0.2033128583384655,,0.0032728519290685654,0.042288847267627716,,,1.0,spike
1718,30,scenario3_repeated_spike,D3QN,150,134.86036043078,1,0.15904013106573817,0.24723210485259056,0.5,0.5,-0.20313611795916436,,0.006995314732193947,0.049468033015728,,,1.0,spike
1719,30,scenario3_repeated_spike,D3QN,150,134.374324387702,1,0.1588633906864371,0.24709071254914972,0.5,0.5,-0.2029770516177934,,0.012572544626891613,0.07712537050247192,,,1.0,spike
1720,30,scenario3_repeated_spike,D3QN,150,133.9368919489318,1,0.15870432434506612,0.24696345947605292,0.5,0.5,-0.2028338919105595,,0.005818898323923349,0.05417845398187637,,,1.0,spike
1721,30,scenario3_repeated_spike,D3QN,150,133.54320275403862,1,0.15856116463783224,0.24684893171026578,0.5,0.5,-0.202705048174049,,0.007184202782809734,0.0499417670071125,,,1.0,spike
1722,30,scenario3_repeated_spike,D3QN,150,133.18888247863475,1,0.15843232090132173,0.24674585672105742,0.5,0.5,-0.2025890888111896,,0.007085565477609634,0.048720672726631165,,,1.0,spike
1723,30,scenario3_repeated_spike,D3QN,150,132.86999423077128,1,0.1583163615384623,0.24665308923076984,0.5,0.5,-0.20248472538461607,,0.005029910709708929,0.040972694754600525,,,1.0,spike
1724,30,scenario3_repeated_spike,D3QN,150,132.58299480769415,1,0.15821199811188877,0.24656959848951104,0.5,0.5,-0.2023907983006999,,0.009916471317410469,0.05576712638139725,,,1.0,spike
1725,30,scenario3_repeated_spike,D3QN,150,132.32469532692474,1,0.15811807102797265,0.24649445682237814,0.5,0.5,-0.2023062639251754,,0.0062876855954527855,0.048574529588222504,,,1.0,spike
1726,30,scenario3_repeated_spike,D3QN,150,132.09222579423226,1,0.1580335366524481,0.24642682932195847,0.5,0.5,-0.2022301829872033,,0.018101317808032036,0.055834390223026276,,,1.0,spike
1727,30,scenario3_repeated_spike,D3QN,150,131.88300321480904,1,0.157957455714476,0.24636596457158083,0.5,0.5,-0.20216171014302842,,0.014165639877319336,0.05735462158918381,,,1.0,spike
1728,30,scenario3_repeated_spike,D3QN,150,131.69470289332816,1,0.15788898287030115,0.24631118629624094,0.5,0.5,-0.20210008458327106,,0.008703327737748623,0.05346258729696274,,,1.0,spike
1729,30,scenario3_repeated_spike,D3QN,150,131.52523260399533,1,0.15782735731054376,0.246261885848435,0.5,0.5,-0.20204462157948938,,0.003823688719421625,0.040262527763843536,,,1.0,spike
1730,30,scenario3_repeated_spike,D3QN,150,131.3727093435958,1,0.1577718943067621,0.2462175154454097,0.5,0.5,-0.2019947048760859,,0.004935369361191988,0.03798331320285797,,,1.0,spike
1731,30,scenario3_repeated_spike,D3QN,150,131.23543840923622,1,0.15772197760335865,0.24617758208268692,0.5,0.5,-0.2019497798430228,,0.0061366138979792595,0.04158321022987366,,,1.0,spike
1732,30,scenario3_repeated_spike,D3QN,150,131.1118945683126,1,0.1576770525702955,0.2461416420562364,0.5,0.5,-0.20190934731326593,,0.004018095321953297,0.0323825366795063,,,1.0,spike
1733,30,scenario3_repeated_spike,D3QN,150,131.00070511148135,1,0.15763662004053866,0.24610929603243092,0.5,0.5,-0.2018729580364848,,0.00584442401304841,0.047087401151657104,,,1.0,spike
1734,30,scenario3_repeated_spike,D3QN,150,130.9006346003332,1,0.15760023076375754,0.24608018461100606,0.5,0.5,-0.2018402076873818,,0.008990769274532795,0.056872881948947906,,,1.0,spike
1735,30,scenario3_repeated_spike,D3QN,150,130.81057114029988,1,0.1575674804146545,0.2460539843317236,0.5,0.5,-0.20181073237318903,,0.007764705456793308,0.05207014083862305,,,1.0,spike
1736,30,scenario3_repeated_spike,D3QN,150,130.7295140262699,1,0.1575380051004618,0.24603040408036947,0.5,0.5,-0.20178420459041563,,0.0021390921901911497,0.030693434178829193,,,1.0,spike
1737,30,scenario3_repeated_spike,D3QN,150,130.6565626236429,1,0.15751147731768833,0.24600918185415066,0.5,0.5,-0.2017603295859195,,0.006109314039349556,0.046272289007902145,,,1.0,spike
1738,30,scenario3_repeated_spike,D3QN,150,130.59090636127863,1,0.15748760231319225,0.24599008185055382,0.5,0.5,-0.20173884208187304,,0.012877698056399822,0.045723702758550644,,,1.0,spike
1739,30,scenario3_repeated_spike,D3QN,150,130.53181572515075,1,0.15746611480914574,0.24597289184731663,0.5,0.5,-0.2017195033282312,,0.0033574195113033056,0.03613460808992386,,,1.0,spike
1740,30,scenario3_repeated_spike,D3QN,150,130.47863415263566,1,0.1574467760555039,0.24595742084440314,0.5,0.5,-0.20170209844995352,,0.04107578471302986,0.0896705761551857,,,1.0,spike
1741,30,scenario3_repeated_spike,D3QN,150,130.4307707373721,1,0.15742937117722622,0.24594349694178097,0.5,0.5,-0.2016864340595036,,0.002684610662981868,0.035273343324661255,,,1.0,spike
1742,30,scenario3_repeated_spike,D3QN,150,130.38769366363488,1,0.15741370678677633,0.24593096542942106,0.5,0.5,-0.2016723361080987,,0.0046292757615447044,0.03513358160853386,,,1.0,spike
1743,30,scenario3_repeated_spike,D3QN,150,130.3489242972714,1,0.15739960883537144,0.24591968706829714,0.5,0.5,-0.20165964795183428,,0.004983433987945318,0.04843940585851669,,,1.0,spike
1744,30,scenario3_repeated_spike,D3QN,150,130.31403186754426,1,0.157386920679107,0.24590953654328562,0.5,0.5,-0.2016482286111963,,0.0017468517180532217,0.02986619807779789,,,1.0,spike
1745,30,scenario3_repeated_spike,D3QN,150,130.28262868078986,1,0.15737550133846903,0.24590040107077527,0.5,0.5,-0.20163795120462213,,0.005298322532325983,0.03977399691939354,,,1.0,spike
1746,30,scenario3_repeated_spike,D3QN,150,130.2543658127109,1,0.15736522393189487,0.24589217914551592,0.5,0.5,-0.20162870153870538,,0.01636228896677494,0.08163349330425262,,,1.0,spike
1747,30,scenario3_repeated_spike,D3QN,150,130.2289292314398,1,0.1573559742659781,0.24588477941278253,0.5,0.5,-0.20162037683938033,,0.010337568819522858,0.06027588993310928,,,1.0,spike
1748,30,scenario3_repeated_spike,D3QN,150,130.20603630829584,1,0.157347649566653,0.2458781196533224,0.5,0.5,-0.20161288460998772,,0.006015524733811617,0.04786650091409683,,,1.0,spike
1749,30,scenario3_repeated_spike,D3QN,150,130.18543267746625,1,0.15734015733726048,0.2458721258698084,0.5,0.5,-0.20160614160353443,,0.00815427117049694,0.05562230572104454,,,1.0,spike
1750,30,scenario3_repeated_spike,D3QN,150,130.16688940971963,1,0.15733341433080714,0.24586673146464572,0.5,0.5,-0.2016000728977264,,0.006473182234913111,0.0396629199385643,,,1.0,spike
1751,30,scenario3_repeated_spike,D3QN,150,130.15020046874767,1,0.15732734562499914,0.24586187649999935,0.5,0.5,-0.20159461106249926,,0.017347048968076706,0.06353901326656342,,,1.0,spike
1752,30,scenario3_repeated_spike,D3QN,150,130.13518042187292,1,0.15732188378977197,0.24585750703181758,0.5,0.5,-0.20158969541079477,,0.01661430299282074,0.07576043903827667,,,1.0,spike
1753,30,scenario3_repeated_spike,D3QN,150,130.12166237968563,1,0.1573169681380675,0.24585357451045403,0.5,0.5,-0.20158527132426077,,0.014982442371547222,0.061776936054229736,,,1.0,spike
1754,30,scenario3_repeated_spike,D3QN,150,130.10949614171707,1,0.15731254405153347,0.24585003524122678,0.5,0.5,-0.2015812896463801,,0.00217250338755548,0.03234674781560898,,,1.0,spike
1755,30,scenario3_repeated_spike,D3QN,150,130.09854652754535,1,0.15730856237365287,0.2458468498989223,0.5,0.5,-0.2015777061362876,,0.00803992711007595,0.05364861339330673,,,1.0,spike
1756,30,scenario3_repeated_spike,D3QN,150,130.0886918747908,1,0.1573049788635603,0.24584398309084826,0.5,0.5,-0.20157448097720426,,0.0032942891120910645,0.027707645669579506,,,1.0,spike
1757,30,scenario3_repeated_spike,D3QN,150,130.07982268731172,1,0.157301753704477,0.2458414029635816,0.5,0.5,-0.20157157833402928,,0.013377822004258633,0.06960693001747131,,,1.0,spike
1758,30,scenario3_repeated_spike,D3QN,150,130.07184041858056,1,0.15729885106130204,0.24583908084904166,0.5,0.5,-0.20156896595517185,,0.012075410224497318,0.06773251295089722,,,1.0,spike
1759,30,scenario3_repeated_spike,D3QN,150,130.0646563767225,1,0.15729623868244455,0.24583699094595568,0.5,0.5,-0.20156661481420013,,0.03328186646103859,0.06599787622690201,,,1.0,spike
1760,30,scenario3_repeated_spike,D3QN,150,130.05819073905025,1,0.15729388754147283,0.24583511003317826,0.5,0.5,-0.20156449878732555,,0.015534794889390469,0.057003192603588104,,,1.0,spike
1761,30,scenario3_repeated_spike,D3QN,150,130.05237166514524,1,0.15729177151459825,0.24583341721167862,0.5,0.5,-0.20156259436313845,,0.007060311734676361,0.04799555242061615,,,1.0,spike
1762,30,scenario3_repeated_spike,D3QN,150,130.04713449863073,1,0.15728986709041118,0.24583189367232894,0.5,0.5,-0.20156088038137004,,0.012574078515172005,0.040094658732414246,,,1.0,spike
1763,30,scenario3_repeated_spike,D3QN,150,130.04242104876766,1,0.15728815310864278,0.24583052248691423,0.5,0.5,-0.20155933779777852,,0.004751038271933794,0.042644254863262177,,,1.0,spike
1764,30,scenario3_repeated_spike,D3QN,150,130.0381789438909,1,0.15728661052505125,0.24582928842004104,0.5,0.5,-0.20155794947254613,,0.016342269256711006,0.07006951421499252,,,1.0,spike
1765,30,scenario3_repeated_spike,D3QN,150,130.0343610495018,1,0.15728522219981883,0.2458281777598551,0.5,0.5,-0.20155669997983697,,0.004555798135697842,0.03831380978226662,,,1.0,spike
1766,30,scenario3_repeated_spike,D3QN,150,130.0309249445516,1,0.15728397270710967,0.24582717816568778,0.5,0.5,-0.20155557543639874,,0.0035481350496411324,0.03426139056682587,,,1.0,spike
1767,30,scenario3_repeated_spike,D3QN,150,130.02783245009644,1,0.15728284816367144,0.2458262785309372,0.5,0.5,-0.20155456334730432,,0.00514433067291975,0.04370216280221939,,,1.0,spike
1768,30,scenario3_repeated_spike,D3QN,150,130.02504920508682,1,0.15728183607457702,0.2458254688596616,0.5,0.5,-0.20155365246711932,,0.009035902097821236,0.045105598866939545,,,1.0,spike
1769,30,scenario3_repeated_spike,D3QN,150,130.02254428457815,1,0.15728092519439205,0.24582474015551364,0.5,0.5,-0.20155283267495283,,0.0010282290168106556,0.01709810458123684,,,1.0,spike
1770,30,scenario3_repeated_spike,D3QN,150,130.0202898561203,1,0.15728010540222556,0.2458240843217805,0.5,0.5,-0.20155209486200304,,0.005951153114438057,0.04452921822667122,,,1.0,spike
1771,30,scenario3_repeated_spike,D3QN,150,130.0182608705083,1,0.15727936758927574,0.24582349407142062,0.5,0.5,-0.20155143083034818,,0.004325175657868385,0.03802664577960968,,,1.0,spike
1772,30,scenario3_repeated_spike,D3QN,150,130.01643478345747,1,0.15727870355762089,0.24582296284609673,0.5,0.5,-0.2015508332018588,,0.002628452843055129,0.02805868349969387,,,1.0,spike
1773,30,scenario3_repeated_spike,D3QN,150,136.01479130511171,0,0.16500924456569485,0.5640147913051118,0.5,0.5,-0.36451201793540333,,0.011737946420907974,0.05845946818590164,,,1.0,spike
1774,30,scenario3_repeated_spike,D3QN,150,135.41331217460055,1,0.1592412044271275,0.24739296354170204,0.5,0.5,-0.20331708398441478,,0.022297000512480736,0.08502890914678574,,,1.0,spike
1775,30,scenario3_repeated_spike,D3QN,150,134.8719809571405,1,0.15904435671168746,0.24723548536934997,0.5,0.5,-0.2031399210405187,,0.01932181417942047,0.08227971196174622,,,1.0,spike
1776,30,scenario3_repeated_spike,D3QN,150,134.38478286142646,1,0.15886719376779143,0.24709375501423314,0.5,0.5,-0.2029804743910123,,0.003616750705987215,0.03774423152208328,,,1.0,spike
1777,30,scenario3_repeated_spike,D3QN,150,133.94630457528382,1,0.15870774711828503,0.24696619769462802,0.5,0.5,-0.20283697240645654,,0.010836358182132244,0.06172572821378708,,,1.0,spike
1778,30,scenario3_repeated_spike,D3QN,150,133.55167411775545,1,0.15856424513372924,0.24685139610698342,0.5,0.5,-0.20270782062035633,,0.022051723673939705,0.0901789665222168,,,1.0,spike
1779,30,scenario3_repeated_spike,D3QN,150,133.1965067059799,1,0.15843509334762906,0.24674807467810328,0.5,0.5,-0.20259158401286617,,0.012687303125858307,0.07296308875083923,,,1.0,spike
1780,30,scenario3_repeated_spike,D3QN,150,132.87685603538193,1,0.1583188567401389,0.24665508539211112,0.5,0.5,-0.202486971066125,,0.003612272907048464,0.037301287055015564,,,1.0,spike
1781,30,scenario3_repeated_spike,D3QN,150,132.58917043184374,1,0.15821424379339774,0.2465713950347182,0.5,0.5,-0.20239281941405796,,0.012075209990143776,0.07462580502033234,,,1.0,spike
1782,30,scenario3_repeated_spike,D3QN,150,132.33025338865937,1,0.1581200921413307,0.2464960737130646,0.5,0.5,-0.20230808292719765,,0.015280766412615776,0.07965743541717529,,,1.0,spike
1783,30,scenario3_repeated_spike,D3QN,150,132.09722804979344,1,0.15803535565447036,0.2464282845235763,0.5,0.5,-0.20223182008902332,,0.012650173157453537,0.07491280883550644,,,1.0,spike
1784,30,scenario3_repeated_spike,D3QN,150,131.88750524481412,1,0.15795909281629605,0.24636727425303684,0.5,0.5,-0.20216318353466645,,0.022762125357985497,0.04166817292571068,,,1.0,spike
1785,30,scenario3_repeated_spike,D3QN,150,131.69875472033272,1,0.15789045626193918,0.24631236500955134,0.5,0.5,-0.20210141063574527,,0.004906696267426014,0.02837163396179676,,,1.0,spike
1786,30,scenario3_repeated_spike,D3QN,150,131.52887924829946,1,0.157828683363018,0.24626294669041443,0.5,0.5,-0.2020458150267162,,0.00777936028316617,0.04968647658824921,,,1.0,spike
1787,30,scenario3_repeated_spike,D3QN,150,131.37599132346952,1,0.1577730877539889,0.24621847020319115,0.5,0.5,-0.20199577897859003,,0.00024244743690360337,0.011911103501915932,,,1.0,spike
1788,30,scenario3_repeated_spike,D3QN,150,131.23839219112256,1,0.15772305170586276,0.24617844136469025,0.5,0.5,-0.2019507465352765,,0.004056115169078112,0.04113414138555527,,,1.0,spike
1789,30,scenario3_repeated_spike,D3QN,150,131.1145529720103,1,0.1576780192625492,0.2461424154100394,0.5,0.5,-0.2019102173362943,,0.002833341481164098,0.03517848625779152,,,1.0,spike
1790,30,scenario3_repeated_spike,D3QN,150,131.00309767480928,1,0.157637490063567,0.2461099920508536,0.5,0.5,-0.2018737410572103,,0.0011775419116020203,0.02203476056456566,,,1.0,spike
1791,30,scenario3_repeated_spike,D3QN,150,130.90278790732836,1,0.15760101378448305,0.24608081102758644,0.5,0.5,-0.20184091240603474,,0.005187966860830784,0.036397598683834076,,,1.0,spike
1792,30,scenario3_repeated_spike,D3QN,150,130.81250911659552,1,0.15756818513330748,0.246054548106646,0.5,0.5,-0.20181136661997673,,0.0016531252767890692,0.025330303236842155,,,1.0,spike
1793,30,scenario3_repeated_spike,D3QN,150,130.73125820493595,1,0.15753863934724943,0.24603091147779954,0.5,0.5,-0.2017847754125245,,0.0006594126462005079,0.013891845941543579,,,1.0,spike
1794,30,scenario3_repeated_spike,D3QN,150,130.65813238444235,1,0.15751204813979722,0.24600963851183777,0.5,0.5,-0.2017608433258175,,0.0043343957513570786,0.038968559354543686,,,1.0,spike
1795,30,scenario3_repeated_spike,D3QN,150,130.59231914599812,1,0.15748811605309024,0.2459904928424722,0.5,0.5,-0.2017393044477812,,0.004291416611522436,0.036252446472644806,,,1.0,spike
1796,30,scenario3_repeated_spike,D3QN,150,130.53308723139833,1,0.15746657717505394,0.2459732617400432,0.5,0.5,-0.20171991945754858,,0.0009501352324150503,0.016772683709859848,,,1.0,spike
1797,30,scenario3_repeated_spike,D3QN,150,130.4797785082585,1,0.15744719218482128,0.24595775374785706,0.5,0.5,-0.20170247296633917,,0.0038653197698295116,0.03887051343917847,,,1.0,spike
1798,30,scenario3_repeated_spike,D3QN,150,130.43180065743266,1,0.15742974569361187,0.24594379655488952,0.5,0.5,-0.2016867711242507,,0.00510685658082366,0.0436520092189312,,,1.0,spike
1799,30,scenario3_repeated_spike,D3QN,150,130.3886205916894,1,0.15741404385152344,0.24593123508121878,0.5,0.5,-0.2016726394663711,,0.024603737518191338,0.045662589371204376,,,1.0,spike
1800,30,scenario3_repeated_spike,D3QN,50,112.34975853252047,1,0.13085445764818926,0.1446835661185514,0.5,0.5,-0.13776901188337032,,0.011377165094017982,0.10113315284252167,,,1.0,normal
1801,30,scenario3_repeated_spike,D3QN,50,96.11478267926843,1,0.12495083006518852,0.13996066405215082,0.5,0.5,-0.13245574705866967,,0.01735711842775345,0.11656177788972855,,,1.0,normal
1802,30,scenario3_repeated_spike,D3QN,50,81.50330441134159,1,0.11963756524048785,0.1357100521923903,0.5,0.5,-0.12767380871643907,,0.03586585819721222,0.12923820316791534,,,1.0,normal
1803,30,scenario3_repeated_spike,D3QN,50,68.35297397020743,1,0.11485562689825725,0.1318845015186058,0.5,0.5,-0.12337006420843152,,0.005267535336315632,0.06722128391265869,,,1.0,normal
1804,30,scenario3_repeated_spike,D3QN,50,56.51767657318669,1,0.11055188239024971,0.12844150591219977,0.5,0.5,-0.11949669415122474,,0.02578534558415413,0.12951213121414185,,,1.0,normal
1805,30,scenario3_repeated_spike,D3QN,50,45.865908915868026,1,0.10667851233304293,0.12534280986643434,0.5,0.5,-0.11601066109973864,,0.020529787987470627,0.11711614578962326,,,1.0,normal
1806,30,scenario3_repeated_spike,D3QN,50,36.279318024281224,1,0.10319247928155681,0.12255398342524546,0.5,0.5,-0.11287323135340113,,0.049688421189785004,0.12909282743930817,,,1.0,normal
1807,30,scenario3_repeated_spike,D3QN,50,27.6513862218531,1,0.10005504953521932,0.12004403962817548,0.5,0.5,-0.1100495445816974,,0.00939639750868082,0.06907857954502106,,,1.0,normal
1808,30,scenario3_repeated_spike,D3QN,50,19.886247599667797,1,0.09723136276351557,0.11778509021081246,0.5,0.5,-0.10750822648716402,,0.01640479639172554,0.1035381630063057,,,1.0,normal
1809,30,scenario3_repeated_spike,D3QN,50,12.897622839701018,1,0.0946900446689822,0.11575203573518578,0.5,0.5,-0.10522104020208399,,0.04003312438726425,0.1454690396785736,,,1.0,normal
1810,30,scenario3_repeated_spike,D3QN,50,6.607860555730916,1,0.09240285838390216,0.11392228670712173,0.5,0.5,-0.10316257254551195,,0.027262315154075623,0.10690028965473175,,,1.0,normal
1811,30,scenario3_repeated_spike,D3QN,50,0.9470745001578251,1,0.09034439072733012,0.1122755125818641,0.5,0.5,-0.10130995165459711,,0.016089588403701782,0.08875876665115356,,,1.0,normal
1812,30,scenario3_repeated_spike,D3QN,50,0.0,1,0.09,0.11199999999999999,0.5,0.5,-0.10099999999999999,,0.010224311612546444,0.04315697401762009,,,1.0,normal
1813,30,scenario3_repeated_spike,D3QN,50,0.0,1,0.09,0.11199999999999999,0.5,0.5,-0.10099999999999999,,0.003013167530298233,0.03568591549992561,,,1.0,normal
1814,30,scenario3_repeated_spike,D3QN,50,0.0,1,0.09,0.11199999999999999,0.5,0.5,-0.10099999999999999,,0.00573906023055315,0.0319828987121582,,,1.0,normal
1815,30,scenario3_repeated_spike,D3QN,50,0.0,1,0.09,0.11199999999999999,0.5,0.5,-0.10099999999999999,,0.002590770134702325,0.03128150478005409,,,1.0,normal
1816,30,scenario3_repeated_spike,D3QN,50,0.0,1,0.09,0.11199999999999999,0.5,0.5,-0.10099999999999999,,0.0054888236336410046,0.03855358064174652,,,1.0,normal
1817,30,scenario3_repeated_spike,D3QN,50,0.0,1,0.09,0.11199999999999999,0.5,0.5,-0.10099999999999999,,0.0074042887426912785,0.03891497105360031,,,1.0,normal
1818,30,scenario3_repeated_spike,D3QN,50,0.0,1,0.09,0.11199999999999999,0.5,0.5,-0.10099999999999999,,0.02464449591934681,0.09421978890895844,,,1.0,normal
1819,30,scenario3_repeated_spike,D3QN,50,0.0,1,0.09,0.11199999999999999,0.5,0.5,-0.10099999999999999,,0.017487607896327972,0.07504531741142273,,,1.0,normal
1820,30,scenario3_repeated_spike,D3QN,50,0.0,1,0.09,0.11199999999999999,0.5,0.5,-0.10099999999999999,,0.01838579773902893,0.09107203781604767,,,1.0,normal
1821,30,scenario3_repeated_spike,D3QN,50,0.0,1,0.09,0.11199999999999999,0.5,0.5,-0.10099999999999999,,0.004128016997128725,0.033426638692617416,,,1.0,normal
1822,30,scenario3_repeated_spike,D3QN,50,0.0,1,0.09,0.11199999999999999,0.5,0.5,-0.10099999999999999,,0.021442722529172897,0.10309793055057526,,,1.0,normal
1823,30,scenario3_repeated_spike,D3QN,50,0.0,1,0.09,0.11199999999999999,0.5,0.5,-0.10099999999999999,,0.04017320275306702,0.1321144700050354,,,1.0,normal
1824,30,scenario3_repeated_spike,D3QN,50,0.0,1,0.09,0.11199999999999999,0.5,0.5,-0.10099999999999999,,0.04484613984823227,0.15057209134101868,,,1.0,normal
1825,30,scenario3_repeated_spike,D3QN,50,0.0,1,0.09,0.11199999999999999,0.5,0.5,-0.10099999999999999,,0.01065046526491642,0.06511272490024567,,,1.0,normal
1826,30,scenario3_repeated_spike,D3QN,50,0.0,1,0.09,0.11199999999999999,0.5,0.5,-0.10099999999999999,,0.013073711656033993,0.046595025807619095,,,1.0,normal
1827,30,scenario3_repeated_spike,D3QN,50,0.0,1,0.09,0.11199999999999999,0.5,0.5,-0.10099999999999999,,0.040265634655952454,0.1255105435848236,,,1.0,normal
1828,30,scenario3_repeated_spike,D3QN,50,0.0,1,0.09,0.11199999999999999,0.5,0.5,-0.10099999999999999,,0.07674944400787354,0.1819198578596115,,,1.0,normal
1829,30,scenario3_repeated_spike,D3QN,50,0.0,1,0.09,0.11199999999999999,0.5,0.5,-0.10099999999999999,,0.13172324001789093,0.2565385103225708,,,1.0,normal
1830,30,scenario3_repeated_spike,D3QN,50,0.0,1,0.09,0.11199999999999999,0.5,0.5,-0.10099999999999999,,0.08524851500988007,0.1977202594280243,,,1.0,normal
1831,30,scenario3_repeated_spike,D3QN,50,0.0,1,0.09,0.11199999999999999,0.5,0.5,-0.10099999999999999,,0.031180379912257195,0.12900087237358093,,,1.0,normal
1832,30,scenario3_repeated_spike,D3QN,50,0.0,1,0.09,0.11199999999999999,0.5,0.5,-0.10099999999999999,,0.012249911203980446,0.043704889714717865,,,1.0,normal
1833,30,scenario3_repeated_spike,D3QN,50,1.0,0,0.060625,0.197,0.5,0.5,-0.1288125,,0.02832573466002941,0.11521817743778229,,,1.0,normal
1834,30,scenario3_repeated_spike,D3QN,50,0.0,1,0.09,0.11199999999999999,0.5,0.5,-0.10099999999999999,,0.07827484607696533,0.202639639377594,,,1.0,normal
1835,30,scenario3_repeated_spike,D3QN,50,0.0,1,0.09,0.11199999999999999,0.5,0.5,-0.10099999999999999,,0.06281483173370361,0.16446490585803986,,,1.0,normal
1836,30,scenario3_repeated_spike,D3QN,50,0.0,1,0.09,0.11199999999999999,0.5,0.5,-0.10099999999999999,,0.05143018066883087,0.14167749881744385,,,1.0,normal
1837,30,scenario3_repeated_spike,D3QN,50,0.0,1,0.09,0.11199999999999999,0.5,0.5,-0.10099999999999999,,0.012023640796542168,0.07220812141895294,,,1.0,normal
1838,30,scenario3_repeated_spike,D3QN,50,0.0,1,0.09,0.11199999999999999,0.5,0.5,-0.10099999999999999,,0.011317896656692028,0.07596607506275177,,,1.0,normal
1839,30,scenario3_repeated_spike,D3QN,50,0.0,1,0.09,0.11199999999999999,0.5,0.5,-0.10099999999999999,,0.03383966162800789,0.12343339622020721,,,1.0,normal
1840,30,scenario3_repeated_spike,D3QN,50,0.0,1,0.09,0.11199999999999999,0.5,0.5,-0.10099999999999999,,0.03424008935689926,0.11685667186975479,,,1.0,normal
1841,30,scenario3_repeated_spike,D3QN,50,0.0,1,0.09,0.11199999999999999,0.5,0.5,-0.10099999999999999,,0.022575579583644867,0.09978970140218735,,,1.0,normal
1842,30,scenario3_repeated_spike,D3QN,50,0.0,1,0.09,0.11199999999999999,0.5,0.5,-0.10099999999999999,,0.004746621008962393,0.04351590946316719,,,1.0,normal
1843,30,scenario3_repeated_spike,D3QN,50,0.0,1,0.09,0.11199999999999999,0.5,0.5,-0.10099999999999999,,0.019154256209731102,0.0968405082821846,,,1.0,normal
1844,30,scenario3_repeated_spike,D3QN,50,0.0,1,0.09,0.11199999999999999,0.5,0.5,-0.10099999999999999,,0.036623116582632065,0.11116690933704376,,,1.0,normal
1845,30,scenario3_repeated_spike,D3QN,50,0.0,1,0.09,0.11199999999999999,0.5,0.5,-0.10099999999999999,,0.05202556774020195,0.14619843661785126,,,1.0,normal
1846,30,scenario3_repeated_spike,D3QN,50,0.0,1,0.09,0.11199999999999999,0.5,0.5,-0.10099999999999999,,0.03286346420645714,0.11940762400627136,,,1.0,normal
1847,30,scenario3_repeated_spike,D3QN,50,0.0,1,0.09,0.11199999999999999,0.5,0.5,-0.10099999999999999,,0.015945347025990486,0.06577716022729874,,,1.0,normal
1848,30,scenario3_repeated_spike,D3QN,50,0.0,1,0.09,0.11199999999999999,0.5,0.5,-0.10099999999999999,,0.008470864035189152,0.059118617326021194,,,1.0,normal
1849,30,scenario3_repeated_spike,D3QN,50,0.0,1,0.09,0.11199999999999999,0.5,0.5,-0.10099999999999999,,0.038856081664562225,0.1190183013677597,,,1.0,normal
1850,30,scenario3_repeated_spike,D3QN,50,0.0,1,0.09,0.11199999999999999,0.5,0.5,-0.10099999999999999,,0.05572859197854996,0.16437828540802002,,,1.0,normal
1851,30,scenario3_repeated_spike,D3QN,50,0.0,1,0.09,0.11199999999999999,0.5,0.5,-0.10099999999999999,,0.02085580863058567,0.08520765602588654,,,1.0,normal
1852,30,scenario3_repeated_spike,D3QN,50,0.0,1,0.09,0.11199999999999999,0.5,0.5,-0.10099999999999999,,0.007292756345123053,0.036589138209819794,,,1.0,normal
1853,30,scenario3_repeated_spike,D3QN,50,0.0,1,0.09,0.11199999999999999,0.5,0.5,-0.10099999999999999,,0.02060711570084095,0.08791925758123398,,,1.0,normal
1854,30,scenario3_repeated_spike,D3QN,50,0.0,1,0.09,0.11199999999999999,0.5,0.5,-0.10099999999999999,,0.07096204906702042,0.1695854365825653,,,1.0,normal
1855,30,scenario3_repeated_spike,D3QN,50,0.0,1,0.09,0.11199999999999999,0.5,0.5,-0.10099999999999999,,0.05195660889148712,0.14169931411743164,,,1.0,normal
1856,30,scenario3_repeated_spike,D3QN,50,0.0,1,0.09,0.11199999999999999,0.5,0.5,-0.10099999999999999,,0.042448945343494415,0.14574068784713745,,,1.0,normal
1857,30,scenario3_repeated_spike,D3QN,50,0.0,1,0.09,0.11199999999999999,0.5,0.5,-0.10099999999999999,,0.004837291315197945,0.04081287980079651,,,1.0,normal
1858,30,scenario3_repeated_spike,D3QN,50,0.0,1,0.09,0.11199999999999999,0.5,0.5,-0.10099999999999999,,0.011539620347321033,0.06757155805826187,,,1.0,normal
1859,30,scenario3_repeated_spike,D3QN,50,0.0,1,0.09,0.11199999999999999,0.5,0.5,-0.10099999999999999,,0.027569033205509186,0.09952308982610703,,,1.0,normal
1860,30,scenario3_repeated_spike,D3QN,50,0.0,1,0.09,0.11199999999999999,0.5,0.5,-0.10099999999999999,,0.02843511290848255,0.09102079272270203,,,1.0,normal
1861,30,scenario3_repeated_spike,D3QN,50,0.0,1,0.09,0.11199999999999999,0.5,0.5,-0.10099999999999999,,0.025669459253549576,0.10159816592931747,,,1.0,normal
1862,30,scenario3_repeated_spike,D3QN,50,0.0,1,0.09,0.11199999999999999,0.5,0.5,-0.10099999999999999,,0.0025959338527172804,0.03334919735789299,,,1.0,normal
1863,30,scenario3_repeated_spike,D3QN,50,0.0,1,0.09,0.11199999999999999,0.5,0.5,-0.10099999999999999,,0.020364543423056602,0.09603042900562286,,,1.0,normal
1864,30,scenario3_repeated_spike,D3QN,50,0.0,1,0.09,0.11199999999999999,0.5,0.5,-0.10099999999999999,,0.05189367011189461,0.15514376759529114,,,1.0,normal
1865,30,scenario3_repeated_spike,D3QN,50,0.0,1,0.09,0.11199999999999999,0.5,0.5,-0.10099999999999999,,0.03465016931295395,0.10150152444839478,,,1.0,normal
1866,30,scenario3_repeated_spike,D3QN,50,0.0,1,0.09,0.11199999999999999,0.5,0.5,-0.10099999999999999,,0.026723571121692657,0.09665721654891968,,,1.0,normal
1867,30,scenario3_repeated_spike,D3QN,50,0.0,1,0.09,0.11199999999999999,0.5,0.5,-0.10099999999999999,,0.0029667236376553774,0.03201543539762497,,,1.0,normal
1868,30,scenario3_repeated_spike,D3QN,50,0.0,1,0.09,0.11199999999999999,0.5,0.5,-0.10099999999999999,,0.020522115752100945,0.08827942609786987,,,1.0,normal
1869,30,scenario3_repeated_spike,D3QN,50,0.0,1,0.09,0.11199999999999999,0.5,0.5,-0.10099999999999999,,0.03493732959032059,0.12011665105819702,,,1.0,normal
1870,30,scenario3_repeated_spike,D3QN,50,0.0,1,0.09,0.11199999999999999,0.5,0.5,-0.10099999999999999,,0.07655798643827438,0.13654987514019012,,,1.0,normal
1871,30,scenario3_repeated_spike,D3QN,50,0.0,1,0.09,0.11199999999999999,0.5,0.5,-0.10099999999999999,,0.039201151579618454,0.11691270768642426,,,1.0,normal
1872,30,scenario3_repeated_spike,D3QN,50,0.0,1,0.09,0.11199999999999999,0.5,0.5,-0.10099999999999999,,0.006740417797118425,0.04192440211772919,,,1.0,normal
1873,30,scenario3_repeated_spike,D3QN,50,0.0,1,0.09,0.11199999999999999,0.5,0.5,-0.10099999999999999,,0.007779308594763279,0.04898752644658089,,,1.0,normal
1874,30,scenario3_repeated_spike,D3QN,50,0.0,1,0.09,0.11199999999999999,0.5,0.5,-0.10099999999999999,,0.02048471011221409,0.06795721501111984,,,1.0,normal
1875,30,scenario3_repeated_spike,D3QN,50,0.0,1,0.09,0.11199999999999999,0.5,0.5,-0.10099999999999999,,0.03516468033194542,0.10827387869358063,,,1.0,normal
1876,30,scenario3_repeated_spike,D3QN,50,0.0,1,0.09,0.11199999999999999,0.5,0.5,-0.10099999999999999,,0.03270670771598816,0.12492668628692627,,,1.0,normal
1877,30,scenario3_repeated_spike,D3QN,50,0.0,1,0.09,0.11199999999999999,0.5,0.5,-0.10099999999999999,,0.003554872702807188,0.03439012169837952,,,1.0,normal
1878,30,scenario3_repeated_spike,D3QN,50,0.0,1,0.09,0.11199999999999999,0.5,0.5,-0.10099999999999999,,0.02577068656682968,0.09100061655044556,,,1.0,normal
1879,30,scenario3_repeated_spike,D3QN,50,0.0,1,0.09,0.11199999999999999,0.5,0.5,-0.10099999999999999,,0.024970240890979767,0.08923746645450592,,,1.0,normal
1880,30,scenario3_repeated_spike,D3QN,50,0.0,1,0.09,0.11199999999999999,0.5,0.5,-0.10099999999999999,,0.04069318249821663,0.11957281827926636,,,1.0,normal
1881,30,scenario3_repeated_spike,D3QN,50,0.0,1,0.09,0.11199999999999999,0.5,0.5,-0.10099999999999999,,0.06095368042588234,0.11406943202018738,,,1.0,normal
1882,30,scenario3_repeated_spike,D3QN,50,0.0,1,0.09,0.11199999999999999,0.5,0.5,-0.10099999999999999,,0.002563196700066328,0.03133794665336609,,,1.0,normal
1883,30,scenario3_repeated_spike,D3QN,50,0.0,1,0.09,0.11199999999999999,0.5,0.5,-0.10099999999999999,,0.017117299139499664,0.08666250109672546,,,1.0,normal
1884,30,scenario3_repeated_spike,D3QN,50,0.0,1,0.09,0.11199999999999999,0.5,0.5,-0.10099999999999999,,0.04769015312194824,0.12523862719535828,,,1.0,normal
1885,30,scenario3_repeated_spike,D3QN,50,0.0,1,0.09,0.11199999999999999,0.5,0.5,-0.10099999999999999,,0.06474094837903976,0.1454213559627533,,,1.0,normal
1886,30,scenario3_repeated_spike,D3QN,50,0.0,1,0.09,0.11199999999999999,0.5,0.5,-0.10099999999999999,,0.02913844585418701,0.10774163156747818,,,1.0,normal
1887,30,scenario3_repeated_spike,D3QN,50,0.0,1,0.09,0.11199999999999999,0.5,0.5,-0.10099999999999999,,0.0055945562198758125,0.04387893155217171,,,1.0,normal
1888,30,scenario3_repeated_spike,D3QN,50,0.0,1,0.09,0.11199999999999999,0.5,0.5,-0.10099999999999999,,0.01999981515109539,0.08929429948329926,,,1.0,normal
1889,30,scenario3_repeated_spike,D3QN,50,0.0,1,0.09,0.11199999999999999,0.5,0.5,-0.10099999999999999,,0.025112580507993698,0.08075859397649765,,,1.0,normal
1890,30,scenario3_repeated_spike,D3QN,50,0.0,1,0.09,0.11199999999999999,0.5,0.5,-0.10099999999999999,,0.045424897223711014,0.121000275015831,,,1.0,normal
1891,30,scenario3_repeated_spike,D3QN,50,0.0,1,0.09,0.11199999999999999,0.5,0.5,-0.10099999999999999,,0.027766162529587746,0.10234388709068298,,,1.0,normal
1892,30,scenario3_repeated_spike,D3QN,50,0.0,1,0.09,0.11199999999999999,0.5,0.5,-0.10099999999999999,,0.007799789775162935,0.04657752066850662,,,1.0,normal
1893,30,scenario3_repeated_spike,D3QN,50,0.0,1,0.09,0.11199999999999999,0.5,0.5,-0.10099999999999999,,0.012078436091542244,0.06664939969778061,,,1.0,normal
1894,30,scenario3_repeated_spike,D3QN,50,0.0,1,0.09,0.11199999999999999,0.5,0.5,-0.10099999999999999,,0.04100799560546875,0.12539884448051453,,,1.0,normal
1895,30,scenario3_repeated_spike,D3QN,50,0.0,1,0.09,0.11199999999999999,0.5,0.5,-0.10099999999999999,,0.03884107246994972,0.11352093517780304,,,1.0,normal
1896,30,scenario3_repeated_spike,D3QN,50,0.0,1,0.09,0.11199999999999999,0.5,0.5,-0.10099999999999999,,0.020145520567893982,0.0794963389635086,,,1.0,normal
1897,30,scenario3_repeated_spike,D3QN,50,0.0,1,0.09,0.11199999999999999,0.5,0.5,-0.10099999999999999,,0.004514707718044519,0.03293316066265106,,,1.0,normal
1898,30,scenario3_repeated_spike,D3QN,50,0.0,1,0.09,0.11199999999999999,0.5,0.5,-0.10099999999999999,,0.021784694865345955,0.08280445635318756,,,1.0,normal
1899,30,scenario3_repeated_spike,D3QN,50,0.0,1,0.09,0.11199999999999999,0.5,0.5,-0.10099999999999999,,0.053638361394405365,0.15448343753814697,,,1.0,normal
1900,30,scenario3_repeated_spike,D3QN,50,0.0,1,0.09,0.11199999999999999,0.5,0.5,-0.10099999999999999,,0.016430335119366646,0.11051912605762482,,,1.0,normal
1901,30,scenario3_repeated_spike,D3QN,50,0.0,1,0.09,0.11199999999999999,0.5,0.5,-0.10099999999999999,,0.006446060724556446,0.07475028932094574,,,1.0,normal
1902,30,scenario3_repeated_spike,D3QN,50,0.0,1,0.09,0.11199999999999999,0.5,0.5,-0.10099999999999999,,0.024424634873867035,0.09438450634479523,,,1.0,normal
1903,30,scenario3_repeated_spike,D3QN,50,0.0,1,0.09,0.11199999999999999,0.5,0.5,-0.10099999999999999,,0.007465262431651354,0.0629984587430954,,,1.0,normal
1904,30,scenario3_repeated_spike,D3QN,50,0.0,1,0.09,0.11199999999999999,0.5,0.5,-0.10099999999999999,,0.005220781546086073,0.05756545811891556,,,1.0,normal
1905,30,scenario3_repeated_spike,D3QN,50,1.0,0,0.060625,0.197,0.5,0.5,-0.1288125,,0.0036468792241066694,0.04546494036912918,,,1.0,normal
1906,30,scenario3_repeated_spike,D3QN,50,0.0,1,0.09,0.11199999999999999,0.5,0.5,-0.10099999999999999,,0.0033955532126128674,0.03888352960348129,,,1.0,normal
1907,30,scenario3_repeated_spike,D3QN,50,1.0,0,0.060625,0.197,0.5,0.5,-0.1288125,,0.009285453706979752,0.04987941309809685,,,1.0,normal
1908,30,scenario3_repeated_spike,D3QN,50,1.9000000000000004,0,0.0611875,0.19790000000000002,0.5,0.5,-0.12954375,,0.005585182458162308,0.03482728451490402,,,1.0,normal
1909,30,scenario3_repeated_spike,D3QN,50,2.710000000000001,0,0.061693750000000006,0.19871000000000003,0.5,0.5,-0.13020187500000002,,0.002920333296060562,0.03308456391096115,,,1.0,normal
1910,30,scenario3_repeated_spike,D3QN,50,0.0,1,0.09,0.11199999999999999,0.5,0.5,-0.10099999999999999,,0.008684639818966389,0.06797374784946442,,,1.0,normal
1911,30,scenario3_repeated_spike,D3QN,50,1.0,0,0.060625,0.197,0.5,0.5,-0.1288125,,0.003050826722756028,0.04821290820837021,,,1.0,normal
1912,30,scenario3_repeated_spike,D3QN,50,1.9000000000000004,0,0.0611875,0.19790000000000002,0.5,0.5,-0.12954375,,0.007256108336150646,0.07119612395763397,,,1.0,normal
1913,30,scenario3_repeated_spike,D3QN,50,2.710000000000001,0,0.061693750000000006,0.19871000000000003,0.5,0.5,-0.13020187500000002,,0.011390967294573784,0.08920986950397491,,,1.0,normal
1914,30,scenario3_repeated_spike,D3QN,50,3.439,0,0.062149375,0.199439,0.5,0.5,-0.1307941875,,0.0062364921905100346,0.0673132985830307,,,1.0,normal
1915,30,scenario3_repeated_spike,D3QN,50,0.0,1,0.09,0.11199999999999999,0.5,0.5,-0.10099999999999999,,0.019383277744054794,0.10260903090238571,,,1.0,normal
1916,30,scenario3_repeated_spike,D3QN,50,1.0,0,0.060625,0.197,0.5,0.5,-0.1288125,,0.038692064583301544,0.14811065793037415,,,1.0,normal
1917,30,scenario3_repeated_spike,D3QN,50,1.9000000000000004,0,0.0611875,0.19790000000000002,0.5,0.5,-0.12954375,,0.021248063072562218,0.11355052143335342,,,1.0,normal
1918,30,scenario3_repeated_spike,D3QN,50,2.710000000000001,0,0.061693750000000006,0.19871000000000003,0.5,0.5,-0.13020187500000002,,0.0052962275221943855,0.060037869960069656,,,1.0,normal
1919,30,scenario3_repeated_spike,D3QN,50,0.0,1,0.09,0.11199999999999999,0.5,0.5,-0.10099999999999999,,0.006149464286863804,0.06863753497600555,,,1.0,normal
1920,30,scenario3_repeated_spike,D3QN,50,1.0,0,0.060625,0.197,0.5,0.5,-0.1288125,,0.00479066651314497,0.05358658358454704,,,1.0,normal
1921,30,scenario3_repeated_spike,D3QN,50,1.9000000000000004,0,0.0611875,0.19790000000000002,0.5,0.5,-0.12954375,,0.002460833638906479,0.042868178337812424,,,1.0,normal
1922,30,scenario3_repeated_spike,D3QN,50,2.710000000000001,0,0.061693750000000006,0.19871000000000003,0.5,0.5,-0.13020187500000002,,0.005966889671981335,0.0509272962808609,,,1.0,normal
1923,30,scenario3_repeated_spike,D3QN,50,0.0,1,0.09,0.11199999999999999,0.5,0.5,-0.10099999999999999,,0.0051070330664515495,0.0563645139336586,,,1.0,normal
1924,30,scenario3_repeated_spike,D3QN,50,1.0,0,0.060625,0.197,0.5,0.5,-0.1288125,,0.019796520471572876,0.06701042503118515,,,1.0,normal
1925,30,scenario3_repeated_spike,D3QN,50,0.0,1,0.09,0.11199999999999999,0.5,0.5,-0.10099999999999999,,0.007490960881114006,0.06645774841308594,,,1.0,normal
1926,30,scenario3_repeated_spike,D3QN,50,0.0,1,0.09,0.11199999999999999,0.5,0.5,-0.10099999999999999,,0.011000342667102814,0.06322924792766571,,,1.0,normal
1927,30,scenario3_repeated_spike,D3QN,50,0.0,1,0.09,0.11199999999999999,0.5,0.5,-0.10099999999999999,,0.002788144163787365,0.030981548130512238,,,1.0,normal
1928,30,scenario3_repeated_spike,D3QN,50,0.0,1,0.09,0.11199999999999999,0.5,0.5,-0.10099999999999999,,0.03216193988919258,0.07866910099983215,,,1.0,normal
1929,30,scenario3_repeated_spike,D3QN,50,0.0,1,0.09,0.11199999999999999,0.5,0.5,-0.10099999999999999,,0.010962038300931454,0.053661346435546875,,,1.0,normal
1930,30,scenario3_repeated_spike,D3QN,50,0.0,1,0.09,0.11199999999999999,0.5,0.5,-0.10099999999999999,,0.0009127522353082895,0.02167101763188839,,,1.0,normal
1931,30,scenario3_repeated_spike,D3QN,50,0.0,1,0.09,0.11199999999999999,0.5,0.5,-0.10099999999999999,,0.02026860974729061,0.08470772206783295,,,1.0,normal
1932,30,scenario3_repeated_spike,D3QN,50,0.0,1,0.09,0.11199999999999999,0.5,0.5,-0.10099999999999999,,0.023786799982190132,0.09534874558448792,,,1.0,normal
1933,30,scenario3_repeated_spike,D3QN,50,0.0,1,0.09,0.11199999999999999,0.5,0.5,-0.10099999999999999,,0.018787097185850143,0.08320412784814835,,,1.0,normal
1934,30,scenario3_repeated_spike,D3QN,50,0.0,1,0.09,0.11199999999999999,0.5,0.5,-0.10099999999999999,,0.0028807884082198143,0.039764657616615295,,,1.0,normal
1935,30,scenario3_repeated_spike,D3QN,50,0.0,1,0.09,0.11199999999999999,0.5,0.5,-0.10099999999999999,,0.01290805358439684,0.08376637101173401,,,1.0,normal
1936,30,scenario3_repeated_spike,D3QN,50,0.0,1,0.09,0.11199999999999999,0.5,0.5,-0.10099999999999999,,0.023793218657374382,0.09919644147157669,,,1.0,normal
1937,30,scenario3_repeated_spike,D3QN,50,0.0,1,0.09,0.11199999999999999,0.5,0.5,-0.10099999999999999,,0.0312543623149395,0.11530990153551102,,,1.0,normal
1938,30,scenario3_repeated_spike,D3QN,50,0.0,1,0.09,0.11199999999999999,0.5,0.5,-0.10099999999999999,,0.011323092505335808,0.08066463470458984,,,1.0,normal
1939,30,scenario3_repeated_spike,D3QN,50,0.0,1,0.09,0.11199999999999999,0.5,0.5,-0.10099999999999999,,0.03350420296192169,0.06653760373592377,,,1.0,normal
1940,30,scenario3_repeated_spike,D3QN,50,0.0,1,0.09,0.11199999999999999,0.5,0.5,-0.10099999999999999,,0.018958549946546555,0.10344700515270233,,,1.0,normal
1941,30,scenario3_repeated_spike,D3QN,50,0.0,1,0.09,0.11199999999999999,0.5,0.5,-0.10099999999999999,,0.010827385820448399,0.07073045521974564,,,1.0,normal
1942,30,scenario3_repeated_spike,D3QN,50,0.0,1,0.09,0.11199999999999999,0.5,0.5,-0.10099999999999999,,0.0016408776864409447,0.03799011558294296,,,1.0,normal
1943,30,scenario3_repeated_spike,D3QN,50,0.0,1,0.09,0.11199999999999999,0.5,0.5,-0.10099999999999999,,0.00878017395734787,0.061174243688583374,,,1.0,normal
1944,30,scenario3_repeated_spike,D3QN,50,0.0,1,0.09,0.11199999999999999,0.5,0.5,-0.10099999999999999,,0.009472322650253773,0.05208975076675415,,,1.0,normal
1945,30,scenario3_repeated_spike,D3QN,50,0.0,1,0.09,0.11199999999999999,0.5,0.5,-0.10099999999999999,,0.0011465046554803848,0.030173227190971375,,,1.0,normal
1946,30,scenario3_repeated_spike,D3QN,50,0.0,1,0.09,0.11199999999999999,0.5,0.5,-0.10099999999999999,,0.02614346519112587,0.08667445182800293,,,1.0,normal
1947,30,scenario3_repeated_spike,D3QN,50,0.0,1,0.09,0.11199999999999999,0.5,0.5,-0.10099999999999999,,0.006382949650287628,0.05494731664657593,,,1.0,normal
1948,30,scenario3_repeated_spike,D3QN,50,0.0,1,0.09,0.11199999999999999,0.5,0.5,-0.10099999999999999,,0.0010797554859891534,0.02827499620616436,,,1.0,normal
1949,30,scenario3_repeated_spike,D3QN,50,0.0,1,0.09,0.11199999999999999,0.5,0.5,-0.10099999999999999,,0.013467961922287941,0.06938382983207703,,,1.0,normal
1950,30,scenario3_repeated_spike,D3QN,50,0.0,1,0.09,0.11199999999999999,0.5,0.5,-0.10099999999999999,,0.035545602440834045,0.10319552570581436,,,1.0,normal
1951,30,scenario3_repeated_spike,D3QN,50,0.0,1,0.09,0.11199999999999999,0.5,0.5,-0.10099999999999999,,0.032244738191366196,0.09639784693717957,,,1.0,normal
1952,30,scenario3_repeated_spike,D3QN,50,0.0,1,0.09,0.11199999999999999,0.5,0.5,-0.10099999999999999,,0.0018691455479711294,0.02496117353439331,,,1.0,normal
1953,30,scenario3_repeated_spike,D3QN,50,0.0,1,0.09,0.11199999999999999,0.5,0.5,-0.10099999999999999,,0.011133863590657711,0.059922270476818085,,,1.0,normal
1954,30,scenario3_repeated_spike,D3QN,50,0.0,1,0.09,0.11199999999999999,0.5,0.5,-0.10099999999999999,,0.024462884292006493,0.08373712003231049,,,1.0,normal
1955,30,scenario3_repeated_spike,D3QN,50,0.0,1,0.09,0.11199999999999999,0.5,0.5,-0.10099999999999999,,0.03169654309749603,0.10445502400398254,,,1.0,normal
1956,30,scenario3_repeated_spike,D3QN,50,0.0,1,0.09,0.11199999999999999,0.5,0.5,-0.10099999999999999,,0.013986125588417053,0.06966949254274368,,,1.0,normal
1957,30,scenario3_repeated_spike,D3QN,50,0.0,1,0.09,0.11199999999999999,0.5,0.5,-0.10099999999999999,,0.0016136879567056894,0.024236539378762245,,,1.0,normal
1958,30,scenario3_repeated_spike,D3QN,50,0.0,1,0.09,0.11199999999999999,0.5,0.5,-0.10099999999999999,,0.007526244968175888,0.058393146842718124,,,1.0,normal
1959,30,scenario3_repeated_spike,D3QN,50,0.0,1,0.09,0.11199999999999999,0.5,0.5,-0.10099999999999999,,0.00638599693775177,0.04576311632990837,,,1.0,normal
1960,30,scenario3_repeated_spike,D3QN,50,0.0,1,0.09,0.11199999999999999,0.5,0.5,-0.10099999999999999,,0.0072038741782307625,0.03839686140418053,,,1.0,normal
1961,30,scenario3_repeated_spike,D3QN,50,0.0,1,0.09,0.11199999999999999,0.5,0.5,-0.10099999999999999,,0.02655724436044693,0.10335973650217056,,,1.0,normal
1962,30,scenario3_repeated_spike,D3QN,50,0.0,1,0.09,0.11199999999999999,0.5,0.5,-0.10099999999999999,,0.050328053534030914,0.12686632573604584,,,1.0,normal
1963,30,scenario3_repeated_spike,D3QN,50,0.0,1,0.09,0.11199999999999999,0.5,0.5,-0.10099999999999999,,0.03579017519950867,0.12478270381689072,,,1.0,normal
1964,30,scenario3_repeated_spike,D3QN,50,0.0,1,0.09,0.11199999999999999,0.5,0.5,-0.10099999999999999,,0.010448344051837921,0.05983607470989227,,,1.0,normal
1965,30,scenario3_repeated_spike,D3QN,50,0.0,1,0.09,0.11199999999999999,0.5,0.5,-0.10099999999999999,,0.005715554114431143,0.03845921903848648,,,1.0,normal
1966,30,scenario3_repeated_spike,D3QN,50,1.0,0,0.060625,0.197,0.5,0.5,-0.1288125,,0.018631206825375557,0.07741089910268784,,,1.0,normal
1967,30,scenario3_repeated_spike,D3QN,50,0.0,1,0.09,0.11199999999999999,0.5,0.5,-0.10099999999999999,,0.0265829898416996,0.08401115238666534,,,1.0,normal
1968,30,scenario3_repeated_spike,D3QN,50,0.0,1,0.09,0.11199999999999999,0.5,0.5,-0.10099999999999999,,0.009610060602426529,0.043254554271698,,,1.0,normal
1969,30,scenario3_repeated_spike,D3QN,50,1.0,0,0.060625,0.197,0.5,0.5,-0.1288125,,0.007938776165246964,0.05089154466986656,,,1.0,normal
1970,30,scenario3_repeated_spike,D3QN,50,0.0,1,0.09,0.11199999999999999,0.5,0.5,-0.10099999999999999,,0.020756594836711884,0.08640579134225845,,,1.0,normal
1971,30,scenario3_repeated_spike,D3QN,50,0.0,1,0.09,0.11199999999999999,0.5,0.5,-0.10099999999999999,,0.017355188727378845,0.08247912675142288,,,1.0,normal
1972,30,scenario3_repeated_spike,D3QN,50,0.0,1,0.09,0.11199999999999999,0.5,0.5,-0.10099999999999999,,0.002995858434587717,0.03146226704120636,,,1.0,normal
1973,30,scenario3_repeated_spike,D3QN,50,0.0,1,0.09,0.11199999999999999,0.5,0.5,-0.10099999999999999,,0.017053207382559776,0.08082470297813416,,,1.0,normal
1974,30,scenario3_repeated_spike,D3QN,50,0.0,1,0.09,0.11199999999999999,0.5,0.5,-0.10099999999999999,,0.04068097099661827,0.11688609421253204,,,1.0,normal
1975,30,scenario3_repeated_spike,D3QN,50,0.0,1,0.09,0.11199999999999999,0.5,0.5,-0.10099999999999999,,0.009565761312842369,0.05168009549379349,,,1.0,normal
1976,30,scenario3_repeated_spike,D3QN,50,0.0,1,0.09,0.11199999999999999,0.5,0.5,-0.10099999999999999,,0.010537678375840187,0.057620055973529816,,,1.0,normal
1977,30,scenario3_repeated_spike,D3QN,50,0.0,1,0.09,0.11199999999999999,0.5,0.5,-0.10099999999999999,,0.026389718055725098,0.050829023122787476,,,1.0,normal
1978,30,scenario3_repeated_spike,D3QN,50,0.0,1,0.09,0.11199999999999999,0.5,0.5,-0.10099999999999999,,0.013767116703093052,0.07181690633296967,,,1.0,normal
1979,30,scenario3_repeated_spike,D3QN,50,0.0,1,0.09,0.11199999999999999,0.5,0.5,-0.10099999999999999,,0.008681205101311207,0.05456221103668213,,,1.0,normal
1980,30,scenario3_repeated_spike,D3QN,50,0.0,1,0.09,0.11199999999999999,0.5,0.5,-0.10099999999999999,,0.0022224164567887783,0.021629543974995613,,,1.0,normal
1981,30,scenario3_repeated_spike,D3QN,50,0.0,1,0.09,0.11199999999999999,0.5,0.5,-0.10099999999999999,,0.008569742552936077,0.048585500568151474,,,1.0,normal
1982,30,scenario3_repeated_spike,D3QN,50,0.0,1,0.09,0.11199999999999999,0.5,0.5,-0.10099999999999999,,0.03864004462957382,0.11079718917608261,,,1.0,normal
1983,30,scenario3_repeated_spike,D3QN,50,0.0,1,0.09,0.11199999999999999,0.5,0.5,-0.10099999999999999,,0.02212516963481903,0.08457949757575989,,,1.0,normal
1984,30,scenario3_repeated_spike,D3QN,50,0.0,1,0.09,0.11199999999999999,0.5,0.5,-0.10099999999999999,,0.007598196156322956,0.05669127404689789,,,1.0,normal
1985,30,scenario3_repeated_spike,D3QN,50,0.0,1,0.09,0.11199999999999999,0.5,0.5,-0.10099999999999999,,0.008442726917564869,0.05271556228399277,,,1.0,normal
1986,30,scenario3_repeated_spike,D3QN,50,0.0,1,0.09,0.11199999999999999,0.5,0.5,-0.10099999999999999,,0.014774450100958347,0.07049055397510529,,,1.0,normal
1987,30,scenario3_repeated_spike,D3QN,50,0.0,1,0.09,0.11199999999999999,0.5,0.5,-0.10099999999999999,,0.014433174394071102,0.06778447329998016,,,1.0,normal
1988,30,scenario3_repeated_spike,D3QN,50,1.0,0,0.060625,0.197,0.5,0.5,-0.1288125,,0.0024609919637441635,0.02077539823949337,,,1.0,normal
1989,30,scenario3_repeated_spike,D3QN,50,0.0,1,0.09,0.11199999999999999,0.5,0.5,-0.10099999999999999,,0.010558893904089928,0.06216468662023544,,,1.0,normal
1990,30,scenario3_repeated_spike,D3QN,50,0.0,1,0.09,0.11199999999999999,0.5,0.5,-0.10099999999999999,,0.030073344707489014,0.08650142699480057,,,1.0,normal
1991,30,scenario3_repeated_spike,D3QN,50,0.0,1,0.09,0.11199999999999999,0.5,0.5,-0.10099999999999999,,0.03074677661061287,0.10360588133335114,,,1.0,normal
1992,30,scenario3_repeated_spike,D3QN,50,0.0,1,0.09,0.11199999999999999,0.5,0.5,-0.10099999999999999,,0.006365852430462837,0.04620501399040222,,,1.0,normal
1993,30,scenario3_repeated_spike,D3QN,50,0.0,1,0.09,0.11199999999999999,0.5,0.5,-0.10099999999999999,,0.0038503329269587994,0.033865269273519516,,,1.0,normal
1994,30,scenario3_repeated_spike,D3QN,50,0.0,1,0.09,0.11199999999999999,0.5,0.5,-0.10099999999999999,,0.01324504241347313,0.06846367567777634,,,1.0,normal
1995,30,scenario3_repeated_spike,D3QN,50,0.0,1,0.09,0.11199999999999999,0.5,0.5,-0.10099999999999999,,0.015488245524466038,0.08499784767627716,,,1.0,normal
1996,30,scenario3_repeated_spike,D3QN,50,0.0,1,0.09,0.11199999999999999,0.5,0.5,-0.10099999999999999,,0.001139467814937234,0.016359956935048103,,,1.0,normal
1997,30,scenario3_repeated_spike,D3QN,50,0.0,1,0.09,0.11199999999999999,0.5,0.5,-0.10099999999999999,,0.04342234507203102,0.0709327757358551,,,1.0,normal
1998,30,scenario3_repeated_spike,D3QN,50,0.0,1,0.09,0.11199999999999999,0.5,0.5,-0.10099999999999999,,0.032142505049705505,0.10543102025985718,,,1.0,normal
1999,30,scenario3_repeated_spike,D3QN,50,0.0,1,0.09,0.11199999999999999,0.5,0.5,-0.10099999999999999,,0.017224006354808807,0.0650630071759224,,,1.0,normal
2000,30,scenario3_repeated_spike,D3QN,50,0.0,1,0.09,0.11199999999999999,0.5,0.5,-0.10099999999999999,,0.01021365262567997,0.0969592034816742,,,1.0,normal
2001,30,scenario3_repeated_spike,D3QN,50,0.0,1,0.09,0.11199999999999999,0.5,0.5,-0.10099999999999999,,0.017293762415647507,0.10336628556251526,,,1.0,normal
2002,30,scenario3_repeated_spike,D3QN,50,0.0,1,0.09,0.11199999999999999,0.5,0.5,-0.10099999999999999,,0.005871336907148361,0.07222224771976471,,,1.0,normal
2003,30,scenario3_repeated_spike,D3QN,50,0.0,1,0.09,0.11199999999999999,0.5,0.5,-0.10099999999999999,,0.007975053042173386,0.08165549486875534,,,1.0,normal
2004,30,scenario3_repeated_spike,D3QN,50,0.0,1,0.09,0.11199999999999999,0.5,0.5,-0.10099999999999999,,0.006597247906029224,0.06930218636989594,,,1.0,normal
2005,30,scenario3_repeated_spike,D3QN,50,1.0,0,0.060625,0.197,0.5,0.5,-0.1288125,,0.006569968070834875,0.06912235915660858,,,1.0,normal
2006,30,scenario3_repeated_spike,D3QN,50,1.9000000000000004,0,0.0611875,0.19790000000000002,0.5,0.5,-0.12954375,,0.004068566020578146,0.05685783550143242,,,1.0,normal
2007,30,scenario3_repeated_spike,D3QN,50,0.0,1,0.09,0.11199999999999999,0.5,0.5,-0.10099999999999999,,0.0019194637425243855,0.040728360414505005,,,1.0,normal
2008,30,scenario3_repeated_spike,D3QN,50,0.0,1,0.09,0.11199999999999999,0.5,0.5,-0.10099999999999999,,0.002372278831899166,0.03600521385669708,,,1.0,normal
2009,30,scenario3_repeated_spike,D3QN,50,1.0,0,0.060625,0.197,0.5,0.5,-0.1288125,,0.0062448433600366116,0.06155634671449661,,,1.0,normal
2010,30,scenario3_repeated_spike,D3QN,50,0.0,1,0.09,0.11199999999999999,0.5,0.5,-0.10099999999999999,,0.011867319233715534,0.07270938158035278,,,1.0,normal
2011,30,scenario3_repeated_spike,D3QN,50,1.0,0,0.060625,0.197,0.5,0.5,-0.1288125,,0.0028342283330857754,0.030416252091526985,,,1.0,normal
2012,30,scenario3_repeated_spike,D3QN,50,1.9000000000000004,0,0.0611875,0.19790000000000002,0.5,0.5,-0.12954375,,0.011600400321185589,0.050266653299331665,,,1.0,normal
2013,30,scenario3_repeated_spike,D3QN,50,2.710000000000001,0,0.061693750000000006,0.19871000000000003,0.5,0.5,-0.13020187500000002,,0.0033247340470552444,0.03396940231323242,,,1.0,normal
2014,30,scenario3_repeated_spike,D3QN,50,0.0,1,0.09,0.11199999999999999,0.5,0.5,-0.10099999999999999,,0.0116267129778862,0.047082237899303436,,,1.0,normal
2015,30,scenario3_repeated_spike,D3QN,50,1.0,0,0.060625,0.197,0.5,0.5,-0.1288125,,0.004578963853418827,0.04657387733459473,,,1.0,normal
2016,30,scenario3_repeated_spike,D3QN,50,1.9000000000000004,0,0.0611875,0.19790000000000002,0.5,0.5,-0.12954375,,0.004499416332691908,0.038610734045505524,,,1.0,normal
2017,30,scenario3_repeated_spike,D3QN,50,0.0,1,0.09,0.11199999999999999,0.5,0.5,-0.10099999999999999,,0.0415520966053009,0.06825342774391174,,,1.0,normal
2018,30,scenario3_repeated_spike,D3QN,50,1.0,0,0.060625,0.197,0.5,0.5,-0.1288125,,0.023154085502028465,0.07826295495033264,,,1.0,normal
2019,30,scenario3_repeated_spike,D3QN,50,1.9000000000000004,0,0.0611875,0.19790000000000002,0.5,0.5,-0.12954375,,0.0032367997337132692,0.036631226539611816,,,1.0,normal
2020,30,scenario3_repeated_spike,D3QN,50,2.710000000000001,0,0.061693750000000006,0.19871000000000003,0.5,0.5,-0.13020187500000002,,0.0011142897419631481,0.02583354339003563,,,1.0,normal
2021,30,scenario3_repeated_spike,D3QN,50,0.0,1,0.09,0.11199999999999999,0.5,0.5,-0.10099999999999999,,0.037959348410367966,0.06918568909168243,,,1.0,normal
2022,30,scenario3_repeated_spike,D3QN,50,1.0,0,0.060625,0.197,0.5,0.5,-0.1288125,,0.004156761337071657,0.03746260702610016,,,1.0,normal
2023,30,scenario3_repeated_spike,D3QN,50,0.0,1,0.09,0.11199999999999999,0.5,0.5,-0.10099999999999999,,0.0064802104607224464,0.05337713658809662,,,1.0,normal
2024,30,scenario3_repeated_spike,D3QN,50,1.0,0,0.060625,0.197,0.5,0.5,-0.1288125,,0.005185810849070549,0.05295823514461517,,,1.0,normal
2025,30,scenario3_repeated_spike,D3QN,50,0.0,1,0.09,0.11199999999999999,0.5,0.5,-0.10099999999999999,,0.0016488819383084774,0.03232845291495323,,,1.0,normal
2026,30,scenario3_repeated_spike,D3QN,50,0.0,1,0.09,0.11199999999999999,0.5,0.5,-0.10099999999999999,,0.018824754282832146,0.08224303275346756,,,1.0,normal
2027,30,scenario3_repeated_spike,D3QN,50,0.0,1,0.09,0.11199999999999999,0.5,0.5,-0.10099999999999999,,0.026716725900769234,0.08965948969125748,,,1.0,normal
2028,30,scenario3_repeated_spike,D3QN,50,0.0,1,0.09,0.11199999999999999,0.5,0.5,-0.10099999999999999,,0.013775351457297802,0.07530444860458374,,,1.0,normal
2029,30,scenario3_repeated_spike,D3QN,50,0.0,1,0.09,0.11199999999999999,0.5,0.5,-0.10099999999999999,,0.0011923389974981546,0.02668137289583683,,,1.0,normal
2030,30,scenario3_repeated_spike,D3QN,50,0.0,1,0.09,0.11199999999999999,0.5,0.5,-0.10099999999999999,,0.019021274521946907,0.08944088220596313,,,1.0,normal
2031,30,scenario3_repeated_spike,D3QN,50,0.0,1,0.09,0.11199999999999999,0.5,0.5,-0.10099999999999999,,0.04804042726755142,0.1409180462360382,,,1.0,normal
2032,30,scenario3_repeated_spike,D3QN,50,0.0,1,0.09,0.11199999999999999,0.5,0.5,-0.10099999999999999,,0.03926274552941322,0.12010189890861511,,,1.0,normal
2033,30,scenario3_repeated_spike,D3QN,50,0.0,1,0.09,0.11199999999999999,0.5,0.5,-0.10099999999999999,,0.013314243406057358,0.06513762474060059,,,1.0,normal
2034,30,scenario3_repeated_spike,D3QN,50,0.0,1,0.09,0.11199999999999999,0.5,0.5,-0.10099999999999999,,0.003801307175308466,0.02704649232327938,,,1.0,normal
2035,30,scenario3_repeated_spike,D3QN,50,0.0,1,0.09,0.11199999999999999,0.5,0.5,-0.10099999999999999,,0.03583936393260956,0.12469053268432617,,,1.0,normal
2036,30,scenario3_repeated_spike,D3QN,50,0.0,1,0.09,0.11199999999999999,0.5,0.5,-0.10099999999999999,,0.05591830238699913,0.13731072843074799,,,1.0,normal
2037,30,scenario3_repeated_spike,D3QN,50,0.0,1,0.09,0.11199999999999999,0.5,0.5,-0.10099999999999999,,0.07961419969797134,0.17254875600337982,,,1.0,normal
2038,30,scenario3_repeated_spike,D3QN,50,0.0,1,0.09,0.11199999999999999,0.5,0.5,-0.10099999999999999,,0.0533386692404747,0.11891179531812668,,,1.0,normal
2039,30,scenario3_repeated_spike,D3QN,50,0.0,1,0.09,0.11199999999999999,0.5,0.5,-0.10099999999999999,,0.012456250376999378,0.06660167872905731,,,1.0,normal
2040,30,scenario3_repeated_spike,D3QN,50,0.0,1,0.09,0.11199999999999999,0.5,0.5,-0.10099999999999999,,0.006582329049706459,0.04277447611093521,,,1.0,normal
2041,30,scenario3_repeated_spike,D3QN,50,0.0,1,0.09,0.11199999999999999,0.5,0.5,-0.10099999999999999,,0.023026298731565475,0.08887625485658646,,,1.0,normal
2042,30,scenario3_repeated_spike,D3QN,50,0.0,1,0.09,0.11199999999999999,0.5,0.5,-0.10099999999999999,,0.024148983880877495,0.0881374329328537,,,1.0,normal
2043,30,scenario3_repeated_spike,D3QN,50,0.0,1,0.09,0.11199999999999999,0.5,0.5,-0.10099999999999999,,0.032968297600746155,0.06602831184864044,,,1.0,normal
2044,30,scenario3_repeated_spike,D3QN,50,0.0,1,0.09,0.11199999999999999,0.5,0.5,-0.10099999999999999,,0.004607632290571928,0.02918400429189205,,,1.0,normal
2045,30,scenario3_repeated_spike,D3QN,50,0.0,1,0.09,0.11199999999999999,0.5,0.5,-0.10099999999999999,,0.005583480466157198,0.04280633479356766,,,1.0,normal
2046,30,scenario3_repeated_spike,D3QN,50,0.0,1,0.09,0.11199999999999999,0.5,0.5,-0.10099999999999999,,0.01764753647148609,0.055849187076091766,,,1.0,normal
2047,30,scenario3_repeated_spike,D3QN,50,0.0,1,0.09,0.11199999999999999,0.5,0.5,-0.10099999999999999,,0.0029479709919542074,0.03268664330244064,,,1.0,normal
2048,30,scenario3_repeated_spike,D3QN,50,0.0,1,0.09,0.11199999999999999,0.5,0.5,-0.10099999999999999,,0.006002409849315882,0.04684227705001831,,,1.0,normal
2049,30,scenario3_repeated_spike,D3QN,50,0.0,1,0.09,0.11199999999999999,0.5,0.5,-0.10099999999999999,,0.00556478276848793,0.026065869256854057,,,1.0,normal
2050,30,scenario3_repeated_spike,D3QN,50,0.0,1,0.09,0.11199999999999999,0.5,0.5,-0.10099999999999999,,0.005579599179327488,0.03836921602487564,,,1.0,normal
2051,30,scenario3_repeated_spike,D3QN,50,0.0,1,0.09,0.11199999999999999,0.5,0.5,-0.10099999999999999,,0.001394208986312151,0.019406894221901894,,,1.0,normal
2052,30,scenario3_repeated_spike,D3QN,50,0.0,1,0.09,0.11199999999999999,0.5,0.5,-0.10099999999999999,,0.0075512416660785675,0.042191945016384125,,,1.0,normal
2053,30,scenario3_repeated_spike,D3QN,50,0.0,1,0.09,0.11199999999999999,0.5,0.5,-0.10099999999999999,,0.0044125658459961414,0.026176922023296356,,,1.0,normal
2054,30,scenario3_repeated_spike,D3QN,50,0.0,1,0.09,0.11199999999999999,0.5,0.5,-0.10099999999999999,,0.003225490916520357,0.027548838406801224,,,1.0,normal
2055,30,scenario3_repeated_spike,D3QN,50,0.0,1,0.09,0.11199999999999999,0.5,0.5,-0.10099999999999999,,0.017482733353972435,0.040465593338012695,,,1.0,normal
2056,30,scenario3_repeated_spike,D3QN,50,0.0,1,0.09,0.11199999999999999,0.5,0.5,-0.10099999999999999,,0.0012499436270445585,0.02107701636850834,,,1.0,normal
2057,30,scenario3_repeated_spike,D3QN,50,0.0,1,0.09,0.11199999999999999,0.5,0.5,-0.10099999999999999,,0.015976371243596077,0.03130189701914787,,,1.0,normal
2058,30,scenario3_repeated_spike,D3QN,50,0.0,1,0.09,0.11199999999999999,0.5,0.5,-0.10099999999999999,,0.005832165013998747,0.04608510062098503,,,1.0,normal
2059,30,scenario3_repeated_spike,D3QN,50,0.0,1,0.09,0.11199999999999999,0.5,0.5,-0.10099999999999999,,0.004684093873947859,0.03598813712596893,,,1.0,normal
2060,30,scenario3_repeated_spike,D3QN,50,0.0,1,0.09,0.11199999999999999,0.5,0.5,-0.10099999999999999,,0.0028047384694218636,0.025152575224637985,,,1.0,normal
2061,30,scenario3_repeated_spike,D3QN,50,0.0,1,0.09,0.11199999999999999,0.5,0.5,-0.10099999999999999,,0.003367155324667692,0.026482999324798584,,,1.0,normal
2062,30,scenario3_repeated_spike,D3QN,50,0.0,1,0.09,0.11199999999999999,0.5,0.5,-0.10099999999999999,,0.002347460715100169,0.03109915740787983,,,1.0,normal
2063,30,scenario3_repeated_spike,D3QN,50,0.0,1,0.09,0.11199999999999999,0.5,0.5,-0.10099999999999999,,0.006112329196184874,0.039765216410160065,,,1.0,normal
2064,30,scenario3_repeated_spike,D3QN,50,0.0,1,0.09,0.11199999999999999,0.5,0.5,-0.10099999999999999,,0.002581160981208086,0.029806936159729958,,,1.0,normal
2065,30,scenario3_repeated_spike,D3QN,50,1.0,0,0.060625,0.197,0.5,0.5,-0.1288125,,0.0010825208155438304,0.022352732717990875,,,1.0,normal
2066,30,scenario3_repeated_spike,D3QN,50,0.0,1,0.09,0.11199999999999999,0.5,0.5,-0.10099999999999999,,0.035700391978025436,0.0568699985742569,,,1.0,normal
2067,30,scenario3_repeated_spike,D3QN,50,0.0,1,0.09,0.11199999999999999,0.5,0.5,-0.10099999999999999,,0.002084083389490843,0.026434941217303276,,,1.0,normal
2068,30,scenario3_repeated_spike,D3QN,50,0.0,1,0.09,0.11199999999999999,0.5,0.5,-0.10099999999999999,,0.004074510186910629,0.03644349426031113,,,1.0,normal
2069,30,scenario3_repeated_spike,D3QN,50,0.0,1,0.09,0.11199999999999999,0.5,0.5,-0.10099999999999999,,0.007557734847068787,0.04074404761195183,,,1.0,normal
2070,30,scenario3_repeated_spike,D3QN,50,0.0,1,0.09,0.11199999999999999,0.5,0.5,-0.10099999999999999,,0.0017979424446821213,0.024113725870847702,,,1.0,normal
2071,30,scenario3_repeated_spike,D3QN,50,0.0,1,0.09,0.11199999999999999,0.5,0.5,-0.10099999999999999,,0.0052154092118144035,0.02955356426537037,,,1.0,normal
2072,30,scenario3_repeated_spike,D3QN,50,0.0,1,0.09,0.11199999999999999,0.5,0.5,-0.10099999999999999,,0.0076558031141757965,0.04062395915389061,,,1.0,normal
2073,30,scenario3_repeated_spike,D3QN,50,0.0,1,0.09,0.11199999999999999,0.5,0.5,-0.10099999999999999,,0.0031395889818668365,0.03973984718322754,,,1.0,normal
2074,30,scenario3_repeated_spike,D3QN,50,0.0,1,0.09,0.11199999999999999,0.5,0.5,-0.10099999999999999,,0.004764612298458815,0.0314779058098793,,,1.0,normal
2075,30,scenario3_repeated_spike,D3QN,50,0.0,1,0.09,0.11199999999999999,0.5,0.5,-0.10099999999999999,,0.007124671712517738,0.03823470696806908,,,1.0,normal
2076,30,scenario3_repeated_spike,D3QN,50,0.0,1,0.09,0.11199999999999999,0.5,0.5,-0.10099999999999999,,0.0058182720094919205,0.04188624769449234,,,1.0,normal
2077,30,scenario3_repeated_spike,D3QN,50,0.0,1,0.09,0.11199999999999999,0.5,0.5,-0.10099999999999999,,0.002116449410095811,0.029710203409194946,,,1.0,normal
2078,30,scenario3_repeated_spike,D3QN,50,0.0,1,0.09,0.11199999999999999,0.5,0.5,-0.10099999999999999,,0.0009102540789172053,0.022898681461811066,,,1.0,normal
2079,30,scenario3_repeated_spike,D3QN,50,0.0,1,0.09,0.11199999999999999,0.5,0.5,-0.10099999999999999,,0.001981130801141262,0.025752607733011246,,,1.0,normal
2080,30,scenario3_repeated_spike,D3QN,50,0.0,1,0.09,0.11199999999999999,0.5,0.5,-0.10099999999999999,,0.004549778066575527,0.03037916123867035,,,1.0,normal
2081,30,scenario3_repeated_spike,D3QN,50,0.0,1,0.09,0.11199999999999999,0.5,0.5,-0.10099999999999999,,0.0028094048611819744,0.030203528702259064,,,1.0,normal
2082,30,scenario3_repeated_spike,D3QN,50,0.0,1,0.09,0.11199999999999999,0.5,0.5,-0.10099999999999999,,0.03438389673829079,0.04515490680932999,,,1.0,normal
2083,30,scenario3_repeated_spike,D3QN,50,0.0,1,0.09,0.11199999999999999,0.5,0.5,-0.10099999999999999,,0.0027405607979744673,0.021443620324134827,,,1.0,normal
2084,30,scenario3_repeated_spike,D3QN,50,0.0,1,0.09,0.11199999999999999,0.5,0.5,-0.10099999999999999,,0.004153430927544832,0.0337211899459362,,,1.0,normal
2085,30,scenario3_repeated_spike,D3QN,50,0.0,1,0.09,0.11199999999999999,0.5,0.5,-0.10099999999999999,,0.009203254245221615,0.04806574061512947,,,1.0,normal
2086,30,scenario3_repeated_spike,D3QN,50,0.0,1,0.09,0.11199999999999999,0.5,0.5,-0.10099999999999999,,0.0015039481222629547,0.01911669783294201,,,1.0,normal
2087,30,scenario3_repeated_spike,D3QN,50,0.0,1,0.09,0.11199999999999999,0.5,0.5,-0.10099999999999999,,0.019474836066365242,0.04439467191696167,,,1.0,normal
2088,30,scenario3_repeated_spike,D3QN,50,0.0,1,0.09,0.11199999999999999,0.5,0.5,-0.10099999999999999,,0.02149076759815216,0.05053667351603508,,,1.0,normal
2089,30,scenario3_repeated_spike,D3QN,50,0.0,1,0.09,0.11199999999999999,0.5,0.5,-0.10099999999999999,,0.002364734886214137,0.029208963736891747,,,1.0,normal
2090,30,scenario3_repeated_spike,D3QN,50,0.0,1,0.09,0.11199999999999999,0.5,0.5,-0.10099999999999999,,0.03837534040212631,0.05294257402420044,,,1.0,normal
2091,30,scenario3_repeated_spike,D3QN,50,0.0,1,0.09,0.11199999999999999,0.5,0.5,-0.10099999999999999,,0.0030943576712161303,0.02632748708128929,,,1.0,normal
2092,30,scenario3_repeated_spike,D3QN,50,0.0,1,0.09,0.11199999999999999,0.5,0.5,-0.10099999999999999,,0.0026549615431576967,0.026250088587403297,,,1.0,normal
2093,30,scenario3_repeated_spike,D3QN,50,0.0,1,0.09,0.11199999999999999,0.5,0.5,-0.10099999999999999,,0.003183277789503336,0.03345465660095215,,,1.0,normal
2094,30,scenario3_repeated_spike,D3QN,50,0.0,1,0.09,0.11199999999999999,0.5,0.5,-0.10099999999999999,,0.008824805729091167,0.043307170271873474,,,1.0,normal
2095,30,scenario3_repeated_spike,D3QN,50,0.0,1,0.09,0.11199999999999999,0.5,0.5,-0.10099999999999999,,0.03432581201195717,0.04181981086730957,,,1.0,normal
2096,30,scenario3_repeated_spike,D3QN,50,1.0,0,0.060625,0.197,0.5,0.5,-0.1288125,,0.030362311750650406,0.047568563371896744,,,1.0,normal
2097,30,scenario3_repeated_spike,D3QN,50,0.0,1,0.09,0.11199999999999999,0.5,0.5,-0.10099999999999999,,0.02045133151113987,0.08145882189273834,,,1.0,normal
2098,30,scenario3_repeated_spike,D3QN,50,0.0,1,0.09,0.11199999999999999,0.5,0.5,-0.10099999999999999,,0.04667489975690842,0.10695608705282211,,,1.0,normal
2099,30,scenario3_repeated_spike,D3QN,50,0.0,1,0.09,0.11199999999999999,0.5,0.5,-0.10099999999999999,,0.028527971357107162,0.0971294641494751,,,1.0,normal
2100,30,scenario3_repeated_spike,D3QN,50,0.0,1,0.09,0.11199999999999999,0.5,0.5,-0.10099999999999999,,0.013614415191113949,0.10264713317155838,,,1.0,normal
2101,30,scenario3_repeated_spike,D3QN,50,0.0,1,0.09,0.11199999999999999,0.5,0.5,-0.10099999999999999,,0.015966420993208885,0.1053122729063034,,,1.0,normal
2102,30,scenario3_repeated_spike,D3QN,50,0.0,1,0.09,0.11199999999999999,0.5,0.5,-0.10099999999999999,,0.03557077422738075,0.12871353328227997,,,1.0,normal
2103,30,scenario3_repeated_spike,D3QN,50,0.0,1,0.09,0.11199999999999999,0.5,0.5,-0.10099999999999999,,0.046763330698013306,0.150822252035141,,,1.0,normal
2104,30,scenario3_repeated_spike,D3QN,50,0.0,1,0.09,0.11199999999999999,0.5,0.5,-0.10099999999999999,,0.02487163431942463,0.11697301268577576,,,1.0,normal
2105,30,scenario3_repeated_spike,D3QN,50,0.0,1,0.09,0.11199999999999999,0.5,0.5,-0.10099999999999999,,0.009027655236423016,0.08418616652488708,,,1.0,normal
2106,30,scenario3_repeated_spike,D3QN,50,0.0,1,0.09,0.11199999999999999,0.5,0.5,-0.10099999999999999,,0.01747111789882183,0.1107478141784668,,,1.0,normal
2107,30,scenario3_repeated_spike,D3QN,50,0.0,1,0.09,0.11199999999999999,0.5,0.5,-0.10099999999999999,,0.018173307180404663,0.11198628693819046,,,1.0,normal
2108,30,scenario3_repeated_spike,D3QN,50,0.0,1,0.09,0.11199999999999999,0.5,0.5,-0.10099999999999999,,0.008895061910152435,0.0844041109085083,,,1.0,normal
2109,30,scenario3_repeated_spike,D3QN,50,0.0,1,0.09,0.11199999999999999,0.5,0.5,-0.10099999999999999,,0.005421946756541729,0.05917415767908096,,,1.0,normal
2110,30,scenario3_repeated_spike,D3QN,50,0.0,1,0.09,0.11199999999999999,0.5,0.5,-0.10099999999999999,,0.004449361003935337,0.059873949736356735,,,1.0,normal
2111,30,scenario3_repeated_spike,D3QN,50,0.0,1,0.09,0.11199999999999999,0.5,0.5,-0.10099999999999999,,0.042589906603097916,0.08163373917341232,,,1.0,normal
2112,30,scenario3_repeated_spike,D3QN,50,1.0,0,0.060625,0.197,0.5,0.5,-0.1288125,,0.010780079290270805,0.08216001093387604,,,1.0,normal
2113,30,scenario3_repeated_spike,D3QN,50,0.0,1,0.09,0.11199999999999999,0.5,0.5,-0.10099999999999999,,0.014911232516169548,0.0906137079000473,,,1.0,normal
2114,30,scenario3_repeated_spike,D3QN,50,1.0,0,0.060625,0.197,0.5,0.5,-0.1288125,,0.0075089107267558575,0.06776441633701324,,,1.0,normal
2115,30,scenario3_repeated_spike,D3QN,50,1.9000000000000004,0,0.0611875,0.19790000000000002,0.5,0.5,-0.12954375,,0.00639372831210494,0.06487546861171722,,,1.0,normal
2116,30,scenario3_repeated_spike,D3QN,50,0.0,1,0.09,0.11199999999999999,0.5,0.5,-0.10099999999999999,,0.0068198516964912415,0.06293535232543945,,,1.0,normal
2117,30,scenario3_repeated_spike,D3QN,50,1.0,0,0.060625,0.197,0.5,0.5,-0.1288125,,0.007939283736050129,0.050081636756658554,,,1.0,normal
2118,30,scenario3_repeated_spike,D3QN,50,1.9000000000000004,0,0.0611875,0.19790000000000002,0.5,0.5,-0.12954375,,0.005385678261518478,0.05355864018201828,,,1.0,normal
2119,30,scenario3_repeated_spike,D3QN,50,0.0,1,0.09,0.11199999999999999,0.5,0.5,-0.10099999999999999,,0.011610896326601505,0.07491778582334518,,,1.0,normal
2120,30,scenario3_repeated_spike,D3QN,50,1.0,0,0.060625,0.197,0.5,0.5,-0.1288125,,0.006875263527035713,0.057010166347026825,,,1.0,normal
2121,30,scenario3_repeated_spike,D3QN,50,1.9000000000000004,0,0.0611875,0.19790000000000002,0.5,0.5,-0.12954375,,0.002266764407977462,0.025318503379821777,,,1.0,normal
2122,30,scenario3_repeated_spike,D3QN,50,0.0,1,0.09,0.11199999999999999,0.5,0.5,-0.10099999999999999,,0.04452329874038696,0.07344317436218262,,,1.0,normal
2123,30,scenario3_repeated_spike,D3QN,50,1.0,0,0.060625,0.197,0.5,0.5,-0.1288125,,0.0075945621356368065,0.03912448137998581,,,1.0,normal
2124,30,scenario3_repeated_spike,D3QN,50,1.9000000000000004,0,0.0611875,0.19790000000000002,0.5,0.5,-0.12954375,,0.007495901547372341,0.05831945315003395,,,1.0,normal
2125,30,scenario3_repeated_spike,D3QN,50,2.710000000000001,0,0.061693750000000006,0.19871000000000003,0.5,0.5,-0.13020187500000002,,0.013080707751214504,0.07689528912305832,,,1.0,normal
2126,30,scenario3_repeated_spike,D3QN,50,0.0,1,0.09,0.11199999999999999,0.5,0.5,-0.10099999999999999,,0.00450742756947875,0.04311500862240791,,,1.0,normal
2127,30,scenario3_repeated_spike,D3QN,50,1.0,0,0.060625,0.197,0.5,0.5,-0.1288125,,0.006913624703884125,0.05230293422937393,,,1.0,normal
2128,30,scenario3_repeated_spike,D3QN,50,1.9000000000000004,0,0.0611875,0.19790000000000002,0.5,0.5,-0.12954375,,0.01084946934133768,0.0552208237349987,,,1.0,normal
2129,30,scenario3_repeated_spike,D3QN,50,2.710000000000001,0,0.061693750000000006,0.19871000000000003,0.5,0.5,-0.13020187500000002,,0.005673045292496681,0.0418018102645874,,,1.0,normal
2130,30,scenario3_repeated_spike,D3QN,50,0.0,1,0.09,0.11199999999999999,0.5,0.5,-0.10099999999999999,,0.00940442830324173,0.05082745850086212,,,1.0,normal
2131,30,scenario3_repeated_spike,D3QN,50,0.0,1,0.09,0.11199999999999999,0.5,0.5,-0.10099999999999999,,0.008034922182559967,0.05559070408344269,,,1.0,normal
2132,30,scenario3_repeated_spike,D3QN,50,1.0,0,0.060625,0.197,0.5,0.5,-0.1288125,,0.0073839882388710976,0.04140961170196533,,,1.0,normal
2133,30,scenario3_repeated_spike,D3QN,50,1.9000000000000004,0,0.0611875,0.19790000000000002,0.5,0.5,-0.12954375,,0.008540315553545952,0.05699486657977104,,,1.0,normal
2134,30,scenario3_repeated_spike,D3QN,50,2.710000000000001,0,0.061693750000000006,0.19871000000000003,0.5,0.5,-0.13020187500000002,,0.010032333433628082,0.06317608058452606,,,1.0,normal
2135,30,scenario3_repeated_spike,D3QN,50,0.0,1,0.09,0.11199999999999999,0.5,0.5,-0.10099999999999999,,0.006671103183180094,0.04798891767859459,,,1.0,normal
2136,30,scenario3_repeated_spike,D3QN,50,0.0,1,0.09,0.11199999999999999,0.5,0.5,-0.10099999999999999,,0.004850126802921295,0.0408238023519516,,,1.0,normal
2137,30,scenario3_repeated_spike,D3QN,50,1.0,0,0.060625,0.197,0.5,0.5,-0.1288125,,0.005002805031836033,0.04486863315105438,,,1.0,normal
2138,30,scenario3_repeated_spike,D3QN,50,1.9000000000000004,0,0.0611875,0.19790000000000002,0.5,0.5,-0.12954375,,0.004080658778548241,0.03226996585726738,,,1.0,normal
2139,30,scenario3_repeated_spike,D3QN,50,0.0,1,0.09,0.11199999999999999,0.5,0.5,-0.10099999999999999,,0.009200631640851498,0.05705218389630318,,,1.0,normal
2140,30,scenario3_repeated_spike,D3QN,50,1.0,0,0.060625,0.197,0.5,0.5,-0.1288125,,0.011070065200328827,0.0659220814704895,,,1.0,normal
2141,30,scenario3_repeated_spike,D3QN,50,1.9000000000000004,0,0.0611875,0.19790000000000002,0.5,0.5,-0.12954375,,0.04127080366015434,0.06430882960557938,,,1.0,normal
2142,30,scenario3_repeated_spike,D3QN,50,0.0,1,0.09,0.11199999999999999,0.5,0.5,-0.10099999999999999,,0.0015768271405249834,0.02718692645430565,,,1.0,normal
2143,30,scenario3_repeated_spike,D3QN,50,1.0,0,0.060625,0.197,0.5,0.5,-0.1288125,,0.003994430880993605,0.040572039783000946,,,1.0,normal
2144,30,scenario3_repeated_spike,D3QN,50,0.0,1,0.09,0.11199999999999999,0.5,0.5,-0.10099999999999999,,0.03307724371552467,0.05362263694405556,,,1.0,normal
2145,30,scenario3_repeated_spike,D3QN,50,1.0,0,0.060625,0.197,0.5,0.5,-0.1288125,,0.004687259439378977,0.0407697968184948,,,1.0,normal
2146,30,scenario3_repeated_spike,D3QN,50,0.0,1,0.09,0.11199999999999999,0.5,0.5,-0.10099999999999999,,0.0020564221777021885,0.027252674102783203,,,1.0,normal
2147,30,scenario3_repeated_spike,D3QN,50,0.0,1,0.09,0.11199999999999999,0.5,0.5,-0.10099999999999999,,0.007852114737033844,0.06227535009384155,,,1.0,normal
2148,30,scenario3_repeated_spike,D3QN,50,0.0,1,0.09,0.11199999999999999,0.5,0.5,-0.10099999999999999,,0.015946993604302406,0.08338318765163422,,,1.0,normal
2149,30,scenario3_repeated_spike,D3QN,50,0.0,1,0.09,0.11199999999999999,0.5,0.5,-0.10099999999999999,,0.010734306648373604,0.06790075451135635,,,1.0,normal
2150,30,scenario3_repeated_spike,D3QN,50,0.0,1,0.09,0.11199999999999999,0.5,0.5,-0.10099999999999999,,0.0027164670173078775,0.039674557745456696,,,1.0,normal
2151,30,scenario3_repeated_spike,D3QN,50,0.0,1,0.09,0.11199999999999999,0.5,0.5,-0.10099999999999999,,0.006887056864798069,0.06161675229668617,,,1.0,normal
2152,30,scenario3_repeated_spike,D3QN,50,0.0,1,0.09,0.11199999999999999,0.5,0.5,-0.10099999999999999,,0.0012959467712789774,0.030227866023778915,,,1.0,normal
2153,30,scenario3_repeated_spike,D3QN,50,0.0,1,0.09,0.11199999999999999,0.5,0.5,-0.10099999999999999,,0.004556436091661453,0.04188845306634903,,,1.0,normal
2154,30,scenario3_repeated_spike,D3QN,50,0.0,1,0.09,0.11199999999999999,0.5,0.5,-0.10099999999999999,,0.011412025429308414,0.0676410123705864,,,1.0,normal
2155,30,scenario3_repeated_spike,D3QN,50,0.0,1,0.09,0.11199999999999999,0.5,0.5,-0.10099999999999999,,0.007611357606947422,0.05600043758749962,,,1.0,normal
2156,30,scenario3_repeated_spike,D3QN,50,0.0,1,0.09,0.11199999999999999,0.5,0.5,-0.10099999999999999,,0.0015289750881493092,0.027713127434253693,,,1.0,normal
2157,30,scenario3_repeated_spike,D3QN,50,0.0,1,0.09,0.11199999999999999,0.5,0.5,-0.10099999999999999,,0.007017126306891441,0.051232270896434784,,,1.0,normal
2158,30,scenario3_repeated_spike,D3QN,50,0.0,1,0.09,0.11199999999999999,0.5,0.5,-0.10099999999999999,,0.00340315792709589,0.02462625876069069,,,1.0,normal
2159,30,scenario3_repeated_spike,D3QN,50,0.0,1,0.09,0.11199999999999999,0.5,0.5,-0.10099999999999999,,0.009841108694672585,0.06025360897183418,,,1.0,normal
2160,30,scenario3_repeated_spike,D3QN,50,0.0,1,0.09,0.11199999999999999,0.5,0.5,-0.10099999999999999,,0.027722584083676338,0.0683857798576355,,,1.0,normal
2161,30,scenario3_repeated_spike,D3QN,50,0.0,1,0.09,0.11199999999999999,0.5,0.5,-0.10099999999999999,,0.002664489671587944,0.028616853058338165,,,1.0,normal
2162,30,scenario3_repeated_spike,D3QN,50,0.0,1,0.09,0.11199999999999999,0.5,0.5,-0.10099999999999999,,0.02492656745016575,0.049832798540592194,,,1.0,normal
2163,30,scenario3_repeated_spike,D3QN,50,0.0,1,0.09,0.11199999999999999,0.5,0.5,-0.10099999999999999,,0.005186513066291809,0.03765488043427467,,,1.0,normal
2164,30,scenario3_repeated_spike,D3QN,50,0.0,1,0.09,0.11199999999999999,0.5,0.5,-0.10099999999999999,,0.0035142803099006414,0.033668581396341324,,,1.0,normal
2165,30,scenario3_repeated_spike,D3QN,50,0.0,1,0.09,0.11199999999999999,0.5,0.5,-0.10099999999999999,,0.006185249425470829,0.035242412239313126,,,1.0,normal
2166,30,scenario3_repeated_spike,D3QN,50,0.0,1,0.09,0.11199999999999999,0.5,0.5,-0.10099999999999999,,0.007661360781639814,0.045213207602500916,,,1.0,normal
2167,30,scenario3_repeated_spike,D3QN,50,0.0,1,0.09,0.11199999999999999,0.5,0.5,-0.10099999999999999,,0.006389610003679991,0.026478596031665802,,,1.0,normal
2168,30,scenario3_repeated_spike,D3QN,50,0.0,1,0.09,0.11199999999999999,0.5,0.5,-0.10099999999999999,,0.006047552917152643,0.04119136556982994,,,1.0,normal
2169,30,scenario3_repeated_spike,D3QN,50,0.0,1,0.09,0.11199999999999999,0.5,0.5,-0.10099999999999999,,0.010293332859873772,0.05283302813768387,,,1.0,normal
2170,30,scenario3_repeated_spike,D3QN,50,0.0,1,0.09,0.11199999999999999,0.5,0.5,-0.10099999999999999,,0.007351363077759743,0.04408792778849602,,,1.0,normal
2171,30,scenario3_repeated_spike,D3QN,50,0.0,1,0.09,0.11199999999999999,0.5,0.5,-0.10099999999999999,,0.002601378597319126,0.02203310653567314,,,1.0,normal
2172,30,scenario3_repeated_spike,D3QN,50,0.0,1,0.09,0.11199999999999999,0.5,0.5,-0.10099999999999999,,0.005557442083954811,0.04200264811515808,,,1.0,normal
2173,30,scenario3_repeated_spike,D3QN,50,0.0,1,0.09,0.11199999999999999,0.5,0.5,-0.10099999999999999,,0.0044876751489937305,0.019194167107343674,,,1.0,normal
2174,30,scenario3_repeated_spike,D3QN,50,0.0,1,0.09,0.11199999999999999,0.5,0.5,-0.10099999999999999,,0.010520926676690578,0.0597323514521122,,,1.0,normal
2175,30,scenario3_repeated_spike,D3QN,50,0.0,1,0.09,0.11199999999999999,0.5,0.5,-0.10099999999999999,,0.011811855249106884,0.05825961008667946,,,1.0,normal
2176,30,scenario3_repeated_spike,D3QN,50,0.0,1,0.09,0.11199999999999999,0.5,0.5,-0.10099999999999999,,0.008778233081102371,0.0453273169696331,,,1.0,normal
2177,30,scenario3_repeated_spike,D3QN,50,0.0,1,0.09,0.11199999999999999,0.5,0.5,-0.10099999999999999,,0.002628852380439639,0.019888486713171005,,,1.0,normal
2178,30,scenario3_repeated_spike,D3QN,50,0.0,1,0.09,0.11199999999999999,0.5,0.5,-0.10099999999999999,,0.003918738570064306,0.036422569304704666,,,1.0,normal
2179,30,scenario3_repeated_spike,D3QN,50,0.0,1,0.09,0.11199999999999999,0.5,0.5,-0.10099999999999999,,0.0013214991195127368,0.01743534952402115,,,1.0,normal
2180,30,scenario3_repeated_spike,D3QN,50,0.0,1,0.09,0.11199999999999999,0.5,0.5,-0.10099999999999999,,0.003342695999890566,0.03128393739461899,,,1.0,normal
2181,30,scenario3_repeated_spike,D3QN,50,0.0,1,0.09,0.11199999999999999,0.5,0.5,-0.10099999999999999,,0.008447952568531036,0.05464179813861847,,,1.0,normal
2182,30,scenario3_repeated_spike,D3QN,50,0.0,1,0.09,0.11199999999999999,0.5,0.5,-0.10099999999999999,,0.0016081174835562706,0.025954559445381165,,,1.0,normal
2183,30,scenario3_repeated_spike,D3QN,50,0.0,1,0.09,0.11199999999999999,0.5,0.5,-0.10099999999999999,,0.00788073055446148,0.04463783651590347,,,1.0,normal
2184,30,scenario3_repeated_spike,D3QN,50,0.0,1,0.09,0.11199999999999999,0.5,0.5,-0.10099999999999999,,0.017212942242622375,0.0772988572716713,,,1.0,normal
2185,30,scenario3_repeated_spike,D3QN,50,0.0,1,0.09,0.11199999999999999,0.5,0.5,-0.10099999999999999,,0.00916281994432211,0.04975709691643715,,,1.0,normal
2186,30,scenario3_repeated_spike,D3QN,50,0.0,1,0.09,0.11199999999999999,0.5,0.5,-0.10099999999999999,,0.002976170042529702,0.024752136319875717,,,1.0,normal
2187,30,scenario3_repeated_spike,D3QN,50,0.0,1,0.09,0.11199999999999999,0.5,0.5,-0.10099999999999999,,0.006928383372724056,0.03550773859024048,,,1.0,normal
2188,30,scenario3_repeated_spike,D3QN,50,1.0,0,0.060625,0.197,0.5,0.5,-0.1288125,,0.002672406379133463,0.026639215648174286,,,1.0,normal
2189,30,scenario3_repeated_spike,D3QN,50,0.0,1,0.09,0.11199999999999999,0.5,0.5,-0.10099999999999999,,0.0008419312653131783,0.01377284899353981,,,1.0,normal
2190,30,scenario3_repeated_spike,D3QN,50,0.0,1,0.09,0.11199999999999999,0.5,0.5,-0.10099999999999999,,0.0016175543423742056,0.02442726492881775,,,1.0,normal
2191,30,scenario3_repeated_spike,D3QN,50,0.0,1,0.09,0.11199999999999999,0.5,0.5,-0.10099999999999999,,0.03478345647454262,0.03878207504749298,,,1.0,normal
2192,30,scenario3_repeated_spike,D3QN,50,0.0,1,0.09,0.11199999999999999,0.5,0.5,-0.10099999999999999,,0.000757941568735987,0.01759781688451767,,,1.0,normal
2193,30,scenario3_repeated_spike,D3QN,50,0.0,1,0.09,0.11199999999999999,0.5,0.5,-0.10099999999999999,,0.0018823851132765412,0.02033872902393341,,,1.0,normal
2194,30,scenario3_repeated_spike,D3QN,50,0.0,1,0.09,0.11199999999999999,0.5,0.5,-0.10099999999999999,,0.0020649502985179424,0.022865653038024902,,,1.0,normal
2195,30,scenario3_repeated_spike,D3QN,50,0.0,1,0.09,0.11199999999999999,0.5,0.5,-0.10099999999999999,,0.0348951630294323,0.037855081260204315,,,1.0,normal
2196,30,scenario3_repeated_spike,D3QN,50,0.0,1,0.09,0.11199999999999999,0.5,0.5,-0.10099999999999999,,0.0033066472969949245,0.02816365659236908,,,1.0,normal
2197,30,scenario3_repeated_spike,D3QN,50,0.0,1,0.09,0.11199999999999999,0.5,0.5,-0.10099999999999999,,0.0007406802615150809,0.013893187046051025,,,1.0,normal
2198,30,scenario3_repeated_spike,D3QN,50,0.0,1,0.09,0.11199999999999999,0.5,0.5,-0.10099999999999999,,0.0010811599204316735,0.01979280263185501,,,1.0,normal
2199,30,scenario3_repeated_spike,D3QN,50,0.0,1,0.09,0.11199999999999999,0.5,0.5,-0.10099999999999999,,0.0037581976503133774,0.018250461667776108,,,1.0,normal
2200,30,scenario3_repeated_spike,D3QN,150,13.0,1,0.11472727272727273,0.21178181818181818,0.5,0.5,-0.16325454545454546,,0.01112072728574276,0.09514108300209045,,,1.0,spike
2201,30,scenario3_repeated_spike,D3QN,150,24.700000000000003,1,0.11898181818181819,0.21518545454545457,0.5,0.5,-0.16708363636363638,,0.031064048409461975,0.10266637057065964,,,1.0,spike
2202,30,scenario3_repeated_spike,D3QN,150,35.230000000000004,1,0.1228109090909091,0.2182487272727273,0.5,0.5,-0.1705298181818182,,0.00848742201924324,0.08743343502283096,,,1.0,spike
2203,30,scenario3_repeated_spike,D3QN,150,44.70700000000001,1,0.1262570909090909,0.22100567272727273,0.5,0.5,-0.17363138181818183,,0.01970374770462513,0.10618960857391357,,,1.0,spike
2204,30,scenario3_repeated_spike,D3QN,150,53.2363,1,0.12935865454545456,0.22348692363636366,0.5,0.5,-0.1764227890909091,,0.004783608950674534,0.06822211295366287,,,1.0,spike
2205,30,scenario3_repeated_spike,D3QN,150,60.91266999999999,1,0.13215006181818184,0.2257200494545455,0.5,0.5,-0.17893505563636367,,0.008235459215939045,0.0809766948223114,,,1.0,spike
2206,30,scenario3_repeated_spike,D3QN,150,67.821403,1,0.13466232836363637,0.2277298626909091,0.5,0.5,-0.18119609552727273,,0.012152190320193768,0.09085388481616974,,,1.0,spike
2207,30,scenario3_repeated_spike,D3QN,150,74.0392627,1,0.13692336825454546,0.22953869460363638,0.5,0.5,-0.18323103142909092,,0.009799819439649582,0.0804891437292099,,,1.0,spike
2208,30,scenario3_repeated_spike,D3QN,150,79.63533643,1,0.13895830415636365,0.23116664332509093,0.5,0.5,-0.1850624737407273,,0.014229001477360725,0.08930611610412598,,,1.0,spike
2209,30,scenario3_repeated_spike,D3QN,150,84.671802787,1,0.14078974646800002,0.23263179717440002,0.5,0.5,-0.18671077182120002,,0.035691991448402405,0.10290239751338959,,,1.0,spike
2210,30,scenario3_repeated_spike,D3QN,150,89.2046225083,1,0.14243804454847273,0.2339504356387782,0.5,0.5,-0.18819424009362545,,0.014361788518726826,0.08156543970108032,,,1.0,spike
2211,30,scenario3_repeated_spike,D3QN,150,93.28416025747,1,0.14392151282089818,0.23513721025671858,0.5,0.5,-0.1895293615388084,,0.0032054686453193426,0.048478350043296814,,,1.0,spike
2212,30,scenario3_repeated_spike,D3QN,150,96.955744231723,1,0.1452566342660811,0.23620530741286488,0.5,0.5,-0.190730970839473,,0.004007291980087757,0.05319301411509514,,,1.0,spike
2213,30,scenario3_repeated_spike,D3QN,150,100.2601698085507,1,0.1464582435667457,0.23716659485339658,0.5,0.5,-0.19181241921007114,,0.0017131040804088116,0.035707831382751465,,,1.0,spike
2214,30,scenario3_repeated_spike,D3QN,150,103.23415282769564,1,0.14753969193734387,0.2380317535498751,0.5,0.5,-0.1927857227436095,,0.023019636049866676,0.054539430886507034,,,1.0,spike
2215,30,scenario3_repeated_spike,D3QN,150,105.91073754492608,1,0.1485129954708822,0.23881039637670576,0.5,0.5,-0.19366169592379398,,0.0016601153183728456,0.021346084773540497,,,1.0,spike
2216,30,scenario3_repeated_spike,D3QN,150,108.31966379043347,1,0.1493889686510667,0.2395111749208534,0.5,0.5,-0.19445007178596005,,0.006408673711121082,0.04100601747632027,,,1.0,spike
2217,30,scenario3_repeated_spike,D3QN,150,110.48769741139012,1,0.15017734451323278,0.24014187561058625,0.5,0.5,-0.19515961006190952,,0.04911850392818451,0.0707138255238533,,,1.0,spike
2218,30,scenario3_repeated_spike,D3QN,150,112.4389276702511,1,0.15088688278918225,0.2407095062313458,0.5,0.5,-0.19579819451026403,,0.0011019834782928228,0.016533799469470978,,,1.0,spike
2219,30,scenario3_repeated_spike,D3QN,150,114.195034903226,1,0.15152546723753674,0.24122037379002942,0.5,0.5,-0.19637292051378308,,0.01730497181415558,0.07784402370452881,,,1.0,spike
2220,30,scenario3_repeated_spike,D3QN,150,121.7755314129034,0,0.15610970713306463,0.5497755314129034,0.5,0.5,-0.352942619272984,,0.023042093962430954,0.07895374298095703,,,1.0,spike
2221,30,scenario3_repeated_spike,D3QN,150,122.59797827161307,1,0.1545810830078593,0.24366486640628746,0.5,0.5,-0.19912297470707338,,0.021975303068757057,0.08795702457427979,,,1.0,spike
2222,30,scenario3_repeated_spike,D3QN,150,123.33818044445178,1,0.1548502474343461,0.2438801979474769,0.5,0.5,-0.1993652226909115,,0.008199554868042469,0.05569582059979439,,,1.0,spike
2223,30,scenario3_repeated_spike,D3QN,150,124.00436240000658,1,0.1550924954181842,0.24407399633454738,0.5,0.5,-0.19958324587636578,,0.003746114205569029,0.038457222282886505,,,1.0,spike
2224,30,scenario3_repeated_spike,D3QN,150,124.60392616000593,1,0.15531051860363854,0.24424841488291082,0.5,0.5,-0.19977946674327468,,0.0129000348970294,0.06675151735544205,,,1.0,spike
2225,30,scenario3_repeated_spike,D3QN,150,125.14353354400532,1,0.1555067394705474,0.24440539157643792,0.5,0.5,-0.19995606552349265,,0.0570090152323246,0.08459116518497467,,,1.0,spike
2226,30,scenario3_repeated_spike,D3QN,150,125.6291801896048,1,0.15568333825076539,0.2445466706006123,0.5,0.5,-0.20011500442568886,,0.00603031599894166,0.03690263256430626,,,1.0,spike
2227,30,scenario3_repeated_spike,D3QN,150,126.06626217064434,1,0.1558422771529616,0.2446738217223693,0.5,0.5,-0.20025804943766545,,0.012640595436096191,0.07473772764205933,,,1.0,spike
2228,30,scenario3_repeated_spike,D3QN,150,126.45963595357989,1,0.15598532216493816,0.24478825773195054,0.5,0.5,-0.20038678994844433,,0.05085419863462448,0.12459816038608551,,,1.0,spike
2229,30,scenario3_repeated_spike,D3QN,150,126.81367235822191,1,0.15611406267571706,0.24489125014057367,0.5,0.5,-0.20050265640814535,,0.01915295422077179,0.08052116632461548,,,1.0,spike
2230,30,scenario3_repeated_spike,D3QN,150,127.13230512239971,1,0.15622992913541808,0.24498394330833448,0.5,0.5,-0.20060693622187628,,0.0038489087019115686,0.043451011180877686,,,1.0,spike
2231,30,scenario3_repeated_spike,D3QN,150,127.41907461015973,1,0.15633420894914898,0.2450673671593192,0.5,0.5,-0.20070078805423408,,0.011184132657945156,0.06299461424350739,,,1.0,spike
2232,30,scenario3_repeated_spike,D3QN,150,127.67716714914377,1,0.15642806078150684,0.2451424486252055,0.5,0.5,-0.20078525470335618,,0.014335856772959232,0.07250992953777313,,,1.0,spike
2233,30,scenario3_repeated_spike,D3QN,150,127.9094504342294,1,0.15651252743062888,0.24521002194450314,0.5,0.5,-0.200861274687566,,0.030461426824331284,0.09766845405101776,,,1.0,spike
2234,30,scenario3_repeated_spike,D3QN,150,128.11850539080646,1,0.1565885474148387,0.245270837931871,0.5,0.5,-0.20092969267335486,,0.007479154504835606,0.05428846552968025,,,1.0,spike
2235,30,scenario3_repeated_spike,D3QN,150,128.30665485172582,1,0.15665696540062757,0.24532557232050206,0.5,0.5,-0.20099126886056481,,0.011831806972622871,0.07700864225625992,,,1.0,spike
2236,30,scenario3_repeated_spike,D3QN,150,128.47598936655325,1,0.15671854158783757,0.2453748332702701,0.5,0.5,-0.20104668742905385,,0.02339950203895569,0.10018879920244217,,,1.0,spike
2237,30,scenario3_repeated_spike,D3QN,150,128.62839042989793,1,0.15677396015632653,0.24541916812506126,0.5,0.5,-0.20109656414069388,,0.018689274787902832,0.08840169757604599,,,1.0,spike
2238,30,scenario3_repeated_spike,D3QN,150,128.76555138690816,1,0.1568238368679666,0.2454590694943733,0.5,0.5,-0.20114145318116994,,0.012054619379341602,0.07390397787094116,,,1.0,spike
2239,30,scenario3_repeated_spike,D3QN,150,128.88899624821732,1,0.15686872590844267,0.24549498072675413,0.5,0.5,-0.2011818533175984,,0.00863009411841631,0.0638032853603363,,,1.0,spike
2240,30,scenario3_repeated_spike,D3QN,150,129.0000966233956,1,0.15690912604487114,0.2455273008358969,0.5,0.5,-0.20121821344038404,,0.014619797468185425,0.07879709452390671,,,1.0,spike
2241,30,scenario3_repeated_spike,D3QN,150,129.10008696105604,1,0.15694548616765674,0.2455563889341254,0.5,0.5,-0.20125093755089107,,0.019688667729496956,0.0938933938741684,,,1.0,spike
2242,30,scenario3_repeated_spike,D3QN,150,129.19007826495044,1,0.1569782102781638,0.24558256822253105,0.5,0.5,-0.2012803892503474,,0.004035426769405603,0.04392591118812561,,,1.0,spike
2243,30,scenario3_repeated_spike,D3QN,150,129.2710704384554,1,0.15700766197762014,0.24560612958209616,0.5,0.5,-0.20130689577985816,,0.011946631595492363,0.07555258274078369,,,1.0,spike
2244,30,scenario3_repeated_spike,D3QN,150,129.3439633946099,1,0.15703416850713087,0.2456273348057047,0.5,0.5,-0.20133075165641778,,0.02338026650249958,0.10054147243499756,,,1.0,spike
2245,30,scenario3_repeated_spike,D3QN,150,135.4095670551489,0,0.16463097940946808,0.5634095670551489,0.5,0.5,-0.36402027323230846,,0.01379297859966755,0.07558222115039825,,,1.0,spike
2246,30,scenario3_repeated_spike,D3QN,150,134.86861034963403,1,0.15904313103623055,0.24723450482898446,0.5,0.5,-0.20313881793260752,,0.0033033706713467836,0.041803911328315735,,,1.0,spike
2247,30,scenario3_repeated_spike,D3QN,150,134.38174931467063,1,0.15886609065988022,0.24709287252790418,0.5,0.5,-0.2029794815938922,,0.015337878838181496,0.07363855838775635,,,1.0,spike
2248,30,scenario3_repeated_spike,D3QN,150,133.94357438320355,1,0.15870675432116493,0.24696540345693196,0.5,0.5,-0.20283607888904845,,0.045731689780950546,0.12208985537290573,,,1.0,spike
2249,30,scenario3_repeated_spike,D3QN,150,133.5492169448832,1,0.15856335161632118,0.24685068129305698,0.5,0.5,-0.20270701645468908,,0.03150083124637604,0.11958721280097961,,,1.0,spike
2250,30,scenario3_repeated_spike,D3QN,150,133.19429525039487,1,0.15843428918196178,0.24674743134556942,0.5,0.5,-0.2025908602637656,,0.006107593886554241,0.05154572054743767,,,1.0,spike
2251,30,scenario3_repeated_spike,D3QN,150,132.8748657253554,1,0.15831813299103834,0.2466545063928307,0.5,0.5,-0.20248631969193454,,0.007509136572480202,0.05878530815243721,,,1.0,spike
2252,30,scenario3_repeated_spike,D3QN,150,132.58737915281984,1,0.1582135924192072,0.2465708739353658,0.5,0.5,-0.2023922331772865,,0.021185895428061485,0.09432251751422882,,,1.0,spike
2253,30,scenario3_repeated_spike,D3QN,150,132.32864123753785,1,0.15811950590455923,0.2464956047236474,0.5,0.5,-0.20230755531410333,,0.02182282879948616,0.09654960036277771,,,1.0,spike
2254,30,scenario3_repeated_spike,D3QN,150,132.09577711378407,1,0.15803482804137603,0.24642786243310083,0.5,0.5,-0.20223134523723843,,0.039233580231666565,0.0723973959684372,,,1.0,spike
2255,30,scenario3_repeated_spike,D3QN,150,131.88619940240568,1,0.15795861796451116,0.24636689437160897,0.5,0.5,-0.20216275616806006,,0.004107025917619467,0.043297551572322845,,,1.0,spike
2256,30,scenario3_repeated_spike,D3QN,150,131.6975794621651,1,0.15789002889533277,0.2463120231162662,0.5,0.5,-0.2021010260057995,,0.0077156126499176025,0.04789759963750839,,,1.0,spike
2257,30,scenario3_repeated_spike,D3QN,150,131.52782151594857,1,0.15782829873307222,0.24626263898645778,0.5,0.5,-0.202045468859765,,0.0031484966166317463,0.038827985525131226,,,1.0,spike
2258,30,scenario3_repeated_spike,D3QN,150,131.3750393643537,1,0.15777274158703772,0.24621819326963018,0.5,0.5,-0.20199546742833396,,0.0055099837481975555,0.04502164572477341,,,1.0,spike
2259,30,scenario3_repeated_spike,D3QN,150,131.23753542791835,1,0.15772274015560667,0.24617819212448533,0.5,0.5,-0.201950466140046,,0.0018210820853710175,0.034431952983140945,,,1.0,spike
2260,30,scenario3_repeated_spike,D3QN,150,131.1137818851265,1,0.15767773886731873,0.246142191093855,0.5,0.5,-0.20190996498058686,,0.006826275028288364,0.04638166353106499,,,1.0,spike
2261,30,scenario3_repeated_spike,D3QN,150,131.00240369661387,1,0.1576372377078596,0.2461097901662877,0.5,0.5,-0.20187351393707365,,0.001691685989499092,0.028693608939647675,,,1.0,spike
2262,30,scenario3_repeated_spike,D3QN,150,130.9021633269525,1,0.15760078666434638,0.24608062933147712,0.5,0.5,-0.20184070799791176,,0.002142706187441945,0.028386346995830536,,,1.0,spike
2263,30,scenario3_repeated_spike,D3QN,150,130.81194699425726,1,0.15756798072518446,0.2460543845801476,0.5,0.5,-0.20181118265266604,,0.003310482483357191,0.02826683223247528,,,1.0,spike
2264,30,scenario3_repeated_spike,D3QN,150,130.73075229483152,1,0.15753845537993874,0.246030764303951,0.5,0.5,-0.20178460984194485,,0.0038317262660712004,0.035407666116952896,,,1.0,spike
2265,30,scenario3_repeated_spike,D3QN,150,130.65767706534837,1,0.15751188256921758,0.24600950605537408,0.5,0.5,-0.20176069431229582,,0.0036276886239647865,0.030815642327070236,,,1.0,spike
2266,30,scenario3_repeated_spike,D3QN,150,130.59190935881355,1,0.15748796703956855,0.24599037363165488,0.5,0.5,-0.20173917033561173,,0.0003611212014220655,0.012363165616989136,,,1.0,spike
2267,30,scenario3_repeated_spike,D3QN,150,130.5327184229322,1,0.15746644306288443,0.24597315445030754,0.5,0.5,-0.20171979875659599,,0.004110655747354031,0.027854114770889282,,,1.0,spike
2268,30,scenario3_repeated_spike,D3QN,150,130.47944658063898,1,0.15744707148386872,0.245957657187095,0.5,0.5,-0.20170236433548186,,0.010508399456739426,0.04886866733431816,,,1.0,spike
2269,30,scenario3_repeated_spike,D3QN,150,130.43150192257508,1,0.15742963706275456,0.24594370965020368,0.5,0.5,-0.2016866733564791,,0.008332979865372181,0.042073316872119904,,,1.0,spike
2270,30,scenario3_repeated_spike,D3QN,150,130.3883517303176,1,0.15741394608375184,0.2459311568670015,0.5,0.5,-0.20167255147537666,,0.004174442961812019,0.029467660933732986,,,1.0,spike
2271,30,scenario3_repeated_spike,D3QN,150,130.34951655728582,1,0.1573998242026494,0.24591985936211952,0.5,0.5,-0.20165984178238444,,0.0020073638297617435,0.022097822278738022,,,1.0,spike
2272,30,scenario3_repeated_spike,D3QN,150,130.31456490155725,1,0.1573871145096572,0.2459096916077258,0.5,0.5,-0.2016484030586915,,0.013814662583172321,0.04604899883270264,,,1.0,spike
2273,30,scenario3_repeated_spike,D3QN,150,130.28310841140154,1,0.1573756757859642,0.24590054062877137,0.5,0.5,-0.20163810820736777,,0.010892324149608612,0.043824855238199234,,,1.0,spike
2274,30,scenario3_repeated_spike,D3QN,150,130.2547975702614,1,0.1573653809346405,0.2458923047477124,0.5,0.5,-0.20162884284117644,,0.005929000210016966,0.03613480180501938,,,1.0,spike
2275,30,scenario3_repeated_spike,D3QN,150,130.22931781323524,1,0.1573561155684492,0.24588489245475936,0.5,0.5,-0.20162050401160428,,0.002595510333776474,0.03081345185637474,,,1.0,spike
2276,30,scenario3_repeated_spike,D3QN,150,130.20638603191173,1,0.15734777673887698,0.2458782213911016,0.5,0.5,-0.2016129990649893,,0.0017490142490714788,0.021108686923980713,,,1.0,spike
2277,30,scenario3_repeated_spike,D3QN,150,130.18574742872056,1,0.15734027179226204,0.24587221743380966,0.5,0.5,-0.20160624461303583,,0.02378331869840622,0.046812593936920166,,,1.0,spike
2278,30,scenario3_repeated_spike,D3QN,150,130.16717268584853,1,0.15733351734030854,0.24586681387224685,0.5,0.5,-0.2016001656062777,,0.0033056307584047318,0.03179759904742241,,,1.0,spike
2279,30,scenario3_repeated_spike,D3QN,150,130.1504554172637,1,0.15732743833355042,0.24586195066684036,0.5,0.5,-0.2015946945001954,,0.020207157358527184,0.036788467317819595,,,1.0,spike
2280,30,scenario3_repeated_spike,D3QN,150,130.13540987553733,1,0.15732196722746813,0.24585757378197454,0.5,0.5,-0.20158977050472132,,0.004325472749769688,0.032094575464725494,,,1.0,spike
2281,30,scenario3_repeated_spike,D3QN,150,130.12186888798362,1,0.15731704323199405,0.24585363458559528,0.5,0.5,-0.20158533890879465,,0.002567743416875601,0.022987686097621918,,,1.0,spike
2282,30,scenario3_repeated_spike,D3QN,150,130.10968199918528,1,0.15731261163606738,0.24585008930885394,0.5,0.5,-0.20158135047246067,,0.0026290786918252707,0.023410465568304062,,,1.0,spike
2283,30,scenario3_repeated_spike,D3QN,150,130.09871379926676,1,0.15730862319973338,0.2458468985597867,0.5,0.5,-0.20157776087976004,,0.0004181059484835714,0.011178895831108093,,,1.0,spike
2284,30,scenario3_repeated_spike,D3QN,150,130.0888424193401,1,0.15730503360703277,0.24584402688562623,0.5,0.5,-0.2015745302463295,,0.009714636020362377,0.05515848472714424,,,1.0,spike
2285,30,scenario3_repeated_spike,D3QN,150,130.07995817740607,1,0.15730180297360222,0.24584144237888178,0.5,0.5,-0.201571622676242,,0.009687751531600952,0.05308562144637108,,,1.0,spike
2286,30,scenario3_repeated_spike,D3QN,150,130.07196235966546,1,0.15729889540351472,0.2458391163228118,0.5,0.5,-0.20156900586316326,,0.005641576834022999,0.029769301414489746,,,1.0,spike
2287,30,scenario3_repeated_spike,D3QN,150,130.06476612369892,1,0.15729627859043596,0.24583702287234876,0.5,0.5,-0.20156665073139235,,0.005462646484375,0.04291783273220062,,,1.0,spike
2288,30,scenario3_repeated_spike,D3QN,150,130.058289511329,1,0.1572939234586651,0.24583513876693208,0.5,0.5,-0.2015645311127986,,0.005309713538736105,0.03294165059924126,,,1.0,spike
2289,30,scenario3_repeated_spike,D3QN,150,130.0524605601961,1,0.1572918038400713,0.24583344307205707,0.5,0.5,-0.20156262345606418,,0.00820369366556406,0.050440713763237,,,1.0,spike
2290,30,scenario3_repeated_spike,D3QN,150,130.0472145041765,1,0.1572898961833369,0.24583191694666956,0.5,0.5,-0.20156090656500325,,0.014610054902732372,0.05423141270875931,,,1.0,spike
2291,30,scenario3_repeated_spike,D3QN,150,136.04249305375885,0,0.1650265581585993,0.5640424930537589,0.5,0.5,-0.36453452560617905,,0.003947892226278782,0.030813299119472504,,,1.0,spike
2292,30,scenario3_repeated_spike,D3QN,150,135.43824374838294,1,0.15925027045395745,0.247400216363166,0.5,0.5,-0.20332524340856173,,0.005043658893555403,0.04016473516821861,,,1.0,spike
2293,30,scenario3_repeated_spike,D3QN,150,134.89441937354465,1,0.15905251613583443,0.24724201290866754,0.5,0.5,-0.203147264522251,,0.010885711759328842,0.056189075112342834,,,1.0,spike
2294,30,scenario3_repeated_spike,D3QN,150,134.4049774361902,1,0.15887453724952372,0.24709962979961897,0.5,0.5,-0.20298708352457134,,0.004333765245974064,0.03767358139157295,,,1.0,spike
2295,30,scenario3_repeated_spike,D3QN,150,133.96447969257116,1,0.15871435625184405,0.24697148500147525,0.5,0.5,-0.20284292062665965,,0.005084712989628315,0.039117179811000824,,,1.0,spike
2296,30,scenario3_repeated_spike,D3QN,150,133.56803172331405,1,0.15857019335393238,0.24685615468314592,0.5,0.5,-0.20271317401853917,,0.008274453692138195,0.0552038848400116,,,1.0,spike
2297,30,scenario3_repeated_spike,D3QN,150,133.21122855098264,1,0.15844044674581187,0.24675235739664952,0.5,0.5,-0.2025964020712307,,0.0022865869104862213,0.02914850041270256,,,1.0,spike
2298,30,scenario3_repeated_spike,D3QN,150,132.89010569588436,1,0.1583236747985034,0.24665893983880272,0.5,0.5,-0.20249130731865306,,0.007616220973432064,0.05087684467434883,,,1.0,spike
2299,30,scenario3_repeated_spike,D3QN,150,132.60109512629595,1,0.1582185800459258,0.24657486403674067,0.5,0.5,-0.20239672204133324,,0.03139311820268631,0.08585421741008759,,,1.0,spike
2300,30,scenario3_repeated_spike,D3QN,150,132.34098561366636,1,0.15812399476860595,0.24649919581488478,0.5,0.5,-0.20231159529174536,,0.01479305885732174,0.1051078513264656,,,1.0,spike
2301,30,scenario3_repeated_spike,D3QN,150,132.10688705229973,1,0.1580388680190181,0.2464310944152145,0.5,0.5,-0.2022349812171163,,0.006599532440304756,0.07783371955156326,,,1.0,spike
2302,30,scenario3_repeated_spike,D3QN,150,131.89619834706974,1,0.15796225394438898,0.2463698031555112,0.5,0.5,-0.20216602854995008,,0.01265140250325203,0.09510497748851776,,,1.0,spike
2303,30,scenario3_repeated_spike,D3QN,150,131.70657851236277,1,0.15789330127722281,0.24631464102177825,0.5,0.5,-0.20210397114950052,,0.012847404927015305,0.08469270169734955,,,1.0,spike
2304,30,scenario3_repeated_spike,D3QN,150,131.5359206611265,1,0.15783124387677328,0.24626499510141864,0.5,0.5,-0.20204811948909596,,0.01152871921658516,0.09732499718666077,,,1.0,spike
2305,30,scenario3_repeated_spike,D3QN,150,131.38232859501386,1,0.1577753922163687,0.24622031377309495,0.5,0.5,-0.20199785299473183,,0.016723407432436943,0.10622334480285645,,,1.0,spike
2306,30,scenario3_repeated_spike,D3QN,150,131.24409573551247,1,0.15772512572200456,0.24618010057760364,0.5,0.5,-0.20195261314980412,,0.01252626720815897,0.09324556589126587,,,1.0,spike
2307,30,scenario3_repeated_spike,D3QN,150,131.11968616196123,1,0.15767988587707682,0.24614390870166147,0.5,0.5,-0.20191189728936915,,0.007103323005139828,0.06594143807888031,,,1.0,spike
2308,30,scenario3_repeated_spike,D3QN,150,131.0077175457651,1,0.15763917001664188,0.24611133601331353,0.5,0.5,-0.20187525301497772,,0.00478310976177454,0.06437498331069946,,,1.0,spike
2309,30,scenario3_repeated_spike,D3QN,150,130.9069457911886,1,0.1576025257422504,0.24608202059380035,0.5,0.5,-0.2018422731680254,,0.007982302457094193,0.05860244110226631,,,1.0,spike
2310,30,scenario3_repeated_spike,D3QN,150,136.81625121206974,0,0.1655101570075436,0.5648162512120698,0.5,0.5,-0.3651632041098067,,0.012300092726945877,0.08306057751178741,,,1.0,spike
2311,30,scenario3_repeated_spike,D3QN,150,136.13462609086275,1,0.15950350039667735,0.2476028003173419,0.5,0.5,-0.2035531503570096,,0.014361372217535973,0.08988818526268005,,,1.0,spike
2312,30,scenario3_repeated_spike,D3QN,150,135.52116348177648,1,0.15928042308428236,0.2474243384674259,0.5,0.5,-0.20335238077585413,,0.006794494576752186,0.06515473872423172,,,1.0,spike
2313,30,scenario3_repeated_spike,D3QN,150,134.96904713359885,1,0.15907965350312686,0.24726372280250153,0.5,0.5,-0.2031716881528142,,0.0023254812695086002,0.03415088728070259,,,1.0,spike
2314,30,scenario3_repeated_spike,D3QN,150,134.47214242023898,1,0.1588989608800869,0.24711916870406953,0.5,0.5,-0.2030090647920782,,0.00975882913917303,0.060172464698553085,,,1.0,spike
2315,30,scenario3_repeated_spike,D3QN,150,134.02492817821508,1,0.15873633751935093,0.24698907001548076,0.5,0.5,-0.20286270376741583,,0.0031422474421560764,0.03150608018040657,,,1.0,spike
2316,30,scenario3_repeated_spike,D3QN,150,133.62243536039358,1,0.1585899764946886,0.24687198119575088,0.5,0.5,-0.20273097884521973,,0.00712164118885994,0.05464624986052513,,,1.0,spike
2317,30,scenario3_repeated_spike,D3QN,150,133.26019182435422,1,0.15845825157249244,0.246766601257994,0.5,0.5,-0.2026124264152432,,0.009831802919507027,0.05336894094944,,,1.0,spike
2318,30,scenario3_repeated_spike,D3QN,150,132.9341726419188,1,0.15833969914251594,0.24667175931401275,0.5,0.5,-0.20250572922826435,,0.033439893275499344,0.07993657886981964,,,1.0,spike
2319,30,scenario3_repeated_spike,D3QN,150,132.64075537772692,1,0.15823300195553708,0.24658640156442968,0.5,0.5,-0.20240970175998338,,0.004258146975189447,0.03915674611926079,,,1.0,spike
2320,30,scenario3_repeated_spike,D3QN,150,132.37667983995425,1,0.15813697448725608,0.2465095795898049,0.5,0.5,-0.20232327703853048,,0.009718927554786205,0.06530384719371796,,,1.0,spike
2321,30,scenario3_repeated_spike,D3QN,150,132.1390118559588,1,0.1580505497658032,0.24644043981264258,0.5,0.5,-0.20224549478922288,,0.0032227099873125553,0.03037412464618683,,,1.0,spike
2322,30,scenario3_repeated_spike,D3QN,150,131.92511067036293,1,0.15797276751649564,0.24637821401319654,0.5,0.5,-0.2021754907648461,,0.008169727399945259,0.05126836150884628,,,1.0,spike
2323,30,scenario3_repeated_spike,D3QN,150,131.73259960332663,1,0.1579027634921188,0.24632221079369504,0.5,0.5,-0.20211248714290692,,0.011887991800904274,0.07260805368423462,,,1.0,spike
2324,30,scenario3_repeated_spike,D3QN,150,131.55933964299396,1,0.15783975987017962,0.24627180789614372,0.5,0.5,-0.20205578388316167,,0.002080734586343169,0.028667837381362915,,,1.0,spike
2325,30,scenario3_repeated_spike,D3QN,150,131.40340567869458,1,0.1577830566104344,0.24622644528834753,0.5,0.5,-0.20200475094939097,,0.005535723175853491,0.0456467904150486,,,1.0,spike
2326,30,scenario3_repeated_spike,D3QN,150,131.26306511082512,1,0.1577320236766637,0.24618561894133095,0.5,0.5,-0.20195882130899734,,0.02220938354730606,0.09214296191930771,,,1.0,spike
2327,30,scenario3_repeated_spike,D3QN,150,137.13675859974262,0,0.16571047412483916,0.5651367585997427,0.5,0.5,-0.3654236163622909,,0.004788142628967762,0.04693800210952759,,,1.0,spike
2328,30,scenario3_repeated_spike,D3QN,150,136.42308273976835,1,0.15960839372355215,0.24768671497884176,0.5,0.5,-0.20364755435119697,,0.00226308754645288,0.03384164720773697,,,1.0,spike
2329,30,scenario3_repeated_spike,D3QN,150,135.78077446579152,1,0.15937482707846964,0.2474998616627757,0.5,0.5,-0.20343734437062266,,0.006028775591403246,0.04261091724038124,,,1.0,spike
2330,30,scenario3_repeated_spike,D3QN,150,135.2026970192124,1,0.15916461709789542,0.24733169367831637,0.5,0.5,-0.2032481553881059,,0.0025714256335049868,0.029663994908332825,,,1.0,spike
2331,30,scenario3_repeated_spike,D3QN,150,134.68242731729117,1,0.1589754281153786,0.24718034249230292,0.5,0.5,-0.20307788530384074,,0.011026140302419662,0.06878503412008286,,,1.0,spike
2332,30,scenario3_repeated_spike,D3QN,150,134.21418458556207,1,0.15880515803111347,0.24704412642489082,0.5,0.5,-0.20292464222800216,,0.00945688784122467,0.06244523823261261,,,1.0,spike
2333,30,scenario3_repeated_spike,D3QN,150,133.79276612700585,1,0.15865191495527486,0.2469215319642199,0.5,0.5,-0.20278672345974738,,0.009857922792434692,0.06508669257164001,,,1.0,spike
2334,30,scenario3_repeated_spike,D3QN,150,133.41348951430527,1,0.15851399618702008,0.24681119694961606,0.5,0.5,-0.2026625965683181,,0.002599015599116683,0.036786969751119614,,,1.0,spike
2335,30,scenario3_repeated_spike,D3QN,150,133.07214056287475,1,0.15838986929559082,0.24671189543647265,0.5,0.5,-0.20255088236603175,,0.010892183519899845,0.06895691156387329,,,1.0,spike
2336,30,scenario3_repeated_spike,D3QN,150,132.76492650658727,1,0.15827815509330445,0.24662252407464358,0.5,0.5,-0.20245033958397401,,0.005138247273862362,0.046661268919706345,,,1.0,spike
2337,30,scenario3_repeated_spike,D3QN,150,132.48843385592855,1,0.15817761231124675,0.2465420898489974,0.5,0.5,-0.20235985108012206,,0.010036601684987545,0.07130320370197296,,,1.0,spike
2338,30,scenario3_repeated_spike,D3QN,150,132.2395904703357,1,0.1580871238073948,0.24646969904591587,0.5,0.5,-0.20227841142665534,,0.030191076919436455,0.08701823651790619,,,1.0,spike
2339,30,scenario3_repeated_spike,D3QN,150,132.01563142330212,1,0.15800568415392804,0.24640454732314243,0.5,0.5,-0.20220511573853522,,0.0042357295751571655,0.04637998715043068,,,1.0,spike
2340,30,scenario3_repeated_spike,D3QN,150,131.81406828097192,1,0.15793238846580798,0.2463459107726464,0.5,0.5,-0.2021391496192272,,0.0037863736506551504,0.04545676335692406,,,1.0,spike
2341,30,scenario3_repeated_spike,D3QN,150,131.63266145287474,1,0.15786642234649992,0.24629313787719997,0.5,0.5,-0.20207978011184996,,0.007408913690596819,0.05896848440170288,,,1.0,spike
2342,30,scenario3_repeated_spike,D3QN,150,131.46939530758726,1,0.15780705283912264,0.24624564227129814,0.5,0.5,-0.20202634755521037,,0.0038428381085395813,0.04099658876657486,,,1.0,spike
2343,30,scenario3_repeated_spike,D3QN,150,131.32245577682852,1,0.1577536202824831,0.2462028962259865,0.5,0.5,-0.20197825825423482,,0.0065911575220525265,0.05429598689079285,,,1.0,spike
2344,30,scenario3_repeated_spike,D3QN,150,131.19021019914567,1,0.15770553098150752,0.24616442478520606,0.5,0.5,-0.2019349778833568,,0.017959723249077797,0.07337404787540436,,,1.0,spike
2345,30,scenario3_repeated_spike,D3QN,150,131.0711891792311,1,0.15766225061062952,0.24612980048850364,0.5,0.5,-0.2018960255495666,,0.007167494855821133,0.05662595108151436,,,1.0,spike
2346,30,scenario3_repeated_spike,D3QN,150,130.964070261308,1,0.15762329827683927,0.2460986386214714,0.5,0.5,-0.20186096844915535,,0.006634897086769342,0.04816095903515816,,,1.0,spike
2347,30,scenario3_repeated_spike,D3QN,150,130.8676632351772,1,0.15758824117642806,0.24607059294114247,0.5,0.5,-0.20182941705878527,,0.009611077606678009,0.05864126235246658,,,1.0,spike
2348,30,scenario3_repeated_spike,D3QN,150,130.78089691165945,1,0.15755668978605797,0.2460453518288464,0.5,0.5,-0.20180102080745219,,0.005386317148804665,0.03475956991314888,,,1.0,spike
2349,30,scenario3_repeated_spike,D3QN,150,130.70280722049353,1,0.15752829353472492,0.24602263482777997,0.5,0.5,-0.20177546418125245,,0.0041772304102778435,0.039522040635347366,,,1.0,spike
2350,30,scenario3_repeated_spike,D3QN,150,130.63252649844418,1,0.15750273690852518,0.24600218952682018,0.5,0.5,-0.20175246321767268,,0.011294079944491386,0.0603458508849144,,,1.0,spike
2351,30,scenario3_repeated_spike,D3QN,150,130.56927384859978,1,0.15747973594494538,0.24598378875595633,0.5,0.5,-0.20173176235045087,,0.009018276818096638,0.05807629972696304,,,1.0,spike
2352,30,scenario3_repeated_spike,D3QN,150,130.5123464637398,1,0.15745903507772357,0.24596722806217886,0.5,0.5,-0.20171313156995122,,0.004394036252051592,0.03742479160428047,,,1.0,spike
2353,30,scenario3_repeated_spike,D3QN,150,130.4611118173658,1,0.15744040429722392,0.24595232343777917,0.5,0.5,-0.20169636386750156,,0.0078004999086260796,0.05306633189320564,,,1.0,spike
2354,30,scenario3_repeated_spike,D3QN,150,130.4150006356292,1,0.15742363659477426,0.2459389092758194,0.5,0.5,-0.20168127293529683,,0.002856610808521509,0.02668111026287079,,,1.0,spike
2355,30,scenario3_repeated_spike,D3QN,150,130.3735005720663,1,0.15740854566256957,0.24592683653005565,0.5,0.5,-0.2016676910963126,,0.008320694789290428,0.060364022850990295,,,1.0,spike
2356,30,scenario3_repeated_spike,D3QN,150,130.33615051485967,1,0.15739496382358534,0.2459159710588683,0.5,0.5,-0.2016554674412268,,0.012564300559461117,0.06992380321025848,,,1.0,spike
2357,30,scenario3_repeated_spike,D3QN,150,130.30253546337372,1,0.15738274016849954,0.24590619213479964,0.5,0.5,-0.2016444661516496,,0.01207273080945015,0.057210832834243774,,,1.0,spike
2358,30,scenario3_repeated_spike,D3QN,150,130.27228191703637,1,0.1573717388789223,0.24589739110313785,0.5,0.5,-0.20163456499103008,,0.0030914319213479757,0.0333683118224144,,,1.0,spike
2359,30,scenario3_repeated_spike,D3QN,150,130.24505372533275,1,0.1573618377183028,0.24588947017464224,0.5,0.5,-0.20162565394647253,,0.00715268962085247,0.052881237119436264,,,1.0,spike
2360,30,scenario3_repeated_spike,D3QN,150,130.22054835279948,1,0.15735292667374526,0.24588234133899622,0.5,0.5,-0.20161763400637073,,0.004271273501217365,0.03025076910853386,,,1.0,spike
2361,30,scenario3_repeated_spike,D3QN,150,130.19849351751952,1,0.15734490673364346,0.24587592538691477,0.5,0.5,-0.20161041606027913,,0.010265578515827656,0.06524328142404556,,,1.0,spike
2362,30,scenario3_repeated_spike,D3QN,150,130.1786441657676,1,0.15733768878755186,0.2458701510300415,0.5,0.5,-0.20160391990879667,,0.011917795054614544,0.06881965696811676,,,1.0,spike
2363,30,scenario3_repeated_spike,D3QN,150,130.16077974919085,1,0.1573311926360694,0.24586495410885556,0.5,0.5,-0.2015980733724625,,0.02765432931482792,0.057813990861177444,,,1.0,spike
2364,30,scenario3_repeated_spike,D3QN,150,130.14470177427177,1,0.1573253460997352,0.24586027687978818,0.5,0.5,-0.2015928114897617,,0.003856054274365306,0.0324685275554657,,,1.0,spike
2365,30,scenario3_repeated_spike,D3QN,150,130.1302315968446,1,0.15732008421703442,0.24585606737362753,0.5,0.5,-0.20158807579533097,,0.005547192879021168,0.0460771881043911,,,1.0,spike
2366,30,scenario3_repeated_spike,D3QN,150,130.11720843716014,1,0.1573153485226037,0.24585227881808297,0.5,0.5,-0.20158381367034334,,0.0024318532086908817,0.02453625202178955,,,1.0,spike
2367,30,scenario3_repeated_spike,D3QN,150,130.10548759344414,1,0.15731108639761604,0.24584886911809284,0.5,0.5,-0.20157997775785444,,0.006127999164164066,0.04313799738883972,,,1.0,spike
2368,30,scenario3_repeated_spike,D3QN,150,130.0949388340997,1,0.15730725048512717,0.24584580038810178,0.5,0.5,-0.20157652543661447,,0.01702825352549553,0.08056794106960297,,,1.0,spike
2369,30,scenario3_repeated_spike,D3QN,150,130.08544495068975,1,0.1573037981638872,0.24584303853110978,0.5,0.5,-0.20157341834749848,,0.007171016186475754,0.04503973573446274,,,1.0,spike
2370,30,scenario3_repeated_spike,D3QN,150,130.07690045562077,1,0.15730069107477118,0.24584055285981699,0.5,0.5,-0.20157062196729408,,0.006138572935014963,0.0397033654153347,,,1.0,spike
2371,30,scenario3_repeated_spike,D3QN,150,130.0692104100587,1,0.15729789469456681,0.24583831575565346,0.5,0.5,-0.20156810522511015,,0.02617509849369526,0.05783680081367493,,,1.0,spike
2372,30,scenario3_repeated_spike,D3QN,150,130.06228936905285,1,0.15729537795238288,0.24583630236190634,0.5,0.5,-0.20156584015714463,,0.0016359358560293913,0.018705468624830246,,,1.0,spike
2373,30,scenario3_repeated_spike,D3QN,150,130.05606043214755,1,0.15729311288441727,0.24583449030753385,0.5,0.5,-0.20156380159597556,,0.005801106337457895,0.04107803478837013,,,1.0,spike
2374,30,scenario3_repeated_spike,D3QN,150,130.0504543889328,1,0.1572910743232483,0.24583285945859867,0.5,0.5,-0.20156196689092348,,0.012602811679244041,0.07124613225460052,,,1.0,spike
2375,30,scenario3_repeated_spike,D3QN,150,130.04540895003953,1,0.15728923961819619,0.24583139169455698,0.5,0.5,-0.20156031565637658,,0.0061976066790521145,0.04483257979154587,,,1.0,spike
2376,30,scenario3_repeated_spike,D3QN,150,130.04086805503556,1,0.15728758838364928,0.24583007070691942,0.5,0.5,-0.20155882954528437,,0.002264376962557435,0.02751597762107849,,,1.0,spike
2377,30,scenario3_repeated_spike,D3QN,150,130.036781249532,1,0.1572861022725571,0.24582888181804569,0.5,0.5,-0.20155749204530138,,0.0061924271285533905,0.03755514323711395,,,1.0,spike
2378,30,scenario3_repeated_spike,D3QN,150,130.03310312457882,1,0.1572847647725741,0.2458278118180593,0.5,0.5,-0.2015562882953167,,0.0017136652022600174,0.024609964340925217,,,1.0,spike
2379,30,scenario3_repeated_spike,D3QN,150,130.02979281212095,1,0.15728356102258942,0.24582684881807154,0.5,0.5,-0.20155520492033047,,0.00562532152980566,0.04008801281452179,,,1.0,spike
2380,30,scenario3_repeated_spike,D3QN,150,130.02681353090884,1,0.15728247764760322,0.2458259821180826,0.5,0.5,-0.2015542298828429,,0.032348718494176865,0.08069795370101929,,,1.0,spike
2381,30,scenario3_repeated_spike,D3QN,150,130.02413217781796,1,0.15728150261011561,0.2458252020880925,0.5,0.5,-0.20155335234910404,,0.009271159768104553,0.05793344974517822,,,1.0,spike
2382,30,scenario3_repeated_spike,D3QN,150,130.02171896003617,1,0.1572806250763768,0.24582450006110146,0.5,0.5,-0.20155256256873913,,0.005746523849666119,0.034970324486494064,,,1.0,spike
2383,30,scenario3_repeated_spike,D3QN,150,130.01954706403257,1,0.15727983529601183,0.24582386823680946,0.5,0.5,-0.20155185176641066,,0.008936723694205284,0.04491555318236351,,,1.0,spike
2384,30,scenario3_repeated_spike,D3QN,150,130.01759235762933,1,0.1572791244936834,0.24582329959494675,0.5,0.5,-0.2015512120443151,,0.0019803501199930906,0.0220898799598217,,,1.0,spike
2385,30,scenario3_repeated_spike,D3QN,150,130.0158331218664,1,0.1572784847715878,0.24582278781727024,0.5,0.5,-0.20155063629442901,,0.030683448538184166,0.07573459297418594,,,1.0,spike
2386,30,scenario3_repeated_spike,D3QN,150,130.01424980967977,1,0.15727790902170175,0.2458223272173614,0.5,0.5,-0.20155011811953158,,0.013205630704760551,0.07248054444789886,,,1.0,spike
2387,30,scenario3_repeated_spike,D3QN,150,130.0128248287118,1,0.1572773908468043,0.24582191267744347,0.5,0.5,-0.2015496517621239,,0.006986045278608799,0.049534715712070465,,,1.0,spike
2388,30,scenario3_repeated_spike,D3QN,150,130.01154234584064,1,0.1572769244893966,0.2458215395915173,0.5,0.5,-0.20154923204045694,,0.004244388546794653,0.03208015114068985,,,1.0,spike
2389,30,scenario3_repeated_spike,D3QN,150,130.0103881112566,1,0.15727650476772967,0.24582120381418376,0.5,0.5,-0.2015488542909567,,0.006359815131872892,0.04946257174015045,,,1.0,spike
2390,30,scenario3_repeated_spike,D3QN,150,130.00934930013094,1,0.15727612701822943,0.2458209016145836,0.5,0.5,-0.20154851431640652,,0.0019530412973836064,0.023909635841846466,,,1.0,spike
2391,30,scenario3_repeated_spike,D3QN,150,130.00841437011786,1,0.15727578704367923,0.2458206296349434,0.5,0.5,-0.2015482083393113,,0.014422730542719364,0.0712117850780487,,,1.0,spike
2392,30,scenario3_repeated_spike,D3QN,150,130.00757293310608,1,0.15727548106658404,0.24582038485326724,0.5,0.5,-0.20154793295992562,,0.01504548080265522,0.06955765187740326,,,1.0,spike
2393,30,scenario3_repeated_spike,D3QN,150,130.0068156397955,1,0.15727520568719836,0.2458201645497587,0.5,0.5,-0.20154768511847854,,0.010889769531786442,0.056575141847133636,,,1.0,spike
2394,30,scenario3_repeated_spike,D3QN,150,130.00613407581596,1,0.15727495784575127,0.24581996627660102,0.5,0.5,-0.20154746206117613,,0.005285937339067459,0.04451003670692444,,,1.0,spike
2395,30,scenario3_repeated_spike,D3QN,150,130.00552066823437,1,0.15727473478844886,0.24581978783075908,0.5,0.5,-0.201547261309604,,0.005790087394416332,0.04414459317922592,,,1.0,spike
2396,30,scenario3_repeated_spike,D3QN,150,130.00496860141095,1,0.15727453403687672,0.2458196272295014,0.5,0.5,-0.20154708063318905,,0.002546984236687422,0.02869415283203125,,,1.0,spike
2397,30,scenario3_repeated_spike,D3QN,150,130.00447174126987,1,0.15727435336046178,0.24581948268836945,0.5,0.5,-0.2015469180244156,,0.00607695709913969,0.04874156415462494,,,1.0,spike
2398,30,scenario3_repeated_spike,D3QN,150,130.0040245671429,1,0.15727419075168833,0.24581935260135068,0.5,0.5,-0.20154677167651952,,0.012928839772939682,0.06769619882106781,,,1.0,spike
2399,30,scenario3_repeated_spike,D3QN,150,130.0036221104286,1,0.15727404440379222,0.2458192355230338,0.5,0.5,-0.20154663996341302,,0.003397490829229355,0.030986525118350983,,,1.0,spike
2400,30,scenario3_repeated_spike,D3QN,150,130.00325989938574,1,0.15727391269068572,0.24581913015254858,0.5,0.5,-0.20154652142161716,,0.009009555913507938,0.09238161146640778,,,1.0,spike
2401,30,scenario3_repeated_spike,D3QN,150,130.00293390944717,1,0.1572737941488899,0.24581903531911192,0.5,0.5,-0.20154641473400092,,0.015354687348008156,0.1089172512292862,,,1.0,spike
2402,30,scenario3_repeated_spike,D3QN,150,130.00264051850246,1,0.15727368746127363,0.24581894996901893,0.5,0.5,-0.20154631871514628,,0.009096374735236168,0.08866605162620544,,,1.0,spike
2403,30,scenario3_repeated_spike,D3QN,150,130.0023764666522,1,0.15727359144241898,0.2458188731539352,0.5,0.5,-0.20154623229817709,,0.008358527906239033,0.08616012334823608,,,1.0,spike
2404,30,scenario3_repeated_spike,D3QN,150,130.002138819987,1,0.15727350502544984,0.24581880402035988,0.5,0.5,-0.20154615452290486,,0.010671518743038177,0.09304694831371307,,,1.0,spike
2405,30,scenario3_repeated_spike,D3QN,150,130.0019249379883,1,0.15727342725017757,0.24581874180014207,0.5,0.5,-0.20154608452515982,,0.009157128632068634,0.08295756578445435,,,1.0,spike
2406,30,scenario3_repeated_spike,D3QN,150,130.00173244418949,1,0.15727335725243255,0.24581868580194605,0.5,0.5,-0.2015460215271893,,0.013152513653039932,0.0911896824836731,,,1.0,spike
2407,30,scenario3_repeated_spike,D3QN,150,130.00155919977055,1,0.15727329425446201,0.24581863540356963,0.5,0.5,-0.20154596482901582,,0.016286764293909073,0.10244117677211761,,,1.0,spike
2408,30,scenario3_repeated_spike,D3QN,150,130.00140327979352,1,0.15727323755628855,0.24581859004503087,0.5,0.5,-0.20154591380065973,,0.04491427168250084,0.09354084730148315,,,1.0,spike
2409,30,scenario3_repeated_spike,D3QN,150,130.00126295181417,1,0.15727318652793243,0.24581854922234597,0.5,0.5,-0.2015458678751392,,0.03189489245414734,0.09175217151641846,,,1.0,spike
2410,30,scenario3_repeated_spike,D3QN,150,130.00113665663275,1,0.1572731406024119,0.24581851248192954,0.5,0.5,-0.20154582654217074,,0.003905746154487133,0.04959530755877495,,,1.0,spike
2411,30,scenario3_repeated_spike,D3QN,150,130.0010229909695,1,0.15727309926944347,0.2458184794155548,0.5,0.5,-0.20154578934249912,,0.008055699989199638,0.06630551815032959,,,1.0,spike
2412,30,scenario3_repeated_spike,D3QN,150,130.00092069187252,1,0.15727306206977182,0.24581844965581745,0.5,0.5,-0.20154575586279463,,0.035016030073165894,0.12017284333705902,,,1.0,spike
2413,30,scenario3_repeated_spike,D3QN,150,130.00082862268528,1,0.1572730285900674,0.2458184228720539,0.5,0.5,-0.20154572573106067,,0.01181770395487547,0.06890156865119934,,,1.0,spike
2414,30,scenario3_repeated_spike,D3QN,150,130.00074576041675,1,0.15727299845833337,0.24581839876666672,0.5,0.5,-0.20154569861250005,,0.0018905956530943513,0.02618386596441269,,,1.0,spike
2415,30,scenario3_repeated_spike,D3QN,150,130.00067118437508,1,0.15727297133977275,0.2458183770718182,0.5,0.5,-0.20154567420579547,,0.004907800815999508,0.03275078907608986,,,1.0,spike
2416,30,scenario3_repeated_spike,D3QN,150,130.00060406593758,1,0.1572729469330682,0.2458183575464546,0.5,0.5,-0.2015456522397614,,0.00365543644875288,0.03292758762836456,,,1.0,spike
2417,30,scenario3_repeated_spike,D3QN,150,130.0005436593438,1,0.15727292496703413,0.24581833997362734,0.5,0.5,-0.20154563247033075,,0.001718425191938877,0.022884119302034378,,,1.0,spike
2418,30,scenario3_repeated_spike,D3QN,150,130.00048929340943,1,0.15727290519760342,0.24581832415808275,0.5,0.5,-0.2015456146778431,,0.003230237402021885,0.02520853281021118,,,1.0,spike
2419,30,scenario3_repeated_spike,D3QN,150,130.00044036406848,1,0.15727288740511583,0.2458183099240927,0.5,0.5,-0.20154559866460425,,0.005331397522240877,0.04489601030945778,,,1.0,spike
2420,30,scenario3_repeated_spike,D3QN,150,130.00039632766163,1,0.15727287139187696,0.24581829711350156,0.5,0.5,-0.20154558425268926,,0.00256205047480762,0.033902667462825775,,,1.0,spike
2421,30,scenario3_repeated_spike,D3QN,150,130.00035669489546,1,0.157272856979962,0.24581828558396962,0.5,0.5,-0.20154557128196582,,0.05553651228547096,0.08597393333911896,,,1.0,spike
2422,30,scenario3_repeated_spike,D3QN,150,130.00032102540592,1,0.15727284400923852,0.24581827520739086,0.5,0.5,-0.2015455596083147,,0.009178536012768745,0.06882952153682709,,,1.0,spike
2423,30,scenario3_repeated_spike,D3QN,150,130.00028892286534,1,0.1572728323355874,0.24581826586846994,0.5,0.5,-0.20154554910202865,,0.06766410171985626,0.0766606554389,,,1.0,spike
2424,30,scenario3_repeated_spike,D3QN,150,130.0002600305788,1,0.15727282182930138,0.2458182574634411,0.5,0.5,-0.20154553964637123,,0.007883267477154732,0.060810185968875885,,,1.0,spike
2425,30,scenario3_repeated_spike,D3QN,150,130.00023402752092,1,0.157272812373644,0.2458182498989152,0.5,0.5,-0.2015455311362796,,0.02562994509935379,0.11395442485809326,,,1.0,spike
2426,30,scenario3_repeated_spike,D3QN,150,130.00021062476884,1,0.1572728038635523,0.24581824309084188,0.5,0.5,-0.2015455234771971,,0.011488202027976513,0.07233242690563202,,,1.0,spike
2427,30,scenario3_repeated_spike,D3QN,150,130.00018956229195,1,0.1572727962044698,0.24581823696357585,0.5,0.5,-0.2015455165840228,,0.027743496000766754,0.06225291267037392,,,1.0,spike
2428,30,scenario3_repeated_spike,D3QN,150,130.00017060606274,1,0.15727278931129554,0.24581823144903647,0.5,0.5,-0.201545510380166,,0.021548323333263397,0.10472860932350159,,,1.0,spike
2429,30,scenario3_repeated_spike,D3QN,150,130.00015354545647,1,0.15727278310743872,0.24581822648595097,0.5,0.5,-0.20154550479669486,,0.03724333271384239,0.1288020759820938,,,1.0,spike
2430,30,scenario3_repeated_spike,D3QN,150,130.00013819091083,1,0.15727277752396757,0.24581822201917408,0.5,0.5,-0.20154549977157082,,0.015123723074793816,0.07389578223228455,,,1.0,spike
2431,30,scenario3_repeated_spike,D3QN,150,130.00012437181977,1,0.15727277249884355,0.24581821799907488,0.5,0.5,-0.2015454952489592,,0.009042559191584587,0.06515461206436157,,,1.0,spike
2432,30,scenario3_repeated_spike,D3QN,150,130.0001119346378,1,0.15727276797623194,0.24581821438098556,0.5,0.5,-0.20154549117860876,,0.00710312882438302,0.05718465894460678,,,1.0,spike
2433,30,scenario3_repeated_spike,D3QN,150,130.00010074117404,1,0.15727276390588146,0.2458182111247052,0.5,0.5,-0.20154548751529333,,0.0253294687718153,0.11299179494380951,,,1.0,spike
2434,30,scenario3_repeated_spike,D3QN,150,130.00009066705664,1,0.15727276024256606,0.24581820819405287,0.5,0.5,-0.20154548421830948,,0.017840491607785225,0.08719383180141449,,,1.0,spike
2435,30,scenario3_repeated_spike,D3QN,150,130.000081600351,1,0.15727275694558218,0.24581820555646577,0.5,0.5,-0.20154548125102398,,0.005698530934751034,0.04938168451189995,,,1.0,spike
2436,30,scenario3_repeated_spike,D3QN,150,130.0000734403159,1,0.15727275397829668,0.24581820318263736,0.5,0.5,-0.201545478580467,,0.007051493041217327,0.06110898032784462,,,1.0,spike
2437,30,scenario3_repeated_spike,D3QN,150,130.0000660962843,1,0.15727275130773977,0.24581820104619184,0.5,0.5,-0.2015454761769658,,0.022191178053617477,0.10407158732414246,,,1.0,spike
2438,30,scenario3_repeated_spike,D3QN,150,130.00005948665589,1,0.1572727489042385,0.2458181991233908,0.5,0.5,-0.20154547401381467,,0.01586419716477394,0.07733556628227234,,,1.0,spike
2439,30,scenario3_repeated_spike,D3QN,150,130.0000535379903,1,0.15727274674108738,0.24581819739286992,0.5,0.5,-0.20154547206697865,,0.0025743222795426846,0.040296558290719986,,,1.0,spike
2440,30,scenario3_repeated_spike,D3QN,150,130.0000481841913,1,0.15727274479425138,0.2458181958354011,0.5,0.5,-0.20154547031482622,,0.03210209310054779,0.07790659368038177,,,1.0,spike
2441,30,scenario3_repeated_spike,D3QN,150,130.00004336577217,1,0.15727274304209896,0.2458181944336792,0.5,0.5,-0.2015454687378891,,0.06403316557407379,0.14520496129989624,,,1.0,spike
2442,30,scenario3_repeated_spike,D3QN,150,130.00003902919497,1,0.1572727414651618,0.24581819317212944,0.5,0.5,-0.20154546731864562,,0.033043477684259415,0.12670135498046875,,,1.0,spike
2443,30,scenario3_repeated_spike,D3QN,150,130.00003512627546,1,0.15727274004591835,0.24581819203673472,0.5,0.5,-0.20154546604132653,,0.008333767764270306,0.0606209821999073,,,1.0,spike
2444,30,scenario3_repeated_spike,D3QN,150,130.00003161364793,1,0.15727273876859926,0.24581819101487945,0.5,0.5,-0.20154546489173936,,0.004597418941557407,0.04208795353770256,,,1.0,spike
2445,30,scenario3_repeated_spike,D3QN,150,130.00002845228315,1,0.15727273761901206,0.24581819009520967,0.5,0.5,-0.20154546385711086,,0.030986947938799858,0.07908745855093002,,,1.0,spike
2446,30,scenario3_repeated_spike,D3QN,150,130.00002560705485,1,0.1572727365843836,0.24581818926750687,0.5,0.5,-0.20154546292594522,,0.012363728135824203,0.08100354671478271,,,1.0,spike
2447,30,scenario3_repeated_spike,D3QN,150,130.00002304634938,1,0.15727273565321795,0.24581818852257437,0.5,0.5,-0.20154546208789614,,0.0029252036474645138,0.03404732048511505,,,1.0,spike
2448,30,scenario3_repeated_spike,D3QN,150,130.00002074171445,1,0.1572727348151689,0.24581818785213516,0.5,0.5,-0.20154546133365203,,0.001603888813406229,0.031047753989696503,,,1.0,spike
2449,30,scenario3_repeated_spike,D3QN,150,130.000018667543,1,0.15727273406092473,0.24581818724873983,0.5,0.5,-0.20154546065483228,,0.004896447062492371,0.026037536561489105,,,1.0,spike
2450,30,scenario3_repeated_spike,D3QN,150,130.0000168007887,1,0.15727273338210498,0.245818186705684,0.5,0.5,-0.2015454600438945,,0.004287571180611849,0.03396836295723915,,,1.0,spike
2451,30,scenario3_repeated_spike,D3QN,150,130.00001512070983,1,0.1572727327711672,0.2458181862169338,0.5,0.5,-0.2015454594940505,,0.0029184711165726185,0.032511450350284576,,,1.0,spike
2452,30,scenario3_repeated_spike,D3QN,150,130.00001360863885,1,0.1572727322213232,0.2458181857770586,0.5,0.5,-0.2015454589991909,,0.003820574376732111,0.03281690925359726,,,1.0,spike
2453,30,scenario3_repeated_spike,D3QN,150,130.00001224777498,1,0.15727273172646364,0.24581818538117095,0.5,0.5,-0.20154545855381728,,0.008684316650032997,0.05715371295809746,,,1.0,spike
2454,30,scenario3_repeated_spike,D3QN,150,130.00001102299748,1,0.15727273128108998,0.24581818502487202,0.5,0.5,-0.201545458152981,,0.0014906515134498477,0.03240431100130081,,,1.0,spike
2455,30,scenario3_repeated_spike,D3QN,150,130.00000992069772,1,0.1572727308802537,0.24581818470420297,0.5,0.5,-0.20154545779222832,,0.005694936029613018,0.04252465441823006,,,1.0,spike
2456,30,scenario3_repeated_spike,D3QN,150,130.00000892862795,1,0.15727273051950108,0.24581818441560088,0.5,0.5,-0.20154545746755098,,0.002877303399145603,0.031717125326395035,,,1.0,spike
2457,30,scenario3_repeated_spike,D3QN,150,130.00000803576518,1,0.1572727301948237,0.245818184155859,0.5,0.5,-0.20154545717534134,,0.004345882683992386,0.035576917231082916,,,1.0,spike
2458,30,scenario3_repeated_spike,D3QN,150,130.00000723218866,1,0.15727272990261407,0.24581818392209126,0.5,0.5,-0.20154545691235265,,0.005109699908643961,0.0420861579477787,,,1.0,spike
2459,30,scenario3_repeated_spike,D3QN,150,130.00000650896982,1,0.1572727296396254,0.24581818371170033,0.5,0.5,-0.20154545667566287,,0.007005401886999607,0.0445527508854866,,,1.0,spike
2460,30,scenario3_repeated_spike,D3QN,150,130.00000585807283,1,0.15727272940293557,0.24581818352234847,0.5,0.5,-0.20154545646264202,,0.004661909304559231,0.032018329948186874,,,1.0,spike
2461,30,scenario3_repeated_spike,D3QN,150,130.00000527226553,1,0.15727272918991475,0.24581818335193184,0.5,0.5,-0.2015454562709233,,0.005309176165610552,0.04115130007266998,,,1.0,spike
2462,30,scenario3_repeated_spike,D3QN,150,130.00000474503898,1,0.157272728998196,0.2458181831985568,0.5,0.5,-0.2015454560983764,,0.005813597235828638,0.03258359804749489,,,1.0,spike
2463,30,scenario3_repeated_spike,D3QN,150,130.0000042705351,1,0.15727272882564913,0.24581818306051934,0.5,0.5,-0.20154545594308423,,0.018487149849534035,0.0656815692782402,,,1.0,spike
2464,30,scenario3_repeated_spike,D3QN,150,136.00000384348158,0,0.165000002402176,0.5640000038434816,0.5,0.5,-0.3645000031228288,,0.08191356807947159,0.1458522230386734,,,1.0,spike
2465,30,scenario3_repeated_spike,D3QN,150,141.40000345913342,0,0.16837500216195841,0.5694000034591334,0.5,0.5,-0.36888750281054594,,0.1355563998222351,0.23274944722652435,,,1.0,spike
2466,30,scenario3_repeated_spike,D3QN,150,146.26000311322008,0,0.17141250194576257,0.5742600031132201,0.5,0.5,-0.3728362525294914,,0.057370949536561966,0.1214417889714241,,,1.0,spike
2467,30,scenario3_repeated_spike,D3QN,150,150.63400280189808,0,0.1741462517511863,0.5786340028018981,0.5,0.5,-0.3763901272765422,,0.06150876358151436,0.08471909165382385,,,1.0,spike
2468,30,scenario3_repeated_spike,D3QN,150,154.57060252170828,0,0.17660662657606768,0.5825706025217083,0.5,0.5,-0.37958861454888804,,0.019600767642259598,0.07720013707876205,,,1.0,spike
2469,30,scenario3_repeated_spike,D3QN,150,158.11354226953745,0,0.17882096391846092,0.5861135422695375,0.5,0.5,-0.3824672530939992,,0.047508858144283295,0.11862248927354813,,,1.0,spike
2470,30,scenario3_repeated_spike,D3QN,150,161.3021880425837,0,0.18081386752661482,0.5893021880425837,0.5,0.5,-0.3850580277845993,,0.07207611948251724,0.15216568112373352,,,1.0,spike
2471,30,scenario3_repeated_spike,D3QN,150,164.17196923832535,0,0.18260748077395336,0.5921719692383254,0.5,0.5,-0.3873897250061394,,0.20544761419296265,0.2850383520126343,,,1.0,spike
2472,30,scenario3_repeated_spike,D3QN,150,160.7547723144928,1,0.16845628084163372,0.254765024673307,0.5,0.5,-0.21161065275747035,,0.11926834285259247,0.2264249622821808,,,1.0,spike
2473,30,scenario3_repeated_spike,D3QN,150,157.67929508304354,1,0.16733792548474313,0.25387034038779455,0.5,0.5,-0.21060413293626884,,0.022008398547768593,0.09197121113538742,,,1.0,spike
2474,30,scenario3_repeated_spike,D3QN,150,154.9113655747392,1,0.16633140566354152,0.25306512453083324,0.5,0.5,-0.20969826509718736,,0.00495439488440752,0.043622445315122604,,,1.0,spike
2475,30,scenario3_repeated_spike,D3QN,150,152.42022901726529,1,0.1654255378244601,0.2523404302595681,0.5,0.5,-0.2088829840420141,,0.022540321573615074,0.08556151390075684,,,1.0,spike
2476,30,scenario3_repeated_spike,D3QN,150,150.17820611553876,1,0.1646102567692868,0.25168820541542947,0.5,0.5,-0.20814923109235814,,0.0556269995868206,0.1497872769832611,,,1.0,spike
2477,30,scenario3_repeated_spike,D3QN,150,148.16038550398488,1,0.16387650381963087,0.2511012030557047,0.5,0.5,-0.2074888534376678,,0.04365234822034836,0.13430814445018768,,,1.0,spike
2478,30,scenario3_repeated_spike,D3QN,150,146.3443469535864,1,0.1632161261649405,0.2505729009319524,0.5,0.5,-0.20689451354844646,,0.01820473000407219,0.0920238122344017,,,1.0,spike
2479,30,scenario3_repeated_spike,D3QN,150,144.70991225822777,1,0.16262178627571922,0.2500974290205754,0.5,0.5,-0.20635960764814731,,0.0022406873758882284,0.02904890477657318,,,1.0,spike
2480,30,scenario3_repeated_spike,D3QN,150,143.238921032405,1,0.16208688037542002,0.24966950430033602,0.5,0.5,-0.20587819233787802,,0.007746379356831312,0.05518988147377968,,,1.0,spike
2481,30,scenario3_repeated_spike,D3QN,150,141.9150289291645,1,0.16160546506515072,0.24928437205212062,0.5,0.5,-0.20544491855863567,,0.03348683565855026,0.07525739073753357,,,1.0,spike
2482,30,scenario3_repeated_spike,D3QN,150,140.72352603624805,1,0.1611721912859084,0.24893775302872673,0.5,0.5,-0.20505497215731755,,0.00206408160738647,0.025364495813846588,,,1.0,spike
2483,30,scenario3_repeated_spike,D3QN,150,139.65117343262324,1,0.16078224488459028,0.24862579590767225,0.5,0.5,-0.20470402039613128,,0.013185471296310425,0.07449410110712051,,,1.0,spike
2484,30,scenario3_repeated_spike,D3QN,150,138.68605608936093,1,0.16043129312340398,0.2483450344987232,0.5,0.5,-0.2043881638110636,,0.033353716135025024,0.12815985083580017,,,1.0,spike
2485,30,scenario3_repeated_spike,D3QN,150,137.81745048042484,1,0.16011543653833632,0.24809234923066908,0.5,0.5,-0.2041038928845027,,0.02573837712407112,0.11012223362922668,,,1.0,spike
2486,30,scenario3_repeated_spike,D3QN,150,137.03570543238237,1,0.1598311656117754,0.24786493248942032,0.5,0.5,-0.20384804905059786,,0.040904950350522995,0.07205238938331604,,,1.0,spike
2487,30,scenario3_repeated_spike,D3QN,150,136.33213488914413,1,0.1595753217778706,0.24766025742229647,0.5,0.5,-0.20361778960008353,,0.006796983536332846,0.05316726490855217,,,1.0,spike
2488,30,scenario3_repeated_spike,D3QN,150,135.69892140022972,1,0.15934506232735626,0.24747604986188504,0.5,0.5,-0.20341055609462066,,0.020537778735160828,0.08243580162525177,,,1.0,spike
2489,30,scenario3_repeated_spike,D3QN,150,135.12902926020675,1,0.15913782882189337,0.2473102630575147,0.5,0.5,-0.20322404593970403,,0.021460894495248795,0.09053308516740799,,,1.0,spike
2490,30,scenario3_repeated_spike,D3QN,150,134.61612633418608,1,0.15895131866697676,0.24716105493358143,0.5,0.5,-0.2030561868002791,,0.008835580199956894,0.057434581220149994,,,1.0,spike
2491,30,scenario3_repeated_spike,D3QN,150,134.15451370076747,1,0.15878345952755182,0.24702676762204145,0.5,0.5,-0.20290511357479663,,0.006245867349207401,0.04992019385099411,,,1.0,spike
2492,30,scenario3_repeated_spike,D3QN,150,133.73906233069073,1,0.15863238630206936,0.2469059090416555,0.5,0.5,-0.20276914767186244,,0.038883037865161896,0.09672629088163376,,,1.0,spike
2493,30,scenario3_repeated_spike,D3QN,150,133.36515609762165,1,0.15849642039913517,0.24679713631930816,0.5,0.5,-0.20264677835922168,,0.04496521130204201,0.09031284600496292,,,1.0,spike
2494,30,scenario3_repeated_spike,D3QN,150,133.0286404878595,1,0.15837405108649436,0.24669924086919548,0.5,0.5,-0.20253664597784493,,0.003982011694461107,0.02815905585885048,,,1.0,spike
2495,30,scenario3_repeated_spike,D3QN,150,132.72577643907354,1,0.15826391870511766,0.24661113496409415,0.5,0.5,-0.20243752683460592,,0.014368238858878613,0.0686178058385849,,,1.0,spike
2496,30,scenario3_repeated_spike,D3QN,150,132.4531987951662,1,0.15816479956187862,0.24653183964950293,0.5,0.5,-0.20234831960569077,,0.030047863721847534,0.09368938207626343,,,1.0,spike
2497,30,scenario3_repeated_spike,D3QN,150,132.2078789156496,1,0.1580755923329635,0.24646047386637082,0.5,0.5,-0.20226803309966718,,0.028549008071422577,0.10276754200458527,,,1.0,spike
2498,30,scenario3_repeated_spike,D3QN,150,131.98709102408463,1,0.15799530582693985,0.2463962446615519,0.5,0.5,-0.20219577524424587,,0.019320176914334297,0.08884505927562714,,,1.0,spike
2499,30,scenario3_repeated_spike,D3QN,150,131.78838192167618,1,0.1579230479715186,0.24633843837721492,0.5,0.5,-0.20213074317436674,,0.005515209399163723,0.03408306837081909,,,1.0,spike
2500,30,scenario3_repeated_spike,D3QN,50,113.60954372950856,1,0.13131256135618494,0.14505004908494795,0.5,0.5,-0.13818130522056643,,0.04994182288646698,0.12182128429412842,,,1.0,normal
2501,30,scenario3_repeated_spike,D3QN,50,97.2485893565577,1,0.12536312340238462,0.1402904987219077,0.5,0.5,-0.13282681106214617,,0.008960913866758347,0.08943483233451843,,,1.0,normal
2502,30,scenario3_repeated_spike,D3QN,50,82.52373042090193,1,0.12000862924396433,0.13600690339517146,0.5,0.5,-0.1280077663195679,,0.005796288140118122,0.06892064213752747,,,1.0,normal
2503,30,scenario3_repeated_spike,D3QN,50,69.27135737881174,1,0.11518958450138608,0.13215166760110889,0.5,0.5,-0.12367062605124748,,0.010415189899504185,0.08106322586536407,,,1.0,normal
2504,30,scenario3_repeated_spike,D3QN,50,57.34422164093057,1,0.11085244423306566,0.12868195538645252,0.5,0.5,-0.11976719980975908,,0.0035511322785168886,0.05703093856573105,,,1.0,normal
2505,30,scenario3_repeated_spike,D3QN,50,46.609799476837516,1,0.10694901799157729,0.12555921439326184,0.5,0.5,-0.11625411619241957,,0.033265337347984314,0.07480814307928085,,,1.0,normal
2506,30,scenario3_repeated_spike,D3QN,50,36.948819529153766,1,0.10343593437423775,0.12274874749939022,0.5,0.5,-0.11309234093681397,,0.009295969270169735,0.06010052189230919,,,1.0,normal
2507,30,scenario3_repeated_spike,D3QN,50,28.253937576238393,1,0.10027415911863213,0.12021932729490573,0.5,0.5,-0.11024674320676893,,0.000844840076752007,0.02634114772081375,,,1.0,normal
2508,30,scenario3_repeated_spike,D3QN,50,20.428543818614557,1,0.09742856138858712,0.11794284911086969,0.5,0.5,-0.1076857052497284,,0.0015648150583729148,0.02584482729434967,,,1.0,normal
2509,30,scenario3_repeated_spike,D3QN,50,13.3856894367531,1,0.09486752343154659,0.11589401874523728,0.5,0.5,-0.10538077108839193,,0.001546510960906744,0.026682525873184204,,,1.0,normal
2510,30,scenario3_repeated_spike,D3QN,50,7.0471204930777915,1,0.0925625892702101,0.11405007141616808,0.5,0.5,-0.10330633034318909,,0.0015216127503663301,0.029094304889440536,,,1.0,normal
2511,30,scenario3_repeated_spike,D3QN,50,1.3424084437700117,1,0.09048814852500728,0.11239051882000584,0.5,0.5,-0.10143933367250656,,0.005252235569059849,0.056976523250341415,,,1.0,normal
2512,30,scenario3_repeated_spike,D3QN,50,2.208167599393011,0,0.061380104749620634,0.19820816759939303,0.5,0.5,-0.12979413617450683,,0.007066757418215275,0.07168945670127869,,,1.0,normal
2513,30,scenario3_repeated_spike,D3QN,50,2.9873508394537094,0,0.061867094274658564,0.1989873508394537,0.5,0.5,-0.13042722255705613,,0.0037108776159584522,0.048999566584825516,,,1.0,normal
2514,30,scenario3_repeated_spike,D3QN,50,0.0,1,0.09,0.11199999999999999,0.5,0.5,-0.10099999999999999,,0.01838827319443226,0.11114199459552765,,,1.0,normal
2515,30,scenario3_repeated_spike,D3QN,50,1.0,0,0.060625,0.197,0.5,0.5,-0.1288125,,0.03189542517066002,0.14603686332702637,,,1.0,normal
2516,30,scenario3_repeated_spike,D3QN,50,1.9000000000000004,0,0.0611875,0.19790000000000002,0.5,0.5,-0.12954375,,0.018399309366941452,0.1138853132724762,,,1.0,normal
2517,30,scenario3_repeated_spike,D3QN,50,2.710000000000001,0,0.061693750000000006,0.19871000000000003,0.5,0.5,-0.13020187500000002,,0.005310350563377142,0.0668339803814888,,,1.0,normal
2518,30,scenario3_repeated_spike,D3QN,50,3.439,0,0.062149375,0.199439,0.5,0.5,-0.1307941875,,0.05008059740066528,0.15482071042060852,,,1.0,normal
2519,30,scenario3_repeated_spike,D3QN,50,0.0,1,0.09,0.11199999999999999,0.5,0.5,-0.10099999999999999,,0.041420288383960724,0.16572879254817963,,,1.0,normal
2520,30,scenario3_repeated_spike,D3QN,50,1.0,0,0.060625,0.197,0.5,0.5,-0.1288125,,0.1579265296459198,0.2039395272731781,,,1.0,normal
2521,30,scenario3_repeated_spike,D3QN,50,1.9000000000000004,0,0.0611875,0.19790000000000002,0.5,0.5,-0.12954375,,0.04277786239981651,0.14711430668830872,,,1.0,normal
2522,30,scenario3_repeated_spike,D3QN,50,2.710000000000001,0,0.061693750000000006,0.19871000000000003,0.5,0.5,-0.13020187500000002,,0.009119056165218353,0.07644426822662354,,,1.0,normal
2523,30,scenario3_repeated_spike,D3QN,50,3.439,0,0.062149375,0.199439,0.5,0.5,-0.1307941875,,0.015205840580165386,0.11230944097042084,,,1.0,normal
2524,30,scenario3_repeated_spike,D3QN,50,0.0,1,0.09,0.11199999999999999,0.5,0.5,-0.10099999999999999,,0.00736585957929492,0.08431513607501984,,,1.0,normal
2525,30,scenario3_repeated_spike,D3QN,50,1.0,0,0.060625,0.197,0.5,0.5,-0.1288125,,0.006568737793713808,0.07545685768127441,,,1.0,normal
2526,30,scenario3_repeated_spike,D3QN,50,1.9000000000000004,0,0.0611875,0.19790000000000002,0.5,0.5,-0.12954375,,0.00639164075255394,0.07597386091947556,,,1.0,normal
2527,30,scenario3_repeated_spike,D3QN,50,2.710000000000001,0,0.061693750000000006,0.19871000000000003,0.5,0.5,-0.13020187500000002,,0.006668551824986935,0.06778363138437271,,,1.0,normal
2528,30,scenario3_repeated_spike,D3QN,50,0.0,1,0.09,0.11199999999999999,0.5,0.5,-0.10099999999999999,,0.003462656866759062,0.05321114882826805,,,1.0,normal
2529,30,scenario3_repeated_spike,D3QN,50,1.0,0,0.060625,0.197,0.5,0.5,-0.1288125,,0.011402781121432781,0.08404354751110077,,,1.0,normal
2530,30,scenario3_repeated_spike,D3QN,50,1.9000000000000004,0,0.0611875,0.19790000000000002,0.5,0.5,-0.12954375,,0.009349469095468521,0.07969285547733307,,,1.0,normal
2531,30,scenario3_repeated_spike,D3QN,50,0.0,1,0.09,0.11199999999999999,0.5,0.5,-0.10099999999999999,,0.007427287753671408,0.06124892085790634,,,1.0,normal
2532,30,scenario3_repeated_spike,D3QN,50,0.0,1,0.09,0.11199999999999999,0.5,0.5,-0.10099999999999999,,0.05267415940761566,0.08213251829147339,,,1.0,normal
2533,30,scenario3_repeated_spike,D3QN,50,0.0,1,0.09,0.11199999999999999,0.5,0.5,-0.10099999999999999,,0.007463944144546986,0.07557225227355957,,,1.0,normal
2534,30,scenario3_repeated_spike,D3QN,50,0.0,1,0.09,0.11199999999999999,0.5,0.5,-0.10099999999999999,,0.006022673100233078,0.05909382551908493,,,1.0,normal
2535,30,scenario3_repeated_spike,D3QN,50,0.0,1,0.09,0.11199999999999999,0.5,0.5,-0.10099999999999999,,0.002478922251611948,0.0396406389772892,,,1.0,normal
2536,30,scenario3_repeated_spike,D3QN,50,0.0,1,0.09,0.11199999999999999,0.5,0.5,-0.10099999999999999,,0.0012908264761790633,0.03267732262611389,,,1.0,normal
2537,30,scenario3_repeated_spike,D3QN,50,0.0,1,0.09,0.11199999999999999,0.5,0.5,-0.10099999999999999,,0.002748749917373061,0.04288734868168831,,,1.0,normal
2538,30,scenario3_repeated_spike,D3QN,50,0.0,1,0.09,0.11199999999999999,0.5,0.5,-0.10099999999999999,,0.0015175645239651203,0.030580978840589523,,,1.0,normal
2539,30,scenario3_repeated_spike,D3QN,50,0.0,1,0.09,0.11199999999999999,0.5,0.5,-0.10099999999999999,,0.004021594766527414,0.04046772047877312,,,1.0,normal
2540,30,scenario3_repeated_spike,D3QN,50,0.0,1,0.09,0.11199999999999999,0.5,0.5,-0.10099999999999999,,0.0030758376233279705,0.03377368673682213,,,1.0,normal
2541,30,scenario3_repeated_spike,D3QN,50,0.0,1,0.09,0.11199999999999999,0.5,0.5,-0.10099999999999999,,0.003201414830982685,0.027524780482053757,,,1.0,normal
2542,30,scenario3_repeated_spike,D3QN,50,0.0,1,0.09,0.11199999999999999,0.5,0.5,-0.10099999999999999,,0.0032462256494909525,0.02295520156621933,,,1.0,normal
2543,30,scenario3_repeated_spike,D3QN,50,0.0,1,0.09,0.11199999999999999,0.5,0.5,-0.10099999999999999,,0.010579453781247139,0.06674199551343918,,,1.0,normal
2544,30,scenario3_repeated_spike,D3QN,50,0.0,1,0.09,0.11199999999999999,0.5,0.5,-0.10099999999999999,,0.007716821506619453,0.06122299283742905,,,1.0,normal
2545,30,scenario3_repeated_spike,D3QN,50,0.0,1,0.09,0.11199999999999999,0.5,0.5,-0.10099999999999999,,0.0004636618832591921,0.01846526563167572,,,1.0,normal
2546,30,scenario3_repeated_spike,D3QN,50,0.0,1,0.09,0.11199999999999999,0.5,0.5,-0.10099999999999999,,0.0018611830892041326,0.02212274819612503,,,1.0,normal
2547,30,scenario3_repeated_spike,D3QN,50,0.0,1,0.09,0.11199999999999999,0.5,0.5,-0.10099999999999999,,0.00835992768406868,0.05838680639863014,,,1.0,normal
2548,30,scenario3_repeated_spike,D3QN,50,0.0,1,0.09,0.11199999999999999,0.5,0.5,-0.10099999999999999,,0.0062423162162303925,0.052237700670957565,,,1.0,normal
2549,30,scenario3_repeated_spike,D3QN,50,0.0,1,0.09,0.11199999999999999,0.5,0.5,-0.10099999999999999,,0.0006985129439271986,0.01536247506737709,,,1.0,normal
2550,30,scenario3_repeated_spike,D3QN,50,0.0,1,0.09,0.11199999999999999,0.5,0.5,-0.10099999999999999,,0.04648657515645027,0.08284622430801392,,,1.0,normal
2551,30,scenario3_repeated_spike,D3QN,50,0.0,1,0.09,0.11199999999999999,0.5,0.5,-0.10099999999999999,,0.0073396628722548485,0.04888346791267395,,,1.0,normal
2552,30,scenario3_repeated_spike,D3QN,50,0.0,1,0.09,0.11199999999999999,0.5,0.5,-0.10099999999999999,,0.00306069222278893,0.020729821175336838,,,1.0,normal
2553,30,scenario3_repeated_spike,D3QN,50,0.0,1,0.09,0.11199999999999999,0.5,0.5,-0.10099999999999999,,0.004490959458053112,0.020049452781677246,,,1.0,normal
2554,30,scenario3_repeated_spike,D3QN,50,1.0,0,0.060625,0.197,0.5,0.5,-0.1288125,,0.006375296041369438,0.05355040356516838,,,1.0,normal
2555,30,scenario3_repeated_spike,D3QN,50,0.0,1,0.09,0.11199999999999999,0.5,0.5,-0.10099999999999999,,0.04448418319225311,0.07625463604927063,,,1.0,normal
2556,30,scenario3_repeated_spike,D3QN,50,0.0,1,0.09,0.11199999999999999,0.5,0.5,-0.10099999999999999,,0.0005213334807194769,0.012914102524518967,,,1.0,normal
2557,30,scenario3_repeated_spike,D3QN,50,0.0,1,0.09,0.11199999999999999,0.5,0.5,-0.10099999999999999,,0.001610403647646308,0.0167560875415802,,,1.0,normal
2558,30,scenario3_repeated_spike,D3QN,50,0.0,1,0.09,0.11199999999999999,0.5,0.5,-0.10099999999999999,,0.007466181647032499,0.05360034480690956,,,1.0,normal
2559,30,scenario3_repeated_spike,D3QN,50,0.0,1,0.09,0.11199999999999999,0.5,0.5,-0.10099999999999999,,0.0026817205362021923,0.03300207108259201,,,1.0,normal
2560,30,scenario3_repeated_spike,D3QN,50,0.0,1,0.09,0.11199999999999999,0.5,0.5,-0.10099999999999999,,0.0031351405195891857,0.02887708693742752,,,1.0,normal
2561,30,scenario3_repeated_spike,D3QN,50,0.0,1,0.09,0.11199999999999999,0.5,0.5,-0.10099999999999999,,0.0015153530985116959,0.023121781647205353,,,1.0,normal
2562,30,scenario3_repeated_spike,D3QN,50,0.0,1,0.09,0.11199999999999999,0.5,0.5,-0.10099999999999999,,0.003959985915571451,0.04120972007513046,,,1.0,normal
2563,30,scenario3_repeated_spike,D3QN,50,0.0,1,0.09,0.11199999999999999,0.5,0.5,-0.10099999999999999,,0.001722851418890059,0.022894490510225296,,,1.0,normal
2564,30,scenario3_repeated_spike,D3QN,50,0.0,1,0.09,0.11199999999999999,0.5,0.5,-0.10099999999999999,,0.004997065290808678,0.04175185412168503,,,1.0,normal
2565,30,scenario3_repeated_spike,D3QN,50,0.0,1,0.09,0.11199999999999999,0.5,0.5,-0.10099999999999999,,0.003541225101798773,0.03187413886189461,,,1.0,normal
2566,30,scenario3_repeated_spike,D3QN,50,0.0,1,0.09,0.11199999999999999,0.5,0.5,-0.10099999999999999,,0.02708357386291027,0.03916066139936447,,,1.0,normal
2567,30,scenario3_repeated_spike,D3QN,50,0.0,1,0.09,0.11199999999999999,0.5,0.5,-0.10099999999999999,,0.00366156711243093,0.027598567306995392,,,1.0,normal
2568,30,scenario3_repeated_spike,D3QN,50,0.0,1,0.09,0.11199999999999999,0.5,0.5,-0.10099999999999999,,0.004851002246141434,0.04387889802455902,,,1.0,normal
2569,30,scenario3_repeated_spike,D3QN,50,0.0,1,0.09,0.11199999999999999,0.5,0.5,-0.10099999999999999,,0.0075308168306946754,0.05655749514698982,,,1.0,normal
2570,30,scenario3_repeated_spike,D3QN,50,0.0,1,0.09,0.11199999999999999,0.5,0.5,-0.10099999999999999,,0.003843034850433469,0.02629024162888527,,,1.0,normal
2571,30,scenario3_repeated_spike,D3QN,50,0.0,1,0.09,0.11199999999999999,0.5,0.5,-0.10099999999999999,,0.005233242642134428,0.040268052369356155,,,1.0,normal
2572,30,scenario3_repeated_spike,D3QN,50,0.0,1,0.09,0.11199999999999999,0.5,0.5,-0.10099999999999999,,0.001560608739964664,0.019737981259822845,,,1.0,normal
2573,30,scenario3_repeated_spike,D3QN,50,1.0,0,0.060625,0.197,0.5,0.5,-0.1288125,,0.0015189992263913155,0.025197334587574005,,,1.0,normal
2574,30,scenario3_repeated_spike,D3QN,50,0.0,1,0.09,0.11199999999999999,0.5,0.5,-0.10099999999999999,,0.001377156819216907,0.018681447952985764,,,1.0,normal
2575,30,scenario3_repeated_spike,D3QN,50,0.0,1,0.09,0.11199999999999999,0.5,0.5,-0.10099999999999999,,0.002344218548387289,0.019975267350673676,,,1.0,normal
2576,30,scenario3_repeated_spike,D3QN,50,0.0,1,0.09,0.11199999999999999,0.5,0.5,-0.10099999999999999,,0.003700434695929289,0.033523254096508026,,,1.0,normal
2577,30,scenario3_repeated_spike,D3QN,50,0.0,1,0.09,0.11199999999999999,0.5,0.5,-0.10099999999999999,,0.0024270627181977034,0.028027992695569992,,,1.0,normal
2578,30,scenario3_repeated_spike,D3QN,50,0.0,1,0.09,0.11199999999999999,0.5,0.5,-0.10099999999999999,,0.0031544731464236975,0.017013464123010635,,,1.0,normal
2579,30,scenario3_repeated_spike,D3QN,50,0.0,1,0.09,0.11199999999999999,0.5,0.5,-0.10099999999999999,,0.005020800046622753,0.038636188954114914,,,1.0,normal
2580,30,scenario3_repeated_spike,D3QN,50,0.0,1,0.09,0.11199999999999999,0.5,0.5,-0.10099999999999999,,0.04764574021100998,0.09005817770957947,,,1.0,normal
2581,30,scenario3_repeated_spike,D3QN,50,0.0,1,0.09,0.11199999999999999,0.5,0.5,-0.10099999999999999,,0.034994691610336304,0.06411024928092957,,,1.0,normal
2582,30,scenario3_repeated_spike,D3QN,50,0.0,1,0.09,0.11199999999999999,0.5,0.5,-0.10099999999999999,,0.006766080390661955,0.04295317828655243,,,1.0,normal
2583,30,scenario3_repeated_spike,D3QN,50,0.0,1,0.09,0.11199999999999999,0.5,0.5,-0.10099999999999999,,0.01602577045559883,0.059218745678663254,,,1.0,normal
2584,30,scenario3_repeated_spike,D3QN,50,0.0,1,0.09,0.11199999999999999,0.5,0.5,-0.10099999999999999,,0.012416617944836617,0.053993284702301025,,,1.0,normal
2585,30,scenario3_repeated_spike,D3QN,50,0.0,1,0.09,0.11199999999999999,0.5,0.5,-0.10099999999999999,,0.0024011200293898582,0.015303272753953934,,,1.0,normal
2586,30,scenario3_repeated_spike,D3QN,50,0.0,1,0.09,0.11199999999999999,0.5,0.5,-0.10099999999999999,,0.002277837134897709,0.023665327578783035,,,1.0,normal
2587,30,scenario3_repeated_spike,D3QN,50,0.0,1,0.09,0.11199999999999999,0.5,0.5,-0.10099999999999999,,0.049864765256643295,0.05532515421509743,,,1.0,normal
2588,30,scenario3_repeated_spike,D3QN,50,0.0,1,0.09,0.11199999999999999,0.5,0.5,-0.10099999999999999,,0.05535459890961647,0.0634777843952179,,,1.0,normal
2589,30,scenario3_repeated_spike,D3QN,50,0.0,1,0.09,0.11199999999999999,0.5,0.5,-0.10099999999999999,,0.001006784033961594,0.017844606190919876,,,1.0,normal
2590,30,scenario3_repeated_spike,D3QN,50,0.0,1,0.09,0.11199999999999999,0.5,0.5,-0.10099999999999999,,0.0016425242647528648,0.018251188099384308,,,1.0,normal
2591,30,scenario3_repeated_spike,D3QN,50,0.0,1,0.09,0.11199999999999999,0.5,0.5,-0.10099999999999999,,0.0008816422196105123,0.01426684483885765,,,1.0,normal
2592,30,scenario3_repeated_spike,D3QN,50,0.0,1,0.09,0.11199999999999999,0.5,0.5,-0.10099999999999999,,0.0007779410807415843,0.014357049018144608,,,1.0,normal
2593,30,scenario3_repeated_spike,D3QN,50,1.0,0,0.060625,0.197,0.5,0.5,-0.1288125,,0.048955898731946945,0.05189529061317444,,,1.0,normal
2594,30,scenario3_repeated_spike,D3QN,50,0.0,1,0.09,0.11199999999999999,0.5,0.5,-0.10099999999999999,,0.00039668145473115146,0.012309946119785309,,,1.0,normal
2595,30,scenario3_repeated_spike,D3QN,50,0.0,1,0.09,0.11199999999999999,0.5,0.5,-0.10099999999999999,,0.0013767702039331198,0.023598168045282364,,,1.0,normal
2596,30,scenario3_repeated_spike,D3QN,50,0.0,1,0.09,0.11199999999999999,0.5,0.5,-0.10099999999999999,,0.0004764582554344088,0.013262923806905746,,,1.0,normal
2597,30,scenario3_repeated_spike,D3QN,50,0.0,1,0.09,0.11199999999999999,0.5,0.5,-0.10099999999999999,,0.013704190030694008,0.08263415098190308,,,1.0,normal
2598,30,scenario3_repeated_spike,D3QN,50,0.0,1,0.09,0.11199999999999999,0.5,0.5,-0.10099999999999999,,0.010019819252192974,0.06030208617448807,,,1.0,normal
2599,30,scenario3_repeated_spike,D3QN,50,0.0,1,0.09,0.11199999999999999,0.5,0.5,-0.10099999999999999,,0.005126952659338713,0.037970103323459625,,,1.0,normal
2600,30,scenario3_repeated_spike,D3QN,50,0.0,1,0.09,0.11199999999999999,0.5,0.5,-0.10099999999999999,,0.014887308701872826,0.09923109412193298,,,1.0,normal
2601,30,scenario3_repeated_spike,D3QN,50,0.0,1,0.09,0.11199999999999999,0.5,0.5,-0.10099999999999999,,0.01626567915081978,0.11294001340866089,,,1.0,normal
2602,30,scenario3_repeated_spike,D3QN,50,0.0,1,0.09,0.11199999999999999,0.5,0.5,-0.10099999999999999,,0.04754231870174408,0.17306256294250488,,,1.0,normal
2603,30,scenario3_repeated_spike,D3QN,50,0.0,1,0.09,0.11199999999999999,0.5,0.5,-0.10099999999999999,,0.044995009899139404,0.16048282384872437,,,1.0,normal
2604,30,scenario3_repeated_spike,D3QN,50,0.0,1,0.09,0.11199999999999999,0.5,0.5,-0.10099999999999999,,0.03533342108130455,0.14952677488327026,,,1.0,normal
2605,30,scenario3_repeated_spike,D3QN,50,0.0,1,0.09,0.11199999999999999,0.5,0.5,-0.10099999999999999,,0.005021103657782078,0.06822717189788818,,,1.0,normal
2606,30,scenario3_repeated_spike,D3QN,50,0.0,1,0.09,0.11199999999999999,0.5,0.5,-0.10099999999999999,,0.03138778358697891,0.14666464924812317,,,1.0,normal
2607,30,scenario3_repeated_spike,D3QN,50,0.0,1,0.09,0.11199999999999999,0.5,0.5,-0.10099999999999999,,0.057309430092573166,0.1781594455242157,,,1.0,normal
2608,30,scenario3_repeated_spike,D3QN,50,0.0,1,0.09,0.11199999999999999,0.5,0.5,-0.10099999999999999,,0.09733904153108597,0.2099161595106125,,,1.0,normal
2609,30,scenario3_repeated_spike,D3QN,50,0.0,1,0.09,0.11199999999999999,0.5,0.5,-0.10099999999999999,,0.041668184101581573,0.1599615067243576,,,1.0,normal
2610,30,scenario3_repeated_spike,D3QN,50,0.0,1,0.09,0.11199999999999999,0.5,0.5,-0.10099999999999999,,0.015897460281848907,0.10552978515625,,,1.0,normal
2611,30,scenario3_repeated_spike,D3QN,50,0.0,1,0.09,0.11199999999999999,0.5,0.5,-0.10099999999999999,,0.013383370824158192,0.09506763517856598,,,1.0,normal
2612,30,scenario3_repeated_spike,D3QN,50,0.0,1,0.09,0.11199999999999999,0.5,0.5,-0.10099999999999999,,0.03849160671234131,0.1453923135995865,,,1.0,normal
2613,30,scenario3_repeated_spike,D3QN,50,0.0,1,0.09,0.11199999999999999,0.5,0.5,-0.10099999999999999,,0.03943881765007973,0.14784537255764008,,,1.0,normal
2614,30,scenario3_repeated_spike,D3QN,50,0.0,1,0.09,0.11199999999999999,0.5,0.5,-0.10099999999999999,,0.023302968591451645,0.12155811488628387,,,1.0,normal
2615,30,scenario3_repeated_spike,D3QN,50,0.0,1,0.09,0.11199999999999999,0.5,0.5,-0.10099999999999999,,0.004291024524718523,0.055872488766908646,,,1.0,normal
2616,30,scenario3_repeated_spike,D3QN,50,0.0,1,0.09,0.11199999999999999,0.5,0.5,-0.10099999999999999,,0.0931805968284607,0.1723732352256775,,,1.0,normal
2617,30,scenario3_repeated_spike,D3QN,50,0.0,1,0.09,0.11199999999999999,0.5,0.5,-0.10099999999999999,,0.07034096121788025,0.1947234869003296,,,1.0,normal
2618,30,scenario3_repeated_spike,D3QN,50,0.0,1,0.09,0.11199999999999999,0.5,0.5,-0.10099999999999999,,0.07277260720729828,0.19093941152095795,,,1.0,normal
2619,30,scenario3_repeated_spike,D3QN,50,0.0,1,0.09,0.11199999999999999,0.5,0.5,-0.10099999999999999,,0.04771934449672699,0.16185727715492249,,,1.0,normal
2620,30,scenario3_repeated_spike,D3QN,50,0.0,1,0.09,0.11199999999999999,0.5,0.5,-0.10099999999999999,,0.010544260032474995,0.07861269265413284,,,1.0,normal
2621,30,scenario3_repeated_spike,D3QN,50,0.0,1,0.09,0.11199999999999999,0.5,0.5,-0.10099999999999999,,0.01792389526963234,0.0934993326663971,,,1.0,normal
2622,30,scenario3_repeated_spike,D3QN,50,0.0,1,0.09,0.11199999999999999,0.5,0.5,-0.10099999999999999,,0.046389803290367126,0.15320681035518646,,,1.0,normal
2623,30,scenario3_repeated_spike,D3QN,50,0.0,1,0.09,0.11199999999999999,0.5,0.5,-0.10099999999999999,,0.11192445456981659,0.17349538207054138,,,1.0,normal
2624,30,scenario3_repeated_spike,D3QN,50,0.0,1,0.09,0.11199999999999999,0.5,0.5,-0.10099999999999999,,0.0920955017209053,0.14051209390163422,,,1.0,normal
2625,30,scenario3_repeated_spike,D3QN,50,0.0,1,0.09,0.11199999999999999,0.5,0.5,-0.10099999999999999,,0.005630497820675373,0.04695528373122215,,,1.0,normal
2626,30,scenario3_repeated_spike,D3QN,50,0.0,1,0.09,0.11199999999999999,0.5,0.5,-0.10099999999999999,,0.025151340290904045,0.1113157868385315,,,1.0,normal
2627,30,scenario3_repeated_spike,D3QN,50,0.0,1,0.09,0.11199999999999999,0.5,0.5,-0.10099999999999999,,0.06889781355857849,0.1839473992586136,,,1.0,normal
2628,30,scenario3_repeated_spike,D3QN,50,0.0,1,0.09,0.11199999999999999,0.5,0.5,-0.10099999999999999,,0.05116169899702072,0.13972985744476318,,,1.0,normal
2629,30,scenario3_repeated_spike,D3QN,50,0.0,1,0.09,0.11199999999999999,0.5,0.5,-0.10099999999999999,,0.06059207767248154,0.12474123388528824,,,1.0,normal
2630,30,scenario3_repeated_spike,D3QN,50,0.0,1,0.09,0.11199999999999999,0.5,0.5,-0.10099999999999999,,0.008387690410017967,0.06842261552810669,,,1.0,normal
2631,30,scenario3_repeated_spike,D3QN,50,0.0,1,0.09,0.11199999999999999,0.5,0.5,-0.10099999999999999,,0.07316495478153229,0.0994410514831543,,,1.0,normal
2632,30,scenario3_repeated_spike,D3QN,50,0.0,1,0.09,0.11199999999999999,0.5,0.5,-0.10099999999999999,,0.05892477184534073,0.16028136014938354,,,1.0,normal
2633,30,scenario3_repeated_spike,D3QN,50,0.0,1,0.09,0.11199999999999999,0.5,0.5,-0.10099999999999999,,0.03376046568155289,0.11010091006755829,,,1.0,normal
2634,30,scenario3_repeated_spike,D3QN,50,0.0,1,0.09,0.11199999999999999,0.5,0.5,-0.10099999999999999,,0.08657857030630112,0.10915446281433105,,,1.0,normal
2635,30,scenario3_repeated_spike,D3QN,50,1.0,0,0.060625,0.197,0.5,0.5,-0.1288125,,0.0036720444913953543,0.030709315091371536,,,1.0,normal
2636,30,scenario3_repeated_spike,D3QN,50,0.0,1,0.09,0.11199999999999999,0.5,0.5,-0.10099999999999999,,0.01811625249683857,0.08558511734008789,,,1.0,normal
2637,30,scenario3_repeated_spike,D3QN,50,0.0,1,0.09,0.11199999999999999,0.5,0.5,-0.10099999999999999,,0.06735511124134064,0.1766766756772995,,,1.0,normal
2638,30,scenario3_repeated_spike,D3QN,50,0.0,1,0.09,0.11199999999999999,0.5,0.5,-0.10099999999999999,,0.07737327367067337,0.19356851279735565,,,1.0,normal
2639,30,scenario3_repeated_spike,D3QN,50,0.0,1,0.09,0.11199999999999999,0.5,0.5,-0.10099999999999999,,0.030108539387583733,0.10335350036621094,,,1.0,normal
2640,30,scenario3_repeated_spike,D3QN,50,0.0,1,0.09,0.11199999999999999,0.5,0.5,-0.10099999999999999,,0.004647166468203068,0.042512211948633194,,,1.0,normal
2641,30,scenario3_repeated_spike,D3QN,50,0.0,1,0.09,0.11199999999999999,0.5,0.5,-0.10099999999999999,,0.10728442668914795,0.1291729211807251,,,1.0,normal
2642,30,scenario3_repeated_spike,D3QN,50,0.0,1,0.09,0.11199999999999999,0.5,0.5,-0.10099999999999999,,0.05086313188076019,0.13788080215454102,,,1.0,normal
2643,30,scenario3_repeated_spike,D3QN,50,0.0,1,0.09,0.11199999999999999,0.5,0.5,-0.10099999999999999,,0.05256052315235138,0.1529957503080368,,,1.0,normal
2644,30,scenario3_repeated_spike,D3QN,50,0.0,1,0.09,0.11199999999999999,0.5,0.5,-0.10099999999999999,,0.016273662447929382,0.0656450092792511,,,1.0,normal
2645,30,scenario3_repeated_spike,D3QN,50,0.0,1,0.09,0.11199999999999999,0.5,0.5,-0.10099999999999999,,0.00329075800254941,0.03623958304524422,,,1.0,normal
2646,30,scenario3_repeated_spike,D3QN,50,0.0,1,0.09,0.11199999999999999,0.5,0.5,-0.10099999999999999,,0.020080700516700745,0.08472637832164764,,,1.0,normal
2647,30,scenario3_repeated_spike,D3QN,50,0.0,1,0.09,0.11199999999999999,0.5,0.5,-0.10099999999999999,,0.042768578976392746,0.11316679418087006,,,1.0,normal
2648,30,scenario3_repeated_spike,D3QN,50,0.0,1,0.09,0.11199999999999999,0.5,0.5,-0.10099999999999999,,0.05461737886071205,0.14372014999389648,,,1.0,normal
2649,30,scenario3_repeated_spike,D3QN,50,0.0,1,0.09,0.11199999999999999,0.5,0.5,-0.10099999999999999,,0.031733438372612,0.10714375972747803,,,1.0,normal
2650,30,scenario3_repeated_spike,D3QN,50,0.0,1,0.09,0.11199999999999999,0.5,0.5,-0.10099999999999999,,0.004088563844561577,0.039515700191259384,,,1.0,normal
2651,30,scenario3_repeated_spike,D3QN,50,0.0,1,0.09,0.11199999999999999,0.5,0.5,-0.10099999999999999,,0.015736369416117668,0.08188198506832123,,,1.0,normal
2652,30,scenario3_repeated_spike,D3QN,50,0.0,1,0.09,0.11199999999999999,0.5,0.5,-0.10099999999999999,,0.04137364402413368,0.12040509283542633,,,1.0,normal
2653,30,scenario3_repeated_spike,D3QN,50,0.0,1,0.09,0.11199999999999999,0.5,0.5,-0.10099999999999999,,0.04957137629389763,0.13767383992671967,,,1.0,normal
2654,30,scenario3_repeated_spike,D3QN,50,0.0,1,0.09,0.11199999999999999,0.5,0.5,-0.10099999999999999,,0.025695856660604477,0.10286805033683777,,,1.0,normal
2655,30,scenario3_repeated_spike,D3QN,50,0.0,1,0.09,0.11199999999999999,0.5,0.5,-0.10099999999999999,,0.0025322684086859226,0.03021109476685524,,,1.0,normal
2656,30,scenario3_repeated_spike,D3QN,50,0.0,1,0.09,0.11199999999999999,0.5,0.5,-0.10099999999999999,,0.02273165062069893,0.09673240035772324,,,1.0,normal
2657,30,scenario3_repeated_spike,D3QN,50,0.0,1,0.09,0.11199999999999999,0.5,0.5,-0.10099999999999999,,0.05702975019812584,0.1513655185699463,,,1.0,normal
2658,30,scenario3_repeated_spike,D3QN,50,0.0,1,0.09,0.11199999999999999,0.5,0.5,-0.10099999999999999,,0.0796850174665451,0.20146894454956055,,,1.0,normal
2659,30,scenario3_repeated_spike,D3QN,50,0.0,1,0.09,0.11199999999999999,0.5,0.5,-0.10099999999999999,,0.022109659388661385,0.07864576578140259,,,1.0,normal
2660,30,scenario3_repeated_spike,D3QN,50,0.0,1,0.09,0.11199999999999999,0.5,0.5,-0.10099999999999999,,0.008615260012447834,0.06374041736125946,,,1.0,normal
2661,30,scenario3_repeated_spike,D3QN,50,0.0,1,0.09,0.11199999999999999,0.5,0.5,-0.10099999999999999,,0.01484979409724474,0.07337208092212677,,,1.0,normal
2662,30,scenario3_repeated_spike,D3QN,50,0.0,1,0.09,0.11199999999999999,0.5,0.5,-0.10099999999999999,,0.032303716987371445,0.09655213356018066,,,1.0,normal
2663,30,scenario3_repeated_spike,D3QN,50,0.0,1,0.09,0.11199999999999999,0.5,0.5,-0.10099999999999999,,0.06087864562869072,0.14554603397846222,,,1.0,normal
2664,30,scenario3_repeated_spike,D3QN,50,0.0,1,0.09,0.11199999999999999,0.5,0.5,-0.10099999999999999,,0.036537617444992065,0.12034574151039124,,,1.0,normal
2665,30,scenario3_repeated_spike,D3QN,50,0.0,1,0.09,0.11199999999999999,0.5,0.5,-0.10099999999999999,,0.008892575278878212,0.04993678256869316,,,1.0,normal
2666,30,scenario3_repeated_spike,D3QN,50,0.0,1,0.09,0.11199999999999999,0.5,0.5,-0.10099999999999999,,0.02075856924057007,0.10026022046804428,,,1.0,normal
2667,30,scenario3_repeated_spike,D3QN,50,0.0,1,0.09,0.11199999999999999,0.5,0.5,-0.10099999999999999,,0.05222664400935173,0.14333346486091614,,,1.0,normal
2668,30,scenario3_repeated_spike,D3QN,50,0.0,1,0.09,0.11199999999999999,0.5,0.5,-0.10099999999999999,,0.05871365964412689,0.15312287211418152,,,1.0,normal
2669,30,scenario3_repeated_spike,D3QN,50,0.0,1,0.09,0.11199999999999999,0.5,0.5,-0.10099999999999999,,0.031458303332328796,0.11062075942754745,,,1.0,normal
2670,30,scenario3_repeated_spike,D3QN,50,0.0,1,0.09,0.11199999999999999,0.5,0.5,-0.10099999999999999,,0.003918650560081005,0.0397372730076313,,,1.0,normal
2671,30,scenario3_repeated_spike,D3QN,50,0.0,1,0.09,0.11199999999999999,0.5,0.5,-0.10099999999999999,,0.013160915113985538,0.06983229517936707,,,1.0,normal
2672,30,scenario3_repeated_spike,D3QN,50,1.0,0,0.060625,0.197,0.5,0.5,-0.1288125,,0.04731869325041771,0.13287051022052765,,,1.0,normal
2673,30,scenario3_repeated_spike,D3QN,50,0.0,1,0.09,0.11199999999999999,0.5,0.5,-0.10099999999999999,,0.046959925442934036,0.1253788322210312,,,1.0,normal
2674,30,scenario3_repeated_spike,D3QN,50,0.0,1,0.09,0.11199999999999999,0.5,0.5,-0.10099999999999999,,0.09267808496952057,0.12988097965717316,,,1.0,normal
2675,30,scenario3_repeated_spike,D3QN,50,0.0,1,0.09,0.11199999999999999,0.5,0.5,-0.10099999999999999,,0.0346091203391552,0.05205586925148964,,,1.0,normal
2676,30,scenario3_repeated_spike,D3QN,50,1.0,0,0.060625,0.197,0.5,0.5,-0.1288125,,0.021276846528053284,0.09948216378688812,,,1.0,normal
2677,30,scenario3_repeated_spike,D3QN,50,0.0,1,0.09,0.11199999999999999,0.5,0.5,-0.10099999999999999,,0.07584968954324722,0.14757341146469116,,,1.0,normal
2678,30,scenario3_repeated_spike,D3QN,50,0.0,1,0.09,0.11199999999999999,0.5,0.5,-0.10099999999999999,,0.04868790879845619,0.1287529170513153,,,1.0,normal
2679,30,scenario3_repeated_spike,D3QN,50,0.0,1,0.09,0.11199999999999999,0.5,0.5,-0.10099999999999999,,0.039226919412612915,0.12897029519081116,,,1.0,normal
2680,30,scenario3_repeated_spike,D3QN,50,0.0,1,0.09,0.11199999999999999,0.5,0.5,-0.10099999999999999,,0.049830276519060135,0.06417965888977051,,,1.0,normal
2681,30,scenario3_repeated_spike,D3QN,50,0.0,1,0.09,0.11199999999999999,0.5,0.5,-0.10099999999999999,,0.0031788907945156097,0.030346371233463287,,,1.0,normal
2682,30,scenario3_repeated_spike,D3QN,50,0.0,1,0.09,0.11199999999999999,0.5,0.5,-0.10099999999999999,,0.013453698717057705,0.06939058005809784,,,1.0,normal
2683,30,scenario3_repeated_spike,D3QN,50,0.0,1,0.09,0.11199999999999999,0.5,0.5,-0.10099999999999999,,0.009208844974637032,0.05746690556406975,,,1.0,normal
2684,30,scenario3_repeated_spike,D3QN,50,0.0,1,0.09,0.11199999999999999,0.5,0.5,-0.10099999999999999,,0.01042916625738144,0.05774044990539551,,,1.0,normal
2685,30,scenario3_repeated_spike,D3QN,50,0.0,1,0.09,0.11199999999999999,0.5,0.5,-0.10099999999999999,,0.03280133008956909,0.05067581310868263,,,1.0,normal
2686,30,scenario3_repeated_spike,D3QN,50,0.0,1,0.09,0.11199999999999999,0.5,0.5,-0.10099999999999999,,0.037694137543439865,0.07088060677051544,,,1.0,normal
2687,30,scenario3_repeated_spike,D3QN,50,0.0,1,0.09,0.11199999999999999,0.5,0.5,-0.10099999999999999,,0.00616482412442565,0.04450485110282898,,,1.0,normal
2688,30,scenario3_repeated_spike,D3QN,50,0.0,1,0.09,0.11199999999999999,0.5,0.5,-0.10099999999999999,,0.010571506805717945,0.07132779806852341,,,1.0,normal
2689,30,scenario3_repeated_spike,D3QN,50,0.0,1,0.09,0.11199999999999999,0.5,0.5,-0.10099999999999999,,0.017603520303964615,0.08403518050909042,,,1.0,normal
2690,30,scenario3_repeated_spike,D3QN,50,0.0,1,0.09,0.11199999999999999,0.5,0.5,-0.10099999999999999,,0.00754621671512723,0.05736924707889557,,,1.0,normal
2691,30,scenario3_repeated_spike,D3QN,50,0.0,1,0.09,0.11199999999999999,0.5,0.5,-0.10099999999999999,,0.0028044788632541895,0.03211731091141701,,,1.0,normal
2692,30,scenario3_repeated_spike,D3QN,50,0.0,1,0.09,0.11199999999999999,0.5,0.5,-0.10099999999999999,,0.0030312042217701674,0.03164687752723694,,,1.0,normal
2693,30,scenario3_repeated_spike,D3QN,50,0.0,1,0.09,0.11199999999999999,0.5,0.5,-0.10099999999999999,,0.003710184246301651,0.03299661725759506,,,1.0,normal
2694,30,scenario3_repeated_spike,D3QN,50,0.0,1,0.09,0.11199999999999999,0.5,0.5,-0.10099999999999999,,0.011574792675673962,0.0627068504691124,,,1.0,normal
2695,30,scenario3_repeated_spike,D3QN,50,0.0,1,0.09,0.11199999999999999,0.5,0.5,-0.10099999999999999,,0.014375805854797363,0.07385829836130142,,,1.0,normal
2696,30,scenario3_repeated_spike,D3QN,50,0.0,1,0.09,0.11199999999999999,0.5,0.5,-0.10099999999999999,,0.0077078212052583694,0.05459870025515556,,,1.0,normal
2697,30,scenario3_repeated_spike,D3QN,50,0.0,1,0.09,0.11199999999999999,0.5,0.5,-0.10099999999999999,,0.0036115229595452547,0.03195318207144737,,,1.0,normal
2698,30,scenario3_repeated_spike,D3QN,50,0.0,1,0.09,0.11199999999999999,0.5,0.5,-0.10099999999999999,,0.0034360848367214203,0.03624022752046585,,,1.0,normal
2699,30,scenario3_repeated_spike,D3QN,50,0.0,1,0.09,0.11199999999999999,0.5,0.5,-0.10099999999999999,,0.0005052475607953966,0.01766325533390045,,,1.0,normal
2700,30,scenario3_repeated_spike,D3QN,50,0.0,1,0.09,0.11199999999999999,0.5,0.5,-0.10099999999999999,,0.011205323040485382,0.0956515520811081,,,1.0,normal
2701,30,scenario3_repeated_spike,D3QN,50,0.0,1,0.09,0.11199999999999999,0.5,0.5,-0.10099999999999999,,0.016438091173768044,0.11149058490991592,,,1.0,normal
2702,30,scenario3_repeated_spike,D3QN,50,0.0,1,0.09,0.11199999999999999,0.5,0.5,-0.10099999999999999,,0.03286450356245041,0.1459314078092575,,,1.0,normal
2703,30,scenario3_repeated_spike,D3QN,50,0.0,1,0.09,0.11199999999999999,0.5,0.5,-0.10099999999999999,,0.03847271203994751,0.15641218423843384,,,1.0,normal
2704,30,scenario3_repeated_spike,D3QN,50,0.0,1,0.09,0.11199999999999999,0.5,0.5,-0.10099999999999999,,0.015819471329450607,0.1091514527797699,,,1.0,normal
2705,30,scenario3_repeated_spike,D3QN,50,0.0,1,0.09,0.11199999999999999,0.5,0.5,-0.10099999999999999,,0.05984580144286156,0.10591985285282135,,,1.0,normal
2706,30,scenario3_repeated_spike,D3QN,50,0.0,1,0.09,0.11199999999999999,0.5,0.5,-0.10099999999999999,,0.05179649963974953,0.18063287436962128,,,1.0,normal
2707,30,scenario3_repeated_spike,D3QN,50,0.0,1,0.09,0.11199999999999999,0.5,0.5,-0.10099999999999999,,0.10107721388339996,0.21166063845157623,,,1.0,normal
2708,30,scenario3_repeated_spike,D3QN,50,0.0,1,0.09,0.11199999999999999,0.5,0.5,-0.10099999999999999,,0.091624915599823,0.21185114979743958,,,1.0,normal
2709,30,scenario3_repeated_spike,D3QN,50,0.0,1,0.09,0.11199999999999999,0.5,0.5,-0.10099999999999999,,0.0650838166475296,0.18137957155704498,,,1.0,normal
2710,30,scenario3_repeated_spike,D3QN,50,0.0,1,0.09,0.11199999999999999,0.5,0.5,-0.10099999999999999,,0.03082154132425785,0.13934099674224854,,,1.0,normal
2711,30,scenario3_repeated_spike,D3QN,50,0.0,1,0.09,0.11199999999999999,0.5,0.5,-0.10099999999999999,,0.011118057183921337,0.06729812920093536,,,1.0,normal
2712,30,scenario3_repeated_spike,D3QN,50,0.0,1,0.09,0.11199999999999999,0.5,0.5,-0.10099999999999999,,0.00976958591490984,0.08760879933834076,,,1.0,normal
2713,30,scenario3_repeated_spike,D3QN,50,0.0,1,0.09,0.11199999999999999,0.5,0.5,-0.10099999999999999,,0.03207223862409592,0.13169968128204346,,,1.0,normal
2714,30,scenario3_repeated_spike,D3QN,50,0.0,1,0.09,0.11199999999999999,0.5,0.5,-0.10099999999999999,,0.009616074152290821,0.07943685352802277,,,1.0,normal
2715,30,scenario3_repeated_spike,D3QN,50,0.0,1,0.09,0.11199999999999999,0.5,0.5,-0.10099999999999999,,0.007066583260893822,0.07488545775413513,,,1.0,normal
2716,30,scenario3_repeated_spike,D3QN,50,0.0,1,0.09,0.11199999999999999,0.5,0.5,-0.10099999999999999,,0.02089429832994938,0.11264531314373016,,,1.0,normal
2717,30,scenario3_repeated_spike,D3QN,50,0.0,1,0.09,0.11199999999999999,0.5,0.5,-0.10099999999999999,,0.008210096508264542,0.0774226039648056,,,1.0,normal
2718,30,scenario3_repeated_spike,D3QN,50,0.0,1,0.09,0.11199999999999999,0.5,0.5,-0.10099999999999999,,0.12011101096868515,0.11484779417514801,,,1.0,normal
2719,30,scenario3_repeated_spike,D3QN,50,0.0,1,0.09,0.11199999999999999,0.5,0.5,-0.10099999999999999,,0.03701343759894371,0.07297669351100922,,,1.0,normal
2720,30,scenario3_repeated_spike,D3QN,50,0.0,1,0.09,0.11199999999999999,0.5,0.5,-0.10099999999999999,,0.0014357758918777108,0.03242306411266327,,,1.0,normal
2721,30,scenario3_repeated_spike,D3QN,50,0.0,1,0.09,0.11199999999999999,0.5,0.5,-0.10099999999999999,,0.007020724005997181,0.06614711135625839,,,1.0,normal
2722,30,scenario3_repeated_spike,D3QN,50,0.0,1,0.09,0.11199999999999999,0.5,0.5,-0.10099999999999999,,0.006320503074675798,0.05525519326329231,,,1.0,normal
2723,30,scenario3_repeated_spike,D3QN,50,1.0,0,0.060625,0.197,0.5,0.5,-0.1288125,,0.004758285824209452,0.0375082790851593,,,1.0,normal
2724,30,scenario3_repeated_spike,D3QN,50,1.9000000000000004,0,0.0611875,0.19790000000000002,0.5,0.5,-0.12954375,,0.032277703285217285,0.03966408222913742,,,1.0,normal
2725,30,scenario3_repeated_spike,D3QN,50,0.0,1,0.09,0.11199999999999999,0.5,0.5,-0.10099999999999999,,0.0034198469948023558,0.03503233566880226,,,1.0,normal
2726,30,scenario3_repeated_spike,D3QN,50,1.0,0,0.060625,0.197,0.5,0.5,-0.1288125,,0.005580583121627569,0.04322294890880585,,,1.0,normal
2727,30,scenario3_repeated_spike,D3QN,50,1.9000000000000004,0,0.0611875,0.19790000000000002,0.5,0.5,-0.12954375,,0.005800809245556593,0.0340397022664547,,,1.0,normal
2728,30,scenario3_repeated_spike,D3QN,50,2.710000000000001,0,0.061693750000000006,0.19871000000000003,0.5,0.5,-0.13020187500000002,,0.002961475169286132,0.03321371227502823,,,1.0,normal
2729,30,scenario3_repeated_spike,D3QN,50,0.0,1,0.09,0.11199999999999999,0.5,0.5,-0.10099999999999999,,0.003333064028993249,0.04370640963315964,,,1.0,normal
2730,30,scenario3_repeated_spike,D3QN,50,1.0,0,0.060625,0.197,0.5,0.5,-0.1288125,,0.006896227598190308,0.05401835963129997,,,1.0,normal
2731,30,scenario3_repeated_spike,D3QN,50,1.9000000000000004,0,0.0611875,0.19790000000000002,0.5,0.5,-0.12954375,,0.0033609136007726192,0.04326104372739792,,,1.0,normal
2732,30,scenario3_repeated_spike,D3QN,50,2.710000000000001,0,0.061693750000000006,0.19871000000000003,0.5,0.5,-0.13020187500000002,,0.0042607602663338184,0.048066217452287674,,,1.0,normal
2733,30,scenario3_repeated_spike,D3QN,50,0.0,1,0.09,0.11199999999999999,0.5,0.5,-0.10099999999999999,,0.008859343826770782,0.06147634983062744,,,1.0,normal
2734,30,scenario3_repeated_spike,D3QN,50,1.0,0,0.060625,0.197,0.5,0.5,-0.1288125,,0.007301123812794685,0.05935164913535118,,,1.0,normal
2735,30,scenario3_repeated_spike,D3QN,50,1.9000000000000004,0,0.0611875,0.19790000000000002,0.5,0.5,-0.12954375,,0.03310075402259827,0.06917211413383484,,,1.0,normal
2736,30,scenario3_repeated_spike,D3QN,50,2.710000000000001,0,0.061693750000000006,0.19871000000000003,0.5,0.5,-0.13020187500000002,,0.003411774290725589,0.04207459092140198,,,1.0,normal
2737,30,scenario3_repeated_spike,D3QN,50,0.0,1,0.09,0.11199999999999999,0.5,0.5,-0.10099999999999999,,0.003085792763158679,0.04755636677145958,,,1.0,normal
2738,30,scenario3_repeated_spike,D3QN,50,1.0,0,0.060625,0.197,0.5,0.5,-0.1288125,,0.0046213045716285706,0.058292604982852936,,,1.0,normal
2739,30,scenario3_repeated_spike,D3QN,50,1.9000000000000004,0,0.0611875,0.19790000000000002,0.5,0.5,-0.12954375,,0.01239878498017788,0.060478221625089645,,,1.0,normal
2740,30,scenario3_repeated_spike,D3QN,50,2.710000000000001,0,0.061693750000000006,0.19871000000000003,0.5,0.5,-0.13020187500000002,,0.033301256597042084,0.06184183433651924,,,1.0,normal
2741,30,scenario3_repeated_spike,D3QN,50,0.0,1,0.09,0.11199999999999999,0.5,0.5,-0.10099999999999999,,0.03425835072994232,0.07453882694244385,,,1.0,normal
2742,30,scenario3_repeated_spike,D3QN,50,1.0,0,0.060625,0.197,0.5,0.5,-0.1288125,,0.0033287613186985254,0.05076001584529877,,,1.0,normal
2743,30,scenario3_repeated_spike,D3QN,50,1.9000000000000004,0,0.0611875,0.19790000000000002,0.5,0.5,-0.12954375,,0.005763016641139984,0.049909304827451706,,,1.0,normal
2744,30,scenario3_repeated_spike,D3QN,50,2.710000000000001,0,0.061693750000000006,0.19871000000000003,0.5,0.5,-0.13020187500000002,,0.006095129996538162,0.04946313425898552,,,1.0,normal
2745,30,scenario3_repeated_spike,D3QN,50,0.0,1,0.09,0.11199999999999999,0.5,0.5,-0.10099999999999999,,0.0029794322326779366,0.04205327108502388,,,1.0,normal
2746,30,scenario3_repeated_spike,D3QN,50,1.0,0,0.060625,0.197,0.5,0.5,-0.1288125,,0.006021914072334766,0.05017069727182388,,,1.0,normal
2747,30,scenario3_repeated_spike,D3QN,50,1.9000000000000004,0,0.0611875,0.19790000000000002,0.5,0.5,-0.12954375,,0.0024911074433475733,0.03877362236380577,,,1.0,normal
2748,30,scenario3_repeated_spike,D3QN,50,2.710000000000001,0,0.061693750000000006,0.19871000000000003,0.5,0.5,-0.13020187500000002,,0.0012476082192733884,0.02851754054427147,,,1.0,normal
2749,30,scenario3_repeated_spike,D3QN,50,0.0,1,0.09,0.11199999999999999,0.5,0.5,-0.10099999999999999,,0.005215925630182028,0.04861001670360565,,,1.0,normal
2750,30,scenario3_repeated_spike,D3QN,50,1.0,0,0.060625,0.197,0.5,0.5,-0.1288125,,0.0037595131434500217,0.04413360729813576,,,1.0,normal
2751,30,scenario3_repeated_spike,D3QN,50,1.9000000000000004,0,0.0611875,0.19790000000000002,0.5,0.5,-0.12954375,,0.001762362546287477,0.025368958711624146,,,1.0,normal
2752,30,scenario3_repeated_spike,D3QN,50,0.0,1,0.09,0.11199999999999999,0.5,0.5,-0.10099999999999999,,0.004909565206617117,0.03017919883131981,,,1.0,normal
2753,30,scenario3_repeated_spike,D3QN,50,1.0,0,0.060625,0.197,0.5,0.5,-0.1288125,,0.004972206894308329,0.04715708643198013,,,1.0,normal
2754,30,scenario3_repeated_spike,D3QN,50,0.0,1,0.09,0.11199999999999999,0.5,0.5,-0.10099999999999999,,0.00622136052697897,0.04689723625779152,,,1.0,normal
2755,30,scenario3_repeated_spike,D3QN,50,0.0,1,0.09,0.11199999999999999,0.5,0.5,-0.10099999999999999,,0.007699329871684313,0.041833680123090744,,,1.0,normal
2756,30,scenario3_repeated_spike,D3QN,50,0.0,1,0.09,0.11199999999999999,0.5,0.5,-0.10099999999999999,,0.003645622869953513,0.03099469095468521,,,1.0,normal
2757,30,scenario3_repeated_spike,D3QN,50,0.0,1,0.09,0.11199999999999999,0.5,0.5,-0.10099999999999999,,0.0035170293413102627,0.04133274778723717,,,1.0,normal
2758,30,scenario3_repeated_spike,D3QN,50,0.0,1,0.09,0.11199999999999999,0.5,0.5,-0.10099999999999999,,0.0019566474948078394,0.029281698167324066,,,1.0,normal
2759,30,scenario3_repeated_spike,D3QN,50,0.0,1,0.09,0.11199999999999999,0.5,0.5,-0.10099999999999999,,0.004660206381231546,0.03715817630290985,,,1.0,normal
2760,30,scenario3_repeated_spike,D3QN,50,0.0,1,0.09,0.11199999999999999,0.5,0.5,-0.10099999999999999,,0.00168389652390033,0.02325166016817093,,,1.0,normal
2761,30,scenario3_repeated_spike,D3QN,50,0.0,1,0.09,0.11199999999999999,0.5,0.5,-0.10099999999999999,,0.001613749423995614,0.026250138878822327,,,1.0,normal
2762,30,scenario3_repeated_spike,D3QN,50,0.0,1,0.09,0.11199999999999999,0.5,0.5,-0.10099999999999999,,0.003441827604547143,0.02773161605000496,,,1.0,normal
2763,30,scenario3_repeated_spike,D3QN,50,0.0,1,0.09,0.11199999999999999,0.5,0.5,-0.10099999999999999,,0.03916771337389946,0.06363190710544586,,,1.0,normal
2764,30,scenario3_repeated_spike,D3QN,50,0.0,1,0.09,0.11199999999999999,0.5,0.5,-0.10099999999999999,,0.03448230028152466,0.0465824156999588,,,1.0,normal
2765,30,scenario3_repeated_spike,D3QN,50,0.0,1,0.09,0.11199999999999999,0.5,0.5,-0.10099999999999999,,0.0024432456120848656,0.022332988679409027,,,1.0,normal
2766,30,scenario3_repeated_spike,D3QN,50,0.0,1,0.09,0.11199999999999999,0.5,0.5,-0.10099999999999999,,0.0007506606634706259,0.013783864676952362,,,1.0,normal
2767,30,scenario3_repeated_spike,D3QN,50,0.0,1,0.09,0.11199999999999999,0.5,0.5,-0.10099999999999999,,0.004647296387702227,0.03805302456021309,,,1.0,normal
2768,30,scenario3_repeated_spike,D3QN,50,0.0,1,0.09,0.11199999999999999,0.5,0.5,-0.10099999999999999,,0.03705505654215813,0.05705982819199562,,,1.0,normal
2769,30,scenario3_repeated_spike,D3QN,50,0.0,1,0.09,0.11199999999999999,0.5,0.5,-0.10099999999999999,,0.001711410703137517,0.026162315160036087,,,1.0,normal
2770,30,scenario3_repeated_spike,D3QN,50,0.0,1,0.09,0.11199999999999999,0.5,0.5,-0.10099999999999999,,0.006442006677389145,0.05249449238181114,,,1.0,normal
2771,30,scenario3_repeated_spike,D3QN,50,0.0,1,0.09,0.11199999999999999,0.5,0.5,-0.10099999999999999,,0.006692599505186081,0.03032832220196724,,,1.0,normal
2772,30,scenario3_repeated_spike,D3QN,50,0.0,1,0.09,0.11199999999999999,0.5,0.5,-0.10099999999999999,,0.001854838221333921,0.01666969805955887,,,1.0,normal
2773,30,scenario3_repeated_spike,D3QN,50,0.0,1,0.09,0.11199999999999999,0.5,0.5,-0.10099999999999999,,0.007624352816492319,0.049308352172374725,,,1.0,normal
2774,30,scenario3_repeated_spike,D3QN,50,0.0,1,0.09,0.11199999999999999,0.5,0.5,-0.10099999999999999,,0.0022824702318757772,0.02844509854912758,,,1.0,normal
2775,30,scenario3_repeated_spike,D3QN,50,0.0,1,0.09,0.11199999999999999,0.5,0.5,-0.10099999999999999,,0.0078097558580338955,0.04250974580645561,,,1.0,normal
2776,30,scenario3_repeated_spike,D3QN,50,0.0,1,0.09,0.11199999999999999,0.5,0.5,-0.10099999999999999,,0.003966836258769035,0.038894958794116974,,,1.0,normal
2777,30,scenario3_repeated_spike,D3QN,50,0.0,1,0.09,0.11199999999999999,0.5,0.5,-0.10099999999999999,,0.002230150857940316,0.023850075900554657,,,1.0,normal
2778,30,scenario3_repeated_spike,D3QN,50,0.0,1,0.09,0.11199999999999999,0.5,0.5,-0.10099999999999999,,0.00033296915353275836,0.011448070406913757,,,1.0,normal
2779,30,scenario3_repeated_spike,D3QN,50,0.0,1,0.09,0.11199999999999999,0.5,0.5,-0.10099999999999999,,0.004340047482401133,0.03782819211483002,,,1.0,normal
2780,30,scenario3_repeated_spike,D3QN,50,0.0,1,0.09,0.11199999999999999,0.5,0.5,-0.10099999999999999,,0.003336084308102727,0.030752934515476227,,,1.0,normal
2781,30,scenario3_repeated_spike,D3QN,50,0.0,1,0.09,0.11199999999999999,0.5,0.5,-0.10099999999999999,,0.0432870052754879,0.08454962819814682,,,1.0,normal
2782,30,scenario3_repeated_spike,D3QN,50,0.0,1,0.09,0.11199999999999999,0.5,0.5,-0.10099999999999999,,0.007232186384499073,0.048921599984169006,,,1.0,normal
2783,30,scenario3_repeated_spike,D3QN,50,0.0,1,0.09,0.11199999999999999,0.5,0.5,-0.10099999999999999,,0.002220344729721546,0.01846255362033844,,,1.0,normal
2784,30,scenario3_repeated_spike,D3QN,50,0.0,1,0.09,0.11199999999999999,0.5,0.5,-0.10099999999999999,,0.009172429330646992,0.05412525683641434,,,1.0,normal
2785,30,scenario3_repeated_spike,D3QN,50,0.0,1,0.09,0.11199999999999999,0.5,0.5,-0.10099999999999999,,0.011849278584122658,0.06091315671801567,,,1.0,normal
2786,30,scenario3_repeated_spike,D3QN,50,0.0,1,0.09,0.11199999999999999,0.5,0.5,-0.10099999999999999,,0.0122017627581954,0.06518955528736115,,,1.0,normal
2787,30,scenario3_repeated_spike,D3QN,50,0.0,1,0.09,0.11199999999999999,0.5,0.5,-0.10099999999999999,,0.05487864464521408,0.05686824023723602,,,1.0,normal
2788,30,scenario3_repeated_spike,D3QN,50,0.0,1,0.09,0.11199999999999999,0.5,0.5,-0.10099999999999999,,0.04458410665392876,0.13595691323280334,,,1.0,normal
2789,30,scenario3_repeated_spike,D3QN,50,0.0,1,0.09,0.11199999999999999,0.5,0.5,-0.10099999999999999,,0.07165957987308502,0.15818586945533752,,,1.0,normal
2790,30,scenario3_repeated_spike,D3QN,50,1.0,0,0.060625,0.197,0.5,0.5,-0.1288125,,0.06647790968418121,0.14667227864265442,,,1.0,normal
2791,30,scenario3_repeated_spike,D3QN,50,0.0,1,0.09,0.11199999999999999,0.5,0.5,-0.10099999999999999,,0.049344856292009354,0.1417275071144104,,,1.0,normal
2792,30,scenario3_repeated_spike,D3QN,50,0.0,1,0.09,0.11199999999999999,0.5,0.5,-0.10099999999999999,,0.00749712809920311,0.05269289016723633,,,1.0,normal
2793,30,scenario3_repeated_spike,D3QN,50,0.0,1,0.09,0.11199999999999999,0.5,0.5,-0.10099999999999999,,0.01031604316085577,0.05917523056268692,,,1.0,normal
2794,30,scenario3_repeated_spike,D3QN,50,0.0,1,0.09,0.11199999999999999,0.5,0.5,-0.10099999999999999,,0.040826085954904556,0.11247572302818298,,,1.0,normal
2795,30,scenario3_repeated_spike,D3QN,50,0.0,1,0.09,0.11199999999999999,0.5,0.5,-0.10099999999999999,,0.0576244592666626,0.14071321487426758,,,1.0,normal
2796,30,scenario3_repeated_spike,D3QN,50,0.0,1,0.09,0.11199999999999999,0.5,0.5,-0.10099999999999999,,0.02594377100467682,0.08664707094430923,,,1.0,normal
2797,30,scenario3_repeated_spike,D3QN,50,0.0,1,0.09,0.11199999999999999,0.5,0.5,-0.10099999999999999,,0.03576718643307686,0.05594377592206001,,,1.0,normal
2798,30,scenario3_repeated_spike,D3QN,50,0.0,1,0.09,0.11199999999999999,0.5,0.5,-0.10099999999999999,,0.009969456121325493,0.051252733916044235,,,1.0,normal
2799,30,scenario3_repeated_spike,D3QN,50,1.0,0,0.060625,0.197,0.5,0.5,-0.1288125,,0.03367631137371063,0.10453049838542938,,,1.0,normal
2800,30,scenario3_repeated_spike,D3QN,50,1.9000000000000004,0,0.0611875,0.19790000000000002,0.5,0.5,-0.12954375,,0.00943940132856369,0.09254735708236694,,,1.0,normal
2801,30,scenario3_repeated_spike,D3QN,50,0.0,1,0.09,0.11199999999999999,0.5,0.5,-0.10099999999999999,,0.005124532617628574,0.06308827549219131,,,1.0,normal
2802,30,scenario3_repeated_spike,D3QN,50,0.0,1,0.09,0.11199999999999999,0.5,0.5,-0.10099999999999999,,0.059871021658182144,0.08621133863925934,,,1.0,normal
2803,30,scenario3_repeated_spike,D3QN,50,0.0,1,0.09,0.11199999999999999,0.5,0.5,-0.10099999999999999,,0.044117797166109085,0.100119948387146,,,1.0,normal
2804,30,scenario3_repeated_spike,D3QN,50,0.0,1,0.09,0.11199999999999999,0.5,0.5,-0.10099999999999999,,0.006436065770685673,0.0733955129981041,,,1.0,normal
2805,30,scenario3_repeated_spike,D3QN,50,0.0,1,0.09,0.11199999999999999,0.5,0.5,-0.10099999999999999,,0.0034788313787430525,0.052200570702552795,,,1.0,normal
2806,30,scenario3_repeated_spike,D3QN,50,0.0,1,0.09,0.11199999999999999,0.5,0.5,-0.10099999999999999,,0.0023379623889923096,0.045095399022102356,,,1.0,normal
2807,30,scenario3_repeated_spike,D3QN,50,0.0,1,0.09,0.11199999999999999,0.5,0.5,-0.10099999999999999,,0.0066975997760891914,0.05829552188515663,,,1.0,normal
2808,30,scenario3_repeated_spike,D3QN,50,0.0,1,0.09,0.11199999999999999,0.5,0.5,-0.10099999999999999,,0.0038289912045001984,0.04761736840009689,,,1.0,normal
2809,30,scenario3_repeated_spike,D3QN,50,0.0,1,0.09,0.11199999999999999,0.5,0.5,-0.10099999999999999,,0.003260871395468712,0.038834236562252045,,,1.0,normal
2810,30,scenario3_repeated_spike,D3QN,50,0.0,1,0.09,0.11199999999999999,0.5,0.5,-0.10099999999999999,,0.004615513142198324,0.043054088950157166,,,1.0,normal
2811,30,scenario3_repeated_spike,D3QN,50,0.0,1,0.09,0.11199999999999999,0.5,0.5,-0.10099999999999999,,0.002421765821054578,0.0334276519715786,,,1.0,normal
2812,30,scenario3_repeated_spike,D3QN,50,1.0,0,0.060625,0.197,0.5,0.5,-0.1288125,,0.005290532018989325,0.038538120687007904,,,1.0,normal
2813,30,scenario3_repeated_spike,D3QN,50,1.9000000000000004,0,0.0611875,0.19790000000000002,0.5,0.5,-0.12954375,,0.006136177573353052,0.046927791088819504,,,1.0,normal
2814,30,scenario3_repeated_spike,D3QN,50,0.0,1,0.09,0.11199999999999999,0.5,0.5,-0.10099999999999999,,0.008581369183957577,0.046993356198072433,,,1.0,normal
2815,30,scenario3_repeated_spike,D3QN,50,1.0,0,0.060625,0.197,0.5,0.5,-0.1288125,,0.0035627298057079315,0.03179594501852989,,,1.0,normal
2816,30,scenario3_repeated_spike,D3QN,50,1.9000000000000004,0,0.0611875,0.19790000000000002,0.5,0.5,-0.12954375,,0.004331783391535282,0.04342665150761604,,,1.0,normal
2817,30,scenario3_repeated_spike,D3QN,50,0.0,1,0.09,0.11199999999999999,0.5,0.5,-0.10099999999999999,,0.006598541513085365,0.04519703984260559,,,1.0,normal
2818,30,scenario3_repeated_spike,D3QN,50,1.0,0,0.060625,0.197,0.5,0.5,-0.1288125,,0.06553713232278824,0.07024310529232025,,,1.0,normal
2819,30,scenario3_repeated_spike,D3QN,50,1.9000000000000004,0,0.0611875,0.19790000000000002,0.5,0.5,-0.12954375,,0.003499060869216919,0.042992547154426575,,,1.0,normal
2820,30,scenario3_repeated_spike,D3QN,50,0.0,1,0.09,0.11199999999999999,0.5,0.5,-0.10099999999999999,,0.002673743525519967,0.040395114570856094,,,1.0,normal
2821,30,scenario3_repeated_spike,D3QN,50,1.0,0,0.060625,0.197,0.5,0.5,-0.1288125,,0.009118832647800446,0.05329633131623268,,,1.0,normal
2822,30,scenario3_repeated_spike,D3QN,50,0.0,1,0.09,0.11199999999999999,0.5,0.5,-0.10099999999999999,,0.06390786170959473,0.07994392514228821,,,1.0,normal
2823,30,scenario3_repeated_spike,D3QN,50,1.0,0,0.060625,0.197,0.5,0.5,-0.1288125,,0.0051875608041882515,0.05075445771217346,,,1.0,normal
2824,30,scenario3_repeated_spike,D3QN,50,0.0,1,0.09,0.11199999999999999,0.5,0.5,-0.10099999999999999,,0.003658782225102186,0.05092770606279373,,,1.0,normal
2825,30,scenario3_repeated_spike,D3QN,50,0.0,1,0.09,0.11199999999999999,0.5,0.5,-0.10099999999999999,,0.008063520304858685,0.053595006465911865,,,1.0,normal
2826,30,scenario3_repeated_spike,D3QN,50,0.0,1,0.09,0.11199999999999999,0.5,0.5,-0.10099999999999999,,0.00361004751175642,0.047336723655462265,,,1.0,normal
2827,30,scenario3_repeated_spike,D3QN,50,0.0,1,0.09,0.11199999999999999,0.5,0.5,-0.10099999999999999,,0.006622745655477047,0.058585114777088165,,,1.0,normal
2828,30,scenario3_repeated_spike,D3QN,50,0.0,1,0.09,0.11199999999999999,0.5,0.5,-0.10099999999999999,,0.0030228563118726015,0.049306295812129974,,,1.0,normal
2829,30,scenario3_repeated_spike,D3QN,50,0.0,1,0.09,0.11199999999999999,0.5,0.5,-0.10099999999999999,,0.001837696647271514,0.03645110875368118,,,1.0,normal
2830,30,scenario3_repeated_spike,D3QN,50,0.0,1,0.09,0.11199999999999999,0.5,0.5,-0.10099999999999999,,0.008368398994207382,0.04981338977813721,,,1.0,normal
2831,30,scenario3_repeated_spike,D3QN,50,0.0,1,0.09,0.11199999999999999,0.5,0.5,-0.10099999999999999,,0.004042177926748991,0.04339892044663429,,,1.0,normal
2832,30,scenario3_repeated_spike,D3QN,50,0.0,1,0.09,0.11199999999999999,0.5,0.5,-0.10099999999999999,,0.0015435448149219155,0.0324191190302372,,,1.0,normal
2833,30,scenario3_repeated_spike,D3QN,50,0.0,1,0.09,0.11199999999999999,0.5,0.5,-0.10099999999999999,,0.002904885448515415,0.03745288401842117,,,1.0,normal
2834,30,scenario3_repeated_spike,D3QN,50,0.0,1,0.09,0.11199999999999999,0.5,0.5,-0.10099999999999999,,0.0026707774959504604,0.03600848838686943,,,1.0,normal
2835,30,scenario3_repeated_spike,D3QN,50,0.0,1,0.09,0.11199999999999999,0.5,0.5,-0.10099999999999999,,0.05682670325040817,0.0679466724395752,,,1.0,normal
2836,30,scenario3_repeated_spike,D3QN,50,0.0,1,0.09,0.11199999999999999,0.5,0.5,-0.10099999999999999,,0.029071226716041565,0.10164172202348709,,,1.0,normal
2837,30,scenario3_repeated_spike,D3QN,50,0.0,1,0.09,0.11199999999999999,0.5,0.5,-0.10099999999999999,,0.05338795483112335,0.1443960815668106,,,1.0,normal
2838,30,scenario3_repeated_spike,D3QN,50,0.0,1,0.09,0.11199999999999999,0.5,0.5,-0.10099999999999999,,0.046158477663993835,0.13754186034202576,,,1.0,normal
2839,30,scenario3_repeated_spike,D3QN,50,0.0,1,0.09,0.11199999999999999,0.5,0.5,-0.10099999999999999,,0.011000590398907661,0.060708362609148026,,,1.0,normal
2840,30,scenario3_repeated_spike,D3QN,50,0.0,1,0.09,0.11199999999999999,0.5,0.5,-0.10099999999999999,,0.03774590790271759,0.05440286919474602,,,1.0,normal
2841,30,scenario3_repeated_spike,D3QN,50,0.0,1,0.09,0.11199999999999999,0.5,0.5,-0.10099999999999999,,0.021410157904028893,0.07815974950790405,,,1.0,normal
2842,30,scenario3_repeated_spike,D3QN,50,0.0,1,0.09,0.11199999999999999,0.5,0.5,-0.10099999999999999,,0.006571829319000244,0.048516418784856796,,,1.0,normal
2843,30,scenario3_repeated_spike,D3QN,50,0.0,1,0.09,0.11199999999999999,0.5,0.5,-0.10099999999999999,,0.0019832404796034098,0.02533985674381256,,,1.0,normal
2844,30,scenario3_repeated_spike,D3QN,50,0.0,1,0.09,0.11199999999999999,0.5,0.5,-0.10099999999999999,,0.009073225781321526,0.053665876388549805,,,1.0,normal
2845,30,scenario3_repeated_spike,D3QN,50,0.0,1,0.09,0.11199999999999999,0.5,0.5,-0.10099999999999999,,0.03684170916676521,0.132480651140213,,,1.0,normal
2846,30,scenario3_repeated_spike,D3QN,50,0.0,1,0.09,0.11199999999999999,0.5,0.5,-0.10099999999999999,,0.019676754251122475,0.08121845126152039,,,1.0,normal
2847,30,scenario3_repeated_spike,D3QN,50,0.0,1,0.09,0.11199999999999999,0.5,0.5,-0.10099999999999999,,0.00786283053457737,0.06592792272567749,,,1.0,normal
2848,30,scenario3_repeated_spike,D3QN,50,0.0,1,0.09,0.11199999999999999,0.5,0.5,-0.10099999999999999,,0.07122515141963959,0.0817447304725647,,,1.0,normal
2849,30,scenario3_repeated_spike,D3QN,50,0.0,1,0.09,0.11199999999999999,0.5,0.5,-0.10099999999999999,,0.04025598242878914,0.12019650638103485,,,1.0,normal
2850,30,scenario3_repeated_spike,D3QN,50,0.0,1,0.09,0.11199999999999999,0.5,0.5,-0.10099999999999999,,0.025111183524131775,0.0880490094423294,,,1.0,normal
2851,30,scenario3_repeated_spike,D3QN,50,0.0,1,0.09,0.11199999999999999,0.5,0.5,-0.10099999999999999,,0.007628312800079584,0.05405548959970474,,,1.0,normal
2852,30,scenario3_repeated_spike,D3QN,50,1.0,0,0.060625,0.197,0.5,0.5,-0.1288125,,0.05671386420726776,0.09000543504953384,,,1.0,normal
2853,30,scenario3_repeated_spike,D3QN,50,0.0,1,0.09,0.11199999999999999,0.5,0.5,-0.10099999999999999,,0.059474315494298935,0.10855461657047272,,,1.0,normal
2854,30,scenario3_repeated_spike,D3QN,50,0.0,1,0.09,0.11199999999999999,0.5,0.5,-0.10099999999999999,,0.011268986389040947,0.06599046289920807,,,1.0,normal
2855,30,scenario3_repeated_spike,D3QN,50,0.0,1,0.09,0.11199999999999999,0.5,0.5,-0.10099999999999999,,0.0014259765157476068,0.02833467349410057,,,1.0,normal
2856,30,scenario3_repeated_spike,D3QN,50,0.0,1,0.09,0.11199999999999999,0.5,0.5,-0.10099999999999999,,0.010007288306951523,0.054487794637680054,,,1.0,normal
2857,30,scenario3_repeated_spike,D3QN,50,0.0,1,0.09,0.11199999999999999,0.5,0.5,-0.10099999999999999,,0.06292454898357391,0.1099298894405365,,,1.0,normal
2858,30,scenario3_repeated_spike,D3QN,50,0.0,1,0.09,0.11199999999999999,0.5,0.5,-0.10099999999999999,,0.023633314296603203,0.08525955677032471,,,1.0,normal
2859,30,scenario3_repeated_spike,D3QN,50,0.0,1,0.09,0.11199999999999999,0.5,0.5,-0.10099999999999999,,0.008426720276474953,0.05196546018123627,,,1.0,normal
2860,30,scenario3_repeated_spike,D3QN,50,0.0,1,0.09,0.11199999999999999,0.5,0.5,-0.10099999999999999,,0.0043520801700651646,0.04064562916755676,,,1.0,normal
2861,30,scenario3_repeated_spike,D3QN,50,0.0,1,0.09,0.11199999999999999,0.5,0.5,-0.10099999999999999,,0.015419445000588894,0.07764844596385956,,,1.0,normal
2862,30,scenario3_repeated_spike,D3QN,50,0.0,1,0.09,0.11199999999999999,0.5,0.5,-0.10099999999999999,,0.014188913628458977,0.08419843018054962,,,1.0,normal
2863,30,scenario3_repeated_spike,D3QN,50,0.0,1,0.09,0.11199999999999999,0.5,0.5,-0.10099999999999999,,0.0029367879033088684,0.017323613166809082,,,1.0,normal
2864,30,scenario3_repeated_spike,D3QN,50,0.0,1,0.09,0.11199999999999999,0.5,0.5,-0.10099999999999999,,0.003838455770164728,0.017411604523658752,,,1.0,normal
2865,30,scenario3_repeated_spike,D3QN,50,0.0,1,0.09,0.11199999999999999,0.5,0.5,-0.10099999999999999,,0.005931045860052109,0.04335346817970276,,,1.0,normal
2866,30,scenario3_repeated_spike,D3QN,50,0.0,1,0.09,0.11199999999999999,0.5,0.5,-0.10099999999999999,,0.002765732118859887,0.027575016021728516,,,1.0,normal
2867,30,scenario3_repeated_spike,D3QN,50,0.0,1,0.09,0.11199999999999999,0.5,0.5,-0.10099999999999999,,0.010604430921375751,0.05320977792143822,,,1.0,normal
2868,30,scenario3_repeated_spike,D3QN,50,0.0,1,0.09,0.11199999999999999,0.5,0.5,-0.10099999999999999,,0.04346140846610069,0.08334614336490631,,,1.0,normal
2869,30,scenario3_repeated_spike,D3QN,50,0.0,1,0.09,0.11199999999999999,0.5,0.5,-0.10099999999999999,,0.004459218587726355,0.030988823622465134,,,1.0,normal
2870,30,scenario3_repeated_spike,D3QN,50,0.0,1,0.09,0.11199999999999999,0.5,0.5,-0.10099999999999999,,0.010874684900045395,0.06502734124660492,,,1.0,normal
2871,30,scenario3_repeated_spike,D3QN,50,0.0,1,0.09,0.11199999999999999,0.5,0.5,-0.10099999999999999,,0.020386196672916412,0.09122025966644287,,,1.0,normal
2872,30,scenario3_repeated_spike,D3QN,50,0.0,1,0.09,0.11199999999999999,0.5,0.5,-0.10099999999999999,,0.012195498682558537,0.0729934424161911,,,1.0,normal
2873,30,scenario3_repeated_spike,D3QN,50,0.0,1,0.09,0.11199999999999999,0.5,0.5,-0.10099999999999999,,0.001936590182594955,0.021630730479955673,,,1.0,normal
2874,30,scenario3_repeated_spike,D3QN,50,0.0,1,0.09,0.11199999999999999,0.5,0.5,-0.10099999999999999,,0.00153810391202569,0.02891354262828827,,,1.0,normal
2875,30,scenario3_repeated_spike,D3QN,50,0.0,1,0.09,0.11199999999999999,0.5,0.5,-0.10099999999999999,,0.0010863716015592217,0.022591687738895416,,,1.0,normal
2876,30,scenario3_repeated_spike,D3QN,50,0.0,1,0.09,0.11199999999999999,0.5,0.5,-0.10099999999999999,,0.003390867728739977,0.030029408633708954,,,1.0,normal
2877,30,scenario3_repeated_spike,D3QN,50,1.0,0,0.060625,0.197,0.5,0.5,-0.1288125,,0.0008899409440346062,0.023030627518892288,,,1.0,normal
2878,30,scenario3_repeated_spike,D3QN,50,0.0,1,0.09,0.11199999999999999,0.5,0.5,-0.10099999999999999,,0.05948347598314285,0.05070095136761665,,,1.0,normal
2879,30,scenario3_repeated_spike,D3QN,50,0.0,1,0.09,0.11199999999999999,0.5,0.5,-0.10099999999999999,,0.0022979541681706905,0.03601051867008209,,,1.0,normal
2880,30,scenario3_repeated_spike,D3QN,50,0.0,1,0.09,0.11199999999999999,0.5,0.5,-0.10099999999999999,,0.0013710620114579797,0.021335531026124954,,,1.0,normal
2881,30,scenario3_repeated_spike,D3QN,50,0.0,1,0.09,0.11199999999999999,0.5,0.5,-0.10099999999999999,,0.006478587631136179,0.05160185322165489,,,1.0,normal
2882,30,scenario3_repeated_spike,D3QN,50,0.0,1,0.09,0.11199999999999999,0.5,0.5,-0.10099999999999999,,0.009974833577871323,0.061980195343494415,,,1.0,normal
2883,30,scenario3_repeated_spike,D3QN,50,0.0,1,0.09,0.11199999999999999,0.5,0.5,-0.10099999999999999,,0.002850112970918417,0.034423887729644775,,,1.0,normal
2884,30,scenario3_repeated_spike,D3QN,50,0.0,1,0.09,0.11199999999999999,0.5,0.5,-0.10099999999999999,,0.04104577377438545,0.07105192542076111,,,1.0,normal
2885,30,scenario3_repeated_spike,D3QN,50,0.0,1,0.09,0.11199999999999999,0.5,0.5,-0.10099999999999999,,0.01343502290546894,0.07132107019424438,,,1.0,normal
2886,30,scenario3_repeated_spike,D3QN,50,0.0,1,0.09,0.11199999999999999,0.5,0.5,-0.10099999999999999,,0.004979596473276615,0.038305867463350296,,,1.0,normal
2887,30,scenario3_repeated_spike,D3QN,50,0.0,1,0.09,0.11199999999999999,0.5,0.5,-0.10099999999999999,,0.0014604235766455531,0.02546931803226471,,,1.0,normal
2888,30,scenario3_repeated_spike,D3QN,50,0.0,1,0.09,0.11199999999999999,0.5,0.5,-0.10099999999999999,,0.0034841494634747505,0.035285837948322296,,,1.0,normal
2889,30,scenario3_repeated_spike,D3QN,50,0.0,1,0.09,0.11199999999999999,0.5,0.5,-0.10099999999999999,,0.0010291521903127432,0.013247057795524597,,,1.0,normal
2890,30,scenario3_repeated_spike,D3QN,50,0.0,1,0.09,0.11199999999999999,0.5,0.5,-0.10099999999999999,,0.010876858606934547,0.05736711993813515,,,1.0,normal
2891,30,scenario3_repeated_spike,D3QN,50,0.0,1,0.09,0.11199999999999999,0.5,0.5,-0.10099999999999999,,0.015421172603964806,0.0680801048874855,,,1.0,normal
2892,30,scenario3_repeated_spike,D3QN,50,0.0,1,0.09,0.11199999999999999,0.5,0.5,-0.10099999999999999,,0.006797340232878923,0.04363858699798584,,,1.0,normal
2893,30,scenario3_repeated_spike,D3QN,50,0.0,1,0.09,0.11199999999999999,0.5,0.5,-0.10099999999999999,,0.0006426414474844933,0.01190684363245964,,,1.0,normal
2894,30,scenario3_repeated_spike,D3QN,50,0.0,1,0.09,0.11199999999999999,0.5,0.5,-0.10099999999999999,,0.007523431908339262,0.047617264091968536,,,1.0,normal
2895,30,scenario3_repeated_spike,D3QN,50,0.0,1,0.09,0.11199999999999999,0.5,0.5,-0.10099999999999999,,0.0026971357874572277,0.01895257830619812,,,1.0,normal
2896,30,scenario3_repeated_spike,D3QN,50,0.0,1,0.09,0.11199999999999999,0.5,0.5,-0.10099999999999999,,0.03991826996207237,0.06541484594345093,,,1.0,normal
2897,30,scenario3_repeated_spike,D3QN,50,0.0,1,0.09,0.11199999999999999,0.5,0.5,-0.10099999999999999,,0.012131287716329098,0.0666181892156601,,,1.0,normal
2898,30,scenario3_repeated_spike,D3QN,50,0.0,1,0.09,0.11199999999999999,0.5,0.5,-0.10099999999999999,,0.004336406011134386,0.036004163324832916,,,1.0,normal
2899,30,scenario3_repeated_spike,D3QN,50,0.0,1,0.09,0.11199999999999999,0.5,0.5,-0.10099999999999999,,0.07235696911811829,0.07847931981086731,,,1.0,normal
2900,30,scenario3_repeated_spike,D3QN,50,0.0,1,0.09,0.11199999999999999,0.5,0.5,-0.10099999999999999,,0.009650263004004955,0.09320047497749329,,,1.0,normal
2901,30,scenario3_repeated_spike,D3QN,50,0.0,1,0.09,0.11199999999999999,0.5,0.5,-0.10099999999999999,,0.011108463630080223,0.07866504788398743,,,1.0,normal
2902,30,scenario3_repeated_spike,D3QN,50,0.0,1,0.09,0.11199999999999999,0.5,0.5,-0.10099999999999999,,0.010089343413710594,0.08328209817409515,,,1.0,normal
2903,30,scenario3_repeated_spike,D3QN,50,0.0,1,0.09,0.11199999999999999,0.5,0.5,-0.10099999999999999,,0.006909155752509832,0.06329036504030228,,,1.0,normal
2904,30,scenario3_repeated_spike,D3QN,50,0.0,1,0.09,0.11199999999999999,0.5,0.5,-0.10099999999999999,,0.005635795183479786,0.06138833239674568,,,1.0,normal
2905,30,scenario3_repeated_spike,D3QN,50,0.0,1,0.09,0.11199999999999999,0.5,0.5,-0.10099999999999999,,0.003245404688641429,0.04683757200837135,,,1.0,normal
2906,30,scenario3_repeated_spike,D3QN,50,0.0,1,0.09,0.11199999999999999,0.5,0.5,-0.10099999999999999,,0.007868552580475807,0.04856984317302704,,,1.0,normal
2907,30,scenario3_repeated_spike,D3QN,50,0.0,1,0.09,0.11199999999999999,0.5,0.5,-0.10099999999999999,,0.01048092357814312,0.0739113837480545,,,1.0,normal
2908,30,scenario3_repeated_spike,D3QN,50,0.0,1,0.09,0.11199999999999999,0.5,0.5,-0.10099999999999999,,0.009889651089906693,0.05582648143172264,,,1.0,normal
2909,30,scenario3_repeated_spike,D3QN,50,0.0,1,0.09,0.11199999999999999,0.5,0.5,-0.10099999999999999,,0.006242234259843826,0.03587501868605614,,,1.0,normal
2910,30,scenario3_repeated_spike,D3QN,50,0.0,1,0.09,0.11199999999999999,0.5,0.5,-0.10099999999999999,,0.002178874332457781,0.02773086354136467,,,1.0,normal
2911,30,scenario3_repeated_spike,D3QN,50,0.0,1,0.09,0.11199999999999999,0.5,0.5,-0.10099999999999999,,0.004854850471019745,0.04612765461206436,,,1.0,normal
2912,30,scenario3_repeated_spike,D3QN,50,0.0,1,0.09,0.11199999999999999,0.5,0.5,-0.10099999999999999,,0.0691908746957779,0.07509216666221619,,,1.0,normal
2913,30,scenario3_repeated_spike,D3QN,50,0.0,1,0.09,0.11199999999999999,0.5,0.5,-0.10099999999999999,,0.007508029229938984,0.05087132379412651,,,1.0,normal
2914,30,scenario3_repeated_spike,D3QN,50,1.0,0,0.060625,0.197,0.5,0.5,-0.1288125,,0.003961021080613136,0.04316632077097893,,,1.0,normal
2915,30,scenario3_repeated_spike,D3QN,50,1.9000000000000004,0,0.0611875,0.19790000000000002,0.5,0.5,-0.12954375,,0.003427188377827406,0.04688052088022232,,,1.0,normal
2916,30,scenario3_repeated_spike,D3QN,50,0.0,1,0.09,0.11199999999999999,0.5,0.5,-0.10099999999999999,,0.03746463730931282,0.05868716910481453,,,1.0,normal
2917,30,scenario3_repeated_spike,D3QN,50,1.0,0,0.060625,0.197,0.5,0.5,-0.1288125,,0.001884595607407391,0.03916053846478462,,,1.0,normal
2918,30,scenario3_repeated_spike,D3QN,50,1.9000000000000004,0,0.0611875,0.19790000000000002,0.5,0.5,-0.12954375,,0.004622092470526695,0.048890020698308945,,,1.0,normal
2919,30,scenario3_repeated_spike,D3QN,50,0.0,1,0.09,0.11199999999999999,0.5,0.5,-0.10099999999999999,,0.07068866491317749,0.08760704100131989,,,1.0,normal
2920,30,scenario3_repeated_spike,D3QN,50,1.0,0,0.060625,0.197,0.5,0.5,-0.1288125,,0.0015125030186027288,0.034373532980680466,,,1.0,normal
2921,30,scenario3_repeated_spike,D3QN,50,0.0,1,0.09,0.11199999999999999,0.5,0.5,-0.10099999999999999,,0.014959190972149372,0.08602231740951538,,,1.0,normal
2922,30,scenario3_repeated_spike,D3QN,50,0.0,1,0.09,0.11199999999999999,0.5,0.5,-0.10099999999999999,,0.06816644221544266,0.11158119142055511,,,1.0,normal
2923,30,scenario3_repeated_spike,D3QN,50,0.0,1,0.09,0.11199999999999999,0.5,0.5,-0.10099999999999999,,0.0033583100885152817,0.0455046184360981,,,1.0,normal
2924,30,scenario3_repeated_spike,D3QN,50,0.0,1,0.09,0.11199999999999999,0.5,0.5,-0.10099999999999999,,0.01156931184232235,0.0794236958026886,,,1.0,normal
2925,30,scenario3_repeated_spike,D3QN,50,0.0,1,0.09,0.11199999999999999,0.5,0.5,-0.10099999999999999,,0.018888069316744804,0.1036887913942337,,,1.0,normal
2926,30,scenario3_repeated_spike,D3QN,50,0.0,1,0.09,0.11199999999999999,0.5,0.5,-0.10099999999999999,,0.010115421377122402,0.07919095456600189,,,1.0,normal
2927,30,scenario3_repeated_spike,D3QN,50,0.0,1,0.09,0.11199999999999999,0.5,0.5,-0.10099999999999999,,0.002902249339967966,0.04052087664604187,,,1.0,normal
2928,30,scenario3_repeated_spike,D3QN,50,0.0,1,0.09,0.11199999999999999,0.5,0.5,-0.10099999999999999,,0.01566159725189209,0.08469517529010773,,,1.0,normal
2929,30,scenario3_repeated_spike,D3QN,50,0.0,1,0.09,0.11199999999999999,0.5,0.5,-0.10099999999999999,,0.02925245463848114,0.1096053496003151,,,1.0,normal
2930,30,scenario3_repeated_spike,D3QN,50,0.0,1,0.09,0.11199999999999999,0.5,0.5,-0.10099999999999999,,0.062488868832588196,0.09271610528230667,,,1.0,normal
2931,30,scenario3_repeated_spike,D3QN,50,0.0,1,0.09,0.11199999999999999,0.5,0.5,-0.10099999999999999,,0.0015022732550278306,0.022692963480949402,,,1.0,normal
2932,30,scenario3_repeated_spike,D3QN,50,0.0,1,0.09,0.11199999999999999,0.5,0.5,-0.10099999999999999,,0.014691216871142387,0.0647273138165474,,,1.0,normal
2933,30,scenario3_repeated_spike,D3QN,50,0.0,1,0.09,0.11199999999999999,0.5,0.5,-0.10099999999999999,,0.046732909977436066,0.13463851809501648,,,1.0,normal
2934,30,scenario3_repeated_spike,D3QN,50,0.0,1,0.09,0.11199999999999999,0.5,0.5,-0.10099999999999999,,0.034861933439970016,0.1091141328215599,,,1.0,normal
2935,30,scenario3_repeated_spike,D3QN,50,0.0,1,0.09,0.11199999999999999,0.5,0.5,-0.10099999999999999,,0.05962519720196724,0.11470696330070496,,,1.0,normal
2936,30,scenario3_repeated_spike,D3QN,50,0.0,1,0.09,0.11199999999999999,0.5,0.5,-0.10099999999999999,,0.0029147444292902946,0.028872836381196976,,,1.0,normal
2937,30,scenario3_repeated_spike,D3QN,50,0.0,1,0.09,0.11199999999999999,0.5,0.5,-0.10099999999999999,,0.008323491550981998,0.06888259947299957,,,1.0,normal
2938,30,scenario3_repeated_spike,D3QN,50,0.0,1,0.09,0.11199999999999999,0.5,0.5,-0.10099999999999999,,0.0039876108057796955,0.044487062841653824,,,1.0,normal
2939,30,scenario3_repeated_spike,D3QN,50,0.0,1,0.09,0.11199999999999999,0.5,0.5,-0.10099999999999999,,0.0025626029819250107,0.03964156284928322,,,1.0,normal
2940,30,scenario3_repeated_spike,D3QN,50,0.0,1,0.09,0.11199999999999999,0.5,0.5,-0.10099999999999999,,0.002714256290346384,0.040511295199394226,,,1.0,normal
2941,30,scenario3_repeated_spike,D3QN,50,0.0,1,0.09,0.11199999999999999,0.5,0.5,-0.10099999999999999,,0.0008534445660188794,0.02660629153251648,,,1.0,normal
2942,30,scenario3_repeated_spike,D3QN,50,0.0,1,0.09,0.11199999999999999,0.5,0.5,-0.10099999999999999,,0.0012787251034751534,0.025377705693244934,,,1.0,normal
2943,30,scenario3_repeated_spike,D3QN,50,0.0,1,0.09,0.11199999999999999,0.5,0.5,-0.10099999999999999,,0.0032614143565297127,0.04110018536448479,,,1.0,normal
2944,30,scenario3_repeated_spike,D3QN,50,0.0,1,0.09,0.11199999999999999,0.5,0.5,-0.10099999999999999,,0.0071623483672738075,0.05067020654678345,,,1.0,normal
2945,30,scenario3_repeated_spike,D3QN,50,0.0,1,0.09,0.11199999999999999,0.5,0.5,-0.10099999999999999,,0.005664443131536245,0.04108535498380661,,,1.0,normal
2946,30,scenario3_repeated_spike,D3QN,50,0.0,1,0.09,0.11199999999999999,0.5,0.5,-0.10099999999999999,,0.005913435481488705,0.03970272094011307,,,1.0,normal
2947,30,scenario3_repeated_spike,D3QN,50,0.0,1,0.09,0.11199999999999999,0.5,0.5,-0.10099999999999999,,0.004400002304464579,0.02698340266942978,,,1.0,normal
2948,30,scenario3_repeated_spike,D3QN,50,0.0,1,0.09,0.11199999999999999,0.5,0.5,-0.10099999999999999,,0.015246260911226273,0.07290583848953247,,,1.0,normal
2949,30,scenario3_repeated_spike,D3QN,50,0.0,1,0.09,0.11199999999999999,0.5,0.5,-0.10099999999999999,,0.02091936767101288,0.0770743191242218,,,1.0,normal
2950,30,scenario3_repeated_spike,D3QN,50,0.0,1,0.09,0.11199999999999999,0.5,0.5,-0.10099999999999999,,0.01939449831843376,0.089659683406353,,,1.0,normal
2951,30,scenario3_repeated_spike,D3QN,50,0.0,1,0.09,0.11199999999999999,0.5,0.5,-0.10099999999999999,,0.06110921502113342,0.0543028824031353,,,1.0,normal
2952,30,scenario3_repeated_spike,D3QN,50,0.0,1,0.09,0.11199999999999999,0.5,0.5,-0.10099999999999999,,0.0011510573094710708,0.017502814531326294,,,1.0,normal
2953,30,scenario3_repeated_spike,D3QN,50,0.0,1,0.09,0.11199999999999999,0.5,0.5,-0.10099999999999999,,0.041323211044073105,0.05719706043601036,,,1.0,normal
2954,30,scenario3_repeated_spike,D3QN,50,0.0,1,0.09,0.11199999999999999,0.5,0.5,-0.10099999999999999,,0.0003444686299189925,0.01492001861333847,,,1.0,normal
2955,30,scenario3_repeated_spike,D3QN,50,0.0,1,0.09,0.11199999999999999,0.5,0.5,-0.10099999999999999,,0.015367132611572742,0.08718931674957275,,,1.0,normal
2956,30,scenario3_repeated_spike,D3QN,50,0.0,1,0.09,0.11199999999999999,0.5,0.5,-0.10099999999999999,,0.010419044643640518,0.06202525645494461,,,1.0,normal
2957,30,scenario3_repeated_spike,D3QN,50,0.0,1,0.09,0.11199999999999999,0.5,0.5,-0.10099999999999999,,0.0027693260926753283,0.03415178507566452,,,1.0,normal
2958,30,scenario3_repeated_spike,D3QN,50,0.0,1,0.09,0.11199999999999999,0.5,0.5,-0.10099999999999999,,0.006354502867907286,0.050061654299497604,,,1.0,normal
2959,30,scenario3_repeated_spike,D3QN,50,0.0,1,0.09,0.11199999999999999,0.5,0.5,-0.10099999999999999,,0.012996980920433998,0.07373654842376709,,,1.0,normal
2960,30,scenario3_repeated_spike,D3QN,50,0.0,1,0.09,0.11199999999999999,0.5,0.5,-0.10099999999999999,,0.008728007785975933,0.06070762127637863,,,1.0,normal
2961,30,scenario3_repeated_spike,D3QN,50,0.0,1,0.09,0.11199999999999999,0.5,0.5,-0.10099999999999999,,0.0015793745405972004,0.02856709435582161,,,1.0,normal
2962,30,scenario3_repeated_spike,D3QN,50,0.0,1,0.09,0.11199999999999999,0.5,0.5,-0.10099999999999999,,0.0030786320567131042,0.035533707588911057,,,1.0,normal
2963,30,scenario3_repeated_spike,D3QN,50,0.0,1,0.09,0.11199999999999999,0.5,0.5,-0.10099999999999999,,0.001863555284217,0.02077040821313858,,,1.0,normal
2964,30,scenario3_repeated_spike,D3QN,50,0.0,1,0.09,0.11199999999999999,0.5,0.5,-0.10099999999999999,,0.010950424708425999,0.059412576258182526,,,1.0,normal
2965,30,scenario3_repeated_spike,D3QN,50,0.0,1,0.09,0.11199999999999999,0.5,0.5,-0.10099999999999999,,0.030573008581995964,0.11484824866056442,,,1.0,normal
2966,30,scenario3_repeated_spike,D3QN,50,0.0,1,0.09,0.11199999999999999,0.5,0.5,-0.10099999999999999,,0.0119848120957613,0.05912221223115921,,,1.0,normal
2967,30,scenario3_repeated_spike,D3QN,50,0.0,1,0.09,0.11199999999999999,0.5,0.5,-0.10099999999999999,,0.0026892079040408134,0.027958590537309647,,,1.0,normal
2968,30,scenario3_repeated_spike,D3QN,50,0.0,1,0.09,0.11199999999999999,0.5,0.5,-0.10099999999999999,,0.027989840134978294,0.09954556822776794,,,1.0,normal
2969,30,scenario3_repeated_spike,D3QN,50,0.0,1,0.09,0.11199999999999999,0.5,0.5,-0.10099999999999999,,0.04531405493617058,0.12349319458007812,,,1.0,normal
2970,30,scenario3_repeated_spike,D3QN,50,0.0,1,0.09,0.11199999999999999,0.5,0.5,-0.10099999999999999,,0.059398483484983444,0.15747328102588654,,,1.0,normal
2971,30,scenario3_repeated_spike,D3QN,50,0.0,1,0.09,0.11199999999999999,0.5,0.5,-0.10099999999999999,,0.0945964902639389,0.10594003647565842,,,1.0,normal
2972,30,scenario3_repeated_spike,D3QN,50,0.0,1,0.09,0.11199999999999999,0.5,0.5,-0.10099999999999999,,0.06437085568904877,0.05185358226299286,,,1.0,normal
2973,30,scenario3_repeated_spike,D3QN,50,0.0,1,0.09,0.11199999999999999,0.5,0.5,-0.10099999999999999,,0.0362614169716835,0.1095636636018753,,,1.0,normal
2974,30,scenario3_repeated_spike,D3QN,50,0.0,1,0.09,0.11199999999999999,0.5,0.5,-0.10099999999999999,,0.07136017084121704,0.14796198904514313,,,1.0,normal
2975,30,scenario3_repeated_spike,D3QN,50,0.0,1,0.09,0.11199999999999999,0.5,0.5,-0.10099999999999999,,0.0524781234562397,0.10323800146579742,,,1.0,normal
2976,30,scenario3_repeated_spike,D3QN,50,0.0,1,0.09,0.11199999999999999,0.5,0.5,-0.10099999999999999,,0.12135708332061768,0.20613741874694824,,,1.0,normal
2977,30,scenario3_repeated_spike,D3QN,50,0.0,1,0.09,0.11199999999999999,0.5,0.5,-0.10099999999999999,,0.028338391333818436,0.11033767461776733,,,1.0,normal
2978,30,scenario3_repeated_spike,D3QN,50,0.0,1,0.09,0.11199999999999999,0.5,0.5,-0.10099999999999999,,0.00422527315095067,0.022167619317770004,,,1.0,normal
2979,30,scenario3_repeated_spike,D3QN,50,0.0,1,0.09,0.11199999999999999,0.5,0.5,-0.10099999999999999,,0.014824427664279938,0.0773027092218399,,,1.0,normal
2980,30,scenario3_repeated_spike,D3QN,50,0.0,1,0.09,0.11199999999999999,0.5,0.5,-0.10099999999999999,,0.008929270319640636,0.04256990924477577,,,1.0,normal
2981,30,scenario3_repeated_spike,D3QN,50,0.0,1,0.09,0.11199999999999999,0.5,0.5,-0.10099999999999999,,0.0023202402517199516,0.025826729834079742,,,1.0,normal
2982,30,scenario3_repeated_spike,D3QN,50,0.0,1,0.09,0.11199999999999999,0.5,0.5,-0.10099999999999999,,0.008122644387185574,0.053094182163476944,,,1.0,normal
2983,30,scenario3_repeated_spike,D3QN,50,0.0,1,0.09,0.11199999999999999,0.5,0.5,-0.10099999999999999,,0.022856101393699646,0.1016218513250351,,,1.0,normal
2984,30,scenario3_repeated_spike,D3QN,50,0.0,1,0.09,0.11199999999999999,0.5,0.5,-0.10099999999999999,,0.012115053832530975,0.0698414295911789,,,1.0,normal
2985,30,scenario3_repeated_spike,D3QN,50,0.0,1,0.09,0.11199999999999999,0.5,0.5,-0.10099999999999999,,0.00036148171056993306,0.01061994582414627,,,1.0,normal
2986,30,scenario3_repeated_spike,D3QN,50,0.0,1,0.09,0.11199999999999999,0.5,0.5,-0.10099999999999999,,0.024929698556661606,0.09077554196119308,,,1.0,normal
2987,30,scenario3_repeated_spike,D3QN,50,1.0,0,0.060625,0.197,0.5,0.5,-0.1288125,,0.061118610203266144,0.15347713232040405,,,1.0,normal
2988,30,scenario3_repeated_spike,D3QN,50,0.0,1,0.09,0.11199999999999999,0.5,0.5,-0.10099999999999999,,0.037333857268095016,0.10816234350204468,,,1.0,normal
2989,30,scenario3_repeated_spike,D3QN,50,0.0,1,0.09,0.11199999999999999,0.5,0.5,-0.10099999999999999,,0.019447024911642075,0.07991492748260498,,,1.0,normal
2990,30,scenario3_repeated_spike,D3QN,50,0.0,1,0.09,0.11199999999999999,0.5,0.5,-0.10099999999999999,,0.0032112805638462305,0.021301496773958206,,,1.0,normal
2991,30,scenario3_repeated_spike,D3QN,50,0.0,1,0.09,0.11199999999999999,0.5,0.5,-0.10099999999999999,,0.03363291546702385,0.1133001446723938,,,1.0,normal
2992,30,scenario3_repeated_spike,D3QN,50,0.0,1,0.09,0.11199999999999999,0.5,0.5,-0.10099999999999999,,0.06609255820512772,0.15361402928829193,,,1.0,normal
2993,30,scenario3_repeated_spike,D3QN,50,0.0,1,0.09,0.11199999999999999,0.5,0.5,-0.10099999999999999,,0.07694903761148453,0.16998696327209473,,,1.0,normal
2994,30,scenario3_repeated_spike,D3QN,50,0.0,1,0.09,0.11199999999999999,0.5,0.5,-0.10099999999999999,,0.08763420581817627,0.15635763108730316,,,1.0,normal
2995,30,scenario3_repeated_spike,D3QN,50,0.0,1,0.09,0.11199999999999999,0.5,0.5,-0.10099999999999999,,0.007156921550631523,0.0459488108754158,,,1.0,normal
2996,30,scenario3_repeated_spike,D3QN,50,0.0,1,0.09,0.11199999999999999,0.5,0.5,-0.10099999999999999,,0.04413963854312897,0.06661848723888397,,,1.0,normal
2997,30,scenario3_repeated_spike,D3QN,50,0.0,1,0.09,0.11199999999999999,0.5,0.5,-0.10099999999999999,,0.04080144315958023,0.10937182605266571,,,1.0,normal
2998,30,scenario3_repeated_spike,D3QN,50,0.0,1,0.09,0.11199999999999999,0.5,0.5,-0.10099999999999999,,0.037349604070186615,0.09403198957443237,,,1.0,normal
2999,30,scenario3_repeated_spike,D3QN,50,0.0,1,0.09,0.11199999999999999,0.5,0.5,-0.10099999999999999,,0.019176054745912552,0.06280456483364105,,,1.0,normal
