timestep,seed,scenario,agent,workload_level,queue_avg,action,selected_latency_s,selected_energy_j,latency_weight,energy_weight,reward,actor_loss,critic_loss,td_error,td_lat,td_eng,replay_priority,phase
0,10,scenario3_repeated_spike,SAC,50,4.0,1,0.09145454545454544,0.11316363636363636,0.5,0.5,-0.1023090909090909,,,,,,,normal
1,10,scenario3_repeated_spike,SAC,50,0.0,1,0.09,0.11199999999999999,0.5,0.5,-0.10099999999999999,,,,,,,normal
2,10,scenario3_repeated_spike,SAC,50,0.0,1,0.09,0.11199999999999999,0.5,0.5,-0.10099999999999999,,,,,,,normal
3,10,scenario3_repeated_spike,SAC,50,0.0,1,0.09,0.11199999999999999,0.5,0.5,-0.10099999999999999,,,,,,,normal
4,10,scenario3_repeated_spike,SAC,50,1.0,0,0.060625,0.197,0.5,0.5,-0.1288125,,,,,,,normal
5,10,scenario3_repeated_spike,SAC,50,0.0,1,0.09,0.11199999999999999,0.5,0.5,-0.10099999999999999,,,,,,,normal
6,10,scenario3_repeated_spike,SAC,50,1.0,0,0.060625,0.197,0.5,0.5,-0.1288125,,,,,,,normal
7,10,scenario3_repeated_spike,SAC,50,1.9000000000000004,0,0.0611875,0.19790000000000002,0.5,0.5,-0.12954375,,,,,,,normal
8,10,scenario3_repeated_spike,SAC,50,2.710000000000001,0,0.061693750000000006,0.19871000000000003,0.5,0.5,-0.13020187500000002,,,,,,,normal
9,10,scenario3_repeated_spike,SAC,50,0.0,1,0.09,0.11199999999999999,0.5,0.5,-0.10099999999999999,,,,,,,normal
10,10,scenario3_repeated_spike,SAC,50,1.0,0,0.060625,0.197,0.5,0.5,-0.1288125,,,,,,,normal
11,10,scenario3_repeated_spike,SAC,50,0.0,1,0.09,0.11199999999999999,0.5,0.5,-0.10099999999999999,,,,,,,normal
12,10,scenario3_repeated_spike,SAC,50,0.0,1,0.09,0.11199999999999999,0.5,0.5,-0.10099999999999999,,,,,,,normal
13,10,scenario3_repeated_spike,SAC,50,1.0,0,0.060625,0.197,0.5,0.5,-0.1288125,,,,,,,normal
14,10,scenario3_repeated_spike,SAC,50,1.9000000000000004,0,0.0611875,0.19790000000000002,0.5,0.5,-0.12954375,,,,,,,normal
15,10,scenario3_repeated_spike,SAC,50,2.710000000000001,0,0.061693750000000006,0.19871000000000003,0.5,0.5,-0.13020187500000002,,,,,,,normal
16,10,scenario3_repeated_spike,SAC,50,0.0,1,0.09,0.11199999999999999,0.5,0.5,-0.10099999999999999,,,,,,,normal
17,10,scenario3_repeated_spike,SAC,50,1.0,0,0.060625,0.197,0.5,0.5,-0.1288125,,,,,,,normal
18,10,scenario3_repeated_spike,SAC,50,0.0,1,0.09,0.11199999999999999,0.5,0.5,-0.10099999999999999,,,,,,,normal
19,10,scenario3_repeated_spike,SAC,50,1.0,0,0.060625,0.197,0.5,0.5,-0.1288125,,,,,,,normal
20,10,scenario3_repeated_spike,SAC,50,1.9000000000000004,0,0.0611875,0.19790000000000002,0.5,0.5,-0.12954375,,,,,,,normal
21,10,scenario3_repeated_spike,SAC,50,2.710000000000001,0,0.061693750000000006,0.19871000000000003,0.5,0.5,-0.13020187500000002,,,,,,,normal
22,10,scenario3_repeated_spike,SAC,50,3.439,0,0.062149375,0.199439,0.5,0.5,-0.1307941875,,,,,,,normal
23,10,scenario3_repeated_spike,SAC,50,4.0951,0,0.06255943750000001,0.20009510000000003,0.5,0.5,-0.13132726875,,,,,,,normal
24,10,scenario3_repeated_spike,SAC,50,4.685590000000001,0,0.06292849375000001,0.20068559000000002,0.5,0.5,-0.13180704187500003,,,,,,,normal
25,10,scenario3_repeated_spike,SAC,50,0.0,1,0.09,0.11199999999999999,0.5,0.5,-0.10099999999999999,,,,,,,normal
26,10,scenario3_repeated_spike,SAC,50,0.0,1,0.09,0.11199999999999999,0.5,0.5,-0.10099999999999999,,,,,,,normal
27,10,scenario3_repeated_spike,SAC,50,1.0,0,0.060625,0.197,0.5,0.5,-0.1288125,,,,,,,normal
28,10,scenario3_repeated_spike,SAC,50,0.0,1,0.09,0.11199999999999999,0.5,0.5,-0.10099999999999999,,,,,,,normal
29,10,scenario3_repeated_spike,SAC,50,0.0,1,0.09,0.11199999999999999,0.5,0.5,-0.10099999999999999,,,,,,,normal
30,10,scenario3_repeated_spike,SAC,50,1.0,0,0.060625,0.197,0.5,0.5,-0.1288125,,,,,,,normal
31,10,scenario3_repeated_spike,SAC,50,0.0,1,0.09,0.11199999999999999,0.5,0.5,-0.10099999999999999,,,,,,,normal
32,10,scenario3_repeated_spike,SAC,50,0.0,1,0.09,0.11199999999999999,0.5,0.5,-0.10099999999999999,,,,,,,normal
33,10,scenario3_repeated_spike,SAC,50,1.0,0,0.060625,0.197,0.5,0.5,-0.1288125,,,,,,,normal
34,10,scenario3_repeated_spike,SAC,50,1.9000000000000004,0,0.0611875,0.19790000000000002,0.5,0.5,-0.12954375,,,,,,,normal
35,10,scenario3_repeated_spike,SAC,50,0.0,1,0.09,0.11199999999999999,0.5,0.5,-0.10099999999999999,,,,,,,normal
36,10,scenario3_repeated_spike,SAC,50,0.0,1,0.09,0.11199999999999999,0.5,0.5,-0.10099999999999999,,,,,,,normal
37,10,scenario3_repeated_spike,SAC,50,0.0,1,0.09,0.11199999999999999,0.5,0.5,-0.10099999999999999,,,,,,,normal
38,10,scenario3_repeated_spike,SAC,50,1.0,0,0.060625,0.197,0.5,0.5,-0.1288125,,,,,,,normal
39,10,scenario3_repeated_spike,SAC,50,0.0,1,0.09,0.11199999999999999,0.5,0.5,-0.10099999999999999,,,,,,,normal
40,10,scenario3_repeated_spike,SAC,50,1.0,0,0.060625,0.197,0.5,0.5,-0.1288125,,,,,,,normal
41,10,scenario3_repeated_spike,SAC,50,0.0,1,0.09,0.11199999999999999,0.5,0.5,-0.10099999999999999,,,,,,,normal
42,10,scenario3_repeated_spike,SAC,50,0.0,1,0.09,0.11199999999999999,0.5,0.5,-0.10099999999999999,,,,,,,normal
43,10,scenario3_repeated_spike,SAC,50,1.0,0,0.060625,0.197,0.5,0.5,-0.1288125,,,,,,,normal
44,10,scenario3_repeated_spike,SAC,50,0.0,1,0.09,0.11199999999999999,0.5,0.5,-0.10099999999999999,,,,,,,normal
45,10,scenario3_repeated_spike,SAC,50,1.0,0,0.060625,0.197,0.5,0.5,-0.1288125,,,,,,,normal
46,10,scenario3_repeated_spike,SAC,50,1.9000000000000004,0,0.0611875,0.19790000000000002,0.5,0.5,-0.12954375,,,,,,,normal
47,10,scenario3_repeated_spike,SAC,50,2.710000000000001,0,0.061693750000000006,0.19871000000000003,0.5,0.5,-0.13020187500000002,,,,,,,normal
48,10,scenario3_repeated_spike,SAC,50,3.439,0,0.062149375,0.199439,0.5,0.5,-0.1307941875,,,,,,,normal
49,10,scenario3_repeated_spike,SAC,50,0.0,1,0.09,0.11199999999999999,0.5,0.5,-0.10099999999999999,,,,,,,normal
50,10,scenario3_repeated_spike,SAC,50,1.0,0,0.060625,0.197,0.5,0.5,-0.1288125,,,,,,,normal
51,10,scenario3_repeated_spike,SAC,50,0.0,1,0.09,0.11199999999999999,0.5,0.5,-0.10099999999999999,,,,,,,normal
52,10,scenario3_repeated_spike,SAC,50,1.0,0,0.060625,0.197,0.5,0.5,-0.1288125,,,,,,,normal
53,10,scenario3_repeated_spike,SAC,50,1.9000000000000004,0,0.0611875,0.19790000000000002,0.5,0.5,-0.12954375,,,,,,,normal
54,10,scenario3_repeated_spike,SAC,50,2.710000000000001,0,0.061693750000000006,0.19871000000000003,0.5,0.5,-0.13020187500000002,,,,,,,normal
55,10,scenario3_repeated_spike,SAC,50,0.0,1,0.09,0.11199999999999999,0.5,0.5,-0.10099999999999999,,,,,,,normal
56,10,scenario3_repeated_spike,SAC,50,0.0,1,0.09,0.11199999999999999,0.5,0.5,-0.10099999999999999,,,,,,,normal
57,10,scenario3_repeated_spike,SAC,50,1.0,0,0.060625,0.197,0.5,0.5,-0.1288125,,,,,,,normal
58,10,scenario3_repeated_spike,SAC,50,1.9000000000000004,0,0.0611875,0.19790000000000002,0.5,0.5,-0.12954375,,,,,,,normal
59,10,scenario3_repeated_spike,SAC,50,2.710000000000001,0,0.061693750000000006,0.19871000000000003,0.5,0.5,-0.13020187500000002,,,,,,,normal
60,10,scenario3_repeated_spike,SAC,50,3.439,0,0.062149375,0.199439,0.5,0.5,-0.1307941875,,,,,,,normal
61,10,scenario3_repeated_spike,SAC,50,4.0951,0,0.06255943750000001,0.20009510000000003,0.5,0.5,-0.13132726875,,,,,,,normal
62,10,scenario3_repeated_spike,SAC,50,4.685590000000001,0,0.06292849375000001,0.20068559000000002,0.5,0.5,-0.13180704187500003,,,,,,,normal
63,10,scenario3_repeated_spike,SAC,50,5.217031000000002,0,0.063260644375,0.201217031,0.5,0.5,-0.1322388376875,-0.11628378182649612,0.013895709067583084,0.06842340528964996,,,1.0,normal
64,10,scenario3_repeated_spike,SAC,50,5.695327900000002,0,0.0635595799375,0.2016953279,0.5,0.5,-0.13262745391875,-0.11759088188409805,0.011544384062290192,0.06300660222768784,,,1.0,normal
65,10,scenario3_repeated_spike,SAC,50,6.125795110000002,0,0.06382862194375,0.20212579511,0.5,0.5,-0.132977208526875,-0.11972508579492569,0.009234873577952385,0.05730986222624779,,,1.0,normal
66,10,scenario3_repeated_spike,SAC,50,0.5132155990000022,1,0.09018662385418182,0.11214929908334545,0.5,0.5,-0.10116796146876364,-0.12154509872198105,0.007995285093784332,0.05352569743990898,,,1.0,normal
67,10,scenario3_repeated_spike,SAC,50,0.0,1,0.09,0.11199999999999999,0.5,0.5,-0.10099999999999999,-0.12226291000843048,0.006280816160142422,0.047765329480171204,,,1.0,normal
68,10,scenario3_repeated_spike,SAC,50,0.0,1,0.09,0.11199999999999999,0.5,0.5,-0.10099999999999999,-0.12326431274414062,0.004757334943860769,0.04152018949389458,,,1.0,normal
69,10,scenario3_repeated_spike,SAC,50,1.0,0,0.060625,0.197,0.5,0.5,-0.1288125,-0.12263026833534241,0.003479256760329008,0.0355476513504982,,,1.0,normal
70,10,scenario3_repeated_spike,SAC,50,0.0,1,0.09,0.11199999999999999,0.5,0.5,-0.10099999999999999,-0.12465054541826248,0.0028385438490659,0.03173339366912842,,,1.0,normal
71,10,scenario3_repeated_spike,SAC,50,1.0,0,0.060625,0.197,0.5,0.5,-0.1288125,-0.12340499460697174,0.002096042735502124,0.02635568007826805,,,1.0,normal
72,10,scenario3_repeated_spike,SAC,50,1.9000000000000004,0,0.0611875,0.19790000000000002,0.5,0.5,-0.12954375,-0.12580323219299316,0.001849909545853734,0.023533204570412636,,,1.0,normal
73,10,scenario3_repeated_spike,SAC,50,2.710000000000001,0,0.061693750000000006,0.19871000000000003,0.5,0.5,-0.13020187500000002,-0.12884658575057983,0.0016467355890199542,0.02099454589188099,,,1.0,normal
74,10,scenario3_repeated_spike,SAC,50,3.439,0,0.062149375,0.199439,0.5,0.5,-0.1307941875,-0.12989003956317902,0.0015177516033872962,0.019638966768980026,,,1.0,normal
75,10,scenario3_repeated_spike,SAC,50,4.0951,0,0.06255943750000001,0.20009510000000003,0.5,0.5,-0.13132726875,-0.13093096017837524,0.0015454443637281656,0.018647490069270134,,,1.0,normal
76,10,scenario3_repeated_spike,SAC,50,4.685590000000001,0,0.06292849375000001,0.20068559000000002,0.5,0.5,-0.13180704187500003,-0.13153357803821564,0.0017097056843340397,0.019065966829657555,,,1.0,normal
77,10,scenario3_repeated_spike,SAC,50,0.0,1,0.09,0.11199999999999999,0.5,0.5,-0.10099999999999999,-0.1330721378326416,0.0017369792331010103,0.01931031420826912,,,1.0,normal
78,10,scenario3_repeated_spike,SAC,50,1.0,0,0.060625,0.197,0.5,0.5,-0.1288125,-0.13616923987865448,0.0019810351077467203,0.020891988649964333,,,1.0,normal
79,10,scenario3_repeated_spike,SAC,50,0.0,1,0.09,0.11199999999999999,0.5,0.5,-0.10099999999999999,-0.1362697035074234,0.002126723062247038,0.02205466851592064,,,1.0,normal
80,10,scenario3_repeated_spike,SAC,50,1.0,0,0.060625,0.197,0.5,0.5,-0.1288125,-0.1378755122423172,0.0021237265318632126,0.02179005555808544,,,1.0,normal
81,10,scenario3_repeated_spike,SAC,50,1.9000000000000004,0,0.0611875,0.19790000000000002,0.5,0.5,-0.12954375,-0.13768260180950165,0.002055611228570342,0.021402066573500633,,,1.0,normal
82,10,scenario3_repeated_spike,SAC,50,0.0,1,0.09,0.11199999999999999,0.5,0.5,-0.10099999999999999,-0.13645942509174347,0.001893143984489143,0.02058861032128334,,,1.0,normal
83,10,scenario3_repeated_spike,SAC,50,0.0,1,0.09,0.11199999999999999,0.5,0.5,-0.10099999999999999,-0.1362009048461914,0.0011169532081112266,0.017774436622858047,,,1.0,normal
84,10,scenario3_repeated_spike,SAC,50,1.0,0,0.060625,0.197,0.5,0.5,-0.1288125,-0.13543915748596191,0.001635722117498517,0.018777193501591682,,,1.0,normal
85,10,scenario3_repeated_spike,SAC,50,0.0,1,0.09,0.11199999999999999,0.5,0.5,-0.10099999999999999,-0.1337703913450241,0.0008472949848510325,0.015419337898492813,,,1.0,normal
86,10,scenario3_repeated_spike,SAC,50,1.0,0,0.060625,0.197,0.5,0.5,-0.1288125,-0.13228043913841248,0.0012352841440588236,0.015428628772497177,,,1.0,normal
87,10,scenario3_repeated_spike,SAC,50,1.9000000000000004,0,0.0611875,0.19790000000000002,0.5,0.5,-0.12954375,-0.1314050555229187,0.0010332040255889297,0.013783521018922329,,,1.0,normal
88,10,scenario3_repeated_spike,SAC,50,0.0,1,0.09,0.11199999999999999,0.5,0.5,-0.10099999999999999,-0.13067364692687988,0.0009530825773254037,0.013156215660274029,,,1.0,normal
89,10,scenario3_repeated_spike,SAC,50,1.0,0,0.060625,0.197,0.5,0.5,-0.1288125,-0.1307053416967392,0.0008309463155455887,0.012147589586675167,,,1.0,normal
90,10,scenario3_repeated_spike,SAC,50,1.9000000000000004,0,0.0611875,0.19790000000000002,0.5,0.5,-0.12954375,-0.1314976066350937,0.000747490325011313,0.01142340898513794,,,1.0,normal
91,10,scenario3_repeated_spike,SAC,50,2.710000000000001,0,0.061693750000000006,0.19871000000000003,0.5,0.5,-0.13020187500000002,-0.13152210414409637,0.00045254160067997873,0.010660807602107525,,,1.0,normal
92,10,scenario3_repeated_spike,SAC,50,3.439,0,0.062149375,0.199439,0.5,0.5,-0.1307941875,-0.13129684329032898,0.00040987812099047005,0.010244867764413357,,,1.0,normal
93,10,scenario3_repeated_spike,SAC,50,4.0951,0,0.06255943750000001,0.20009510000000003,0.5,0.5,-0.13132726875,-0.13150840997695923,0.0005715388688258827,0.011695393361151218,,,1.0,normal
94,10,scenario3_repeated_spike,SAC,50,4.685590000000001,0,0.06292849375000001,0.20068559000000002,0.5,0.5,-0.13180704187500003,-0.1328398585319519,0.000513529812451452,0.011414055712521076,,,1.0,normal
95,10,scenario3_repeated_spike,SAC,50,0.0,1,0.09,0.11199999999999999,0.5,0.5,-0.10099999999999999,-0.13308599591255188,0.0005214745178818703,0.011853216215968132,,,1.0,normal
96,10,scenario3_repeated_spike,SAC,50,0.0,1,0.09,0.11199999999999999,0.5,0.5,-0.10099999999999999,-0.13340237736701965,0.0004623231361620128,0.011836675927042961,,,1.0,normal
97,10,scenario3_repeated_spike,SAC,50,1.0,0,0.060625,0.197,0.5,0.5,-0.1288125,-0.13341116905212402,0.0003989051911048591,0.0102313794195652,,,1.0,normal
98,10,scenario3_repeated_spike,SAC,50,0.0,1,0.09,0.11199999999999999,0.5,0.5,-0.10099999999999999,-0.1342979073524475,0.000416177703300491,0.011051199398934841,,,1.0,normal
99,10,scenario3_repeated_spike,SAC,50,1.0,0,0.060625,0.197,0.5,0.5,-0.1288125,-0.13380853831768036,0.0004428194952197373,0.010922528803348541,,,1.0,normal
100,10,scenario3_repeated_spike,SAC,50,0.0,1,0.09,0.11199999999999999,0.5,0.5,-0.10099999999999999,-0.1343056857585907,0.00043981443741358817,0.01070595532655716,,,1.0,normal
101,10,scenario3_repeated_spike,SAC,50,0.0,1,0.09,0.11199999999999999,0.5,0.5,-0.10099999999999999,-0.13491322100162506,0.00041695713298395276,0.010590335354208946,,,1.0,normal
102,10,scenario3_repeated_spike,SAC,50,1.0,0,0.060625,0.197,0.5,0.5,-0.1288125,-0.13408295810222626,0.0003292927867732942,0.00911016296595335,,,1.0,normal
103,10,scenario3_repeated_spike,SAC,50,0.0,1,0.09,0.11199999999999999,0.5,0.5,-0.10099999999999999,-0.13408775627613068,0.0003294615598861128,0.00880869384855032,,,1.0,normal
104,10,scenario3_repeated_spike,SAC,50,0.0,1,0.09,0.11199999999999999,0.5,0.5,-0.10099999999999999,-0.13382525742053986,0.00031511837732978165,0.009001285769045353,,,1.0,normal
105,10,scenario3_repeated_spike,SAC,50,0.0,1,0.09,0.11199999999999999,0.5,0.5,-0.10099999999999999,-0.13489201664924622,0.00029042697860859334,0.008319131098687649,,,1.0,normal
106,10,scenario3_repeated_spike,SAC,50,0.0,1,0.09,0.11199999999999999,0.5,0.5,-0.10099999999999999,-0.13444407284259796,0.0002806327829603106,0.008250207640230656,,,1.0,normal
107,10,scenario3_repeated_spike,SAC,50,0.0,1,0.09,0.11199999999999999,0.5,0.5,-0.10099999999999999,-0.1349187046289444,0.0002563777379691601,0.008029517717659473,,,1.0,normal
108,10,scenario3_repeated_spike,SAC,50,0.0,1,0.09,0.11199999999999999,0.5,0.5,-0.10099999999999999,-0.13534820079803467,0.00022872575209476054,0.007552910130470991,,,1.0,normal
109,10,scenario3_repeated_spike,SAC,50,1.0,0,0.060625,0.197,0.5,0.5,-0.1288125,-0.13488247990608215,0.00023354518634732813,0.007639813236892223,,,1.0,normal
110,10,scenario3_repeated_spike,SAC,50,0.0,1,0.09,0.11199999999999999,0.5,0.5,-0.10099999999999999,-0.1345611810684204,0.00016971096920315176,0.006845721043646336,,,1.0,normal
111,10,scenario3_repeated_spike,SAC,50,0.0,1,0.09,0.11199999999999999,0.5,0.5,-0.10099999999999999,-0.1352248340845108,0.00017302816559094936,0.006938130594789982,,,1.0,normal
112,10,scenario3_repeated_spike,SAC,50,0.0,1,0.09,0.11199999999999999,0.5,0.5,-0.10099999999999999,-0.1355024129152298,0.00019068375695496798,0.006846280302852392,,,1.0,normal
113,10,scenario3_repeated_spike,SAC,50,1.0,0,0.060625,0.197,0.5,0.5,-0.1288125,-0.13496704399585724,0.00011372767767170444,0.005728633608669043,,,1.0,normal
114,10,scenario3_repeated_spike,SAC,50,0.0,1,0.09,0.11199999999999999,0.5,0.5,-0.10099999999999999,-0.13670988380908966,0.00012256574700586498,0.005895712412893772,,,1.0,normal
115,10,scenario3_repeated_spike,SAC,50,1.0,0,0.060625,0.197,0.5,0.5,-0.1288125,-0.13549621403217316,0.00010523069795453921,0.005512203089892864,,,1.0,normal
116,10,scenario3_repeated_spike,SAC,50,0.0,1,0.09,0.11199999999999999,0.5,0.5,-0.10099999999999999,-0.13707663118839264,0.00010713894880609587,0.005580120719969273,,,1.0,normal
117,10,scenario3_repeated_spike,SAC,50,1.0,0,0.060625,0.197,0.5,0.5,-0.1288125,-0.13674505054950714,0.00016317459812853485,0.005718958098441362,,,1.0,normal
118,10,scenario3_repeated_spike,SAC,50,0.0,1,0.09,0.11199999999999999,0.5,0.5,-0.10099999999999999,-0.13627581298351288,0.0001536985655548051,0.005288170650601387,,,1.0,normal
119,10,scenario3_repeated_spike,SAC,50,0.0,1,0.09,0.11199999999999999,0.5,0.5,-0.10099999999999999,-0.13666179776191711,9.396595851285383e-05,0.004903204273432493,,,1.0,normal
120,10,scenario3_repeated_spike,SAC,50,1.0,0,0.060625,0.197,0.5,0.5,-0.1288125,-0.1377379149198532,6.28252382739447e-05,0.004079866223037243,,,1.0,normal
121,10,scenario3_repeated_spike,SAC,50,0.0,1,0.09,0.11199999999999999,0.5,0.5,-0.10099999999999999,-0.13774868845939636,0.0001398537860950455,0.0046009221114218235,,,1.0,normal
122,10,scenario3_repeated_spike,SAC,50,1.0,0,0.060625,0.197,0.5,0.5,-0.1288125,-0.13827240467071533,0.00012311081809457392,0.004180335905402899,,,1.0,normal
123,10,scenario3_repeated_spike,SAC,50,1.9000000000000004,0,0.0611875,0.19790000000000002,0.5,0.5,-0.12954375,-0.13860712945461273,0.00012093006807845086,0.004228048026561737,,,1.0,normal
124,10,scenario3_repeated_spike,SAC,50,2.710000000000001,0,0.061693750000000006,0.19871000000000003,0.5,0.5,-0.13020187500000002,-0.13887974619865417,9.540603787172586e-05,0.003612101310864091,,,1.0,normal
125,10,scenario3_repeated_spike,SAC,50,0.0,1,0.09,0.11199999999999999,0.5,0.5,-0.10099999999999999,-0.1391465812921524,4.8845846322365105e-05,0.003299337811768055,,,1.0,normal
126,10,scenario3_repeated_spike,SAC,50,1.0,0,0.060625,0.197,0.5,0.5,-0.1288125,-0.14031657576560974,6.321100954664871e-05,0.00351322116330266,,,1.0,normal
127,10,scenario3_repeated_spike,SAC,50,0.0,1,0.09,0.11199999999999999,0.5,0.5,-0.10099999999999999,-0.13922223448753357,3.727663715835661e-05,0.002773308428004384,,,1.0,normal
128,10,scenario3_repeated_spike,SAC,50,1.0,0,0.060625,0.197,0.5,0.5,-0.1288125,-0.13969911634922028,8.237029396696016e-05,0.0034431046806275845,,,1.0,normal
129,10,scenario3_repeated_spike,SAC,50,1.9000000000000004,0,0.0611875,0.19790000000000002,0.5,0.5,-0.12954375,-0.14059561491012573,8.18004336906597e-05,0.0038216698449105024,,,1.0,normal
130,10,scenario3_repeated_spike,SAC,50,2.710000000000001,0,0.061693750000000006,0.19871000000000003,0.5,0.5,-0.13020187500000002,-0.14037515223026276,5.18006672791671e-05,0.0031829052604734898,,,1.0,normal
131,10,scenario3_repeated_spike,SAC,50,0.0,1,0.09,0.11199999999999999,0.5,0.5,-0.10099999999999999,-0.13929736614227295,4.045008972752839e-05,0.0029948437586426735,,,1.0,normal
132,10,scenario3_repeated_spike,SAC,50,0.0,1,0.09,0.11199999999999999,0.5,0.5,-0.10099999999999999,-0.13964520394802094,4.1979939851444215e-05,0.003101547248661518,,,1.0,normal
133,10,scenario3_repeated_spike,SAC,50,0.0,1,0.09,0.11199999999999999,0.5,0.5,-0.10099999999999999,-0.13846956193447113,3.586749153328128e-05,0.00268475990742445,,,1.0,normal
134,10,scenario3_repeated_spike,SAC,50,1.0,0,0.060625,0.197,0.5,0.5,-0.1288125,-0.13866053521633148,4.7708927013445646e-05,0.002662275219336152,,,1.0,normal
135,10,scenario3_repeated_spike,SAC,50,1.9000000000000004,0,0.0611875,0.19790000000000002,0.5,0.5,-0.12954375,-0.1400991529226303,6.097797449911013e-05,0.003146201139315963,,,1.0,normal
136,10,scenario3_repeated_spike,SAC,50,2.710000000000001,0,0.061693750000000006,0.19871000000000003,0.5,0.5,-0.13020187500000002,-0.14088228344917297,6.0870319430250674e-05,0.0033641960471868515,,,1.0,normal
137,10,scenario3_repeated_spike,SAC,50,3.439,0,0.062149375,0.199439,0.5,0.5,-0.1307941875,-0.14065095782279968,2.6397305191494524e-05,0.002479793503880501,,,1.0,normal
138,10,scenario3_repeated_spike,SAC,50,0.0,1,0.09,0.11199999999999999,0.5,0.5,-0.10099999999999999,-0.14049376547336578,5.495419100043364e-05,0.002900088671594858,,,1.0,normal
139,10,scenario3_repeated_spike,SAC,50,1.0,0,0.060625,0.197,0.5,0.5,-0.1288125,-0.1411333829164505,4.761686795973219e-05,0.0027852458879351616,,,1.0,normal
140,10,scenario3_repeated_spike,SAC,50,1.9000000000000004,0,0.0611875,0.19790000000000002,0.5,0.5,-0.12954375,-0.14046400785446167,1.9848026568070054e-05,0.002073852578178048,,,1.0,normal
141,10,scenario3_repeated_spike,SAC,50,2.710000000000001,0,0.061693750000000006,0.19871000000000003,0.5,0.5,-0.13020187500000002,-0.14040187001228333,2.2946611352381296e-05,0.0020648802164942026,,,1.0,normal
142,10,scenario3_repeated_spike,SAC,50,0.0,1,0.09,0.11199999999999999,0.5,0.5,-0.10099999999999999,-0.14088867604732513,2.6080109819304198e-05,0.00219190726056695,,,1.0,normal
143,10,scenario3_repeated_spike,SAC,50,0.0,1,0.09,0.11199999999999999,0.5,0.5,-0.10099999999999999,-0.14316636323928833,4.145294951740652e-05,0.0026331895496696234,,,1.0,normal
144,10,scenario3_repeated_spike,SAC,50,1.0,0,0.060625,0.197,0.5,0.5,-0.1288125,-0.14164401590824127,1.7850448784884065e-05,0.0018058085115626454,,,1.0,normal
145,10,scenario3_repeated_spike,SAC,50,1.9000000000000004,0,0.0611875,0.19790000000000002,0.5,0.5,-0.12954375,-0.14233146607875824,2.8438826120691374e-05,0.0022277666721493006,,,1.0,normal
146,10,scenario3_repeated_spike,SAC,50,0.0,1,0.09,0.11199999999999999,0.5,0.5,-0.10099999999999999,-0.14312651753425598,3.908817961928435e-05,0.0025977545883506536,,,1.0,normal
147,10,scenario3_repeated_spike,SAC,50,1.0,0,0.060625,0.197,0.5,0.5,-0.1288125,-0.14197488129138947,2.2078857000451535e-05,0.0020491795148700476,,,1.0,normal
148,10,scenario3_repeated_spike,SAC,50,0.0,1,0.09,0.11199999999999999,0.5,0.5,-0.10099999999999999,-0.1423552930355072,3.54845033143647e-05,0.0023229275830090046,,,1.0,normal
149,10,scenario3_repeated_spike,SAC,50,0.0,1,0.09,0.11199999999999999,0.5,0.5,-0.10099999999999999,-0.14249847829341888,3.0513492674799636e-05,0.002126679988577962,,,1.0,normal
150,10,scenario3_repeated_spike,SAC,50,0.0,1,0.09,0.11199999999999999,0.5,0.5,-0.10099999999999999,-0.14266471564769745,2.5385108529007994e-05,0.0019470291445031762,,,1.0,normal
151,10,scenario3_repeated_spike,SAC,50,0.0,1,0.09,0.11199999999999999,0.5,0.5,-0.10099999999999999,-0.1432299017906189,3.4480675822123885e-05,0.002416283590719104,,,1.0,normal
152,10,scenario3_repeated_spike,SAC,50,0.0,1,0.09,0.11199999999999999,0.5,0.5,-0.10099999999999999,-0.1429392397403717,2.7178077289136127e-05,0.002172352047637105,,,1.0,normal
153,10,scenario3_repeated_spike,SAC,50,1.0,0,0.060625,0.197,0.5,0.5,-0.1288125,-0.1432105004787445,2.0666544514824636e-05,0.0019860868342220783,,,1.0,normal
154,10,scenario3_repeated_spike,SAC,50,0.0,1,0.09,0.11199999999999999,0.5,0.5,-0.10099999999999999,-0.14268748462200165,1.5355337382061407e-05,0.0016427243826910853,,,1.0,normal
155,10,scenario3_repeated_spike,SAC,50,1.0,0,0.060625,0.197,0.5,0.5,-0.1288125,-0.14329083263874054,1.5213345250231214e-05,0.001660652575083077,,,1.0,normal
156,10,scenario3_repeated_spike,SAC,50,0.0,1,0.09,0.11199999999999999,0.5,0.5,-0.10099999999999999,-0.14235638082027435,1.3540638065023813e-05,0.0015088760992512107,,,1.0,normal
157,10,scenario3_repeated_spike,SAC,50,0.0,1,0.09,0.11199999999999999,0.5,0.5,-0.10099999999999999,-0.1432511806488037,1.7831020159064792e-05,0.0017859182553365827,,,1.0,normal
158,10,scenario3_repeated_spike,SAC,50,1.0,0,0.060625,0.197,0.5,0.5,-0.1288125,-0.1427096724510193,2.108198168571107e-05,0.0018373063066974282,,,1.0,normal
159,10,scenario3_repeated_spike,SAC,50,1.9000000000000004,0,0.0611875,0.19790000000000002,0.5,0.5,-0.12954375,-0.14393402636051178,1.86401121027302e-05,0.0019707409664988518,,,1.0,normal
160,10,scenario3_repeated_spike,SAC,50,2.710000000000001,0,0.061693750000000006,0.19871000000000003,0.5,0.5,-0.13020187500000002,-0.14208775758743286,1.420133139617974e-05,0.0016840011812746525,,,1.0,normal
161,10,scenario3_repeated_spike,SAC,50,3.439,0,0.062149375,0.199439,0.5,0.5,-0.1307941875,-0.14324139058589935,2.022128683165647e-05,0.0019212989136576653,,,1.0,normal
162,10,scenario3_repeated_spike,SAC,50,0.0,1,0.09,0.11199999999999999,0.5,0.5,-0.10099999999999999,-0.1442241072654724,2.5273640858358704e-05,0.0022032062988728285,,,1.0,normal
163,10,scenario3_repeated_spike,SAC,50,1.0,0,0.060625,0.197,0.5,0.5,-0.1288125,-0.14352202415466309,2.00345730263507e-05,0.0018781175604090095,,,1.0,normal
164,10,scenario3_repeated_spike,SAC,50,1.9000000000000004,0,0.0611875,0.19790000000000002,0.5,0.5,-0.12954375,-0.1441602110862732,1.8009895939030685e-05,0.0018965436611324549,,,1.0,normal
165,10,scenario3_repeated_spike,SAC,50,0.0,1,0.09,0.11199999999999999,0.5,0.5,-0.10099999999999999,-0.14369764924049377,1.3319820936885662e-05,0.0016848709201440215,,,1.0,normal
166,10,scenario3_repeated_spike,SAC,50,0.0,1,0.09,0.11199999999999999,0.5,0.5,-0.10099999999999999,-0.14386074244976044,1.3853738892066758e-05,0.0017028406728059053,,,1.0,normal
167,10,scenario3_repeated_spike,SAC,50,1.0,0,0.060625,0.197,0.5,0.5,-0.1288125,-0.14363861083984375,1.0132996067113709e-05,0.0014087718445807695,,,1.0,normal
168,10,scenario3_repeated_spike,SAC,50,0.0,1,0.09,0.11199999999999999,0.5,0.5,-0.10099999999999999,-0.14458799362182617,1.059874557540752e-05,0.0013849965762346983,,,1.0,normal
169,10,scenario3_repeated_spike,SAC,50,0.0,1,0.09,0.11199999999999999,0.5,0.5,-0.10099999999999999,-0.1441795974969864,1.2770869943778962e-05,0.001575255999341607,,,1.0,normal
170,10,scenario3_repeated_spike,SAC,50,0.0,1,0.09,0.11199999999999999,0.5,0.5,-0.10099999999999999,-0.14470885694026947,1.1350161003065296e-05,0.0015010344795882702,,,1.0,normal
171,10,scenario3_repeated_spike,SAC,50,1.0,0,0.060625,0.197,0.5,0.5,-0.1288125,-0.1449805051088333,1.3440345355775207e-05,0.0017181666335090995,,,1.0,normal
172,10,scenario3_repeated_spike,SAC,50,1.9000000000000004,0,0.0611875,0.19790000000000002,0.5,0.5,-0.12954375,-0.14475497603416443,1.1638221621979028e-05,0.0014573908410966396,,,1.0,normal
173,10,scenario3_repeated_spike,SAC,50,0.0,1,0.09,0.11199999999999999,0.5,0.5,-0.10099999999999999,-0.14387470483779907,7.967695637489669e-06,0.0012467179913073778,,,1.0,normal
174,10,scenario3_repeated_spike,SAC,50,0.0,1,0.09,0.11199999999999999,0.5,0.5,-0.10099999999999999,-0.14567537605762482,1.2215590686537325e-05,0.0015865754103288054,,,1.0,normal
175,10,scenario3_repeated_spike,SAC,50,1.0,0,0.060625,0.197,0.5,0.5,-0.1288125,-0.14549091458320618,1.4096634004090447e-05,0.0016385100316256285,,,1.0,normal
176,10,scenario3_repeated_spike,SAC,50,1.9000000000000004,0,0.0611875,0.19790000000000002,0.5,0.5,-0.12954375,-0.14422641694545746,8.267827070085332e-06,0.0012319863308221102,,,1.0,normal
177,10,scenario3_repeated_spike,SAC,50,2.710000000000001,0,0.061693750000000006,0.19871000000000003,0.5,0.5,-0.13020187500000002,-0.14497855305671692,9.902702004183084e-06,0.001482418505474925,,,1.0,normal
178,10,scenario3_repeated_spike,SAC,50,3.439,0,0.062149375,0.199439,0.5,0.5,-0.1307941875,-0.14464426040649414,1.0020915397035424e-05,0.0014390063006430864,,,1.0,normal
179,10,scenario3_repeated_spike,SAC,50,0.0,1,0.09,0.11199999999999999,0.5,0.5,-0.10099999999999999,-0.14554935693740845,9.940134987118654e-06,0.0014420381048694253,,,1.0,normal
180,10,scenario3_repeated_spike,SAC,50,1.0,0,0.060625,0.197,0.5,0.5,-0.1288125,-0.14624392986297607,1.2954648809682112e-05,0.001576111069880426,,,1.0,normal
181,10,scenario3_repeated_spike,SAC,50,1.9000000000000004,0,0.0611875,0.19790000000000002,0.5,0.5,-0.12954375,-0.14557676017284393,8.763259756960906e-06,0.0014147465117275715,,,1.0,normal
182,10,scenario3_repeated_spike,SAC,50,0.0,1,0.09,0.11199999999999999,0.5,0.5,-0.10099999999999999,-0.14635078608989716,1.3235899132268969e-05,0.0016124823596328497,,,1.0,normal
183,10,scenario3_repeated_spike,SAC,50,0.0,1,0.09,0.11199999999999999,0.5,0.5,-0.10099999999999999,-0.1464177668094635,1.2162830898887478e-05,0.0015017457772046328,,,1.0,normal
184,10,scenario3_repeated_spike,SAC,50,1.0,0,0.060625,0.197,0.5,0.5,-0.1288125,-0.14548581838607788,9.266716006095521e-06,0.001442366512492299,,,1.0,normal
185,10,scenario3_repeated_spike,SAC,50,1.9000000000000004,0,0.0611875,0.19790000000000002,0.5,0.5,-0.12954375,-0.1466909945011139,8.627176612208132e-06,0.0013529718853533268,,,1.0,normal
186,10,scenario3_repeated_spike,SAC,50,2.710000000000001,0,0.061693750000000006,0.19871000000000003,0.5,0.5,-0.13020187500000002,-0.1461300551891327,8.436711141257547e-06,0.0013225909788161516,,,1.0,normal
187,10,scenario3_repeated_spike,SAC,50,3.439,0,0.062149375,0.199439,0.5,0.5,-0.1307941875,-0.1472150981426239,1.0990147529810201e-05,0.0014929312746971846,,,1.0,normal
188,10,scenario3_repeated_spike,SAC,50,0.0,1,0.09,0.11199999999999999,0.5,0.5,-0.10099999999999999,-0.14618536829948425,5.63743833481567e-06,0.0010971083538606763,,,1.0,normal
189,10,scenario3_repeated_spike,SAC,50,0.0,1,0.09,0.11199999999999999,0.5,0.5,-0.10099999999999999,-0.14701443910598755,1.0066863978863694e-05,0.0013731142971664667,,,1.0,normal
190,10,scenario3_repeated_spike,SAC,50,0.0,1,0.09,0.11199999999999999,0.5,0.5,-0.10099999999999999,-0.14790396392345428,9.60098986979574e-06,0.0014065804425626993,,,1.0,normal
191,10,scenario3_repeated_spike,SAC,50,0.0,1,0.09,0.11199999999999999,0.5,0.5,-0.10099999999999999,-0.146528422832489,5.686375970981317e-06,0.0011024561244994402,,,1.0,normal
192,10,scenario3_repeated_spike,SAC,50,1.0,0,0.060625,0.197,0.5,0.5,-0.1288125,-0.14810284972190857,9.294210030930117e-06,0.0014583212323486805,,,1.0,normal
193,10,scenario3_repeated_spike,SAC,50,0.0,1,0.09,0.11199999999999999,0.5,0.5,-0.10099999999999999,-0.14862237870693207,9.434672392671928e-06,0.0014119484694674611,,,1.0,normal
194,10,scenario3_repeated_spike,SAC,50,1.0,0,0.060625,0.197,0.5,0.5,-0.1288125,-0.14690957963466644,7.386236575257499e-06,0.0012803955469280481,,,1.0,normal
195,10,scenario3_repeated_spike,SAC,50,1.9000000000000004,0,0.0611875,0.19790000000000002,0.5,0.5,-0.12954375,-0.1472286880016327,7.237858426378807e-06,0.0012747752480208874,,,1.0,normal
196,10,scenario3_repeated_spike,SAC,50,2.710000000000001,0,0.061693750000000006,0.19871000000000003,0.5,0.5,-0.13020187500000002,-0.14697569608688354,5.360971499612788e-06,0.0011207949137315154,,,1.0,normal
197,10,scenario3_repeated_spike,SAC,50,3.439,0,0.062149375,0.199439,0.5,0.5,-0.1307941875,-0.14729918539524078,5.827734639751725e-06,0.0011222364846616983,,,1.0,normal
198,10,scenario3_repeated_spike,SAC,50,4.0951,0,0.06255943750000001,0.20009510000000003,0.5,0.5,-0.13132726875,-0.14778658747673035,7.68105746828951e-06,0.0013535469770431519,,,1.0,normal
199,10,scenario3_repeated_spike,SAC,50,4.685590000000001,0,0.06292849375000001,0.20068559000000002,0.5,0.5,-0.13180704187500003,-0.14750497043132782,4.766110123455292e-06,0.0010930290445685387,,,1.0,normal
200,10,scenario3_repeated_spike,SAC,50,0.0,1,0.09,0.11199999999999999,0.5,0.5,-0.10099999999999999,-0.14669068157672882,4.022949269710807e-06,0.0009422264993190765,,,1.0,normal
201,10,scenario3_repeated_spike,SAC,50,0.0,1,0.09,0.11199999999999999,0.5,0.5,-0.10099999999999999,-0.14783813059329987,7.346045549638802e-06,0.0012415829114615917,,,1.0,normal
202,10,scenario3_repeated_spike,SAC,50,0.0,1,0.09,0.11199999999999999,0.5,0.5,-0.10099999999999999,-0.1488513946533203,8.446625543001574e-06,0.0012430530041456223,,,1.0,normal
203,10,scenario3_repeated_spike,SAC,50,0.0,1,0.09,0.11199999999999999,0.5,0.5,-0.10099999999999999,-0.14795167744159698,6.296514129644493e-06,0.0011542054126039147,,,1.0,normal
204,10,scenario3_repeated_spike,SAC,50,1.0,0,0.060625,0.197,0.5,0.5,-0.1288125,-0.14915044605731964,6.6391494328854606e-06,0.0012964089401066303,,,1.0,normal
205,10,scenario3_repeated_spike,SAC,50,0.0,1,0.09,0.11199999999999999,0.5,0.5,-0.10099999999999999,-0.1482715904712677,6.33348417977686e-06,0.0011822220403701067,,,1.0,normal
206,10,scenario3_repeated_spike,SAC,50,1.0,0,0.060625,0.197,0.5,0.5,-0.1288125,-0.1482427716255188,6.022973593644565e-06,0.0011349916458129883,,,1.0,normal
207,10,scenario3_repeated_spike,SAC,50,0.0,1,0.09,0.11199999999999999,0.5,0.5,-0.10099999999999999,-0.14797279238700867,4.599102794600185e-06,0.000957347103394568,,,1.0,normal
208,10,scenario3_repeated_spike,SAC,50,1.0,0,0.060625,0.197,0.5,0.5,-0.1288125,-0.14848197996616364,4.631635420082603e-06,0.0009098891168832779,,,1.0,normal
209,10,scenario3_repeated_spike,SAC,50,1.9000000000000004,0,0.0611875,0.19790000000000002,0.5,0.5,-0.12954375,-0.14881470799446106,5.633865839627106e-06,0.0011721007758751512,,,1.0,normal
210,10,scenario3_repeated_spike,SAC,50,0.0,1,0.09,0.11199999999999999,0.5,0.5,-0.10099999999999999,-0.14963696897029877,6.867706360935699e-06,0.0011980525450780988,,,1.0,normal
211,10,scenario3_repeated_spike,SAC,50,0.0,1,0.09,0.11199999999999999,0.5,0.5,-0.10099999999999999,-0.14955896139144897,4.487490969040664e-06,0.0009583531646057963,,,1.0,normal
212,10,scenario3_repeated_spike,SAC,50,0.0,1,0.09,0.11199999999999999,0.5,0.5,-0.10099999999999999,-0.15028439462184906,4.991011337551754e-06,0.0009357176022604108,,,1.0,normal
213,10,scenario3_repeated_spike,SAC,50,0.0,1,0.09,0.11199999999999999,0.5,0.5,-0.10099999999999999,-0.14997567236423492,4.872395038546529e-06,0.0010271718492731452,,,1.0,normal
214,10,scenario3_repeated_spike,SAC,50,0.0,1,0.09,0.11199999999999999,0.5,0.5,-0.10099999999999999,-0.14984938502311707,4.912456461170223e-06,0.0009441592846997082,,,1.0,normal
215,10,scenario3_repeated_spike,SAC,50,1.0,0,0.060625,0.197,0.5,0.5,-0.1288125,-0.1499161422252655,4.091113623871934e-06,0.0009466988267377019,,,1.0,normal
216,10,scenario3_repeated_spike,SAC,50,1.9000000000000004,0,0.0611875,0.19790000000000002,0.5,0.5,-0.12954375,-0.15044735372066498,4.552452537609497e-06,0.0008769207051955163,,,1.0,normal
217,10,scenario3_repeated_spike,SAC,50,0.0,1,0.09,0.11199999999999999,0.5,0.5,-0.10099999999999999,-0.15086111426353455,5.064333890913986e-06,0.0010111744049936533,,,1.0,normal
218,10,scenario3_repeated_spike,SAC,50,1.0,0,0.060625,0.197,0.5,0.5,-0.1288125,-0.1502387374639511,5.326527571014594e-06,0.0010161333484575152,,,1.0,normal
219,10,scenario3_repeated_spike,SAC,50,1.9000000000000004,0,0.0611875,0.19790000000000002,0.5,0.5,-0.12954375,-0.15022540092468262,4.2631145333871245e-06,0.0009218031773343682,,,1.0,normal
220,10,scenario3_repeated_spike,SAC,50,0.0,1,0.09,0.11199999999999999,0.5,0.5,-0.10099999999999999,-0.15061166882514954,4.017607352579944e-06,0.0009759175591170788,,,1.0,normal
221,10,scenario3_repeated_spike,SAC,50,0.0,1,0.09,0.11199999999999999,0.5,0.5,-0.10099999999999999,-0.15121334791183472,4.555283339868765e-06,0.0009956127032637596,,,1.0,normal
222,10,scenario3_repeated_spike,SAC,50,0.0,1,0.09,0.11199999999999999,0.5,0.5,-0.10099999999999999,-0.15002213418483734,3.540280886227265e-06,0.000918135279789567,,,1.0,normal
223,10,scenario3_repeated_spike,SAC,50,0.0,1,0.09,0.11199999999999999,0.5,0.5,-0.10099999999999999,-0.15028971433639526,3.5118000596412458e-06,0.0008958762628026307,,,1.0,normal
224,10,scenario3_repeated_spike,SAC,50,1.0,0,0.060625,0.197,0.5,0.5,-0.1288125,-0.15109527111053467,3.681840553326765e-06,0.0009467649506404996,,,1.0,normal
225,10,scenario3_repeated_spike,SAC,50,0.0,1,0.09,0.11199999999999999,0.5,0.5,-0.10099999999999999,-0.1516045331954956,5.067002803116338e-06,0.0011150322388857603,,,1.0,normal
226,10,scenario3_repeated_spike,SAC,50,0.0,1,0.09,0.11199999999999999,0.5,0.5,-0.10099999999999999,-0.15136492252349854,3.4155737012042664e-06,0.0008897759253159165,,,1.0,normal
227,10,scenario3_repeated_spike,SAC,50,0.0,1,0.09,0.11199999999999999,0.5,0.5,-0.10099999999999999,-0.15050898492336273,3.4928007153212093e-06,0.0008776827016845345,,,1.0,normal
228,10,scenario3_repeated_spike,SAC,50,0.0,1,0.09,0.11199999999999999,0.5,0.5,-0.10099999999999999,-0.15164056420326233,4.778969469043659e-06,0.0011301494669169188,,,1.0,normal
229,10,scenario3_repeated_spike,SAC,50,0.0,1,0.09,0.11199999999999999,0.5,0.5,-0.10099999999999999,-0.1505807340145111,2.421178123768186e-06,0.0007643920835107565,,,1.0,normal
230,10,scenario3_repeated_spike,SAC,50,0.0,1,0.09,0.11199999999999999,0.5,0.5,-0.10099999999999999,-0.1516670286655426,3.780938868658268e-06,0.0009113230044022202,,,1.0,normal
231,10,scenario3_repeated_spike,SAC,50,0.0,1,0.09,0.11199999999999999,0.5,0.5,-0.10099999999999999,-0.15163008868694305,2.698391199373873e-06,0.0008226399077102542,,,1.0,normal
232,10,scenario3_repeated_spike,SAC,50,0.0,1,0.09,0.11199999999999999,0.5,0.5,-0.10099999999999999,-0.15188996493816376,3.631311983554042e-06,0.0009105370845645666,,,1.0,normal
233,10,scenario3_repeated_spike,SAC,50,0.0,1,0.09,0.11199999999999999,0.5,0.5,-0.10099999999999999,-0.1517987698316574,2.725840204220731e-06,0.0008202050812542439,,,1.0,normal
234,10,scenario3_repeated_spike,SAC,50,1.0,0,0.060625,0.197,0.5,0.5,-0.1288125,-0.15209290385246277,2.3782088192092488e-06,0.0007156763458624482,,,1.0,normal
235,10,scenario3_repeated_spike,SAC,50,0.0,1,0.09,0.11199999999999999,0.5,0.5,-0.10099999999999999,-0.15197378396987915,2.040509116341127e-06,0.0007143979892134666,,,1.0,normal
236,10,scenario3_repeated_spike,SAC,50,1.0,0,0.060625,0.197,0.5,0.5,-0.1288125,-0.15283572673797607,2.61540844803676e-06,0.0007982461247593164,,,1.0,normal
237,10,scenario3_repeated_spike,SAC,50,0.0,1,0.09,0.11199999999999999,0.5,0.5,-0.10099999999999999,-0.15235315263271332,2.9010775506321806e-06,0.0007960508810356259,,,1.0,normal
238,10,scenario3_repeated_spike,SAC,50,0.0,1,0.09,0.11199999999999999,0.5,0.5,-0.10099999999999999,-0.15110301971435547,2.2318422452372033e-06,0.0006745567661710083,,,1.0,normal
239,10,scenario3_repeated_spike,SAC,50,1.0,0,0.060625,0.197,0.5,0.5,-0.1288125,-0.15242956578731537,2.429365849820897e-06,0.0007401417824439704,,,1.0,normal
240,10,scenario3_repeated_spike,SAC,50,1.9000000000000004,0,0.0611875,0.19790000000000002,0.5,0.5,-0.12954375,-0.1517488807439804,1.8044800071947975e-06,0.0006305678980425,,,1.0,normal
241,10,scenario3_repeated_spike,SAC,50,0.0,1,0.09,0.11199999999999999,0.5,0.5,-0.10099999999999999,-0.15248149633407593,1.994340436795028e-06,0.0006463709287345409,,,1.0,normal
242,10,scenario3_repeated_spike,SAC,50,0.0,1,0.09,0.11199999999999999,0.5,0.5,-0.10099999999999999,-0.15250304341316223,2.172509539377643e-06,0.0007192756747826934,,,1.0,normal
243,10,scenario3_repeated_spike,SAC,50,0.0,1,0.09,0.11199999999999999,0.5,0.5,-0.10099999999999999,-0.15236885845661163,1.9684789549501147e-06,0.0006500766612589359,,,1.0,normal
244,10,scenario3_repeated_spike,SAC,50,0.0,1,0.09,0.11199999999999999,0.5,0.5,-0.10099999999999999,-0.1523355394601822,2.0402071641001385e-06,0.0006543017225340009,,,1.0,normal
245,10,scenario3_repeated_spike,SAC,50,1.0,0,0.060625,0.197,0.5,0.5,-0.1288125,-0.15280717611312866,2.2904746401763987e-06,0.0007204560097306967,,,1.0,normal
246,10,scenario3_repeated_spike,SAC,50,0.0,1,0.09,0.11199999999999999,0.5,0.5,-0.10099999999999999,-0.15240350365638733,1.3547140724767814e-06,0.0005497963284142315,,,1.0,normal
247,10,scenario3_repeated_spike,SAC,50,0.0,1,0.09,0.11199999999999999,0.5,0.5,-0.10099999999999999,-0.1532871425151825,1.8035082121059531e-06,0.0005993624217808247,,,1.0,normal
248,10,scenario3_repeated_spike,SAC,50,1.0,0,0.060625,0.197,0.5,0.5,-0.1288125,-0.15327194333076477,2.1690595986001426e-06,0.0006237193592824042,,,1.0,normal
249,10,scenario3_repeated_spike,SAC,50,0.0,1,0.09,0.11199999999999999,0.5,0.5,-0.10099999999999999,-0.15340778231620789,2.250309307783027e-06,0.0006748322630301118,,,1.0,normal
250,10,scenario3_repeated_spike,SAC,50,0.0,1,0.09,0.11199999999999999,0.5,0.5,-0.10099999999999999,-0.15295004844665527,1.4766958429390797e-06,0.0005538493860512972,,,1.0,normal
251,10,scenario3_repeated_spike,SAC,50,1.0,0,0.060625,0.197,0.5,0.5,-0.1288125,-0.15386177599430084,1.998888592424919e-06,0.0005943499272689223,,,1.0,normal
252,10,scenario3_repeated_spike,SAC,50,1.9000000000000004,0,0.0611875,0.19790000000000002,0.5,0.5,-0.12954375,-0.15425722301006317,1.821496653064969e-06,0.0005548617336899042,,,1.0,normal
253,10,scenario3_repeated_spike,SAC,50,2.710000000000001,0,0.061693750000000006,0.19871000000000003,0.5,0.5,-0.13020187500000002,-0.1534440815448761,1.7654239172770758e-06,0.0005988470511510968,,,1.0,normal
254,10,scenario3_repeated_spike,SAC,50,3.439,0,0.062149375,0.199439,0.5,0.5,-0.1307941875,-0.1535559445619583,1.6414712717960356e-06,0.0005831258022226393,,,1.0,normal
255,10,scenario3_repeated_spike,SAC,50,4.0951,0,0.06255943750000001,0.20009510000000003,0.5,0.5,-0.13132726875,-0.1542259007692337,1.510219362899079e-06,0.0005500087863765657,,,1.0,normal
256,10,scenario3_repeated_spike,SAC,50,4.685590000000001,0,0.06292849375000001,0.20068559000000002,0.5,0.5,-0.13180704187500003,-0.1540042608976364,1.7498578017693944e-06,0.0006410809000954032,,,1.0,normal
257,10,scenario3_repeated_spike,SAC,50,5.217031000000002,0,0.063260644375,0.201217031,0.5,0.5,-0.1322388376875,-0.15382294356822968,1.7165205008495832e-06,0.0005783941596746445,,,1.0,normal
258,10,scenario3_repeated_spike,SAC,50,5.695327900000002,0,0.0635595799375,0.2016953279,0.5,0.5,-0.13262745391875,-0.15452201664447784,1.955593234015396e-06,0.0006152037531137466,,,1.0,normal
259,10,scenario3_repeated_spike,SAC,50,6.125795110000002,0,0.06382862194375,0.20212579511,0.5,0.5,-0.132977208526875,-0.15411438047885895,1.1872805316670565e-06,0.0005140974535606802,,,1.0,normal
260,10,scenario3_repeated_spike,SAC,50,0.5132155990000022,1,0.09018662385418182,0.11214929908334545,0.5,0.5,-0.10116796146876364,-0.1551399976015091,1.4249817468225956e-06,0.0005528422771021724,,,1.0,normal
261,10,scenario3_repeated_spike,SAC,50,1.4618940391000024,0,0.0609136837744375,0.19746189403910003,0.5,0.5,-0.12918778890676877,-0.15536139905452728,7.357403774221893e-06,0.0007029639091342688,,,1.0,normal
262,10,scenario3_repeated_spike,SAC,50,2.315704635190002,0,0.06144731539699375,0.19831570463519002,0.5,0.5,-0.12988151001609188,-0.1547543853521347,1.185582277685171e-06,0.00046851905062794685,,,1.0,normal
263,10,scenario3_repeated_spike,SAC,50,3.0841341716710016,0,0.06192758385729438,0.19908413417167103,0.5,0.5,-0.1305058590144827,-0.15520530939102173,7.4372692324686795e-06,0.000779950525611639,,,1.0,normal
264,10,scenario3_repeated_spike,SAC,50,0.0,1,0.09,0.11199999999999999,0.5,0.5,-0.10099999999999999,-0.15565352141857147,2.1527341687033186e-06,0.0006809155456721783,,,1.0,normal
265,10,scenario3_repeated_spike,SAC,50,0.0,1,0.09,0.11199999999999999,0.5,0.5,-0.10099999999999999,-0.15588179230690002,1.8563055164122488e-06,0.000598512589931488,,,1.0,normal
266,10,scenario3_repeated_spike,SAC,50,0.0,1,0.09,0.11199999999999999,0.5,0.5,-0.10099999999999999,-0.15527915954589844,1.0909998309216462e-06,0.0004807613731827587,,,1.0,normal
267,10,scenario3_repeated_spike,SAC,50,1.0,0,0.060625,0.197,0.5,0.5,-0.1288125,-0.15521997213363647,6.898766969243297e-06,0.0007334929541684687,,,1.0,normal
268,10,scenario3_repeated_spike,SAC,50,1.9000000000000004,0,0.0611875,0.19790000000000002,0.5,0.5,-0.12954375,-0.15495344996452332,1.1657052709779236e-06,0.0005211196257732809,,,1.0,normal
269,10,scenario3_repeated_spike,SAC,50,2.710000000000001,0,0.061693750000000006,0.19871000000000003,0.5,0.5,-0.13020187500000002,-0.15596388280391693,2.435284841340035e-06,0.0006106764194555581,,,1.0,normal
270,10,scenario3_repeated_spike,SAC,50,3.439,0,0.062149375,0.199439,0.5,0.5,-0.1307941875,-0.15638890862464905,1.2978853192180395e-06,0.0006048406357876956,,,1.0,normal
271,10,scenario3_repeated_spike,SAC,50,4.0951,0,0.06255943750000001,0.20009510000000003,0.5,0.5,-0.13132726875,-0.15569444000720978,2.2801814338890836e-06,0.0005837660282850266,,,1.0,normal
272,10,scenario3_repeated_spike,SAC,50,4.685590000000001,0,0.06292849375000001,0.20068559000000002,0.5,0.5,-0.13180704187500003,-0.1555946171283722,1.9301050997455604e-06,0.0005307517130859196,,,1.0,normal
273,10,scenario3_repeated_spike,SAC,50,5.217031000000002,0,0.063260644375,0.201217031,0.5,0.5,-0.1322388376875,-0.15593427419662476,7.98785185907036e-06,0.0008226116769947112,,,1.0,normal
274,10,scenario3_repeated_spike,SAC,50,0.0,1,0.09,0.11199999999999999,0.5,0.5,-0.10099999999999999,-0.15635982155799866,7.1135154939838685e-06,0.0007112283492460847,,,1.0,normal
275,10,scenario3_repeated_spike,SAC,50,1.0,0,0.060625,0.197,0.5,0.5,-0.1288125,-0.15636318922042847,7.34305376681732e-06,0.0007069959538057446,,,1.0,normal
276,10,scenario3_repeated_spike,SAC,50,1.9000000000000004,0,0.0611875,0.19790000000000002,0.5,0.5,-0.12954375,-0.15763723850250244,7.455135346390307e-06,0.0007273834198713303,,,1.0,normal
277,10,scenario3_repeated_spike,SAC,50,2.710000000000001,0,0.061693750000000006,0.19871000000000003,0.5,0.5,-0.13020187500000002,-0.1571669578552246,1.4135364381218096e-06,0.0005198621656745672,,,1.0,normal
278,10,scenario3_repeated_spike,SAC,50,3.439,0,0.062149375,0.199439,0.5,0.5,-0.1307941875,-0.15684925019741058,1.4247268609324237e-06,0.0005329756531864405,,,1.0,normal
279,10,scenario3_repeated_spike,SAC,50,4.0951,0,0.06255943750000001,0.20009510000000003,0.5,0.5,-0.13132726875,-0.15699335932731628,7.833376002963632e-06,0.0009106399375014007,,,1.0,normal
280,10,scenario3_repeated_spike,SAC,50,0.0,1,0.09,0.11199999999999999,0.5,0.5,-0.10099999999999999,-0.15674564242362976,1.2531588708952768e-06,0.0005911365733481944,,,1.0,normal
281,10,scenario3_repeated_spike,SAC,50,0.0,1,0.09,0.11199999999999999,0.5,0.5,-0.10099999999999999,-0.15709908306598663,2.758741402431042e-06,0.0007803161861374974,,,1.0,normal
282,10,scenario3_repeated_spike,SAC,50,0.0,1,0.09,0.11199999999999999,0.5,0.5,-0.10099999999999999,-0.1570988893508911,1.3608887456939556e-06,0.000594167155213654,,,1.0,normal
283,10,scenario3_repeated_spike,SAC,50,1.0,0,0.060625,0.197,0.5,0.5,-0.1288125,-0.1573013961315155,1.2314409332248033e-06,0.0005903488490730524,,,1.0,normal
284,10,scenario3_repeated_spike,SAC,50,0.0,1,0.09,0.11199999999999999,0.5,0.5,-0.10099999999999999,-0.15761400759220123,6.24859967501834e-06,0.0007849400280974805,,,1.0,normal
285,10,scenario3_repeated_spike,SAC,50,0.0,1,0.09,0.11199999999999999,0.5,0.5,-0.10099999999999999,-0.15756601095199585,6.12897019891534e-06,0.0007113337051123381,,,1.0,normal
286,10,scenario3_repeated_spike,SAC,50,1.0,0,0.060625,0.197,0.5,0.5,-0.1288125,-0.15781369805335999,1.2878023198936717e-06,0.0005561784491874278,,,1.0,normal
287,10,scenario3_repeated_spike,SAC,50,0.0,1,0.09,0.11199999999999999,0.5,0.5,-0.10099999999999999,-0.15934954583644867,6.400914116966305e-06,0.000738668255507946,,,1.0,normal
288,10,scenario3_repeated_spike,SAC,50,1.0,0,0.060625,0.197,0.5,0.5,-0.1288125,-0.158532053232193,1.4774127521377522e-06,0.0005411251913756132,,,1.0,normal
289,10,scenario3_repeated_spike,SAC,50,1.9000000000000004,0,0.0611875,0.19790000000000002,0.5,0.5,-0.12954375,-0.15806856751441956,6.606920578633435e-06,0.0007013548747636378,,,1.0,normal
290,10,scenario3_repeated_spike,SAC,50,0.0,1,0.09,0.11199999999999999,0.5,0.5,-0.10099999999999999,-0.1585267037153244,2.0367933757370338e-06,0.000581338710617274,,,1.0,normal
291,10,scenario3_repeated_spike,SAC,50,1.0,0,0.060625,0.197,0.5,0.5,-0.1288125,-0.1585989147424698,1.4094326843405725e-06,0.0005695951404049993,,,1.0,normal
292,10,scenario3_repeated_spike,SAC,50,0.0,1,0.09,0.11199999999999999,0.5,0.5,-0.10099999999999999,-0.15802013874053955,6.383735126291867e-06,0.000676144496537745,,,1.0,normal
293,10,scenario3_repeated_spike,SAC,50,1.0,0,0.060625,0.197,0.5,0.5,-0.1288125,-0.15911108255386353,2.34749154515157e-06,0.0006248294375836849,,,1.0,normal
294,10,scenario3_repeated_spike,SAC,50,0.0,1,0.09,0.11199999999999999,0.5,0.5,-0.10099999999999999,-0.15843819081783295,5.918569513596594e-06,0.0007089016726240516,,,1.0,normal
295,10,scenario3_repeated_spike,SAC,50,0.0,1,0.09,0.11199999999999999,0.5,0.5,-0.10099999999999999,-0.15846280753612518,1.808489741961239e-06,0.0005612712120637298,,,1.0,normal
296,10,scenario3_repeated_spike,SAC,50,1.0,0,0.060625,0.197,0.5,0.5,-0.1288125,-0.15832817554473877,1.7125042859333917e-06,0.0005896984366700053,,,1.0,normal
297,10,scenario3_repeated_spike,SAC,50,0.0,1,0.09,0.11199999999999999,0.5,0.5,-0.10099999999999999,-0.15934623777866364,2.0715483515232336e-06,0.0006424220628105104,,,1.0,normal
298,10,scenario3_repeated_spike,SAC,50,1.0,0,0.060625,0.197,0.5,0.5,-0.1288125,-0.15862129628658295,1.1140921287733363e-06,0.0005065485020168126,,,1.0,normal
299,10,scenario3_repeated_spike,SAC,50,0.0,1,0.09,0.11199999999999999,0.5,0.5,-0.10099999999999999,-0.15853962302207947,1.2968030205229297e-06,0.000496008200570941,,,1.0,normal
300,10,scenario3_repeated_spike,SAC,50,1.0,0,0.060625,0.197,0.5,0.5,-0.1288125,-0.15884509682655334,9.592896503818338e-07,0.0004477177863009274,,,1.0,normal
301,10,scenario3_repeated_spike,SAC,50,0.0,1,0.09,0.11199999999999999,0.5,0.5,-0.10099999999999999,-0.1585751622915268,7.567350053250266e-07,0.0004064006498083472,,,1.0,normal
302,10,scenario3_repeated_spike,SAC,50,1.0,0,0.060625,0.197,0.5,0.5,-0.1288125,-0.16003140807151794,6.806783403590089e-06,0.0007997496286407113,,,1.0,normal
303,10,scenario3_repeated_spike,SAC,50,1.9000000000000004,0,0.0611875,0.19790000000000002,0.5,0.5,-0.12954375,-0.1598055213689804,5.476054866448976e-06,0.0006665138062089682,,,1.0,normal
304,10,scenario3_repeated_spike,SAC,50,0.0,1,0.09,0.11199999999999999,0.5,0.5,-0.10099999999999999,-0.15920256078243256,1.1044061238862923e-06,0.0004640575498342514,,,1.0,normal
305,10,scenario3_repeated_spike,SAC,50,1.0,0,0.060625,0.197,0.5,0.5,-0.1288125,-0.16059337556362152,1.3961266631667968e-06,0.0005964864394627512,,,1.0,normal
306,10,scenario3_repeated_spike,SAC,50,1.9000000000000004,0,0.0611875,0.19790000000000002,0.5,0.5,-0.12954375,-0.15989463031291962,5.323913228494348e-06,0.0006535560241900384,,,1.0,normal
307,10,scenario3_repeated_spike,SAC,50,2.710000000000001,0,0.061693750000000006,0.19871000000000003,0.5,0.5,-0.13020187500000002,-0.16045591235160828,1.913383357532439e-06,0.000508404744323343,,,1.0,normal
308,10,scenario3_repeated_spike,SAC,50,3.439,0,0.062149375,0.199439,0.5,0.5,-0.1307941875,-0.15896634757518768,5.541862265090458e-06,0.0005954768275842071,,,1.0,normal
309,10,scenario3_repeated_spike,SAC,50,0.0,1,0.09,0.11199999999999999,0.5,0.5,-0.10099999999999999,-0.16027556359767914,4.991661171516171e-06,0.0006148972897790372,,,1.0,normal
310,10,scenario3_repeated_spike,SAC,50,1.0,0,0.060625,0.197,0.5,0.5,-0.1288125,-0.16046753525733948,5.290602075547213e-06,0.0007183118141256273,,,1.0,normal
311,10,scenario3_repeated_spike,SAC,50,0.0,1,0.09,0.11199999999999999,0.5,0.5,-0.10099999999999999,-0.15996922552585602,5.540087840927299e-06,0.0007380304159596562,,,1.0,normal
312,10,scenario3_repeated_spike,SAC,50,1.0,0,0.060625,0.197,0.5,0.5,-0.1288125,-0.15975922346115112,1.2964399047632469e-06,0.0005882750265300274,,,1.0,normal
313,10,scenario3_repeated_spike,SAC,50,0.0,1,0.09,0.11199999999999999,0.5,0.5,-0.10099999999999999,-0.15998119115829468,4.950660695612896e-06,0.0006764404242858291,,,1.0,normal
314,10,scenario3_repeated_spike,SAC,50,0.0,1,0.09,0.11199999999999999,0.5,0.5,-0.10099999999999999,-0.16071033477783203,1.7894766415338381e-06,0.0005755953025072813,,,1.0,normal
315,10,scenario3_repeated_spike,SAC,50,1.0,0,0.060625,0.197,0.5,0.5,-0.1288125,-0.16046275198459625,7.938842827570625e-07,0.0004853071295656264,,,1.0,normal
316,10,scenario3_repeated_spike,SAC,50,0.0,1,0.09,0.11199999999999999,0.5,0.5,-0.10099999999999999,-0.16060294210910797,4.6570539780077524e-06,0.0006670805159956217,,,1.0,normal
317,10,scenario3_repeated_spike,SAC,50,1.0,0,0.060625,0.197,0.5,0.5,-0.1288125,-0.16044573485851288,9.057064858097874e-07,0.00048103585140779614,,,1.0,normal
318,10,scenario3_repeated_spike,SAC,50,1.9000000000000004,0,0.0611875,0.19790000000000002,0.5,0.5,-0.12954375,-0.1613524705171585,1.4415136320167221e-06,0.0005934040527790785,,,1.0,normal
319,10,scenario3_repeated_spike,SAC,50,0.0,1,0.09,0.11199999999999999,0.5,0.5,-0.10099999999999999,-0.1605280041694641,5.2247874009481166e-06,0.000647675828076899,,,1.0,normal
320,10,scenario3_repeated_spike,SAC,50,0.0,1,0.09,0.11199999999999999,0.5,0.5,-0.10099999999999999,-0.16087736189365387,1.7326740362477722e-06,0.0005532282521016896,,,1.0,normal
321,10,scenario3_repeated_spike,SAC,50,1.0,0,0.060625,0.197,0.5,0.5,-0.1288125,-0.16110196709632874,1.2343884918664116e-06,0.0005194192053750157,,,1.0,normal
322,10,scenario3_repeated_spike,SAC,50,0.0,1,0.09,0.11199999999999999,0.5,0.5,-0.10099999999999999,-0.1613849401473999,5.16100408276543e-06,0.0006691244198009372,,,1.0,normal
323,10,scenario3_repeated_spike,SAC,50,1.0,0,0.060625,0.197,0.5,0.5,-0.1288125,-0.16128982603549957,9.812749794946285e-07,0.0004730637592729181,,,1.0,normal
324,10,scenario3_repeated_spike,SAC,50,0.0,1,0.09,0.11199999999999999,0.5,0.5,-0.10099999999999999,-0.16154871881008148,1.292049319090438e-06,0.00047147099394351244,,,1.0,normal
325,10,scenario3_repeated_spike,SAC,50,1.0,0,0.060625,0.197,0.5,0.5,-0.1288125,-0.16188929975032806,1.0229812232864788e-06,0.0004951183218508959,,,1.0,normal
326,10,scenario3_repeated_spike,SAC,50,0.0,1,0.09,0.11199999999999999,0.5,0.5,-0.10099999999999999,-0.16162517666816711,7.018995802354766e-07,0.00038842810317873955,,,1.0,normal
327,10,scenario3_repeated_spike,SAC,50,1.0,0,0.060625,0.197,0.5,0.5,-0.1288125,-0.16161099076271057,8.617552111900295e-07,0.00040535745210945606,,,1.0,normal
328,10,scenario3_repeated_spike,SAC,50,0.0,1,0.09,0.11199999999999999,0.5,0.5,-0.10099999999999999,-0.1619754135608673,1.0349086778660421e-06,0.0004547956050373614,,,1.0,normal
329,10,scenario3_repeated_spike,SAC,50,0.0,1,0.09,0.11199999999999999,0.5,0.5,-0.10099999999999999,-0.16185221076011658,1.0156015832762932e-06,0.0004861625493504107,,,1.0,normal
330,10,scenario3_repeated_spike,SAC,50,1.0,0,0.060625,0.197,0.5,0.5,-0.1288125,-0.16264256834983826,1.3362794106797082e-06,0.0005247143562883139,,,1.0,normal
331,10,scenario3_repeated_spike,SAC,50,1.9000000000000004,0,0.0611875,0.19790000000000002,0.5,0.5,-0.12954375,-0.1622888445854187,8.011598993107327e-07,0.0003958918387070298,,,1.0,normal
332,10,scenario3_repeated_spike,SAC,50,0.0,1,0.09,0.11199999999999999,0.5,0.5,-0.10099999999999999,-0.16297052800655365,1.7409204247087473e-06,0.00048554473323747516,,,1.0,normal
333,10,scenario3_repeated_spike,SAC,50,0.0,1,0.09,0.11199999999999999,0.5,0.5,-0.10099999999999999,-0.162920743227005,4.554328370431904e-06,0.0006036685663275421,,,1.0,normal
334,10,scenario3_repeated_spike,SAC,50,1.0,0,0.060625,0.197,0.5,0.5,-0.1288125,-0.16283315420150757,9.406213621332427e-07,0.00045904493890702724,,,1.0,normal
335,10,scenario3_repeated_spike,SAC,50,0.0,1,0.09,0.11199999999999999,0.5,0.5,-0.10099999999999999,-0.1628447026014328,7.779048587508441e-07,0.000440084288129583,,,1.0,normal
336,10,scenario3_repeated_spike,SAC,50,0.0,1,0.09,0.11199999999999999,0.5,0.5,-0.10099999999999999,-0.16272315382957458,1.3233307072368916e-06,0.00047884159721434116,,,1.0,normal
337,10,scenario3_repeated_spike,SAC,50,1.0,0,0.060625,0.197,0.5,0.5,-0.1288125,-0.1631564348936081,1.011905396808288e-06,0.0005052685737609863,,,1.0,normal
338,10,scenario3_repeated_spike,SAC,50,0.0,1,0.09,0.11199999999999999,0.5,0.5,-0.10099999999999999,-0.162673681974411,7.878409178374568e-07,0.0004678184923250228,,,1.0,normal
339,10,scenario3_repeated_spike,SAC,50,0.0,1,0.09,0.11199999999999999,0.5,0.5,-0.10099999999999999,-0.16351622343063354,1.7615827800909756e-06,0.0005470250034704804,,,1.0,normal
340,10,scenario3_repeated_spike,SAC,50,0.0,1,0.09,0.11199999999999999,0.5,0.5,-0.10099999999999999,-0.16399946808815002,2.2105564312369097e-06,0.0006058597355149686,,,1.0,normal
341,10,scenario3_repeated_spike,SAC,50,0.0,1,0.09,0.11199999999999999,0.5,0.5,-0.10099999999999999,-0.16349154710769653,5.358126600185642e-06,0.0007192339980974793,,,1.0,normal
342,10,scenario3_repeated_spike,SAC,50,0.0,1,0.09,0.11199999999999999,0.5,0.5,-0.10099999999999999,-0.16287752985954285,6.249178454709181e-07,0.00040171787259168923,,,1.0,normal
343,10,scenario3_repeated_spike,SAC,50,0.0,1,0.09,0.11199999999999999,0.5,0.5,-0.10099999999999999,-0.16368821263313293,1.513460233582009e-06,0.00048247919767163694,,,1.0,normal
344,10,scenario3_repeated_spike,SAC,50,0.0,1,0.09,0.11199999999999999,0.5,0.5,-0.10099999999999999,-0.16306369006633759,7.18766784757463e-07,0.00039739240310154855,,,1.0,normal
345,10,scenario3_repeated_spike,SAC,50,0.0,1,0.09,0.11199999999999999,0.5,0.5,-0.10099999999999999,-0.1631886512041092,1.154492565547116e-06,0.0004676612443290651,,,1.0,normal
346,10,scenario3_repeated_spike,SAC,50,0.0,1,0.09,0.11199999999999999,0.5,0.5,-0.10099999999999999,-0.16375142335891724,1.3423555174085777e-06,0.0005425602430477738,,,1.0,normal
347,10,scenario3_repeated_spike,SAC,50,0.0,1,0.09,0.11199999999999999,0.5,0.5,-0.10099999999999999,-0.1644086092710495,1.5881191757216584e-06,0.0005520029808394611,,,1.0,normal
348,10,scenario3_repeated_spike,SAC,50,1.0,0,0.060625,0.197,0.5,0.5,-0.1288125,-0.16384673118591309,4.323851953813573e-06,0.000610747782047838,,,1.0,normal
349,10,scenario3_repeated_spike,SAC,50,1.9000000000000004,0,0.0611875,0.19790000000000002,0.5,0.5,-0.12954375,-0.1642782837152481,1.1660254131129477e-06,0.0004778555885422975,,,1.0,normal
350,10,scenario3_repeated_spike,SAC,50,2.710000000000001,0,0.061693750000000006,0.19871000000000003,0.5,0.5,-0.13020187500000002,-0.1637365221977234,5.556820497076842e-07,0.0003697128558997065,,,1.0,normal
351,10,scenario3_repeated_spike,SAC,50,0.0,1,0.09,0.11199999999999999,0.5,0.5,-0.10099999999999999,-0.1646425724029541,1.512196718067571e-06,0.0005090029444545507,,,1.0,normal
352,10,scenario3_repeated_spike,SAC,50,0.0,1,0.09,0.11199999999999999,0.5,0.5,-0.10099999999999999,-0.1645563244819641,1.0430686643303488e-06,0.00043255838681943715,,,1.0,normal
353,10,scenario3_repeated_spike,SAC,50,0.0,1,0.09,0.11199999999999999,0.5,0.5,-0.10099999999999999,-0.16420778632164001,4.40154781244928e-06,0.0005720292683690786,,,1.0,normal
354,10,scenario3_repeated_spike,SAC,50,0.0,1,0.09,0.11199999999999999,0.5,0.5,-0.10099999999999999,-0.16449303925037384,1.041961922965129e-06,0.0004301078151911497,,,1.0,normal
355,10,scenario3_repeated_spike,SAC,50,0.0,1,0.09,0.11199999999999999,0.5,0.5,-0.10099999999999999,-0.16448432207107544,1.3805648677589488e-06,0.0004650150949601084,,,1.0,normal
356,10,scenario3_repeated_spike,SAC,50,1.0,0,0.060625,0.197,0.5,0.5,-0.1288125,-0.16472186148166656,4.6706195462320466e-06,0.0006300252862274647,,,1.0,normal
357,10,scenario3_repeated_spike,SAC,50,0.0,1,0.09,0.11199999999999999,0.5,0.5,-0.10099999999999999,-0.16485048830509186,8.253009013969859e-07,0.0004677053075283766,,,1.0,normal
358,10,scenario3_repeated_spike,SAC,50,0.0,1,0.09,0.11199999999999999,0.5,0.5,-0.10099999999999999,-0.16553306579589844,1.569653591104725e-06,0.000520965491887182,,,1.0,normal
359,10,scenario3_repeated_spike,SAC,50,0.0,1,0.09,0.11199999999999999,0.5,0.5,-0.10099999999999999,-0.1646016240119934,6.259023166421684e-07,0.00039551922236569226,,,1.0,normal
360,10,scenario3_repeated_spike,SAC,50,0.0,1,0.09,0.11199999999999999,0.5,0.5,-0.10099999999999999,-0.16555921733379364,1.2347163647064008e-06,0.0005435113562270999,,,1.0,normal
361,10,scenario3_repeated_spike,SAC,50,0.0,1,0.09,0.11199999999999999,0.5,0.5,-0.10099999999999999,-0.1654781997203827,7.352759325840452e-07,0.00044889390119351447,,,1.0,normal
362,10,scenario3_repeated_spike,SAC,50,0.0,1,0.09,0.11199999999999999,0.5,0.5,-0.10099999999999999,-0.16558592021465302,1.4460892998613417e-06,0.0004845219664275646,,,1.0,normal
363,10,scenario3_repeated_spike,SAC,50,1.0,0,0.060625,0.197,0.5,0.5,-0.1288125,-0.16584008932113647,7.702633411099669e-07,0.00044686763430945575,,,1.0,normal
364,10,scenario3_repeated_spike,SAC,50,0.0,1,0.09,0.11199999999999999,0.5,0.5,-0.10099999999999999,-0.16602346301078796,1.934694637384382e-06,0.0004722100275103003,,,1.0,normal
365,10,scenario3_repeated_spike,SAC,50,1.0,0,0.060625,0.197,0.5,0.5,-0.1288125,-0.16603371500968933,1.9356129996594973e-06,0.0004938709316775203,,,1.0,normal
366,10,scenario3_repeated_spike,SAC,50,1.9000000000000004,0,0.0611875,0.19790000000000002,0.5,0.5,-0.12954375,-0.16577252745628357,9.174320325655572e-07,0.00042418439988978207,,,1.0,normal
367,10,scenario3_repeated_spike,SAC,50,0.0,1,0.09,0.11199999999999999,0.5,0.5,-0.10099999999999999,-0.16560706496238708,5.199411816647626e-07,0.0003150006814394146,,,1.0,normal
368,10,scenario3_repeated_spike,SAC,50,0.0,1,0.09,0.11199999999999999,0.5,0.5,-0.10099999999999999,-0.16602256894111633,8.536377436030307e-07,0.00037324836011976004,,,1.0,normal
369,10,scenario3_repeated_spike,SAC,50,0.0,1,0.09,0.11199999999999999,0.5,0.5,-0.10099999999999999,-0.1663709431886673,6.226859454727673e-07,0.0003627178375609219,,,1.0,normal
370,10,scenario3_repeated_spike,SAC,50,1.0,0,0.060625,0.197,0.5,0.5,-0.1288125,-0.16647392511367798,6.532553697979893e-07,0.00034903065534308553,,,1.0,normal
371,10,scenario3_repeated_spike,SAC,50,1.9000000000000004,0,0.0611875,0.19790000000000002,0.5,0.5,-0.12954375,-0.16654714941978455,1.0924536582024302e-06,0.00044241640716791153,,,1.0,normal
372,10,scenario3_repeated_spike,SAC,50,0.0,1,0.09,0.11199999999999999,0.5,0.5,-0.10099999999999999,-0.16660025715827942,4.113326212973334e-06,0.000550159253180027,,,1.0,normal
373,10,scenario3_repeated_spike,SAC,50,1.0,0,0.060625,0.197,0.5,0.5,-0.1288125,-0.16692112386226654,1.0033213584392797e-06,0.0004440435441210866,,,1.0,normal
374,10,scenario3_repeated_spike,SAC,50,0.0,1,0.09,0.11199999999999999,0.5,0.5,-0.10099999999999999,-0.16666311025619507,8.230251182794746e-07,0.00037072482518851757,,,1.0,normal
375,10,scenario3_repeated_spike,SAC,50,0.0,1,0.09,0.11199999999999999,0.5,0.5,-0.10099999999999999,-0.16665054857730865,5.666837523676804e-07,0.00034715933725237846,,,1.0,normal
376,10,scenario3_repeated_spike,SAC,50,0.0,1,0.09,0.11199999999999999,0.5,0.5,-0.10099999999999999,-0.16692814230918884,6.512005938930088e-07,0.0003685198025777936,,,1.0,normal
377,10,scenario3_repeated_spike,SAC,50,1.0,0,0.060625,0.197,0.5,0.5,-0.1288125,-0.167459636926651,2.4208941340475576e-06,0.0004966469714418054,,,1.0,normal
378,10,scenario3_repeated_spike,SAC,50,1.9000000000000004,0,0.0611875,0.19790000000000002,0.5,0.5,-0.12954375,-0.16714397072792053,4.461590208393318e-07,0.00035921199014410377,,,1.0,normal
379,10,scenario3_repeated_spike,SAC,50,0.0,1,0.09,0.11199999999999999,0.5,0.5,-0.10099999999999999,-0.16711381077766418,7.605680707456486e-07,0.0004598638042807579,,,1.0,normal
380,10,scenario3_repeated_spike,SAC,50,1.0,0,0.060625,0.197,0.5,0.5,-0.1288125,-0.16753582656383514,5.3357671276899055e-06,0.0007145514246076345,,,1.0,normal
381,10,scenario3_repeated_spike,SAC,50,0.0,1,0.09,0.11199999999999999,0.5,0.5,-0.10099999999999999,-0.16718542575836182,3.934431333618704e-06,0.0005920339608564973,,,1.0,normal
382,10,scenario3_repeated_spike,SAC,50,1.0,0,0.060625,0.197,0.5,0.5,-0.1288125,-0.16795289516448975,2.114141125275637e-06,0.0005951954517513514,,,1.0,normal
383,10,scenario3_repeated_spike,SAC,50,0.0,1,0.09,0.11199999999999999,0.5,0.5,-0.10099999999999999,-0.167625293135643,7.304685141207301e-07,0.0004895295714959502,,,1.0,normal
384,10,scenario3_repeated_spike,SAC,50,1.0,0,0.060625,0.197,0.5,0.5,-0.1288125,-0.1677047312259674,1.1615973107836908e-06,0.0004912599106319249,,,1.0,normal
385,10,scenario3_repeated_spike,SAC,50,1.9000000000000004,0,0.0611875,0.19790000000000002,0.5,0.5,-0.12954375,-0.1677507609128952,5.801618385703478e-07,0.00041255721589550376,,,1.0,normal
386,10,scenario3_repeated_spike,SAC,50,0.0,1,0.09,0.11199999999999999,0.5,0.5,-0.10099999999999999,-0.16846859455108643,1.5229068139888113e-06,0.0004578765365295112,,,1.0,normal
387,10,scenario3_repeated_spike,SAC,50,1.0,0,0.060625,0.197,0.5,0.5,-0.1288125,-0.16804514825344086,9.619668617233401e-07,0.000414841779274866,,,1.0,normal
388,10,scenario3_repeated_spike,SAC,50,1.9000000000000004,0,0.0611875,0.19790000000000002,0.5,0.5,-0.12954375,-0.1680060774087906,6.995811645538197e-07,0.000350786343915388,,,1.0,normal
389,10,scenario3_repeated_spike,SAC,50,2.710000000000001,0,0.061693750000000006,0.19871000000000003,0.5,0.5,-0.13020187500000002,-0.16865937411785126,7.375667792075546e-07,0.00039395049680024385,,,1.0,normal
390,10,scenario3_repeated_spike,SAC,50,3.439,0,0.062149375,0.199439,0.5,0.5,-0.1307941875,-0.1688118427991867,2.4627793209219817e-06,0.0005700033507309854,,,1.0,normal
391,10,scenario3_repeated_spike,SAC,50,0.0,1,0.09,0.11199999999999999,0.5,0.5,-0.10099999999999999,-0.16850882768630981,7.950073950269143e-07,0.0003864013124257326,,,1.0,normal
392,10,scenario3_repeated_spike,SAC,50,0.0,1,0.09,0.11199999999999999,0.5,0.5,-0.10099999999999999,-0.1687678098678589,1.4941579138394445e-06,0.0004907735274173319,,,1.0,normal
393,10,scenario3_repeated_spike,SAC,50,1.0,0,0.060625,0.197,0.5,0.5,-0.1288125,-0.16876912117004395,3.573052254068898e-06,0.0005043343408033252,,,1.0,normal
394,10,scenario3_repeated_spike,SAC,50,0.0,1,0.09,0.11199999999999999,0.5,0.5,-0.10099999999999999,-0.16915202140808105,2.103728547808714e-06,0.0005535747623071074,,,1.0,normal
395,10,scenario3_repeated_spike,SAC,50,1.0,0,0.060625,0.197,0.5,0.5,-0.1288125,-0.1687740683555603,1.8441784277456463e-06,0.00047639384865760803,,,1.0,normal
396,10,scenario3_repeated_spike,SAC,50,0.0,1,0.09,0.11199999999999999,0.5,0.5,-0.10099999999999999,-0.1687479317188263,1.0395580147815053e-06,0.0004698217089753598,,,1.0,normal
397,10,scenario3_repeated_spike,SAC,50,0.0,1,0.09,0.11199999999999999,0.5,0.5,-0.10099999999999999,-0.16892804205417633,7.278739531102474e-07,0.00043890869710594416,,,1.0,normal
398,10,scenario3_repeated_spike,SAC,50,0.0,1,0.09,0.11199999999999999,0.5,0.5,-0.10099999999999999,-0.16966405510902405,4.755602276418358e-06,0.0006956030847504735,,,1.0,normal
399,10,scenario3_repeated_spike,SAC,50,0.0,1,0.09,0.11199999999999999,0.5,0.5,-0.10099999999999999,-0.16998499631881714,1.2690067023868323e-06,0.0005043723504059017,,,1.0,normal
400,10,scenario3_repeated_spike,SAC,50,1.0,0,0.060625,0.197,0.5,0.5,-0.1288125,-0.16939346492290497,4.84463271277491e-07,0.0003551951376721263,,,1.0,normal
401,10,scenario3_repeated_spike,SAC,50,1.9000000000000004,0,0.0611875,0.19790000000000002,0.5,0.5,-0.12954375,-0.16961835324764252,1.4756849395780591e-06,0.0005351313739083707,,,1.0,normal
402,10,scenario3_repeated_spike,SAC,50,0.0,1,0.09,0.11199999999999999,0.5,0.5,-0.10099999999999999,-0.16975440084934235,3.862296580336988e-06,0.0005949392216280103,,,1.0,normal
403,10,scenario3_repeated_spike,SAC,50,1.0,0,0.060625,0.197,0.5,0.5,-0.1288125,-0.1698552668094635,5.787139230051253e-07,0.0003910534724127501,,,1.0,normal
404,10,scenario3_repeated_spike,SAC,50,1.9000000000000004,0,0.0611875,0.19790000000000002,0.5,0.5,-0.12954375,-0.17031101882457733,1.8725487507254002e-06,0.00047865865053609014,,,1.0,normal
405,10,scenario3_repeated_spike,SAC,50,2.710000000000001,0,0.061693750000000006,0.19871000000000003,0.5,0.5,-0.13020187500000002,-0.17022854089736938,7.40835730539402e-07,0.0003746710135601461,,,1.0,normal
406,10,scenario3_repeated_spike,SAC,50,3.439,0,0.062149375,0.199439,0.5,0.5,-0.1307941875,-0.16970090568065643,4.3900124069296e-07,0.0002830447629094124,,,1.0,normal
407,10,scenario3_repeated_spike,SAC,50,4.0951,0,0.06255943750000001,0.20009510000000003,0.5,0.5,-0.13132726875,-0.16995981335639954,4.4341430793792824e-07,0.0003288370789960027,,,1.0,normal
408,10,scenario3_repeated_spike,SAC,50,0.0,1,0.09,0.11199999999999999,0.5,0.5,-0.10099999999999999,-0.1707078218460083,1.74095771399152e-06,0.0004930087015964091,,,1.0,normal
409,10,scenario3_repeated_spike,SAC,50,1.0,0,0.060625,0.197,0.5,0.5,-0.1288125,-0.17049112915992737,7.749509904897423e-07,0.000431694439612329,,,1.0,normal
410,10,scenario3_repeated_spike,SAC,50,0.0,1,0.09,0.11199999999999999,0.5,0.5,-0.10099999999999999,-0.1706082820892334,3.3992996577580925e-06,0.0005002015386708081,,,1.0,normal
411,10,scenario3_repeated_spike,SAC,50,1.0,0,0.060625,0.197,0.5,0.5,-0.1288125,-0.17103517055511475,1.912566176542896e-06,0.00048371084267273545,,,1.0,normal
412,10,scenario3_repeated_spike,SAC,50,1.9000000000000004,0,0.0611875,0.19790000000000002,0.5,0.5,-0.12954375,-0.17094223201274872,7.784759077367198e-07,0.00035176705569028854,,,1.0,normal
413,10,scenario3_repeated_spike,SAC,50,2.710000000000001,0,0.061693750000000006,0.19871000000000003,0.5,0.5,-0.13020187500000002,-0.1709730476140976,5.627060772894765e-07,0.0003413264930713922,,,1.0,normal
414,10,scenario3_repeated_spike,SAC,50,0.0,1,0.09,0.11199999999999999,0.5,0.5,-0.10099999999999999,-0.17088425159454346,3.543669663486071e-06,0.000478230242151767,,,1.0,normal
415,10,scenario3_repeated_spike,SAC,50,1.0,0,0.060625,0.197,0.5,0.5,-0.1288125,-0.1711646020412445,6.1789211258656e-07,0.0003560378681868315,,,1.0,normal
416,10,scenario3_repeated_spike,SAC,50,1.9000000000000004,0,0.0611875,0.19790000000000002,0.5,0.5,-0.12954375,-0.1709335744380951,5.601301609203801e-07,0.00032085785642266273,,,1.0,normal
417,10,scenario3_repeated_spike,SAC,50,0.0,1,0.09,0.11199999999999999,0.5,0.5,-0.10099999999999999,-0.1715160608291626,5.857419296262378e-07,0.00038148995372466743,,,1.0,normal
418,10,scenario3_repeated_spike,SAC,50,0.0,1,0.09,0.11199999999999999,0.5,0.5,-0.10099999999999999,-0.17138183116912842,3.3296669244009536e-06,0.00048825747217051685,,,1.0,normal
419,10,scenario3_repeated_spike,SAC,50,1.0,0,0.060625,0.197,0.5,0.5,-0.1288125,-0.17197340726852417,1.5029622772999573e-06,0.00044777285074815154,,,1.0,normal
420,10,scenario3_repeated_spike,SAC,50,0.0,1,0.09,0.11199999999999999,0.5,0.5,-0.10099999999999999,-0.17139749228954315,3.2210627978201956e-06,0.0005276016891002655,,,1.0,normal
421,10,scenario3_repeated_spike,SAC,50,1.0,0,0.060625,0.197,0.5,0.5,-0.1288125,-0.1715366691350937,3.4093659451173153e-06,0.000547566101886332,,,1.0,normal
422,10,scenario3_repeated_spike,SAC,50,1.9000000000000004,0,0.0611875,0.19790000000000002,0.5,0.5,-0.12954375,-0.17157156765460968,3.730229309439892e-06,0.0006234077736735344,,,1.0,normal
423,10,scenario3_repeated_spike,SAC,50,2.710000000000001,0,0.061693750000000006,0.19871000000000003,0.5,0.5,-0.13020187500000002,-0.1716972291469574,6.374228291861073e-07,0.00041391700506210327,,,1.0,normal
424,10,scenario3_repeated_spike,SAC,50,3.439,0,0.062149375,0.199439,0.5,0.5,-0.1307941875,-0.1720849871635437,6.916989150340669e-07,0.00041657875408418477,,,1.0,normal
425,10,scenario3_repeated_spike,SAC,50,4.0951,0,0.06255943750000001,0.20009510000000003,0.5,0.5,-0.13132726875,-0.17213694751262665,8.346269169123843e-07,0.00044309679651632905,,,1.0,normal
426,10,scenario3_repeated_spike,SAC,50,0.0,1,0.09,0.11199999999999999,0.5,0.5,-0.10099999999999999,-0.17288720607757568,2.030308678513393e-06,0.0004947895649820566,,,1.0,normal
427,10,scenario3_repeated_spike,SAC,50,0.0,1,0.09,0.11199999999999999,0.5,0.5,-0.10099999999999999,-0.17234373092651367,4.8436402266816e-07,0.0003139766922686249,,,1.0,normal
428,10,scenario3_repeated_spike,SAC,50,1.0,0,0.060625,0.197,0.5,0.5,-0.1288125,-0.17290326952934265,3.318013114039786e-06,0.0005181879387237132,,,1.0,normal
429,10,scenario3_repeated_spike,SAC,50,1.9000000000000004,0,0.0611875,0.19790000000000002,0.5,0.5,-0.12954375,-0.17237696051597595,8.808575557850418e-07,0.0003313804045319557,,,1.0,normal
430,10,scenario3_repeated_spike,SAC,50,2.710000000000001,0,0.061693750000000006,0.19871000000000003,0.5,0.5,-0.13020187500000002,-0.17307665944099426,7.145571316868882e-07,0.0003986581868957728,,,1.0,normal
431,10,scenario3_repeated_spike,SAC,50,0.0,1,0.09,0.11199999999999999,0.5,0.5,-0.10099999999999999,-0.17304350435733795,1.1322441650918336e-06,0.0004139231750741601,,,1.0,normal
432,10,scenario3_repeated_spike,SAC,50,1.0,0,0.060625,0.197,0.5,0.5,-0.1288125,-0.17299896478652954,5.579853450399241e-07,0.0003663731040433049,,,1.0,normal
433,10,scenario3_repeated_spike,SAC,50,1.9000000000000004,0,0.0611875,0.19790000000000002,0.5,0.5,-0.12954375,-0.17354662716388702,2.35554807659355e-06,0.00048808957217261195,,,1.0,normal
434,10,scenario3_repeated_spike,SAC,50,2.710000000000001,0,0.061693750000000006,0.19871000000000003,0.5,0.5,-0.13020187500000002,-0.17322786152362823,1.0502579925741884e-06,0.00048212180263362825,,,1.0,normal
435,10,scenario3_repeated_spike,SAC,50,0.0,1,0.09,0.11199999999999999,0.5,0.5,-0.10099999999999999,-0.17323026061058044,8.1664887829902e-07,0.0003922361647710204,,,1.0,normal
436,10,scenario3_repeated_spike,SAC,50,1.0,0,0.060625,0.197,0.5,0.5,-0.1288125,-0.1733556091785431,5.839589789502497e-07,0.00037535480805672705,,,1.0,normal
437,10,scenario3_repeated_spike,SAC,50,0.0,1,0.09,0.11199999999999999,0.5,0.5,-0.10099999999999999,-0.1733458787202835,4.433465790043556e-07,0.0003120708861388266,,,1.0,normal
438,10,scenario3_repeated_spike,SAC,50,1.0,0,0.060625,0.197,0.5,0.5,-0.1288125,-0.1738523691892624,7.659416496608173e-07,0.0004138993099331856,,,1.0,normal
439,10,scenario3_repeated_spike,SAC,50,1.9000000000000004,0,0.0611875,0.19790000000000002,0.5,0.5,-0.12954375,-0.17325830459594727,1.037825427374628e-06,0.0004017267201561481,,,1.0,normal
440,10,scenario3_repeated_spike,SAC,50,2.710000000000001,0,0.061693750000000006,0.19871000000000003,0.5,0.5,-0.13020187500000002,-0.17377649247646332,7.245363349284162e-07,0.0004100049554836005,,,1.0,normal
441,10,scenario3_repeated_spike,SAC,50,0.0,1,0.09,0.11199999999999999,0.5,0.5,-0.10099999999999999,-0.17407111823558807,6.161329793030745e-07,0.00037388334749266505,,,1.0,normal
442,10,scenario3_repeated_spike,SAC,50,0.0,1,0.09,0.11199999999999999,0.5,0.5,-0.10099999999999999,-0.17388606071472168,4.951131700181577e-07,0.00033711615833453834,,,1.0,normal
443,10,scenario3_repeated_spike,SAC,50,0.0,1,0.09,0.11199999999999999,0.5,0.5,-0.10099999999999999,-0.17414699494838715,5.141889687365619e-07,0.0003228104906156659,,,1.0,normal
444,10,scenario3_repeated_spike,SAC,50,0.0,1,0.09,0.11199999999999999,0.5,0.5,-0.10099999999999999,-0.1741587519645691,5.208021320868284e-07,0.0003463724278844893,,,1.0,normal
445,10,scenario3_repeated_spike,SAC,50,1.0,0,0.060625,0.197,0.5,0.5,-0.1288125,-0.17425084114074707,5.276519345898123e-07,0.0003495494311209768,,,1.0,normal
446,10,scenario3_repeated_spike,SAC,50,0.0,1,0.09,0.11199999999999999,0.5,0.5,-0.10099999999999999,-0.1743370145559311,4.409485541145841e-07,0.00030831637559458613,,,1.0,normal
447,10,scenario3_repeated_spike,SAC,50,1.0,0,0.060625,0.197,0.5,0.5,-0.1288125,-0.17494787275791168,5.55237966182176e-06,0.0006161056226119399,,,1.0,normal
448,10,scenario3_repeated_spike,SAC,50,0.0,1,0.09,0.11199999999999999,0.5,0.5,-0.10099999999999999,-0.17434437572956085,5.07334277699556e-07,0.00033726514084264636,,,1.0,normal
449,10,scenario3_repeated_spike,SAC,50,1.0,0,0.060625,0.197,0.5,0.5,-0.1288125,-0.1746283322572708,1.1624159697021241e-06,0.00044307566713541746,,,1.0,normal
450,10,scenario3_repeated_spike,SAC,50,1.9000000000000004,0,0.0611875,0.19790000000000002,0.5,0.5,-0.12954375,-0.17506512999534607,2.287514234922128e-06,0.00041885548853315413,,,1.0,normal
451,10,scenario3_repeated_spike,SAC,50,0.0,1,0.09,0.11199999999999999,0.5,0.5,-0.10099999999999999,-0.17455406486988068,8.685847205924802e-07,0.000337840523570776,,,1.0,normal
452,10,scenario3_repeated_spike,SAC,50,1.0,0,0.060625,0.197,0.5,0.5,-0.1288125,-0.17493438720703125,1.0930351663773763e-06,0.00040946772787719965,,,1.0,normal
453,10,scenario3_repeated_spike,SAC,50,0.0,1,0.09,0.11199999999999999,0.5,0.5,-0.10099999999999999,-0.17495623230934143,8.788250056568359e-07,0.00037999922642484307,,,1.0,normal
454,10,scenario3_repeated_spike,SAC,50,1.0,0,0.060625,0.197,0.5,0.5,-0.1288125,-0.17504073679447174,4.172361798282509e-07,0.00030073412926867604,,,1.0,normal
455,10,scenario3_repeated_spike,SAC,50,0.0,1,0.09,0.11199999999999999,0.5,0.5,-0.10099999999999999,-0.17568790912628174,1.5713969787611859e-06,0.0004170571337454021,,,1.0,normal
456,10,scenario3_repeated_spike,SAC,50,1.0,0,0.060625,0.197,0.5,0.5,-0.1288125,-0.17544430494308472,8.08371396487928e-07,0.00036871543852612376,,,1.0,normal
457,10,scenario3_repeated_spike,SAC,50,1.9000000000000004,0,0.0611875,0.19790000000000002,0.5,0.5,-0.12954375,-0.17536580562591553,1.047611021931516e-06,0.0003579616895876825,,,1.0,normal
458,10,scenario3_repeated_spike,SAC,50,2.710000000000001,0,0.061693750000000006,0.19871000000000003,0.5,0.5,-0.13020187500000002,-0.1756870299577713,1.2034570318064652e-06,0.00031519599724560976,,,1.0,normal
459,10,scenario3_repeated_spike,SAC,50,3.439,0,0.062149375,0.199439,0.5,0.5,-0.1307941875,-0.17562811076641083,1.0284445579600288e-06,0.0003823229344561696,,,1.0,normal
460,10,scenario3_repeated_spike,SAC,50,0.0,1,0.09,0.11199999999999999,0.5,0.5,-0.10099999999999999,-0.17580972611904144,9.2545599272853e-07,0.00040199534851126373,,,1.0,normal
461,10,scenario3_repeated_spike,SAC,50,0.0,1,0.09,0.11199999999999999,0.5,0.5,-0.10099999999999999,-0.17579227685928345,5.488387273544504e-07,0.0003231504815630615,,,1.0,normal
462,10,scenario3_repeated_spike,SAC,50,1.0,0,0.060625,0.197,0.5,0.5,-0.1288125,-0.17597739398479462,7.374367214652011e-07,0.00033902909490279853,,,1.0,normal
463,10,scenario3_repeated_spike,SAC,50,1.9000000000000004,0,0.0611875,0.19790000000000002,0.5,0.5,-0.12954375,-0.17599382996559143,2.904069560827338e-06,0.0004128658038098365,,,1.0,normal
464,10,scenario3_repeated_spike,SAC,50,2.710000000000001,0,0.061693750000000006,0.19871000000000003,0.5,0.5,-0.13020187500000002,-0.17613351345062256,4.471428951546841e-07,0.0002672644332051277,,,1.0,normal
465,10,scenario3_repeated_spike,SAC,50,3.439,0,0.062149375,0.199439,0.5,0.5,-0.1307941875,-0.17657150328159332,6.377111958499881e-07,0.0003733533376362175,,,1.0,normal
466,10,scenario3_repeated_spike,SAC,50,4.0951,0,0.06255943750000001,0.20009510000000003,0.5,0.5,-0.13132726875,-0.1766795814037323,3.647913899840205e-07,0.0002882772241719067,,,1.0,normal
467,10,scenario3_repeated_spike,SAC,50,4.685590000000001,0,0.06292849375000001,0.20068559000000002,0.5,0.5,-0.13180704187500003,-0.17662957310676575,6.138130856925272e-07,0.0003702329413499683,,,1.0,normal
468,10,scenario3_repeated_spike,SAC,50,5.217031000000002,0,0.063260644375,0.201217031,0.5,0.5,-0.1322388376875,-0.1765938550233841,8.710951533430489e-07,0.00035211563226766884,,,1.0,normal
469,10,scenario3_repeated_spike,SAC,50,0.0,1,0.09,0.11199999999999999,0.5,0.5,-0.10099999999999999,-0.17666417360305786,4.552184691419825e-07,0.0002972781367134303,,,1.0,normal
470,10,scenario3_repeated_spike,SAC,50,1.0,0,0.060625,0.197,0.5,0.5,-0.1288125,-0.1771520972251892,2.9639181775564793e-06,0.0004610522591974586,,,1.0,normal
471,10,scenario3_repeated_spike,SAC,50,0.0,1,0.09,0.11199999999999999,0.5,0.5,-0.10099999999999999,-0.17705518007278442,4.441935175236722e-07,0.0003588926629163325,,,1.0,normal
472,10,scenario3_repeated_spike,SAC,50,0.0,1,0.09,0.11199999999999999,0.5,0.5,-0.10099999999999999,-0.17737220227718353,4.8016536311479285e-06,0.0005807834095321596,,,1.0,normal
473,10,scenario3_repeated_spike,SAC,50,0.0,1,0.09,0.11199999999999999,0.5,0.5,-0.10099999999999999,-0.17698736488819122,7.187576898104453e-07,0.00036073115188628435,,,1.0,normal
474,10,scenario3_repeated_spike,SAC,50,1.0,0,0.060625,0.197,0.5,0.5,-0.1288125,-0.1771967113018036,6.692495162496925e-07,0.00035600256524048746,,,1.0,normal
475,10,scenario3_repeated_spike,SAC,50,1.9000000000000004,0,0.0611875,0.19790000000000002,0.5,0.5,-0.12954375,-0.17705866694450378,7.582783609905164e-07,0.000322607607813552,,,1.0,normal
476,10,scenario3_repeated_spike,SAC,50,2.710000000000001,0,0.061693750000000006,0.19871000000000003,0.5,0.5,-0.13020187500000002,-0.17791980504989624,1.7681386452750303e-06,0.0004434569273144007,,,1.0,normal
477,10,scenario3_repeated_spike,SAC,50,3.439,0,0.062149375,0.199439,0.5,0.5,-0.1307941875,-0.17730404436588287,3.2793462878544233e-07,0.00028829037910327315,,,1.0,normal
478,10,scenario3_repeated_spike,SAC,50,0.0,1,0.09,0.11199999999999999,0.5,0.5,-0.10099999999999999,-0.1778016835451126,2.9254060791572556e-06,0.0005067080492153764,,,1.0,normal
479,10,scenario3_repeated_spike,SAC,50,1.0,0,0.060625,0.197,0.5,0.5,-0.1288125,-0.17755797505378723,9.798059181775898e-07,0.00037855972186662257,,,1.0,normal
480,10,scenario3_repeated_spike,SAC,50,1.9000000000000004,0,0.0611875,0.19790000000000002,0.5,0.5,-0.12954375,-0.1777106672525406,7.020859129625023e-07,0.0003576408780645579,,,1.0,normal
481,10,scenario3_repeated_spike,SAC,50,2.710000000000001,0,0.061693750000000006,0.19871000000000003,0.5,0.5,-0.13020187500000002,-0.1780833601951599,5.1135435796823e-07,0.00034283616696484387,,,1.0,normal
482,10,scenario3_repeated_spike,SAC,50,0.0,1,0.09,0.11199999999999999,0.5,0.5,-0.10099999999999999,-0.17798852920532227,1.1354034086252796e-06,0.0004354629199951887,,,1.0,normal
483,10,scenario3_repeated_spike,SAC,50,0.0,1,0.09,0.11199999999999999,0.5,0.5,-0.10099999999999999,-0.17813678085803986,3.2138445931195747e-06,0.0005537955439649522,,,1.0,normal
484,10,scenario3_repeated_spike,SAC,50,1.0,0,0.060625,0.197,0.5,0.5,-0.1288125,-0.17863449454307556,6.870358220112394e-07,0.0004126928688492626,,,1.0,normal
485,10,scenario3_repeated_spike,SAC,50,0.0,1,0.09,0.11199999999999999,0.5,0.5,-0.10099999999999999,-0.17849385738372803,7.373058679149835e-07,0.00038462551310658455,,,1.0,normal
486,10,scenario3_repeated_spike,SAC,50,1.0,0,0.060625,0.197,0.5,0.5,-0.1288125,-0.1786571890115738,7.188797326307395e-07,0.0004240974667482078,,,1.0,normal
487,10,scenario3_repeated_spike,SAC,50,0.0,1,0.09,0.11199999999999999,0.5,0.5,-0.10099999999999999,-0.17886313796043396,1.7562012999405852e-06,0.000502656796015799,,,1.0,normal
488,10,scenario3_repeated_spike,SAC,50,1.0,0,0.060625,0.197,0.5,0.5,-0.1288125,-0.17867432534694672,4.821415586775402e-07,0.0003938869049306959,,,1.0,normal
489,10,scenario3_repeated_spike,SAC,50,0.0,1,0.09,0.11199999999999999,0.5,0.5,-0.10099999999999999,-0.17849665880203247,2.750740804913221e-06,0.0005414259503595531,,,1.0,normal
490,10,scenario3_repeated_spike,SAC,50,1.0,0,0.060625,0.197,0.5,0.5,-0.1288125,-0.178846538066864,8.640928399472614e-07,0.00048072898061946034,,,1.0,normal
491,10,scenario3_repeated_spike,SAC,50,1.9000000000000004,0,0.0611875,0.19790000000000002,0.5,0.5,-0.12954375,-0.17879486083984375,5.298671794662368e-07,0.0003623774100560695,,,1.0,normal
492,10,scenario3_repeated_spike,SAC,50,2.710000000000001,0,0.061693750000000006,0.19871000000000003,0.5,0.5,-0.13020187500000002,-0.17936071753501892,5.195159928916837e-07,0.0003473495598882437,,,1.0,normal
493,10,scenario3_repeated_spike,SAC,50,0.0,1,0.09,0.11199999999999999,0.5,0.5,-0.10099999999999999,-0.17938169836997986,9.325335668108892e-07,0.000386072788387537,,,1.0,normal
494,10,scenario3_repeated_spike,SAC,50,0.0,1,0.09,0.11199999999999999,0.5,0.5,-0.10099999999999999,-0.179540753364563,7.25128984413459e-07,0.00034708273597061634,,,1.0,normal
495,10,scenario3_repeated_spike,SAC,50,1.0,0,0.060625,0.197,0.5,0.5,-0.1288125,-0.17955955862998962,2.9445192240018514e-07,0.000256367027759552,,,1.0,normal
496,10,scenario3_repeated_spike,SAC,50,0.0,1,0.09,0.11199999999999999,0.5,0.5,-0.10099999999999999,-0.17984628677368164,3.0930405046092346e-06,0.00048537313705310225,,,1.0,normal
497,10,scenario3_repeated_spike,SAC,50,1.0,0,0.060625,0.197,0.5,0.5,-0.1288125,-0.17961524426937103,2.3619286082521285e-07,0.00020409104763530195,,,1.0,normal
498,10,scenario3_repeated_spike,SAC,50,0.0,1,0.09,0.11199999999999999,0.5,0.5,-0.10099999999999999,-0.17981630563735962,5.456386702462623e-07,0.00026438740314915776,,,1.0,normal
499,10,scenario3_repeated_spike,SAC,50,1.0,0,0.060625,0.197,0.5,0.5,-0.1288125,-0.18018949031829834,5.614720066660084e-07,0.0003548713284544647,,,1.0,normal
500,10,scenario3_repeated_spike,SAC,150,19.9,0,0.0924375,0.44789999999999996,0.5,0.5,-0.27016874999999996,-0.1798611432313919,0.0005101421847939491,0.002342388266697526,,,1.0,spike
501,10,scenario3_repeated_spike,SAC,150,30.909999999999997,1,0.12124000000000001,0.21699200000000002,0.5,0.5,-0.16911600000000002,-0.177973210811615,0.0006620394997298717,0.0036161979660391808,,,1.0,spike
502,10,scenario3_repeated_spike,SAC,150,46.819,0,0.10926187500000001,0.474819,0.5,0.5,-0.29204043749999997,-0.17237162590026855,0.0014386900002136827,0.0051960935816168785,,,1.0,spike
503,10,scenario3_repeated_spike,SAC,150,55.137100000000004,1,0.13004985454545456,0.22403988363636368,0.5,0.5,-0.1770448690909091,-0.1695811003446579,0.0001426618837285787,0.006216090172529221,,,1.0,spike
504,10,scenario3_repeated_spike,SAC,150,68.62339,0,0.12288961875,0.49662339,0.5,0.5,-0.309756504375,-0.16840696334838867,0.0008038548985496163,0.011131210252642632,,,1.0,spike
505,10,scenario3_repeated_spike,SAC,150,74.76105100000001,1,0.13718583672727275,0.2297486693818182,0.5,0.5,-0.18346725305454548,-0.17039400339126587,0.0003295639471616596,0.0074953120201826096,,,1.0,spike
506,10,scenario3_repeated_spike,SAC,150,80.28494590000001,1,0.13919452578181818,0.23135562062545456,0.5,0.5,-0.18527507320363637,-0.17250186204910278,0.0014421044616028666,0.010641157627105713,,,1.0,spike
507,10,scenario3_repeated_spike,SAC,150,85.25645131000002,1,0.1410023459309091,0.2328018767447273,0.5,0.5,-0.1869021113378182,-0.17249833047389984,0.0010908825788646936,0.010145368054509163,,,1.0,spike
508,10,scenario3_repeated_spike,SAC,150,89.73080617900001,1,0.14262938406509093,0.23410350725207274,0.5,0.5,-0.18836644565858185,-0.17723853886127472,0.0003225884574931115,0.006784525699913502,,,1.0,spike
509,10,scenario3_repeated_spike,SAC,150,93.75772556110002,1,0.14409371838585455,0.23527497470868364,0.5,0.5,-0.1896843465472691,-0.17762860655784607,0.01397587638348341,0.017577603459358215,,,1.0,spike
510,10,scenario3_repeated_spike,SAC,150,97.38195300499002,1,0.14541161927454183,0.2363292954196335,0.5,0.5,-0.19087045734708766,-0.18971028923988342,0.011941205710172653,0.014669671654701233,,,1.0,spike
511,10,scenario3_repeated_spike,SAC,150,100.64375770449102,1,0.14659773007436036,0.2372781840594883,0.5,0.5,-0.19193795706692435,-0.17493540048599243,0.004139465745538473,0.014515776187181473,,,1.0,spike
512,10,scenario3_repeated_spike,SAC,150,103.57938193404192,1,0.14766522979419708,0.23813218383535767,0.5,0.5,-0.1928987068147774,-0.1702486276626587,0.006043400149792433,0.013078425079584122,,,1.0,spike
513,10,scenario3_repeated_spike,SAC,150,106.22144374063772,1,0.1486259795420501,0.2389007836336401,0.5,0.5,-0.1937633815878451,-0.1657639890909195,0.008822466246783733,0.017730163410305977,,,1.0,spike
514,10,scenario3_repeated_spike,SAC,150,108.59929936657396,1,0.1494906543151178,0.23959252345209425,0.5,0.5,-0.194541588883606,-0.1738756000995636,0.0052614351734519005,0.012445737607777119,,,1.0,spike
515,10,scenario3_repeated_spike,SAC,150,110.73936942991656,1,0.15026886161087874,0.240215089288703,0.5,0.5,-0.19524197544979088,-0.17367693781852722,0.0028577717021107674,0.01061441469937563,,,1.0,spike
516,10,scenario3_repeated_spike,SAC,150,112.66543248692491,1,0.15096924817706361,0.24077539854165092,0.5,0.5,-0.19587232335935728,-0.18681471049785614,0.00476551428437233,0.013974828645586967,,,1.0,spike
517,10,scenario3_repeated_spike,SAC,150,114.39888923823241,1,0.15159959608662998,0.24127967686930402,0.5,0.5,-0.196439636477967,-0.19379949569702148,0.013888218440115452,0.022004367783665657,,,1.0,spike
518,10,scenario3_repeated_spike,SAC,150,115.9590003144092,1,0.1521669092052397,0.2417335273641918,0.5,0.5,-0.19695021828471576,-0.18536430597305298,0.016028864309191704,0.026394519954919815,,,1.0,spike
519,10,scenario3_repeated_spike,SAC,150,117.36310028296828,1,0.15267749101198846,0.24214199280959078,0.5,0.5,-0.19740974191078964,-0.17466282844543457,0.001888619503006339,0.007999937050044537,,,1.0,spike
520,10,scenario3_repeated_spike,SAC,150,118.62679025467145,1,0.15313701463806234,0.24250961171044988,0.5,0.5,-0.1978233131742561,-0.1663251668214798,0.003040930489078164,0.011249752715229988,,,1.0,spike
521,10,scenario3_repeated_spike,SAC,150,119.7641112292043,1,0.15355058590152884,0.24284046872122309,0.5,0.5,-0.19819552731137596,-0.15551432967185974,0.017504505813121796,0.03247557953000069,,,1.0,spike
522,10,scenario3_repeated_spike,SAC,150,120.78770010628386,1,0.1539228000386487,0.24313824003091897,0.5,0.5,-0.19853052003478383,-0.1781364381313324,0.0032078626099973917,0.011296280659735203,,,1.0,spike
523,10,scenario3_repeated_spike,SAC,150,121.70893009565549,1,0.15425779276205653,0.24340623420964524,0.5,0.5,-0.1988320134858509,-0.18888108432292938,0.002368879271671176,0.011530671268701553,,,1.0,spike
524,10,scenario3_repeated_spike,SAC,150,122.53803708608996,1,0.15455928621312362,0.2436474289704989,0.5,0.5,-0.19910335759181125,-0.1872692108154297,0.006188917439430952,0.01705152541399002,,,1.0,spike
525,10,scenario3_repeated_spike,SAC,150,123.28423337748097,1,0.154830630319084,0.24386450425526723,0.5,0.5,-0.19934756728717562,-0.17481446266174316,0.006296459585428238,0.016490532085299492,,,1.0,spike
526,10,scenario3_repeated_spike,SAC,150,123.95581003973288,1,0.15507484001444832,0.24405987201155865,0.5,0.5,-0.1995673560130035,-0.173243448138237,0.0036579156294465065,0.016682693734765053,,,1.0,spike
527,10,scenario3_repeated_spike,SAC,150,124.56022903575959,1,0.15529462874027622,0.24423570299222097,0.5,0.5,-0.1997651658662486,-0.1777488738298416,0.0023706823121756315,0.013199940323829651,,,1.0,spike
528,10,scenario3_repeated_spike,SAC,150,125.10420613218363,1,0.15549243859352133,0.24439395087481708,0.5,0.5,-0.19994319473416922,-0.1817435622215271,0.0003351388731971383,0.006885419599711895,,,1.0,spike
529,10,scenario3_repeated_spike,SAC,150,125.59378551896526,1,0.15567046746144192,0.24453637396915356,0.5,0.5,-0.20010342071529774,-0.19477464258670807,0.002233695238828659,0.014073969796299934,,,1.0,spike
530,10,scenario3_repeated_spike,SAC,150,126.03440696706872,1,0.15583069344257044,0.24466455475405635,0.5,0.5,-0.2002476240983134,-0.18200260400772095,0.0027645237278193235,0.01282696146517992,,,1.0,spike
531,10,scenario3_repeated_spike,SAC,150,126.43096627036186,1,0.15597489682558613,0.2447799174604689,0.5,0.5,-0.20037740714302751,-0.18852747976779938,0.0014299075119197369,0.011964211240410805,,,1.0,spike
532,10,scenario3_repeated_spike,SAC,150,126.78786964332568,1,0.15610467987030024,0.2448837438962402,0.5,0.5,-0.2004942118832702,-0.1824314296245575,0.0003760441322810948,0.00755615159869194,,,1.0,spike
533,10,scenario3_repeated_spike,SAC,150,133.1090826789931,0,0.16319317667437072,0.5611090826789932,0.5,0.5,-0.36215112967668195,-0.16829334199428558,0.02512267604470253,0.02523425593972206,,,1.0,spike
534,10,scenario3_repeated_spike,SAC,150,138.79817441109378,0,0.16674885900693362,0.5667981744110938,0.5,0.5,-0.3667735167090137,-0.08523240685462952,0.01040390133857727,0.025314411148428917,,,1.0,spike
535,10,scenario3_repeated_spike,SAC,150,143.91835696998442,0,0.16994897310624027,0.5719183569699844,0.5,0.5,-0.3709336650381123,-0.11595701426267624,0.004380371421575546,0.017202261835336685,,,1.0,spike
536,10,scenario3_repeated_spike,SAC,150,148.52652127298597,0,0.17282907579561624,0.576526521272986,0.5,0.5,-0.3746777985343011,-0.10753095149993896,0.016211532056331635,0.031332921236753464,,,1.0,spike
537,10,scenario3_repeated_spike,SAC,150,152.67386914568738,0,0.17542116821605463,0.5806738691456874,0.5,0.5,-0.37804751868087105,-0.09959663450717926,0.01594838872551918,0.026974931359291077,,,1.0,spike
538,10,scenario3_repeated_spike,SAC,150,156.40648223111864,0,0.17775405139444916,0.5844064822311187,0.5,0.5,-0.38108026681278395,-0.12041126191616058,0.017222126945853233,0.027734501287341118,,,1.0,spike
539,10,scenario3_repeated_spike,SAC,150,159.76583400800678,0,0.17985364625500425,0.5877658340080067,0.5,0.5,-0.3838097401315055,-0.16183334589004517,0.004746601451188326,0.01931345835328102,,,1.0,spike
540,10,scenario3_repeated_spike,SAC,150,162.7892506072061,0,0.18174328162950382,0.5907892506072061,0.5,0.5,-0.38626626611835496,-0.17542114853858948,0.017422469332814217,0.024790652096271515,,,1.0,spike
541,10,scenario3_repeated_spike,SAC,150,165.5103255464855,0,0.18344395346655346,0.5935103255464855,0.5,0.5,-0.3884771395065195,-0.1454174965620041,0.015742424875497818,0.02493380755186081,,,1.0,spike
542,10,scenario3_repeated_spike,SAC,150,167.95929299183695,0,0.1849745581198981,0.5959592929918369,0.5,0.5,-0.3904669255558675,-0.1500791311264038,0.005114348139613867,0.013214622624218464,,,1.0,spike
543,10,scenario3_repeated_spike,SAC,150,170.16336369265326,0,0.1863521023079083,0.5981633636926533,0.5,0.5,-0.39225773300028083,-0.14036184549331665,0.001787293702363968,0.010969655588269234,,,1.0,spike
544,10,scenario3_repeated_spike,SAC,150,172.14702732338793,0,0.18759189207711746,0.600147027323388,0.5,0.5,-0.3938694597002527,-0.06909467279911041,0.016188517212867737,0.025412797927856445,,,1.0,spike
545,10,scenario3_repeated_spike,SAC,150,173.93232459104914,0,0.18870770286940575,0.6019323245910493,0.5,0.5,-0.3953200137302275,0.0018129246309399605,0.0008051635813899338,0.013437549583613873,,,1.0,spike
546,10,scenario3_repeated_spike,SAC,150,175.53909213194422,0,0.18971193258246516,0.6035390921319443,0.5,0.5,-0.3966255123572048,0.03250431269407272,0.07289530336856842,0.06274893879890442,,,1.0,spike
547,10,scenario3_repeated_spike,SAC,150,176.98518291874979,0,0.19061573932421863,0.6049851829187498,0.5,0.5,-0.3978004611214842,-0.1362248957157135,0.012634421698749065,0.01852317340672016,,,1.0,spike
548,10,scenario3_repeated_spike,SAC,150,178.28666462687482,0,0.19142916539179677,0.6062866646268749,0.5,0.5,-0.3988579150093358,-0.13377834856510162,0.020794980227947235,0.03490336984395981,,,1.0,spike
549,10,scenario3_repeated_spike,SAC,150,179.45799816418736,0,0.1921612488526171,0.6074579981641874,0.5,0.5,-0.39980962350840227,-0.12646746635437012,0.0067671677097678185,0.02257397025823593,,,1.0,spike
550,10,scenario3_repeated_spike,SAC,150,180.51219834776862,0,0.1928201239673554,0.6085121983477686,0.5,0.5,-0.400666161157562,-0.13336412608623505,0.006687147077172995,0.013152492232620716,,,1.0,spike
551,10,scenario3_repeated_spike,SAC,150,181.46097851299177,0,0.19341311157061988,0.6094609785129919,0.5,0.5,-0.4014370450418059,-0.11625535786151886,0.02340128645300865,0.030338551849126816,,,1.0,spike
552,10,scenario3_repeated_spike,SAC,150,182.3148806616926,0,0.19394680041355788,0.6103148806616927,0.5,0.5,-0.40213084053762527,-0.11442870646715164,0.011327221058309078,0.026649417355656624,,,1.0,spike
553,10,scenario3_repeated_spike,SAC,150,183.08339259552335,0,0.1944271203722021,0.6110833925955235,0.5,0.5,-0.4027552564838628,-0.11058571934700012,0.003640000242739916,0.014616018161177635,,,1.0,spike
554,10,scenario3_repeated_spike,SAC,150,183.77505333597102,0,0.19485940833498192,0.6117750533359712,0.5,0.5,-0.40331723083547655,-0.1067352294921875,0.00048546865582466125,0.007344185374677181,,,1.0,spike
555,10,scenario3_repeated_spike,SAC,150,184.39754800237392,0,0.19524846750148372,0.612397548002374,0.5,0.5,-0.40382300775192886,-0.13632409274578094,0.017644286155700684,0.020055949687957764,,,1.0,spike
556,10,scenario3_repeated_spike,SAC,150,184.95779320213654,0,0.19559862075133536,0.6129577932021366,0.5,0.5,-0.404278206976736,-0.09066137671470642,0.12522970139980316,0.0672573372721672,,,1.0,spike
557,10,scenario3_repeated_spike,SAC,150,179.4620138819229,1,0.17525891413888103,0.26020713131110484,0.5,0.5,-0.21773302272499295,-0.17499926686286926,0.0034301416017115116,0.011929236352443695,,,1.0,spike
558,10,scenario3_repeated_spike,SAC,150,174.5158124937306,1,0.17346029545226568,0.25876823636181256,0.5,0.5,-0.21611426590703914,-0.1843990832567215,0.0002564256137702614,0.005239363294094801,,,1.0,spike
559,10,scenario3_repeated_spike,SAC,150,170.06423124435756,1,0.17184153863431184,0.2574732309074495,0.5,0.5,-0.21465738477088067,-0.18994952738285065,0.018946563825011253,0.029811004176735878,,,1.0,spike
560,10,scenario3_repeated_spike,SAC,150,166.05780811992182,1,0.17038465749815337,0.2563077259985227,0.5,0.5,-0.21334619174833802,-0.1815246194601059,0.026461109519004822,0.028292182832956314,,,1.0,spike
561,10,scenario3_repeated_spike,SAC,150,162.45202730792963,1,0.16907346447561078,0.25525877158048865,0.5,0.5,-0.21216611802804972,-0.16690538823604584,0.05846235901117325,0.053493842482566833,,,1.0,spike
562,10,scenario3_repeated_spike,SAC,150,159.20682457713667,1,0.16789339075532245,0.254314712604258,0.5,0.5,-0.2111040516797902,-0.16542106866836548,0.03626389428973198,0.04291056841611862,,,1.0,spike
563,10,scenario3_repeated_spike,SAC,150,156.286142119423,1,0.16683132440706291,0.25346505952565035,0.5,0.5,-0.21014819196635665,-0.17974147200584412,0.023630470037460327,0.03129235655069351,,,1.0,spike
564,10,scenario3_repeated_spike,SAC,150,153.6575279074807,1,0.16587546469362935,0.2527003717549035,0.5,0.5,-0.20928791822426643,-0.1617978811264038,0.013400972820818424,0.018436826765537262,,,1.0,spike
565,10,scenario3_repeated_spike,SAC,150,151.29177511673262,1,0.16501519095153913,0.25201215276123135,0.5,0.5,-0.20851367185638525,-0.11949430406093597,0.023028628900647163,0.03552788496017456,,,1.0,spike
566,10,scenario3_repeated_spike,SAC,150,149.16259760505937,1,0.16424094458365793,0.25139275566692637,0.5,0.5,-0.20781685012529216,-0.09878696501255035,0.010526199825108051,0.02177022024989128,,,1.0,spike
567,10,scenario3_repeated_spike,SAC,150,147.24633784455344,1,0.16354412285256487,0.2508352982820519,0.5,0.5,-0.2071897105673084,-0.08948872238397598,0.04026574641466141,0.04770113155245781,,,1.0,spike
568,10,scenario3_repeated_spike,SAC,150,145.5217040600981,1,0.16291698329458115,0.25033358663566496,0.5,0.5,-0.20662528496512306,-0.1263972520828247,0.047671977430582047,0.04064822942018509,,,1.0,spike
569,10,scenario3_repeated_spike,SAC,150,143.9695336540883,1,0.16235255769239576,0.24988204615391663,0.5,0.5,-0.2061173019231562,-0.1473555862903595,0.038035787642002106,0.037538640201091766,,,1.0,spike
570,10,scenario3_repeated_spike,SAC,150,142.5725802886795,1,0.1618445746504289,0.24947565972034313,0.5,0.5,-0.20566011718538602,-0.1897978037595749,0.015563670545816422,0.02663183957338333,,,1.0,spike
571,10,scenario3_repeated_spike,SAC,150,141.31532225981155,1,0.16138738991265875,0.249109911930127,0.5,0.5,-0.20524865092139288,-0.20980983972549438,0.0074641648679971695,0.021312277764081955,,,1.0,spike
572,10,scenario3_repeated_spike,SAC,150,140.1837900338304,1,0.16097592364866561,0.2487807389189325,0.5,0.5,-0.20487833128379906,-0.18709160387516022,0.012754141353070736,0.028414182364940643,,,1.0,spike
573,10,scenario3_repeated_spike,SAC,150,139.1654110304474,1,0.1606056040110718,0.24848448320885747,0.5,0.5,-0.20454504360996462,-0.13771440088748932,0.037615276873111725,0.05265229940414429,,,1.0,spike
574,10,scenario3_repeated_spike,SAC,150,138.24886992740267,1,0.16027231633723735,0.24821785306978988,0.5,0.5,-0.2042450847035136,-0.12987874448299408,0.05005887895822525,0.05338744819164276,,,1.0,spike
575,10,scenario3_repeated_spike,SAC,150,137.4239829346624,1,0.15997235743078633,0.2479778859446291,0.5,0.5,-0.2039751216877077,-0.15412163734436035,0.02546510100364685,0.03663881495594978,,,1.0,spike
576,10,scenario3_repeated_spike,SAC,150,136.68158464119617,1,0.15970239441498044,0.24776191553198434,0.5,0.5,-0.2037321549734824,-0.16139383614063263,0.003538291435688734,0.012902244925498962,,,1.0,spike
577,10,scenario3_repeated_spike,SAC,150,136.01342617707655,1,0.1594594277007551,0.24756754216060411,0.5,0.5,-0.2035134849306796,-0.16355285048484802,0.002895995508879423,0.012881394475698471,,,1.0,spike
578,10,scenario3_repeated_spike,SAC,150,135.4120835593689,1,0.15924075765795234,0.24739260612636188,0.5,0.5,-0.20331668189215713,-0.17174912989139557,0.0029659420251846313,0.01519048772752285,,,1.0,spike
579,10,scenario3_repeated_spike,SAC,150,134.87087520343204,1,0.15904395461942983,0.24723516369554388,0.5,0.5,-0.20313955915748685,-0.16752488911151886,0.008673744276165962,0.016135377809405327,,,1.0,spike
580,10,scenario3_repeated_spike,SAC,150,134.38378768308883,1,0.15886683188475956,0.24709346550780764,0.5,0.5,-0.2029801486962836,-0.161215141415596,0.01869584433734417,0.030649486929178238,,,1.0,spike
581,10,scenario3_repeated_spike,SAC,150,133.94540891477993,1,0.15870742142355634,0.24696593713884507,0.5,0.5,-0.2028366792812007,-0.18202105164527893,0.010949773713946342,0.02773307077586651,,,1.0,spike
582,10,scenario3_repeated_spike,SAC,150,133.55086802330194,1,0.15856395200847342,0.24685116160677878,0.5,0.5,-0.2027075568076261,-0.1778528243303299,0.005475631915032864,0.017155608162283897,,,1.0,spike
583,10,scenario3_repeated_spike,SAC,150,133.19578122097175,1,0.15843482953489882,0.24674786362791906,0.5,0.5,-0.20259134658140893,-0.1370507776737213,0.001810546382330358,0.009521830826997757,,,1.0,spike
584,10,scenario3_repeated_spike,SAC,150,132.87620309887458,1,0.15831861930868166,0.24665489544694535,0.5,0.5,-0.20248675737781352,-0.13703139126300812,0.0058274706825613976,0.021217919886112213,,,1.0,spike
585,10,scenario3_repeated_spike,SAC,150,132.58858278898714,1,0.15821403010508625,0.246571224084069,0.5,0.5,-0.20239262709457762,-0.14363662898540497,0.010378696024417877,0.02951839193701744,,,1.0,spike
586,10,scenario3_repeated_spike,SAC,150,132.32972451008843,1,0.15811989982185032,0.24649591985748026,0.5,0.5,-0.2023079098396653,-0.18324334919452667,0.00330312829464674,0.014995312318205833,,,1.0,spike
587,10,scenario3_repeated_spike,SAC,150,132.0967520590796,1,0.15803518256693802,0.24642814605355046,0.5,0.5,-0.20223166431024425,-0.17341724038124084,0.005284253507852554,0.018926765769720078,,,1.0,spike
588,10,scenario3_repeated_spike,SAC,150,131.88707685317164,1,0.15795893703751696,0.2463671496300136,0.5,0.5,-0.20216304333376528,-0.17761363089084625,0.0023913972545415163,0.009922374039888382,,,1.0,spike
589,10,scenario3_repeated_spike,SAC,150,131.69836916785448,1,0.157890316061038,0.2463122528488304,0.5,0.5,-0.2021012844549342,-0.1666184514760971,0.006063912063837051,0.021132994443178177,,,1.0,spike
590,10,scenario3_repeated_spike,SAC,150,131.52853225106904,1,0.15782855718220692,0.24626284574576557,0.5,0.5,-0.20204570146398626,-0.1576627492904663,0.008645567111670971,0.023752383887767792,,,1.0,spike
591,10,scenario3_repeated_spike,SAC,150,131.37567902596214,1,0.15777297419125896,0.24621837935300717,0.5,0.5,-0.20199567677213306,-0.15038074553012848,0.0036661685444414616,0.012299392372369766,,,1.0,spike
592,10,scenario3_repeated_spike,SAC,150,131.2381111233659,1,0.1577229494994058,0.24617835959952467,0.5,0.5,-0.20195065454946523,-0.1636064052581787,0.0047799451276659966,0.01630854234099388,,,1.0,spike
593,10,scenario3_repeated_spike,SAC,150,131.11430001102934,1,0.15767792727673793,0.2461423418213904,0.5,0.5,-0.20191013454906415,-0.16702678799629211,0.0045381393283605576,0.01960955560207367,,,1.0,spike
594,10,scenario3_repeated_spike,SAC,150,131.00287000992643,1,0.15763740727633688,0.2461099258210695,0.5,0.5,-0.2018736665487032,-0.16741037368774414,0.007608677726238966,0.018861103802919388,,,1.0,spike
595,10,scenario3_repeated_spike,SAC,150,130.9025830089338,1,0.1576009392759759,0.24608075142078073,0.5,0.5,-0.20184084534837832,-0.17106406390666962,0.010848259553313255,0.027491169050335884,,,1.0,spike
596,10,scenario3_repeated_spike,SAC,150,130.81232470804042,1,0.15756811807565108,0.24605449446052086,0.5,0.5,-0.20181130626808597,-0.1758764386177063,0.0028540813364088535,0.010506120510399342,,,1.0,spike
597,10,scenario3_repeated_spike,SAC,150,130.7310922372364,1,0.1575385789953587,0.24603086319628698,0.5,0.5,-0.20178472109582285,-0.14135389029979706,0.004462674260139465,0.012484501115977764,,,1.0,spike
598,10,scenario3_repeated_spike,SAC,150,130.65798301351276,1,0.15751199382309555,0.24600959505847647,0.5,0.5,-0.201760794440786,-0.1424708068370819,0.004941832739859819,0.017892345786094666,,,1.0,spike
599,10,scenario3_repeated_spike,SAC,150,130.5921847121615,1,0.15748806716805874,0.245990453734447,0.5,0.5,-0.20173926045125287,-0.1568973958492279,0.006295943632721901,0.018728766590356827,,,1.0,spike
600,10,scenario3_repeated_spike,SAC,150,130.53296624094537,1,0.1574665331785256,0.2459732265428205,0.5,0.5,-0.20171987986067305,-0.1818980574607849,0.005347792990505695,0.01987326145172119,,,1.0,spike
601,10,scenario3_repeated_spike,SAC,150,130.47966961685086,1,0.15744715258794575,0.2459577220703566,0.5,0.5,-0.20170243732915116,-0.17153015732765198,0.003135768696665764,0.014208784326910973,,,1.0,spike
602,10,scenario3_repeated_spike,SAC,150,130.4317026551658,1,0.15742971005642392,0.24594376804513918,0.5,0.5,-0.20168673905078155,-0.1574518233537674,0.002519977046176791,0.012132253497838974,,,1.0,spike
603,10,scenario3_repeated_spike,SAC,150,130.3885323896492,1,0.15741401177805425,0.2459312094224434,0.5,0.5,-0.20167261060024883,-0.14223340153694153,0.004943420644849539,0.022428371012210846,,,1.0,spike
604,10,scenario3_repeated_spike,SAC,150,130.3496791506843,1,0.15739988332752156,0.24591990666201724,0.5,0.5,-0.20165989499476938,-0.15676328539848328,0.003523546736687422,0.01584940031170845,,,1.0,spike
605,10,scenario3_repeated_spike,SAC,150,130.31471123561587,1,0.15738716772204214,0.24590973417763373,0.5,0.5,-0.20164845094983794,-0.15926593542099,0.0034163454547524452,0.014177793636918068,,,1.0,spike
606,10,scenario3_repeated_spike,SAC,150,130.28324011205427,1,0.15737572367711064,0.24590057894168854,0.5,0.5,-0.2016381513093996,-0.16907866299152374,0.010646522045135498,0.03822535276412964,,,1.0,spike
607,10,scenario3_repeated_spike,SAC,150,130.25491610084885,1,0.1573654240366723,0.24589233922933784,0.5,0.5,-0.20162888163300507,-0.19752845168113708,0.014825132675468922,0.040200650691986084,,,1.0,spike
608,10,scenario3_repeated_spike,SAC,150,130.22942449076396,1,0.1573561543602778,0.24588492348822227,0.5,0.5,-0.20162053892425003,-0.1639854460954666,0.015594230964779854,0.046747129410505295,,,1.0,spike
609,10,scenario3_repeated_spike,SAC,150,130.20648204168756,1,0.15734781165152276,0.2458782493212182,0.5,0.5,-0.20161303048637047,-0.15501846373081207,0.002165895886719227,0.011258856393396854,,,1.0,spike
610,10,scenario3_repeated_spike,SAC,150,130.18583383751883,1,0.1573403032136432,0.24587224257091456,0.5,0.5,-0.2016062728922789,-0.15430599451065063,0.003408530494198203,0.013159877620637417,,,1.0,spike
611,10,scenario3_repeated_spike,SAC,150,130.16725045376694,1,0.15733354561955162,0.24586683649564134,0.5,0.5,-0.20160019105759647,-0.13940444588661194,0.011828051880002022,0.02987229824066162,,,1.0,spike
612,10,scenario3_repeated_spike,SAC,150,130.15052540839025,1,0.1573274637848692,0.24586197102789537,0.5,0.5,-0.2015947174063823,-0.15816281735897064,0.012660706415772438,0.03239024430513382,,,1.0,spike
613,10,scenario3_repeated_spike,SAC,150,130.13547286755124,1,0.157321990133655,0.24585759210692404,0.5,0.5,-0.20158979112028952,-0.15072272717952728,0.013204840943217278,0.024462338536977768,,,1.0,spike
614,10,scenario3_repeated_spike,SAC,150,130.12192558079613,1,0.15731706384756222,0.2458536510780498,0.5,0.5,-0.201585357462806,-0.13931475579738617,0.01430616993457079,0.036423493176698685,,,1.0,spike
615,10,scenario3_repeated_spike,SAC,150,130.1097330227165,1,0.15731263019007874,0.245850104152063,0.5,0.5,-0.20158136717107086,-0.16011105477809906,0.00910416804254055,0.02715633437037468,,,1.0,spike
616,10,scenario3_repeated_spike,SAC,150,130.09875972044486,1,0.1573086398983436,0.24584691191867492,0.5,0.5,-0.20157777590850925,-0.17049333453178406,0.00660717161372304,0.021665748208761215,,,1.0,spike
617,10,scenario3_repeated_spike,SAC,150,130.08888374840038,1,0.15730504863578196,0.2458440389086256,0.5,0.5,-0.2015745437722038,-0.11909808963537216,0.014021026901900768,0.03537498787045479,,,1.0,spike
618,10,scenario3_repeated_spike,SAC,150,130.07999537356034,1,0.1573018164994765,0.24584145319958123,0.5,0.5,-0.20157163484952886,-0.14227412641048431,0.00679422402754426,0.026222961023449898,,,1.0,spike
619,10,scenario3_repeated_spike,SAC,150,130.0719958362043,1,0.15729890757680157,0.24583912606144126,0.5,0.5,-0.20156901681912143,-0.1499253660440445,0.004245659802109003,0.016344022005796432,,,1.0,spike
620,10,scenario3_repeated_spike,SAC,150,130.06479625258388,1,0.15729628954639413,0.24583703163711534,0.5,0.5,-0.20156666059175474,-0.17351117730140686,0.002736803609877825,0.012841328978538513,,,1.0,spike
621,10,scenario3_repeated_spike,SAC,150,130.0583166273255,1,0.15729393331902747,0.245835146655222,0.5,0.5,-0.20156453998712473,-0.178871288895607,0.006683411076664925,0.02104700170457363,,,1.0,spike
622,10,scenario3_repeated_spike,SAC,150,130.05248496459296,1,0.15729181271439743,0.24583345017151798,0.5,0.5,-0.20156263144295772,-0.1521349996328354,0.005183380097150803,0.02554025687277317,,,1.0,spike
623,10,scenario3_repeated_spike,SAC,150,130.0472364681337,1,0.15728990417023045,0.24583192333618437,0.5,0.5,-0.2015609137532074,-0.1452396810054779,0.0008991727372631431,0.010320767760276794,,,1.0,spike
624,10,scenario3_repeated_spike,SAC,150,130.04251282132032,1,0.15728818648048012,0.24583054918438413,0.5,0.5,-0.2015593678324321,-0.1534193605184555,0.0017881167586892843,0.012919444590806961,,,1.0,spike
625,10,scenario3_repeated_spike,SAC,150,130.03826153918828,1,0.15728664055970484,0.2458293124477639,0.5,0.5,-0.20155797650373436,-0.16501468420028687,0.0033701215870678425,0.018219176679849625,,,1.0,spike
626,10,scenario3_repeated_spike,SAC,150,130.03443538526946,1,0.15728524923100706,0.24582819938480566,0.5,0.5,-0.20155672430790636,-0.1316683143377304,0.0023747470695525408,0.01548905111849308,,,1.0,spike
627,10,scenario3_repeated_spike,SAC,150,130.03099184674252,1,0.15728399703517912,0.2458271976281433,0.5,0.5,-0.20155559733166123,-0.14518220722675323,0.0021287675481289625,0.014243564568459988,,,1.0,spike
628,10,scenario3_repeated_spike,SAC,150,130.02789266206827,1,0.15728287005893393,0.24582629604714717,0.5,0.5,-0.20155458305304055,-0.15288764238357544,0.0033318325877189636,0.016645660623908043,,,1.0,spike
629,10,scenario3_repeated_spike,SAC,150,130.02510339586144,1,0.15728185578031326,0.24582548462425063,0.5,0.5,-0.20155367020228193,-0.1688292920589447,0.0004112213500775397,0.006470260675996542,,,1.0,spike
630,10,scenario3_repeated_spike,SAC,150,130.0225930562753,1,0.15728094292955466,0.24582475434364376,0.5,0.5,-0.20155284863659922,-0.16928133368492126,0.005034810863435268,0.018931731581687927,,,1.0,spike
631,10,scenario3_repeated_spike,SAC,150,130.02033375064775,1,0.1572801213638719,0.24582409709109754,0.5,0.5,-0.20155210922748473,-0.1609276384115219,0.007808908820152283,0.02268550917506218,,,1.0,spike
632,10,scenario3_repeated_spike,SAC,150,130.01830037558298,1,0.15727938195475744,0.24582350556380594,0.5,0.5,-0.2015514437592817,-0.1564050167798996,0.0048814150504767895,0.020575035363435745,,,1.0,spike
633,10,scenario3_repeated_spike,SAC,150,130.0164703380247,1,0.15727871648655445,0.24582297318924357,0.5,0.5,-0.201550844837899,-0.1448144018650055,0.00027498870622366667,0.006443222053349018,,,1.0,spike
634,10,scenario3_repeated_spike,SAC,150,130.01482330422223,1,0.15727811756517174,0.2458224940521374,0.5,0.5,-0.20155030580865457,-0.13912269473075867,0.001838849624618888,0.015514250844717026,,,1.0,spike
635,10,scenario3_repeated_spike,SAC,150,130.0133409738,1,0.15727757853592728,0.24582206282874186,0.5,0.5,-0.20154982068233457,-0.1672617793083191,0.0018307619029656053,0.011418800801038742,,,1.0,spike
636,10,scenario3_repeated_spike,SAC,150,130.01200687642,1,0.15727709340960727,0.24582167472768585,0.5,0.5,-0.20154938406864656,-0.14878825843334198,0.0007636435329914093,0.009278155863285065,,,1.0,spike
637,10,scenario3_repeated_spike,SAC,150,130.01080618877802,1,0.1572766567959193,0.24582132543673546,0.5,0.5,-0.20154899111632738,-0.14067307114601135,0.003303130390122533,0.02344105765223503,,,1.0,spike
638,10,scenario3_repeated_spike,SAC,150,130.00972556990024,1,0.15727626384360008,0.24582101107488008,0.5,0.5,-0.20154863745924007,-0.17602647840976715,0.0009687651181593537,0.010168398730456829,,,1.0,spike
639,10,scenario3_repeated_spike,SAC,150,136.00875301291023,0,0.16500547063306892,0.5640087530129103,0.5,0.5,-0.3645071118229896,-0.18620625138282776,0.0014320694608613849,0.009314543567597866,,,1.0,spike
640,10,scenario3_repeated_spike,SAC,150,135.40787771161922,1,0.15923922825877065,0.24739138260701654,0.5,0.5,-0.2033153054328936,-0.1686255931854248,0.0071053700521588326,0.0247745793312788,,,1.0,spike
641,10,scenario3_repeated_spike,SAC,150,134.8670899404573,1,0.1590425781601663,0.24723406252813307,0.5,0.5,-0.2031383203441497,-0.12506495416164398,0.006728321313858032,0.02886364609003067,,,1.0,spike
642,10,scenario3_repeated_spike,SAC,150,134.38038094641158,1,0.1588655930714224,0.24709247445713794,0.5,0.5,-0.20297903376428017,-0.136163592338562,0.001776535646058619,0.013438000343739986,,,1.0,spike
643,10,scenario3_repeated_spike,SAC,150,139.94234285177043,0,0.16746396428235655,0.5679423428517705,0.5,0.5,-0.3677031535670635,-0.12001780420541763,0.01176296267658472,0.03686904534697533,,,1.0,spike
644,10,scenario3_repeated_spike,SAC,150,138.9481085665934,1,0.16052658493330668,0.24842126794664537,0.5,0.5,-0.20447392643997603,-0.15324488282203674,0.012804344296455383,0.037621524184942245,,,1.0,spike
645,10,scenario3_repeated_spike,SAC,150,138.05329770993404,1,0.16020119916724873,0.248160959333799,0.5,0.5,-0.20418107925052387,-0.19181318581104279,0.0031806952320039272,0.015261278487741947,,,1.0,spike
646,10,scenario3_repeated_spike,SAC,150,143.24796793894063,0,0.1695299799618379,0.5712479679389406,0.5,0.5,-0.3703889739503893,-0.1761329025030136,0.007921915501356125,0.032994166016578674,,,1.0,spike
647,10,scenario3_repeated_spike,SAC,150,147.92317114504658,0,0.17245198196565414,0.5759231711450467,0.5,0.5,-0.3741875765553504,-0.14221665263175964,0.011863608844578266,0.03196484595537186,,,1.0,spike
648,10,scenario3_repeated_spike,SAC,150,146.13085403054194,1,0.1631384923747425,0.250510793899794,0.5,0.5,-0.20682464313726828,-0.14509692788124084,0.008590010926127434,0.03067866899073124,,,1.0,spike
649,10,scenario3_repeated_spike,SAC,150,144.51776862748775,1,0.16255191586454099,0.2500415326916328,0.5,0.5,-0.2062967242780869,-0.14719319343566895,0.00869135744869709,0.027101784944534302,,,1.0,spike
650,10,scenario3_repeated_spike,SAC,150,143.06599176473898,1,0.16202399700535963,0.24961919760428775,0.5,0.5,-0.2058215973048237,-0.13494592905044556,0.007258123252540827,0.031073369085788727,,,1.0,spike
651,10,scenario3_repeated_spike,SAC,150,141.7593925882651,1,0.16154887003209636,0.24923909602567712,0.5,0.5,-0.20539398302888673,-0.15076498687267303,0.007547641638666391,0.028752386569976807,,,1.0,spike
652,10,scenario3_repeated_spike,SAC,150,140.58345332943858,1,0.1611212557561595,0.24889700460492759,0.5,0.5,-0.20500913018054354,-0.16145260632038116,0.005508007947355509,0.027949092909693718,,,1.0,spike
653,10,scenario3_repeated_spike,SAC,150,139.52510799649474,1,0.16073640290781627,0.24858912232625302,0.5,0.5,-0.20466276261703464,-0.1462569534778595,0.005353249609470367,0.022555794566869736,,,1.0,spike
654,10,scenario3_repeated_spike,SAC,150,138.57259719684527,1,0.16039003534430737,0.2483120282754459,0.5,0.5,-0.20435103180987663,-0.12428571283817291,0.010185172781348228,0.027511727064847946,,,1.0,spike
655,10,scenario3_repeated_spike,SAC,150,143.71533747716074,0,0.16982208592322548,0.5717153374771607,0.5,0.5,-0.3707687117001931,-0.1114446222782135,0.006683223880827427,0.031256817281246185,,,1.0,spike
656,10,scenario3_repeated_spike,SAC,150,142.3438037294447,1,0.16176138317434352,0.24940910653947485,0.5,0.5,-0.20558524485690918,-0.16174572706222534,0.0006957435398362577,0.008590859360992908,,,1.0,spike
657,10,scenario3_repeated_spike,SAC,150,141.10942335650023,1,0.1613125175841819,0.24905001406734556,0.5,0.5,-0.20518126582576374,-0.13918957114219666,0.008008444681763649,0.03228094056248665,,,1.0,spike
658,10,scenario3_repeated_spike,SAC,150,139.9984810208502,1,0.1609085385530364,0.24872683084242914,0.5,0.5,-0.20481768469773276,-0.1771543323993683,0.004343923181295395,0.021813131868839264,,,1.0,spike
659,10,scenario3_repeated_spike,SAC,150,144.99863291876517,0,0.17062414557422823,0.5729986329187652,0.5,0.5,-0.3718113892464967,-0.16571350395679474,0.0018507770728319883,0.011755849234759808,,,1.0,spike
660,10,scenario3_repeated_spike,SAC,150,143.49876962688865,1,0.16218137077341405,0.24974509661873123,0.5,0.5,-0.20596323369607264,-0.1523214727640152,0.005323409102857113,0.0241239033639431,,,1.0,spike
661,10,scenario3_repeated_spike,SAC,150,142.1488926641998,1,0.1616905064233454,0.24935240513867635,0.5,0.5,-0.2055214557810109,-0.14807851612567902,0.009924126788973808,0.03883695229887962,,,1.0,spike
662,10,scenario3_repeated_spike,SAC,150,140.9340033977798,1,0.16124872850828356,0.24899898280662686,0.5,0.5,-0.20512385565745522,-0.16190247237682343,0.0027627265080809593,0.009512810967862606,,,1.0,spike
663,10,scenario3_repeated_spike,SAC,150,139.84060305800182,1,0.16085112838472793,0.24868090270778237,0.5,0.5,-0.20476601554625515,-0.15467439591884613,0.005609419196844101,0.022841311991214752,,,1.0,spike
664,10,scenario3_repeated_spike,SAC,150,138.85654275220162,1,0.16049328827352788,0.24839463061882233,0.5,0.5,-0.2044439594461751,-0.16486026346683502,0.005015847273170948,0.02281411737203598,,,1.0,spike
665,10,scenario3_repeated_spike,SAC,150,143.97088847698146,0,0.16998180529811344,0.5719708884769815,0.5,0.5,-0.3709763468875475,-0.151279479265213,0.0009563146741129458,0.01206975057721138,,,1.0,spike
666,10,scenario3_repeated_spike,SAC,150,142.57379962928331,1,0.16184501804701212,0.2494760144376097,0.5,0.5,-0.2056605162423109,-0.141148641705513,0.0070143695920705795,0.02750576287508011,,,1.0,spike
667,10,scenario3_repeated_spike,SAC,150,141.316419666355,1,0.16138778896958364,0.24911023117566694,0.5,0.5,-0.2052490100726253,-0.10334716737270355,0.03233277425169945,0.0667661502957344,,,1.0,spike
668,10,scenario3_repeated_spike,SAC,150,140.1847776997195,1,0.16097628279989798,0.24878102623991838,0.5,0.5,-0.20487865451990817,-0.12781567871570587,0.0238291434943676,0.054434094578027725,,,1.0,spike
669,10,scenario3_repeated_spike,SAC,150,139.16629992974754,1,0.16060592724718092,0.24848474179774477,0.5,0.5,-0.20454533452246285,-0.12280937284231186,0.010088187642395496,0.027762599289417267,,,1.0,spike
670,10,scenario3_repeated_spike,SAC,150,144.2496699367728,0,0.170156043710483,0.5722496699367728,0.5,0.5,-0.3712028568236279,-0.13882926106452942,0.006907432805746794,0.02647717110812664,,,1.0,spike
671,10,scenario3_repeated_spike,SAC,150,148.8247029430955,0,0.1730154393394347,0.5768247029430955,0.5,0.5,-0.37492007114126513,-0.1528785228729248,0.008440157398581505,0.028685547411441803,,,1.0,spike
672,10,scenario3_repeated_spike,SAC,150,146.94223264878596,1,0.16343353914501307,0.2507468313160105,0.5,0.5,-0.2070901852305118,-0.1795808970928192,0.006130158435553312,0.02592185139656067,,,1.0,spike
673,10,scenario3_repeated_spike,SAC,150,145.24800938390737,1,0.1628174579577845,0.2502539663662276,0.5,0.5,-0.20653571216200606,-0.1844727098941803,0.005153597332537174,0.013033680617809296,,,1.0,spike
674,10,scenario3_repeated_spike,SAC,150,149.72320844551663,0,0.1735770052784479,0.5777232084455166,0.5,0.5,-0.37565010686198225,-0.16017183661460876,0.013952699489891529,0.03320468217134476,,,1.0,spike
675,10,scenario3_repeated_spike,SAC,150,153.75088760096497,0,0.17609430475060311,0.5817508876009649,0.5,0.5,-0.37892259617578405,-0.12879538536071777,0.010126711800694466,0.029948405921459198,,,1.0,spike
676,10,scenario3_repeated_spike,SAC,150,157.37579884086847,0,0.1783598742755428,0.5853757988408685,0.5,0.5,-0.38186783655820566,-0.09327780455350876,0.013683585450053215,0.04255266487598419,,,1.0,spike
677,10,scenario3_repeated_spike,SAC,150,154.63821895678163,1,0.16623207962064787,0.2529856636965183,0.5,0.5,-0.2096088716585831,-0.11635459959506989,0.011855028569698334,0.027194667607545853,,,1.0,spike
678,10,scenario3_repeated_spike,SAC,150,152.17439706110346,1,0.1653361443858558,0.2522689155086847,0.5,0.5,-0.20880252994727025,-0.09990069270133972,0.019435230642557144,0.052750177681446075,,,1.0,spike
679,10,scenario3_repeated_spike,SAC,150,149.9569573549931,1,0.16452980267454295,0.2516238421396344,0.5,0.5,-0.2080768224070887,-0.13454346358776093,0.018526850268244743,0.0402902290225029,,,1.0,spike
680,10,scenario3_repeated_spike,SAC,150,147.9612616194938,1,0.1638040951343614,0.2510432761074891,0.5,0.5,-0.20742368562092525,-0.16737118363380432,0.021250057965517044,0.04161166027188301,,,1.0,spike
681,10,scenario3_repeated_spike,SAC,150,146.1651354575444,1,0.16315095834819798,0.2505207666785584,0.5,0.5,-0.20683586251337818,-0.17933449149131775,0.02267824299633503,0.053970348089933395,,,1.0,spike
682,10,scenario3_repeated_spike,SAC,150,144.54862191178998,1,0.1625631352406509,0.2500505081925207,0.5,0.5,-0.20630682171658582,-0.15943998098373413,0.009836370125412941,0.030250748619437218,,,1.0,spike
683,10,scenario3_repeated_spike,SAC,150,143.093759720611,1,0.16203409444385855,0.24962727555508685,0.5,0.5,-0.2058306849994727,-0.12488757073879242,0.015112452208995819,0.028677936643362045,,,1.0,spike
684,10,scenario3_repeated_spike,SAC,150,141.78438374854989,1,0.16155795772674542,0.24924636618139634,0.5,0.5,-0.20540216195407088,-0.09794855862855911,0.016716130077838898,0.042079780250787735,,,1.0,spike
685,10,scenario3_repeated_spike,SAC,150,140.6059453736949,1,0.1611294346813436,0.2489035477450749,0.5,0.5,-0.20501649121320925,-0.11144638061523438,0.015488867647945881,0.048141613602638245,,,1.0,spike
686,10,scenario3_repeated_spike,SAC,150,139.54535083632544,1,0.16074376394048198,0.24859501115238558,0.5,0.5,-0.20466938754643377,-0.16747689247131348,0.0035151313059031963,0.020606493577361107,,,1.0,spike
687,10,scenario3_repeated_spike,SAC,150,138.5908157526929,1,0.1603966602737065,0.24831732821896524,0.5,0.5,-0.20435699424633585,-0.16943153738975525,0.0024155080318450928,0.016658872365951538,,,1.0,spike
688,10,scenario3_repeated_spike,SAC,150,143.73173417742362,0,0.16983233386088978,0.5717317341774236,0.5,0.5,-0.3707820340191567,-0.14939658343791962,0.00855428259819746,0.033933546394109726,,,1.0,spike
689,10,scenario3_repeated_spike,SAC,150,142.35856075968127,1,0.16176674936715682,0.24941339949372549,0.5,0.5,-0.20559007443044114,-0.14540743827819824,0.0064487094059586525,0.030364079400897026,,,1.0,spike
690,10,scenario3_repeated_spike,SAC,150,147.12270468371315,0,0.17195169042732072,0.5751227046837132,0.5,0.5,-0.37353719755551695,-0.15589596331119537,0.0004782828618772328,0.008342723362147808,,,1.0,spike
691,10,scenario3_repeated_spike,SAC,150,151.41043421534184,0,0.17463152138458868,0.5794104342153419,0.5,0.5,-0.3770209777999653,-0.12186860293149948,0.006688815541565418,0.03307919576764107,,,1.0,spike
692,10,scenario3_repeated_spike,SAC,150,155.26939079380764,0,0.1770433692461298,0.5832693907938077,0.5,0.5,-0.38015638001996876,-0.09026814997196198,0.013481652364134789,0.04471796005964279,,,1.0,spike
693,10,scenario3_repeated_spike,SAC,150,158.7424517144269,0,0.1792140323215168,0.5867424517144268,0.5,0.5,-0.3829782420179718,-0.10002278536558151,0.006942048668861389,0.020833466202020645,,,1.0,spike
694,10,scenario3_repeated_spike,SAC,150,161.8682065429842,0,0.18116762908936515,0.5898682065429842,0.5,0.5,-0.38551791781617467,0.008433377370238304,0.004633791279047728,0.023432783782482147,,,1.0,spike
695,10,scenario3_repeated_spike,SAC,150,164.68138588868578,0,0.1829258661804286,0.5926813858886858,0.5,0.5,-0.3878036260345572,-0.017430540174245834,0.01153496652841568,0.03655026853084564,,,1.0,spike
696,10,scenario3_repeated_spike,SAC,150,167.2132472998172,0,0.18450827956238577,0.5952132472998173,0.5,0.5,-0.38986076343110154,-0.01000656746327877,0.014200817793607712,0.037357110530138016,,,1.0,spike
697,10,scenario3_repeated_spike,SAC,150,163.49192256983548,1,0.16945160820721292,0.2555612865657704,0.5,0.5,-0.21250644738649166,-0.046569861471652985,0.015200755558907986,0.02880331315100193,,,1.0,spike
698,10,scenario3_repeated_spike,SAC,150,166.14273031285194,0,0.18383920644553248,0.5941427303128519,0.5,0.5,-0.3889909683791922,-0.1102452352643013,0.0029625589959323406,0.021997643634676933,,,1.0,spike
699,10,scenario3_repeated_spike,SAC,150,162.52845728156674,1,0.169101257193297,0.25528100575463764,0.5,0.5,-0.21219113147396731,-0.16555124521255493,0.0010967159178107977,0.010408030822873116,,,1.0,spike
700,10,scenario3_repeated_spike,SAC,150,159.27561155341007,1,0.16791840420124005,0.25433472336099205,0.5,0.5,-0.21112656378111605,-0.16894085705280304,0.004819044843316078,0.02900744415819645,,,1.0,spike
701,10,scenario3_repeated_spike,SAC,150,162.34805039806906,0,0.1814675314987932,0.5903480503980691,0.5,0.5,-0.3859077909484312,-0.17714731395244598,0.017694633454084396,0.04697488993406296,,,1.0,spike
702,10,scenario3_repeated_spike,SAC,150,159.11324535826216,1,0.16785936194845896,0.2542874895587672,0.5,0.5,-0.21107342575361307,-0.16726484894752502,0.01209983415901661,0.03245066851377487,,,1.0,spike
703,10,scenario3_repeated_spike,SAC,150,156.20192082243594,1,0.1668006984808858,0.25344055878470867,0.5,0.5,-0.21012062863279724,-0.14293774962425232,0.0034528039395809174,0.01671096496284008,,,1.0,spike
704,10,scenario3_repeated_spike,SAC,150,159.58172874019235,0,0.17973858046262023,0.5875817287401923,0.5,0.5,-0.3836601546014063,-0.1492127627134323,0.0012064463226124644,0.01287914253771305,,,1.0,spike
705,10,scenario3_repeated_spike,SAC,150,162.62355586617312,0,0.1816397224163582,0.5906235558661731,0.5,0.5,-0.38613163914126564,-0.1376628577709198,0.0029870897997170687,0.019068846479058266,,,1.0,spike
706,10,scenario3_repeated_spike,SAC,150,159.36120027955582,1,0.16794952737438393,0.25435962189950717,0.5,0.5,-0.21115457463694554,-0.13829737901687622,0.0072778924368321896,0.033030591905117035,,,1.0,spike
707,10,scenario3_repeated_spike,SAC,150,156.42508025160024,1,0.16688184736421824,0.2535054778913746,0.5,0.5,-0.21019366262779643,-0.1638360172510147,0.00472381804138422,0.024836845695972443,,,1.0,spike
708,10,scenario3_repeated_spike,SAC,150,153.7825722264402,1,0.16592093535506916,0.25273674828405535,0.5,0.5,-0.20932884181956224,-0.14297093451023102,0.001873027067631483,0.01534324698150158,,,1.0,spike
709,10,scenario3_repeated_spike,SAC,150,157.4043150037962,0,0.17837769687737265,0.5854043150037962,0.5,0.5,-0.38189100594058445,-0.1307111233472824,0.00860254280269146,0.03585776686668396,,,1.0,spike
710,10,scenario3_repeated_spike,SAC,150,154.66388350341657,1,0.16624141218306057,0.2529931297464485,0.5,0.5,-0.20961727096475452,-0.12818428874015808,0.012546390295028687,0.038972899317741394,,,1.0,spike
711,10,scenario3_repeated_spike,SAC,150,152.19749515307493,1,0.16534454369202725,0.2522756349536218,0.5,0.5,-0.20881008932282452,-0.14254888892173767,0.007279222831130028,0.02801540307700634,,,1.0,spike
712,10,scenario3_repeated_spike,SAC,150,149.97774563776744,1,0.16453736205009725,0.2516298896400778,0.5,0.5,-0.20808362584508755,-0.14538165926933289,0.00336481723934412,0.017409972846508026,,,1.0,spike
713,10,scenario3_repeated_spike,SAC,150,153.9799710739907,0,0.17623748192124422,0.5819799710739908,0.5,0.5,-0.3791087264976175,-0.14827966690063477,0.003974028397351503,0.023256216198205948,,,1.0,spike
714,10,scenario3_repeated_spike,SAC,150,151.58197396659162,1,0.16512071780603332,0.2520965742448267,0.5,0.5,-0.20860864602543,-0.1292075365781784,0.008033303543925285,0.030321383848786354,,,1.0,spike
715,10,scenario3_repeated_spike,SAC,150,149.42377656993247,1,0.16433591875270273,0.2514687350021622,0.5,0.5,-0.2079023268774325,-0.12290880084037781,0.007938956841826439,0.03558964654803276,,,1.0,spike
716,10,scenario3_repeated_spike,SAC,150,147.48139891293923,1,0.1636295996047052,0.25090367968376415,0.5,0.5,-0.20726663964423467,-0.12473893165588379,0.00370867270976305,0.025506995618343353,,,1.0,spike
717,10,scenario3_repeated_spike,SAC,150,145.7332590216453,1,0.16299391237150737,0.2503951298972059,0.5,0.5,-0.20669452113435666,-0.14407697319984436,0.0020394905004650354,0.014963066205382347,,,1.0,spike
718,10,scenario3_repeated_spike,SAC,150,144.15993311948077,1,0.1624217938616294,0.24993743508930355,0.5,0.5,-0.20617961447546646,-0.1511375904083252,0.015516404993832111,0.04026041179895401,,,1.0,spike
719,10,scenario3_repeated_spike,SAC,150,142.74393980753268,1,0.16190688720273916,0.24952550976219134,0.5,0.5,-0.20571619848246525,-0.15975633263587952,0.021315965801477432,0.049523450434207916,,,1.0,spike
720,10,scenario3_repeated_spike,SAC,150,141.4695458267794,1,0.16144347120973798,0.24915477696779043,0.5,0.5,-0.20529912408876422,-0.16092686355113983,0.004470345564186573,0.021353106945753098,,,1.0,spike
721,10,scenario3_repeated_spike,SAC,150,140.3225912441015,1,0.16102639681603692,0.24882111745282953,0.5,0.5,-0.20492375713443323,-0.12375625967979431,0.0003691905876621604,0.009574775584042072,,,1.0,spike
722,10,scenario3_repeated_spike,SAC,150,145.29033211969136,0,0.1708064575748071,0.5732903321196914,0.5,0.5,-0.3720483948472493,-0.125730961561203,0.004387843422591686,0.02574007399380207,,,1.0,spike
723,10,scenario3_repeated_spike,SAC,150,143.76129890772222,1,0.16227683596644446,0.24982146877315559,0.5,0.5,-0.20604915236980004,-0.17270208895206451,0.007748925592750311,0.021735824644565582,,,1.0,spike
724,10,scenario3_repeated_spike,SAC,150,148.38516901695002,0,0.17274073063559378,0.57638516901695,0.5,0.5,-0.3745629498262719,-0.13271662592887878,0.004187070764601231,0.026603976264595985,,,1.0,spike
725,10,scenario3_repeated_spike,SAC,150,146.54665211525503,1,0.16328969167827456,0.25063175334261967,0.5,0.5,-0.20696072251044711,-0.13985419273376465,0.001716485945507884,0.011208225041627884,,,1.0,spike
726,10,scenario3_repeated_spike,SAC,150,144.89198690372953,1,0.16268799523771982,0.25015039619017587,0.5,0.5,-0.20641919571394785,-0.15524247288703918,0.0014472829643636942,0.01479168888181448,,,1.0,spike
727,10,scenario3_repeated_spike,SAC,150,143.4027882133566,1,0.16214646844122058,0.2497171747529765,0.5,0.5,-0.20593182159709855,-0.14806285500526428,0.0020511439070105553,0.016344241797924042,,,1.0,spike
728,10,scenario3_repeated_spike,SAC,150,142.06250939202093,1,0.16165909432437126,0.249327275459497,0.5,0.5,-0.20549318489193413,-0.14146964251995087,0.0009139885078184307,0.011088740080595016,,,1.0,spike
729,10,scenario3_repeated_spike,SAC,150,140.85625845281885,1,0.16122045761920686,0.2489763660953655,0.5,0.5,-0.20509841185728617,-0.10307842493057251,0.005783214699476957,0.03202299773693085,,,1.0,spike
730,10,scenario3_repeated_spike,SAC,150,145.77063260753698,0,0.17110664537971063,0.573770632607537,0.5,0.5,-0.37243863899362384,-0.1287982016801834,0.0035115950740873814,0.023323165252804756,,,1.0,spike
731,10,scenario3_repeated_spike,SAC,150,144.19356934678328,1,0.1624340252170121,0.2499472201736097,0.5,0.5,-0.2061906226953109,-0.15955166518688202,0.0006633932935073972,0.008348125033080578,,,1.0,spike
732,10,scenario3_repeated_spike,SAC,150,148.77421241210496,0,0.1729838827575656,0.5767742124121049,0.5,0.5,-0.37487904758483526,-0.15601643919944763,0.004066144581884146,0.02319207228720188,,,1.0,spike
733,10,scenario3_repeated_spike,SAC,150,152.89679117089446,0,0.17556049448180905,0.5808967911708944,0.5,0.5,-0.3782286428263517,-0.15229234099388123,0.009735398925840855,0.03531236946582794,,,1.0,spike
734,10,scenario3_repeated_spike,SAC,150,150.60711205380503,1,0.16476622256502002,0.251812978052016,0.5,0.5,-0.208289600308518,-0.12743093073368073,0.00778377428650856,0.032349564135074615,,,1.0,spike
735,10,scenario3_repeated_spike,SAC,150,154.54640084842453,0,0.17659150053026534,0.5825464008484246,0.5,0.5,-0.37956895068934493,-0.12433291226625443,0.0014837870839983225,0.011107436381280422,,,1.0,spike
736,10,scenario3_repeated_spike,SAC,150,158.09176076358207,0,0.1788073504772388,0.586091760763582,0.5,0.5,-0.38244955562041044,-0.128952294588089,0.0037960661575198174,0.022178206592798233,,,1.0,spike
737,10,scenario3_repeated_spike,SAC,150,161.28258468722387,0,0.18080161542951492,0.5892825846872238,0.5,0.5,-0.38504210005836936,-0.12314671277999878,0.006828477140516043,0.033079952001571655,,,1.0,spike
738,10,scenario3_repeated_spike,SAC,150,158.1543262185015,1,0.16751066407945508,0.2540085312635641,0.5,0.5,-0.2107595976715096,-0.14403408765792847,0.003919116221368313,0.017911355942487717,,,1.0,spike
739,10,scenario3_repeated_spike,SAC,150,155.33889359665136,1,0.16648687039878232,0.2531894963190259,0.5,0.5,-0.20983818335890408,-0.1418662667274475,0.004485538229346275,0.02475752681493759,,,1.0,spike
740,10,scenario3_repeated_spike,SAC,150,152.80500423698624,1,0.16556545608617682,0.25245236486894146,0.5,0.5,-0.20900891047755915,-0.1204753965139389,0.0065996418707072735,0.03251322731375694,,,1.0,spike
741,10,scenario3_repeated_spike,SAC,150,150.52450381328762,1,0.16473618320483188,0.2517889465638655,0.5,0.5,-0.2082625648843487,-0.1178845465183258,0.001201737206429243,0.013980148360133171,,,1.0,spike
742,10,scenario3_repeated_spike,SAC,150,148.47205343195887,1,0.16398983761162142,0.25119187008929716,0.5,0.5,-0.20759085385045928,-0.10728659480810165,0.005454124882817268,0.027970023453235626,,,1.0,spike
743,10,scenario3_repeated_spike,SAC,150,146.62484808876297,1,0.16331812657773198,0.2506545012621856,0.5,0.5,-0.20698631391995878,-0.11242759227752686,0.009318003430962563,0.03597630187869072,,,1.0,spike
744,10,scenario3_repeated_spike,SAC,150,144.9623632798867,1,0.16271358664723154,0.25017086931778526,0.5,0.5,-0.2064422279825084,-0.1330685019493103,0.005362396128475666,0.02422170527279377,,,1.0,spike
745,10,scenario3_repeated_spike,SAC,150,149.46612695189802,0,0.17341632934493628,0.577466126951898,0.5,0.5,-0.3754412281484172,-0.13571159541606903,0.0019510826095938683,0.018574578687548637,,,1.0,spike
746,10,scenario3_repeated_spike,SAC,150,147.51951425670822,1,0.1636434597297121,0.2509147677837697,0.5,0.5,-0.2072791137567409,-0.14842848479747772,0.006724727340042591,0.0293857641518116,,,1.0,spike
747,10,scenario3_repeated_spike,SAC,150,145.7675628310374,1,0.1630063864840136,0.25040510918721093,0.5,0.5,-0.20670574783561227,-0.12004564702510834,0.014320416375994682,0.04418478161096573,,,1.0,spike
748,10,scenario3_repeated_spike,SAC,150,144.19080654793365,1,0.16243302056288497,0.24994641645030802,0.5,0.5,-0.2061897185065965,-0.1231871023774147,0.00843802746385336,0.02771826647222042,,,1.0,spike
749,10,scenario3_repeated_spike,SAC,150,142.77172589314029,1,0.16191699123386918,0.24953359298709538,0.5,0.5,-0.2057252921104823,-0.10040269792079926,0.00522615946829319,0.025899408385157585,,,1.0,spike
750,10,scenario3_repeated_spike,SAC,150,141.49455330382625,1,0.16145256483775502,0.24916205187020402,0.5,0.5,-0.20530730835397953,-0.06443969160318375,0.012648060917854309,0.046664442867040634,,,1.0,spike
751,10,scenario3_repeated_spike,SAC,150,146.34509797344361,0,0.17146568623340228,0.5743450979734437,0.5,0.5,-0.372905392103423,-0.09381349384784698,0.015978587791323662,0.042782973498106,,,1.0,spike
752,10,scenario3_repeated_spike,SAC,150,150.71058817609926,0,0.17419411761006207,0.5787105881760993,0.5,0.5,-0.3764523528930807,-0.1374828964471817,0.00993590522557497,0.037026748061180115,,,1.0,spike
753,10,scenario3_repeated_spike,SAC,150,154.63952935848934,0,0.17664970584905584,0.5826395293584894,0.5,0.5,-0.3796446176037726,-0.15390406548976898,0.0038372566923499107,0.025706790387630463,,,1.0,spike
754,10,scenario3_repeated_spike,SAC,150,158.1755764226404,0,0.17885973526415028,0.5861755764226404,0.5,0.5,-0.38251765584339537,-0.15961472690105438,0.0037253783084452152,0.021798651665449142,,,1.0,spike
755,10,scenario3_repeated_spike,SAC,150,155.35801878037637,1,0.16649382501104598,0.2531950600088368,0.5,0.5,-0.2098444425099414,-0.14359985291957855,0.010660871863365173,0.039314743131399155,,,1.0,spike
756,10,scenario3_repeated_spike,SAC,150,152.82221690233874,1,0.1655717152372141,0.25245737218977127,0.5,0.5,-0.20901454371349268,-0.10104033350944519,0.0075344787910580635,0.03342574089765549,,,1.0,spike
757,10,scenario3_repeated_spike,SAC,150,150.53999521210486,1,0.1647418164407654,0.25179345315261237,0.5,0.5,-0.2082676347966889,-0.08297131210565567,0.003188564209267497,0.017176659777760506,,,1.0,spike
758,10,scenario3_repeated_spike,SAC,150,148.48599569089438,1,0.16399490752396162,0.2511959260191693,0.5,0.5,-0.20759541677156546,-0.07404324412345886,0.012402115389704704,0.04167991876602173,,,1.0,spike
759,10,scenario3_repeated_spike,SAC,150,146.63739612180495,1,0.16332268949883819,0.25065815159907057,0.5,0.5,-0.2069904205489544,-0.053708966821432114,0.019279906526207924,0.05437399819493294,,,1.0,spike
760,10,scenario3_repeated_spike,SAC,150,144.97365650962448,1,0.16271769327622707,0.2501741546209817,0.5,0.5,-0.2064459239486044,-0.0909414291381836,0.014441194012761116,0.044304490089416504,,,1.0,spike
761,10,scenario3_repeated_spike,SAC,150,149.47629085866203,0,0.17342268178666378,0.577476290858662,0.5,0.5,-0.3754494863226629,-0.11519264429807663,0.008242449723184109,0.040041983127593994,,,1.0,spike
762,10,scenario3_repeated_spike,SAC,150,147.52866177279583,1,0.1636467860991985,0.2509174288793588,0.5,0.5,-0.20728210748927867,-0.13946765661239624,0.0007409032550640404,0.012253282591700554,,,1.0,spike
763,10,scenario3_repeated_spike,SAC,150,145.77579559551626,1,0.16300938021655134,0.2504075041732411,0.5,0.5,-0.2067084421948962,-0.13621611893177032,0.002821293193846941,0.019981397315859795,,,1.0,spike
764,10,scenario3_repeated_spike,SAC,150,144.19821603596463,1,0.16243571492216893,0.24994857193773518,0.5,0.5,-0.20619214342995207,-0.12182241678237915,0.002729091327637434,0.01970316283404827,,,1.0,spike
765,10,scenario3_repeated_spike,SAC,150,142.77839443236817,1,0.16191941615722477,0.24953553292577985,0.5,0.5,-0.2057274745415023,-0.12738728523254395,0.00126538029871881,0.013540578074753284,,,1.0,spike
766,10,scenario3_repeated_spike,SAC,150,141.50055498913136,1,0.16145474726877504,0.24916379781502007,0.5,0.5,-0.20530927254189757,-0.14663709700107574,0.0010964812245219946,0.012677958235144615,,,1.0,spike
767,10,scenario3_repeated_spike,SAC,150,140.35049949021823,1,0.16103654526917027,0.24882923621533626,0.5,0.5,-0.20493289074225327,-0.11731738597154617,0.0005676552536897361,0.011575938202440739,,,1.0,spike
768,10,scenario3_repeated_spike,SAC,150,145.31544954119641,0,0.1708221559632478,0.5733154495411965,0.5,0.5,-0.37206880275222215,-0.08752064406871796,0.006733632180839777,0.02951667457818985,,,1.0,spike
769,10,scenario3_repeated_spike,SAC,150,149.7839045870768,0,0.17361494036692302,0.5777839045870768,0.5,0.5,-0.37569942247699994,-0.11995962262153625,0.005116477608680725,0.02753210999071598,,,1.0,spike
770,10,scenario3_repeated_spike,SAC,150,147.8055141283691,1,0.16374745968304333,0.2509979677464347,0.5,0.5,-0.207372713714739,-0.1557297259569168,0.0026828546542674303,0.013416171073913574,,,1.0,spike
771,10,scenario3_repeated_spike,SAC,150,146.0249627155322,1,0.16309998644201174,0.2504799891536094,0.5,0.5,-0.20678998779781058,-0.14121279120445251,0.012106189504265785,0.04161083325743675,,,1.0,spike
772,10,scenario3_repeated_spike,SAC,150,150.422466443979,0,0.1740140415274869,0.578422466443979,0.5,0.5,-0.37621825398573294,-0.08936049789190292,0.022297006100416183,0.056933559477329254,,,1.0,spike
773,10,scenario3_repeated_spike,SAC,150,154.3802197995811,0,0.17648763737473822,0.5823802197995811,0.5,0.5,-0.37943392858715963,-0.043557699769735336,0.007333455141633749,0.027010906487703323,,,1.0,spike
774,10,scenario3_repeated_spike,SAC,150,157.942197819623,0,0.1787138736372644,0.5859421978196231,0.5,0.5,-0.38232803572844376,0.011433282867074013,0.011390718631446362,0.0337982103228569,,,1.0,spike
775,10,scenario3_repeated_spike,SAC,150,161.14797803766072,0,0.18071748627353798,0.5891479780376607,0.5,0.5,-0.38493273215559937,0.020263316109776497,0.019172800704836845,0.04865863174200058,,,1.0,spike
776,10,scenario3_repeated_spike,SAC,150,158.03318023389465,1,0.1674666109941435,0.25397328879531483,0.5,0.5,-0.21071994989472917,0.00906726997345686,0.025602445006370544,0.06316273659467697,,,1.0,spike
777,10,scenario3_repeated_spike,SAC,150,161.2298622105052,0,0.18076866388156576,0.5892298622105052,0.5,0.5,-0.3849992630460355,-0.06686758995056152,0.023983798921108246,0.048663292080163956,,,1.0,spike
778,10,scenario3_repeated_spike,SAC,150,158.10687598945466,1,0.16749340945071078,0.2539947275605686,0.5,0.5,-0.2107440685056397,-0.12281619012355804,0.008360031060874462,0.022609589621424675,,,1.0,spike
779,10,scenario3_repeated_spike,SAC,150,161.2961883905092,0,0.18081011774406827,0.5892961883905092,0.5,0.5,-0.38505315306728877,-0.13309995830059052,0.008496521972119808,0.03253838047385216,,,1.0,spike
780,10,scenario3_repeated_spike,SAC,150,158.16656955145828,1,0.1675151162005303,0.25401209296042426,0.5,0.5,-0.21076360458047727,-0.1711481660604477,0.00577163603156805,0.02098352462053299,,,1.0,spike
781,10,scenario3_repeated_spike,SAC,150,161.34991259631246,0,0.1808436953726953,0.5893499125963124,0.5,0.5,-0.38509680398450385,-0.14236919581890106,0.0044384971261024475,0.021822568029165268,,,1.0,spike
782,10,scenario3_repeated_spike,SAC,150,164.21492133668121,0,0.18263432583542577,0.5922149213366812,0.5,0.5,-0.38742462358605345,-0.0824139416217804,0.014700483530759811,0.03751572594046593,,,1.0,spike
783,10,scenario3_repeated_spike,SAC,150,160.7934292030131,1,0.16847033789200477,0.25477627031360384,0.5,0.5,-0.2116233041028043,-0.09978150576353073,0.02011212706565857,0.03812586888670921,,,1.0,spike
784,10,scenario3_repeated_spike,SAC,150,157.71408628271178,1,0.16735057683007704,0.2538804614640616,0.5,0.5,-0.21061551914706933,-0.08550360798835754,0.01890304870903492,0.04755822569131851,,,1.0,spike
785,10,scenario3_repeated_spike,SAC,150,154.94267765444062,1,0.16634279187434203,0.25307423349947367,0.5,0.5,-0.20970851268690785,-0.11983703076839447,0.015976548194885254,0.039323896169662476,,,1.0,spike
786,10,scenario3_repeated_spike,SAC,150,152.44840988899657,1,0.16543578541418058,0.25234862833134447,0.5,0.5,-0.20889220687276253,-0.1128767728805542,0.009364534169435501,0.02919400855898857,,,1.0,spike
787,10,scenario3_repeated_spike,SAC,150,150.2035689000969,1,0.16461947960003526,0.2516955836800282,0.5,0.5,-0.20815753164003173,-0.13307155668735504,0.011893270537257195,0.038900528103113174,,,1.0,spike
788,10,scenario3_repeated_spike,SAC,150,154.18321201008723,0,0.17636450750630453,0.5821832120100873,0.5,0.5,-0.3792738597581959,-0.10424864292144775,0.02060893550515175,0.05528654158115387,,,1.0,spike
789,10,scenario3_repeated_spike,SAC,150,151.7648908090785,1,0.1651872330214831,0.2521497864171865,0.5,0.5,-0.20866850971933482,-0.10792917013168335,0.01793932169675827,0.04717886820435524,,,1.0,spike
790,10,scenario3_repeated_spike,SAC,150,149.58840172817065,1,0.16439578244660752,0.251516625957286,0.5,0.5,-0.20795620420194677,-0.08567125350236893,0.011674420908093452,0.04706257954239845,,,1.0,spike
791,10,scenario3_repeated_spike,SAC,150,153.6295615553536,0,0.17601847597209602,0.5816295615553536,0.5,0.5,-0.37882401876372485,-0.052619773894548416,0.004116004332900047,0.02713322825729847,,,1.0,spike
792,10,scenario3_repeated_spike,SAC,150,151.26660539981825,1,0.16500603832720664,0.2520048306617653,0.5,0.5,-0.208505434494486,-0.055220987647771835,0.0065020970068871975,0.03342280164361,,,1.0,spike
793,10,scenario3_repeated_spike,SAC,150,155.13994485983642,0,0.17696246553739778,0.5831399448598364,0.5,0.5,-0.3800512051986171,-0.1240399107336998,0.005519085098057985,0.028465082868933678,,,1.0,spike
794,10,scenario3_repeated_spike,SAC,150,158.6259503738528,0,0.179141218983658,0.5866259503738528,0.5,0.5,-0.3828835846787554,-0.13172028958797455,0.00383278401568532,0.018711181357502937,,,1.0,spike
795,10,scenario3_repeated_spike,SAC,150,155.76335533646753,1,0.16664122012235183,0.2533129760978815,0.5,0.5,-0.20997709811011667,-0.12383434176445007,0.004611794836819172,0.02660602517426014,,,1.0,spike
796,10,scenario3_repeated_spike,SAC,150,153.18701980282077,1,0.16570437083738937,0.2525634966699115,0.5,0.5,-0.20913393375365044,-0.050721414387226105,0.006404021289199591,0.03143344447016716,,,1.0,spike
797,10,scenario3_repeated_spike,SAC,150,156.8683178225387,0,0.1780426986390867,0.5848683178225387,0.5,0.5,-0.3814555082308127,-0.04041455686092377,0.002195215318351984,0.020609483122825623,,,1.0,spike
798,10,scenario3_repeated_spike,SAC,150,154.18148604028482,1,0.16606599492373994,0.25285279593899196,0.5,0.5,-0.20945939543136594,-0.061111073940992355,0.004541048780083656,0.027091773226857185,,,1.0,spike
799,10,scenario3_repeated_spike,SAC,150,151.76333743625634,1,0.16518666815863867,0.25214933452691096,0.5,0.5,-0.2086680013427748,-0.08685293793678284,0.0069678365252912045,0.03169886767864227,,,1.0,spike
800,10,scenario3_repeated_spike,SAC,50,137.5870036926307,0,0.1459918773078942,0.3335870036926307,0.5,0.5,-0.23978944050026246,-0.1362980753183365,0.004980174358934164,0.024297211319208145,,,1.0,normal
801,10,scenario3_repeated_spike,SAC,50,118.82830332336763,1,0.13321029211758822,0.1465682336940706,0.5,0.5,-0.13988926290582943,-0.1102873682975769,0.0012912764213979244,0.01497724000364542,,,1.0,normal
802,10,scenario3_repeated_spike,SAC,50,101.94547299103087,1,0.12707108108764759,0.14165686487011808,0.5,0.5,-0.13436397297888283,-0.1307208091020584,0.004590784665197134,0.028173331171274185,,,1.0,normal
803,10,scenario3_repeated_spike,SAC,50,86.75092569192779,1,0.12154579116070101,0.1372366329285608,0.5,0.5,-0.12939121204463092,-0.133174329996109,0.006573394872248173,0.03406274691224098,,,1.0,normal
804,10,scenario3_repeated_spike,SAC,50,79.07583312273502,0,0.1094223957017094,0.2750758331227351,0.5,0.5,-0.19224911441222226,-0.10626940429210663,0.00272892857901752,0.022435320541262627,,,1.0,normal
805,10,scenario3_repeated_spike,SAC,50,66.16824981046152,1,0.11406118174925874,0.13124894539940699,0.5,0.5,-0.12265506357433287,-0.08437296003103256,0.0014779199846088886,0.017004238441586494,,,1.0,normal
806,10,scenario3_repeated_spike,SAC,50,54.55142482941537,1,0.10983688175615104,0.12786950540492084,0.5,0.5,-0.11885319358053595,-0.09390335530042648,0.0029925652779638767,0.025709031149744987,,,1.0,normal
807,10,scenario3_repeated_spike,SAC,50,44.096282346473835,1,0.10603501176235412,0.12482800940988331,0.5,0.5,-0.11543151058611872,-0.13072854280471802,0.0009228262351825833,0.012389063835144043,,,1.0,normal
808,10,scenario3_repeated_spike,SAC,50,40.68665411182645,0,0.08542915881989153,0.23668665411182646,0.5,0.5,-0.161057906465859,-0.13003194332122803,0.0033902956638485193,0.02602965384721756,,,1.0,normal
809,10,scenario3_repeated_spike,SAC,50,37.61798870064381,0,0.08351124293790238,0.23361798870064382,0.5,0.5,-0.1585646158192731,-0.09755643457174301,0.00592801533639431,0.03080456703901291,,,1.0,normal
810,10,scenario3_repeated_spike,SAC,50,34.856189830579424,0,0.08178511864411214,0.23085618983057943,0.5,0.5,-0.15632065423734579,-0.10667122900485992,0.0018321910174563527,0.014459924772381783,,,1.0,normal
811,10,scenario3_repeated_spike,SAC,50,26.370570847521478,1,0.0995892984900078,0.11967143879200626,0.5,0.5,-0.10963036864100703,-0.14227943122386932,0.0014124605804681778,0.015618422068655491,,,1.0,normal
812,10,scenario3_repeated_spike,SAC,50,24.733513762769334,0,0.07545844610173084,0.22073351376276937,0.5,0.5,-0.1480959799322501,-0.14398330450057983,0.002049183938652277,0.014181804843246937,,,1.0,normal
813,10,scenario3_repeated_spike,SAC,50,23.2601623864924,0,0.07453760149155775,0.2192601623864924,0.5,0.5,-0.14689888193902506,-0.09833818674087524,0.0028153813909739256,0.023181211203336716,,,1.0,normal
814,10,scenario3_repeated_spike,SAC,50,15.934146147843162,1,0.09579423496285205,0.11663538797028164,0.5,0.5,-0.10621481146656685,-0.0893135741353035,0.001137798884883523,0.014442063868045807,,,1.0,normal
815,10,scenario3_repeated_spike,SAC,50,9.340731533058847,1,0.09339662964838504,0.11471730371870803,0.5,0.5,-0.10405696668354653,-0.05424521863460541,0.002950509311631322,0.022617634385824203,,,1.0,normal
816,10,scenario3_repeated_spike,SAC,50,9.406658379752962,0,0.0658791614873456,0.20540665837975297,0.5,0.5,-0.13564290993354927,-0.07272076606750488,0.006536982022225857,0.03776467591524124,,,1.0,normal
817,10,scenario3_repeated_spike,SAC,50,9.465992541777666,0,0.06591624533861104,0.20546599254177766,0.5,0.5,-0.13569111894019437,-0.08886130899190903,0.0020836719777435064,0.0206821970641613,,,1.0,normal
818,10,scenario3_repeated_spike,SAC,50,9.5193932875999,0,0.06594962080474993,0.2055193932875999,0.5,0.5,-0.13573450704617493,-0.11732349544763565,0.0022352850064635277,0.020269647240638733,,,1.0,normal
819,10,scenario3_repeated_spike,SAC,50,3.567453958839913,1,0.09129725598503269,0.11303780478802616,0.5,0.5,-0.10216753038652943,-0.13271549344062805,0.004977615550160408,0.027053244411945343,,,1.0,normal
820,10,scenario3_repeated_spike,SAC,50,0.0,1,0.09,0.11199999999999999,0.5,0.5,-0.10099999999999999,-0.10194772481918335,0.0037977483589202166,0.0232015959918499,,,1.0,normal
821,10,scenario3_repeated_spike,SAC,50,0.0,1,0.09,0.11199999999999999,0.5,0.5,-0.10099999999999999,-0.13424748182296753,0.0012355971848592162,0.014801611192524433,,,1.0,normal
822,10,scenario3_repeated_spike,SAC,50,0.0,1,0.09,0.11199999999999999,0.5,0.5,-0.10099999999999999,-0.07749231159687042,0.0036532676313072443,0.023077266290783882,,,1.0,normal
823,10,scenario3_repeated_spike,SAC,50,1.0,0,0.060625,0.197,0.5,0.5,-0.1288125,-0.1130433902144432,0.0026728573720902205,0.023265495896339417,,,1.0,normal
824,10,scenario3_repeated_spike,SAC,50,0.0,1,0.09,0.11199999999999999,0.5,0.5,-0.10099999999999999,-0.07279247790575027,0.001158492756076157,0.014353119768202305,,,1.0,normal
825,10,scenario3_repeated_spike,SAC,50,0.0,1,0.09,0.11199999999999999,0.5,0.5,-0.10099999999999999,-0.10310924053192139,0.00362581480294466,0.027090489864349365,,,1.0,normal
826,10,scenario3_repeated_spike,SAC,50,1.0,0,0.060625,0.197,0.5,0.5,-0.1288125,-0.13351541757583618,0.0029237992130219936,0.020786365494132042,,,1.0,normal
827,10,scenario3_repeated_spike,SAC,50,1.9000000000000004,0,0.0611875,0.19790000000000002,0.5,0.5,-0.12954375,-0.08676484227180481,0.0027129417285323143,0.019748561084270477,,,1.0,normal
828,10,scenario3_repeated_spike,SAC,50,2.710000000000001,0,0.061693750000000006,0.19871000000000003,0.5,0.5,-0.13020187500000002,-0.10993854701519012,0.0026751088444143534,0.02123067155480385,,,1.0,normal
829,10,scenario3_repeated_spike,SAC,50,0.0,1,0.09,0.11199999999999999,0.5,0.5,-0.10099999999999999,-0.07352066040039062,0.002557470230385661,0.02304118312895298,,,1.0,normal
830,10,scenario3_repeated_spike,SAC,50,1.0,0,0.060625,0.197,0.5,0.5,-0.1288125,-0.06790903955698013,0.002204109448939562,0.020801544189453125,,,1.0,normal
831,10,scenario3_repeated_spike,SAC,50,0.0,1,0.09,0.11199999999999999,0.5,0.5,-0.10099999999999999,-0.062226127833127975,0.005222787149250507,0.03457828611135483,,,1.0,normal
832,10,scenario3_repeated_spike,SAC,50,1.0,0,0.060625,0.197,0.5,0.5,-0.1288125,-0.09872995316982269,0.0031355340033769608,0.02473451942205429,,,1.0,normal
833,10,scenario3_repeated_spike,SAC,50,0.0,1,0.09,0.11199999999999999,0.5,0.5,-0.10099999999999999,-0.15821650624275208,0.0033727234695106745,0.021959751844406128,,,1.0,normal
834,10,scenario3_repeated_spike,SAC,50,1.0,0,0.060625,0.197,0.5,0.5,-0.1288125,-0.14868053793907166,0.011650043539702892,0.0468134805560112,,,1.0,normal
835,10,scenario3_repeated_spike,SAC,50,1.9000000000000004,0,0.0611875,0.19790000000000002,0.5,0.5,-0.12954375,-0.1102648377418518,0.014514429494738579,0.049062784761190414,,,1.0,normal
836,10,scenario3_repeated_spike,SAC,50,0.0,1,0.09,0.11199999999999999,0.5,0.5,-0.10099999999999999,-0.09390352666378021,0.009015765972435474,0.03893580287694931,,,1.0,normal
837,10,scenario3_repeated_spike,SAC,50,0.0,1,0.09,0.11199999999999999,0.5,0.5,-0.10099999999999999,-0.08668235689401627,0.0016156398924067616,0.017987072467803955,,,1.0,normal
838,10,scenario3_repeated_spike,SAC,50,0.0,1,0.09,0.11199999999999999,0.5,0.5,-0.10099999999999999,-0.08017854392528534,0.0052083986811339855,0.024092862382531166,,,1.0,normal
839,10,scenario3_repeated_spike,SAC,50,1.0,0,0.060625,0.197,0.5,0.5,-0.1288125,-0.12158166617155075,0.009435370564460754,0.029383406043052673,,,1.0,normal
840,10,scenario3_repeated_spike,SAC,50,0.0,1,0.09,0.11199999999999999,0.5,0.5,-0.10099999999999999,-0.06737282127141953,0.014106735587120056,0.044483114033937454,,,1.0,normal
841,10,scenario3_repeated_spike,SAC,50,0.0,1,0.09,0.11199999999999999,0.5,0.5,-0.10099999999999999,-0.09682350605726242,0.004930371418595314,0.030718930065631866,,,1.0,normal
842,10,scenario3_repeated_spike,SAC,50,1.0,0,0.060625,0.197,0.5,0.5,-0.1288125,-0.10218677669763565,0.006385959684848785,0.034213412553071976,,,1.0,normal
843,10,scenario3_repeated_spike,SAC,50,1.9000000000000004,0,0.0611875,0.19790000000000002,0.5,0.5,-0.12954375,-0.13020125031471252,0.0053708734922111034,0.026895416900515556,,,1.0,normal
844,10,scenario3_repeated_spike,SAC,50,0.0,1,0.09,0.11199999999999999,0.5,0.5,-0.10099999999999999,-0.07954199612140656,0.006810172460973263,0.037665825337171555,,,1.0,normal
845,10,scenario3_repeated_spike,SAC,50,1.0,0,0.060625,0.197,0.5,0.5,-0.1288125,-0.0699164941906929,0.004153987392783165,0.024677079170942307,,,1.0,normal
846,10,scenario3_repeated_spike,SAC,50,0.0,1,0.09,0.11199999999999999,0.5,0.5,-0.10099999999999999,-0.11329658329486847,0.003801520448178053,0.020961949601769447,,,1.0,normal
847,10,scenario3_repeated_spike,SAC,50,0.0,1,0.09,0.11199999999999999,0.5,0.5,-0.10099999999999999,-0.12236689776182175,0.0043607247062027454,0.02418389916419983,,,1.0,normal
848,10,scenario3_repeated_spike,SAC,50,0.0,1,0.09,0.11199999999999999,0.5,0.5,-0.10099999999999999,-0.12435397505760193,0.0038068911526352167,0.023088043555617332,,,1.0,normal
849,10,scenario3_repeated_spike,SAC,50,1.0,0,0.060625,0.197,0.5,0.5,-0.1288125,-0.11599832773208618,0.0030750310979783535,0.02234298549592495,,,1.0,normal
850,10,scenario3_repeated_spike,SAC,50,0.0,1,0.09,0.11199999999999999,0.5,0.5,-0.10099999999999999,-0.14157381653785706,0.0032342826016247272,0.018953464925289154,,,1.0,normal
851,10,scenario3_repeated_spike,SAC,50,0.0,1,0.09,0.11199999999999999,0.5,0.5,-0.10099999999999999,-0.08179055899381638,0.004529924131929874,0.031100545078516006,,,1.0,normal
852,10,scenario3_repeated_spike,SAC,50,1.0,0,0.060625,0.197,0.5,0.5,-0.1288125,-0.12309351563453674,0.0017086187144741416,0.016541900113224983,,,1.0,normal
853,10,scenario3_repeated_spike,SAC,50,0.0,1,0.09,0.11199999999999999,0.5,0.5,-0.10099999999999999,-0.08058086037635803,0.0018133976263925433,0.019845344126224518,,,1.0,normal
854,10,scenario3_repeated_spike,SAC,50,0.0,1,0.09,0.11199999999999999,0.5,0.5,-0.10099999999999999,-0.12208154052495956,0.0029874397441744804,0.021301744505763054,,,1.0,normal
855,10,scenario3_repeated_spike,SAC,50,0.0,1,0.09,0.11199999999999999,0.5,0.5,-0.10099999999999999,-0.10670088231563568,0.0030834348872303963,0.023859413340687752,,,1.0,normal
856,10,scenario3_repeated_spike,SAC,50,0.0,1,0.09,0.11199999999999999,0.5,0.5,-0.10099999999999999,-0.09886729717254639,0.0008971828501671553,0.01338027510792017,,,1.0,normal
857,10,scenario3_repeated_spike,SAC,50,0.0,1,0.09,0.11199999999999999,0.5,0.5,-0.10099999999999999,-0.1223134845495224,0.0018801208352670074,0.015216494910418987,,,1.0,normal
858,10,scenario3_repeated_spike,SAC,50,1.0,0,0.060625,0.197,0.5,0.5,-0.1288125,-0.10572557151317596,0.0025638900697231293,0.02015276998281479,,,1.0,normal
859,10,scenario3_repeated_spike,SAC,50,1.9000000000000004,0,0.0611875,0.19790000000000002,0.5,0.5,-0.12954375,-0.10173627734184265,0.0025339226704090834,0.013449832797050476,,,1.0,normal
860,10,scenario3_repeated_spike,SAC,50,0.0,1,0.09,0.11199999999999999,0.5,0.5,-0.10099999999999999,-0.07479283213615417,0.0020462130196392536,0.022148700430989265,,,1.0,normal
861,10,scenario3_repeated_spike,SAC,50,1.0,0,0.060625,0.197,0.5,0.5,-0.1288125,-0.08485439419746399,0.0010805049678310752,0.010789437219500542,,,1.0,normal
862,10,scenario3_repeated_spike,SAC,50,0.0,1,0.09,0.11199999999999999,0.5,0.5,-0.10099999999999999,-0.11764533072710037,0.0013663751306012273,0.01629464142024517,,,1.0,normal
863,10,scenario3_repeated_spike,SAC,50,0.0,1,0.09,0.11199999999999999,0.5,0.5,-0.10099999999999999,-0.11949463933706284,0.001504056272096932,0.013358086347579956,,,1.0,normal
864,10,scenario3_repeated_spike,SAC,50,1.0,0,0.060625,0.197,0.5,0.5,-0.1288125,-0.13308201730251312,0.0030530178919434547,0.02145041711628437,,,1.0,normal
865,10,scenario3_repeated_spike,SAC,50,1.9000000000000004,0,0.0611875,0.19790000000000002,0.5,0.5,-0.12954375,-0.13225029408931732,0.003216600278392434,0.020459594205021858,,,1.0,normal
866,10,scenario3_repeated_spike,SAC,50,0.0,1,0.09,0.11199999999999999,0.5,0.5,-0.10099999999999999,-0.13313087821006775,0.0008449255838058889,0.01110868714749813,,,1.0,normal
867,10,scenario3_repeated_spike,SAC,50,0.0,1,0.09,0.11199999999999999,0.5,0.5,-0.10099999999999999,-0.07619877904653549,0.00411856546998024,0.025583291426301003,,,1.0,normal
868,10,scenario3_repeated_spike,SAC,50,1.0,0,0.060625,0.197,0.5,0.5,-0.1288125,-0.07727565616369247,0.00460973521694541,0.02590036764740944,,,1.0,normal
869,10,scenario3_repeated_spike,SAC,50,0.0,1,0.09,0.11199999999999999,0.5,0.5,-0.10099999999999999,-0.1263045370578766,0.00228253030218184,0.02021397463977337,,,1.0,normal
870,10,scenario3_repeated_spike,SAC,50,0.0,1,0.09,0.11199999999999999,0.5,0.5,-0.10099999999999999,-0.036296069622039795,0.0032281617168337107,0.02631477452814579,,,1.0,normal
871,10,scenario3_repeated_spike,SAC,50,1.0,0,0.060625,0.197,0.5,0.5,-0.1288125,-0.08996862173080444,0.003772419411689043,0.02726408652961254,,,1.0,normal
872,10,scenario3_repeated_spike,SAC,50,1.9000000000000004,0,0.0611875,0.19790000000000002,0.5,0.5,-0.12954375,-0.10663822293281555,0.0023911448661237955,0.018694154918193817,,,1.0,normal
873,10,scenario3_repeated_spike,SAC,50,0.0,1,0.09,0.11199999999999999,0.5,0.5,-0.10099999999999999,-0.11657197773456573,0.0016239196993410587,0.014242730103433132,,,1.0,normal
874,10,scenario3_repeated_spike,SAC,50,1.0,0,0.060625,0.197,0.5,0.5,-0.1288125,-0.09657270461320877,0.007234374526888132,0.03554399684071541,,,1.0,normal
875,10,scenario3_repeated_spike,SAC,50,0.0,1,0.09,0.11199999999999999,0.5,0.5,-0.10099999999999999,-0.14122410118579865,0.008012714795768261,0.02913762629032135,,,1.0,normal
876,10,scenario3_repeated_spike,SAC,50,1.0,0,0.060625,0.197,0.5,0.5,-0.1288125,-0.11402791738510132,0.006712406873703003,0.029620466753840446,,,1.0,normal
877,10,scenario3_repeated_spike,SAC,50,1.9000000000000004,0,0.0611875,0.19790000000000002,0.5,0.5,-0.12954375,-0.07492661476135254,0.0016535568283870816,0.016740325838327408,,,1.0,normal
878,10,scenario3_repeated_spike,SAC,50,2.710000000000001,0,0.061693750000000006,0.19871000000000003,0.5,0.5,-0.13020187500000002,-0.014623546972870827,0.00636851554736495,0.033262237906455994,,,1.0,normal
879,10,scenario3_repeated_spike,SAC,50,3.439,0,0.062149375,0.199439,0.5,0.5,-0.1307941875,-0.07791998237371445,0.010001503862440586,0.03531017154455185,,,1.0,normal
880,10,scenario3_repeated_spike,SAC,50,0.0,1,0.09,0.11199999999999999,0.5,0.5,-0.10099999999999999,-0.08603177964687347,0.010062303394079208,0.03949764370918274,,,1.0,normal
881,10,scenario3_repeated_spike,SAC,50,1.0,0,0.060625,0.197,0.5,0.5,-0.1288125,-0.1391882747411728,0.0024087110068649054,0.01933858171105385,,,1.0,normal
882,10,scenario3_repeated_spike,SAC,50,0.0,1,0.09,0.11199999999999999,0.5,0.5,-0.10099999999999999,-0.12520089745521545,0.007812654599547386,0.03428700566291809,,,1.0,normal
883,10,scenario3_repeated_spike,SAC,50,0.0,1,0.09,0.11199999999999999,0.5,0.5,-0.10099999999999999,-0.12609811127185822,0.011377573944628239,0.031611181795597076,,,1.0,normal
884,10,scenario3_repeated_spike,SAC,50,0.0,1,0.09,0.11199999999999999,0.5,0.5,-0.10099999999999999,-0.053931690752506256,0.018486369401216507,0.04743557050824165,,,1.0,normal
885,10,scenario3_repeated_spike,SAC,50,0.0,1,0.09,0.11199999999999999,0.5,0.5,-0.10099999999999999,-0.10770353674888611,0.006614814978092909,0.029087984934449196,,,1.0,normal
886,10,scenario3_repeated_spike,SAC,50,0.0,1,0.09,0.11199999999999999,0.5,0.5,-0.10099999999999999,-0.09004437923431396,0.0030365483835339546,0.01629871316254139,,,1.0,normal
887,10,scenario3_repeated_spike,SAC,50,1.0,0,0.060625,0.197,0.5,0.5,-0.1288125,-0.11276649683713913,0.005635180976241827,0.026983056217432022,,,1.0,normal
888,10,scenario3_repeated_spike,SAC,50,1.9000000000000004,0,0.0611875,0.19790000000000002,0.5,0.5,-0.12954375,-0.10093508660793304,0.007643401622772217,0.0336628258228302,,,1.0,normal
889,10,scenario3_repeated_spike,SAC,50,0.0,1,0.09,0.11199999999999999,0.5,0.5,-0.10099999999999999,-0.06790423393249512,0.00473759463056922,0.027659371495246887,,,1.0,normal
890,10,scenario3_repeated_spike,SAC,50,0.0,1,0.09,0.11199999999999999,0.5,0.5,-0.10099999999999999,-0.08814395219087601,0.005316971801221371,0.027989380061626434,,,1.0,normal
891,10,scenario3_repeated_spike,SAC,50,0.0,1,0.09,0.11199999999999999,0.5,0.5,-0.10099999999999999,-0.11298641562461853,0.009118374437093735,0.0390160009264946,,,1.0,normal
892,10,scenario3_repeated_spike,SAC,50,1.0,0,0.060625,0.197,0.5,0.5,-0.1288125,-0.13226526975631714,0.006964861880987883,0.03048274666070938,,,1.0,normal
893,10,scenario3_repeated_spike,SAC,50,0.0,1,0.09,0.11199999999999999,0.5,0.5,-0.10099999999999999,-0.034483447670936584,0.0025630206800997257,0.024020181968808174,,,1.0,normal
894,10,scenario3_repeated_spike,SAC,50,1.0,0,0.060625,0.197,0.5,0.5,-0.1288125,-0.045302800834178925,0.0045631518587470055,0.02769947238266468,,,1.0,normal
895,10,scenario3_repeated_spike,SAC,50,0.0,1,0.09,0.11199999999999999,0.5,0.5,-0.10099999999999999,-0.09566248953342438,0.008261614479124546,0.03366277366876602,,,1.0,normal
896,10,scenario3_repeated_spike,SAC,50,0.0,1,0.09,0.11199999999999999,0.5,0.5,-0.10099999999999999,-0.09042903780937195,0.005313553847372532,0.029170598834753036,,,1.0,normal
897,10,scenario3_repeated_spike,SAC,50,0.0,1,0.09,0.11199999999999999,0.5,0.5,-0.10099999999999999,-0.14553160965442657,0.0006602737703360617,0.010828180238604546,,,1.0,normal
898,10,scenario3_repeated_spike,SAC,50,0.0,1,0.09,0.11199999999999999,0.5,0.5,-0.10099999999999999,-0.09559688717126846,0.004777817986905575,0.02982618845999241,,,1.0,normal
899,10,scenario3_repeated_spike,SAC,50,1.0,0,0.060625,0.197,0.5,0.5,-0.1288125,-0.10114158689975739,0.0060342345386743546,0.025095786899328232,,,1.0,normal
900,10,scenario3_repeated_spike,SAC,50,0.0,1,0.09,0.11199999999999999,0.5,0.5,-0.10099999999999999,-0.05388682708144188,0.008655384182929993,0.04375804215669632,,,1.0,normal
901,10,scenario3_repeated_spike,SAC,50,0.0,1,0.09,0.11199999999999999,0.5,0.5,-0.10099999999999999,-0.13525159657001495,0.004356233403086662,0.02030363865196705,,,1.0,normal
902,10,scenario3_repeated_spike,SAC,50,0.0,1,0.09,0.11199999999999999,0.5,0.5,-0.10099999999999999,-0.118463434278965,0.0029255938716232777,0.021653132513165474,,,1.0,normal
903,10,scenario3_repeated_spike,SAC,50,1.0,0,0.060625,0.197,0.5,0.5,-0.1288125,-0.0676693245768547,0.013276074081659317,0.052220288664102554,,,1.0,normal
904,10,scenario3_repeated_spike,SAC,50,0.0,1,0.09,0.11199999999999999,0.5,0.5,-0.10099999999999999,-0.09395373612642288,0.010006728582084179,0.03679411858320236,,,1.0,normal
905,10,scenario3_repeated_spike,SAC,50,0.0,1,0.09,0.11199999999999999,0.5,0.5,-0.10099999999999999,-0.03175885230302811,0.0060178544372320175,0.026226064190268517,,,1.0,normal
906,10,scenario3_repeated_spike,SAC,50,1.0,0,0.060625,0.197,0.5,0.5,-0.1288125,-0.02606845274567604,0.0057008289732038975,0.022168131545186043,,,1.0,normal
907,10,scenario3_repeated_spike,SAC,50,1.9000000000000004,0,0.0611875,0.19790000000000002,0.5,0.5,-0.12954375,-0.02728499472141266,0.015443435870110989,0.041232410818338394,,,1.0,normal
908,10,scenario3_repeated_spike,SAC,50,0.0,1,0.09,0.11199999999999999,0.5,0.5,-0.10099999999999999,-0.07130114734172821,0.007532717194408178,0.028122086077928543,,,1.0,normal
909,10,scenario3_repeated_spike,SAC,50,1.0,0,0.060625,0.197,0.5,0.5,-0.1288125,-0.12015699595212936,0.005154197569936514,0.02038845606148243,,,1.0,normal
910,10,scenario3_repeated_spike,SAC,50,1.9000000000000004,0,0.0611875,0.19790000000000002,0.5,0.5,-0.12954375,-0.11973439902067184,0.003762803040444851,0.022647131234407425,,,1.0,normal
911,10,scenario3_repeated_spike,SAC,50,0.0,1,0.09,0.11199999999999999,0.5,0.5,-0.10099999999999999,-0.12123515456914902,0.008088133297860622,0.03465799242258072,,,1.0,normal
912,10,scenario3_repeated_spike,SAC,50,1.0,0,0.060625,0.197,0.5,0.5,-0.1288125,-0.11475396156311035,0.013463113456964493,0.033781517297029495,,,1.0,normal
913,10,scenario3_repeated_spike,SAC,50,1.9000000000000004,0,0.0611875,0.19790000000000002,0.5,0.5,-0.12954375,-0.08270638436079025,0.011203977279365063,0.030248668044805527,,,1.0,normal
914,10,scenario3_repeated_spike,SAC,50,2.710000000000001,0,0.061693750000000006,0.19871000000000003,0.5,0.5,-0.13020187500000002,-0.0834096148610115,0.006275509018450975,0.024198025465011597,,,1.0,normal
915,10,scenario3_repeated_spike,SAC,50,3.439,0,0.062149375,0.199439,0.5,0.5,-0.1307941875,-0.08617090433835983,0.001299530267715454,0.014275183901190758,,,1.0,normal
916,10,scenario3_repeated_spike,SAC,50,0.0,1,0.09,0.11199999999999999,0.5,0.5,-0.10099999999999999,-0.10472536087036133,0.0027531059458851814,0.01425202563405037,,,1.0,normal
917,10,scenario3_repeated_spike,SAC,50,1.0,0,0.060625,0.197,0.5,0.5,-0.1288125,-0.09600573033094406,0.006079221144318581,0.027532637119293213,,,1.0,normal
918,10,scenario3_repeated_spike,SAC,50,0.0,1,0.09,0.11199999999999999,0.5,0.5,-0.10099999999999999,-0.10999219119548798,0.0058262040838599205,0.03104540705680847,,,1.0,normal
919,10,scenario3_repeated_spike,SAC,50,0.0,1,0.09,0.11199999999999999,0.5,0.5,-0.10099999999999999,-0.10435643792152405,0.000997070805169642,0.012801863253116608,,,1.0,normal
920,10,scenario3_repeated_spike,SAC,50,0.0,1,0.09,0.11199999999999999,0.5,0.5,-0.10099999999999999,-0.08883368223905563,0.004024845082312822,0.02364642731845379,,,1.0,normal
921,10,scenario3_repeated_spike,SAC,50,0.0,1,0.09,0.11199999999999999,0.5,0.5,-0.10099999999999999,-0.08884754031896591,0.003392627462744713,0.02206479012966156,,,1.0,normal
922,10,scenario3_repeated_spike,SAC,50,0.0,1,0.09,0.11199999999999999,0.5,0.5,-0.10099999999999999,-0.09225781261920929,0.003780106781050563,0.01579008623957634,,,1.0,normal
923,10,scenario3_repeated_spike,SAC,50,0.0,1,0.09,0.11199999999999999,0.5,0.5,-0.10099999999999999,-0.058225587010383606,0.0027731964364647865,0.021840998902916908,,,1.0,normal
924,10,scenario3_repeated_spike,SAC,50,1.0,0,0.060625,0.197,0.5,0.5,-0.1288125,-0.06762757897377014,0.0007835492724552751,0.010170978493988514,,,1.0,normal
925,10,scenario3_repeated_spike,SAC,50,0.0,1,0.09,0.11199999999999999,0.5,0.5,-0.10099999999999999,-0.04001401364803314,0.00369661720469594,0.025025364011526108,,,1.0,normal
926,10,scenario3_repeated_spike,SAC,50,1.0,0,0.060625,0.197,0.5,0.5,-0.1288125,-0.12312153726816177,0.003566192230209708,0.02073611505329609,,,1.0,normal
927,10,scenario3_repeated_spike,SAC,50,0.0,1,0.09,0.11199999999999999,0.5,0.5,-0.10099999999999999,-0.10968907922506332,0.002441567601636052,0.020715780556201935,,,1.0,normal
928,10,scenario3_repeated_spike,SAC,50,1.0,0,0.060625,0.197,0.5,0.5,-0.1288125,-0.12783627212047577,0.0013184461276978254,0.015195433981716633,,,1.0,normal
929,10,scenario3_repeated_spike,SAC,50,1.9000000000000004,0,0.0611875,0.19790000000000002,0.5,0.5,-0.12954375,-0.1095961406826973,0.002586974762380123,0.021460745483636856,,,1.0,normal
930,10,scenario3_repeated_spike,SAC,50,2.710000000000001,0,0.061693750000000006,0.19871000000000003,0.5,0.5,-0.13020187500000002,-0.10964524000883102,0.0009061361197382212,0.012436025775969028,,,1.0,normal
931,10,scenario3_repeated_spike,SAC,50,3.439,0,0.062149375,0.199439,0.5,0.5,-0.1307941875,-0.10849438607692719,0.0017615006072446704,0.015158653259277344,,,1.0,normal
932,10,scenario3_repeated_spike,SAC,50,0.0,1,0.09,0.11199999999999999,0.5,0.5,-0.10099999999999999,-0.1429004669189453,0.0017681763274595141,0.01328583899885416,,,1.0,normal
933,10,scenario3_repeated_spike,SAC,50,1.0,0,0.060625,0.197,0.5,0.5,-0.1288125,-0.08816012740135193,0.0012138955062255263,0.010515240952372551,,,1.0,normal
934,10,scenario3_repeated_spike,SAC,50,1.9000000000000004,0,0.0611875,0.19790000000000002,0.5,0.5,-0.12954375,-0.08962830156087875,0.0037626123521476984,0.024646062403917313,,,1.0,normal
935,10,scenario3_repeated_spike,SAC,50,0.0,1,0.09,0.11199999999999999,0.5,0.5,-0.10099999999999999,-0.14106054604053497,0.001655160216614604,0.015207541175186634,,,1.0,normal
936,10,scenario3_repeated_spike,SAC,50,0.0,1,0.09,0.11199999999999999,0.5,0.5,-0.10099999999999999,-0.1259399652481079,0.0038851636927574873,0.021758869290351868,,,1.0,normal
937,10,scenario3_repeated_spike,SAC,50,0.0,1,0.09,0.11199999999999999,0.5,0.5,-0.10099999999999999,-0.06614552438259125,0.0065036341547966,0.03605453670024872,,,1.0,normal
938,10,scenario3_repeated_spike,SAC,50,1.0,0,0.060625,0.197,0.5,0.5,-0.1288125,-0.09049486368894577,0.003824522253125906,0.020402804017066956,,,1.0,normal
939,10,scenario3_repeated_spike,SAC,50,0.0,1,0.09,0.11199999999999999,0.5,0.5,-0.10099999999999999,-0.11362744867801666,0.0010050359414890409,0.012082960456609726,,,1.0,normal
940,10,scenario3_repeated_spike,SAC,50,0.0,1,0.09,0.11199999999999999,0.5,0.5,-0.10099999999999999,-0.03508758544921875,0.0030634854920208454,0.02486405521631241,,,1.0,normal
941,10,scenario3_repeated_spike,SAC,50,1.0,0,0.060625,0.197,0.5,0.5,-0.1288125,-0.07630215585231781,0.0031606561969965696,0.02061893604695797,,,1.0,normal
942,10,scenario3_repeated_spike,SAC,50,0.0,1,0.09,0.11199999999999999,0.5,0.5,-0.10099999999999999,-0.15489161014556885,0.0012608068063855171,0.013512752950191498,,,1.0,normal
943,10,scenario3_repeated_spike,SAC,50,0.0,1,0.09,0.11199999999999999,0.5,0.5,-0.10099999999999999,-0.14888828992843628,0.0007307773921638727,0.01049651950597763,,,1.0,normal
944,10,scenario3_repeated_spike,SAC,50,1.0,0,0.060625,0.197,0.5,0.5,-0.1288125,-0.10811380296945572,0.0008490601321682334,0.013218187727034092,,,1.0,normal
945,10,scenario3_repeated_spike,SAC,50,0.0,1,0.09,0.11199999999999999,0.5,0.5,-0.10099999999999999,-0.06589176505804062,0.0007188520394265652,0.010520946234464645,,,1.0,normal
946,10,scenario3_repeated_spike,SAC,50,0.0,1,0.09,0.11199999999999999,0.5,0.5,-0.10099999999999999,-0.09993492066860199,0.003360786009579897,0.021991826593875885,,,1.0,normal
947,10,scenario3_repeated_spike,SAC,50,0.0,1,0.09,0.11199999999999999,0.5,0.5,-0.10099999999999999,-0.12028949707746506,0.0019958443008363247,0.019658902660012245,,,1.0,normal
948,10,scenario3_repeated_spike,SAC,50,0.0,1,0.09,0.11199999999999999,0.5,0.5,-0.10099999999999999,-0.12181521952152252,0.0013633606722578406,0.015781814232468605,,,1.0,normal
949,10,scenario3_repeated_spike,SAC,50,1.0,0,0.060625,0.197,0.5,0.5,-0.1288125,-0.13175374269485474,0.0029476755298674107,0.01994975470006466,,,1.0,normal
950,10,scenario3_repeated_spike,SAC,50,1.9000000000000004,0,0.0611875,0.19790000000000002,0.5,0.5,-0.12954375,-0.1004224345088005,0.0030345763079822063,0.019202880561351776,,,1.0,normal
951,10,scenario3_repeated_spike,SAC,50,2.710000000000001,0,0.061693750000000006,0.19871000000000003,0.5,0.5,-0.13020187500000002,-0.11252263188362122,0.0006504413322545588,0.008540695533156395,,,1.0,normal
952,10,scenario3_repeated_spike,SAC,50,3.439,0,0.062149375,0.199439,0.5,0.5,-0.1307941875,-0.0900229811668396,0.0031828710343688726,0.020284252241253853,,,1.0,normal
953,10,scenario3_repeated_spike,SAC,50,4.0951,0,0.06255943750000001,0.20009510000000003,0.5,0.5,-0.13132726875,-0.10421435534954071,0.0030773645266890526,0.0172866340726614,,,1.0,normal
954,10,scenario3_repeated_spike,SAC,50,0.0,1,0.09,0.11199999999999999,0.5,0.5,-0.10099999999999999,-0.07550542801618576,0.0011277906596660614,0.014361781999468803,,,1.0,normal
955,10,scenario3_repeated_spike,SAC,50,1.0,0,0.060625,0.197,0.5,0.5,-0.1288125,-0.12640583515167236,0.0026184204034507275,0.02035696804523468,,,1.0,normal
956,10,scenario3_repeated_spike,SAC,50,1.9000000000000004,0,0.0611875,0.19790000000000002,0.5,0.5,-0.12954375,-0.11254987120628357,0.0034254619386047125,0.022280843928456306,,,1.0,normal
957,10,scenario3_repeated_spike,SAC,50,2.710000000000001,0,0.061693750000000006,0.19871000000000003,0.5,0.5,-0.13020187500000002,-0.06293241679668427,0.0006759862881153822,0.011953099630773067,,,1.0,normal
958,10,scenario3_repeated_spike,SAC,50,3.439,0,0.062149375,0.199439,0.5,0.5,-0.1307941875,-0.06629302352666855,0.004577048122882843,0.027440227568149567,,,1.0,normal
959,10,scenario3_repeated_spike,SAC,50,4.0951,0,0.06255943750000001,0.20009510000000003,0.5,0.5,-0.13132726875,-0.0689462348818779,0.008446898311376572,0.0362967774271965,,,1.0,normal
960,10,scenario3_repeated_spike,SAC,50,4.685590000000001,0,0.06292849375000001,0.20068559000000002,0.5,0.5,-0.13180704187500003,-0.1186113953590393,0.004379683174192905,0.023354776203632355,,,1.0,normal
961,10,scenario3_repeated_spike,SAC,50,0.0,1,0.09,0.11199999999999999,0.5,0.5,-0.10099999999999999,-0.10143937170505524,0.0009359603282064199,0.011811853386461735,,,1.0,normal
962,10,scenario3_repeated_spike,SAC,50,1.0,0,0.060625,0.197,0.5,0.5,-0.1288125,-0.11501844972372055,0.0014804337406530976,0.015187788754701614,,,1.0,normal
963,10,scenario3_repeated_spike,SAC,50,0.0,1,0.09,0.11199999999999999,0.5,0.5,-0.10099999999999999,-0.08535745739936829,0.0011615498224273324,0.014241635799407959,,,1.0,normal
964,10,scenario3_repeated_spike,SAC,50,1.0,0,0.060625,0.197,0.5,0.5,-0.1288125,-0.097274050116539,0.0010754544055089355,0.014346344396471977,,,1.0,normal
965,10,scenario3_repeated_spike,SAC,50,1.9000000000000004,0,0.0611875,0.19790000000000002,0.5,0.5,-0.12954375,-0.05787414312362671,0.0009752023033797741,0.015102891251444817,,,1.0,normal
966,10,scenario3_repeated_spike,SAC,50,0.0,1,0.09,0.11199999999999999,0.5,0.5,-0.10099999999999999,-0.09000532329082489,0.0012376124504953623,0.013700922951102257,,,1.0,normal
967,10,scenario3_repeated_spike,SAC,50,0.0,1,0.09,0.11199999999999999,0.5,0.5,-0.10099999999999999,-0.07751893252134323,0.0024135694839060307,0.01903621293604374,,,1.0,normal
968,10,scenario3_repeated_spike,SAC,50,0.0,1,0.09,0.11199999999999999,0.5,0.5,-0.10099999999999999,-0.09810926765203476,0.0008852301398292184,0.012521685101091862,,,1.0,normal
969,10,scenario3_repeated_spike,SAC,50,1.0,0,0.060625,0.197,0.5,0.5,-0.1288125,-0.07504769414663315,0.0018462149892002344,0.01682175323367119,,,1.0,normal
970,10,scenario3_repeated_spike,SAC,50,0.0,1,0.09,0.11199999999999999,0.5,0.5,-0.10099999999999999,-0.07238928228616714,0.0026936791837215424,0.017858214676380157,,,1.0,normal
971,10,scenario3_repeated_spike,SAC,50,0.0,1,0.09,0.11199999999999999,0.5,0.5,-0.10099999999999999,-0.10056290030479431,0.0018612631829455495,0.020321201533079147,,,1.0,normal
972,10,scenario3_repeated_spike,SAC,50,1.0,0,0.060625,0.197,0.5,0.5,-0.1288125,-0.09469263255596161,0.0016714774537831545,0.018310999497771263,,,1.0,normal
973,10,scenario3_repeated_spike,SAC,50,1.9000000000000004,0,0.0611875,0.19790000000000002,0.5,0.5,-0.12954375,-0.08853260427713394,0.0007244351436384022,0.011858498677611351,,,1.0,normal
974,10,scenario3_repeated_spike,SAC,50,2.710000000000001,0,0.061693750000000006,0.19871000000000003,0.5,0.5,-0.13020187500000002,-0.1274327039718628,0.001048390637151897,0.012575564906001091,,,1.0,normal
975,10,scenario3_repeated_spike,SAC,50,3.439,0,0.062149375,0.199439,0.5,0.5,-0.1307941875,-0.07366548478603363,0.002579649444669485,0.022053658962249756,,,1.0,normal
976,10,scenario3_repeated_spike,SAC,50,0.0,1,0.09,0.11199999999999999,0.5,0.5,-0.10099999999999999,-0.09220920503139496,0.0007468725671060383,0.012163592502474785,,,1.0,normal
977,10,scenario3_repeated_spike,SAC,50,0.0,1,0.09,0.11199999999999999,0.5,0.5,-0.10099999999999999,-0.0790502056479454,0.0007322257733903825,0.010717593133449554,,,1.0,normal
978,10,scenario3_repeated_spike,SAC,50,0.0,1,0.09,0.11199999999999999,0.5,0.5,-0.10099999999999999,-0.05074597895145416,0.0020708157680928707,0.01924300193786621,,,1.0,normal
979,10,scenario3_repeated_spike,SAC,50,0.0,1,0.09,0.11199999999999999,0.5,0.5,-0.10099999999999999,-0.1038784384727478,0.0010791490785777569,0.014520112425088882,,,1.0,normal
980,10,scenario3_repeated_spike,SAC,50,1.0,0,0.060625,0.197,0.5,0.5,-0.1288125,-0.13283425569534302,0.001091276528313756,0.011764945462346077,,,1.0,normal
981,10,scenario3_repeated_spike,SAC,50,1.9000000000000004,0,0.0611875,0.19790000000000002,0.5,0.5,-0.12954375,-0.09371501207351685,0.001345349824987352,0.0143016641959548,,,1.0,normal
982,10,scenario3_repeated_spike,SAC,50,0.0,1,0.09,0.11199999999999999,0.5,0.5,-0.10099999999999999,-0.08202977478504181,0.0007256672251969576,0.01076399628072977,,,1.0,normal
983,10,scenario3_repeated_spike,SAC,50,1.0,0,0.060625,0.197,0.5,0.5,-0.1288125,-0.10086151212453842,0.00048608012730255723,0.01009082980453968,,,1.0,normal
984,10,scenario3_repeated_spike,SAC,50,1.9000000000000004,0,0.0611875,0.19790000000000002,0.5,0.5,-0.12954375,-0.1034029871225357,0.0018898464040830731,0.01658288948237896,,,1.0,normal
985,10,scenario3_repeated_spike,SAC,50,2.710000000000001,0,0.061693750000000006,0.19871000000000003,0.5,0.5,-0.13020187500000002,-0.09594897925853729,0.0016083290101960301,0.015687933191657066,,,1.0,normal
986,10,scenario3_repeated_spike,SAC,50,0.0,1,0.09,0.11199999999999999,0.5,0.5,-0.10099999999999999,-0.12211895734071732,0.0012045372277498245,0.012612015008926392,,,1.0,normal
987,10,scenario3_repeated_spike,SAC,50,1.0,0,0.060625,0.197,0.5,0.5,-0.1288125,-0.140004500746727,0.0005956826498731971,0.008666071109473705,,,1.0,normal
988,10,scenario3_repeated_spike,SAC,50,1.9000000000000004,0,0.0611875,0.19790000000000002,0.5,0.5,-0.12954375,-0.11435702443122864,0.0015856741229072213,0.014500302262604237,,,1.0,normal
989,10,scenario3_repeated_spike,SAC,50,2.710000000000001,0,0.061693750000000006,0.19871000000000003,0.5,0.5,-0.13020187500000002,-0.10311074554920197,0.0015086093917489052,0.0154971182346344,,,1.0,normal
990,10,scenario3_repeated_spike,SAC,50,3.439,0,0.062149375,0.199439,0.5,0.5,-0.1307941875,-0.10903807729482651,0.0006140042096376419,0.010418102145195007,,,1.0,normal
991,10,scenario3_repeated_spike,SAC,50,0.0,1,0.09,0.11199999999999999,0.5,0.5,-0.10099999999999999,-0.07581557333469391,0.002314580837264657,0.014856372959911823,,,1.0,normal
992,10,scenario3_repeated_spike,SAC,50,1.0,0,0.060625,0.197,0.5,0.5,-0.1288125,-0.06469405442476273,0.0017177029512822628,0.01839403808116913,,,1.0,normal
993,10,scenario3_repeated_spike,SAC,50,0.0,1,0.09,0.11199999999999999,0.5,0.5,-0.10099999999999999,-0.06498101353645325,0.0007363641052506864,0.01100949477404356,,,1.0,normal
994,10,scenario3_repeated_spike,SAC,50,1.0,0,0.060625,0.197,0.5,0.5,-0.1288125,-0.05480487644672394,0.0036730600986629725,0.02236868627369404,,,1.0,normal
995,10,scenario3_repeated_spike,SAC,50,0.0,1,0.09,0.11199999999999999,0.5,0.5,-0.10099999999999999,-0.06343121081590652,0.0033818676602095366,0.022372443228960037,,,1.0,normal
996,10,scenario3_repeated_spike,SAC,50,0.0,1,0.09,0.11199999999999999,0.5,0.5,-0.10099999999999999,-0.13367316126823425,0.001973436214029789,0.013003799133002758,,,1.0,normal
997,10,scenario3_repeated_spike,SAC,50,1.0,0,0.060625,0.197,0.5,0.5,-0.1288125,-0.1315610408782959,0.005508784204721451,0.026804419234395027,,,1.0,normal
998,10,scenario3_repeated_spike,SAC,50,0.0,1,0.09,0.11199999999999999,0.5,0.5,-0.10099999999999999,-0.07906700670719147,0.014028077013790607,0.043485093861818314,,,1.0,normal
999,10,scenario3_repeated_spike,SAC,50,1.0,0,0.060625,0.197,0.5,0.5,-0.1288125,-0.09056282788515091,0.008485471829771996,0.03264151141047478,,,1.0,normal
1000,10,scenario3_repeated_spike,SAC,50,0.0,1,0.09,0.11199999999999999,0.5,0.5,-0.10099999999999999,-0.07245085388422012,0.0017507309094071388,0.014637550339102745,,,1.0,normal
1001,10,scenario3_repeated_spike,SAC,50,0.0,1,0.09,0.11199999999999999,0.5,0.5,-0.10099999999999999,-0.0271883774548769,0.005214606411755085,0.02874256670475006,,,1.0,normal
1002,10,scenario3_repeated_spike,SAC,50,0.0,1,0.09,0.11199999999999999,0.5,0.5,-0.10099999999999999,0.0005297735333442688,0.011486751027405262,0.04198312386870384,,,1.0,normal
1003,10,scenario3_repeated_spike,SAC,50,0.0,1,0.09,0.11199999999999999,0.5,0.5,-0.10099999999999999,-0.009164822287857533,0.011839140206575394,0.037472233176231384,,,1.0,normal
1004,10,scenario3_repeated_spike,SAC,50,1.0,0,0.060625,0.197,0.5,0.5,-0.1288125,-0.014409174211323261,0.008345436304807663,0.036459460854530334,,,1.0,normal
1005,10,scenario3_repeated_spike,SAC,50,1.9000000000000004,0,0.0611875,0.19790000000000002,0.5,0.5,-0.12954375,-0.12735232710838318,0.0026991923805326223,0.017820710316300392,,,1.0,normal
1006,10,scenario3_repeated_spike,SAC,50,2.710000000000001,0,0.061693750000000006,0.19871000000000003,0.5,0.5,-0.13020187500000002,-0.12075616419315338,0.006549051031470299,0.026467230170965195,,,1.0,normal
1007,10,scenario3_repeated_spike,SAC,50,0.0,1,0.09,0.11199999999999999,0.5,0.5,-0.10099999999999999,-0.0852697342634201,0.007853973656892776,0.03786304593086243,,,1.0,normal
1008,10,scenario3_repeated_spike,SAC,50,0.0,1,0.09,0.11199999999999999,0.5,0.5,-0.10099999999999999,-0.07728780806064606,0.007581486366689205,0.027270721271634102,,,1.0,normal
1009,10,scenario3_repeated_spike,SAC,50,0.0,1,0.09,0.11199999999999999,0.5,0.5,-0.10099999999999999,-0.0621330589056015,0.0038686757907271385,0.022548820823431015,,,1.0,normal
1010,10,scenario3_repeated_spike,SAC,50,1.0,0,0.060625,0.197,0.5,0.5,-0.1288125,-0.0381007120013237,0.00395891722291708,0.026439126580953598,,,1.0,normal
1011,10,scenario3_repeated_spike,SAC,50,1.9000000000000004,0,0.0611875,0.19790000000000002,0.5,0.5,-0.12954375,-0.09879152476787567,0.0009412560029886663,0.009948351420462132,,,1.0,normal
1012,10,scenario3_repeated_spike,SAC,50,0.0,1,0.09,0.11199999999999999,0.5,0.5,-0.10099999999999999,-0.07210111618041992,0.006906149443238974,0.029427655041217804,,,1.0,normal
1013,10,scenario3_repeated_spike,SAC,50,0.0,1,0.09,0.11199999999999999,0.5,0.5,-0.10099999999999999,-0.10405773669481277,0.0033287631813436747,0.01832655258476734,,,1.0,normal
1014,10,scenario3_repeated_spike,SAC,50,1.0,0,0.060625,0.197,0.5,0.5,-0.1288125,-0.047347839921712875,0.001183734624646604,0.012690490111708641,,,1.0,normal
1015,10,scenario3_repeated_spike,SAC,50,0.0,1,0.09,0.11199999999999999,0.5,0.5,-0.10099999999999999,-0.08075389266014099,0.003206708002835512,0.018972940742969513,,,1.0,normal
1016,10,scenario3_repeated_spike,SAC,50,1.0,0,0.060625,0.197,0.5,0.5,-0.1288125,-0.03473074734210968,0.006241366267204285,0.0318748913705349,,,1.0,normal
1017,10,scenario3_repeated_spike,SAC,50,0.0,1,0.09,0.11199999999999999,0.5,0.5,-0.10099999999999999,-0.09151864051818848,0.0020196689292788506,0.01768122985959053,,,1.0,normal
1018,10,scenario3_repeated_spike,SAC,50,0.0,1,0.09,0.11199999999999999,0.5,0.5,-0.10099999999999999,-0.05632990226149559,0.0036554313264787197,0.023341139778494835,,,1.0,normal
1019,10,scenario3_repeated_spike,SAC,50,0.0,1,0.09,0.11199999999999999,0.5,0.5,-0.10099999999999999,-0.09939896315336227,0.005374383181333542,0.023089434951543808,,,1.0,normal
1020,10,scenario3_repeated_spike,SAC,50,0.0,1,0.09,0.11199999999999999,0.5,0.5,-0.10099999999999999,-0.13271328806877136,0.0014284927165135741,0.013439478352665901,,,1.0,normal
1021,10,scenario3_repeated_spike,SAC,50,1.0,0,0.060625,0.197,0.5,0.5,-0.1288125,-0.06908058375120163,0.0010611438192427158,0.012031051330268383,,,1.0,normal
1022,10,scenario3_repeated_spike,SAC,50,0.0,1,0.09,0.11199999999999999,0.5,0.5,-0.10099999999999999,-0.048096198588609695,0.0042322007939219475,0.022984573617577553,,,1.0,normal
1023,10,scenario3_repeated_spike,SAC,50,1.0,0,0.060625,0.197,0.5,0.5,-0.1288125,-0.11564728617668152,0.0031957130413502455,0.01816793531179428,,,1.0,normal
1024,10,scenario3_repeated_spike,SAC,50,0.0,1,0.09,0.11199999999999999,0.5,0.5,-0.10099999999999999,-0.1085498034954071,0.0015065057668834925,0.01322560291737318,,,1.0,normal
1025,10,scenario3_repeated_spike,SAC,50,0.0,1,0.09,0.11199999999999999,0.5,0.5,-0.10099999999999999,-0.12198211252689362,0.0028603216633200645,0.016274701803922653,,,1.0,normal
1026,10,scenario3_repeated_spike,SAC,50,0.0,1,0.09,0.11199999999999999,0.5,0.5,-0.10099999999999999,-0.05422840267419815,0.005501417443156242,0.023447202518582344,,,1.0,normal
1027,10,scenario3_repeated_spike,SAC,50,0.0,1,0.09,0.11199999999999999,0.5,0.5,-0.10099999999999999,-0.1117282509803772,0.0011441900860518217,0.010535783134400845,,,1.0,normal
1028,10,scenario3_repeated_spike,SAC,50,0.0,1,0.09,0.11199999999999999,0.5,0.5,-0.10099999999999999,-0.11273139715194702,0.0015303142135962844,0.012890812009572983,,,1.0,normal
1029,10,scenario3_repeated_spike,SAC,50,1.0,0,0.060625,0.197,0.5,0.5,-0.1288125,-0.11277589946985245,0.001457597129046917,0.012980533763766289,,,1.0,normal
1030,10,scenario3_repeated_spike,SAC,50,0.0,1,0.09,0.11199999999999999,0.5,0.5,-0.10099999999999999,-0.09389177709817886,0.003047338454052806,0.019203171133995056,,,1.0,normal
1031,10,scenario3_repeated_spike,SAC,50,1.0,0,0.060625,0.197,0.5,0.5,-0.1288125,-0.05086628720164299,0.0050509897992014885,0.028150679543614388,,,1.0,normal
1032,10,scenario3_repeated_spike,SAC,50,0.0,1,0.09,0.11199999999999999,0.5,0.5,-0.10099999999999999,-0.08720873296260834,0.0020540778059512377,0.016054190695285797,,,1.0,normal
1033,10,scenario3_repeated_spike,SAC,50,1.0,0,0.060625,0.197,0.5,0.5,-0.1288125,-0.07916814088821411,0.0009802967542782426,0.012285768985748291,,,1.0,normal
1034,10,scenario3_repeated_spike,SAC,50,1.9000000000000004,0,0.0611875,0.19790000000000002,0.5,0.5,-0.12954375,-0.06629015505313873,0.0020281802862882614,0.01873018965125084,,,1.0,normal
1035,10,scenario3_repeated_spike,SAC,50,0.0,1,0.09,0.11199999999999999,0.5,0.5,-0.10099999999999999,-0.1001930683851242,0.0022599687799811363,0.01603499986231327,,,1.0,normal
1036,10,scenario3_repeated_spike,SAC,50,0.0,1,0.09,0.11199999999999999,0.5,0.5,-0.10099999999999999,-0.10143112391233444,0.0009698397479951382,0.013264983892440796,,,1.0,normal
1037,10,scenario3_repeated_spike,SAC,50,1.0,0,0.060625,0.197,0.5,0.5,-0.1288125,-0.07992107421159744,0.001945168012753129,0.015711557120084763,,,1.0,normal
1038,10,scenario3_repeated_spike,SAC,50,0.0,1,0.09,0.11199999999999999,0.5,0.5,-0.10099999999999999,-0.12349206954240799,0.0005615530535578728,0.008506188169121742,,,1.0,normal
1039,10,scenario3_repeated_spike,SAC,50,1.0,0,0.060625,0.197,0.5,0.5,-0.1288125,-0.12475002557039261,0.0013708863407373428,0.010712212882936,,,1.0,normal
1040,10,scenario3_repeated_spike,SAC,50,0.0,1,0.09,0.11199999999999999,0.5,0.5,-0.10099999999999999,-0.0793088972568512,0.005376635119318962,0.022779010236263275,,,1.0,normal
1041,10,scenario3_repeated_spike,SAC,50,0.0,1,0.09,0.11199999999999999,0.5,0.5,-0.10099999999999999,-0.07701737433671951,0.002811645157635212,0.017895977944135666,,,1.0,normal
1042,10,scenario3_repeated_spike,SAC,50,0.0,1,0.09,0.11199999999999999,0.5,0.5,-0.10099999999999999,-0.017552878707647324,0.0008269279496744275,0.010572686791419983,,,1.0,normal
1043,10,scenario3_repeated_spike,SAC,50,0.0,1,0.09,0.11199999999999999,0.5,0.5,-0.10099999999999999,-0.01277276873588562,0.0049739438109099865,0.025143170729279518,,,1.0,normal
1044,10,scenario3_repeated_spike,SAC,50,1.0,0,0.060625,0.197,0.5,0.5,-0.1288125,-0.06634949147701263,0.00630249222740531,0.02811145968735218,,,1.0,normal
1045,10,scenario3_repeated_spike,SAC,50,1.9000000000000004,0,0.0611875,0.19790000000000002,0.5,0.5,-0.12954375,-0.06336677074432373,0.006462527438998222,0.030585190281271935,,,1.0,normal
1046,10,scenario3_repeated_spike,SAC,50,2.710000000000001,0,0.061693750000000006,0.19871000000000003,0.5,0.5,-0.13020187500000002,-0.011660021729767323,0.004391293972730637,0.02181975543498993,,,1.0,normal
1047,10,scenario3_repeated_spike,SAC,50,0.0,1,0.09,0.11199999999999999,0.5,0.5,-0.10099999999999999,-0.040353793650865555,0.0027881148271262646,0.02033941075205803,,,1.0,normal
1048,10,scenario3_repeated_spike,SAC,50,0.0,1,0.09,0.11199999999999999,0.5,0.5,-0.10099999999999999,-0.03848355636000633,0.0037968559190630913,0.02098550647497177,,,1.0,normal
1049,10,scenario3_repeated_spike,SAC,50,1.0,0,0.060625,0.197,0.5,0.5,-0.1288125,-0.03624598681926727,0.004504434764385223,0.0197409987449646,,,1.0,normal
1050,10,scenario3_repeated_spike,SAC,50,1.9000000000000004,0,0.0611875,0.19790000000000002,0.5,0.5,-0.12954375,-0.06092100590467453,0.0032799600157886744,0.021699117496609688,,,1.0,normal
1051,10,scenario3_repeated_spike,SAC,50,2.710000000000001,0,0.061693750000000006,0.19871000000000003,0.5,0.5,-0.13020187500000002,-0.06841237097978592,0.002505779964849353,0.01814698614180088,,,1.0,normal
1052,10,scenario3_repeated_spike,SAC,50,0.0,1,0.09,0.11199999999999999,0.5,0.5,-0.10099999999999999,-0.09980443120002747,0.001475464436225593,0.011453405022621155,,,1.0,normal
1053,10,scenario3_repeated_spike,SAC,50,1.0,0,0.060625,0.197,0.5,0.5,-0.1288125,-0.07063272595405579,0.003614879446104169,0.01983153261244297,,,1.0,normal
1054,10,scenario3_repeated_spike,SAC,50,0.0,1,0.09,0.11199999999999999,0.5,0.5,-0.10099999999999999,-0.10785122215747833,0.006132623180747032,0.028075896203517914,,,1.0,normal
1055,10,scenario3_repeated_spike,SAC,50,0.0,1,0.09,0.11199999999999999,0.5,0.5,-0.10099999999999999,-0.0937776118516922,0.005887113511562347,0.0292590893805027,,,1.0,normal
1056,10,scenario3_repeated_spike,SAC,50,0.0,1,0.09,0.11199999999999999,0.5,0.5,-0.10099999999999999,-0.1007281243801117,0.0020862696692347527,0.013685725629329681,,,1.0,normal
1057,10,scenario3_repeated_spike,SAC,50,0.0,1,0.09,0.11199999999999999,0.5,0.5,-0.10099999999999999,0.00124159618280828,0.007737042848020792,0.03616732358932495,,,1.0,normal
1058,10,scenario3_repeated_spike,SAC,50,1.0,0,0.060625,0.197,0.5,0.5,-0.1288125,-0.036926381289958954,0.009454680606722832,0.033226996660232544,,,1.0,normal
1059,10,scenario3_repeated_spike,SAC,50,1.9000000000000004,0,0.0611875,0.19790000000000002,0.5,0.5,-0.12954375,-0.1402783840894699,0.003996474668383598,0.016099652275443077,,,1.0,normal
1060,10,scenario3_repeated_spike,SAC,50,2.710000000000001,0,0.061693750000000006,0.19871000000000003,0.5,0.5,-0.13020187500000002,-0.0790388435125351,0.001628416241146624,0.014446703717112541,,,1.0,normal
1061,10,scenario3_repeated_spike,SAC,50,3.439,0,0.062149375,0.199439,0.5,0.5,-0.1307941875,-0.08947518467903137,0.005216305144131184,0.019468827173113823,,,1.0,normal
1062,10,scenario3_repeated_spike,SAC,50,4.0951,0,0.06255943750000001,0.20009510000000003,0.5,0.5,-0.13132726875,-0.09227031469345093,0.006474061403423548,0.017823053523898125,,,1.0,normal
1063,10,scenario3_repeated_spike,SAC,50,4.685590000000001,0,0.06292849375000001,0.20068559000000002,0.5,0.5,-0.13180704187500003,-0.0938856229186058,0.006463760510087013,0.018707487732172012,,,1.0,normal
1064,10,scenario3_repeated_spike,SAC,50,0.0,1,0.09,0.11199999999999999,0.5,0.5,-0.10099999999999999,-0.08375237882137299,0.0027753578033298254,0.01877269335091114,,,1.0,normal
1065,10,scenario3_repeated_spike,SAC,50,1.0,0,0.060625,0.197,0.5,0.5,-0.1288125,-0.08101486414670944,0.0030905373860150576,0.018434133380651474,,,1.0,normal
1066,10,scenario3_repeated_spike,SAC,50,1.9000000000000004,0,0.0611875,0.19790000000000002,0.5,0.5,-0.12954375,-0.08634795993566513,0.00584710156545043,0.01902811788022518,,,1.0,normal
1067,10,scenario3_repeated_spike,SAC,50,0.0,1,0.09,0.11199999999999999,0.5,0.5,-0.10099999999999999,-0.10213790088891983,0.006337793543934822,0.018636925145983696,,,1.0,normal
1068,10,scenario3_repeated_spike,SAC,50,0.0,1,0.09,0.11199999999999999,0.5,0.5,-0.10099999999999999,-0.056395649909973145,0.0020451992750167847,0.014584577642381191,,,1.0,normal
1069,10,scenario3_repeated_spike,SAC,50,1.0,0,0.060625,0.197,0.5,0.5,-0.1288125,-0.012071792036294937,0.001910498132929206,0.015833955258131027,,,1.0,normal
1070,10,scenario3_repeated_spike,SAC,50,1.9000000000000004,0,0.0611875,0.19790000000000002,0.5,0.5,-0.12954375,0.026489105075597763,0.006233974359929562,0.031521495431661606,,,1.0,normal
1071,10,scenario3_repeated_spike,SAC,50,2.710000000000001,0,0.061693750000000006,0.19871000000000003,0.5,0.5,-0.13020187500000002,-0.11813685297966003,0.0014245869824662805,0.012312458828091621,,,1.0,normal
1072,10,scenario3_repeated_spike,SAC,50,0.0,1,0.09,0.11199999999999999,0.5,0.5,-0.10099999999999999,-0.07381217181682587,0.002831774763762951,0.012693344615399837,,,1.0,normal
1073,10,scenario3_repeated_spike,SAC,50,0.0,1,0.09,0.11199999999999999,0.5,0.5,-0.10099999999999999,-0.09895966202020645,0.0022691027261316776,0.01626763679087162,,,1.0,normal
1074,10,scenario3_repeated_spike,SAC,50,0.0,1,0.09,0.11199999999999999,0.5,0.5,-0.10099999999999999,-0.1428433060646057,0.001734594232402742,0.011925306171178818,,,1.0,normal
1075,10,scenario3_repeated_spike,SAC,50,1.0,0,0.060625,0.197,0.5,0.5,-0.1288125,-0.10753415524959564,0.0023350559640675783,0.015278887934982777,,,1.0,normal
1076,10,scenario3_repeated_spike,SAC,50,0.0,1,0.09,0.11199999999999999,0.5,0.5,-0.10099999999999999,-0.11266953498125076,0.0012726730201393366,0.011980392038822174,,,1.0,normal
1077,10,scenario3_repeated_spike,SAC,50,1.0,0,0.060625,0.197,0.5,0.5,-0.1288125,-0.11604968458414078,0.0007459406624548137,0.009396040812134743,,,1.0,normal
1078,10,scenario3_repeated_spike,SAC,50,0.0,1,0.09,0.11199999999999999,0.5,0.5,-0.10099999999999999,0.0005115489475429058,0.005114780738949776,0.0266905277967453,,,1.0,normal
1079,10,scenario3_repeated_spike,SAC,50,0.0,1,0.09,0.11199999999999999,0.5,0.5,-0.10099999999999999,-0.07943084836006165,0.0028397277928888798,0.019244063645601273,,,1.0,normal
1080,10,scenario3_repeated_spike,SAC,50,1.0,0,0.060625,0.197,0.5,0.5,-0.1288125,-0.10749980807304382,0.0016260141273960471,0.014482042752206326,,,1.0,normal
1081,10,scenario3_repeated_spike,SAC,50,1.9000000000000004,0,0.0611875,0.19790000000000002,0.5,0.5,-0.12954375,-0.14922137558460236,0.0015930073568597436,0.012137819081544876,,,1.0,normal
1082,10,scenario3_repeated_spike,SAC,50,0.0,1,0.09,0.11199999999999999,0.5,0.5,-0.10099999999999999,-0.07092107832431793,0.0042380401864647865,0.022877182811498642,,,1.0,normal
1083,10,scenario3_repeated_spike,SAC,50,1.0,0,0.060625,0.197,0.5,0.5,-0.1288125,-0.09578374028205872,0.0028776389081031084,0.019491445273160934,,,1.0,normal
1084,10,scenario3_repeated_spike,SAC,50,0.0,1,0.09,0.11199999999999999,0.5,0.5,-0.10099999999999999,-0.03568078950047493,0.0005830676527693868,0.010569351725280285,,,1.0,normal
1085,10,scenario3_repeated_spike,SAC,50,0.0,1,0.09,0.11199999999999999,0.5,0.5,-0.10099999999999999,-0.06697458028793335,0.0027565867640078068,0.019559284672141075,,,1.0,normal
1086,10,scenario3_repeated_spike,SAC,50,0.0,1,0.09,0.11199999999999999,0.5,0.5,-0.10099999999999999,-0.02267226204276085,0.003615698544308543,0.022755037993192673,,,1.0,normal
1087,10,scenario3_repeated_spike,SAC,50,0.0,1,0.09,0.11199999999999999,0.5,0.5,-0.10099999999999999,-0.10975780338048935,0.0007272061193361878,0.009469219483435154,,,1.0,normal
1088,10,scenario3_repeated_spike,SAC,50,0.0,1,0.09,0.11199999999999999,0.5,0.5,-0.10099999999999999,-0.08432051539421082,0.0018157942686229944,0.015285608358681202,,,1.0,normal
1089,10,scenario3_repeated_spike,SAC,50,0.0,1,0.09,0.11199999999999999,0.5,0.5,-0.10099999999999999,-0.06584236025810242,0.005926173646003008,0.023727985098958015,,,1.0,normal
1090,10,scenario3_repeated_spike,SAC,50,1.0,0,0.060625,0.197,0.5,0.5,-0.1288125,-0.10036678612232208,0.0033280961215496063,0.020128663629293442,,,1.0,normal
1091,10,scenario3_repeated_spike,SAC,50,1.9000000000000004,0,0.0611875,0.19790000000000002,0.5,0.5,-0.12954375,-0.09446728974580765,0.0024843052960932255,0.014483390375971794,,,1.0,normal
1092,10,scenario3_repeated_spike,SAC,50,0.0,1,0.09,0.11199999999999999,0.5,0.5,-0.10099999999999999,-0.1632733941078186,0.0018448636401444674,0.011365702375769615,,,1.0,normal
1093,10,scenario3_repeated_spike,SAC,50,1.0,0,0.060625,0.197,0.5,0.5,-0.1288125,-0.0943261981010437,0.000760983326472342,0.008299686945974827,,,1.0,normal
1094,10,scenario3_repeated_spike,SAC,50,0.0,1,0.09,0.11199999999999999,0.5,0.5,-0.10099999999999999,-0.027151651680469513,0.0072370595298707485,0.03202131763100624,,,1.0,normal
1095,10,scenario3_repeated_spike,SAC,50,1.0,0,0.060625,0.197,0.5,0.5,-0.1288125,-0.045230839401483536,0.00783800520002842,0.034277550876140594,,,1.0,normal
1096,10,scenario3_repeated_spike,SAC,50,0.0,1,0.09,0.11199999999999999,0.5,0.5,-0.10099999999999999,-0.09127707034349442,0.003146091941744089,0.019909119233489037,,,1.0,normal
1097,10,scenario3_repeated_spike,SAC,50,0.0,1,0.09,0.11199999999999999,0.5,0.5,-0.10099999999999999,-0.06042531877756119,0.002124462043866515,0.020108304917812347,,,1.0,normal
1098,10,scenario3_repeated_spike,SAC,50,0.0,1,0.09,0.11199999999999999,0.5,0.5,-0.10099999999999999,-0.11401031166315079,0.0027562021277844906,0.016234729439020157,,,1.0,normal
1099,10,scenario3_repeated_spike,SAC,50,0.0,1,0.09,0.11199999999999999,0.5,0.5,-0.10099999999999999,-0.07821635156869888,0.002101308899000287,0.014710615389049053,,,1.0,normal
1100,10,scenario3_repeated_spike,SAC,50,0.0,1,0.09,0.11199999999999999,0.5,0.5,-0.10099999999999999,-0.04348130524158478,0.0017667138017714024,0.016963843256235123,,,1.0,normal
1101,10,scenario3_repeated_spike,SAC,50,1.0,0,0.060625,0.197,0.5,0.5,-0.1288125,-0.07123443484306335,0.00184479053132236,0.015395919792354107,,,1.0,normal
1102,10,scenario3_repeated_spike,SAC,50,1.9000000000000004,0,0.0611875,0.19790000000000002,0.5,0.5,-0.12954375,-0.07942891865968704,0.003432486206293106,0.020000049844384193,,,1.0,normal
1103,10,scenario3_repeated_spike,SAC,50,0.0,1,0.09,0.11199999999999999,0.5,0.5,-0.10099999999999999,-0.09553754329681396,0.0072579882107675076,0.03007023222744465,,,1.0,normal
1104,10,scenario3_repeated_spike,SAC,50,1.0,0,0.060625,0.197,0.5,0.5,-0.1288125,-0.0566670298576355,0.0072224135510623455,0.0340643934905529,,,1.0,normal
1105,10,scenario3_repeated_spike,SAC,50,1.9000000000000004,0,0.0611875,0.19790000000000002,0.5,0.5,-0.12954375,-0.06878417730331421,0.0021991096436977386,0.016905169934034348,,,1.0,normal
1106,10,scenario3_repeated_spike,SAC,50,0.0,1,0.09,0.11199999999999999,0.5,0.5,-0.10099999999999999,-0.10346417129039764,0.002445575315505266,0.017411543056368828,,,1.0,normal
1107,10,scenario3_repeated_spike,SAC,50,0.0,1,0.09,0.11199999999999999,0.5,0.5,-0.10099999999999999,-0.03933386132121086,0.007461152039468288,0.034839753061532974,,,1.0,normal
1108,10,scenario3_repeated_spike,SAC,50,1.0,0,0.060625,0.197,0.5,0.5,-0.1288125,-0.08043324202299118,0.004542873241007328,0.021737629547715187,,,1.0,normal
1109,10,scenario3_repeated_spike,SAC,50,0.0,1,0.09,0.11199999999999999,0.5,0.5,-0.10099999999999999,-0.11339065432548523,0.003971989266574383,0.022098978981375694,,,1.0,normal
1110,10,scenario3_repeated_spike,SAC,50,0.0,1,0.09,0.11199999999999999,0.5,0.5,-0.10099999999999999,-0.08957470208406448,0.004477979615330696,0.024781484156847,,,1.0,normal
1111,10,scenario3_repeated_spike,SAC,50,0.0,1,0.09,0.11199999999999999,0.5,0.5,-0.10099999999999999,-0.048512741923332214,0.0016550589352846146,0.0173280481249094,,,1.0,normal
1112,10,scenario3_repeated_spike,SAC,50,1.0,0,0.060625,0.197,0.5,0.5,-0.1288125,-0.04417446628212929,0.006048679351806641,0.026297176256775856,,,1.0,normal
1113,10,scenario3_repeated_spike,SAC,50,1.9000000000000004,0,0.0611875,0.19790000000000002,0.5,0.5,-0.12954375,-0.08475344628095627,0.010486533865332603,0.034686099737882614,,,1.0,normal
1114,10,scenario3_repeated_spike,SAC,50,0.0,1,0.09,0.11199999999999999,0.5,0.5,-0.10099999999999999,-0.10298366099596024,0.004606479778885841,0.02242175303399563,,,1.0,normal
1115,10,scenario3_repeated_spike,SAC,50,0.0,1,0.09,0.11199999999999999,0.5,0.5,-0.10099999999999999,-0.1449744552373886,0.0018121227622032166,0.015287529677152634,,,1.0,normal
1116,10,scenario3_repeated_spike,SAC,50,1.0,0,0.060625,0.197,0.5,0.5,-0.1288125,-0.09212213009595871,0.003786457935348153,0.02257443219423294,,,1.0,normal
1117,10,scenario3_repeated_spike,SAC,50,0.0,1,0.09,0.11199999999999999,0.5,0.5,-0.10099999999999999,-0.0738779753446579,0.005966673605144024,0.026982270181179047,,,1.0,normal
1118,10,scenario3_repeated_spike,SAC,50,0.0,1,0.09,0.11199999999999999,0.5,0.5,-0.10099999999999999,-0.02303682267665863,0.007383192889392376,0.03579997271299362,,,1.0,normal
1119,10,scenario3_repeated_spike,SAC,50,1.0,0,0.060625,0.197,0.5,0.5,-0.1288125,-0.09069423377513885,0.004266674630343914,0.023291608318686485,,,1.0,normal
1120,10,scenario3_repeated_spike,SAC,50,1.9000000000000004,0,0.0611875,0.19790000000000002,0.5,0.5,-0.12954375,-0.02783799171447754,0.0037394703831523657,0.024755163118243217,,,1.0,normal
1121,10,scenario3_repeated_spike,SAC,50,2.710000000000001,0,0.061693750000000006,0.19871000000000003,0.5,0.5,-0.13020187500000002,-0.07566852867603302,0.004198236856609583,0.02323736995458603,,,1.0,normal
1122,10,scenario3_repeated_spike,SAC,50,3.439,0,0.062149375,0.199439,0.5,0.5,-0.1307941875,-0.15972818434238434,0.0022758038248866796,0.014062689617276192,,,1.0,normal
1123,10,scenario3_repeated_spike,SAC,50,4.0951,0,0.06255943750000001,0.20009510000000003,0.5,0.5,-0.13132726875,-0.09326470643281937,0.0017941039986908436,0.01436232216656208,,,1.0,normal
1124,10,scenario3_repeated_spike,SAC,50,0.0,1,0.09,0.11199999999999999,0.5,0.5,-0.10099999999999999,-0.09831362962722778,0.0014056726358830929,0.014015975408256054,,,1.0,normal
1125,10,scenario3_repeated_spike,SAC,50,1.0,0,0.060625,0.197,0.5,0.5,-0.1288125,-0.03500450402498245,0.0020864345133304596,0.01758836954832077,,,1.0,normal
1126,10,scenario3_repeated_spike,SAC,50,1.9000000000000004,0,0.0611875,0.19790000000000002,0.5,0.5,-0.12954375,-0.05716487020254135,0.003510013222694397,0.02168276347219944,,,1.0,normal
1127,10,scenario3_repeated_spike,SAC,50,0.0,1,0.09,0.11199999999999999,0.5,0.5,-0.10099999999999999,-0.047426722943782806,0.003955414518713951,0.025764085352420807,,,1.0,normal
1128,10,scenario3_repeated_spike,SAC,50,1.0,0,0.060625,0.197,0.5,0.5,-0.1288125,-0.1081797406077385,0.003001911798492074,0.019389957189559937,,,1.0,normal
1129,10,scenario3_repeated_spike,SAC,50,1.9000000000000004,0,0.0611875,0.19790000000000002,0.5,0.5,-0.12954375,-0.04952356219291687,0.0005719681503251195,0.010827899910509586,,,1.0,normal
1130,10,scenario3_repeated_spike,SAC,50,2.710000000000001,0,0.061693750000000006,0.19871000000000003,0.5,0.5,-0.13020187500000002,-0.09804165363311768,0.002677337499335408,0.017072338610887527,,,1.0,normal
1131,10,scenario3_repeated_spike,SAC,50,3.439,0,0.062149375,0.199439,0.5,0.5,-0.1307941875,-0.054470717906951904,0.004953907337039709,0.025637030601501465,,,1.0,normal
1132,10,scenario3_repeated_spike,SAC,50,0.0,1,0.09,0.11199999999999999,0.5,0.5,-0.10099999999999999,-0.1291060447692871,0.0010858788155019283,0.010469303466379642,,,1.0,normal
1133,10,scenario3_repeated_spike,SAC,50,0.0,1,0.09,0.11199999999999999,0.5,0.5,-0.10099999999999999,-0.06479889899492264,0.0018830511253327131,0.018865950405597687,,,1.0,normal
1134,10,scenario3_repeated_spike,SAC,50,0.0,1,0.09,0.11199999999999999,0.5,0.5,-0.10099999999999999,-0.05003836750984192,0.003995583392679691,0.026236779987812042,,,1.0,normal
1135,10,scenario3_repeated_spike,SAC,50,1.0,0,0.060625,0.197,0.5,0.5,-0.1288125,-0.17040812969207764,0.000551035045646131,0.0069808135740458965,,,1.0,normal
1136,10,scenario3_repeated_spike,SAC,50,0.0,1,0.09,0.11199999999999999,0.5,0.5,-0.10099999999999999,-0.037346985191106796,0.002998161129653454,0.02102360501885414,,,1.0,normal
1137,10,scenario3_repeated_spike,SAC,50,1.0,0,0.060625,0.197,0.5,0.5,-0.1288125,-0.06464094668626785,0.004661657381802797,0.024134628474712372,,,1.0,normal
1138,10,scenario3_repeated_spike,SAC,50,1.9000000000000004,0,0.0611875,0.19790000000000002,0.5,0.5,-0.12954375,-0.13791534304618835,0.0012994203716516495,0.010201345197856426,,,1.0,normal
1139,10,scenario3_repeated_spike,SAC,50,2.710000000000001,0,0.061693750000000006,0.19871000000000003,0.5,0.5,-0.13020187500000002,-0.0876040831208229,0.001996576087549329,0.017088986933231354,,,1.0,normal
1140,10,scenario3_repeated_spike,SAC,50,0.0,1,0.09,0.11199999999999999,0.5,0.5,-0.10099999999999999,-0.08294285833835602,0.003961802460253239,0.02069908380508423,,,1.0,normal
1141,10,scenario3_repeated_spike,SAC,50,0.0,1,0.09,0.11199999999999999,0.5,0.5,-0.10099999999999999,-0.06471101939678192,0.0032760356552898884,0.021220101043581963,,,1.0,normal
1142,10,scenario3_repeated_spike,SAC,50,1.0,0,0.060625,0.197,0.5,0.5,-0.1288125,-0.08633383363485336,0.0014797443291172385,0.013134179636836052,,,1.0,normal
1143,10,scenario3_repeated_spike,SAC,50,1.9000000000000004,0,0.0611875,0.19790000000000002,0.5,0.5,-0.12954375,-0.0731014683842659,0.0017961538396775723,0.014973441138863564,,,1.0,normal
1144,10,scenario3_repeated_spike,SAC,50,0.0,1,0.09,0.11199999999999999,0.5,0.5,-0.10099999999999999,-0.09457173198461533,0.0007224678993225098,0.010365367867052555,,,1.0,normal
1145,10,scenario3_repeated_spike,SAC,50,0.0,1,0.09,0.11199999999999999,0.5,0.5,-0.10099999999999999,-0.058753229677677155,0.005223862361162901,0.02274857647716999,,,1.0,normal
1146,10,scenario3_repeated_spike,SAC,50,1.0,0,0.060625,0.197,0.5,0.5,-0.1288125,-0.08706611394882202,0.004709508735686541,0.022382017225027084,,,1.0,normal
1147,10,scenario3_repeated_spike,SAC,50,0.0,1,0.09,0.11199999999999999,0.5,0.5,-0.10099999999999999,-0.10733615607023239,0.0019041772466152906,0.013510050252079964,,,1.0,normal
1148,10,scenario3_repeated_spike,SAC,50,1.0,0,0.060625,0.197,0.5,0.5,-0.1288125,-0.05017182230949402,0.0011295818258076906,0.013303905725479126,,,1.0,normal
1149,10,scenario3_repeated_spike,SAC,50,1.9000000000000004,0,0.0611875,0.19790000000000002,0.5,0.5,-0.12954375,-0.08551526814699173,0.0008601713925600052,0.009418783709406853,,,1.0,normal
1150,10,scenario3_repeated_spike,SAC,50,0.0,1,0.09,0.11199999999999999,0.5,0.5,-0.10099999999999999,-0.07205434888601303,0.0009760569082573056,0.011313517577946186,,,1.0,normal
1151,10,scenario3_repeated_spike,SAC,50,0.0,1,0.09,0.11199999999999999,0.5,0.5,-0.10099999999999999,-0.13965779542922974,0.0013089478015899658,0.011356252245604992,,,1.0,normal
1152,10,scenario3_repeated_spike,SAC,50,0.0,1,0.09,0.11199999999999999,0.5,0.5,-0.10099999999999999,-0.043127916753292084,0.003167556831613183,0.020837517455220222,,,1.0,normal
1153,10,scenario3_repeated_spike,SAC,50,0.0,1,0.09,0.11199999999999999,0.5,0.5,-0.10099999999999999,-0.045216143131256104,0.002499195747077465,0.014862095937132835,,,1.0,normal
1154,10,scenario3_repeated_spike,SAC,50,1.0,0,0.060625,0.197,0.5,0.5,-0.1288125,-0.07377181202173233,0.0021206196397542953,0.016945118084549904,,,1.0,normal
1155,10,scenario3_repeated_spike,SAC,50,0.0,1,0.09,0.11199999999999999,0.5,0.5,-0.10099999999999999,-0.08799190819263458,0.0024518868885934353,0.016084417700767517,,,1.0,normal
1156,10,scenario3_repeated_spike,SAC,50,1.0,0,0.060625,0.197,0.5,0.5,-0.1288125,-0.09563017636537552,0.0025383424945175648,0.019328512251377106,,,1.0,normal
1157,10,scenario3_repeated_spike,SAC,50,0.0,1,0.09,0.11199999999999999,0.5,0.5,-0.10099999999999999,-0.06896872818470001,0.0023121496196836233,0.018574101850390434,,,1.0,normal
1158,10,scenario3_repeated_spike,SAC,50,0.0,1,0.09,0.11199999999999999,0.5,0.5,-0.10099999999999999,-0.06663209199905396,0.0009650749852880836,0.011700976639986038,,,1.0,normal
1159,10,scenario3_repeated_spike,SAC,50,0.0,1,0.09,0.11199999999999999,0.5,0.5,-0.10099999999999999,-0.08566522598266602,0.0029693059623241425,0.014567573554813862,,,1.0,normal
1160,10,scenario3_repeated_spike,SAC,50,1.0,0,0.060625,0.197,0.5,0.5,-0.1288125,-0.07296983897686005,0.003221009159460664,0.021417491137981415,,,1.0,normal
1161,10,scenario3_repeated_spike,SAC,50,1.9000000000000004,0,0.0611875,0.19790000000000002,0.5,0.5,-0.12954375,-0.11095584183931351,0.001531166024506092,0.011074776761233807,,,1.0,normal
1162,10,scenario3_repeated_spike,SAC,50,0.0,1,0.09,0.11199999999999999,0.5,0.5,-0.10099999999999999,-0.007091020233929157,0.0038576999213546515,0.023740537464618683,,,1.0,normal
1163,10,scenario3_repeated_spike,SAC,50,1.0,0,0.060625,0.197,0.5,0.5,-0.1288125,-0.10426963865756989,0.003208666341379285,0.017913300544023514,,,1.0,normal
1164,10,scenario3_repeated_spike,SAC,50,0.0,1,0.09,0.11199999999999999,0.5,0.5,-0.10099999999999999,-0.04755387455224991,0.004729758016765118,0.02526472508907318,,,1.0,normal
1165,10,scenario3_repeated_spike,SAC,50,0.0,1,0.09,0.11199999999999999,0.5,0.5,-0.10099999999999999,-0.047663167119026184,0.004821029957383871,0.015520451590418816,,,1.0,normal
1166,10,scenario3_repeated_spike,SAC,50,0.0,1,0.09,0.11199999999999999,0.5,0.5,-0.10099999999999999,-0.08435874432325363,0.002900834195315838,0.019675927236676216,,,1.0,normal
1167,10,scenario3_repeated_spike,SAC,50,0.0,1,0.09,0.11199999999999999,0.5,0.5,-0.10099999999999999,-0.09813958406448364,0.005989545024931431,0.02098710834980011,,,1.0,normal
1168,10,scenario3_repeated_spike,SAC,50,0.0,1,0.09,0.11199999999999999,0.5,0.5,-0.10099999999999999,-0.049826789647340775,0.0035477043129503727,0.02013300731778145,,,1.0,normal
1169,10,scenario3_repeated_spike,SAC,50,0.0,1,0.09,0.11199999999999999,0.5,0.5,-0.10099999999999999,-0.09677117317914963,0.0017363670049235225,0.014225654304027557,,,1.0,normal
1170,10,scenario3_repeated_spike,SAC,50,1.0,0,0.060625,0.197,0.5,0.5,-0.1288125,-0.11507321894168854,0.0014508445747196674,0.013018298894166946,,,1.0,normal
1171,10,scenario3_repeated_spike,SAC,50,1.9000000000000004,0,0.0611875,0.19790000000000002,0.5,0.5,-0.12954375,-0.027804819867014885,0.0034289825707674026,0.02168397791683674,,,1.0,normal
1172,10,scenario3_repeated_spike,SAC,50,2.710000000000001,0,0.061693750000000006,0.19871000000000003,0.5,0.5,-0.13020187500000002,-0.05803476274013519,0.0009500510059297085,0.012606414966285229,,,1.0,normal
1173,10,scenario3_repeated_spike,SAC,50,0.0,1,0.09,0.11199999999999999,0.5,0.5,-0.10099999999999999,-0.1224263459444046,0.0005982732400298119,0.008206728845834732,,,1.0,normal
1174,10,scenario3_repeated_spike,SAC,50,1.0,0,0.060625,0.197,0.5,0.5,-0.1288125,-0.044827573001384735,0.005057686008512974,0.025642799213528633,,,1.0,normal
1175,10,scenario3_repeated_spike,SAC,50,0.0,1,0.09,0.11199999999999999,0.5,0.5,-0.10099999999999999,-0.12385949492454529,0.0025951771531254053,0.012763638980686665,,,1.0,normal
1176,10,scenario3_repeated_spike,SAC,50,1.0,0,0.060625,0.197,0.5,0.5,-0.1288125,-0.05841277539730072,0.0010191370965912938,0.012692193500697613,,,1.0,normal
1177,10,scenario3_repeated_spike,SAC,50,0.0,1,0.09,0.11199999999999999,0.5,0.5,-0.10099999999999999,-0.04549165442585945,0.0022901815827935934,0.014498968608677387,,,1.0,normal
1178,10,scenario3_repeated_spike,SAC,50,0.0,1,0.09,0.11199999999999999,0.5,0.5,-0.10099999999999999,-0.10637032985687256,0.005257024429738522,0.01701120100915432,,,1.0,normal
1179,10,scenario3_repeated_spike,SAC,50,1.0,0,0.060625,0.197,0.5,0.5,-0.1288125,-0.07711444795131683,0.004087573848664761,0.01659926027059555,,,1.0,normal
1180,10,scenario3_repeated_spike,SAC,50,1.9000000000000004,0,0.0611875,0.19790000000000002,0.5,0.5,-0.12954375,-0.09903763979673386,0.00036289222771301866,0.0074135069735348225,,,1.0,normal
1181,10,scenario3_repeated_spike,SAC,50,0.0,1,0.09,0.11199999999999999,0.5,0.5,-0.10099999999999999,-0.05287649855017662,0.005600585136562586,0.0201694555580616,,,1.0,normal
1182,10,scenario3_repeated_spike,SAC,50,1.0,0,0.060625,0.197,0.5,0.5,-0.1288125,-0.0599941685795784,0.007892657071352005,0.026488082483410835,,,1.0,normal
1183,10,scenario3_repeated_spike,SAC,50,1.9000000000000004,0,0.0611875,0.19790000000000002,0.5,0.5,-0.12954375,-0.06413677334785461,0.006001291796565056,0.025147151201963425,,,1.0,normal
1184,10,scenario3_repeated_spike,SAC,50,0.0,1,0.09,0.11199999999999999,0.5,0.5,-0.10099999999999999,-0.13066598773002625,0.000867938157171011,0.009759221225976944,,,1.0,normal
1185,10,scenario3_repeated_spike,SAC,50,0.0,1,0.09,0.11199999999999999,0.5,0.5,-0.10099999999999999,-0.018466617912054062,0.0023860596120357513,0.017804494127631187,,,1.0,normal
1186,10,scenario3_repeated_spike,SAC,50,1.0,0,0.060625,0.197,0.5,0.5,-0.1288125,-0.020092561841011047,0.003624601988121867,0.01946941390633583,,,1.0,normal
1187,10,scenario3_repeated_spike,SAC,50,1.9000000000000004,0,0.0611875,0.19790000000000002,0.5,0.5,-0.12954375,-0.05871320143342018,0.0050892578437924385,0.017346970736980438,,,1.0,normal
1188,10,scenario3_repeated_spike,SAC,50,0.0,1,0.09,0.11199999999999999,0.5,0.5,-0.10099999999999999,-0.11079834401607513,0.001071978360414505,0.009348138235509396,,,1.0,normal
1189,10,scenario3_repeated_spike,SAC,50,1.0,0,0.060625,0.197,0.5,0.5,-0.1288125,-0.1366291493177414,0.002495519118383527,0.008946161717176437,,,1.0,normal
1190,10,scenario3_repeated_spike,SAC,50,0.0,1,0.09,0.11199999999999999,0.5,0.5,-0.10099999999999999,-0.09967994689941406,0.003895081812515855,0.020210929214954376,,,1.0,normal
1191,10,scenario3_repeated_spike,SAC,50,1.0,0,0.060625,0.197,0.5,0.5,-0.1288125,-0.07752849906682968,0.008414853364229202,0.03002491593360901,,,1.0,normal
1192,10,scenario3_repeated_spike,SAC,50,0.0,1,0.09,0.11199999999999999,0.5,0.5,-0.10099999999999999,-0.11586583405733109,0.004054791294038296,0.019006339833140373,,,1.0,normal
1193,10,scenario3_repeated_spike,SAC,50,1.0,0,0.060625,0.197,0.5,0.5,-0.1288125,-0.04941888898611069,0.0011450269958004355,0.010389430448412895,,,1.0,normal
1194,10,scenario3_repeated_spike,SAC,50,1.9000000000000004,0,0.0611875,0.19790000000000002,0.5,0.5,-0.12954375,-0.09233087301254272,0.0018250471912324429,0.01433135662227869,,,1.0,normal
1195,10,scenario3_repeated_spike,SAC,50,2.710000000000001,0,0.061693750000000006,0.19871000000000003,0.5,0.5,-0.13020187500000002,-0.03522845357656479,0.004743094090372324,0.023966962471604347,,,1.0,normal
1196,10,scenario3_repeated_spike,SAC,50,0.0,1,0.09,0.11199999999999999,0.5,0.5,-0.10099999999999999,-0.09574910998344421,0.005950987804681063,0.022228317335247993,,,1.0,normal
1197,10,scenario3_repeated_spike,SAC,50,0.0,1,0.09,0.11199999999999999,0.5,0.5,-0.10099999999999999,-0.13569976389408112,0.0002841252717189491,0.00670991325750947,,,1.0,normal
1198,10,scenario3_repeated_spike,SAC,50,0.0,1,0.09,0.11199999999999999,0.5,0.5,-0.10099999999999999,-0.13765114545822144,0.001707312767393887,0.012262063100934029,,,1.0,normal
1199,10,scenario3_repeated_spike,SAC,50,0.0,1,0.09,0.11199999999999999,0.5,0.5,-0.10099999999999999,-0.12251825630664825,0.003416042309254408,0.014317894354462624,,,1.0,normal
1200,10,scenario3_repeated_spike,SAC,50,0.0,1,0.09,0.11199999999999999,0.5,0.5,-0.10099999999999999,-0.09580349177122116,0.0013414922868832946,0.011578069068491459,,,1.0,normal
1201,10,scenario3_repeated_spike,SAC,50,1.0,0,0.060625,0.197,0.5,0.5,-0.1288125,-0.09993942826986313,0.0010674038203433156,0.010498053394258022,,,1.0,normal
1202,10,scenario3_repeated_spike,SAC,50,0.0,1,0.09,0.11199999999999999,0.5,0.5,-0.10099999999999999,-0.12836596369743347,0.0016067492542788386,0.011951703578233719,,,1.0,normal
1203,10,scenario3_repeated_spike,SAC,50,1.0,0,0.060625,0.197,0.5,0.5,-0.1288125,-0.06215619295835495,0.006372115574777126,0.02591549977660179,,,1.0,normal
1204,10,scenario3_repeated_spike,SAC,50,0.0,1,0.09,0.11199999999999999,0.5,0.5,-0.10099999999999999,-0.08753710240125656,0.002608249429613352,0.01603938266634941,,,1.0,normal
1205,10,scenario3_repeated_spike,SAC,50,1.0,0,0.060625,0.197,0.5,0.5,-0.1288125,-0.06704951822757721,0.0028454214334487915,0.017924698069691658,,,1.0,normal
1206,10,scenario3_repeated_spike,SAC,50,0.0,1,0.09,0.11199999999999999,0.5,0.5,-0.10099999999999999,-0.06965456902980804,0.00361068919301033,0.019912755116820335,,,1.0,normal
1207,10,scenario3_repeated_spike,SAC,50,0.0,1,0.09,0.11199999999999999,0.5,0.5,-0.10099999999999999,-0.13963796198368073,0.002974217990413308,0.012467369437217712,,,1.0,normal
1208,10,scenario3_repeated_spike,SAC,50,1.0,0,0.060625,0.197,0.5,0.5,-0.1288125,-0.09501306712627411,0.004191841930150986,0.01750423014163971,,,1.0,normal
1209,10,scenario3_repeated_spike,SAC,50,0.0,1,0.09,0.11199999999999999,0.5,0.5,-0.10099999999999999,-0.0979909673333168,0.0023323192726820707,0.01586991921067238,,,1.0,normal
1210,10,scenario3_repeated_spike,SAC,50,1.0,0,0.060625,0.197,0.5,0.5,-0.1288125,-0.08453982323408127,0.0007031732820905745,0.009225606918334961,,,1.0,normal
1211,10,scenario3_repeated_spike,SAC,50,0.0,1,0.09,0.11199999999999999,0.5,0.5,-0.10099999999999999,-0.07640674710273743,0.005215640179812908,0.0189560204744339,,,1.0,normal
1212,10,scenario3_repeated_spike,SAC,50,1.0,0,0.060625,0.197,0.5,0.5,-0.1288125,-0.06920592486858368,0.0045239683240652084,0.023668520152568817,,,1.0,normal
1213,10,scenario3_repeated_spike,SAC,50,0.0,1,0.09,0.11199999999999999,0.5,0.5,-0.10099999999999999,-0.12311781942844391,0.0016418449813500047,0.01396485697478056,,,1.0,normal
1214,10,scenario3_repeated_spike,SAC,50,0.0,1,0.09,0.11199999999999999,0.5,0.5,-0.10099999999999999,-0.11102279275655746,0.0012763508129864931,0.011642543599009514,,,1.0,normal
1215,10,scenario3_repeated_spike,SAC,50,1.0,0,0.060625,0.197,0.5,0.5,-0.1288125,-0.07063835859298706,0.0065069724805653095,0.026245763525366783,,,1.0,normal
1216,10,scenario3_repeated_spike,SAC,50,0.0,1,0.09,0.11199999999999999,0.5,0.5,-0.10099999999999999,-0.06912720203399658,0.006564449984580278,0.026703642681241035,,,1.0,normal
1217,10,scenario3_repeated_spike,SAC,50,1.0,0,0.060625,0.197,0.5,0.5,-0.1288125,-0.07717394828796387,0.002488161437213421,0.01604324020445347,,,1.0,normal
1218,10,scenario3_repeated_spike,SAC,50,0.0,1,0.09,0.11199999999999999,0.5,0.5,-0.10099999999999999,-0.11439992487430573,0.002080832375213504,0.01186569407582283,,,1.0,normal
1219,10,scenario3_repeated_spike,SAC,50,1.0,0,0.060625,0.197,0.5,0.5,-0.1288125,-0.04430887848138809,0.0027434579096734524,0.01806734874844551,,,1.0,normal
1220,10,scenario3_repeated_spike,SAC,50,1.9000000000000004,0,0.0611875,0.19790000000000002,0.5,0.5,-0.12954375,-0.08079684525728226,0.0020982816349714994,0.015685003250837326,,,1.0,normal
1221,10,scenario3_repeated_spike,SAC,50,0.0,1,0.09,0.11199999999999999,0.5,0.5,-0.10099999999999999,-0.02167515829205513,0.0014191772788763046,0.014110363088548183,,,1.0,normal
1222,10,scenario3_repeated_spike,SAC,50,1.0,0,0.060625,0.197,0.5,0.5,-0.1288125,-0.13657701015472412,0.003090724814683199,0.013828259892761707,,,1.0,normal
1223,10,scenario3_repeated_spike,SAC,50,1.9000000000000004,0,0.0611875,0.19790000000000002,0.5,0.5,-0.12954375,-0.0643899142742157,0.004833046346902847,0.02537274733185768,,,1.0,normal
1224,10,scenario3_repeated_spike,SAC,50,0.0,1,0.09,0.11199999999999999,0.5,0.5,-0.10099999999999999,-0.09478294104337692,0.008550763130187988,0.029104918241500854,,,1.0,normal
1225,10,scenario3_repeated_spike,SAC,50,1.0,0,0.060625,0.197,0.5,0.5,-0.1288125,-0.04793618619441986,0.009793035686016083,0.03657914325594902,,,1.0,normal
1226,10,scenario3_repeated_spike,SAC,50,1.9000000000000004,0,0.0611875,0.19790000000000002,0.5,0.5,-0.12954375,-0.0851099044084549,0.003267025575041771,0.021357644349336624,,,1.0,normal
1227,10,scenario3_repeated_spike,SAC,50,0.0,1,0.09,0.11199999999999999,0.5,0.5,-0.10099999999999999,-0.04106517136096954,0.0006704929401166737,0.009250037372112274,,,1.0,normal
1228,10,scenario3_repeated_spike,SAC,50,0.0,1,0.09,0.11199999999999999,0.5,0.5,-0.10099999999999999,-0.06780823320150375,0.008621733635663986,0.029580941423773766,,,1.0,normal
1229,10,scenario3_repeated_spike,SAC,50,1.0,0,0.060625,0.197,0.5,0.5,-0.1288125,-0.028643105179071426,0.015941444784402847,0.047004979103803635,,,1.0,normal
1230,10,scenario3_repeated_spike,SAC,50,1.9000000000000004,0,0.0611875,0.19790000000000002,0.5,0.5,-0.12954375,-0.007797855883836746,0.0139958830550313,0.0495222806930542,,,1.0,normal
1231,10,scenario3_repeated_spike,SAC,50,2.710000000000001,0,0.061693750000000006,0.19871000000000003,0.5,0.5,-0.13020187500000002,-0.1119149774312973,0.002059586113318801,0.01638956367969513,,,1.0,normal
1232,10,scenario3_repeated_spike,SAC,50,3.439,0,0.062149375,0.199439,0.5,0.5,-0.1307941875,-0.10744443535804749,0.0034833173267543316,0.021254220977425575,,,1.0,normal
1233,10,scenario3_repeated_spike,SAC,50,0.0,1,0.09,0.11199999999999999,0.5,0.5,-0.10099999999999999,-0.1374165415763855,0.007261792663484812,0.027291199192404747,,,1.0,normal
1234,10,scenario3_repeated_spike,SAC,50,1.0,0,0.060625,0.197,0.5,0.5,-0.1288125,-0.06838266551494598,0.010682289488613605,0.03830115497112274,,,1.0,normal
1235,10,scenario3_repeated_spike,SAC,50,1.9000000000000004,0,0.0611875,0.19790000000000002,0.5,0.5,-0.12954375,-0.04649687185883522,0.0018883204320445657,0.0130060575902462,,,1.0,normal
1236,10,scenario3_repeated_spike,SAC,50,2.710000000000001,0,0.061693750000000006,0.19871000000000003,0.5,0.5,-0.13020187500000002,-0.0666501596570015,0.0036144747864454985,0.021028690040111542,,,1.0,normal
1237,10,scenario3_repeated_spike,SAC,50,3.439,0,0.062149375,0.199439,0.5,0.5,-0.1307941875,-0.0011744499206542969,0.00797204114496708,0.03252328187227249,,,1.0,normal
1238,10,scenario3_repeated_spike,SAC,50,0.0,1,0.09,0.11199999999999999,0.5,0.5,-0.10099999999999999,-0.06934578716754913,0.004096111748367548,0.020768078044056892,,,1.0,normal
1239,10,scenario3_repeated_spike,SAC,50,0.0,1,0.09,0.11199999999999999,0.5,0.5,-0.10099999999999999,-0.0821618139743805,0.0008913868805393577,0.009985994547605515,,,1.0,normal
1240,10,scenario3_repeated_spike,SAC,50,0.0,1,0.09,0.11199999999999999,0.5,0.5,-0.10099999999999999,-0.14117558300495148,0.001914816559292376,0.011199092492461205,,,1.0,normal
1241,10,scenario3_repeated_spike,SAC,50,1.0,0,0.060625,0.197,0.5,0.5,-0.1288125,-0.08771165460348129,0.004695792682468891,0.01994047686457634,,,1.0,normal
1242,10,scenario3_repeated_spike,SAC,50,0.0,1,0.09,0.11199999999999999,0.5,0.5,-0.10099999999999999,-0.08889581263065338,0.0028398940339684486,0.015634246170520782,,,1.0,normal
1243,10,scenario3_repeated_spike,SAC,50,0.0,1,0.09,0.11199999999999999,0.5,0.5,-0.10099999999999999,-0.10752955824136734,0.0011370709398761392,0.010439148172736168,,,1.0,normal
1244,10,scenario3_repeated_spike,SAC,50,1.0,0,0.060625,0.197,0.5,0.5,-0.1288125,-0.08504597842693329,0.0025222820695489645,0.01727725751698017,,,1.0,normal
1245,10,scenario3_repeated_spike,SAC,50,0.0,1,0.09,0.11199999999999999,0.5,0.5,-0.10099999999999999,-0.0633949264883995,0.0005612852983176708,0.009152502752840519,,,1.0,normal
1246,10,scenario3_repeated_spike,SAC,50,0.0,1,0.09,0.11199999999999999,0.5,0.5,-0.10099999999999999,-0.11298763751983643,0.002182072028517723,0.014155140146613121,,,1.0,normal
1247,10,scenario3_repeated_spike,SAC,50,1.0,0,0.060625,0.197,0.5,0.5,-0.1288125,-0.14771805703639984,0.003442808985710144,0.01622786931693554,,,1.0,normal
1248,10,scenario3_repeated_spike,SAC,50,0.0,1,0.09,0.11199999999999999,0.5,0.5,-0.10099999999999999,-0.0241042859852314,0.0026811053976416588,0.020956233143806458,,,1.0,normal
1249,10,scenario3_repeated_spike,SAC,50,1.0,0,0.060625,0.197,0.5,0.5,-0.1288125,-0.0889822319149971,0.001431365730240941,0.013764562085270882,,,1.0,normal
1250,10,scenario3_repeated_spike,SAC,50,1.9000000000000004,0,0.0611875,0.19790000000000002,0.5,0.5,-0.12954375,-0.12023559957742691,0.0020871730521321297,0.015441148541867733,,,1.0,normal
1251,10,scenario3_repeated_spike,SAC,50,0.0,1,0.09,0.11199999999999999,0.5,0.5,-0.10099999999999999,-0.06621579080820084,0.0005382578819990158,0.008443513885140419,,,1.0,normal
1252,10,scenario3_repeated_spike,SAC,50,0.0,1,0.09,0.11199999999999999,0.5,0.5,-0.10099999999999999,-0.12836158275604248,0.0017928954912349582,0.013574852608144283,,,1.0,normal
1253,10,scenario3_repeated_spike,SAC,50,0.0,1,0.09,0.11199999999999999,0.5,0.5,-0.10099999999999999,-0.0737958773970604,0.00325115118175745,0.018024181947112083,,,1.0,normal
1254,10,scenario3_repeated_spike,SAC,50,1.0,0,0.060625,0.197,0.5,0.5,-0.1288125,-0.02881389856338501,0.0037064955104142427,0.017028553411364555,,,1.0,normal
1255,10,scenario3_repeated_spike,SAC,50,0.0,1,0.09,0.11199999999999999,0.5,0.5,-0.10099999999999999,-0.09992967545986176,0.001287671155296266,0.01237555779516697,,,1.0,normal
1256,10,scenario3_repeated_spike,SAC,50,0.0,1,0.09,0.11199999999999999,0.5,0.5,-0.10099999999999999,-0.06277921050786972,0.0032372032292187214,0.019947543740272522,,,1.0,normal
1257,10,scenario3_repeated_spike,SAC,50,1.0,0,0.060625,0.197,0.5,0.5,-0.1288125,-0.07882632315158844,0.000754858017899096,0.008539990521967411,,,1.0,normal
1258,10,scenario3_repeated_spike,SAC,50,1.9000000000000004,0,0.0611875,0.19790000000000002,0.5,0.5,-0.12954375,-0.10148149728775024,0.0036061517894268036,0.017623135820031166,,,1.0,normal
1259,10,scenario3_repeated_spike,SAC,50,0.0,1,0.09,0.11199999999999999,0.5,0.5,-0.10099999999999999,-0.11338863521814346,0.003150330390781164,0.018759101629257202,,,1.0,normal
1260,10,scenario3_repeated_spike,SAC,50,0.0,1,0.09,0.11199999999999999,0.5,0.5,-0.10099999999999999,-0.055215172469615936,0.0016527918633073568,0.014626430347561836,,,1.0,normal
1261,10,scenario3_repeated_spike,SAC,50,1.0,0,0.060625,0.197,0.5,0.5,-0.1288125,-0.0810580775141716,0.000612622476182878,0.00853023026138544,,,1.0,normal
1262,10,scenario3_repeated_spike,SAC,50,1.9000000000000004,0,0.0611875,0.19790000000000002,0.5,0.5,-0.12954375,-0.0768561065196991,0.002932209987193346,0.01875750720500946,,,1.0,normal
1263,10,scenario3_repeated_spike,SAC,50,0.0,1,0.09,0.11199999999999999,0.5,0.5,-0.10099999999999999,-0.07395728677511215,0.003590038511902094,0.01934722438454628,,,1.0,normal
1264,10,scenario3_repeated_spike,SAC,50,0.0,1,0.09,0.11199999999999999,0.5,0.5,-0.10099999999999999,-0.1608683317899704,0.0007769537623971701,0.00753505015745759,,,1.0,normal
1265,10,scenario3_repeated_spike,SAC,50,0.0,1,0.09,0.11199999999999999,0.5,0.5,-0.10099999999999999,-0.09872939437627792,0.002857077866792679,0.018047552555799484,,,1.0,normal
1266,10,scenario3_repeated_spike,SAC,50,0.0,1,0.09,0.11199999999999999,0.5,0.5,-0.10099999999999999,-0.10168663412332535,0.004877699539065361,0.01936771720647812,,,1.0,normal
1267,10,scenario3_repeated_spike,SAC,50,0.0,1,0.09,0.11199999999999999,0.5,0.5,-0.10099999999999999,-0.13879045844078064,0.0030631525442004204,0.01657162792980671,,,1.0,normal
1268,10,scenario3_repeated_spike,SAC,50,0.0,1,0.09,0.11199999999999999,0.5,0.5,-0.10099999999999999,-0.08916791528463364,0.0012298212386667728,0.011449377983808517,,,1.0,normal
1269,10,scenario3_repeated_spike,SAC,50,1.0,0,0.060625,0.197,0.5,0.5,-0.1288125,-0.0826195701956749,0.005056563764810562,0.02138752117753029,,,1.0,normal
1270,10,scenario3_repeated_spike,SAC,50,1.9000000000000004,0,0.0611875,0.19790000000000002,0.5,0.5,-0.12954375,-0.12419913709163666,0.004198149777948856,0.019925100728869438,,,1.0,normal
1271,10,scenario3_repeated_spike,SAC,50,0.0,1,0.09,0.11199999999999999,0.5,0.5,-0.10099999999999999,-0.10681995749473572,0.007210075855255127,0.026129059493541718,,,1.0,normal
1272,10,scenario3_repeated_spike,SAC,50,1.0,0,0.060625,0.197,0.5,0.5,-0.1288125,-0.07860645651817322,0.0030125388875603676,0.015649981796741486,,,1.0,normal
1273,10,scenario3_repeated_spike,SAC,50,0.0,1,0.09,0.11199999999999999,0.5,0.5,-0.10099999999999999,-0.08457885682582855,0.0017883870750665665,0.01353496965020895,,,1.0,normal
1274,10,scenario3_repeated_spike,SAC,50,1.0,0,0.060625,0.197,0.5,0.5,-0.1288125,-0.0031703952699899673,0.002833250444382429,0.01904480904340744,,,1.0,normal
1275,10,scenario3_repeated_spike,SAC,50,0.0,1,0.09,0.11199999999999999,0.5,0.5,-0.10099999999999999,-0.12472660094499588,0.0021962495520710945,0.011868657544255257,,,1.0,normal
1276,10,scenario3_repeated_spike,SAC,50,1.0,0,0.060625,0.197,0.5,0.5,-0.1288125,-0.029915394261479378,0.003592428518459201,0.019425755366683006,,,1.0,normal
1277,10,scenario3_repeated_spike,SAC,50,1.9000000000000004,0,0.0611875,0.19790000000000002,0.5,0.5,-0.12954375,-0.07905323803424835,0.005536893382668495,0.02233187109231949,,,1.0,normal
1278,10,scenario3_repeated_spike,SAC,50,0.0,1,0.09,0.11199999999999999,0.5,0.5,-0.10099999999999999,-0.10631102323532104,0.0016489822883158922,0.012552454136312008,,,1.0,normal
1279,10,scenario3_repeated_spike,SAC,50,0.0,1,0.09,0.11199999999999999,0.5,0.5,-0.10099999999999999,-0.06451258063316345,0.002964872168377042,0.01593911461532116,,,1.0,normal
1280,10,scenario3_repeated_spike,SAC,50,1.0,0,0.060625,0.197,0.5,0.5,-0.1288125,-0.07073957473039627,0.004564458504319191,0.02317231148481369,,,1.0,normal
1281,10,scenario3_repeated_spike,SAC,50,1.9000000000000004,0,0.0611875,0.19790000000000002,0.5,0.5,-0.12954375,-0.09432315081357956,0.0031893113628029823,0.018369344994425774,,,1.0,normal
1282,10,scenario3_repeated_spike,SAC,50,0.0,1,0.09,0.11199999999999999,0.5,0.5,-0.10099999999999999,-0.02711418643593788,0.0012413726653903723,0.01240931823849678,,,1.0,normal
1283,10,scenario3_repeated_spike,SAC,50,0.0,1,0.09,0.11199999999999999,0.5,0.5,-0.10099999999999999,-0.046679046005010605,0.0010542795062065125,0.012940888293087482,,,1.0,normal
1284,10,scenario3_repeated_spike,SAC,50,0.0,1,0.09,0.11199999999999999,0.5,0.5,-0.10099999999999999,-0.042646147310733795,0.0022384142503142357,0.016249429434537888,,,1.0,normal
1285,10,scenario3_repeated_spike,SAC,50,0.0,1,0.09,0.11199999999999999,0.5,0.5,-0.10099999999999999,-0.11437956988811493,0.001213782001286745,0.011482754722237587,,,1.0,normal
1286,10,scenario3_repeated_spike,SAC,50,1.0,0,0.060625,0.197,0.5,0.5,-0.1288125,-0.08292408287525177,0.0003816607058979571,0.007619192358106375,,,1.0,normal
1287,10,scenario3_repeated_spike,SAC,50,0.0,1,0.09,0.11199999999999999,0.5,0.5,-0.10099999999999999,0.00040074437856674194,0.000538706430234015,0.00877430010586977,,,1.0,normal
1288,10,scenario3_repeated_spike,SAC,50,1.0,0,0.060625,0.197,0.5,0.5,-0.1288125,-0.08462764322757721,0.0028039091266691685,0.013673149980604649,,,1.0,normal
1289,10,scenario3_repeated_spike,SAC,50,0.0,1,0.09,0.11199999999999999,0.5,0.5,-0.10099999999999999,-0.09688419103622437,0.0009255041368305683,0.009655144065618515,,,1.0,normal
1290,10,scenario3_repeated_spike,SAC,50,0.0,1,0.09,0.11199999999999999,0.5,0.5,-0.10099999999999999,-0.13306966423988342,0.003520714584738016,0.015150781720876694,,,1.0,normal
1291,10,scenario3_repeated_spike,SAC,50,1.0,0,0.060625,0.197,0.5,0.5,-0.1288125,-0.0938158854842186,0.0013084926176816225,0.013056179508566856,,,1.0,normal
1292,10,scenario3_repeated_spike,SAC,50,1.9000000000000004,0,0.0611875,0.19790000000000002,0.5,0.5,-0.12954375,-0.07026990503072739,0.0018419825937598944,0.013684178702533245,,,1.0,normal
1293,10,scenario3_repeated_spike,SAC,50,2.710000000000001,0,0.061693750000000006,0.19871000000000003,0.5,0.5,-0.13020187500000002,-0.12802740931510925,0.0017365454696118832,0.012538423761725426,,,1.0,normal
1294,10,scenario3_repeated_spike,SAC,50,0.0,1,0.09,0.11199999999999999,0.5,0.5,-0.10099999999999999,-0.07815870642662048,0.0011016321368515491,0.012256530113518238,,,1.0,normal
1295,10,scenario3_repeated_spike,SAC,50,1.0,0,0.060625,0.197,0.5,0.5,-0.1288125,-0.06398502737283707,0.0022048261016607285,0.01755833998322487,,,1.0,normal
1296,10,scenario3_repeated_spike,SAC,50,1.9000000000000004,0,0.0611875,0.19790000000000002,0.5,0.5,-0.12954375,-0.10139759629964828,0.005123782902956009,0.019499624148011208,,,1.0,normal
1297,10,scenario3_repeated_spike,SAC,50,2.710000000000001,0,0.061693750000000006,0.19871000000000003,0.5,0.5,-0.13020187500000002,-0.0469498485326767,0.0020556787494570017,0.015712670981884003,,,1.0,normal
1298,10,scenario3_repeated_spike,SAC,50,0.0,1,0.09,0.11199999999999999,0.5,0.5,-0.10099999999999999,-0.0714414119720459,0.00142684206366539,0.013088302686810493,,,1.0,normal
1299,10,scenario3_repeated_spike,SAC,50,0.0,1,0.09,0.11199999999999999,0.5,0.5,-0.10099999999999999,-0.05857030302286148,0.0009875461691990495,0.011815431527793407,,,1.0,normal
1300,10,scenario3_repeated_spike,SAC,50,1.0,0,0.060625,0.197,0.5,0.5,-0.1288125,-0.06393039971590042,0.001024019904434681,0.009479468688368797,,,1.0,normal
1301,10,scenario3_repeated_spike,SAC,50,0.0,1,0.09,0.11199999999999999,0.5,0.5,-0.10099999999999999,-0.10405460000038147,0.0005708300741389394,0.007616217248141766,,,1.0,normal
1302,10,scenario3_repeated_spike,SAC,50,0.0,1,0.09,0.11199999999999999,0.5,0.5,-0.10099999999999999,-0.1548498421907425,0.0002446143771521747,0.005385781172662973,,,1.0,normal
1303,10,scenario3_repeated_spike,SAC,50,0.0,1,0.09,0.11199999999999999,0.5,0.5,-0.10099999999999999,-0.07818060368299484,0.0008816777844913304,0.010000512935221195,,,1.0,normal
1304,10,scenario3_repeated_spike,SAC,50,0.0,1,0.09,0.11199999999999999,0.5,0.5,-0.10099999999999999,-0.1297357678413391,0.0012586680240929127,0.011164873838424683,,,1.0,normal
1305,10,scenario3_repeated_spike,SAC,50,0.0,1,0.09,0.11199999999999999,0.5,0.5,-0.10099999999999999,-0.059278104454278946,0.0015323581174015999,0.0140847098082304,,,1.0,normal
1306,10,scenario3_repeated_spike,SAC,50,0.0,1,0.09,0.11199999999999999,0.5,0.5,-0.10099999999999999,-0.06749586015939713,0.0004893841105513275,0.007765984162688255,,,1.0,normal
1307,10,scenario3_repeated_spike,SAC,50,1.0,0,0.060625,0.197,0.5,0.5,-0.1288125,-0.10245855152606964,0.0015212456928566098,0.011053563095629215,,,1.0,normal
1308,10,scenario3_repeated_spike,SAC,50,1.9000000000000004,0,0.0611875,0.19790000000000002,0.5,0.5,-0.12954375,-0.0703546553850174,0.001700335182249546,0.013852433301508427,,,1.0,normal
1309,10,scenario3_repeated_spike,SAC,50,2.710000000000001,0,0.061693750000000006,0.19871000000000003,0.5,0.5,-0.13020187500000002,-0.11225173622369766,0.001129950163885951,0.010761787183582783,,,1.0,normal
1310,10,scenario3_repeated_spike,SAC,50,0.0,1,0.09,0.11199999999999999,0.5,0.5,-0.10099999999999999,-0.09816154837608337,0.00042098533594980836,0.006688895169645548,,,1.0,normal
1311,10,scenario3_repeated_spike,SAC,50,1.0,0,0.060625,0.197,0.5,0.5,-0.1288125,0.023011166602373123,0.002737397328019142,0.019282108172774315,,,1.0,normal
1312,10,scenario3_repeated_spike,SAC,50,0.0,1,0.09,0.11199999999999999,0.5,0.5,-0.10099999999999999,-0.08576370775699615,0.0016143728280439973,0.0138693330809474,,,1.0,normal
1313,10,scenario3_repeated_spike,SAC,50,0.0,1,0.09,0.11199999999999999,0.5,0.5,-0.10099999999999999,-0.06495805829763412,0.0010364700574427843,0.010540608316659927,,,1.0,normal
1314,10,scenario3_repeated_spike,SAC,50,1.0,0,0.060625,0.197,0.5,0.5,-0.1288125,-0.09085938334465027,0.0004033559816889465,0.00705684581771493,,,1.0,normal
1315,10,scenario3_repeated_spike,SAC,50,0.0,1,0.09,0.11199999999999999,0.5,0.5,-0.10099999999999999,-0.1147984117269516,0.0012732776813209057,0.010890369303524494,,,1.0,normal
1316,10,scenario3_repeated_spike,SAC,50,1.0,0,0.060625,0.197,0.5,0.5,-0.1288125,-0.08357619494199753,0.0008995733223855495,0.00981358252465725,,,1.0,normal
1317,10,scenario3_repeated_spike,SAC,50,0.0,1,0.09,0.11199999999999999,0.5,0.5,-0.10099999999999999,-0.10735015571117401,0.0022024097852408886,0.013218562118709087,,,1.0,normal
1318,10,scenario3_repeated_spike,SAC,50,1.0,0,0.060625,0.197,0.5,0.5,-0.1288125,-0.0271589495241642,0.0015820539556443691,0.014642114751040936,,,1.0,normal
1319,10,scenario3_repeated_spike,SAC,50,1.9000000000000004,0,0.0611875,0.19790000000000002,0.5,0.5,-0.12954375,-0.09662976115942001,0.001984828384593129,0.015208959579467773,,,1.0,normal
1320,10,scenario3_repeated_spike,SAC,50,0.0,1,0.09,0.11199999999999999,0.5,0.5,-0.10099999999999999,-0.12235532701015472,0.0016999796498566866,0.013179266825318336,,,1.0,normal
1321,10,scenario3_repeated_spike,SAC,50,0.0,1,0.09,0.11199999999999999,0.5,0.5,-0.10099999999999999,-0.06613196432590485,0.0005494988872669637,0.008152084425091743,,,1.0,normal
1322,10,scenario3_repeated_spike,SAC,50,0.0,1,0.09,0.11199999999999999,0.5,0.5,-0.10099999999999999,-0.020068565383553505,0.003607270773500204,0.021109096705913544,,,1.0,normal
1323,10,scenario3_repeated_spike,SAC,50,0.0,1,0.09,0.11199999999999999,0.5,0.5,-0.10099999999999999,-0.05901461839675903,0.003615007735788822,0.0186610110104084,,,1.0,normal
1324,10,scenario3_repeated_spike,SAC,50,1.0,0,0.060625,0.197,0.5,0.5,-0.1288125,-0.15133948624134064,0.0015058217104524374,0.010655570775270462,,,1.0,normal
1325,10,scenario3_repeated_spike,SAC,50,1.9000000000000004,0,0.0611875,0.19790000000000002,0.5,0.5,-0.12954375,-0.16474097967147827,0.002157488139346242,0.00757516548037529,,,1.0,normal
1326,10,scenario3_repeated_spike,SAC,50,2.710000000000001,0,0.061693750000000006,0.19871000000000003,0.5,0.5,-0.13020187500000002,-0.09235426783561707,0.005979443434625864,0.026007991284132004,,,1.0,normal
1327,10,scenario3_repeated_spike,SAC,50,3.439,0,0.062149375,0.199439,0.5,0.5,-0.1307941875,-0.08411393314599991,0.007003062404692173,0.029220707714557648,,,1.0,normal
1328,10,scenario3_repeated_spike,SAC,50,0.0,1,0.09,0.11199999999999999,0.5,0.5,-0.10099999999999999,-0.09657295048236847,0.005437795072793961,0.021848740056157112,,,1.0,normal
1329,10,scenario3_repeated_spike,SAC,50,1.0,0,0.060625,0.197,0.5,0.5,-0.1288125,-0.012575473636388779,0.0029494466725736856,0.018948324024677277,,,1.0,normal
1330,10,scenario3_repeated_spike,SAC,50,1.9000000000000004,0,0.0611875,0.19790000000000002,0.5,0.5,-0.12954375,-0.019384536892175674,0.0039783925749361515,0.023122506216168404,,,1.0,normal
1331,10,scenario3_repeated_spike,SAC,50,0.0,1,0.09,0.11199999999999999,0.5,0.5,-0.10099999999999999,-0.05924957990646362,0.004778853617608547,0.01935037225484848,,,1.0,normal
1332,10,scenario3_repeated_spike,SAC,50,0.0,1,0.09,0.11199999999999999,0.5,0.5,-0.10099999999999999,-0.06441836804151535,0.007852875627577305,0.023255454376339912,,,1.0,normal
1333,10,scenario3_repeated_spike,SAC,50,0.0,1,0.09,0.11199999999999999,0.5,0.5,-0.10099999999999999,-0.11172065883874893,0.001903717638924718,0.013602573424577713,,,1.0,normal
1334,10,scenario3_repeated_spike,SAC,50,0.0,1,0.09,0.11199999999999999,0.5,0.5,-0.10099999999999999,-0.09024820476770401,0.0014950198819860816,0.011024035513401031,,,1.0,normal
1335,10,scenario3_repeated_spike,SAC,50,1.0,0,0.060625,0.197,0.5,0.5,-0.1288125,-0.1268453747034073,0.001375115942209959,0.011843917891383171,,,1.0,normal
1336,10,scenario3_repeated_spike,SAC,50,0.0,1,0.09,0.11199999999999999,0.5,0.5,-0.10099999999999999,-0.05830726772546768,0.004255997482687235,0.01957619935274124,,,1.0,normal
1337,10,scenario3_repeated_spike,SAC,50,0.0,1,0.09,0.11199999999999999,0.5,0.5,-0.10099999999999999,-0.04943157732486725,0.0006693517789244652,0.010023791342973709,,,1.0,normal
1338,10,scenario3_repeated_spike,SAC,50,0.0,1,0.09,0.11199999999999999,0.5,0.5,-0.10099999999999999,-0.0944230854511261,0.0015853901859372854,0.01390719972550869,,,1.0,normal
1339,10,scenario3_repeated_spike,SAC,50,0.0,1,0.09,0.11199999999999999,0.5,0.5,-0.10099999999999999,-0.10905192047357559,0.0018955616978928447,0.013486846350133419,,,1.0,normal
1340,10,scenario3_repeated_spike,SAC,50,1.0,0,0.060625,0.197,0.5,0.5,-0.1288125,-0.01126081682741642,0.00409221975132823,0.019263435155153275,,,1.0,normal
1341,10,scenario3_repeated_spike,SAC,50,1.9000000000000004,0,0.0611875,0.19790000000000002,0.5,0.5,-0.12954375,-0.048652663826942444,0.0012120503233745694,0.013882492668926716,,,1.0,normal
1342,10,scenario3_repeated_spike,SAC,50,2.710000000000001,0,0.061693750000000006,0.19871000000000003,0.5,0.5,-0.13020187500000002,0.001685967668890953,0.0012575717410072684,0.013681836426258087,,,1.0,normal
1343,10,scenario3_repeated_spike,SAC,50,3.439,0,0.062149375,0.199439,0.5,0.5,-0.1307941875,-0.10997799783945084,0.0008234449196606874,0.009695496410131454,,,1.0,normal
1344,10,scenario3_repeated_spike,SAC,50,4.0951,0,0.06255943750000001,0.20009510000000003,0.5,0.5,-0.13132726875,-0.09250591695308685,0.0010392414405941963,0.011090549640357494,,,1.0,normal
1345,10,scenario3_repeated_spike,SAC,50,4.685590000000001,0,0.06292849375000001,0.20068559000000002,0.5,0.5,-0.13180704187500003,-0.07720401138067245,0.0008243515621870756,0.009483507834374905,,,1.0,normal
1346,10,scenario3_repeated_spike,SAC,50,5.217031000000002,0,0.063260644375,0.201217031,0.5,0.5,-0.1322388376875,-0.06721624732017517,0.0007193739293143153,0.009360779076814651,,,1.0,normal
1347,10,scenario3_repeated_spike,SAC,50,5.695327900000002,0,0.0635595799375,0.2016953279,0.5,0.5,-0.13262745391875,-0.11479273438453674,0.001158428960479796,0.009678879752755165,,,1.0,normal
1348,10,scenario3_repeated_spike,SAC,50,6.125795110000002,0,0.06382862194375,0.20212579511,0.5,0.5,-0.132977208526875,-0.10491501539945602,0.0004368156078271568,0.007042321376502514,,,1.0,normal
1349,10,scenario3_repeated_spike,SAC,50,0.5132155990000022,1,0.09018662385418182,0.11214929908334545,0.5,0.5,-0.10116796146876364,-0.08656848222017288,0.0004244380979798734,0.0070046973414719105,,,1.0,normal
1350,10,scenario3_repeated_spike,SAC,50,1.4618940391000024,0,0.0609136837744375,0.19746189403910003,0.5,0.5,-0.12918778890676877,-0.09507063031196594,0.00014085241127759218,0.004326972644776106,,,1.0,normal
1351,10,scenario3_repeated_spike,SAC,50,2.315704635190002,0,0.06144731539699375,0.19831570463519002,0.5,0.5,-0.12988151001609188,-0.10007894039154053,0.0010725640458986163,0.011233877390623093,,,1.0,normal
1352,10,scenario3_repeated_spike,SAC,50,3.0841341716710016,0,0.06192758385729438,0.19908413417167103,0.5,0.5,-0.1305058590144827,-0.03870949521660805,0.0012469562934711576,0.013449396006762981,,,1.0,normal
1353,10,scenario3_repeated_spike,SAC,50,0.0,1,0.09,0.11199999999999999,0.5,0.5,-0.10099999999999999,-0.10477514564990997,0.00029677277780137956,0.006391592789441347,,,1.0,normal
1354,10,scenario3_repeated_spike,SAC,50,1.0,0,0.060625,0.197,0.5,0.5,-0.1288125,-0.14280351996421814,0.0015225560637190938,0.011740797199308872,,,1.0,normal
1355,10,scenario3_repeated_spike,SAC,50,1.9000000000000004,0,0.0611875,0.19790000000000002,0.5,0.5,-0.12954375,-0.13178515434265137,0.0019518628250807524,0.014251157641410828,,,1.0,normal
1356,10,scenario3_repeated_spike,SAC,50,0.0,1,0.09,0.11199999999999999,0.5,0.5,-0.10099999999999999,-0.07681501656770706,0.0009545816574245691,0.010978156700730324,,,1.0,normal
1357,10,scenario3_repeated_spike,SAC,50,0.0,1,0.09,0.11199999999999999,0.5,0.5,-0.10099999999999999,-0.09768941253423691,0.0020633258391171694,0.01210672315210104,,,1.0,normal
1358,10,scenario3_repeated_spike,SAC,50,0.0,1,0.09,0.11199999999999999,0.5,0.5,-0.10099999999999999,-0.09120533615350723,0.0023633332457393408,0.015157803893089294,,,1.0,normal
1359,10,scenario3_repeated_spike,SAC,50,1.0,0,0.060625,0.197,0.5,0.5,-0.1288125,-0.08495229482650757,0.0011714643333107233,0.011957374401390553,,,1.0,normal
1360,10,scenario3_repeated_spike,SAC,50,1.9000000000000004,0,0.0611875,0.19790000000000002,0.5,0.5,-0.12954375,-0.0889415517449379,0.001503261853940785,0.011918749660253525,,,1.0,normal
1361,10,scenario3_repeated_spike,SAC,50,0.0,1,0.09,0.11199999999999999,0.5,0.5,-0.10099999999999999,-0.045468077063560486,0.004945217631757259,0.021520432084798813,,,1.0,normal
1362,10,scenario3_repeated_spike,SAC,50,0.0,1,0.09,0.11199999999999999,0.5,0.5,-0.10099999999999999,-0.08231978863477707,0.0009501723689027131,0.010300025343894958,,,1.0,normal
1363,10,scenario3_repeated_spike,SAC,50,0.0,1,0.09,0.11199999999999999,0.5,0.5,-0.10099999999999999,-0.05725733935832977,0.0016309432685375214,0.012985650449991226,,,1.0,normal
1364,10,scenario3_repeated_spike,SAC,50,0.0,1,0.09,0.11199999999999999,0.5,0.5,-0.10099999999999999,-0.12707415223121643,0.002856873907148838,0.014254424721002579,,,1.0,normal
1365,10,scenario3_repeated_spike,SAC,50,0.0,1,0.09,0.11199999999999999,0.5,0.5,-0.10099999999999999,-0.1000165268778801,0.0015283339889720082,0.011836769059300423,,,1.0,normal
1366,10,scenario3_repeated_spike,SAC,50,1.0,0,0.060625,0.197,0.5,0.5,-0.1288125,-0.08385901153087616,0.0010841391049325466,0.012037815526127815,,,1.0,normal
1367,10,scenario3_repeated_spike,SAC,50,0.0,1,0.09,0.11199999999999999,0.5,0.5,-0.10099999999999999,-0.07252614945173264,0.0025879491586238146,0.014317146502435207,,,1.0,normal
1368,10,scenario3_repeated_spike,SAC,50,0.0,1,0.09,0.11199999999999999,0.5,0.5,-0.10099999999999999,-0.116423100233078,0.0028034010902047157,0.01476796343922615,,,1.0,normal
1369,10,scenario3_repeated_spike,SAC,50,0.0,1,0.09,0.11199999999999999,0.5,0.5,-0.10099999999999999,-0.13166140019893646,0.004405382089316845,0.018241936340928078,,,1.0,normal
1370,10,scenario3_repeated_spike,SAC,50,0.0,1,0.09,0.11199999999999999,0.5,0.5,-0.10099999999999999,-0.11704903095960617,0.004531458951532841,0.021037036553025246,,,1.0,normal
1371,10,scenario3_repeated_spike,SAC,50,0.0,1,0.09,0.11199999999999999,0.5,0.5,-0.10099999999999999,-0.04051898047327995,0.0010435190051794052,0.011365052312612534,,,1.0,normal
1372,10,scenario3_repeated_spike,SAC,50,0.0,1,0.09,0.11199999999999999,0.5,0.5,-0.10099999999999999,-0.004263751208782196,0.004343844950199127,0.021902235224843025,,,1.0,normal
1373,10,scenario3_repeated_spike,SAC,50,1.0,0,0.060625,0.197,0.5,0.5,-0.1288125,-0.05705379322171211,0.010268066078424454,0.02959991991519928,,,1.0,normal
1374,10,scenario3_repeated_spike,SAC,50,0.0,1,0.09,0.11199999999999999,0.5,0.5,-0.10099999999999999,-0.153339222073555,0.003222161205485463,0.014050042256712914,,,1.0,normal
1375,10,scenario3_repeated_spike,SAC,50,1.0,0,0.060625,0.197,0.5,0.5,-0.1288125,-0.14729048311710358,0.001293110428377986,0.009869227185845375,,,1.0,normal
1376,10,scenario3_repeated_spike,SAC,50,1.9000000000000004,0,0.0611875,0.19790000000000002,0.5,0.5,-0.12954375,-0.0879550501704216,0.0021219190675765276,0.015199769288301468,,,1.0,normal
1377,10,scenario3_repeated_spike,SAC,50,0.0,1,0.09,0.11199999999999999,0.5,0.5,-0.10099999999999999,-0.13705888390541077,0.0016175707569345832,0.01167245488613844,,,1.0,normal
1378,10,scenario3_repeated_spike,SAC,50,0.0,1,0.09,0.11199999999999999,0.5,0.5,-0.10099999999999999,-0.08552826195955276,0.0017521409317851067,0.014904877170920372,,,1.0,normal
1379,10,scenario3_repeated_spike,SAC,50,1.0,0,0.060625,0.197,0.5,0.5,-0.1288125,-0.030208369717001915,0.0030834265053272247,0.018603164702653885,,,1.0,normal
1380,10,scenario3_repeated_spike,SAC,50,0.0,1,0.09,0.11199999999999999,0.5,0.5,-0.10099999999999999,-0.06666453182697296,0.0008663084590807557,0.009904712438583374,,,1.0,normal
1381,10,scenario3_repeated_spike,SAC,50,0.0,1,0.09,0.11199999999999999,0.5,0.5,-0.10099999999999999,-0.00397942028939724,0.0013096603797748685,0.012398233637213707,,,1.0,normal
1382,10,scenario3_repeated_spike,SAC,50,1.0,0,0.060625,0.197,0.5,0.5,-0.1288125,-0.08264066278934479,0.0026828947011381388,0.0151156485080719,,,1.0,normal
1383,10,scenario3_repeated_spike,SAC,50,1.9000000000000004,0,0.0611875,0.19790000000000002,0.5,0.5,-0.12954375,-0.08362283557653427,0.0007625306025147438,0.00985981896519661,,,1.0,normal
1384,10,scenario3_repeated_spike,SAC,50,2.710000000000001,0,0.061693750000000006,0.19871000000000003,0.5,0.5,-0.13020187500000002,-0.1537371426820755,0.0004809136444237083,0.005934566259384155,,,1.0,normal
1385,10,scenario3_repeated_spike,SAC,50,3.439,0,0.062149375,0.199439,0.5,0.5,-0.1307941875,-0.12542015314102173,0.003242867300286889,0.016557270660996437,,,1.0,normal
1386,10,scenario3_repeated_spike,SAC,50,0.0,1,0.09,0.11199999999999999,0.5,0.5,-0.10099999999999999,-0.05093879625201225,0.003022383898496628,0.017144063487648964,,,1.0,normal
1387,10,scenario3_repeated_spike,SAC,50,0.0,1,0.09,0.11199999999999999,0.5,0.5,-0.10099999999999999,-0.08893714100122452,0.0036605822388082743,0.019104843959212303,,,1.0,normal
1388,10,scenario3_repeated_spike,SAC,50,0.0,1,0.09,0.11199999999999999,0.5,0.5,-0.10099999999999999,-0.121909961104393,0.0018802538979798555,0.012824419885873795,,,1.0,normal
1389,10,scenario3_repeated_spike,SAC,50,0.0,1,0.09,0.11199999999999999,0.5,0.5,-0.10099999999999999,-0.05736781656742096,0.00219553941860795,0.014965641312301159,,,1.0,normal
1390,10,scenario3_repeated_spike,SAC,50,0.0,1,0.09,0.11199999999999999,0.5,0.5,-0.10099999999999999,-0.13460752367973328,0.003921101801097393,0.015013685449957848,,,1.0,normal
1391,10,scenario3_repeated_spike,SAC,50,0.0,1,0.09,0.11199999999999999,0.5,0.5,-0.10099999999999999,-0.08790776133537292,0.004938979633152485,0.023413043469190598,,,1.0,normal
1392,10,scenario3_repeated_spike,SAC,50,0.0,1,0.09,0.11199999999999999,0.5,0.5,-0.10099999999999999,-0.050904881209135056,0.004468671046197414,0.019529324024915695,,,1.0,normal
1393,10,scenario3_repeated_spike,SAC,50,0.0,1,0.09,0.11199999999999999,0.5,0.5,-0.10099999999999999,-0.06655149906873703,0.002575112972408533,0.016075408086180687,,,1.0,normal
1394,10,scenario3_repeated_spike,SAC,50,1.0,0,0.060625,0.197,0.5,0.5,-0.1288125,-0.08692117780447006,0.0042779045179486275,0.02090824395418167,,,1.0,normal
1395,10,scenario3_repeated_spike,SAC,50,1.9000000000000004,0,0.0611875,0.19790000000000002,0.5,0.5,-0.12954375,-0.12717515230178833,0.000708577805198729,0.008055909536778927,,,1.0,normal
1396,10,scenario3_repeated_spike,SAC,50,0.0,1,0.09,0.11199999999999999,0.5,0.5,-0.10099999999999999,-0.05316795036196709,0.0015202558133751154,0.01431090198457241,,,1.0,normal
1397,10,scenario3_repeated_spike,SAC,50,0.0,1,0.09,0.11199999999999999,0.5,0.5,-0.10099999999999999,-0.07058781385421753,0.002358171157538891,0.014807973057031631,,,1.0,normal
1398,10,scenario3_repeated_spike,SAC,50,0.0,1,0.09,0.11199999999999999,0.5,0.5,-0.10099999999999999,-0.07015644013881683,0.0013132308376953006,0.012853117659687996,,,1.0,normal
1399,10,scenario3_repeated_spike,SAC,50,0.0,1,0.09,0.11199999999999999,0.5,0.5,-0.10099999999999999,-0.04895203560590744,0.001145599759183824,0.01247728243470192,,,1.0,normal
1400,10,scenario3_repeated_spike,SAC,50,0.0,1,0.09,0.11199999999999999,0.5,0.5,-0.10099999999999999,-0.09119576960802078,0.0034132483415305614,0.017207583412528038,,,1.0,normal
1401,10,scenario3_repeated_spike,SAC,50,0.0,1,0.09,0.11199999999999999,0.5,0.5,-0.10099999999999999,-0.022373879328370094,0.002193111926317215,0.017253119498491287,,,1.0,normal
1402,10,scenario3_repeated_spike,SAC,50,0.0,1,0.09,0.11199999999999999,0.5,0.5,-0.10099999999999999,-0.09366344660520554,0.00042524115997366607,0.00648163165897131,,,1.0,normal
1403,10,scenario3_repeated_spike,SAC,50,1.0,0,0.060625,0.197,0.5,0.5,-0.1288125,-0.03098960593342781,0.0031579122878611088,0.0180890504270792,,,1.0,normal
1404,10,scenario3_repeated_spike,SAC,50,1.9000000000000004,0,0.0611875,0.19790000000000002,0.5,0.5,-0.12954375,-0.047979969531297684,0.0031935609877109528,0.016698502004146576,,,1.0,normal
1405,10,scenario3_repeated_spike,SAC,50,0.0,1,0.09,0.11199999999999999,0.5,0.5,-0.10099999999999999,-0.04933670163154602,0.002687199041247368,0.01799013279378414,,,1.0,normal
1406,10,scenario3_repeated_spike,SAC,50,1.0,0,0.060625,0.197,0.5,0.5,-0.1288125,-0.12155874073505402,0.0005361890071071684,0.006204947363585234,,,1.0,normal
1407,10,scenario3_repeated_spike,SAC,50,0.0,1,0.09,0.11199999999999999,0.5,0.5,-0.10099999999999999,-0.09761881828308105,0.0012934724800288677,0.011784486472606659,,,1.0,normal
1408,10,scenario3_repeated_spike,SAC,50,0.0,1,0.09,0.11199999999999999,0.5,0.5,-0.10099999999999999,-0.05052774399518967,0.0021004031877964735,0.014575459994375706,,,1.0,normal
1409,10,scenario3_repeated_spike,SAC,50,0.0,1,0.09,0.11199999999999999,0.5,0.5,-0.10099999999999999,-0.018284667283296585,0.0005767014808952808,0.00801797118037939,,,1.0,normal
1410,10,scenario3_repeated_spike,SAC,50,1.0,0,0.060625,0.197,0.5,0.5,-0.1288125,-0.0987500324845314,0.0015634790761396289,0.011510011740028858,,,1.0,normal
1411,10,scenario3_repeated_spike,SAC,50,0.0,1,0.09,0.11199999999999999,0.5,0.5,-0.10099999999999999,-0.11260739713907242,0.00145973009057343,0.01203359104692936,,,1.0,normal
1412,10,scenario3_repeated_spike,SAC,50,1.0,0,0.060625,0.197,0.5,0.5,-0.1288125,-0.09728097170591354,0.0005592802772298455,0.006433854810893536,,,1.0,normal
1413,10,scenario3_repeated_spike,SAC,50,0.0,1,0.09,0.11199999999999999,0.5,0.5,-0.10099999999999999,-0.08850912749767303,0.0036101359874010086,0.012670272961258888,,,1.0,normal
1414,10,scenario3_repeated_spike,SAC,50,1.0,0,0.060625,0.197,0.5,0.5,-0.1288125,-0.10889264941215515,0.0014249340165406466,0.01035262830555439,,,1.0,normal
1415,10,scenario3_repeated_spike,SAC,50,1.9000000000000004,0,0.0611875,0.19790000000000002,0.5,0.5,-0.12954375,-0.13187851011753082,0.0013208932941779494,0.009088478051126003,,,1.0,normal
1416,10,scenario3_repeated_spike,SAC,50,2.710000000000001,0,0.061693750000000006,0.19871000000000003,0.5,0.5,-0.13020187500000002,-0.015514455735683441,0.0022081714123487473,0.01661277376115322,,,1.0,normal
1417,10,scenario3_repeated_spike,SAC,50,3.439,0,0.062149375,0.199439,0.5,0.5,-0.1307941875,-0.10733053088188171,0.001111841294914484,0.009729428216814995,,,1.0,normal
1418,10,scenario3_repeated_spike,SAC,50,4.0951,0,0.06255943750000001,0.20009510000000003,0.5,0.5,-0.13132726875,-0.05727347731590271,0.003429349511861801,0.02049090526998043,,,1.0,normal
1419,10,scenario3_repeated_spike,SAC,50,4.685590000000001,0,0.06292849375000001,0.20068559000000002,0.5,0.5,-0.13180704187500003,-0.13214349746704102,0.00206165062263608,0.014012649655342102,,,1.0,normal
1420,10,scenario3_repeated_spike,SAC,50,5.217031000000002,0,0.063260644375,0.201217031,0.5,0.5,-0.1322388376875,-0.07776366919279099,0.0009275251068174839,0.009241001680493355,,,1.0,normal
1421,10,scenario3_repeated_spike,SAC,50,5.695327900000002,0,0.0635595799375,0.2016953279,0.5,0.5,-0.13262745391875,-0.06041262298822403,0.001576098846271634,0.012905236333608627,,,1.0,normal
1422,10,scenario3_repeated_spike,SAC,50,0.1257951100000021,1,0.09004574367636364,0.11203659494109092,0.5,0.5,-0.10104116930872728,-0.03237593546509743,0.0031556524336338043,0.02005605399608612,,,1.0,normal
1423,10,scenario3_repeated_spike,SAC,50,1.1132155990000019,0,0.060695759749375,0.19711321559900002,0.5,0.5,-0.12890448767418752,-0.047216009348630905,0.0007407644297927618,0.010394341312348843,,,1.0,normal
1424,10,scenario3_repeated_spike,SAC,50,2.0018940391000015,0,0.0612511837744375,0.1980018940391,0.5,0.5,-0.12962653890676876,-0.17946889996528625,0.0012468004133552313,0.009401368908584118,,,1.0,normal
1425,10,scenario3_repeated_spike,SAC,50,2.801704635190001,0,0.061751065396993744,0.19880170463519,0.5,0.5,-0.13027638501609187,-0.15362845361232758,0.00243629002943635,0.013029131107032299,,,1.0,normal
1426,10,scenario3_repeated_spike,SAC,50,0.0,1,0.09,0.11199999999999999,0.5,0.5,-0.10099999999999999,-0.06958100944757462,0.0018168836832046509,0.013056237250566483,,,1.0,normal
1427,10,scenario3_repeated_spike,SAC,50,1.0,0,0.060625,0.197,0.5,0.5,-0.1288125,-0.03387843072414398,0.0010554067557677627,0.012367320246994495,,,1.0,normal
1428,10,scenario3_repeated_spike,SAC,50,0.0,1,0.09,0.11199999999999999,0.5,0.5,-0.10099999999999999,-0.032958630472421646,0.0025771651417016983,0.01723942905664444,,,1.0,normal
1429,10,scenario3_repeated_spike,SAC,50,1.0,0,0.060625,0.197,0.5,0.5,-0.1288125,-0.11285600066184998,0.0014634703984484076,0.010586010292172432,,,1.0,normal
1430,10,scenario3_repeated_spike,SAC,50,0.0,1,0.09,0.11199999999999999,0.5,0.5,-0.10099999999999999,0.009043551981449127,0.0020512286573648453,0.019579077139496803,,,1.0,normal
1431,10,scenario3_repeated_spike,SAC,50,0.0,1,0.09,0.11199999999999999,0.5,0.5,-0.10099999999999999,-0.06336279958486557,0.002091607078909874,0.015314620919525623,,,1.0,normal
1432,10,scenario3_repeated_spike,SAC,50,1.0,0,0.060625,0.197,0.5,0.5,-0.1288125,-0.05076605826616287,0.0012369526084512472,0.010613643564283848,,,1.0,normal
1433,10,scenario3_repeated_spike,SAC,50,1.9000000000000004,0,0.0611875,0.19790000000000002,0.5,0.5,-0.12954375,-0.10170171409845352,0.0006829789490438998,0.008495930582284927,,,1.0,normal
1434,10,scenario3_repeated_spike,SAC,50,0.0,1,0.09,0.11199999999999999,0.5,0.5,-0.10099999999999999,-0.13250692188739777,0.00019050623814109713,0.00472647650167346,,,1.0,normal
1435,10,scenario3_repeated_spike,SAC,50,0.0,1,0.09,0.11199999999999999,0.5,0.5,-0.10099999999999999,-0.1190931424498558,0.0011612089583650231,0.009223947301506996,,,1.0,normal
1436,10,scenario3_repeated_spike,SAC,50,0.0,1,0.09,0.11199999999999999,0.5,0.5,-0.10099999999999999,-0.050880465656518936,0.0013530147261917591,0.01144824642688036,,,1.0,normal
1437,10,scenario3_repeated_spike,SAC,50,0.0,1,0.09,0.11199999999999999,0.5,0.5,-0.10099999999999999,-0.10713717341423035,0.0022389220539480448,0.010415656492114067,,,1.0,normal
1438,10,scenario3_repeated_spike,SAC,50,0.0,1,0.09,0.11199999999999999,0.5,0.5,-0.10099999999999999,-0.08079914003610611,0.0019589243456721306,0.014096892438828945,,,1.0,normal
1439,10,scenario3_repeated_spike,SAC,50,0.0,1,0.09,0.11199999999999999,0.5,0.5,-0.10099999999999999,-0.10151810199022293,0.0033065848983824253,0.014678956009447575,,,1.0,normal
1440,10,scenario3_repeated_spike,SAC,50,1.0,0,0.060625,0.197,0.5,0.5,-0.1288125,-0.044017527252435684,0.0016530044376850128,0.013052886351943016,,,1.0,normal
1441,10,scenario3_repeated_spike,SAC,50,1.9000000000000004,0,0.0611875,0.19790000000000002,0.5,0.5,-0.12954375,-0.0010156328789889812,0.0013612654292955995,0.01166518498212099,,,1.0,normal
1442,10,scenario3_repeated_spike,SAC,50,0.0,1,0.09,0.11199999999999999,0.5,0.5,-0.10099999999999999,-0.09721639752388,0.0010680700652301311,0.010220862925052643,,,1.0,normal
1443,10,scenario3_repeated_spike,SAC,50,1.0,0,0.060625,0.197,0.5,0.5,-0.1288125,-0.09198536723852158,0.0018949008081108332,0.012675207108259201,,,1.0,normal
1444,10,scenario3_repeated_spike,SAC,50,0.0,1,0.09,0.11199999999999999,0.5,0.5,-0.10099999999999999,-0.03787771612405777,0.0025263745337724686,0.01926381140947342,,,1.0,normal
1445,10,scenario3_repeated_spike,SAC,50,1.0,0,0.060625,0.197,0.5,0.5,-0.1288125,-0.11145348846912384,0.0008980422280728817,0.00943299476057291,,,1.0,normal
1446,10,scenario3_repeated_spike,SAC,50,1.9000000000000004,0,0.0611875,0.19790000000000002,0.5,0.5,-0.12954375,-0.040684979408979416,0.0029255622066557407,0.014944830909371376,,,1.0,normal
1447,10,scenario3_repeated_spike,SAC,50,0.0,1,0.09,0.11199999999999999,0.5,0.5,-0.10099999999999999,-0.09736824035644531,0.0026482725515961647,0.015571669675409794,,,1.0,normal
1448,10,scenario3_repeated_spike,SAC,50,0.0,1,0.09,0.11199999999999999,0.5,0.5,-0.10099999999999999,-0.144932359457016,0.0019007041119039059,0.011473707854747772,,,1.0,normal
1449,10,scenario3_repeated_spike,SAC,50,1.0,0,0.060625,0.197,0.5,0.5,-0.1288125,-0.1459433138370514,0.00034438271541148424,0.005287228152155876,,,1.0,normal
1450,10,scenario3_repeated_spike,SAC,50,1.9000000000000004,0,0.0611875,0.19790000000000002,0.5,0.5,-0.12954375,-0.14287221431732178,0.0014012781903147697,0.008633553050458431,,,1.0,normal
1451,10,scenario3_repeated_spike,SAC,50,0.0,1,0.09,0.11199999999999999,0.5,0.5,-0.10099999999999999,-0.1309022754430771,0.004846622701734304,0.015121085569262505,,,1.0,normal
1452,10,scenario3_repeated_spike,SAC,50,0.0,1,0.09,0.11199999999999999,0.5,0.5,-0.10099999999999999,-0.053967222571372986,0.010238418355584145,0.02392219938337803,,,1.0,normal
1453,10,scenario3_repeated_spike,SAC,50,0.0,1,0.09,0.11199999999999999,0.5,0.5,-0.10099999999999999,0.006261416245251894,0.00727500393986702,0.027267804369330406,,,1.0,normal
1454,10,scenario3_repeated_spike,SAC,50,0.0,1,0.09,0.11199999999999999,0.5,0.5,-0.10099999999999999,0.002017572522163391,0.0015276102349162102,0.01292537059634924,,,1.0,normal
1455,10,scenario3_repeated_spike,SAC,50,1.0,0,0.060625,0.197,0.5,0.5,-0.1288125,-0.12065617740154266,0.00027822903939522803,0.005259132012724876,,,1.0,normal
1456,10,scenario3_repeated_spike,SAC,50,1.9000000000000004,0,0.0611875,0.19790000000000002,0.5,0.5,-0.12954375,-0.04418015480041504,0.01250934973359108,0.020771503448486328,,,1.0,normal
1457,10,scenario3_repeated_spike,SAC,50,2.710000000000001,0,0.061693750000000006,0.19871000000000003,0.5,0.5,-0.13020187500000002,-0.05075835809111595,0.01663735695183277,0.02238159067928791,,,1.0,normal
1458,10,scenario3_repeated_spike,SAC,50,3.439,0,0.062149375,0.199439,0.5,0.5,-0.1307941875,-0.13569144904613495,0.009152832441031933,0.017776016145944595,,,1.0,normal
1459,10,scenario3_repeated_spike,SAC,50,0.0,1,0.09,0.11199999999999999,0.5,0.5,-0.10099999999999999,-0.11535412818193436,0.009537402540445328,0.02042495645582676,,,1.0,normal
1460,10,scenario3_repeated_spike,SAC,50,1.0,0,0.060625,0.197,0.5,0.5,-0.1288125,-0.002151045948266983,0.0035537779331207275,0.013597539626061916,,,1.0,normal
1461,10,scenario3_repeated_spike,SAC,50,1.9000000000000004,0,0.0611875,0.19790000000000002,0.5,0.5,-0.12954375,-0.07202614098787308,0.0015440688002854586,0.010566307231783867,,,1.0,normal
1462,10,scenario3_repeated_spike,SAC,50,0.0,1,0.09,0.11199999999999999,0.5,0.5,-0.10099999999999999,-0.05709531903266907,0.00338926212862134,0.015193473547697067,,,1.0,normal
1463,10,scenario3_repeated_spike,SAC,50,0.0,1,0.09,0.11199999999999999,0.5,0.5,-0.10099999999999999,0.040185458958148956,0.007513470947742462,0.022052541375160217,,,1.0,normal
1464,10,scenario3_repeated_spike,SAC,50,0.0,1,0.09,0.11199999999999999,0.5,0.5,-0.10099999999999999,-0.10485152900218964,0.004388283006846905,0.017667092382907867,,,1.0,normal
1465,10,scenario3_repeated_spike,SAC,50,1.0,0,0.060625,0.197,0.5,0.5,-0.1288125,-0.0495581217110157,0.0021696938201785088,0.016144683584570885,,,1.0,normal
1466,10,scenario3_repeated_spike,SAC,50,1.9000000000000004,0,0.0611875,0.19790000000000002,0.5,0.5,-0.12954375,-0.07058260589838028,0.0008613319951109588,0.009141769260168076,,,1.0,normal
1467,10,scenario3_repeated_spike,SAC,50,0.0,1,0.09,0.11199999999999999,0.5,0.5,-0.10099999999999999,-0.04138931632041931,0.002290889620780945,0.0165640190243721,,,1.0,normal
1468,10,scenario3_repeated_spike,SAC,50,0.0,1,0.09,0.11199999999999999,0.5,0.5,-0.10099999999999999,-0.06926687806844711,0.0013283734442666173,0.010865564458072186,,,1.0,normal
1469,10,scenario3_repeated_spike,SAC,50,0.0,1,0.09,0.11199999999999999,0.5,0.5,-0.10099999999999999,-0.06364469975233078,0.0009910805383697152,0.009172922000288963,,,1.0,normal
1470,10,scenario3_repeated_spike,SAC,50,1.0,0,0.060625,0.197,0.5,0.5,-0.1288125,-0.07973314821720123,0.0009723712573759258,0.011327540501952171,,,1.0,normal
1471,10,scenario3_repeated_spike,SAC,50,1.9000000000000004,0,0.0611875,0.19790000000000002,0.5,0.5,-0.12954375,-0.06018486246466637,0.001971901161596179,0.012028170749545097,,,1.0,normal
1472,10,scenario3_repeated_spike,SAC,50,0.0,1,0.09,0.11199999999999999,0.5,0.5,-0.10099999999999999,-0.07678334414958954,0.0016935509629547596,0.013588208705186844,,,1.0,normal
1473,10,scenario3_repeated_spike,SAC,50,0.0,1,0.09,0.11199999999999999,0.5,0.5,-0.10099999999999999,-0.0833963006734848,0.0016780286096036434,0.012979508377611637,,,1.0,normal
1474,10,scenario3_repeated_spike,SAC,50,1.0,0,0.060625,0.197,0.5,0.5,-0.1288125,-0.05917633697390556,0.0007406390504911542,0.009205643087625504,,,1.0,normal
1475,10,scenario3_repeated_spike,SAC,50,0.0,1,0.09,0.11199999999999999,0.5,0.5,-0.10099999999999999,-0.08384893089532852,0.0014213821850717068,0.010458894073963165,,,1.0,normal
1476,10,scenario3_repeated_spike,SAC,50,0.0,1,0.09,0.11199999999999999,0.5,0.5,-0.10099999999999999,0.006275918334722519,0.0011855283519253135,0.012834849767386913,,,1.0,normal
1477,10,scenario3_repeated_spike,SAC,50,0.0,1,0.09,0.11199999999999999,0.5,0.5,-0.10099999999999999,-0.029796522110700607,0.0022228099405765533,0.014195389114320278,,,1.0,normal
1478,10,scenario3_repeated_spike,SAC,50,1.0,0,0.060625,0.197,0.5,0.5,-0.1288125,-0.10592617839574814,0.004090994130820036,0.013595202006399632,,,1.0,normal
1479,10,scenario3_repeated_spike,SAC,50,0.0,1,0.09,0.11199999999999999,0.5,0.5,-0.10099999999999999,-0.06893403828144073,0.0009031956433318555,0.008622304536402225,,,1.0,normal
1480,10,scenario3_repeated_spike,SAC,50,1.0,0,0.060625,0.197,0.5,0.5,-0.1288125,-0.10157327353954315,0.0030482050497084856,0.01645643264055252,,,1.0,normal
1481,10,scenario3_repeated_spike,SAC,50,1.9000000000000004,0,0.0611875,0.19790000000000002,0.5,0.5,-0.12954375,-0.1365496665239334,0.00279227620922029,0.014227612875401974,,,1.0,normal
1482,10,scenario3_repeated_spike,SAC,50,0.0,1,0.09,0.11199999999999999,0.5,0.5,-0.10099999999999999,-0.10606769472360611,0.0016928886761888862,0.013525215908885002,,,1.0,normal
1483,10,scenario3_repeated_spike,SAC,50,1.0,0,0.060625,0.197,0.5,0.5,-0.1288125,-0.06998807936906815,0.003734464757144451,0.012884330004453659,,,1.0,normal
1484,10,scenario3_repeated_spike,SAC,50,1.9000000000000004,0,0.0611875,0.19790000000000002,0.5,0.5,-0.12954375,-0.13129886984825134,0.0006943283369764686,0.008760476484894753,,,1.0,normal
1485,10,scenario3_repeated_spike,SAC,50,0.0,1,0.09,0.11199999999999999,0.5,0.5,-0.10099999999999999,-0.12670324742794037,0.00114983890671283,0.008479458279907703,,,1.0,normal
1486,10,scenario3_repeated_spike,SAC,50,1.0,0,0.060625,0.197,0.5,0.5,-0.1288125,-0.04224969074130058,0.0004781890311278403,0.008230526931583881,,,1.0,normal
1487,10,scenario3_repeated_spike,SAC,50,0.0,1,0.09,0.11199999999999999,0.5,0.5,-0.10099999999999999,-0.054437413811683655,0.00046906661009415984,0.008207284845411777,,,1.0,normal
1488,10,scenario3_repeated_spike,SAC,50,0.0,1,0.09,0.11199999999999999,0.5,0.5,-0.10099999999999999,-0.021702568978071213,0.0031487164087593555,0.01579582318663597,,,1.0,normal
1489,10,scenario3_repeated_spike,SAC,50,0.0,1,0.09,0.11199999999999999,0.5,0.5,-0.10099999999999999,-0.001669054850935936,0.0019104520324617624,0.017981184646487236,,,1.0,normal
1490,10,scenario3_repeated_spike,SAC,50,0.0,1,0.09,0.11199999999999999,0.5,0.5,-0.10099999999999999,-0.09521474689245224,0.0011596886906772852,0.011157791130244732,,,1.0,normal
1491,10,scenario3_repeated_spike,SAC,50,1.0,0,0.060625,0.197,0.5,0.5,-0.1288125,-0.07052622735500336,0.0005183123284950852,0.00826895423233509,,,1.0,normal
1492,10,scenario3_repeated_spike,SAC,50,0.0,1,0.09,0.11199999999999999,0.5,0.5,-0.10099999999999999,-0.025555402040481567,0.0051216548308730125,0.01932143233716488,,,1.0,normal
1493,10,scenario3_repeated_spike,SAC,50,0.0,1,0.09,0.11199999999999999,0.5,0.5,-0.10099999999999999,-0.0065124668180942535,0.004268326330929995,0.023048769682645798,,,1.0,normal
1494,10,scenario3_repeated_spike,SAC,50,0.0,1,0.09,0.11199999999999999,0.5,0.5,-0.10099999999999999,-0.14216183125972748,0.0012234905734658241,0.008479262702167034,,,1.0,normal
1495,10,scenario3_repeated_spike,SAC,50,0.0,1,0.09,0.11199999999999999,0.5,0.5,-0.10099999999999999,-0.08341960608959198,0.000812393962405622,0.009368553757667542,,,1.0,normal
1496,10,scenario3_repeated_spike,SAC,50,0.0,1,0.09,0.11199999999999999,0.5,0.5,-0.10099999999999999,-0.06058604270219803,0.0028743972070515156,0.014627663418650627,,,1.0,normal
1497,10,scenario3_repeated_spike,SAC,50,0.0,1,0.09,0.11199999999999999,0.5,0.5,-0.10099999999999999,-0.07379286736249924,0.0029173821676522493,0.016718875616788864,,,1.0,normal
1498,10,scenario3_repeated_spike,SAC,50,0.0,1,0.09,0.11199999999999999,0.5,0.5,-0.10099999999999999,-0.08751843869686127,0.0014476693468168378,0.010185173712670803,,,1.0,normal
1499,10,scenario3_repeated_spike,SAC,50,0.0,1,0.09,0.11199999999999999,0.5,0.5,-0.10099999999999999,-0.0465158112347126,0.0016114161117002368,0.01202144380658865,,,1.0,normal
1500,10,scenario3_repeated_spike,SAC,150,19.0,0,0.091875,0.44699999999999995,0.5,0.5,-0.2694375,-0.03275589272379875,0.005697744898498058,0.02268028073012829,,,1.0,spike
1501,10,scenario3_repeated_spike,SAC,150,30.1,1,0.12094545454545454,0.21675636363636364,0.5,0.5,-0.16885090909090908,-0.07641861587762833,0.0010614609345793724,0.009653909131884575,,,1.0,spike
1502,10,scenario3_repeated_spike,SAC,150,40.09,1,0.12457818181818182,0.21966254545454547,0.5,0.5,-0.17212036363636365,-0.07491465657949448,0.0009341097320429981,0.007162376306951046,,,1.0,spike
1503,10,scenario3_repeated_spike,SAC,150,49.081,1,0.12784763636363639,0.22227810909090912,0.5,0.5,-0.17506287272727275,-0.031044568866491318,0.0013438358437269926,0.011835015378892422,,,1.0,spike
1504,10,scenario3_repeated_spike,SAC,150,57.1729,1,0.13079014545454545,0.2246321163636364,0.5,0.5,-0.1777111309090909,-0.1264716386795044,0.0009566264925524592,0.007586433552205563,,,1.0,spike
1505,10,scenario3_repeated_spike,SAC,150,64.45561000000001,1,0.13343840363636364,0.22675072290909093,0.5,0.5,-0.18009456327272727,-0.05738311633467674,0.0007986433920450509,0.009099537506699562,,,1.0,spike
1506,10,scenario3_repeated_spike,SAC,150,77.01004900000001,0,0.128131280625,0.505010049,0.5,0.5,-0.3165706648125,-0.035912930965423584,0.001315383124165237,0.00989807490259409,,,1.0,spike
1507,10,scenario3_repeated_spike,SAC,150,82.30904410000001,1,0.1399305614909091,0.23194444919272728,0.5,0.5,-0.1859375053418182,-0.09573163837194443,0.0011455416679382324,0.011225217953324318,,,1.0,spike
1508,10,scenario3_repeated_spike,SAC,150,93.07813969000001,0,0.13817383730625002,0.52107813969,0.5,0.5,-0.329625988498125,-0.10570595413446426,0.002190167549997568,0.012535917572677135,,,1.0,spike
1509,10,scenario3_repeated_spike,SAC,150,96.77032572100002,1,0.14518920935309093,0.23615136748247276,0.5,0.5,-0.19067028841778183,-0.08764759451150894,0.0007414751453325152,0.007931073196232319,,,1.0,spike
1510,10,scenario3_repeated_spike,SAC,150,100.09329314890002,1,0.14639756114505456,0.23711804891604366,0.5,0.5,-0.19175780503054912,-0.08022352308034897,0.0016213422641158104,0.01100978720933199,,,1.0,spike
1511,10,scenario3_repeated_spike,SAC,150,109.08396383401002,0,0.14817747739625628,0.53708396383401,0.5,0.5,-0.34263072061513317,-0.10689530521631241,0.0009324621059931815,0.008053144440054893,,,1.0,spike
1512,10,scenario3_repeated_spike,SAC,150,111.17556745060902,1,0.15042747907294873,0.24034198325835898,0.5,0.5,-0.19538473116565386,-0.07067684084177017,0.003548642620444298,0.010711170732975006,,,1.0,spike
1513,10,scenario3_repeated_spike,SAC,150,113.05801070554813,1,0.1511120038929266,0.24088960311434127,0.5,0.5,-0.1960008035036339,-0.07604299485683441,0.0014423028333112597,0.012041267938911915,,,1.0,spike
1514,10,scenario3_repeated_spike,SAC,150,120.75220963499333,0,0.15547013102187085,0.5487522096349934,0.5,0.5,-0.3521111703284321,-0.03055831603705883,0.0018816551892086864,0.015095805749297142,,,1.0,spike
1515,10,scenario3_repeated_spike,SAC,150,121.676988671494,1,0.1542461776987251,0.24339694215898008,0.5,0.5,-0.1988215599288526,-0.149738609790802,0.0006279138615354896,0.00737499026581645,,,1.0,spike
1516,10,scenario3_repeated_spike,SAC,150,122.5092898043446,1,0.1545488326561253,0.24363906612490024,0.5,0.5,-0.19909394939051278,-0.0471368171274662,0.0026265906635671854,0.01638863794505596,,,1.0,spike
1517,10,scenario3_repeated_spike,SAC,150,123.25836082391015,1,0.1548212221177855,0.24385697769422843,0.5,0.5,-0.19933909990600696,0.017115607857704163,0.003545233514159918,0.019640998914837837,,,1.0,spike
1518,10,scenario3_repeated_spike,SAC,150,123.93252474151916,1,0.15506637263327971,0.2440530981066238,0.5,0.5,-0.19955973536995175,-0.07257074117660522,0.0010235646041110158,0.009921900928020477,,,1.0,spike
1519,10,scenario3_repeated_spike,SAC,150,130.53927226736727,0,0.16158704516710454,0.5585392722673672,0.5,0.5,-0.3600631587172359,0.03829296678304672,0.0014713259879499674,0.01394585333764553,,,1.0,spike
1520,10,scenario3_repeated_spike,SAC,150,130.48534504063053,1,0.1574492163784111,0.24595937310272892,0.5,0.5,-0.20170429474057,-0.09552793949842453,0.0019307490438222885,0.014692950993776321,,,1.0,spike
1521,10,scenario3_repeated_spike,SAC,150,130.43681053656746,1,0.15743156746784273,0.2459452539742742,0.5,0.5,-0.20168841072105848,-0.13709917664527893,0.0016033505089581013,0.012499907985329628,,,1.0,spike
1522,10,scenario3_repeated_spike,SAC,150,130.39312948291072,1,0.15741568344833118,0.24593254675866494,0.5,0.5,-0.20167411510349806,-0.08446886390447617,0.002180742798373103,0.014380691573023796,,,1.0,spike
1523,10,scenario3_repeated_spike,SAC,150,136.35381653461965,0,0.1652211353341373,0.5643538165346197,0.5,0.5,-0.3647874759343785,-0.01009092666208744,0.002449131105095148,0.01724114641547203,,,1.0,spike
1524,10,scenario3_repeated_spike,SAC,150,135.7184348811577,1,0.1593521581386028,0.24748172651088224,0.5,0.5,-0.2034169423247425,-0.14176607131958008,0.0014832359738647938,0.01163490954786539,,,1.0,spike
1525,10,scenario3_repeated_spike,SAC,150,135.14659139304194,1,0.15914421505201523,0.2473153720416122,0.5,0.5,-0.2032297935468137,-0.04513157531619072,0.001712391385808587,0.013582347892224789,,,1.0,spike
1526,10,scenario3_repeated_spike,SAC,150,134.63193225373777,1,0.15895706627408646,0.24716565301926918,0.5,0.5,-0.20306135964667782,-0.04475226253271103,0.0026342272758483887,0.019412508234381676,,,1.0,spike
1527,10,scenario3_repeated_spike,SAC,150,134.168739028364,1,0.15878863237395055,0.24703090589916044,0.5,0.5,-0.2029097691365555,-0.002140142023563385,0.002433564979583025,0.01615946739912033,,,1.0,spike
1528,10,scenario3_repeated_spike,SAC,150,133.75186512552762,1,0.15863704186382824,0.2469096334910626,0.5,0.5,-0.20277333767744543,-0.12258630990982056,0.0025098146870732307,0.01416945643723011,,,1.0,spike
1529,10,scenario3_repeated_spike,SAC,150,133.37667861297484,1,0.15850061040471813,0.24680048832377455,0.5,0.5,-0.20265054936424634,-0.016040217131376266,0.0023402059450745583,0.015479758381843567,,,1.0,spike
1530,10,scenario3_repeated_spike,SAC,150,133.03901075167738,1,0.15837782209151904,0.24670225767321524,0.5,0.5,-0.20254003988236713,-0.09206348657608032,0.0005296320887282491,0.007038891781121492,,,1.0,spike
1531,10,scenario3_repeated_spike,SAC,150,132.73510967650964,1,0.15826731260963986,0.24661385008771192,0.5,0.5,-0.20244058134867587,-0.027535676956176758,0.0007340649608522654,0.009042125195264816,,,1.0,spike
1532,10,scenario3_repeated_spike,SAC,150,138.46159870885867,0,0.16653849919303668,0.5664615987088587,0.5,0.5,-0.3665000489509477,-0.028955809772014618,0.0011560609564185143,0.011988517828285694,,,1.0,spike
1533,10,scenario3_repeated_spike,SAC,150,137.61543883797282,1,0.16004197775926288,0.24803358220741034,0.5,0.5,-0.2040377799833366,-0.12459398806095123,0.004250232130289078,0.01290668360888958,,,1.0,spike
1534,10,scenario3_repeated_spike,SAC,150,142.85389495417553,0,0.16928368434635974,0.5708538949541756,0.5,0.5,-0.3700687896502677,-0.0244065560400486,0.0008599645807407796,0.00835480634123087,,,1.0,spike
1535,10,scenario3_repeated_spike,SAC,150,141.56850545875798,1,0.16147945653045745,0.24918356522436597,0.5,0.5,-0.2053315108774117,-0.1354609727859497,0.0009716411586850882,0.009423065930604935,,,1.0,spike
1536,10,scenario3_repeated_spike,SAC,150,146.41165491288217,0,0.17150728432055137,0.5744116549128822,0.5,0.5,-0.3729594696167168,-0.05331999436020851,0.003213178366422653,0.016005318611860275,,,1.0,spike
1537,10,scenario3_repeated_spike,SAC,150,144.77048942159396,1,0.1626438143351251,0.2501150514681001,0.5,0.5,-0.2063794329016126,-0.11130376905202866,0.005819826386868954,0.01432256679981947,,,1.0,spike
1538,10,scenario3_repeated_spike,SAC,150,149.29344047943457,0,0.17330840029964661,0.5772934404794345,0.5,0.5,-0.37530092038954055,-0.028906451538205147,0.007910444401204586,0.026138555258512497,,,1.0,spike
1539,10,scenario3_repeated_spike,SAC,150,147.3640964314911,1,0.16358694415690586,0.2508695553255247,0.5,0.5,-0.2072282497412153,-0.063904769718647,0.0036938085686415434,0.01771622709929943,,,1.0,spike
1540,10,scenario3_repeated_spike,SAC,150,145.627686788342,1,0.162955522468488,0.2503644179747904,0.5,0.5,-0.2066599702216392,-0.07292177528142929,0.0009844976011663675,0.010160981677472591,,,1.0,spike
1541,10,scenario3_repeated_spike,SAC,150,144.0649181095078,1,0.1623872429489119,0.24990979435912952,0.5,0.5,-0.20614851865402073,-0.04749443382024765,0.0020612883381545544,0.014029326848685741,,,1.0,spike
1542,10,scenario3_repeated_spike,SAC,150,142.65842629855703,1,0.1618757913812935,0.24950063310503479,0.5,0.5,-0.20568821224316414,-0.07983722537755966,0.0029823097866028547,0.016203848645091057,,,1.0,spike
1543,10,scenario3_repeated_spike,SAC,150,141.39258366870132,1,0.16141548497043687,0.2491323879763495,0.5,0.5,-0.2052739364733932,-0.02611120045185089,0.007148523349314928,0.023252025246620178,,,1.0,spike
1544,10,scenario3_repeated_spike,SAC,150,140.25332530183118,1,0.16100120920066588,0.2488009673605327,0.5,0.5,-0.20490108828059928,-0.012753707356750965,0.0014092725468799472,0.01182815432548523,,,1.0,spike
1545,10,scenario3_repeated_spike,SAC,150,145.22799277164808,0,0.17076749548228007,0.5732279927716482,0.5,0.5,-0.3719977441269641,-0.033649593591690063,0.0028095657471567392,0.01101212203502655,,,1.0,spike
1546,10,scenario3_repeated_spike,SAC,150,149.70519349448327,0,0.17356574593405205,0.5777051934944832,0.5,0.5,-0.37563546971426764,-0.025776615366339684,0.004323875531554222,0.021257638931274414,,,1.0,spike
1547,10,scenario3_repeated_spike,SAC,150,153.73467414503494,0,0.17608417134064686,0.581734674145035,0.5,0.5,-0.3789094227428409,-0.06812964379787445,0.002878147177398205,0.016343409195542336,,,1.0,spike
1548,10,scenario3_repeated_spike,SAC,150,151.36120673053145,1,0.16504043881110236,0.2520323510488819,0.5,0.5,-0.20853639492999212,-0.053617238998413086,0.0018246498657390475,0.013623175211250782,,,1.0,spike
1549,10,scenario3_repeated_spike,SAC,150,155.2250860574783,0,0.17701567878592395,0.5832250860574784,0.5,0.5,-0.38012038242170115,-0.08642025291919708,0.007305031642317772,0.018280748277902603,,,1.0,spike
1550,10,scenario3_repeated_spike,SAC,150,152.7025774517305,1,0.16552820998244744,0.25242256798595797,0.5,0.5,-0.2089753889842027,-0.03807785362005234,0.005434571765363216,0.020618051290512085,,,1.0,spike
1551,10,scenario3_repeated_spike,SAC,150,150.43231970655745,1,0.16470266171147543,0.25176212936918035,0.5,0.5,-0.2082323955403279,-0.0008561816066503525,0.005791833624243736,0.021340925246477127,,,1.0,spike
1552,10,scenario3_repeated_spike,SAC,150,148.3890877359017,1,0.16395966826760064,0.25116773461408054,0.5,0.5,-0.20756370144084058,-0.03680162504315376,0.00202118419110775,0.015399418771266937,,,1.0,spike
1553,10,scenario3_repeated_spike,SAC,150,146.55017896231155,1,0.1632909741681133,0.2506327793344907,0.5,0.5,-0.206961876751302,-0.03298791125416756,0.0021065729670226574,0.01371859572827816,,,1.0,spike
1554,10,scenario3_repeated_spike,SAC,150,144.8951610660804,1,0.16268914947857469,0.25015131958285974,0.5,0.5,-0.20642023453071723,-0.07960806787014008,0.0009057068382389843,0.012266693636775017,,,1.0,spike
1555,10,scenario3_repeated_spike,SAC,150,143.40564495947237,1,0.16214750725798996,0.24971800580639197,0.5,0.5,-0.20593275653219095,-0.0293626319617033,0.0029056037310510874,0.01533136609941721,,,1.0,spike
1556,10,scenario3_repeated_spike,SAC,150,142.06508046352513,1,0.16166002925946368,0.249328023407571,0.5,0.5,-0.20549402633351732,0.026462173089385033,0.0054584089666605,0.02426791936159134,,,1.0,spike
1557,10,scenario3_repeated_spike,SAC,150,140.85857241717264,1,0.16122129906079002,0.24897703924863201,0.5,0.5,-0.20509916915471102,0.010508818551898003,0.0018723304383456707,0.016867775470018387,,,1.0,spike
1558,10,scenario3_repeated_spike,SAC,150,139.77271517545537,1,0.16082644188198378,0.24866115350558704,0.5,0.5,-0.20474379769378542,-0.07731972634792328,0.0006915431586094201,0.01083024125546217,,,1.0,spike
1559,10,scenario3_repeated_spike,SAC,150,138.79544365790986,1,0.16047107042105815,0.24837685633684653,0.5,0.5,-0.20442396337895236,-0.0005984529852867126,0.0013924160739406943,0.014758575707674026,,,1.0,spike
1560,10,scenario3_repeated_spike,SAC,150,143.91589929211887,0,0.1699474370575743,0.571915899292119,0.5,0.5,-0.37093166817484663,-0.08696945011615753,0.0008683683117851615,0.008862156420946121,,,1.0,spike
1561,10,scenario3_repeated_spike,SAC,150,142.524309362907,1,0.16182702158651163,0.24946161726920935,0.5,0.5,-0.2056443194278605,0.08089779317378998,0.0006143193459138274,0.010321378707885742,,,1.0,spike
1562,10,scenario3_repeated_spike,SAC,150,147.2718784266163,0,0.17204492401663518,0.5752718784266163,0.5,0.5,-0.37365840122162575,-0.01817287690937519,0.0007714340463280678,0.01008746586740017,,,1.0,spike
1563,10,scenario3_repeated_spike,SAC,150,145.54469058395466,1,0.16292534203052897,0.2503402736244232,0.5,0.5,-0.20663280782747606,0.003894705791026354,0.003784624859690666,0.011746758595108986,,,1.0,spike
1564,10,scenario3_repeated_spike,SAC,150,149.9902215255592,0,0.17374388845347452,0.5779902215255592,0.5,0.5,-0.3758670549895169,0.014476880431175232,0.0016996217891573906,0.01196352206170559,,,1.0,spike
1565,10,scenario3_repeated_spike,SAC,150,153.9911993730033,0,0.17624449960812708,0.5819911993730034,0.5,0.5,-0.3791178494905652,-0.1032680794596672,0.001546741696074605,0.013072065077722073,,,1.0,spike
1566,10,scenario3_repeated_spike,SAC,150,151.59207943570297,1,0.16512439252207378,0.25209951401765907,0.5,0.5,-0.20861195326986642,-0.034867241978645325,0.004010474309325218,0.014785700477659702,,,1.0,spike
1567,10,scenario3_repeated_spike,SAC,150,149.43287149213268,1,0.16433922599713918,0.25147138079771136,0.5,0.5,-0.20790530339742527,0.0012036925181746483,0.004502167459577322,0.02233896031975746,,,1.0,spike
1568,10,scenario3_repeated_spike,SAC,150,147.48958434291941,1,0.16363257612469795,0.25090606089975837,0.5,0.5,-0.20726931851222816,-0.010704140178859234,0.0025362283922731876,0.019022881984710693,,,1.0,spike
1569,10,scenario3_repeated_spike,SAC,150,151.74062590862746,0,0.17483789119289217,0.5797406259086275,0.5,0.5,-0.37728925855075984,-0.05299185961484909,0.0009241166990250349,0.008753920905292034,,,1.0,spike
1570,10,scenario3_repeated_spike,SAC,150,149.56656331776472,1,0.1643878412064599,0.2515102729651679,0.5,0.5,-0.2079490570858139,-0.12327902764081955,0.0010597268119454384,0.010834616608917713,,,1.0,spike
1571,10,scenario3_repeated_spike,SAC,150,147.60990698598826,1,0.16367632981308664,0.2509410638504693,0.5,0.5,-0.207308696831778,-0.15384867787361145,0.0016637954395264387,0.010707763023674488,,,1.0,spike
1572,10,scenario3_repeated_spike,SAC,150,145.84891628738944,1,0.16303596955905073,0.2504287756472406,0.5,0.5,-0.20673237260314564,-0.05570836365222931,0.0015426628524437547,0.012264915741980076,,,1.0,spike
1573,10,scenario3_repeated_spike,SAC,150,144.2640246586505,1,0.16245964533041835,0.24996771626433467,0.5,0.5,-0.2062136807973765,-0.0291176475584507,0.00037006367347203195,0.005701552145183086,,,1.0,spike
1574,10,scenario3_repeated_spike,SAC,150,142.83762219278546,1,0.16194095352464927,0.24955276281971944,0.5,0.5,-0.20574685817218435,-0.01779928058385849,0.004484069067984819,0.020684637129306793,,,1.0,spike
1575,10,scenario3_repeated_spike,SAC,150,141.55385997350692,1,0.16147413089945709,0.24917930471956568,0.5,0.5,-0.2053267178095114,0.02697717770934105,0.007467621937394142,0.029527077451348305,,,1.0,spike
1576,10,scenario3_repeated_spike,SAC,150,140.39847397615623,1,0.16105399053678407,0.24884319242942726,0.5,0.5,-0.20494859148310568,-0.04877264052629471,0.003397824941202998,0.021045072004199028,,,1.0,spike
1577,10,scenario3_repeated_spike,SAC,150,139.35862657854062,1,0.1606758642103784,0.24854069136830276,0.5,0.5,-0.2046082777893406,-0.016128119081258774,0.0015940367011353374,0.015611836686730385,,,1.0,spike
1578,10,scenario3_repeated_spike,SAC,150,138.42276392068658,1,0.1603355505166133,0.24826844041329066,0.5,0.5,-0.20430199546495198,-0.06137271225452423,0.004732415545731783,0.023312898352742195,,,1.0,spike
1579,10,scenario3_repeated_spike,SAC,150,143.58048752861794,0,0.16973780470538624,0.571580487528618,0.5,0.5,-0.3706591461170021,0.04723932594060898,0.0019965614192187786,0.011750025674700737,,,1.0,spike
1580,10,scenario3_repeated_spike,SAC,150,142.22243877575616,1,0.1617172504639113,0.24937380037112905,0.5,0.5,-0.2055455254175202,0.010703012347221375,0.005761626176536083,0.024838723242282867,,,1.0,spike
1581,10,scenario3_repeated_spike,SAC,150,141.00019489818055,1,0.16127279814479295,0.24901823851583438,0.5,0.5,-0.20514551833031366,-0.08645988255739212,0.0029040961526334286,0.017058979719877243,,,1.0,spike
1582,10,scenario3_repeated_spike,SAC,150,139.9001754083625,1,0.16087279105758637,0.24869823284606912,0.5,0.5,-0.20478551195182776,-0.018667880445718765,0.002311465097591281,0.01615910604596138,,,1.0,spike
1583,10,scenario3_repeated_spike,SAC,150,144.91015786752624,0,0.1705688486672039,0.5729101578675262,0.5,0.5,-0.37173950326736505,-0.02786163240671158,0.0020444225519895554,0.015806743875145912,,,1.0,spike
1584,10,scenario3_repeated_spike,SAC,150,143.4191420807736,1,0.1621524153020995,0.2497219322416796,0.5,0.5,-0.20593717377188955,-0.036470651626586914,0.002243160270154476,0.016934257000684738,,,1.0,spike
1585,10,scenario3_repeated_spike,SAC,150,142.07722787269626,1,0.1616644464991623,0.24933155719932987,0.5,0.5,-0.2054980018492461,-0.09666011482477188,0.0007549863657914102,0.008513715118169785,,,1.0,spike
1586,10,scenario3_repeated_spike,SAC,150,146.86950508542662,0,0.17179344067839164,0.5748695050854267,0.5,0.5,-0.37333147288190915,0.02660372480750084,0.002005346119403839,0.017798002809286118,,,1.0,spike
1587,10,scenario3_repeated_spike,SAC,150,145.18255457688397,1,0.162793656209776,0.25023492496782085,0.5,0.5,-0.20651429058879844,-0.08282580226659775,0.0018786783330142498,0.010982543230056763,,,1.0,spike
1588,10,scenario3_repeated_spike,SAC,150,143.6642991191956,1,0.16224156331607112,0.2497932506528569,0.5,0.5,-0.20601740698446402,0.0490960069000721,0.003860089462250471,0.024451235309243202,,,1.0,spike
1589,10,scenario3_repeated_spike,SAC,150,142.29786920727602,1,0.16174467971173673,0.2493957437693894,0.5,0.5,-0.20557021174056306,0.020927242934703827,0.005516263656318188,0.02836720645427704,,,1.0,spike
1590,10,scenario3_repeated_spike,SAC,150,141.06808228654842,1,0.16129748446783582,0.24903798757426865,0.5,0.5,-0.20516773602105223,-0.044489383697509766,0.004886731971055269,0.02444608323276043,,,1.0,spike
1591,10,scenario3_repeated_spike,SAC,150,139.96127405789358,1,0.16089500874832496,0.24871600699865998,0.5,0.5,-0.20480550787349247,-0.002831611782312393,0.002318933140486479,0.01689250022172928,,,1.0,spike
1592,10,scenario3_repeated_spike,SAC,150,138.96514665210424,1,0.1605327806007652,0.2484262244806122,0.5,0.5,-0.2044795025406887,-0.06647797673940659,0.0008737368043512106,0.009017100557684898,,,1.0,spike
1593,10,scenario3_repeated_spike,SAC,150,138.06863198689382,1,0.1602067752679614,0.24816542021436916,0.5,0.5,-0.20418609774116528,-0.00597759522497654,0.0009970709215849638,0.011453193612396717,,,1.0,spike
1594,10,scenario3_repeated_spike,SAC,150,137.26176878820445,1,0.15991337046843798,0.2479306963747504,0.5,0.5,-0.2039220334215942,0.017931103706359863,0.0016161269741132855,0.014583606272935867,,,1.0,spike
1595,10,scenario3_repeated_spike,SAC,150,136.535591909384,1,0.1596493061488669,0.24771944491909353,0.5,0.5,-0.20368437553398022,0.05713612958788872,0.007685593329370022,0.031325530260801315,,,1.0,spike
1596,10,scenario3_repeated_spike,SAC,150,141.8820327184456,0,0.16867627044902853,0.5698820327184456,0.5,0.5,-0.3692791515837371,-0.06232822686433792,0.002758241957053542,0.014576728455722332,,,1.0,spike
1597,10,scenario3_repeated_spike,SAC,150,140.69382944660106,1,0.16116139252603673,0.2489291140208294,0.5,0.5,-0.20504525327343306,-0.02682868205010891,0.0030012191273272038,0.0188225619494915,,,1.0,spike
1598,10,scenario3_repeated_spike,SAC,150,139.62444650194095,1,0.1607725260007058,0.24861802080056467,0.5,0.5,-0.20469527340063523,-0.10126534104347229,0.0021945538464933634,0.012873416766524315,,,1.0,spike
1599,10,scenario3_repeated_spike,SAC,150,138.66200185174688,1,0.16042254612790796,0.24833803690232636,0.5,0.5,-0.20438029151511716,-0.10446798801422119,0.001447036862373352,0.009997627697885036,,,1.0,spike
1600,10,scenario3_repeated_spike,SAC,150,143.79580166657217,0,0.16987237604160763,0.5717958016665722,0.5,0.5,-0.3708340888540899,-0.008552243933081627,0.0055010756477713585,0.021201610565185547,,,1.0,spike
1601,10,scenario3_repeated_spike,SAC,150,142.41622149991497,1,0.16178771690905996,0.249430173527248,0.5,0.5,-0.20560894521815398,-0.04440397024154663,0.0035870361607521772,0.020251959562301636,,,1.0,spike
1602,10,scenario3_repeated_spike,SAC,150,141.17459934992348,1,0.16133621794542674,0.2490689743563414,0.5,0.5,-0.20520259615088407,-0.04358650743961334,0.0025152177549898624,0.014305021613836288,,,1.0,spike
1603,10,scenario3_repeated_spike,SAC,150,140.05713941493116,1,0.16092986887815677,0.24874389510252543,0.5,0.5,-0.2048368819903411,0.11310461908578873,0.0020438297651708126,0.018831685185432434,,,1.0,spike
1604,10,scenario3_repeated_spike,SAC,150,139.05142547343803,1,0.16056415471761384,0.24845132377409107,0.5,0.5,-0.20450773924585247,-0.002230139449238777,0.0022441395558416843,0.017200816422700882,,,1.0,spike
1605,10,scenario3_repeated_spike,SAC,150,144.14628292609422,0,0.1700914268288089,0.5721462829260943,0.5,0.5,-0.37111885487745155,-0.004280676133930683,0.0032575358636677265,0.018147986382246017,,,1.0,spike
1606,10,scenario3_repeated_spike,SAC,150,148.7316546334848,0,0.172957284145928,0.5767316546334849,0.5,0.5,-0.37484446938970645,0.07926417142152786,0.003105207346379757,0.021568652242422104,,,1.0,spike
1607,10,scenario3_repeated_spike,SAC,150,146.85848917013632,1,0.16340308697095868,0.25072246957676697,0.5,0.5,-0.20706277827386282,-0.006510364823043346,0.0021894993260502815,0.017147967591881752,,,1.0,spike
1608,10,scenario3_repeated_spike,SAC,150,145.1726402531227,1,0.1627900510011355,0.25023204080090844,0.5,0.5,-0.20651104590102198,0.0018307622522115707,0.0017575897509232163,0.014118403196334839,,,1.0,spike
1609,10,scenario3_repeated_spike,SAC,150,149.65537622781042,0,0.17353461014238153,0.5776553762278105,0.5,0.5,-0.37559499318509604,0.07073837518692017,0.002086108084768057,0.015558440238237381,,,1.0,spike
1610,10,scenario3_repeated_spike,SAC,150,147.6898386050294,1,0.1637053958563743,0.25096431668509944,0.5,0.5,-0.2073348562707369,0.050608497112989426,0.0028023619670420885,0.020791122689843178,,,1.0,spike
1611,10,scenario3_repeated_spike,SAC,150,145.92085474452645,1,0.16306212899800962,0.2504497031984077,0.5,0.5,-0.20675591609820865,-0.06786707043647766,0.0023308726958930492,0.014680126681923866,,,1.0,spike
1612,10,scenario3_repeated_spike,SAC,150,150.32876927007382,0,0.17395548079379616,0.5783287692700738,0.5,0.5,-0.376142125031935,-0.020447205752134323,0.002883262000977993,0.01710570603609085,,,1.0,spike
1613,10,scenario3_repeated_spike,SAC,150,148.29589234306644,1,0.16392577903384237,0.2511406232270739,0.5,0.5,-0.20753320113045814,-0.001094253733754158,0.0019467966631054878,0.01166815310716629,,,1.0,spike
1614,10,scenario3_repeated_spike,SAC,150,152.4663031087598,0,0.17529143944297487,0.5804663031087598,0.5,0.5,-0.37787887127586733,0.09179658442735672,0.0024947612546384335,0.018643494695425034,,,1.0,spike
1615,10,scenario3_repeated_spike,SAC,150,156.21967279788382,0,0.1776372954986774,0.5842196727978839,0.5,0.5,-0.3809284841482806,0.0005010217428207397,0.0003582037752494216,0.007070738822221756,,,1.0,spike
1616,10,scenario3_repeated_spike,SAC,150,153.59770551809544,1,0.16585371109748928,0.25268296887799147,0.5,0.5,-0.20926833998774036,-0.014167968183755875,0.0019382697064429522,0.016333580017089844,,,1.0,spike
1617,10,scenario3_repeated_spike,SAC,150,151.2379349662859,1,0.16499561271501306,0.2519964901720105,0.5,0.5,-0.20849605144351177,-0.07499581575393677,0.0025974297896027565,0.01619509421288967,,,1.0,spike
1618,10,scenario3_repeated_spike,SAC,150,155.1141414696573,0,0.17694633841853583,0.5831141414696573,0.5,0.5,-0.38003023994409657,-0.006006701849400997,0.002274596830829978,0.013803910464048386,,,1.0,spike
1619,10,scenario3_repeated_spike,SAC,150,152.60272732269158,1,0.16549190084461513,0.2523935206756921,0.5,0.5,-0.2089427107601536,0.027097970247268677,0.0009390942868776619,0.010933167301118374,,,1.0,spike
1620,10,scenario3_repeated_spike,SAC,150,156.34245459042242,0,0.177714034119014,0.5843424545904224,0.5,0.5,-0.3810282443547182,-0.0934567004442215,0.0024113983381539583,0.01438111811876297,,,1.0,spike
1621,10,scenario3_repeated_spike,SAC,150,153.7082091313802,1,0.1658938942295928,0.25271511538367425,0.5,0.5,-0.20930450480663354,-0.08054333925247192,0.0007353703258559108,0.008277357555925846,,,1.0,spike
1622,10,scenario3_repeated_spike,SAC,150,151.33738821824218,1,0.16503177753390624,0.252025422027125,0.5,0.5,-0.20852859978051563,0.05352729186415672,0.0017718365415930748,0.016857225447893143,,,1.0,spike
1623,10,scenario3_repeated_spike,SAC,150,155.20364939641797,0,0.17700228087276126,0.583203649396418,0.5,0.5,-0.38010296513458963,-0.002831883728504181,0.0022056440357118845,0.01725546456873417,,,1.0,spike
1624,10,scenario3_repeated_spike,SAC,150,158.6832844567762,0,0.17917705278548512,0.5866832844567762,0.5,0.5,-0.38293016862113066,0.05321696400642395,0.0008416466880589724,0.012292357161641121,,,1.0,spike
1625,10,scenario3_repeated_spike,SAC,150,155.8149560110986,1,0.16665998400403584,0.2533279872032287,0.5,0.5,-0.20999398560363225,0.04289296641945839,0.0016945902025327086,0.015314558520913124,,,1.0,spike
1626,10,scenario3_repeated_spike,SAC,150,153.23346040998874,1,0.165721258330905,0.25257700666472405,0.5,0.5,-0.20914913249781453,0.042375482618808746,0.002850509947165847,0.019532538950443268,,,1.0,spike
1627,10,scenario3_repeated_spike,SAC,150,150.91011436898987,1,0.16487640522508723,0.2519011241800698,0.5,0.5,-0.20838876470257853,-0.005426684394478798,0.0014018859947100282,0.013307727873325348,,,1.0,spike
1628,10,scenario3_repeated_spike,SAC,150,148.81910293209089,1,0.16411603742985123,0.251292829943881,0.5,0.5,-0.20770443368686614,-0.06157929450273514,0.0004055954050272703,0.007288895547389984,,,1.0,spike
1629,10,scenario3_repeated_spike,SAC,150,146.9371926388818,1,0.16343170641413884,0.25074536513131107,0.5,0.5,-0.20708853577272496,-0.02933642826974392,0.0011363319354131818,0.012255070731043816,,,1.0,spike
1630,10,scenario3_repeated_spike,SAC,150,151.24347337499364,0,0.17452717085937106,0.5792434733749937,0.5,0.5,-0.3768853221171824,-0.04572819173336029,0.003225079271942377,0.011496255174279213,,,1.0,spike
1631,10,scenario3_repeated_spike,SAC,150,155.11912603749428,0,0.17694945377343396,0.5831191260374944,0.5,0.5,-0.3800342899054642,0.027988353744149208,0.001245745224878192,0.011787474155426025,,,1.0,spike
1632,10,scenario3_repeated_spike,SAC,150,152.60721343374485,1,0.16549353215772541,0.2523948257261803,0.5,0.5,-0.20894417894195288,-0.050999272614717484,0.000653003400657326,0.007992705330252647,,,1.0,spike
1633,10,scenario3_repeated_spike,SAC,150,156.34649209037036,0,0.1777165575564815,0.5843464920903704,0.5,0.5,-0.38103152482342595,0.05302834510803223,0.0015924026956781745,0.015496296808123589,,,1.0,spike
1634,10,scenario3_repeated_spike,SAC,150,153.71184288133333,1,0.16589521559321213,0.25271617247456973,0.5,0.5,-0.20930569403389093,-0.07000572979450226,0.0009657267946749926,0.01084484439343214,,,1.0,spike
1635,10,scenario3_repeated_spike,SAC,150,151.3406585932,1,0.16503296676116364,0.2520263734089309,0.5,0.5,-0.20852967008504728,-0.02560344897210598,0.0013334788382053375,0.010157192125916481,,,1.0,spike
1636,10,scenario3_repeated_spike,SAC,150,149.20659273388,1,0.16425694281232,0.251405554249856,0.5,0.5,-0.207831248531088,0.003549935296177864,0.001875709043815732,0.010983217507600784,,,1.0,spike
1637,10,scenario3_repeated_spike,SAC,150,147.285933460492,1,0.16355852125836073,0.2508468170066886,0.5,0.5,-0.20720266913252466,-0.08081941306591034,0.0033186476211994886,0.01302366890013218,,,1.0,spike
1638,10,scenario3_repeated_spike,SAC,150,145.5573401144428,1,0.16292994185979737,0.2503439534878379,0.5,0.5,-0.20663694767381763,0.029764756560325623,0.002755841240286827,0.016248799860477448,,,1.0,spike
1639,10,scenario3_repeated_spike,SAC,150,150.00160610299852,0,0.17375100381437408,0.5780016061029986,0.5,0.5,-0.3758763049586863,0.1302197277545929,0.0011090072803199291,0.014673932455480099,,,1.0,spike
1640,10,scenario3_repeated_spike,SAC,150,154.00144549269868,0,0.1762509034329367,0.5820014454926987,0.5,0.5,-0.3791261744628177,0.008481981232762337,0.0032748733647167683,0.01616102270781994,,,1.0,spike
1641,10,scenario3_repeated_spike,SAC,150,151.6013009434288,1,0.16512774579761047,0.2521021966380884,0.5,0.5,-0.20861497121784944,0.010064738802611828,0.002340726088732481,0.01732936128973961,,,1.0,spike
1642,10,scenario3_repeated_spike,SAC,150,149.44117084908592,1,0.16434224394512215,0.25147379515609775,0.5,0.5,-0.20790801955060995,-0.041761159896850586,0.0012709461152553558,0.011428125202655792,,,1.0,spike
1643,10,scenario3_repeated_spike,SAC,150,147.49705376417734,1,0.16363529227788268,0.25090823382230615,0.5,0.5,-0.20727176305009443,-0.030665665864944458,0.0032404507510364056,0.014997079968452454,,,1.0,spike
1644,10,scenario3_repeated_spike,SAC,150,145.74734838775962,1,0.16299903577736716,0.25039922862189373,0.5,0.5,-0.20669913219963043,-0.08369475603103638,0.0010264479788020253,0.010558114387094975,,,1.0,spike
1645,10,scenario3_repeated_spike,SAC,150,144.17261354898366,1,0.16242640492690313,0.24994112394152251,0.5,0.5,-0.20618376443421282,0.04433544725179672,0.0004031227726954967,0.007467268966138363,,,1.0,spike
1646,10,scenario3_repeated_spike,SAC,150,142.7553521940853,1,0.16191103716148558,0.2495288297291885,0.5,0.5,-0.20571993344533704,0.006594105623662472,0.0001896351168397814,0.005426083691418171,,,1.0,spike
1647,10,scenario3_repeated_spike,SAC,150,141.47981697467677,1,0.16144720617260974,0.24915776493808783,0.5,0.5,-0.2053024855553488,-0.03803606703877449,0.0017307696398347616,0.0137709965929389,,,1.0,spike
1648,10,scenario3_repeated_spike,SAC,150,146.3318352772091,0,0.1714573970482557,0.5743318352772091,0.5,0.5,-0.3728946161627324,0.07507255673408508,0.001756869489327073,0.014661953784525394,,,1.0,spike
1649,10,scenario3_repeated_spike,SAC,150,150.6986517494882,0,0.17418665734343014,0.5786986517494882,0.5,0.5,-0.3764426545464592,0.0577501617372036,0.0008784951642155647,0.01129421591758728,,,1.0,spike
1650,10,scenario3_repeated_spike,SAC,150,148.6287865745394,1,0.1640468314816507,0.2512374651853206,0.5,0.5,-0.20764214833348565,-0.001786569133400917,0.001995135098695755,0.01272142119705677,,,1.0,spike
1651,10,scenario3_repeated_spike,SAC,150,146.76590791708546,1,0.16336942106075836,0.2506955368486067,0.5,0.5,-0.20703247895468252,-0.09104012697935104,0.0014371194411069155,0.012265208177268505,,,1.0,spike
1652,10,scenario3_repeated_spike,SAC,150,145.0893171253769,1,0.16275975168195522,0.2502078013455642,0.5,0.5,-0.2064837765137597,-0.14052583277225494,0.0009957840666174889,0.009368708357214928,,,1.0,spike
1653,10,scenario3_repeated_spike,SAC,150,143.58038541283923,1,0.16221104924103244,0.24976883939282596,0.5,0.5,-0.20598994431692919,0.1636972427368164,0.0005003387341275811,0.009306801483035088,,,1.0,spike
1654,10,scenario3_repeated_spike,SAC,150,142.22234687155532,1,0.16171721704420194,0.24937377363536156,0.5,0.5,-0.20554549533978175,-0.09213348478078842,0.0012120141182094812,0.011163157410919666,,,1.0,spike
1655,10,scenario3_repeated_spike,SAC,150,141.0001121843998,1,0.16127276806705446,0.24901821445364358,0.5,0.5,-0.20514549126034903,-0.05815204232931137,0.0017405749531462789,0.011667277663946152,,,1.0,spike
1656,10,scenario3_repeated_spike,SAC,150,139.90010096595984,1,0.1608727639876218,0.24869821119009744,0.5,0.5,-0.20478548758885962,0.0505501851439476,0.003144273068755865,0.02021718956530094,,,1.0,spike
1657,10,scenario3_repeated_spike,SAC,150,138.91009086936384,1,0.16051276031613232,0.24841020825290588,0.5,0.5,-0.2044614842845191,0.03421343117952347,0.0018675618339329958,0.010144192725419998,,,1.0,spike
1658,10,scenario3_repeated_spike,SAC,150,138.01908178242746,1,0.1601887570117918,0.24815100560943348,0.5,0.5,-0.20416988131061264,0.07007291913032532,0.005768157076090574,0.023763205856084824,,,1.0,spike
1659,10,scenario3_repeated_spike,SAC,150,143.21717360418472,0,0.16951073350261547,0.5712171736041848,0.5,0.5,-0.3703639535534001,-0.025115862488746643,0.00785357691347599,0.02398999221622944,,,1.0,spike
1660,10,scenario3_repeated_spike,SAC,150,147.89545624376626,0,0.17243466015235392,0.5758954562437663,0.5,0.5,-0.3741650581980601,-0.012813754379749298,0.00582284526899457,0.023197760805487633,,,1.0,spike
1661,10,scenario3_repeated_spike,SAC,150,146.10591061938965,1,0.16312942204341443,0.25050353763473154,0.5,0.5,-0.20681647983907298,-0.021289736032485962,0.0028971079736948013,0.018566736951470375,,,1.0,spike
1662,10,scenario3_repeated_spike,SAC,150,144.4953195574507,1,0.1625437525663457,0.2500350020530766,0.5,0.5,-0.20628937730971114,-0.01884365826845169,0.0011966773308813572,0.010830534622073174,,,1.0,spike
1663,10,scenario3_repeated_spike,SAC,150,149.04578760170563,0,0.17315361725106604,0.5770457876017057,0.5,0.5,-0.37509970242638585,0.14029070734977722,0.0037752529606223106,0.022877221927046776,,,1.0,spike
1664,10,scenario3_repeated_spike,SAC,150,147.14120884153508,1,0.16350589412419456,0.25080471529935566,0.5,0.5,-0.20715530471177512,0.0649990439414978,0.002600267995148897,0.01760784164071083,,,1.0,spike
1665,10,scenario3_repeated_spike,SAC,150,151.42708795738156,0,0.17464192997336347,0.5794270879573815,0.5,0.5,-0.3770345089653725,-0.012477504089474678,0.0027763175312429667,0.01451987586915493,,,1.0,spike
1666,10,scenario3_repeated_spike,SAC,150,149.28437916164341,1,0.16428522878605215,0.25142818302884173,0.5,0.5,-0.20785670590744693,-0.04744551330804825,0.001707819290459156,0.012223201803863049,,,1.0,spike
1667,10,scenario3_repeated_spike,SAC,150,147.35594124547907,1,0.16358397863471966,0.25086718290777577,0.5,0.5,-0.2072255807712477,0.18746483325958252,0.001255417475476861,0.013162132352590561,,,1.0,spike
1668,10,scenario3_repeated_spike,SAC,150,145.62034712093117,1,0.16295285349852046,0.2503622827988164,0.5,0.5,-0.20665756814866842,-0.0232393778860569,0.004319790750741959,0.012980090454220772,,,1.0,spike
1669,10,scenario3_repeated_spike,SAC,150,150.05831240883805,0,0.17378644525552378,0.5780583124088381,0.5,0.5,-0.37592237883218094,0.15313857793807983,0.002099208999425173,0.01930445432662964,,,1.0,spike
1670,10,scenario3_repeated_spike,SAC,150,148.05248116795426,1,0.1638372658792561,0.2510698127034049,0.5,0.5,-0.20745353929133048,0.04899728298187256,0.0009183425572700799,0.010857388377189636,,,1.0,spike
1671,10,scenario3_repeated_spike,SAC,150,146.24723305115884,1,0.16318081201860324,0.2505446496148826,0.5,0.5,-0.20686273081674292,0.024022426456212997,0.0018898164853453636,0.016093067824840546,,,1.0,spike
1672,10,scenario3_repeated_spike,SAC,150,150.62250974604297,0,0.17413906859127687,0.578622509746043,0.5,0.5,-0.3763807891686599,-0.04208182170987129,0.0021565791685134172,0.013674518093466759,,,1.0,spike
1673,10,scenario3_repeated_spike,SAC,150,148.56025877143867,1,0.16402191228052318,0.2512175298244186,0.5,0.5,-0.2076197210524709,0.08326935768127441,0.0022087690886110067,0.01203599851578474,,,1.0,spike
1674,10,scenario3_repeated_spike,SAC,150,146.70423289429482,1,0.16334699377974357,0.2506775950237949,0.5,0.5,-0.20701229440176921,0.1374017596244812,0.0015028552152216434,0.013894273899495602,,,1.0,spike
1675,10,scenario3_repeated_spike,SAC,150,145.03380960486535,1,0.16273956712904195,0.2501916537032336,0.5,0.5,-0.20646561041613776,0.03259456902742386,0.005523239728063345,0.02056645229458809,,,1.0,spike
1676,10,scenario3_repeated_spike,SAC,150,143.53042864437882,1,0.1621928831434105,0.2497543065147284,0.5,0.5,-0.20597359482906946,0.060103680938482285,0.0012764838756993413,0.01223236694931984,,,1.0,spike
1677,10,scenario3_repeated_spike,SAC,150,142.17738577994095,1,0.16170086755634216,0.24936069404507377,0.5,0.5,-0.20553078080070797,0.08905282616615295,0.0014722943305969238,0.016240937635302544,,,1.0,spike
1678,10,scenario3_repeated_spike,SAC,150,140.95964720194684,1,0.16125805352798067,0.24900644282238454,0.5,0.5,-0.2051322481751826,-0.025029877200722694,0.0012784171849489212,0.010757912881672382,,,1.0,spike
1679,10,scenario3_repeated_spike,SAC,150,145.86368248175216,0,0.17116480155109512,0.5738636824817522,0.5,0.5,-0.3725142420164237,0.03639286011457443,0.002233355538919568,0.015214511193335056,,,1.0,spike
1680,10,scenario3_repeated_spike,SAC,150,150.27731423357696,0,0.17392332139598563,0.578277314233577,0.5,0.5,-0.3761003178147813,0.07543522119522095,0.0044934567995369434,0.02051616832613945,,,1.0,spike
1681,10,scenario3_repeated_spike,SAC,150,154.24958281021927,0,0.17640598925638706,0.5822495828102193,0.5,0.5,-0.3793277860333032,0.09555196762084961,0.0036969513166695833,0.027123821899294853,,,1.0,spike
1682,10,scenario3_repeated_spike,SAC,150,157.82462452919734,0,0.17864039033074836,0.5858246245291974,0.5,0.5,-0.38223250742997283,-0.05110084265470505,0.0013720274437218904,0.012778609991073608,,,1.0,spike
1683,10,scenario3_repeated_spike,SAC,150,161.0421620762776,0,0.1806513512976735,0.5890421620762776,0.5,0.5,-0.38484675668697554,0.2591608762741089,0.005076834000647068,0.027616405859589577,,,1.0,spike
1684,10,scenario3_repeated_spike,SAC,150,157.93794586864985,1,0.1674319803158727,0.2539455842526982,0.5,0.5,-0.21068878228428545,0.035926952958106995,0.0010210517793893814,0.012293640524148941,,,1.0,spike
1685,10,scenario3_repeated_spike,SAC,150,155.14415128178487,1,0.16641605501155815,0.2531328440092465,0.5,0.5,-0.20977444951040233,-0.029309788718819618,0.0018274354515597224,0.014076043851673603,,,1.0,spike
1686,10,scenario3_repeated_spike,SAC,150,152.6297361536064,1,0.16550172223767504,0.25240137779014005,0.5,0.5,-0.20895155001390753,0.0308748260140419,0.006531211547553539,0.023775165900588036,,,1.0,spike
1687,10,scenario3_repeated_spike,SAC,150,150.36676253824575,1,0.16467882274118026,0.25174305819294424,0.5,0.5,-0.20821094046706223,0.0913035124540329,0.0013353826943784952,0.014482821337878704,,,1.0,spike
1688,10,scenario3_repeated_spike,SAC,150,148.33008628442118,1,0.163938213194335,0.251150570555468,0.5,0.5,-0.2075443918749015,0.09300205856561661,0.0016574938781559467,0.01769976317882538,,,1.0,spike
1689,10,scenario3_repeated_spike,SAC,150,146.49707765597907,1,0.1632716646021742,0.2506173316817394,0.5,0.5,-0.2069444981419568,0.03669042885303497,0.0030057840049266815,0.020775098353624344,,,1.0,spike
1690,10,scenario3_repeated_spike,SAC,150,144.84736989038117,1,0.16267177086922954,0.25013741669538364,0.5,0.5,-0.20640459378230658,0.11483201384544373,0.002092403592541814,0.016157085075974464,,,1.0,spike
1691,10,scenario3_repeated_spike,SAC,150,149.36263290134306,0,0.17335164556333943,0.577362632901343,0.5,0.5,-0.37535713923234126,0.08918517827987671,0.0021866289898753166,0.01730431616306305,,,1.0,spike
1692,10,scenario3_repeated_spike,SAC,150,147.42636961120877,1,0.16360958894953048,0.2508876711596244,0.5,0.5,-0.20724863005457744,-0.04591040685772896,0.0011039304081350565,0.01171328965574503,,,1.0,spike
1693,10,scenario3_repeated_spike,SAC,150,145.6837326500879,1,0.16297590278185017,0.25038072222548013,0.5,0.5,-0.20667831250366514,0.04054069146513939,0.0003640681388787925,0.005728533025830984,,,1.0,spike
1694,10,scenario3_repeated_spike,SAC,150,144.11535938507913,1,0.1624055852309379,0.24992446818475034,0.5,0.5,-0.20616502670784412,0.0926360934972763,0.002131733112037182,0.0166938416659832,,,1.0,spike
1695,10,scenario3_repeated_spike,SAC,150,142.70382344657122,1,0.16189229943511682,0.24951383954809347,0.5,0.5,-0.20570306949160516,0.01757492683827877,0.006688169669359922,0.02100890688598156,,,1.0,spike
1696,10,scenario3_repeated_spike,SAC,150,141.4334411019141,1,0.16143034221887784,0.2491442737751023,0.5,0.5,-0.20528730799699008,0.07927028089761734,0.0019460206385701895,0.013560174033045769,,,1.0,spike
1697,10,scenario3_repeated_spike,SAC,150,140.2900969917227,1,0.1610145807242628,0.24881166457941029,0.5,0.5,-0.20491312265183653,0.220037043094635,0.0027094122488051653,0.021074172109365463,,,1.0,spike
1698,10,scenario3_repeated_spike,SAC,150,139.26108729255043,1,0.16064039537910926,0.2485123163032874,0.5,0.5,-0.20457635584119832,0.05651376023888588,0.002609692048281431,0.017015187069773674,,,1.0,spike
1699,10,scenario3_repeated_spike,SAC,150,144.3349785632954,0,0.17020936160205966,0.5723349785632954,0.5,0.5,-0.37127217008267754,0.05413876846432686,0.0011436839122325182,0.011234773322939873,,,1.0,spike
1700,10,scenario3_repeated_spike,SAC,150,148.90148070696588,0,0.1730634254418537,0.5769014807069659,0.5,0.5,-0.3749824530744098,0.21390371024608612,0.0016809814842417836,0.01707896776497364,,,1.0,spike
1701,10,scenario3_repeated_spike,SAC,150,153.0113326362693,0,0.17563208289766832,0.5810113326362694,0.5,0.5,-0.37832170776696883,0.03313357010483742,0.0019604433327913284,0.01395201962441206,,,1.0,spike
1702,10,scenario3_repeated_spike,SAC,150,150.71019937264236,1,0.16480370886277904,0.25184296709022325,0.5,0.5,-0.20832333797650116,0.023200204595923424,0.0013407287187874317,0.014060018584132195,,,1.0,spike
1703,10,scenario3_repeated_spike,SAC,150,154.63917943537814,0,0.17664948714711137,0.5826391794353782,0.5,0.5,-0.3796443332912448,-0.05217575281858444,0.0015741290990263224,0.013847936876118183,,,1.0,spike
1704,10,scenario3_repeated_spike,SAC,150,158.17526149184033,0,0.1788595384324002,0.5861752614918403,0.5,0.5,-0.38251739996212025,0.15591669082641602,0.0044504315592348576,0.028893563896417618,,,1.0,spike
1705,10,scenario3_repeated_spike,SAC,150,155.3577353426563,1,0.1664937219427841,0.2531949775542273,0.5,0.5,-0.20984434974850572,-0.007151556201279163,0.0013995671179145575,0.01343719381839037,,,1.0,spike
1706,10,scenario3_repeated_spike,SAC,150,152.82196180839068,1,0.16557162247577842,0.2524572979806228,0.5,0.5,-0.20901446022820058,0.03928587585687637,0.004029777366667986,0.018331008031964302,,,1.0,spike
1707,10,scenario3_repeated_spike,SAC,150,156.53976562755162,0,0.17783735351721977,0.5845397656275516,0.5,0.5,-0.3811885595723857,0.09105145931243896,0.005698040127754211,0.026026874780654907,,,1.0,spike
1708,10,scenario3_repeated_spike,SAC,150,153.88578906479646,1,0.1659584687508351,0.2527667750006681,0.5,0.5,-0.20936262187575158,0.08535950630903244,0.006240020506083965,0.022192617878317833,,,1.0,spike
1709,10,scenario3_repeated_spike,SAC,150,151.49721015831682,1,0.1650898946030243,0.2520719156824195,0.5,0.5,-0.2085809051427219,0.11357110738754272,0.001791811315342784,0.016990309581160545,,,1.0,spike
1710,10,scenario3_repeated_spike,SAC,150,149.34748914248513,1,0.1643081778699946,0.2514465422959957,0.5,0.5,-0.20787736008299518,0.011080785654485226,0.002570859156548977,0.019346054643392563,,,1.0,spike
1711,10,scenario3_repeated_spike,SAC,150,153.41274022823663,0,0.1758829626426479,0.5814127402282366,0.5,0.5,-0.3786478514354423,0.025710992515087128,0.001472338568419218,0.011985528282821178,,,1.0,spike
1712,10,scenario3_repeated_spike,SAC,150,151.07146620541297,1,0.16493507862015017,0.25194806289612015,0.5,0.5,-0.20844157075813516,0.12468110769987106,0.0021065438631922007,0.019491013139486313,,,1.0,spike
1713,10,scenario3_repeated_spike,SAC,150,148.96431958487167,1,0.16416884348540786,0.2513350747883263,0.5,0.5,-0.20775195913686706,-0.01115451380610466,0.0018674819730222225,0.015177968889474869,,,1.0,spike
1714,10,scenario3_repeated_spike,SAC,150,153.0678876263845,0,0.17566742976649033,0.5810678876263845,0.5,0.5,-0.3783676586964374,0.05901182442903519,0.0016345252515748143,0.013559091836214066,,,1.0,spike
1715,10,scenario3_repeated_spike,SAC,150,156.76109886374607,0,0.17797568678984133,0.5847610988637462,0.5,0.5,-0.38136839282679375,0.04106766730546951,0.007209043018519878,0.02407863177359104,,,1.0,spike
1716,10,scenario3_repeated_spike,SAC,150,154.08498897737147,1,0.16603090508268054,0.2528247240661444,0.5,0.5,-0.20942781457441248,-0.005515352822840214,0.00483842846006155,0.017984839156270027,,,1.0,spike
1717,10,scenario3_repeated_spike,SAC,150,157.67649007963433,0,0.1785478062997715,0.5856764900796344,0.5,0.5,-0.38211214818970296,0.03305204212665558,0.0023333928547799587,0.01523490622639656,,,1.0,spike
1718,10,scenario3_repeated_spike,SAC,150,160.9088410716709,0,0.18056802566979435,0.588908841071671,0.5,0.5,-0.38473843337073266,0.1835881918668747,0.0034932028502225876,0.016877802088856697,,,1.0,spike
1719,10,scenario3_repeated_spike,SAC,150,157.81795696450382,1,0.16738834798709232,0.25391067838967385,0.5,0.5,-0.2106495131883831,0.07592438906431198,0.0016776847187429667,0.014579100534319878,,,1.0,spike
1720,10,scenario3_repeated_spike,SAC,150,155.03616126805343,1,0.16637678591565583,0.25310142873252467,0.5,0.5,-0.20973910732409023,0.13988061249256134,0.0034314480144530535,0.022993236780166626,,,1.0,spike
1721,10,scenario3_repeated_spike,SAC,150,152.5325451412481,1,0.16546638005136294,0.25237310404109037,0.5,0.5,-0.20891974204622665,0.11698299646377563,0.0007699557463638484,0.011158556677401066,,,1.0,spike
1722,10,scenario3_repeated_spike,SAC,150,156.2792906271233,0,0.17767455664195209,0.5842792906271234,0.5,0.5,-0.3809769236345377,0.03646904230117798,0.006538688205182552,0.024757208302617073,,,1.0,spike
1723,10,scenario3_repeated_spike,SAC,150,153.65136156441096,1,0.1658732223870585,0.25269857790964684,0.5,0.5,-0.2092859001483527,0.12563399970531464,0.004027070943266153,0.025385567918419838,,,1.0,spike
1724,10,scenario3_repeated_spike,SAC,150,151.28622540796988,1,0.16501317287562542,0.25201053830050035,0.5,0.5,-0.2085118555880629,-0.06951139867305756,0.001194908283650875,0.011949689127504826,,,1.0,spike
1725,10,scenario3_repeated_spike,SAC,150,149.1576028671729,1,0.1642391283153356,0.2513913026522685,0.5,0.5,-0.20781521548380205,0.0007160818204283714,0.0008869747398421168,0.0096016526222229,,,1.0,spike
1726,10,scenario3_repeated_spike,SAC,150,153.24184258045563,0,0.1757761516127848,0.5812418425804556,0.5,0.5,-0.3785089970966202,0.12059374153614044,0.004278182052075863,0.025999318808317184,,,1.0,spike
1727,10,scenario3_repeated_spike,SAC,150,150.91765832241006,1,0.16487914848087637,0.2519033187847011,0.5,0.5,-0.20839123363278875,-0.0019963402301073074,0.0036616395227611065,0.02087811939418316,,,1.0,spike
1728,10,scenario3_repeated_spike,SAC,150,148.82589249016905,1,0.16411850636006148,0.2512948050880492,0.5,0.5,-0.20770665572405533,0.049040667712688446,0.0033780750818550587,0.02402881532907486,,,1.0,spike
1729,10,scenario3_repeated_spike,SAC,150,146.94330324115217,1,0.16343392845132804,0.25074714276106247,0.5,0.5,-0.20709053560619525,0.016319649294018745,0.008406909182667732,0.0286099910736084,,,1.0,spike
1730,10,scenario3_repeated_spike,SAC,150,145.24897291703695,1,0.16281780833346798,0.2502542466667744,0.5,0.5,-0.2065360275001212,0.0969584509730339,0.0031048168893903494,0.022433999925851822,,,1.0,spike
1731,10,scenario3_repeated_spike,SAC,150,143.72407562533326,1,0.1622633002273939,0.24981064018191512,0.5,0.5,-0.2060369702046545,0.17433671653270721,0.0025956006720662117,0.022135652601718903,,,1.0,spike
1732,10,scenario3_repeated_spike,SAC,150,142.35166806279994,1,0.16176424293192723,0.24941139434554183,0.5,0.5,-0.20558781863873454,0.03197305276989937,0.0023263110779225826,0.015279998071491718,,,1.0,spike
1733,10,scenario3_repeated_spike,SAC,150,141.11650125651997,1,0.16131509136600727,0.24905207309280586,0.5,0.5,-0.20518358222940658,0.14582619071006775,0.002058599377050996,0.018533341586589813,,,1.0,spike
1734,10,scenario3_repeated_spike,SAC,150,146.00485113086796,0,0.1712530319567925,0.574004851130868,0.5,0.5,-0.37262894154383025,0.04309544339776039,0.0006464000325649977,0.011509088799357414,,,1.0,spike
1735,10,scenario3_repeated_spike,SAC,150,144.40436601778117,1,0.16251067855192042,0.25000854284153634,0.5,0.5,-0.20625961069672838,0.12775243818759918,0.0020892999600619078,0.01708969846367836,,,1.0,spike
1736,10,scenario3_repeated_spike,SAC,150,142.96392941600305,1,0.1619868834240011,0.24958950673920088,0.5,0.5,-0.205788195081601,0.19151505827903748,0.0009055514237843454,0.010321605019271374,,,1.0,spike
1737,10,scenario3_repeated_spike,SAC,150,147.66753647440277,0,0.17229221029650174,0.5756675364744028,0.5,0.5,-0.3739798733854523,0.06895788013935089,0.003266268176957965,0.017775071784853935,,,1.0,spike
1738,10,scenario3_repeated_spike,SAC,150,145.90078282696248,1,0.16305483011889546,0.2504438640951164,0.5,0.5,-0.20674934710700593,0.07869681715965271,0.0062641543336212635,0.028790419921278954,,,1.0,spike
1739,10,scenario3_repeated_spike,SAC,150,144.31070454426623,1,0.1624766198342786,0.2499812958674229,0.5,0.5,-0.20622895785085077,0.04887878894805908,0.005880533717572689,0.029361533001065254,,,1.0,spike
1740,10,scenario3_repeated_spike,SAC,150,142.8796340898396,1,0.16195623057812347,0.2495649844624988,0.5,0.5,-0.20576060752031114,0.06771869957447052,0.0010791466338559985,0.010047618299722672,,,1.0,spike
1741,10,scenario3_repeated_spike,SAC,150,141.59167068085566,1,0.1614878802475839,0.24919030419806715,0.5,0.5,-0.20533909222282554,0.07929524779319763,0.003975939471274614,0.019773799926042557,,,1.0,spike
1742,10,scenario3_repeated_spike,SAC,150,146.4325036127701,0,0.17152031475798132,0.5744325036127701,0.5,0.5,-0.3729764091853757,0.05163654685020447,0.0036081692669540644,0.01956450194120407,,,1.0,spike
1743,10,scenario3_repeated_spike,SAC,150,144.78925325149308,1,0.16265063754599748,0.250120510036798,0.5,0.5,-0.20638557379139777,0.08779431879520416,0.005615582689642906,0.027794865891337395,,,1.0,spike
1744,10,scenario3_repeated_spike,SAC,150,143.31032792634377,1,0.16211284651867047,0.24969027721493642,0.5,0.5,-0.20590156186680345,0.20966556668281555,0.006366105750203133,0.03100600093603134,,,1.0,spike
1745,10,scenario3_repeated_spike,SAC,150,141.9792951337094,1,0.16162883459407618,0.24930306767526095,0.5,0.5,-0.20546595113466856,0.0817013531923294,0.0033556194975972176,0.021970173344016075,,,1.0,spike
1746,10,scenario3_repeated_spike,SAC,150,140.78136562033848,1,0.1611932238619413,0.24895457908955304,0.5,0.5,-0.20507390147574717,0.08974577486515045,0.0041745929047465324,0.0264892615377903,,,1.0,spike
1747,10,scenario3_repeated_spike,SAC,150,139.70322905830463,1,0.1608011742030199,0.24864093936241594,0.5,0.5,-0.2047210567827179,0.046891506761312485,0.0033022037241607904,0.0208718404173851,,,1.0,spike
1748,10,scenario3_repeated_spike,SAC,150,138.7329061524742,1,0.16044832950999063,0.24835866360799252,0.5,0.5,-0.2044034965589916,0.03168682008981705,0.0036412840709090233,0.023022441193461418,,,1.0,spike
1749,10,scenario3_repeated_spike,SAC,150,137.85961553722677,1,0.1601307692862643,0.24810461542901147,0.5,0.5,-0.20411769235763788,0.05282338336110115,0.0025738896802067757,0.016291068866848946,,,1.0,spike
1750,10,scenario3_repeated_spike,SAC,150,137.0736539835041,1,0.15984496508491058,0.2478759720679285,0.5,0.5,-0.20386046857641954,0.03115694969892502,0.004231694154441357,0.022249024361371994,,,1.0,spike
1751,10,scenario3_repeated_spike,SAC,150,136.3662885851537,1,0.15958774130369224,0.2476701930429538,0.5,0.5,-0.20362896717332302,-0.04377874359488487,0.0021701802033931017,0.01241491362452507,,,1.0,spike
1752,10,scenario3_repeated_spike,SAC,150,135.72965972663835,1,0.15935623990059575,0.24748499192047663,0.5,0.5,-0.20342061591053617,0.055049847811460495,0.003990956116467714,0.023954059928655624,,,1.0,spike
1753,10,scenario3_repeated_spike,SAC,150,135.1566937539745,1,0.15914788863780893,0.24731831091024714,0.5,0.5,-0.20323309977402804,0.09263825416564941,0.004325467627495527,0.024325406178832054,,,1.0,spike
1754,10,scenario3_repeated_spike,SAC,150,134.64102437857707,1,0.15896037250130074,0.24716829800104062,0.5,0.5,-0.20306433525117068,0.1419491022825241,0.0023088690359145403,0.020595990121364594,,,1.0,spike
1755,10,scenario3_repeated_spike,SAC,150,134.17692194071935,1,0.1587916079784434,0.24703328638275474,0.5,0.5,-0.2029124471805991,0.15513603389263153,0.0036423769779503345,0.025401804596185684,,,1.0,spike
1756,10,scenario3_repeated_spike,SAC,150,133.7592297466474,1,0.1586397199078718,0.24691177592629743,0.5,0.5,-0.2027757479170846,0.05067836120724678,0.0026755807921290398,0.017773952335119247,,,1.0,spike
1757,10,scenario3_repeated_spike,SAC,150,133.3833067719827,1,0.15850302064435734,0.2468024165154859,0.5,0.5,-0.20265271857992162,0.16217128932476044,0.0023296440485864878,0.02009028196334839,,,1.0,spike
1758,10,scenario3_repeated_spike,SAC,150,133.04497609478443,1,0.15837999130719435,0.24670399304575552,0.5,0.5,-0.20254199217647495,0.11672703176736832,0.0028092649299651384,0.02093532308936119,,,1.0,spike
1759,10,scenario3_repeated_spike,SAC,150,138.74047848530597,0,0.16671279905331626,0.5667404784853061,0.5,0.5,-0.36672663876931116,0.10472656786441803,0.0028400341980159283,0.019087759777903557,,,1.0,spike
1760,10,scenario3_repeated_spike,SAC,150,143.86643063677536,0,0.1699165191479846,0.5718664306367753,0.5,0.5,-0.37089147489237995,0.10109376907348633,0.003605079837143421,0.022026583552360535,,,1.0,spike
1761,10,scenario3_repeated_spike,SAC,150,142.47978757309784,1,0.16181083184476286,0.2494486654758103,0.5,0.5,-0.20562974866028658,0.24236294627189636,0.005920143332332373,0.03026355430483818,,,1.0,spike
1762,10,scenario3_repeated_spike,SAC,150,141.23180881578807,1,0.1613570213875593,0.24908561711004745,0.5,0.5,-0.20522131924880338,0.19201135635375977,0.0027940748259425163,0.02199365757405758,,,1.0,spike
1763,10,scenario3_repeated_spike,SAC,150,146.10862793420927,0,0.17131789245888082,0.5741086279342094,0.5,0.5,-0.3727132601965451,0.1477508246898651,0.0010485710809007287,0.01425633579492569,,,1.0,spike
1764,10,scenario3_repeated_spike,SAC,150,144.49776514078835,1,0.16254464186937762,0.25003571349550213,0.5,0.5,-0.20629017768243987,0.08755364269018173,0.007985537871718407,0.028902988880872726,,,1.0,spike
1765,10,scenario3_repeated_spike,SAC,150,143.04798862670953,1,0.16201745040971255,0.24961396032777006,0.5,0.5,-0.2058157053687413,0.13910406827926636,0.0037016933783888817,0.02178637683391571,,,1.0,spike
1766,10,scenario3_repeated_spike,SAC,150,141.7431897640386,1,0.16154297809601403,0.24923438247681123,0.5,0.5,-0.20538868028641263,0.13975709676742554,0.008808301761746407,0.030848950147628784,,,1.0,spike
1767,10,scenario3_repeated_spike,SAC,150,140.56887078763475,1,0.1611159530136854,0.24889276241094832,0.5,0.5,-0.20500435771231684,0.2144147753715515,0.004679308272898197,0.02855515480041504,,,1.0,spike
1768,10,scenario3_repeated_spike,SAC,150,139.5119837088713,1,0.16073163043958957,0.2485853043516717,0.5,0.5,-0.20465846739563065,0.13869261741638184,0.002985500730574131,0.021674711257219315,,,1.0,spike
1769,10,scenario3_repeated_spike,SAC,150,138.56078533798416,1,0.16038574012290333,0.24830859209832268,0.5,0.5,-0.204347166110613,0.014438078738749027,0.0033524255268275738,0.015254197642207146,,,1.0,spike
1770,10,scenario3_repeated_spike,SAC,150,137.70470680418575,1,0.16007443883788572,0.24805955107030858,0.5,0.5,-0.20406699495409714,0.07626265287399292,0.0035818698816001415,0.024882398545742035,,,1.0,spike
1771,10,scenario3_repeated_spike,SAC,150,136.93423612376716,1,0.1597942676813699,0.2478354141450959,0.5,0.5,-0.2038148409132329,0.003665459342300892,0.0029475947376340628,0.019646089524030685,,,1.0,spike
1772,10,scenario3_repeated_spike,SAC,150,136.24081251139046,1,0.1595421136405056,0.2476336909124045,0.5,0.5,-0.20358790227645507,0.1365824192762375,0.002074320800602436,0.0173661969602108,,,1.0,spike
1773,10,scenario3_repeated_spike,SAC,150,141.6167312602514,0,0.16851045703765716,0.5696167312602515,0.5,0.5,-0.3690635941489543,0.1179879903793335,0.002540451940149069,0.020920976996421814,,,1.0,spike
1774,10,scenario3_repeated_spike,SAC,150,140.45505813422628,1,0.1610745665942641,0.24885965327541132,0.5,0.5,-0.20496710993483772,0.057814180850982666,0.0018826364539563656,0.015729958191514015,,,1.0,spike
1775,10,scenario3_repeated_spike,SAC,150,139.40955232080364,1,0.16069438266211042,0.24855550612968835,0.5,0.5,-0.2046249443958994,0.140508770942688,0.0023440993390977383,0.021114742383360863,,,1.0,spike
1776,10,scenario3_repeated_spike,SAC,150,144.4685970887233,0,0.17029287318045208,0.5724685970887233,0.5,0.5,-0.3713807351345877,0.12652020156383514,0.0018502625171095133,0.01901688054203987,,,1.0,spike
1777,10,scenario3_repeated_spike,SAC,150,143.02173737985098,1,0.162007904501764,0.24960632360141122,0.5,0.5,-0.2058071140515876,0.12277112901210785,0.003843755228444934,0.018397420644760132,,,1.0,spike
1778,10,scenario3_repeated_spike,SAC,150,147.71956364186588,0,0.17232472727616618,0.5757195636418659,0.5,0.5,-0.3740221454590161,0.13140869140625,0.0030501671135425568,0.0213397815823555,,,1.0,spike
1779,10,scenario3_repeated_spike,SAC,150,145.94760727767928,1,0.1630718571918834,0.25045748575350674,0.5,0.5,-0.20676467147269506,0.14212968945503235,0.0025421655736863613,0.021699052304029465,,,1.0,spike
1780,10,scenario3_repeated_spike,SAC,150,144.35284654991136,1,0.16249194419996776,0.24999355535997425,0.5,0.5,-0.206242749779971,0.12106069177389145,0.006021049804985523,0.0192747600376606,,,1.0,spike
1781,10,scenario3_repeated_spike,SAC,150,142.91756189492023,1,0.16197002250724374,0.249576018005795,0.5,0.5,-0.20577302025651936,0.02797791361808777,0.001178209437057376,0.012916394509375095,,,1.0,spike
1782,10,scenario3_repeated_spike,SAC,150,141.6258057054282,1,0.1615002929837921,0.2492002343870337,0.5,0.5,-0.2053502636854129,0.021482715383172035,0.001451951451599598,0.013558154925704002,,,1.0,spike
1783,10,scenario3_repeated_spike,SAC,150,140.4632251348854,1,0.1610775364126856,0.2488620291301485,0.5,0.5,-0.20496978277141703,0.15703564882278442,0.0010814325651153922,0.009789809584617615,,,1.0,spike
1784,10,scenario3_repeated_spike,SAC,150,139.41690262139684,1,0.1606970554986898,0.24855764439895184,0.5,0.5,-0.2046273499488208,0.08545780181884766,0.004329412244260311,0.021223872900009155,,,1.0,spike
1785,10,scenario3_repeated_spike,SAC,150,138.47521235925717,1,0.16035462267609352,0.2482836981408748,0.5,0.5,-0.20431916040848416,0.16299059987068176,0.007794165052473545,0.032964903861284256,,,1.0,spike
1786,10,scenario3_repeated_spike,SAC,150,143.62769112333146,0,0.1697673069520822,0.5716276911233316,0.5,0.5,-0.3706974990377069,0.1622595340013504,0.005046522244811058,0.027327287942171097,,,1.0,spike
1787,10,scenario3_repeated_spike,SAC,150,142.2649220109983,1,0.1617326989130903,0.24938615913047224,0.5,0.5,-0.20555942902178126,0.12170727550983429,0.001524965395219624,0.014058590866625309,,,1.0,spike
1788,10,scenario3_repeated_spike,SAC,150,141.03842980989847,1,0.161286701749054,0.2490293613992432,0.5,0.5,-0.20515803157414858,0.21357795596122742,0.007517242804169655,0.027279097586870193,,,1.0,spike
1789,10,scenario3_repeated_spike,SAC,150,139.93458682890864,1,0.1608853043014213,0.24870824344113707,0.5,0.5,-0.2047967738712792,0.017553869634866714,0.0032340518664568663,0.01966218464076519,,,1.0,spike
1790,10,scenario3_repeated_spike,SAC,150,144.94112814601777,0,0.17058820509126113,0.5729411281460178,0.5,0.5,-0.3717646666186395,0.05422750115394592,0.0030069337226450443,0.014791474677622318,,,1.0,spike
1791,10,scenario3_repeated_spike,SAC,150,143.447015331416,1,0.1621625510296058,0.24973004082368466,0.5,0.5,-0.20594629592664523,0.13993975520133972,0.006522562354803085,0.03152266889810562,,,1.0,spike
1792,10,scenario3_repeated_spike,SAC,150,142.1023137982744,1,0.16167356865391797,0.2493388549231344,0.5,0.5,-0.20550621178852618,0.15413591265678406,0.0032681908924132586,0.023290611803531647,,,1.0,spike
1793,10,scenario3_repeated_spike,SAC,150,146.89208241844696,0,0.17180755151152938,0.574892082418447,0.5,0.5,-0.3733498169649882,-0.01720607653260231,0.0009068038198165596,0.009070652537047863,,,1.0,spike
1794,10,scenario3_repeated_spike,SAC,150,145.20287417660228,1,0.1628010451551281,0.25024083612410253,0.5,0.5,-0.20652094063961532,0.07668985426425934,0.004189030267298222,0.026171527802944183,,,1.0,spike
1795,10,scenario3_repeated_spike,SAC,150,149.68258675894205,0,0.1735516167243388,0.5776825867589421,0.5,0.5,-0.3756171017416405,-0.002492646686732769,0.005241210572421551,0.020665306597948074,,,1.0,spike
1796,10,scenario3_repeated_spike,SAC,150,147.71432808304786,1,0.1637143011211083,0.25097144089688667,0.5,0.5,-0.20734287100899748,0.17799298465251923,0.006356784142553806,0.032185833901166916,,,1.0,spike
1797,10,scenario3_repeated_spike,SAC,150,145.94289527474308,1,0.1630701437362702,0.2504561149890162,0.5,0.5,-0.2067631293626432,0.09905311465263367,0.004190589766949415,0.02401977777481079,,,1.0,spike
1798,10,scenario3_repeated_spike,SAC,150,144.34860574726878,1,0.16249040208991591,0.24999232167193275,0.5,0.5,-0.20624136188092435,0.04512566328048706,0.003661715891212225,0.02134622260928154,,,1.0,spike
1799,10,scenario3_repeated_spike,SAC,150,142.9137451725419,1,0.16196863460819708,0.24957490768655766,0.5,0.5,-0.20577177114737738,0.17473989725112915,0.007721835281699896,0.031188741326332092,,,1.0,spike
1800,10,scenario3_repeated_spike,SAC,50,123.62237065528771,1,0.13495358932919552,0.14796287146335643,0.5,0.5,-0.14145823039627597,0.03190350532531738,0.01124020665884018,0.034937936812639236,,,1.0,normal
1801,10,scenario3_repeated_spike,SAC,50,112.26013358975894,0,0.13016258349359935,0.308260133589759,0.5,0.5,-0.21921135854167917,0.10662393271923065,0.0038901222869753838,0.024034608155488968,,,1.0,normal
1802,10,scenario3_repeated_spike,SAC,50,96.03412023078305,1,0.1249214982657393,0.13993719861259143,0.5,0.5,-0.13242934843916537,0.11440441012382507,0.004383362829685211,0.024715103209018707,,,1.0,normal
1803,10,scenario3_repeated_spike,SAC,50,87.43070820770474,0,0.11464419262981547,0.2834307082077048,0.5,0.5,-0.19903745041876011,0.06801321357488632,0.012540116906166077,0.03842539340257645,,,1.0,normal
1804,10,scenario3_repeated_spike,SAC,50,79.68763738693427,0,0.10980477336683392,0.27568763738693425,0.5,0.5,-0.19274620537688408,0.287639856338501,0.008601617999374866,0.03878972679376602,,,1.0,normal
1805,10,scenario3_repeated_spike,SAC,50,72.71887364824084,0,0.10544929603015055,0.2687188736482409,0.5,0.5,-0.1870840848391957,0.11169949918985367,0.002888820134103298,0.01951250433921814,,,1.0,normal
1806,10,scenario3_repeated_spike,SAC,50,66.44698628341676,0,0.10152936642713549,0.2624469862834168,0.5,0.5,-0.18198817635527614,0.20498599112033844,0.004626138135790825,0.027859965339303017,,,1.0,normal
1807,10,scenario3_repeated_spike,SAC,50,54.80228765507509,1,0.10992810460184549,0.1279424836814764,0.5,0.5,-0.11893529414166094,0.02577229216694832,0.004978111945092678,0.025912059471011162,,,1.0,normal
1808,10,scenario3_repeated_spike,SAC,50,50.322058889567586,0,0.09145128680597975,0.2463220588895676,0.5,0.5,-0.16888667284777367,-0.03252401202917099,0.003118450753390789,0.01586923748254776,,,1.0,normal
1809,10,scenario3_repeated_spike,SAC,50,40.289853000610826,1,0.10465085563658576,0.12372068450926862,0.5,0.5,-0.11418577007292718,0.21379929780960083,0.002403000835329294,0.01951243355870247,,,1.0,normal
1810,10,scenario3_repeated_spike,SAC,50,31.260867700549746,1,0.10136758825474537,0.12109407060379632,0.5,0.5,-0.11123082942927084,0.19502370059490204,0.004060386214405298,0.02664601430296898,,,1.0,normal
1811,10,scenario3_repeated_spike,SAC,50,29.13478093049477,0,0.07820923808155923,0.22513478093049477,0.5,0.5,-0.151672009506027,0.3429970145225525,0.008217629045248032,0.04277678579092026,,,1.0,normal
1812,10,scenario3_repeated_spike,SAC,50,21.221302837445293,1,0.09771683739543466,0.11817346991634772,0.5,0.5,-0.10794515365589119,0.10446276515722275,0.002784616779536009,0.018748078495264053,,,1.0,normal
1813,10,scenario3_repeated_spike,SAC,50,14.099172553700765,1,0.09512697183770938,0.1161015774701675,0.5,0.5,-0.10561427465393844,0.053402386605739594,0.00073141825851053,0.007271806243807077,,,1.0,normal
1814,10,scenario3_repeated_spike,SAC,50,7.689255298330689,1,0.09279609283575661,0.11423687426860529,0.5,0.5,-0.10351648355218096,0.17501701414585114,0.004609108902513981,0.0242274459451437,,,1.0,normal
1815,10,scenario3_repeated_spike,SAC,50,1.92032976849762,1,0.09069830173399913,0.11255864138719932,0.5,0.5,-0.10162847156059923,0.05940553918480873,0.006324558984488249,0.0236818790435791,,,1.0,normal
1816,10,scenario3_repeated_spike,SAC,50,0.0,1,0.09,0.11199999999999999,0.5,0.5,-0.10099999999999999,0.2705754041671753,0.012986062094569206,0.04643196612596512,,,1.0,normal
1817,10,scenario3_repeated_spike,SAC,50,0.0,1,0.09,0.11199999999999999,0.5,0.5,-0.10099999999999999,0.1690005213022232,0.004540896974503994,0.02934955433011055,,,1.0,normal
1818,10,scenario3_repeated_spike,SAC,50,0.0,1,0.09,0.11199999999999999,0.5,0.5,-0.10099999999999999,0.17288102209568024,0.004552325699478388,0.0219061691313982,,,1.0,normal
1819,10,scenario3_repeated_spike,SAC,50,1.0,0,0.060625,0.197,0.5,0.5,-0.1288125,-0.048885248601436615,0.0028938991017639637,0.017573010176420212,,,1.0,normal
1820,10,scenario3_repeated_spike,SAC,50,1.9000000000000004,0,0.0611875,0.19790000000000002,0.5,0.5,-0.12954375,0.08824063837528229,0.004703979007899761,0.024533217772841454,,,1.0,normal
1821,10,scenario3_repeated_spike,SAC,50,0.0,1,0.09,0.11199999999999999,0.5,0.5,-0.10099999999999999,0.25316181778907776,0.004960572347044945,0.02628069743514061,,,1.0,normal
1822,10,scenario3_repeated_spike,SAC,50,0.0,1,0.09,0.11199999999999999,0.5,0.5,-0.10099999999999999,0.08417952060699463,0.0023152027279138565,0.01757427677512169,,,1.0,normal
1823,10,scenario3_repeated_spike,SAC,50,1.0,0,0.060625,0.197,0.5,0.5,-0.1288125,0.14228641986846924,0.011892152950167656,0.03757341578602791,,,1.0,normal
1824,10,scenario3_repeated_spike,SAC,50,1.9000000000000004,0,0.0611875,0.19790000000000002,0.5,0.5,-0.12954375,0.06032012030482292,0.0030433263164013624,0.021053314208984375,,,1.0,normal
1825,10,scenario3_repeated_spike,SAC,50,0.0,1,0.09,0.11199999999999999,0.5,0.5,-0.10099999999999999,0.1440463811159134,0.0004077622143086046,0.009032274596393108,,,1.0,normal
1826,10,scenario3_repeated_spike,SAC,50,0.0,1,0.09,0.11199999999999999,0.5,0.5,-0.10099999999999999,0.10601769387722015,0.0037713139317929745,0.022565394639968872,,,1.0,normal
1827,10,scenario3_repeated_spike,SAC,50,1.0,0,0.060625,0.197,0.5,0.5,-0.1288125,0.1965467780828476,0.0036478685215115547,0.022468283772468567,,,1.0,normal
1828,10,scenario3_repeated_spike,SAC,50,1.9000000000000004,0,0.0611875,0.19790000000000002,0.5,0.5,-0.12954375,0.13376477360725403,0.004659965168684721,0.023736126720905304,,,1.0,normal
1829,10,scenario3_repeated_spike,SAC,50,2.710000000000001,0,0.061693750000000006,0.19871000000000003,0.5,0.5,-0.13020187500000002,0.05909218266606331,0.004828870762139559,0.0216610636562109,,,1.0,normal
1830,10,scenario3_repeated_spike,SAC,50,0.0,1,0.09,0.11199999999999999,0.5,0.5,-0.10099999999999999,0.14094208180904388,0.004574459046125412,0.026057330891489983,,,1.0,normal
1831,10,scenario3_repeated_spike,SAC,50,0.0,1,0.09,0.11199999999999999,0.5,0.5,-0.10099999999999999,0.23069430887699127,0.0009647152037359774,0.012904871255159378,,,1.0,normal
1832,10,scenario3_repeated_spike,SAC,50,0.0,1,0.09,0.11199999999999999,0.5,0.5,-0.10099999999999999,0.2679409682750702,0.005989697761833668,0.028200114145874977,,,1.0,normal
1833,10,scenario3_repeated_spike,SAC,50,1.0,0,0.060625,0.197,0.5,0.5,-0.1288125,0.08264972269535065,0.006103879306465387,0.02724514901638031,,,1.0,normal
1834,10,scenario3_repeated_spike,SAC,50,1.9000000000000004,0,0.0611875,0.19790000000000002,0.5,0.5,-0.12954375,0.04391603171825409,0.0027596382424235344,0.01925257407128811,,,1.0,normal
1835,10,scenario3_repeated_spike,SAC,50,2.710000000000001,0,0.061693750000000006,0.19871000000000003,0.5,0.5,-0.13020187500000002,0.13071653246879578,0.002434760332107544,0.017113840207457542,,,1.0,normal
1836,10,scenario3_repeated_spike,SAC,50,3.439,0,0.062149375,0.199439,0.5,0.5,-0.1307941875,0.062319863587617874,0.0058684758841991425,0.024948304519057274,,,1.0,normal
1837,10,scenario3_repeated_spike,SAC,50,4.0951,0,0.06255943750000001,0.20009510000000003,0.5,0.5,-0.13132726875,0.10064886510372162,0.011017518118023872,0.03292061388492584,,,1.0,normal
1838,10,scenario3_repeated_spike,SAC,50,4.685590000000001,0,0.06292849375000001,0.20068559000000002,0.5,0.5,-0.13180704187500003,0.04436757415533066,0.0014132950454950333,0.012875638902187347,,,1.0,normal
1839,10,scenario3_repeated_spike,SAC,50,0.0,1,0.09,0.11199999999999999,0.5,0.5,-0.10099999999999999,0.15394483506679535,0.0029056938365101814,0.018111875280737877,,,1.0,normal
1840,10,scenario3_repeated_spike,SAC,50,1.0,0,0.060625,0.197,0.5,0.5,-0.1288125,0.2909697890281677,0.0024140782188624144,0.019615331664681435,,,1.0,normal
1841,10,scenario3_repeated_spike,SAC,50,0.0,1,0.09,0.11199999999999999,0.5,0.5,-0.10099999999999999,0.18738318979740143,0.005255552940070629,0.02503662370145321,,,1.0,normal
1842,10,scenario3_repeated_spike,SAC,50,0.0,1,0.09,0.11199999999999999,0.5,0.5,-0.10099999999999999,0.025802791118621826,0.007825922220945358,0.025247560814023018,,,1.0,normal
1843,10,scenario3_repeated_spike,SAC,50,1.0,0,0.060625,0.197,0.5,0.5,-0.1288125,0.15651807188987732,0.004312800709158182,0.024198057129979134,,,1.0,normal
1844,10,scenario3_repeated_spike,SAC,50,1.9000000000000004,0,0.0611875,0.19790000000000002,0.5,0.5,-0.12954375,0.11043291538953781,0.004939827602356672,0.022372674196958542,,,1.0,normal
1845,10,scenario3_repeated_spike,SAC,50,0.0,1,0.09,0.11199999999999999,0.5,0.5,-0.10099999999999999,0.1462077498435974,0.0024358215741813183,0.017569271847605705,,,1.0,normal
1846,10,scenario3_repeated_spike,SAC,50,1.0,0,0.060625,0.197,0.5,0.5,-0.1288125,0.12512056529521942,0.007620617281645536,0.02479626052081585,,,1.0,normal
1847,10,scenario3_repeated_spike,SAC,50,1.9000000000000004,0,0.0611875,0.19790000000000002,0.5,0.5,-0.12954375,0.0218910351395607,0.005117372609674931,0.02513604611158371,,,1.0,normal
1848,10,scenario3_repeated_spike,SAC,50,0.0,1,0.09,0.11199999999999999,0.5,0.5,-0.10099999999999999,0.10241268575191498,0.014734772965312004,0.04251760616898537,,,1.0,normal
1849,10,scenario3_repeated_spike,SAC,50,0.0,1,0.09,0.11199999999999999,0.5,0.5,-0.10099999999999999,0.14012475311756134,0.007997488602995872,0.0352320559322834,,,1.0,normal
1850,10,scenario3_repeated_spike,SAC,50,1.0,0,0.060625,0.197,0.5,0.5,-0.1288125,0.08621752262115479,0.0003488078946247697,0.008173340931534767,,,1.0,normal
1851,10,scenario3_repeated_spike,SAC,50,0.0,1,0.09,0.11199999999999999,0.5,0.5,-0.10099999999999999,0.05694660171866417,0.005235776305198669,0.027627240866422653,,,1.0,normal
1852,10,scenario3_repeated_spike,SAC,50,1.0,0,0.060625,0.197,0.5,0.5,-0.1288125,0.22709541022777557,0.02026130072772503,0.06298902630805969,,,1.0,normal
1853,10,scenario3_repeated_spike,SAC,50,0.0,1,0.09,0.11199999999999999,0.5,0.5,-0.10099999999999999,0.18741314113140106,0.014975551515817642,0.050905101001262665,,,1.0,normal
1854,10,scenario3_repeated_spike,SAC,50,0.0,1,0.09,0.11199999999999999,0.5,0.5,-0.10099999999999999,0.0678701102733612,0.00272259465418756,0.015907051041722298,,,1.0,normal
1855,10,scenario3_repeated_spike,SAC,50,1.0,0,0.060625,0.197,0.5,0.5,-0.1288125,0.30989041924476624,0.0063925920985639095,0.03389108180999756,,,1.0,normal
1856,10,scenario3_repeated_spike,SAC,50,0.0,1,0.09,0.11199999999999999,0.5,0.5,-0.10099999999999999,0.14363035559654236,0.007519768550992012,0.0360054150223732,,,1.0,normal
1857,10,scenario3_repeated_spike,SAC,50,1.0,0,0.060625,0.197,0.5,0.5,-0.1288125,0.17940554022789001,0.009132687002420425,0.031439658254384995,,,1.0,normal
1858,10,scenario3_repeated_spike,SAC,50,1.9000000000000004,0,0.0611875,0.19790000000000002,0.5,0.5,-0.12954375,0.1601383090019226,0.00712186936289072,0.030962714925408363,,,1.0,normal
1859,10,scenario3_repeated_spike,SAC,50,2.710000000000001,0,0.061693750000000006,0.19871000000000003,0.5,0.5,-0.13020187500000002,0.1261700987815857,0.011051202192902565,0.035859208554029465,,,1.0,normal
1860,10,scenario3_repeated_spike,SAC,50,3.439,0,0.062149375,0.199439,0.5,0.5,-0.1307941875,0.01330696139484644,0.006969248875975609,0.021675782278180122,,,1.0,normal
1861,10,scenario3_repeated_spike,SAC,50,0.0,1,0.09,0.11199999999999999,0.5,0.5,-0.10099999999999999,0.1834876835346222,0.003519043792039156,0.023145174607634544,,,1.0,normal
1862,10,scenario3_repeated_spike,SAC,50,0.0,1,0.09,0.11199999999999999,0.5,0.5,-0.10099999999999999,0.05964180827140808,0.00529073690995574,0.026228733360767365,,,1.0,normal
1863,10,scenario3_repeated_spike,SAC,50,1.0,0,0.060625,0.197,0.5,0.5,-0.1288125,0.07581526041030884,0.002724094782024622,0.018705446273088455,,,1.0,normal
1864,10,scenario3_repeated_spike,SAC,50,0.0,1,0.09,0.11199999999999999,0.5,0.5,-0.10099999999999999,0.08628316223621368,0.0012927046045660973,0.014837745577096939,,,1.0,normal
1865,10,scenario3_repeated_spike,SAC,50,0.0,1,0.09,0.11199999999999999,0.5,0.5,-0.10099999999999999,0.031405843794345856,0.004557469859719276,0.02045891433954239,,,1.0,normal
1866,10,scenario3_repeated_spike,SAC,50,0.0,1,0.09,0.11199999999999999,0.5,0.5,-0.10099999999999999,0.01896507479250431,0.0027144879568368196,0.014618922024965286,,,1.0,normal
1867,10,scenario3_repeated_spike,SAC,50,1.0,0,0.060625,0.197,0.5,0.5,-0.1288125,0.08048558235168457,0.0012703505344688892,0.013889215886592865,,,1.0,normal
1868,10,scenario3_repeated_spike,SAC,50,1.9000000000000004,0,0.0611875,0.19790000000000002,0.5,0.5,-0.12954375,0.09151012450456619,0.00707007572054863,0.020822174847126007,,,1.0,normal
1869,10,scenario3_repeated_spike,SAC,50,0.0,1,0.09,0.11199999999999999,0.5,0.5,-0.10099999999999999,0.14864446222782135,0.0024222068022936583,0.01882997341454029,,,1.0,normal
1870,10,scenario3_repeated_spike,SAC,50,0.0,1,0.09,0.11199999999999999,0.5,0.5,-0.10099999999999999,0.18843412399291992,0.0009851171635091305,0.013871878385543823,,,1.0,normal
1871,10,scenario3_repeated_spike,SAC,50,1.0,0,0.060625,0.197,0.5,0.5,-0.1288125,0.07629533112049103,0.0022679774556308985,0.016985515132546425,,,1.0,normal
1872,10,scenario3_repeated_spike,SAC,50,1.9000000000000004,0,0.0611875,0.19790000000000002,0.5,0.5,-0.12954375,0.1344124972820282,0.0026300372555851936,0.022660739719867706,,,1.0,normal
1873,10,scenario3_repeated_spike,SAC,50,0.0,1,0.09,0.11199999999999999,0.5,0.5,-0.10099999999999999,0.11266566067934036,0.0002995958202518523,0.007686349097639322,,,1.0,normal
1874,10,scenario3_repeated_spike,SAC,50,0.0,1,0.09,0.11199999999999999,0.5,0.5,-0.10099999999999999,0.09625156223773956,0.004533669445663691,0.026462813839316368,,,1.0,normal
1875,10,scenario3_repeated_spike,SAC,50,1.0,0,0.060625,0.197,0.5,0.5,-0.1288125,0.0636267140507698,0.0070805978029966354,0.03167900815606117,,,1.0,normal
1876,10,scenario3_repeated_spike,SAC,50,0.0,1,0.09,0.11199999999999999,0.5,0.5,-0.10099999999999999,0.11629287153482437,0.002968798391520977,0.021532580256462097,,,1.0,normal
1877,10,scenario3_repeated_spike,SAC,50,1.0,0,0.060625,0.197,0.5,0.5,-0.1288125,0.13877072930335999,0.00114431232213974,0.01197193842381239,,,1.0,normal
1878,10,scenario3_repeated_spike,SAC,50,0.0,1,0.09,0.11199999999999999,0.5,0.5,-0.10099999999999999,0.1771046221256256,0.004703662823885679,0.030096126720309258,,,1.0,normal
1879,10,scenario3_repeated_spike,SAC,50,0.0,1,0.09,0.11199999999999999,0.5,0.5,-0.10099999999999999,0.17187553644180298,0.006269391626119614,0.029330119490623474,,,1.0,normal
1880,10,scenario3_repeated_spike,SAC,50,1.0,0,0.060625,0.197,0.5,0.5,-0.1288125,0.13159599900245667,0.003534312592819333,0.02301899343729019,,,1.0,normal
1881,10,scenario3_repeated_spike,SAC,50,1.9000000000000004,0,0.0611875,0.19790000000000002,0.5,0.5,-0.12954375,0.08157417923212051,0.0013024237705394626,0.01051851361989975,,,1.0,normal
1882,10,scenario3_repeated_spike,SAC,50,0.0,1,0.09,0.11199999999999999,0.5,0.5,-0.10099999999999999,0.2233404815196991,0.0034062215127050877,0.026562634855508804,,,1.0,normal
1883,10,scenario3_repeated_spike,SAC,50,0.0,1,0.09,0.11199999999999999,0.5,0.5,-0.10099999999999999,0.08417245000600815,0.0033317620400339365,0.019569996744394302,,,1.0,normal
1884,10,scenario3_repeated_spike,SAC,50,0.0,1,0.09,0.11199999999999999,0.5,0.5,-0.10099999999999999,0.11874628812074661,0.0034172579180449247,0.018633008003234863,,,1.0,normal
1885,10,scenario3_repeated_spike,SAC,50,0.0,1,0.09,0.11199999999999999,0.5,0.5,-0.10099999999999999,0.10707487910985947,0.0030972191598266363,0.021427515894174576,,,1.0,normal
1886,10,scenario3_repeated_spike,SAC,50,0.0,1,0.09,0.11199999999999999,0.5,0.5,-0.10099999999999999,0.15844577550888062,0.001503419829532504,0.012496495619416237,,,1.0,normal
1887,10,scenario3_repeated_spike,SAC,50,0.0,1,0.09,0.11199999999999999,0.5,0.5,-0.10099999999999999,0.1786184012889862,0.00354762258939445,0.025568142533302307,,,1.0,normal
1888,10,scenario3_repeated_spike,SAC,50,0.0,1,0.09,0.11199999999999999,0.5,0.5,-0.10099999999999999,0.08817130327224731,0.008515122346580029,0.026369957253336906,,,1.0,normal
1889,10,scenario3_repeated_spike,SAC,50,1.0,0,0.060625,0.197,0.5,0.5,-0.1288125,0.13565291464328766,0.003444031113758683,0.023741617798805237,,,1.0,normal
1890,10,scenario3_repeated_spike,SAC,50,0.0,1,0.09,0.11199999999999999,0.5,0.5,-0.10099999999999999,0.19517910480499268,0.008933370001614094,0.02850947342813015,,,1.0,normal
1891,10,scenario3_repeated_spike,SAC,50,1.0,0,0.060625,0.197,0.5,0.5,-0.1288125,0.0564056932926178,0.002724067308008671,0.018407396972179413,,,1.0,normal
1892,10,scenario3_repeated_spike,SAC,50,0.0,1,0.09,0.11199999999999999,0.5,0.5,-0.10099999999999999,0.2675689458847046,0.0034400629810988903,0.0215565524995327,,,1.0,normal
1893,10,scenario3_repeated_spike,SAC,50,0.0,1,0.09,0.11199999999999999,0.5,0.5,-0.10099999999999999,0.1255546659231186,0.0020901761017739773,0.015136465430259705,,,1.0,normal
1894,10,scenario3_repeated_spike,SAC,50,0.0,1,0.09,0.11199999999999999,0.5,0.5,-0.10099999999999999,0.0991179496049881,0.005245535168796778,0.023578502237796783,,,1.0,normal
1895,10,scenario3_repeated_spike,SAC,50,1.0,0,0.060625,0.197,0.5,0.5,-0.1288125,0.166533425450325,0.004239266272634268,0.021196315065026283,,,1.0,normal
1896,10,scenario3_repeated_spike,SAC,50,0.0,1,0.09,0.11199999999999999,0.5,0.5,-0.10099999999999999,0.10911428928375244,0.001007369952276349,0.013087530620396137,,,1.0,normal
1897,10,scenario3_repeated_spike,SAC,50,0.0,1,0.09,0.11199999999999999,0.5,0.5,-0.10099999999999999,0.20251724123954773,0.004809755831956863,0.025531774386763573,,,1.0,normal
1898,10,scenario3_repeated_spike,SAC,50,0.0,1,0.09,0.11199999999999999,0.5,0.5,-0.10099999999999999,0.15195679664611816,0.007511989213526249,0.031002815812826157,,,1.0,normal
1899,10,scenario3_repeated_spike,SAC,50,0.0,1,0.09,0.11199999999999999,0.5,0.5,-0.10099999999999999,0.16637487709522247,0.004784027114510536,0.025128301233053207,,,1.0,normal
1900,10,scenario3_repeated_spike,SAC,50,1.0,0,0.060625,0.197,0.5,0.5,-0.1288125,0.10670070350170135,0.0026847110129892826,0.012783840298652649,,,1.0,normal
1901,10,scenario3_repeated_spike,SAC,50,1.9000000000000004,0,0.0611875,0.19790000000000002,0.5,0.5,-0.12954375,0.09098923206329346,0.003611460095271468,0.019499359652400017,,,1.0,normal
1902,10,scenario3_repeated_spike,SAC,50,0.0,1,0.09,0.11199999999999999,0.5,0.5,-0.10099999999999999,0.1827808916568756,0.006777292117476463,0.029186060652136803,,,1.0,normal
1903,10,scenario3_repeated_spike,SAC,50,1.0,0,0.060625,0.197,0.5,0.5,-0.1288125,0.21486270427703857,0.0116757582873106,0.03961222618818283,,,1.0,normal
1904,10,scenario3_repeated_spike,SAC,50,1.9000000000000004,0,0.0611875,0.19790000000000002,0.5,0.5,-0.12954375,0.26579058170318604,0.003292556619271636,0.022496690973639488,,,1.0,normal
1905,10,scenario3_repeated_spike,SAC,50,2.710000000000001,0,0.061693750000000006,0.19871000000000003,0.5,0.5,-0.13020187500000002,0.2771393656730652,0.0043920488096773624,0.028251416981220245,,,1.0,normal
1906,10,scenario3_repeated_spike,SAC,50,0.0,1,0.09,0.11199999999999999,0.5,0.5,-0.10099999999999999,0.09456119686365128,0.003616336500272155,0.01589927263557911,,,1.0,normal
1907,10,scenario3_repeated_spike,SAC,50,1.0,0,0.060625,0.197,0.5,0.5,-0.1288125,0.03298073634505272,0.004063898231834173,0.020425602793693542,,,1.0,normal
1908,10,scenario3_repeated_spike,SAC,50,0.0,1,0.09,0.11199999999999999,0.5,0.5,-0.10099999999999999,0.13079701364040375,0.009470309130847454,0.030266011133790016,,,1.0,normal
1909,10,scenario3_repeated_spike,SAC,50,1.0,0,0.060625,0.197,0.5,0.5,-0.1288125,0.09724021703004837,0.001495978096500039,0.013797195628285408,,,1.0,normal
1910,10,scenario3_repeated_spike,SAC,50,1.9000000000000004,0,0.0611875,0.19790000000000002,0.5,0.5,-0.12954375,0.2198868840932846,0.0025009240489453077,0.020630493760108948,,,1.0,normal
1911,10,scenario3_repeated_spike,SAC,50,0.0,1,0.09,0.11199999999999999,0.5,0.5,-0.10099999999999999,0.11933758109807968,0.005651635117828846,0.026818551123142242,,,1.0,normal
1912,10,scenario3_repeated_spike,SAC,50,1.0,0,0.060625,0.197,0.5,0.5,-0.1288125,0.08710195124149323,0.0032005254179239273,0.018833786249160767,,,1.0,normal
1913,10,scenario3_repeated_spike,SAC,50,1.9000000000000004,0,0.0611875,0.19790000000000002,0.5,0.5,-0.12954375,0.17928531765937805,0.0017110982444137335,0.013760676607489586,,,1.0,normal
1914,10,scenario3_repeated_spike,SAC,50,0.0,1,0.09,0.11199999999999999,0.5,0.5,-0.10099999999999999,0.17004671692848206,0.004448464140295982,0.022408809512853622,,,1.0,normal
1915,10,scenario3_repeated_spike,SAC,50,1.0,0,0.060625,0.197,0.5,0.5,-0.1288125,0.09013906121253967,0.007749277167022228,0.026191800832748413,,,1.0,normal
1916,10,scenario3_repeated_spike,SAC,50,0.0,1,0.09,0.11199999999999999,0.5,0.5,-0.10099999999999999,-0.1258254051208496,0.005131842102855444,0.017523372545838356,,,1.0,normal
1917,10,scenario3_repeated_spike,SAC,50,0.0,1,0.09,0.11199999999999999,0.5,0.5,-0.10099999999999999,0.3418469727039337,0.001908144447952509,0.015166651457548141,,,1.0,normal
1918,10,scenario3_repeated_spike,SAC,50,0.0,1,0.09,0.11199999999999999,0.5,0.5,-0.10099999999999999,0.026161879301071167,0.0047034574672579765,0.02498157136142254,,,1.0,normal
1919,10,scenario3_repeated_spike,SAC,50,0.0,1,0.09,0.11199999999999999,0.5,0.5,-0.10099999999999999,0.13408517837524414,0.01209158543497324,0.039837829768657684,,,1.0,normal
1920,10,scenario3_repeated_spike,SAC,50,1.0,0,0.060625,0.197,0.5,0.5,-0.1288125,0.15771454572677612,0.009411047212779522,0.03607853502035141,,,1.0,normal
1921,10,scenario3_repeated_spike,SAC,50,0.0,1,0.09,0.11199999999999999,0.5,0.5,-0.10099999999999999,0.2624833285808563,0.003320132615044713,0.02507316879928112,,,1.0,normal
1922,10,scenario3_repeated_spike,SAC,50,1.0,0,0.060625,0.197,0.5,0.5,-0.1288125,0.2649279832839966,0.005486264359205961,0.031616296619176865,,,1.0,normal
1923,10,scenario3_repeated_spike,SAC,50,0.0,1,0.09,0.11199999999999999,0.5,0.5,-0.10099999999999999,0.041193969547748566,0.006681649014353752,0.027173800393939018,,,1.0,normal
1924,10,scenario3_repeated_spike,SAC,50,1.0,0,0.060625,0.197,0.5,0.5,-0.1288125,0.13080306351184845,0.006176491733640432,0.027635129168629646,,,1.0,normal
1925,10,scenario3_repeated_spike,SAC,50,0.0,1,0.09,0.11199999999999999,0.5,0.5,-0.10099999999999999,0.03430205583572388,0.004473940469324589,0.02176446095108986,,,1.0,normal
1926,10,scenario3_repeated_spike,SAC,50,0.0,1,0.09,0.11199999999999999,0.5,0.5,-0.10099999999999999,0.15491294860839844,0.0041176495142281055,0.02414778620004654,,,1.0,normal
1927,10,scenario3_repeated_spike,SAC,50,1.0,0,0.060625,0.197,0.5,0.5,-0.1288125,0.05426814407110214,0.007806339766830206,0.03325410187244415,,,1.0,normal
1928,10,scenario3_repeated_spike,SAC,50,1.9000000000000004,0,0.0611875,0.19790000000000002,0.5,0.5,-0.12954375,0.20796696841716766,0.015123768709599972,0.04723048210144043,,,1.0,normal
1929,10,scenario3_repeated_spike,SAC,50,0.0,1,0.09,0.11199999999999999,0.5,0.5,-0.10099999999999999,0.1709592342376709,0.008550943806767464,0.03231475502252579,,,1.0,normal
1930,10,scenario3_repeated_spike,SAC,50,0.0,1,0.09,0.11199999999999999,0.5,0.5,-0.10099999999999999,0.20139910280704498,0.0057141827419400215,0.024016819894313812,,,1.0,normal
1931,10,scenario3_repeated_spike,SAC,50,0.0,1,0.09,0.11199999999999999,0.5,0.5,-0.10099999999999999,0.22515273094177246,0.010014411062002182,0.04117568954825401,,,1.0,normal
1932,10,scenario3_repeated_spike,SAC,50,0.0,1,0.09,0.11199999999999999,0.5,0.5,-0.10099999999999999,0.3711509704589844,0.018131272867321968,0.055499471724033356,,,1.0,normal
1933,10,scenario3_repeated_spike,SAC,50,0.0,1,0.09,0.11199999999999999,0.5,0.5,-0.10099999999999999,0.11735597252845764,0.016250841319561005,0.041726015508174896,,,1.0,normal
1934,10,scenario3_repeated_spike,SAC,50,1.0,0,0.060625,0.197,0.5,0.5,-0.1288125,0.1887056678533554,0.008302700705826283,0.03792109340429306,,,1.0,normal
1935,10,scenario3_repeated_spike,SAC,50,0.0,1,0.09,0.11199999999999999,0.5,0.5,-0.10099999999999999,0.07965175807476044,0.002140712458640337,0.017938995733857155,,,1.0,normal
1936,10,scenario3_repeated_spike,SAC,50,1.0,0,0.060625,0.197,0.5,0.5,-0.1288125,0.1256595104932785,0.012384643778204918,0.03623293712735176,,,1.0,normal
1937,10,scenario3_repeated_spike,SAC,50,0.0,1,0.09,0.11199999999999999,0.5,0.5,-0.10099999999999999,0.12080776691436768,0.01420481875538826,0.04189358279109001,,,1.0,normal
1938,10,scenario3_repeated_spike,SAC,50,1.0,0,0.060625,0.197,0.5,0.5,-0.1288125,0.1767372339963913,0.015306873247027397,0.04236990958452225,,,1.0,normal
1939,10,scenario3_repeated_spike,SAC,50,1.9000000000000004,0,0.0611875,0.19790000000000002,0.5,0.5,-0.12954375,0.21711361408233643,0.011414846405386925,0.04284477233886719,,,1.0,normal
1940,10,scenario3_repeated_spike,SAC,50,2.710000000000001,0,0.061693750000000006,0.19871000000000003,0.5,0.5,-0.13020187500000002,0.14147549867630005,0.0034467019140720367,0.01849837228655815,,,1.0,normal
1941,10,scenario3_repeated_spike,SAC,50,3.439,0,0.062149375,0.199439,0.5,0.5,-0.1307941875,0.1558133214712143,0.0059516956098377705,0.03128097578883171,,,1.0,normal
1942,10,scenario3_repeated_spike,SAC,50,0.0,1,0.09,0.11199999999999999,0.5,0.5,-0.10099999999999999,0.29261666536331177,0.01384797040373087,0.04872477054595947,,,1.0,normal
1943,10,scenario3_repeated_spike,SAC,50,0.0,1,0.09,0.11199999999999999,0.5,0.5,-0.10099999999999999,0.26142722368240356,0.009706657379865646,0.04028758779168129,,,1.0,normal
1944,10,scenario3_repeated_spike,SAC,50,0.0,1,0.09,0.11199999999999999,0.5,0.5,-0.10099999999999999,0.1538550704717636,0.00767462607473135,0.03252813220024109,,,1.0,normal
1945,10,scenario3_repeated_spike,SAC,50,0.0,1,0.09,0.11199999999999999,0.5,0.5,-0.10099999999999999,0.20550329983234406,0.0090497937053442,0.040038567036390305,,,1.0,normal
1946,10,scenario3_repeated_spike,SAC,50,0.0,1,0.09,0.11199999999999999,0.5,0.5,-0.10099999999999999,0.10327872633934021,0.006816004402935505,0.033034272491931915,,,1.0,normal
1947,10,scenario3_repeated_spike,SAC,50,1.0,0,0.060625,0.197,0.5,0.5,-0.1288125,-0.013343658298254013,0.0013085254468023777,0.012425264343619347,,,1.0,normal
1948,10,scenario3_repeated_spike,SAC,50,1.9000000000000004,0,0.0611875,0.19790000000000002,0.5,0.5,-0.12954375,0.28832125663757324,0.006663559004664421,0.0208760816603899,,,1.0,normal
1949,10,scenario3_repeated_spike,SAC,50,2.710000000000001,0,0.061693750000000006,0.19871000000000003,0.5,0.5,-0.13020187500000002,0.06002578139305115,0.000525018316693604,0.008222089149057865,,,1.0,normal
1950,10,scenario3_repeated_spike,SAC,50,3.439,0,0.062149375,0.199439,0.5,0.5,-0.1307941875,0.20224666595458984,0.0009955050190910697,0.011422119103372097,,,1.0,normal
1951,10,scenario3_repeated_spike,SAC,50,0.0,1,0.09,0.11199999999999999,0.5,0.5,-0.10099999999999999,0.20274069905281067,0.0034652440808713436,0.021593060344457626,,,1.0,normal
1952,10,scenario3_repeated_spike,SAC,50,0.0,1,0.09,0.11199999999999999,0.5,0.5,-0.10099999999999999,0.04477053880691528,0.0020624115131795406,0.014986075460910797,,,1.0,normal
1953,10,scenario3_repeated_spike,SAC,50,0.0,1,0.09,0.11199999999999999,0.5,0.5,-0.10099999999999999,0.2865266799926758,0.0021594827994704247,0.0167642030864954,,,1.0,normal
1954,10,scenario3_repeated_spike,SAC,50,0.0,1,0.09,0.11199999999999999,0.5,0.5,-0.10099999999999999,0.1792619377374649,0.0017815422033891082,0.017325816676020622,,,1.0,normal
1955,10,scenario3_repeated_spike,SAC,50,0.0,1,0.09,0.11199999999999999,0.5,0.5,-0.10099999999999999,0.1371203362941742,0.001403519418090582,0.01577838510274887,,,1.0,normal
1956,10,scenario3_repeated_spike,SAC,50,1.0,0,0.060625,0.197,0.5,0.5,-0.1288125,0.3063393831253052,0.0009006878826767206,0.012949645519256592,,,1.0,normal
1957,10,scenario3_repeated_spike,SAC,50,0.0,1,0.09,0.11199999999999999,0.5,0.5,-0.10099999999999999,0.206806018948555,0.0009970954852178693,0.013940255157649517,,,1.0,normal
1958,10,scenario3_repeated_spike,SAC,50,1.0,0,0.060625,0.197,0.5,0.5,-0.1288125,0.16325600445270538,0.00334865041077137,0.017404142767190933,,,1.0,normal
1959,10,scenario3_repeated_spike,SAC,50,0.0,1,0.09,0.11199999999999999,0.5,0.5,-0.10099999999999999,0.1939540058374405,0.003180848201736808,0.01639612577855587,,,1.0,normal
1960,10,scenario3_repeated_spike,SAC,50,0.0,1,0.09,0.11199999999999999,0.5,0.5,-0.10099999999999999,0.24171382188796997,0.0063457125797867775,0.03081929311156273,,,1.0,normal
1961,10,scenario3_repeated_spike,SAC,50,1.0,0,0.060625,0.197,0.5,0.5,-0.1288125,0.034601159393787384,0.00440569082275033,0.02060428075492382,,,1.0,normal
1962,10,scenario3_repeated_spike,SAC,50,0.0,1,0.09,0.11199999999999999,0.5,0.5,-0.10099999999999999,0.15209995210170746,0.0013092532753944397,0.014054362662136555,,,1.0,normal
1963,10,scenario3_repeated_spike,SAC,50,1.0,0,0.060625,0.197,0.5,0.5,-0.1288125,0.07794991135597229,0.0012835550587624311,0.012134979479014874,,,1.0,normal
1964,10,scenario3_repeated_spike,SAC,50,0.0,1,0.09,0.11199999999999999,0.5,0.5,-0.10099999999999999,-0.031629402190446854,0.00748331006616354,0.01972489058971405,,,1.0,normal
1965,10,scenario3_repeated_spike,SAC,50,0.0,1,0.09,0.11199999999999999,0.5,0.5,-0.10099999999999999,0.2693553864955902,0.0072904615662992,0.033014632761478424,,,1.0,normal
1966,10,scenario3_repeated_spike,SAC,50,1.0,0,0.060625,0.197,0.5,0.5,-0.1288125,0.11402158439159393,0.003525420557707548,0.02159973233938217,,,1.0,normal
1967,10,scenario3_repeated_spike,SAC,50,1.9000000000000004,0,0.0611875,0.19790000000000002,0.5,0.5,-0.12954375,0.1621834933757782,0.002325739711523056,0.01657244935631752,,,1.0,normal
1968,10,scenario3_repeated_spike,SAC,50,0.0,1,0.09,0.11199999999999999,0.5,0.5,-0.10099999999999999,0.17438983917236328,0.010901924222707748,0.03674290329217911,,,1.0,normal
1969,10,scenario3_repeated_spike,SAC,50,1.0,0,0.060625,0.197,0.5,0.5,-0.1288125,0.12888342142105103,0.004955581855028868,0.029645251110196114,,,1.0,normal
1970,10,scenario3_repeated_spike,SAC,50,1.9000000000000004,0,0.0611875,0.19790000000000002,0.5,0.5,-0.12954375,0.12785688042640686,0.0019062813371419907,0.016184790059924126,,,1.0,normal
1971,10,scenario3_repeated_spike,SAC,50,0.0,1,0.09,0.11199999999999999,0.5,0.5,-0.10099999999999999,0.08638404309749603,0.0044977725483477116,0.02564963325858116,,,1.0,normal
1972,10,scenario3_repeated_spike,SAC,50,1.0,0,0.060625,0.197,0.5,0.5,-0.1288125,0.01644143834710121,0.004169962834566832,0.023887932300567627,,,1.0,normal
1973,10,scenario3_repeated_spike,SAC,50,1.9000000000000004,0,0.0611875,0.19790000000000002,0.5,0.5,-0.12954375,0.2161293774843216,0.002812774386256933,0.021350562572479248,,,1.0,normal
1974,10,scenario3_repeated_spike,SAC,50,2.710000000000001,0,0.061693750000000006,0.19871000000000003,0.5,0.5,-0.13020187500000002,0.2553780674934387,0.003209366463124752,0.02435096725821495,,,1.0,normal
1975,10,scenario3_repeated_spike,SAC,50,0.0,1,0.09,0.11199999999999999,0.5,0.5,-0.10099999999999999,0.06766924262046814,0.0045961011201143265,0.0206366628408432,,,1.0,normal
1976,10,scenario3_repeated_spike,SAC,50,1.0,0,0.060625,0.197,0.5,0.5,-0.1288125,0.13047170639038086,0.003925544209778309,0.025248942896723747,,,1.0,normal
1977,10,scenario3_repeated_spike,SAC,50,0.0,1,0.09,0.11199999999999999,0.5,0.5,-0.10099999999999999,0.07855850458145142,0.002085519954562187,0.01363634318113327,,,1.0,normal
1978,10,scenario3_repeated_spike,SAC,50,1.0,0,0.060625,0.197,0.5,0.5,-0.1288125,0.018262237310409546,0.0015073125250637531,0.013641203753650188,,,1.0,normal
1979,10,scenario3_repeated_spike,SAC,50,0.0,1,0.09,0.11199999999999999,0.5,0.5,-0.10099999999999999,0.17414610087871552,0.0012355917133390903,0.014919544570147991,,,1.0,normal
1980,10,scenario3_repeated_spike,SAC,50,0.0,1,0.09,0.11199999999999999,0.5,0.5,-0.10099999999999999,0.06976789981126785,0.005011934787034988,0.021912088617682457,,,1.0,normal
1981,10,scenario3_repeated_spike,SAC,50,0.0,1,0.09,0.11199999999999999,0.5,0.5,-0.10099999999999999,-0.030730027705430984,0.0024708802811801434,0.01474909670650959,,,1.0,normal
1982,10,scenario3_repeated_spike,SAC,50,0.0,1,0.09,0.11199999999999999,0.5,0.5,-0.10099999999999999,0.10384665429592133,0.002115627285093069,0.014904648996889591,,,1.0,normal
1983,10,scenario3_repeated_spike,SAC,50,1.0,0,0.060625,0.197,0.5,0.5,-0.1288125,0.09051662683486938,0.003925051540136337,0.020754728466272354,,,1.0,normal
1984,10,scenario3_repeated_spike,SAC,50,1.9000000000000004,0,0.0611875,0.19790000000000002,0.5,0.5,-0.12954375,0.06477688252925873,0.006851574871689081,0.029591884464025497,,,1.0,normal
1985,10,scenario3_repeated_spike,SAC,50,2.710000000000001,0,0.061693750000000006,0.19871000000000003,0.5,0.5,-0.13020187500000002,0.22525419294834137,0.007088825106620789,0.03661162778735161,,,1.0,normal
1986,10,scenario3_repeated_spike,SAC,50,3.439,0,0.062149375,0.199439,0.5,0.5,-0.1307941875,0.1851424276828766,0.0024799760431051254,0.01928998902440071,,,1.0,normal
1987,10,scenario3_repeated_spike,SAC,50,4.0951,0,0.06255943750000001,0.20009510000000003,0.5,0.5,-0.13132726875,0.15155212581157684,0.0036718985065817833,0.022540725767612457,,,1.0,normal
1988,10,scenario3_repeated_spike,SAC,50,0.0,1,0.09,0.11199999999999999,0.5,0.5,-0.10099999999999999,0.2683924436569214,0.00988128874450922,0.038390178233385086,,,1.0,normal
1989,10,scenario3_repeated_spike,SAC,50,0.0,1,0.09,0.11199999999999999,0.5,0.5,-0.10099999999999999,0.08457794785499573,0.001450879848562181,0.014259646646678448,,,1.0,normal
1990,10,scenario3_repeated_spike,SAC,50,0.0,1,0.09,0.11199999999999999,0.5,0.5,-0.10099999999999999,0.02799314633011818,0.0018310232553631067,0.01650651916861534,,,1.0,normal
1991,10,scenario3_repeated_spike,SAC,50,0.0,1,0.09,0.11199999999999999,0.5,0.5,-0.10099999999999999,0.1226993203163147,0.0031762337312102318,0.022534340620040894,,,1.0,normal
1992,10,scenario3_repeated_spike,SAC,50,0.0,1,0.09,0.11199999999999999,0.5,0.5,-0.10099999999999999,0.16048716008663177,0.007497572340071201,0.023187285289168358,,,1.0,normal
1993,10,scenario3_repeated_spike,SAC,50,1.0,0,0.060625,0.197,0.5,0.5,-0.1288125,-5.163997411727905e-05,0.0030418443493545055,0.018951915204524994,,,1.0,normal
1994,10,scenario3_repeated_spike,SAC,50,1.9000000000000004,0,0.0611875,0.19790000000000002,0.5,0.5,-0.12954375,0.1513669788837433,0.0034358471166342497,0.01951797679066658,,,1.0,normal
1995,10,scenario3_repeated_spike,SAC,50,2.710000000000001,0,0.061693750000000006,0.19871000000000003,0.5,0.5,-0.13020187500000002,0.19704590737819672,0.00503117311745882,0.027877897024154663,,,1.0,normal
1996,10,scenario3_repeated_spike,SAC,50,0.0,1,0.09,0.11199999999999999,0.5,0.5,-0.10099999999999999,0.16072170436382294,0.004921377636492252,0.024804823100566864,,,1.0,normal
1997,10,scenario3_repeated_spike,SAC,50,1.0,0,0.060625,0.197,0.5,0.5,-0.1288125,-0.03552024066448212,0.003075959626585245,0.019944416359066963,,,1.0,normal
1998,10,scenario3_repeated_spike,SAC,50,0.0,1,0.09,0.11199999999999999,0.5,0.5,-0.10099999999999999,0.21008533239364624,0.005326665006577969,0.021727608516812325,,,1.0,normal
1999,10,scenario3_repeated_spike,SAC,50,1.0,0,0.060625,0.197,0.5,0.5,-0.1288125,0.04882389307022095,0.0027645789086818695,0.014523366466164589,,,1.0,normal
2000,10,scenario3_repeated_spike,SAC,50,1.9000000000000004,0,0.0611875,0.19790000000000002,0.5,0.5,-0.12954375,0.018080782145261765,0.0009583520004525781,0.010152542032301426,,,1.0,normal
2001,10,scenario3_repeated_spike,SAC,50,2.710000000000001,0,0.061693750000000006,0.19871000000000003,0.5,0.5,-0.13020187500000002,0.0676199346780777,0.001717304578050971,0.013628475368022919,,,1.0,normal
2002,10,scenario3_repeated_spike,SAC,50,0.0,1,0.09,0.11199999999999999,0.5,0.5,-0.10099999999999999,0.08384167402982712,0.0018752587493509054,0.015381871722638607,,,1.0,normal
2003,10,scenario3_repeated_spike,SAC,50,1.0,0,0.060625,0.197,0.5,0.5,-0.1288125,0.11409090459346771,0.001970539800822735,0.017949707806110382,,,1.0,normal
2004,10,scenario3_repeated_spike,SAC,50,1.9000000000000004,0,0.0611875,0.19790000000000002,0.5,0.5,-0.12954375,0.13467656075954437,0.0019494014559313655,0.01351873204112053,,,1.0,normal
2005,10,scenario3_repeated_spike,SAC,50,0.0,1,0.09,0.11199999999999999,0.5,0.5,-0.10099999999999999,0.14937661588191986,0.0026530197355896235,0.020219100639224052,,,1.0,normal
2006,10,scenario3_repeated_spike,SAC,50,1.0,0,0.060625,0.197,0.5,0.5,-0.1288125,-0.05102571099996567,0.007337226532399654,0.02058553509414196,,,1.0,normal
2007,10,scenario3_repeated_spike,SAC,50,0.0,1,0.09,0.11199999999999999,0.5,0.5,-0.10099999999999999,0.047229792922735214,0.0005123101873323321,0.009000809863209724,,,1.0,normal
2008,10,scenario3_repeated_spike,SAC,50,0.0,1,0.09,0.11199999999999999,0.5,0.5,-0.10099999999999999,0.10168392211198807,0.0005633386317640543,0.007820986211299896,,,1.0,normal
2009,10,scenario3_repeated_spike,SAC,50,0.0,1,0.09,0.11199999999999999,0.5,0.5,-0.10099999999999999,0.17770177125930786,0.004426385276019573,0.026305820792913437,,,1.0,normal
2010,10,scenario3_repeated_spike,SAC,50,0.0,1,0.09,0.11199999999999999,0.5,0.5,-0.10099999999999999,0.24378596246242523,0.0032622264698147774,0.02458648383617401,,,1.0,normal
2011,10,scenario3_repeated_spike,SAC,50,0.0,1,0.09,0.11199999999999999,0.5,0.5,-0.10099999999999999,0.16430874168872833,0.0014584085438400507,0.01295468956232071,,,1.0,normal
2012,10,scenario3_repeated_spike,SAC,50,1.0,0,0.060625,0.197,0.5,0.5,-0.1288125,-0.001614641398191452,0.0025235579814761877,0.017453275620937347,,,1.0,normal
2013,10,scenario3_repeated_spike,SAC,50,1.9000000000000004,0,0.0611875,0.19790000000000002,0.5,0.5,-0.12954375,0.23864707350730896,0.009430339559912682,0.036565471440553665,,,1.0,normal
2014,10,scenario3_repeated_spike,SAC,50,2.710000000000001,0,0.061693750000000006,0.19871000000000003,0.5,0.5,-0.13020187500000002,0.3194323480129242,0.0024022934958338737,0.019548501819372177,,,1.0,normal
2015,10,scenario3_repeated_spike,SAC,50,0.0,1,0.09,0.11199999999999999,0.5,0.5,-0.10099999999999999,0.30727946758270264,0.002170948078855872,0.01738857850432396,,,1.0,normal
2016,10,scenario3_repeated_spike,SAC,50,1.0,0,0.060625,0.197,0.5,0.5,-0.1288125,0.2625875473022461,0.0015427423641085625,0.016074135899543762,,,1.0,normal
2017,10,scenario3_repeated_spike,SAC,50,0.0,1,0.09,0.11199999999999999,0.5,0.5,-0.10099999999999999,0.07330285012722015,0.0012455543037503958,0.011272286996245384,,,1.0,normal
2018,10,scenario3_repeated_spike,SAC,50,0.0,1,0.09,0.11199999999999999,0.5,0.5,-0.10099999999999999,0.27647730708122253,0.0037650736048817635,0.02772546000778675,,,1.0,normal
2019,10,scenario3_repeated_spike,SAC,50,0.0,1,0.09,0.11199999999999999,0.5,0.5,-0.10099999999999999,0.09151841700077057,0.0021265260875225067,0.018829988315701485,,,1.0,normal
2020,10,scenario3_repeated_spike,SAC,50,0.0,1,0.09,0.11199999999999999,0.5,0.5,-0.10099999999999999,0.23510777950286865,0.004683703184127808,0.022096959874033928,,,1.0,normal
2021,10,scenario3_repeated_spike,SAC,50,1.0,0,0.060625,0.197,0.5,0.5,-0.1288125,0.13762488961219788,0.0009178657783195376,0.011566413566470146,,,1.0,normal
2022,10,scenario3_repeated_spike,SAC,50,1.9000000000000004,0,0.0611875,0.19790000000000002,0.5,0.5,-0.12954375,0.08553919196128845,0.0020228945650160313,0.014625652693212032,,,1.0,normal
2023,10,scenario3_repeated_spike,SAC,50,2.710000000000001,0,0.061693750000000006,0.19871000000000003,0.5,0.5,-0.13020187500000002,0.11856940388679504,0.001253190217539668,0.013925386592745781,,,1.0,normal
2024,10,scenario3_repeated_spike,SAC,50,0.0,1,0.09,0.11199999999999999,0.5,0.5,-0.10099999999999999,0.20150691270828247,0.0012113632401451468,0.013029721565544605,,,1.0,normal
2025,10,scenario3_repeated_spike,SAC,50,1.0,0,0.060625,0.197,0.5,0.5,-0.1288125,0.09237706661224365,0.0014280618634074926,0.014566361904144287,,,1.0,normal
2026,10,scenario3_repeated_spike,SAC,50,1.9000000000000004,0,0.0611875,0.19790000000000002,0.5,0.5,-0.12954375,0.047843087464571,0.0015013564843684435,0.01407216303050518,,,1.0,normal
2027,10,scenario3_repeated_spike,SAC,50,2.710000000000001,0,0.061693750000000006,0.19871000000000003,0.5,0.5,-0.13020187500000002,0.20208926498889923,0.0014865888515487313,0.014032580889761448,,,1.0,normal
2028,10,scenario3_repeated_spike,SAC,50,3.439,0,0.062149375,0.199439,0.5,0.5,-0.1307941875,0.23863792419433594,0.002351856790482998,0.01891813799738884,,,1.0,normal
2029,10,scenario3_repeated_spike,SAC,50,4.0951,0,0.06255943750000001,0.20009510000000003,0.5,0.5,-0.13132726875,0.03776660934090614,0.0025924816727638245,0.016832565888762474,,,1.0,normal
2030,10,scenario3_repeated_spike,SAC,50,0.0,1,0.09,0.11199999999999999,0.5,0.5,-0.10099999999999999,0.050314854830503464,0.0012468108907341957,0.010820629075169563,,,1.0,normal
2031,10,scenario3_repeated_spike,SAC,50,1.0,0,0.060625,0.197,0.5,0.5,-0.1288125,-0.04205237329006195,0.0015355914365500212,0.012769462540745735,,,1.0,normal
2032,10,scenario3_repeated_spike,SAC,50,0.0,1,0.09,0.11199999999999999,0.5,0.5,-0.10099999999999999,0.060118094086647034,0.002357644494622946,0.017418403178453445,,,1.0,normal
2033,10,scenario3_repeated_spike,SAC,50,1.0,0,0.060625,0.197,0.5,0.5,-0.1288125,0.15235334634780884,0.002494798507541418,0.015670303255319595,,,1.0,normal
2034,10,scenario3_repeated_spike,SAC,50,1.9000000000000004,0,0.0611875,0.19790000000000002,0.5,0.5,-0.12954375,0.14013023674488068,0.002329919720068574,0.017972636967897415,,,1.0,normal
2035,10,scenario3_repeated_spike,SAC,50,2.710000000000001,0,0.061693750000000006,0.19871000000000003,0.5,0.5,-0.13020187500000002,0.27931419014930725,0.001933688297867775,0.018068643286824226,,,1.0,normal
2036,10,scenario3_repeated_spike,SAC,50,3.439,0,0.062149375,0.199439,0.5,0.5,-0.1307941875,0.17948536574840546,0.0027306387200951576,0.016770288348197937,,,1.0,normal
2037,10,scenario3_repeated_spike,SAC,50,0.0,1,0.09,0.11199999999999999,0.5,0.5,-0.10099999999999999,0.28548938035964966,0.00323297968134284,0.022781960666179657,,,1.0,normal
2038,10,scenario3_repeated_spike,SAC,50,1.0,0,0.060625,0.197,0.5,0.5,-0.1288125,0.022730641067028046,0.005069883540272713,0.017021261155605316,,,1.0,normal
2039,10,scenario3_repeated_spike,SAC,50,0.0,1,0.09,0.11199999999999999,0.5,0.5,-0.10099999999999999,0.1531548649072647,0.004521509632468224,0.020577341318130493,,,1.0,normal
2040,10,scenario3_repeated_spike,SAC,50,0.0,1,0.09,0.11199999999999999,0.5,0.5,-0.10099999999999999,0.08174970746040344,0.001341494731605053,0.013658924028277397,,,1.0,normal
2041,10,scenario3_repeated_spike,SAC,50,1.0,0,0.060625,0.197,0.5,0.5,-0.1288125,0.21877822279930115,0.0031985617242753506,0.017411043867468834,,,1.0,normal
2042,10,scenario3_repeated_spike,SAC,50,1.9000000000000004,0,0.0611875,0.19790000000000002,0.5,0.5,-0.12954375,0.33221086859703064,0.002428836887702346,0.020510125905275345,,,1.0,normal
2043,10,scenario3_repeated_spike,SAC,50,0.0,1,0.09,0.11199999999999999,0.5,0.5,-0.10099999999999999,0.11582855880260468,0.0018380081746727228,0.014765448868274689,,,1.0,normal
2044,10,scenario3_repeated_spike,SAC,50,0.0,1,0.09,0.11199999999999999,0.5,0.5,-0.10099999999999999,0.19559547305107117,0.0011585050961002707,0.011304949410259724,,,1.0,normal
2045,10,scenario3_repeated_spike,SAC,50,0.0,1,0.09,0.11199999999999999,0.5,0.5,-0.10099999999999999,0.19351835548877716,0.003701624693349004,0.016845302656292915,,,1.0,normal
2046,10,scenario3_repeated_spike,SAC,50,0.0,1,0.09,0.11199999999999999,0.5,0.5,-0.10099999999999999,0.013679958879947662,0.001962960697710514,0.012248189188539982,,,1.0,normal
2047,10,scenario3_repeated_spike,SAC,50,0.0,1,0.09,0.11199999999999999,0.5,0.5,-0.10099999999999999,0.04042439162731171,0.0025994405150413513,0.009996866807341576,,,1.0,normal
2048,10,scenario3_repeated_spike,SAC,50,1.0,0,0.060625,0.197,0.5,0.5,-0.1288125,0.12281163036823273,0.0034591073635965586,0.021550998091697693,,,1.0,normal
2049,10,scenario3_repeated_spike,SAC,50,0.0,1,0.09,0.11199999999999999,0.5,0.5,-0.10099999999999999,0.15425260365009308,0.005053585860878229,0.02409287914633751,,,1.0,normal
2050,10,scenario3_repeated_spike,SAC,50,0.0,1,0.09,0.11199999999999999,0.5,0.5,-0.10099999999999999,0.10721200704574585,0.0025291272904723883,0.013520428910851479,,,1.0,normal
2051,10,scenario3_repeated_spike,SAC,50,0.0,1,0.09,0.11199999999999999,0.5,0.5,-0.10099999999999999,0.1940666139125824,0.004823816008865833,0.016183707863092422,,,1.0,normal
2052,10,scenario3_repeated_spike,SAC,50,1.0,0,0.060625,0.197,0.5,0.5,-0.1288125,-0.052886851131916046,0.003439506981521845,0.01289021223783493,,,1.0,normal
2053,10,scenario3_repeated_spike,SAC,50,1.9000000000000004,0,0.0611875,0.19790000000000002,0.5,0.5,-0.12954375,0.05199770629405975,0.0062825437635183334,0.019537633284926414,,,1.0,normal
2054,10,scenario3_repeated_spike,SAC,50,0.0,1,0.09,0.11199999999999999,0.5,0.5,-0.10099999999999999,0.06769466400146484,0.0031776479445397854,0.013293839991092682,,,1.0,normal
2055,10,scenario3_repeated_spike,SAC,50,1.0,0,0.060625,0.197,0.5,0.5,-0.1288125,0.05791544169187546,0.0020023996476083994,0.013956991955637932,,,1.0,normal
2056,10,scenario3_repeated_spike,SAC,50,1.9000000000000004,0,0.0611875,0.19790000000000002,0.5,0.5,-0.12954375,0.10408438742160797,0.001934167230501771,0.013244591653347015,,,1.0,normal
2057,10,scenario3_repeated_spike,SAC,50,2.710000000000001,0,0.061693750000000006,0.19871000000000003,0.5,0.5,-0.13020187500000002,0.060763273388147354,0.0024413764476776123,0.016745779663324356,,,1.0,normal
2058,10,scenario3_repeated_spike,SAC,50,3.439,0,0.062149375,0.199439,0.5,0.5,-0.1307941875,0.16247475147247314,0.005307528655976057,0.027286948636174202,,,1.0,normal
2059,10,scenario3_repeated_spike,SAC,50,4.0951,0,0.06255943750000001,0.20009510000000003,0.5,0.5,-0.13132726875,0.053091756999492645,0.005661970004439354,0.024008477106690407,,,1.0,normal
2060,10,scenario3_repeated_spike,SAC,50,4.685590000000001,0,0.06292849375000001,0.20068559000000002,0.5,0.5,-0.13180704187500003,0.23033277690410614,0.004545672331005335,0.01838604360818863,,,1.0,normal
2061,10,scenario3_repeated_spike,SAC,50,0.0,1,0.09,0.11199999999999999,0.5,0.5,-0.10099999999999999,0.16740800440311432,0.0009463350288569927,0.009382972493767738,,,1.0,normal
2062,10,scenario3_repeated_spike,SAC,50,1.0,0,0.060625,0.197,0.5,0.5,-0.1288125,0.2730989456176758,0.0036821244284510612,0.02134576253592968,,,1.0,normal
2063,10,scenario3_repeated_spike,SAC,50,0.0,1,0.09,0.11199999999999999,0.5,0.5,-0.10099999999999999,0.24808140099048615,0.002237541601061821,0.018085528165102005,,,1.0,normal
2064,10,scenario3_repeated_spike,SAC,50,0.0,1,0.09,0.11199999999999999,0.5,0.5,-0.10099999999999999,0.08300735056400299,0.0032528506126254797,0.017094498500227928,,,1.0,normal
2065,10,scenario3_repeated_spike,SAC,50,0.0,1,0.09,0.11199999999999999,0.5,0.5,-0.10099999999999999,0.05996951088309288,0.002046506851911545,0.0145293939858675,,,1.0,normal
2066,10,scenario3_repeated_spike,SAC,50,0.0,1,0.09,0.11199999999999999,0.5,0.5,-0.10099999999999999,0.19494441151618958,0.0019530379213392735,0.015449006110429764,,,1.0,normal
2067,10,scenario3_repeated_spike,SAC,50,0.0,1,0.09,0.11199999999999999,0.5,0.5,-0.10099999999999999,0.14476987719535828,0.0036907175090163946,0.020817721262574196,,,1.0,normal
2068,10,scenario3_repeated_spike,SAC,50,0.0,1,0.09,0.11199999999999999,0.5,0.5,-0.10099999999999999,0.03387489169836044,0.0026898582000285387,0.018489807844161987,,,1.0,normal
2069,10,scenario3_repeated_spike,SAC,50,0.0,1,0.09,0.11199999999999999,0.5,0.5,-0.10099999999999999,0.1415117383003235,0.0014143858570605516,0.0119275888428092,,,1.0,normal
2070,10,scenario3_repeated_spike,SAC,50,0.0,1,0.09,0.11199999999999999,0.5,0.5,-0.10099999999999999,0.0991264283657074,0.010935729369521141,0.030739694833755493,,,1.0,normal
2071,10,scenario3_repeated_spike,SAC,50,1.0,0,0.060625,0.197,0.5,0.5,-0.1288125,0.23000173270702362,0.010491915978491306,0.04262816160917282,,,1.0,normal
2072,10,scenario3_repeated_spike,SAC,50,0.0,1,0.09,0.11199999999999999,0.5,0.5,-0.10099999999999999,0.23165670037269592,0.0057664187625050545,0.03055412322282791,,,1.0,normal
2073,10,scenario3_repeated_spike,SAC,50,0.0,1,0.09,0.11199999999999999,0.5,0.5,-0.10099999999999999,0.12856167554855347,0.0019392307149246335,0.01558959111571312,,,1.0,normal
2074,10,scenario3_repeated_spike,SAC,50,1.0,0,0.060625,0.197,0.5,0.5,-0.1288125,0.05419093742966652,0.0038811310660094023,0.022945957258343697,,,1.0,normal
2075,10,scenario3_repeated_spike,SAC,50,1.9000000000000004,0,0.0611875,0.19790000000000002,0.5,0.5,-0.12954375,0.13623754680156708,0.009270789101719856,0.03401454538106918,,,1.0,normal
2076,10,scenario3_repeated_spike,SAC,50,0.0,1,0.09,0.11199999999999999,0.5,0.5,-0.10099999999999999,0.08178626000881195,0.009945720434188843,0.03579869866371155,,,1.0,normal
2077,10,scenario3_repeated_spike,SAC,50,0.0,1,0.09,0.11199999999999999,0.5,0.5,-0.10099999999999999,0.3101528286933899,0.010906392708420753,0.04173426702618599,,,1.0,normal
2078,10,scenario3_repeated_spike,SAC,50,1.0,0,0.060625,0.197,0.5,0.5,-0.1288125,0.1183236762881279,0.0032893014140427113,0.02211107686161995,,,1.0,normal
2079,10,scenario3_repeated_spike,SAC,50,1.9000000000000004,0,0.0611875,0.19790000000000002,0.5,0.5,-0.12954375,0.056491270661354065,0.003377653891220689,0.01785461977124214,,,1.0,normal
2080,10,scenario3_repeated_spike,SAC,50,2.710000000000001,0,0.061693750000000006,0.19871000000000003,0.5,0.5,-0.13020187500000002,0.11993657052516937,0.004636975936591625,0.024013720452785492,,,1.0,normal
2081,10,scenario3_repeated_spike,SAC,50,0.0,1,0.09,0.11199999999999999,0.5,0.5,-0.10099999999999999,0.058662474155426025,0.002350292168557644,0.01622004620730877,,,1.0,normal
2082,10,scenario3_repeated_spike,SAC,50,0.0,1,0.09,0.11199999999999999,0.5,0.5,-0.10099999999999999,0.19690671563148499,0.0015684632817283273,0.01613440364599228,,,1.0,normal
2083,10,scenario3_repeated_spike,SAC,50,1.0,0,0.060625,0.197,0.5,0.5,-0.1288125,0.005836275406181812,0.0009961873292922974,0.011069957166910172,,,1.0,normal
2084,10,scenario3_repeated_spike,SAC,50,1.9000000000000004,0,0.0611875,0.19790000000000002,0.5,0.5,-0.12954375,0.22946186363697052,0.0008894356433302164,0.011597059667110443,,,1.0,normal
2085,10,scenario3_repeated_spike,SAC,50,0.0,1,0.09,0.11199999999999999,0.5,0.5,-0.10099999999999999,0.049615707248449326,0.008095706813037395,0.021810151636600494,,,1.0,normal
2086,10,scenario3_repeated_spike,SAC,50,0.0,1,0.09,0.11199999999999999,0.5,0.5,-0.10099999999999999,0.10339684039354324,0.0027753841131925583,0.01966439187526703,,,1.0,normal
2087,10,scenario3_repeated_spike,SAC,50,1.0,0,0.060625,0.197,0.5,0.5,-0.1288125,0.22669865190982819,0.001680750516243279,0.015444678254425526,,,1.0,normal
2088,10,scenario3_repeated_spike,SAC,50,0.0,1,0.09,0.11199999999999999,0.5,0.5,-0.10099999999999999,0.03084510564804077,0.002382909646257758,0.015828145667910576,,,1.0,normal
2089,10,scenario3_repeated_spike,SAC,50,1.0,0,0.060625,0.197,0.5,0.5,-0.1288125,0.028999196365475655,0.003930491395294666,0.017163988202810287,,,1.0,normal
2090,10,scenario3_repeated_spike,SAC,50,0.0,1,0.09,0.11199999999999999,0.5,0.5,-0.10099999999999999,-0.017527583986520767,0.003815599251538515,0.02137726917862892,,,1.0,normal
2091,10,scenario3_repeated_spike,SAC,50,1.0,0,0.060625,0.197,0.5,0.5,-0.1288125,0.06453539431095123,0.0022256653755903244,0.015304544940590858,,,1.0,normal
2092,10,scenario3_repeated_spike,SAC,50,0.0,1,0.09,0.11199999999999999,0.5,0.5,-0.10099999999999999,0.265890896320343,0.0014111804775893688,0.013231437653303146,,,1.0,normal
2093,10,scenario3_repeated_spike,SAC,50,0.0,1,0.09,0.11199999999999999,0.5,0.5,-0.10099999999999999,0.05190148949623108,0.0026668068021535873,0.01653341017663479,,,1.0,normal
2094,10,scenario3_repeated_spike,SAC,50,1.0,0,0.060625,0.197,0.5,0.5,-0.1288125,0.159521222114563,0.0053758504800498486,0.024070773273706436,,,1.0,normal
2095,10,scenario3_repeated_spike,SAC,50,1.9000000000000004,0,0.0611875,0.19790000000000002,0.5,0.5,-0.12954375,0.13472044467926025,0.003741917898878455,0.018625326454639435,,,1.0,normal
2096,10,scenario3_repeated_spike,SAC,50,0.0,1,0.09,0.11199999999999999,0.5,0.5,-0.10099999999999999,0.13946467638015747,0.002223048824816942,0.01681806892156601,,,1.0,normal
2097,10,scenario3_repeated_spike,SAC,50,0.0,1,0.09,0.11199999999999999,0.5,0.5,-0.10099999999999999,0.2148618996143341,0.0027766618877649307,0.021311189979314804,,,1.0,normal
2098,10,scenario3_repeated_spike,SAC,50,1.0,0,0.060625,0.197,0.5,0.5,-0.1288125,0.2111639529466629,0.0046985214576125145,0.023915713652968407,,,1.0,normal
2099,10,scenario3_repeated_spike,SAC,50,0.0,1,0.09,0.11199999999999999,0.5,0.5,-0.10099999999999999,0.2098223865032196,0.0030999043956398964,0.018830202519893646,,,1.0,normal
2100,10,scenario3_repeated_spike,SAC,50,0.0,1,0.09,0.11199999999999999,0.5,0.5,-0.10099999999999999,-0.016813306137919426,0.008970927447080612,0.02437649294734001,,,1.0,normal
2101,10,scenario3_repeated_spike,SAC,50,1.0,0,0.060625,0.197,0.5,0.5,-0.1288125,0.06946654617786407,0.0057142567820847034,0.023768417537212372,,,1.0,normal
2102,10,scenario3_repeated_spike,SAC,50,0.0,1,0.09,0.11199999999999999,0.5,0.5,-0.10099999999999999,0.2473483681678772,0.006512145511806011,0.03355859965085983,,,1.0,normal
2103,10,scenario3_repeated_spike,SAC,50,1.0,0,0.060625,0.197,0.5,0.5,-0.1288125,0.0870293527841568,0.0027235299348831177,0.01569601148366928,,,1.0,normal
2104,10,scenario3_repeated_spike,SAC,50,0.0,1,0.09,0.11199999999999999,0.5,0.5,-0.10099999999999999,0.11397172510623932,0.003709123469889164,0.02383788675069809,,,1.0,normal
2105,10,scenario3_repeated_spike,SAC,50,0.0,1,0.09,0.11199999999999999,0.5,0.5,-0.10099999999999999,0.18078991770744324,0.009331727400422096,0.030345866456627846,,,1.0,normal
2106,10,scenario3_repeated_spike,SAC,50,0.0,1,0.09,0.11199999999999999,0.5,0.5,-0.10099999999999999,0.1564488708972931,0.004901839420199394,0.021466562524437904,,,1.0,normal
2107,10,scenario3_repeated_spike,SAC,50,1.0,0,0.060625,0.197,0.5,0.5,-0.1288125,0.06097734719514847,0.002692356240004301,0.018369682133197784,,,1.0,normal
2108,10,scenario3_repeated_spike,SAC,50,0.0,1,0.09,0.11199999999999999,0.5,0.5,-0.10099999999999999,-0.002324523404240608,0.010815764777362347,0.032828301191329956,,,1.0,normal
2109,10,scenario3_repeated_spike,SAC,50,0.0,1,0.09,0.11199999999999999,0.5,0.5,-0.10099999999999999,0.12440852075815201,0.005333838053047657,0.02492760866880417,,,1.0,normal
2110,10,scenario3_repeated_spike,SAC,50,1.0,0,0.060625,0.197,0.5,0.5,-0.1288125,0.15477509796619415,0.008696776814758778,0.02698547951877117,,,1.0,normal
2111,10,scenario3_repeated_spike,SAC,50,1.9000000000000004,0,0.0611875,0.19790000000000002,0.5,0.5,-0.12954375,0.04441450536251068,0.0017205651383846998,0.013165702112019062,,,1.0,normal
2112,10,scenario3_repeated_spike,SAC,50,2.710000000000001,0,0.061693750000000006,0.19871000000000003,0.5,0.5,-0.13020187500000002,0.21603314578533173,0.005683491937816143,0.02672065794467926,,,1.0,normal
2113,10,scenario3_repeated_spike,SAC,50,0.0,1,0.09,0.11199999999999999,0.5,0.5,-0.10099999999999999,0.21840478479862213,0.012854770757257938,0.03907294198870659,,,1.0,normal
2114,10,scenario3_repeated_spike,SAC,50,1.0,0,0.060625,0.197,0.5,0.5,-0.1288125,0.164920836687088,0.00736207515001297,0.029543746262788773,,,1.0,normal
2115,10,scenario3_repeated_spike,SAC,50,1.9000000000000004,0,0.0611875,0.19790000000000002,0.5,0.5,-0.12954375,0.23358000814914703,0.004796778783202171,0.02765444852411747,,,1.0,normal
2116,10,scenario3_repeated_spike,SAC,50,0.0,1,0.09,0.11199999999999999,0.5,0.5,-0.10099999999999999,0.06779088079929352,0.0033690612763166428,0.02002560719847679,,,1.0,normal
2117,10,scenario3_repeated_spike,SAC,50,0.0,1,0.09,0.11199999999999999,0.5,0.5,-0.10099999999999999,0.020104657858610153,0.003004831960424781,0.016995331272482872,,,1.0,normal
2118,10,scenario3_repeated_spike,SAC,50,1.0,0,0.060625,0.197,0.5,0.5,-0.1288125,0.18793484568595886,0.005056613124907017,0.026244590058922768,,,1.0,normal
2119,10,scenario3_repeated_spike,SAC,50,0.0,1,0.09,0.11199999999999999,0.5,0.5,-0.10099999999999999,0.04670105129480362,0.0047667562030255795,0.023656873032450676,,,1.0,normal
2120,10,scenario3_repeated_spike,SAC,50,1.0,0,0.060625,0.197,0.5,0.5,-0.1288125,0.15078584849834442,0.004191497340798378,0.025554867461323738,,,1.0,normal
2121,10,scenario3_repeated_spike,SAC,50,1.9000000000000004,0,0.0611875,0.19790000000000002,0.5,0.5,-0.12954375,0.1007632166147232,0.0024121375754475594,0.01803368143737316,,,1.0,normal
2122,10,scenario3_repeated_spike,SAC,50,2.710000000000001,0,0.061693750000000006,0.19871000000000003,0.5,0.5,-0.13020187500000002,0.17903123795986176,0.002774022286757827,0.01829584687948227,,,1.0,normal
2123,10,scenario3_repeated_spike,SAC,50,3.439,0,0.062149375,0.199439,0.5,0.5,-0.1307941875,-0.08221736550331116,0.0022651772014796734,0.014110780321061611,,,1.0,normal
2124,10,scenario3_repeated_spike,SAC,50,0.0,1,0.09,0.11199999999999999,0.5,0.5,-0.10099999999999999,0.017526332288980484,0.0023177918046712875,0.0167574193328619,,,1.0,normal
2125,10,scenario3_repeated_spike,SAC,50,1.0,0,0.060625,0.197,0.5,0.5,-0.1288125,0.28686898946762085,0.0008299995679408312,0.011229097843170166,,,1.0,normal
2126,10,scenario3_repeated_spike,SAC,50,1.9000000000000004,0,0.0611875,0.19790000000000002,0.5,0.5,-0.12954375,0.14680497348308563,0.00375248771160841,0.018481967970728874,,,1.0,normal
2127,10,scenario3_repeated_spike,SAC,50,2.710000000000001,0,0.061693750000000006,0.19871000000000003,0.5,0.5,-0.13020187500000002,0.10228016972541809,0.0028454368002712727,0.015193583443760872,,,1.0,normal
2128,10,scenario3_repeated_spike,SAC,50,0.0,1,0.09,0.11199999999999999,0.5,0.5,-0.10099999999999999,0.08917027711868286,0.003652825951576233,0.020129568874835968,,,1.0,normal
2129,10,scenario3_repeated_spike,SAC,50,1.0,0,0.060625,0.197,0.5,0.5,-0.1288125,0.05136382579803467,0.0018043016316369176,0.012057360261678696,,,1.0,normal
2130,10,scenario3_repeated_spike,SAC,50,0.0,1,0.09,0.11199999999999999,0.5,0.5,-0.10099999999999999,0.28027042746543884,0.0038704252801835537,0.022350698709487915,,,1.0,normal
2131,10,scenario3_repeated_spike,SAC,50,1.0,0,0.060625,0.197,0.5,0.5,-0.1288125,0.016559496521949768,0.00397842051461339,0.01983083412051201,,,1.0,normal
2132,10,scenario3_repeated_spike,SAC,50,1.9000000000000004,0,0.0611875,0.19790000000000002,0.5,0.5,-0.12954375,0.20878395438194275,0.006605740636587143,0.03167085722088814,,,1.0,normal
2133,10,scenario3_repeated_spike,SAC,50,0.0,1,0.09,0.11199999999999999,0.5,0.5,-0.10099999999999999,0.254900187253952,0.0018150246469303966,0.016825519502162933,,,1.0,normal
2134,10,scenario3_repeated_spike,SAC,50,0.0,1,0.09,0.11199999999999999,0.5,0.5,-0.10099999999999999,0.09193018078804016,0.0033976719714701176,0.020904263481497765,,,1.0,normal
2135,10,scenario3_repeated_spike,SAC,50,1.0,0,0.060625,0.197,0.5,0.5,-0.1288125,0.2835876941680908,0.008885812014341354,0.04105772078037262,,,1.0,normal
2136,10,scenario3_repeated_spike,SAC,50,0.0,1,0.09,0.11199999999999999,0.5,0.5,-0.10099999999999999,0.16128244996070862,0.005679972469806671,0.030502256006002426,,,1.0,normal
2137,10,scenario3_repeated_spike,SAC,50,0.0,1,0.09,0.11199999999999999,0.5,0.5,-0.10099999999999999,0.016767453402280807,0.0014785807579755783,0.012175687588751316,,,1.0,normal
2138,10,scenario3_repeated_spike,SAC,50,0.0,1,0.09,0.11199999999999999,0.5,0.5,-0.10099999999999999,0.24485306441783905,0.004864768125116825,0.028680957853794098,,,1.0,normal
2139,10,scenario3_repeated_spike,SAC,50,0.0,1,0.09,0.11199999999999999,0.5,0.5,-0.10099999999999999,0.09472383558750153,0.004768429324030876,0.02253788337111473,,,1.0,normal
2140,10,scenario3_repeated_spike,SAC,50,0.0,1,0.09,0.11199999999999999,0.5,0.5,-0.10099999999999999,0.3050788938999176,0.006696293130517006,0.031796399503946304,,,1.0,normal
2141,10,scenario3_repeated_spike,SAC,50,0.0,1,0.09,0.11199999999999999,0.5,0.5,-0.10099999999999999,0.14437620341777802,0.0017265677452087402,0.012720749713480473,,,1.0,normal
2142,10,scenario3_repeated_spike,SAC,50,0.0,1,0.09,0.11199999999999999,0.5,0.5,-0.10099999999999999,0.14146415889263153,0.0039566741324961185,0.025793490931391716,,,1.0,normal
2143,10,scenario3_repeated_spike,SAC,50,0.0,1,0.09,0.11199999999999999,0.5,0.5,-0.10099999999999999,0.10069971531629562,0.006304939743131399,0.026526374742388725,,,1.0,normal
2144,10,scenario3_repeated_spike,SAC,50,1.0,0,0.060625,0.197,0.5,0.5,-0.1288125,0.1469258815050125,0.0020389026030898094,0.012261679396033287,,,1.0,normal
2145,10,scenario3_repeated_spike,SAC,50,1.9000000000000004,0,0.0611875,0.19790000000000002,0.5,0.5,-0.12954375,0.19398726522922516,0.002217221539467573,0.01974988356232643,,,1.0,normal
2146,10,scenario3_repeated_spike,SAC,50,0.0,1,0.09,0.11199999999999999,0.5,0.5,-0.10099999999999999,0.16805213689804077,0.0014235929120332003,0.013701379299163818,,,1.0,normal
2147,10,scenario3_repeated_spike,SAC,50,0.0,1,0.09,0.11199999999999999,0.5,0.5,-0.10099999999999999,0.11336465179920197,0.0035736318677663803,0.01757592335343361,,,1.0,normal
2148,10,scenario3_repeated_spike,SAC,50,0.0,1,0.09,0.11199999999999999,0.5,0.5,-0.10099999999999999,0.20918703079223633,0.00649225851520896,0.02735293284058571,,,1.0,normal
2149,10,scenario3_repeated_spike,SAC,50,0.0,1,0.09,0.11199999999999999,0.5,0.5,-0.10099999999999999,0.08736526221036911,0.005317628849297762,0.02493760548532009,,,1.0,normal
2150,10,scenario3_repeated_spike,SAC,50,0.0,1,0.09,0.11199999999999999,0.5,0.5,-0.10099999999999999,0.3142133355140686,0.001591075910255313,0.015193145722150803,,,1.0,normal
2151,10,scenario3_repeated_spike,SAC,50,0.0,1,0.09,0.11199999999999999,0.5,0.5,-0.10099999999999999,0.17080910503864288,0.0035612413194030523,0.020002087578177452,,,1.0,normal
2152,10,scenario3_repeated_spike,SAC,50,0.0,1,0.09,0.11199999999999999,0.5,0.5,-0.10099999999999999,0.1172882467508316,0.00428732018917799,0.022598184645175934,,,1.0,normal
2153,10,scenario3_repeated_spike,SAC,50,1.0,0,0.060625,0.197,0.5,0.5,-0.1288125,0.17075949907302856,0.0026030377484858036,0.018055547028779984,,,1.0,normal
2154,10,scenario3_repeated_spike,SAC,50,0.0,1,0.09,0.11199999999999999,0.5,0.5,-0.10099999999999999,0.08597198128700256,0.0013513194862753153,0.012163038365542889,,,1.0,normal
2155,10,scenario3_repeated_spike,SAC,50,0.0,1,0.09,0.11199999999999999,0.5,0.5,-0.10099999999999999,0.2250598967075348,0.0036998565774410963,0.022977011278271675,,,1.0,normal
2156,10,scenario3_repeated_spike,SAC,50,0.0,1,0.09,0.11199999999999999,0.5,0.5,-0.10099999999999999,0.30565008521080017,0.0028753287624567747,0.01954241469502449,,,1.0,normal
2157,10,scenario3_repeated_spike,SAC,50,0.0,1,0.09,0.11199999999999999,0.5,0.5,-0.10099999999999999,0.04099112004041672,0.0017625936307013035,0.014772335067391396,,,1.0,normal
2158,10,scenario3_repeated_spike,SAC,50,0.0,1,0.09,0.11199999999999999,0.5,0.5,-0.10099999999999999,0.2203492522239685,0.0063406433910131454,0.030940672382712364,,,1.0,normal
2159,10,scenario3_repeated_spike,SAC,50,1.0,0,0.060625,0.197,0.5,0.5,-0.1288125,0.12447260320186615,0.003003707155585289,0.015168719924986362,,,1.0,normal
2160,10,scenario3_repeated_spike,SAC,50,0.0,1,0.09,0.11199999999999999,0.5,0.5,-0.10099999999999999,0.27259403467178345,0.0054783085361123085,0.031525008380413055,,,1.0,normal
2161,10,scenario3_repeated_spike,SAC,50,1.0,0,0.060625,0.197,0.5,0.5,-0.1288125,0.14859983325004578,0.004968747496604919,0.025011608377099037,,,1.0,normal
2162,10,scenario3_repeated_spike,SAC,50,0.0,1,0.09,0.11199999999999999,0.5,0.5,-0.10099999999999999,0.07749629765748978,0.008800875395536423,0.02213015779852867,,,1.0,normal
2163,10,scenario3_repeated_spike,SAC,50,0.0,1,0.09,0.11199999999999999,0.5,0.5,-0.10099999999999999,-0.023602765053510666,0.002002680441364646,0.014115259982645512,,,1.0,normal
2164,10,scenario3_repeated_spike,SAC,50,1.0,0,0.060625,0.197,0.5,0.5,-0.1288125,0.09079015254974365,0.003677966771647334,0.019299626350402832,,,1.0,normal
2165,10,scenario3_repeated_spike,SAC,50,1.9000000000000004,0,0.0611875,0.19790000000000002,0.5,0.5,-0.12954375,0.09067443758249283,0.004706333391368389,0.02270946465432644,,,1.0,normal
2166,10,scenario3_repeated_spike,SAC,50,2.710000000000001,0,0.061693750000000006,0.19871000000000003,0.5,0.5,-0.13020187500000002,0.18050944805145264,0.0025749769993126392,0.018704282119870186,,,1.0,normal
2167,10,scenario3_repeated_spike,SAC,50,3.439,0,0.062149375,0.199439,0.5,0.5,-0.1307941875,0.14316913485527039,0.006406223401427269,0.01999608241021633,,,1.0,normal
2168,10,scenario3_repeated_spike,SAC,50,0.0,1,0.09,0.11199999999999999,0.5,0.5,-0.10099999999999999,0.15464770793914795,0.003462371649220586,0.01704913005232811,,,1.0,normal
2169,10,scenario3_repeated_spike,SAC,50,1.0,0,0.060625,0.197,0.5,0.5,-0.1288125,-0.060575224459171295,0.0010469789849594235,0.010628167539834976,,,1.0,normal
2170,10,scenario3_repeated_spike,SAC,50,1.9000000000000004,0,0.0611875,0.19790000000000002,0.5,0.5,-0.12954375,0.18299801647663116,0.0026988841127604246,0.015427587553858757,,,1.0,normal
2171,10,scenario3_repeated_spike,SAC,50,2.710000000000001,0,0.061693750000000006,0.19871000000000003,0.5,0.5,-0.13020187500000002,0.23771077394485474,0.004713474772870541,0.02740890346467495,,,1.0,normal
2172,10,scenario3_repeated_spike,SAC,50,0.0,1,0.09,0.11199999999999999,0.5,0.5,-0.10099999999999999,0.1368039846420288,0.005079153925180435,0.026553332805633545,,,1.0,normal
2173,10,scenario3_repeated_spike,SAC,50,1.0,0,0.060625,0.197,0.5,0.5,-0.1288125,0.12839922308921814,0.002845611423254013,0.017727404832839966,,,1.0,normal
2174,10,scenario3_repeated_spike,SAC,50,1.9000000000000004,0,0.0611875,0.19790000000000002,0.5,0.5,-0.12954375,0.1891854852437973,0.004647777881473303,0.02371678315103054,,,1.0,normal
2175,10,scenario3_repeated_spike,SAC,50,0.0,1,0.09,0.11199999999999999,0.5,0.5,-0.10099999999999999,0.11285725980997086,0.006462454330176115,0.028441816568374634,,,1.0,normal
2176,10,scenario3_repeated_spike,SAC,50,1.0,0,0.060625,0.197,0.5,0.5,-0.1288125,0.1711946427822113,0.007776802405714989,0.03162579610943794,,,1.0,normal
2177,10,scenario3_repeated_spike,SAC,50,0.0,1,0.09,0.11199999999999999,0.5,0.5,-0.10099999999999999,0.007787847891449928,0.0041538202203810215,0.01924004964530468,,,1.0,normal
2178,10,scenario3_repeated_spike,SAC,50,0.0,1,0.09,0.11199999999999999,0.5,0.5,-0.10099999999999999,0.09124455600976944,0.006371622905135155,0.02522040717303753,,,1.0,normal
2179,10,scenario3_repeated_spike,SAC,50,0.0,1,0.09,0.11199999999999999,0.5,0.5,-0.10099999999999999,0.028068505227565765,0.002312659751623869,0.016072113066911697,,,1.0,normal
2180,10,scenario3_repeated_spike,SAC,50,1.0,0,0.060625,0.197,0.5,0.5,-0.1288125,0.11599187552928925,0.003120848909020424,0.017531072720885277,,,1.0,normal
2181,10,scenario3_repeated_spike,SAC,50,0.0,1,0.09,0.11199999999999999,0.5,0.5,-0.10099999999999999,0.036262642592191696,0.0013886357191950083,0.011688720434904099,,,1.0,normal
2182,10,scenario3_repeated_spike,SAC,50,1.0,0,0.060625,0.197,0.5,0.5,-0.1288125,0.058845844119787216,0.002820907859131694,0.016464637592434883,,,1.0,normal
2183,10,scenario3_repeated_spike,SAC,50,0.0,1,0.09,0.11199999999999999,0.5,0.5,-0.10099999999999999,0.12018028646707535,0.0012774125207215548,0.010795222595334053,,,1.0,normal
2184,10,scenario3_repeated_spike,SAC,50,0.0,1,0.09,0.11199999999999999,0.5,0.5,-0.10099999999999999,0.07863089442253113,0.0019138578791171312,0.014164110645651817,,,1.0,normal
2185,10,scenario3_repeated_spike,SAC,50,0.0,1,0.09,0.11199999999999999,0.5,0.5,-0.10099999999999999,0.2002342939376831,0.011048631742596626,0.023953933268785477,,,1.0,normal
2186,10,scenario3_repeated_spike,SAC,50,0.0,1,0.09,0.11199999999999999,0.5,0.5,-0.10099999999999999,0.13282296061515808,0.004539061337709427,0.021937083452939987,,,1.0,normal
2187,10,scenario3_repeated_spike,SAC,50,0.0,1,0.09,0.11199999999999999,0.5,0.5,-0.10099999999999999,0.07263638079166412,0.00957535021007061,0.0302769523113966,,,1.0,normal
2188,10,scenario3_repeated_spike,SAC,50,1.0,0,0.060625,0.197,0.5,0.5,-0.1288125,-0.015420787036418915,0.0012065942864865065,0.010285777971148491,,,1.0,normal
2189,10,scenario3_repeated_spike,SAC,50,1.9000000000000004,0,0.0611875,0.19790000000000002,0.5,0.5,-0.12954375,-0.01734708994626999,0.0007362470496445894,0.009822530671954155,,,1.0,normal
2190,10,scenario3_repeated_spike,SAC,50,2.710000000000001,0,0.061693750000000006,0.19871000000000003,0.5,0.5,-0.13020187500000002,0.04659367725253105,0.005200982093811035,0.021573342382907867,,,1.0,normal
2191,10,scenario3_repeated_spike,SAC,50,0.0,1,0.09,0.11199999999999999,0.5,0.5,-0.10099999999999999,0.09434984624385834,0.005069899372756481,0.023733897134661674,,,1.0,normal
2192,10,scenario3_repeated_spike,SAC,50,1.0,0,0.060625,0.197,0.5,0.5,-0.1288125,0.08975282311439514,0.015733297914266586,0.0302659273147583,,,1.0,normal
2193,10,scenario3_repeated_spike,SAC,50,0.0,1,0.09,0.11199999999999999,0.5,0.5,-0.10099999999999999,0.1789715439081192,0.003041182179003954,0.016878489404916763,,,1.0,normal
2194,10,scenario3_repeated_spike,SAC,50,0.0,1,0.09,0.11199999999999999,0.5,0.5,-0.10099999999999999,-0.05325798690319061,0.0028341044671833515,0.010890145786106586,,,1.0,normal
2195,10,scenario3_repeated_spike,SAC,50,1.0,0,0.060625,0.197,0.5,0.5,-0.1288125,0.04154854267835617,0.0025140263605862856,0.014862005598843098,,,1.0,normal
2196,10,scenario3_repeated_spike,SAC,50,1.9000000000000004,0,0.0611875,0.19790000000000002,0.5,0.5,-0.12954375,0.05239027738571167,0.007286324165761471,0.016975462436676025,,,1.0,normal
2197,10,scenario3_repeated_spike,SAC,50,2.710000000000001,0,0.061693750000000006,0.19871000000000003,0.5,0.5,-0.13020187500000002,0.08473047614097595,0.0019468239042907953,0.015293357893824577,,,1.0,normal
2198,10,scenario3_repeated_spike,SAC,50,3.439,0,0.062149375,0.199439,0.5,0.5,-0.1307941875,0.2360439896583557,0.012897847220301628,0.03712417557835579,,,1.0,normal
2199,10,scenario3_repeated_spike,SAC,50,4.0951,0,0.06255943750000001,0.20009510000000003,0.5,0.5,-0.13132726875,0.19077108800411224,0.005715089850127697,0.02644941955804825,,,1.0,normal
2200,10,scenario3_repeated_spike,SAC,150,22.68559,0,0.09417849375000001,0.45068559,0.5,0.5,-0.27243204187500003,0.25037282705307007,0.006799853872507811,0.026696695014834404,,,1.0,spike
2201,10,scenario3_repeated_spike,SAC,150,33.417031,1,0.12215164763636363,0.2177213181090909,0.5,0.5,-0.16993648287272728,0.1742309182882309,0.002050775568932295,0.01810632087290287,,,1.0,spike
2202,10,scenario3_repeated_spike,SAC,150,43.075327900000005,1,0.1256637556,0.22053100448000001,0.5,0.5,-0.17309738004000003,0.18959906697273254,0.005024884361773729,0.019923731684684753,,,1.0,spike
2203,10,scenario3_repeated_spike,SAC,150,51.76779511000001,1,0.12882465276727273,0.2230597222138182,0.5,0.5,-0.17594218749054547,0.275206983089447,0.007897414267063141,0.03115500509738922,,,1.0,spike
2204,10,scenario3_repeated_spike,SAC,150,59.591015599,1,0.1316694602178182,0.22533556817425457,0.5,0.5,-0.17850251419603638,0.31689968705177307,0.001784822321496904,0.014897934161126614,,,1.0,spike
2205,10,scenario3_repeated_spike,SAC,150,72.6319140391,0,0.1253949462744375,0.5006319140391,0.5,0.5,-0.31301343015676875,0.16619350016117096,0.0025197318755090237,0.020212801173329353,,,1.0,spike
2206,10,scenario3_repeated_spike,SAC,150,84.36872263519,0,0.13273045164699376,0.5123687226351901,0.5,0.5,-0.32254958714109194,0.18524768948554993,0.00410971324890852,0.02304823324084282,,,1.0,spike
2207,10,scenario3_repeated_spike,SAC,150,88.931850371671,1,0.14233885468060764,0.23387108374448612,0.5,0.5,-0.18810496921254688,0.0690748393535614,0.004678067751228809,0.023441225290298462,,,1.0,spike
2208,10,scenario3_repeated_spike,SAC,150,93.0386653345039,1,0.1438322419398196,0.2350657935518557,0.5,0.5,-0.18944901774583767,0.017875373363494873,0.0025145169347524643,0.01853913627564907,,,1.0,spike
2209,10,scenario3_repeated_spike,SAC,150,96.73479880105351,1,0.14517629047311037,0.23614103237848832,0.5,0.5,-0.19065866142579935,0.07567372918128967,0.00878025870770216,0.01894720271229744,,,1.0,spike
2210,10,scenario3_repeated_spike,SAC,150,100.06131892094817,1,0.14638593415307205,0.23710874732245765,0.5,0.5,-0.19174734073776484,0.2023562788963318,0.010763758793473244,0.035841137170791626,,,1.0,spike
2211,10,scenario3_repeated_spike,SAC,150,103.05518702885335,1,0.1474746134650376,0.23797969077203007,0.5,0.5,-0.19272715211853383,0.14834585785865784,0.00810252409428358,0.03374414145946503,,,1.0,spike
2212,10,scenario3_repeated_spike,SAC,150,105.74966832596802,1,0.14845442484580657,0.23876353987664528,0.5,0.5,-0.19360898236122592,0.11058814823627472,0.003584355814382434,0.02205946482717991,,,1.0,spike
2213,10,scenario3_repeated_spike,SAC,150,114.17470149337122,0,0.15135918843335702,0.5421747014933712,0.5,0.5,-0.34676694496336413,0.19911915063858032,0.004827586933970451,0.024941932410001755,,,1.0,spike
2214,10,scenario3_repeated_spike,SAC,150,115.7572313440341,1,0.15209353867055786,0.24167483093644632,0.5,0.5,-0.1968841848035021,0.05799991637468338,0.004671395756304264,0.02445509284734726,,,1.0,spike
2215,10,scenario3_repeated_spike,SAC,150,117.18150820963069,1,0.1526114575307748,0.24208916602461983,0.5,0.5,-0.1973503117776973,0.12595917284488678,0.004774739500135183,0.024569107219576836,,,1.0,spike
2216,10,scenario3_repeated_spike,SAC,150,118.46335738866765,1,0.15307758450497005,0.24246206760397604,0.5,0.5,-0.19776982605447305,0.09472329169511795,0.0029224413447082043,0.01873256079852581,,,1.0,spike
2217,10,scenario3_repeated_spike,SAC,150,125.6170216498009,0,0.15851063853112557,0.5536170216498009,0.5,0.5,-0.3560638300904632,0.11469350755214691,0.00227659591473639,0.017221014946699142,,,1.0,spike
2218,10,scenario3_repeated_spike,SAC,150,126.05531948482081,1,0.1558382979944803,0.24467063839558423,0.5,0.5,-0.20025446819503226,0.06815318018198013,0.004353964701294899,0.022986089810729027,,,1.0,spike
2219,10,scenario3_repeated_spike,SAC,150,126.44978753633873,1,0.155981740922305,0.244785392737844,0.5,0.5,-0.2003835668300745,0.10947974771261215,0.00934445671737194,0.02743486687541008,,,1.0,spike
2220,10,scenario3_repeated_spike,SAC,150,126.80480878270487,1,0.15611083955734723,0.2448886716458778,0.5,0.5,-0.2004997556016125,0.06489120423793793,0.0013536137994378805,0.013953165151178837,,,1.0,spike
2221,10,scenario3_repeated_spike,SAC,150,127.12432790443438,1,0.15622702832888524,0.2449816226631082,0.5,0.5,-0.20060432549599672,0.20554909110069275,0.002286568284034729,0.019576601684093475,,,1.0,spike
2222,10,scenario3_repeated_spike,SAC,150,127.41189511399097,1,0.15633159822326945,0.2450652785786156,0.5,0.5,-0.20069843840094254,0.24188897013664246,0.0025285626761615276,0.020203130319714546,,,1.0,spike
2223,10,scenario3_repeated_spike,SAC,150,127.67070560259185,1,0.1564257111282152,0.2451405689025722,0.5,0.5,-0.2007831400153937,0.1486559510231018,0.0021329764276742935,0.014787571504712105,,,1.0,spike
2224,10,scenario3_repeated_spike,SAC,150,127.90363504233267,1,0.15651041274266642,0.24520833019413313,0.5,0.5,-0.20085937146839977,0.14407765865325928,0.0013307444751262665,0.013810466043651104,,,1.0,spike
2225,10,scenario3_repeated_spike,SAC,150,128.1132715380994,1,0.15658664419567253,0.24526931535653806,0.5,0.5,-0.2009279797761053,0.11537839472293854,0.0037130936980247498,0.01774497702717781,,,1.0,spike
2226,10,scenario3_repeated_spike,SAC,150,134.30194438428947,0,0.16393871524018094,0.5623019443842895,0.5,0.5,-0.3631203298122352,0.20234805345535278,0.0010204905411228538,0.01228295173496008,,,1.0,spike
2227,10,scenario3_repeated_spike,SAC,150,133.87174994586053,1,0.1586806363439493,0.24694450907515947,0.5,0.5,-0.20281257270955438,0.1361403465270996,0.00513782724738121,0.021482165902853012,,,1.0,spike
2228,10,scenario3_repeated_spike,SAC,150,133.48457495127448,1,0.1585398454368271,0.2468318763494617,0.5,0.5,-0.2026858608931444,0.2509104907512665,0.005509025417268276,0.027037419378757477,,,1.0,spike
2229,10,scenario3_repeated_spike,SAC,150,139.13611745614702,0,0.1669600734100919,0.567136117456147,0.5,0.5,-0.36704809543311945,0.2048114538192749,0.0028683883138000965,0.018198993057012558,,,1.0,spike
2230,10,scenario3_repeated_spike,SAC,150,144.22250571053232,0,0.17013906606908272,0.5722225057105323,0.5,0.5,-0.3711807858898075,0.2679217457771301,0.002558600390329957,0.018916575238108635,,,1.0,spike
2231,10,scenario3_repeated_spike,SAC,150,142.80025513947908,1,0.16192736550526513,0.2495418924042121,0.5,0.5,-0.2057346289547386,0.11311623454093933,0.003466238733381033,0.017643176019191742,,,1.0,spike
2232,10,scenario3_repeated_spike,SAC,150,141.5202296255312,1,0.16146190168201133,0.2491695213456091,0.5,0.5,-0.20531571151381023,0.33059877157211304,0.003497692057862878,0.023005953058600426,,,1.0,spike
2233,10,scenario3_repeated_spike,SAC,150,140.36820666297808,1,0.16104298424108293,0.24883438739286634,0.5,0.5,-0.20493868581697464,0.13743038475513458,0.0018197573954239488,0.016401465982198715,,,1.0,spike
2234,10,scenario3_repeated_spike,SAC,150,145.3313859966803,0,0.1708321162479252,0.5733313859966803,0.5,0.5,-0.37208175112230274,0.07511059194803238,0.0016608575824648142,0.012408345937728882,,,1.0,spike
2235,10,scenario3_repeated_spike,SAC,150,143.79824739701226,1,0.16229027178073174,0.2498322174245854,0.5,0.5,-0.20606124460265857,0.1432144045829773,0.00215891539119184,0.015071194618940353,,,1.0,spike
2236,10,scenario3_repeated_spike,SAC,150,142.41842265731103,1,0.16178851732993127,0.24943081386394506,0.5,0.5,-0.20560966559693816,0.07220496982336044,0.0018675975734367967,0.015190470963716507,,,1.0,spike
2237,10,scenario3_repeated_spike,SAC,150,141.17658039157993,1,0.1613369383242109,0.24906955065936875,0.5,0.5,-0.20520324449178984,0.2200470268726349,0.007568329572677612,0.014801954850554466,,,1.0,spike
2238,10,scenario3_repeated_spike,SAC,150,140.05892235242194,1,0.16093051721906254,0.24874441377525003,0.5,0.5,-0.20483746549715628,0.07434413582086563,0.013385225087404251,0.02347281016409397,,,1.0,spike
2239,10,scenario3_repeated_spike,SAC,150,139.05303011717976,1,0.16056473822442902,0.24845179057954325,0.5,0.5,-0.20450826440198613,0.02615174651145935,0.0007402877672575414,0.00876356940716505,,,1.0,spike
2240,10,scenario3_repeated_spike,SAC,150,138.1477271054618,1,0.1602355371292588,0.24818842970340704,0.5,0.5,-0.20421198341633293,0.1732611060142517,0.016184356063604355,0.0304856114089489,,,1.0,spike
2241,10,scenario3_repeated_spike,SAC,150,137.33295439491562,1,0.15993925614360568,0.24795140491488454,0.5,0.5,-0.20394533052924513,0.031743742525577545,0.0028936914168298244,0.016213377937674522,,,1.0,spike
2242,10,scenario3_repeated_spike,SAC,150,136.59965895542405,1,0.15967260325651783,0.2477380826052143,0.5,0.5,-0.20370534293086606,0.07430065423250198,0.0015332546317949891,0.014598958194255829,,,1.0,spike
2243,10,scenario3_repeated_spike,SAC,150,135.93969305988165,1,0.15943261565813877,0.24754609252651105,0.5,0.5,-0.2034893540923249,0.062168002128601074,0.0016326928744092584,0.016475478187203407,,,1.0,spike
2244,10,scenario3_repeated_spike,SAC,150,141.34572375389348,0,0.16834107734618342,0.5693457237538935,0.5,0.5,-0.36884340055003845,0.1219242662191391,0.0003784618165809661,0.008728326298296452,,,1.0,spike
2245,10,scenario3_repeated_spike,SAC,150,140.21115137850416,1,0.160985873228547,0.2487886985828376,0.5,0.5,-0.20488728590569227,0.0034323111176490784,0.0037411674857139587,0.01971355266869068,,,1.0,spike
2246,10,scenario3_repeated_spike,SAC,150,145.19003624065374,0,0.1707437726504086,0.5731900362406538,0.5,0.5,-0.3719669044455312,0.2584882378578186,0.007609317544847727,0.0317351371049881,,,1.0,spike
2247,10,scenario3_repeated_spike,SAC,150,143.67103261658838,1,0.16224401186057757,0.24979520948846207,0.5,0.5,-0.20601961067451982,0.11404989659786224,0.0025882916525006294,0.017853831872344017,,,1.0,spike
2248,10,scenario3_repeated_spike,SAC,150,142.30392935492955,1,0.16174688340179255,0.24939750672143407,0.5,0.5,-0.2055721950616133,0.08981812000274658,0.0018718265928328037,0.016613245010375977,,,1.0,spike
2249,10,scenario3_repeated_spike,SAC,150,147.0735364194366,0,0.1719209602621479,0.5750735364194366,0.5,0.5,-0.37349724834079223,0.002953014336526394,0.001680770074017346,0.014919808134436607,,,1.0,spike
2250,10,scenario3_repeated_spike,SAC,150,151.36618277749295,0,0.1746038642359331,0.579366182777493,0.5,0.5,-0.37698502350671304,0.07154908031225204,0.002545624040067196,0.01532054040580988,,,1.0,spike
2251,10,scenario3_repeated_spike,SAC,150,149.22956449974367,1,0.164265296181725,0.25141223694538,0.5,0.5,-0.2078387665635525,0.13193534314632416,0.001362705952487886,0.012314293533563614,,,1.0,spike
2252,10,scenario3_repeated_spike,SAC,150,153.30660804976932,0,0.17581663003110584,0.5813066080497693,0.5,0.5,-0.37856161904043756,0.14846327900886536,0.00092587701510638,0.01159857027232647,,,1.0,spike
2253,10,scenario3_repeated_spike,SAC,150,156.9759472447924,0,0.17810996702799525,0.5849759472447924,0.5,0.5,-0.38154295713639386,0.013779104687273502,0.0012466656044125557,0.010302179493010044,,,1.0,spike
2254,10,scenario3_repeated_spike,SAC,150,154.27835252031315,1,0.1661012190982957,0.25288097527863657,0.5,0.5,-0.20949109718846615,0.06659840792417526,0.00798900704830885,0.020642820745706558,,,1.0,spike
2255,10,scenario3_repeated_spike,SAC,150,151.85051726828183,1,0.16521836991573885,0.2521746959325911,0.5,0.5,-0.20869653292416498,0.11209326237440109,0.0020118877291679382,0.014989438466727734,,,1.0,spike
2256,10,scenario3_repeated_spike,SAC,150,149.66546554145364,1,0.1644238056514377,0.25153904452115017,0.5,0.5,-0.20798142508629391,0.06749165058135986,0.0008842578390613198,0.009929492138326168,,,1.0,spike
2257,10,scenario3_repeated_spike,SAC,150,147.69891898730828,1,0.16370869781356664,0.25096695825085336,0.5,0.5,-0.20733782803221001,0.15000438690185547,0.0015989899402484298,0.014473406597971916,,,1.0,spike
2258,10,scenario3_repeated_spike,SAC,150,145.92902708857744,1,0.16306510075948272,0.25045208060758617,0.5,0.5,-0.20675859068353444,0.13287116587162018,0.009666071273386478,0.024291973561048508,,,1.0,spike
2259,10,scenario3_repeated_spike,SAC,150,144.3361243797197,1,0.16248586341080717,0.24998869072864577,0.5,0.5,-0.20623727706972647,0.14270374178886414,0.004227166064083576,0.01992698758840561,,,1.0,spike
2260,10,scenario3_repeated_spike,SAC,150,142.90251194174775,1,0.1619645497969992,0.2495716398375994,0.5,0.5,-0.2057680948172993,0.21837177872657776,0.005350899882614613,0.027448199689388275,,,1.0,spike
2261,10,scenario3_repeated_spike,SAC,150,141.61226074757298,1,0.161495367544572,0.24919629403565763,0.5,0.5,-0.20534583079011481,0.12718136608600616,0.0023723593913018703,0.01788860745728016,,,1.0,spike
2262,10,scenario3_repeated_spike,SAC,150,140.4510346728157,1,0.16107310351738754,0.24885848281391004,0.5,0.5,-0.20496579316564878,0.13356846570968628,0.0010173742193728685,0.013415026478469372,,,1.0,spike
2263,10,scenario3_repeated_spike,SAC,150,145.40593120553413,0,0.17087870700345886,0.5734059312055342,0.5,0.5,-0.3721423191044965,0.16525010764598846,0.009227670729160309,0.027773244306445122,,,1.0,spike
2264,10,scenario3_repeated_spike,SAC,150,143.86533808498072,1,0.16231466839453845,0.24985173471563077,0.5,0.5,-0.2060832015550846,0.053506527096033096,0.00328571954742074,0.020174233242869377,,,1.0,spike
2265,10,scenario3_repeated_spike,SAC,150,148.47880427648266,0,0.1727992526728017,0.5764788042764827,0.5,0.5,-0.3746390284746422,-0.027098452672362328,0.002215422224253416,0.015955699607729912,,,1.0,spike
2266,10,scenario3_repeated_spike,SAC,150,146.6309238488344,1,0.1633203359450307,0.2506562687560246,0.5,0.5,-0.20698830235052765,0.14241239428520203,0.0014249044470489025,0.013581921346485615,,,1.0,spike
2267,10,scenario3_repeated_spike,SAC,150,144.96783146395097,1,0.16271557507780035,0.2501724600622403,0.5,0.5,-0.20644401757002034,0.04677752032876015,0.0053117843344807625,0.02014622837305069,,,1.0,spike
2268,10,scenario3_repeated_spike,SAC,150,149.47104831755587,0,0.17341940519847243,0.5774710483175559,0.5,0.5,-0.37544522675801417,0.12342731654644012,0.008311714977025986,0.02761514112353325,,,1.0,spike
2269,10,scenario3_repeated_spike,SAC,150,153.5239434858003,0,0.1759524646786252,0.5815239434858003,0.5,0.5,-0.3787382040822127,0.035145942121744156,0.0021016444079577923,0.015948034822940826,,,1.0,spike
2270,10,scenario3_repeated_spike,SAC,150,151.17154913722027,1,0.16497147241353463,0.25197717793082774,0.5,0.5,-0.20847432517218117,0.11967707425355911,0.0010538676287978888,0.012932119891047478,,,1.0,spike
2271,10,scenario3_repeated_spike,SAC,150,149.05439422349824,1,0.1642015978994539,0.2513612783195631,0.5,0.5,-0.2077814381095085,0.3023109436035156,0.005995540879666805,0.030116289854049683,,,1.0,spike
2272,10,scenario3_repeated_spike,SAC,150,147.14895480114842,1,0.16350871083678126,0.25080696866942503,0.5,0.5,-0.20715783975310315,0.36619001626968384,0.00700769480317831,0.03014783374965191,,,1.0,spike
2273,10,scenario3_repeated_spike,SAC,150,151.43405932103357,0,0.174646287075646,0.5794340593210336,0.5,0.5,-0.3770401731983398,0.12951117753982544,0.0021207965910434723,0.015010540373623371,,,1.0,spike
2274,10,scenario3_repeated_spike,SAC,150,155.29065338893022,0,0.1770566583680814,0.5832906533889303,0.5,0.5,-0.3801736558785058,0.22494548559188843,0.0016066975658759475,0.012705924920737743,,,1.0,spike
2275,10,scenario3_repeated_spike,SAC,150,158.7615880500372,0,0.17922599253127325,0.5867615880500372,0.5,0.5,-0.3829937902906552,-0.027625512331724167,0.002253046026453376,0.012131813913583755,,,1.0,spike
2276,10,scenario3_repeated_spike,SAC,150,155.8854292450335,1,0.1666856106345576,0.25334848850764613,0.5,0.5,-0.21001704957110187,0.1652267873287201,0.012139049358665943,0.034975357353687286,,,1.0,spike
2277,10,scenario3_repeated_spike,SAC,150,159.29688632053015,0,0.17956055395033135,0.5872968863205301,0.5,0.5,-0.3834287201354307,0.19269835948944092,0.006379086058586836,0.030031319707632065,,,1.0,spike
2278,10,scenario3_repeated_spike,SAC,150,156.36719768847715,1,0.16686079915944624,0.253488639327557,0.5,0.5,-0.21017471924350162,0.04697554185986519,0.00268221995793283,0.017263635993003845,,,1.0,spike
2279,10,scenario3_repeated_spike,SAC,150,153.73047791962944,1,0.16590199197077432,0.2527215935766195,0.5,0.5,-0.2093117927736969,0.029624663293361664,0.004083807114511728,0.016645008698105812,,,1.0,spike
2280,10,scenario3_repeated_spike,SAC,150,151.3574301276665,1,0.16503906550096964,0.25203125240077573,0.5,0.5,-0.20853515895087268,0.2275775671005249,0.0018407981842756271,0.015758873894810677,,,1.0,spike
2281,10,scenario3_repeated_spike,SAC,150,149.22168711489985,1,0.16426243167814542,0.25140994534251637,0.5,0.5,-0.2078361885103309,0.2733633816242218,0.002214813372120261,0.018921980634331703,,,1.0,spike
2282,10,scenario3_repeated_spike,SAC,150,147.29951840340988,1,0.1635634612376036,0.2508507689900829,0.5,0.5,-0.20720711511384327,0.07027729600667953,0.0027052401565015316,0.01965421251952648,,,1.0,spike
2283,10,scenario3_repeated_spike,SAC,150,145.5695665630689,1,0.16293438784111597,0.2503475102728928,0.5,0.5,-0.2066409490570044,0.24180230498313904,0.0049478039145469666,0.02653130516409874,,,1.0,spike
2284,10,scenario3_repeated_spike,SAC,150,150.012609906762,0,0.17375788119172628,0.5780126099067621,0.5,0.5,-0.3758852455492442,0.1800888329744339,0.0032085287384688854,0.020892275497317314,,,1.0,spike
2285,10,scenario3_repeated_spike,SAC,150,148.0113489160858,1,0.16382230869675848,0.2510578469574068,0.5,0.5,-0.20744007782708263,0.1641758680343628,0.0037573976442217827,0.020868919789791107,,,1.0,spike
2286,10,scenario3_repeated_spike,SAC,150,146.21021402447724,1,0.16316735055435536,0.2505338804434843,0.5,0.5,-0.2068506154989198,0.32404518127441406,0.006880167871713638,0.034293148666620255,,,1.0,spike
2287,10,scenario3_repeated_spike,SAC,150,144.58919262202951,1,0.16257788822619254,0.2500623105809541,0.5,0.5,-0.20632009940357332,0.18967804312705994,0.004148626700043678,0.02413700334727764,,,1.0,spike
2288,10,scenario3_repeated_spike,SAC,150,143.13027335982656,1,0.16204737213084602,0.24963789770467681,0.5,0.5,-0.20584263491776142,0.25393107533454895,0.0020027095451951027,0.016434816643595695,,,1.0,spike
2289,10,scenario3_repeated_spike,SAC,150,141.81724602384392,1,0.16156990764503415,0.24925592611602732,0.5,0.5,-0.20541291688053073,0.17019009590148926,0.01315582636743784,0.03385201096534729,,,1.0,spike
2290,10,scenario3_repeated_spike,SAC,150,140.63552142145954,1,0.1611401896078035,0.2489121516862428,0.5,0.5,-0.20502617064702316,0.13887548446655273,0.0034830672666430473,0.019893156364560127,,,1.0,spike
2291,10,scenario3_repeated_spike,SAC,150,139.57196927931358,1,0.16075344337429584,0.2486027546994367,0.5,0.5,-0.2046780990368663,0.14348170161247253,0.004678229335695505,0.02146652154624462,,,1.0,spike
2292,10,scenario3_repeated_spike,SAC,150,138.61477235138221,1,0.160405371764139,0.24832429741131123,0.5,0.5,-0.2043648345877251,0.17703497409820557,0.005318264476954937,0.02878313697874546,,,1.0,spike
2293,10,scenario3_repeated_spike,SAC,150,137.75329511624398,1,0.16009210731499782,0.2480736858519983,0.5,0.5,-0.20408289658349804,0.172443687915802,0.0035313849803060293,0.023840097710490227,,,1.0,spike
2294,10,scenario3_repeated_spike,SAC,150,136.97796560461958,1,0.15981016931077074,0.2478481354486166,0.5,0.5,-0.20382915237969368,0.13210028409957886,0.0030089470092207193,0.01774459145963192,,,1.0,spike
2295,10,scenario3_repeated_spike,SAC,150,142.28016904415762,0,0.16892510565259852,0.5702801690441577,0.5,0.5,-0.3696026373483781,0.08612494170665741,0.004377168603241444,0.02381364442408085,,,1.0,spike
2296,10,scenario3_repeated_spike,SAC,150,147.05215213974185,0,0.17190759508733866,0.5750521521397418,0.5,0.5,-0.37347987361354024,0.3734388053417206,0.01267770491540432,0.04819941520690918,,,1.0,spike
2297,10,scenario3_repeated_spike,SAC,150,145.34693692576766,1,0.16285343160937008,0.25028274528749606,0.5,0.5,-0.20656808844843305,0.14983782172203064,0.0053714667446911335,0.02390258200466633,,,1.0,spike
2298,10,scenario3_repeated_spike,SAC,150,149.8122432331909,0,0.17363265202074432,0.5778122432331909,0.5,0.5,-0.3757224476269676,0.24291731417179108,0.004813709761947393,0.025203745812177658,,,1.0,spike
2299,10,scenario3_repeated_spike,SAC,150,147.83101890987183,1,0.1637567341490443,0.25100538731923544,0.5,0.5,-0.20738106073413987,0.3172304332256317,0.002712722634896636,0.022635621950030327,,,1.0,spike
2300,10,scenario3_repeated_spike,SAC,150,146.04791701888465,1,0.1631083334614126,0.2504866667691301,0.5,0.5,-0.20679750011527137,0.38869956135749817,0.00320773059502244,0.02275497280061245,,,1.0,spike
2301,10,scenario3_repeated_spike,SAC,150,150.44312531699617,0,0.17402695332312262,0.5784431253169962,0.5,0.5,-0.3762350393200594,0.2694748342037201,0.004874170292168856,0.018598491325974464,,,1.0,spike
2302,10,scenario3_repeated_spike,SAC,150,148.39881278529657,1,0.16396320464919875,0.25117056371935903,0.5,0.5,-0.20756688418427888,0.29645323753356934,0.0026280591264367104,0.017821140587329865,,,1.0,spike
2303,10,scenario3_repeated_spike,SAC,150,146.55893150676692,1,0.16329415691155164,0.25063532552924134,0.5,0.5,-0.2069647412203965,0.20585228502750397,0.001929428894072771,0.011576618067920208,,,1.0,spike
2304,10,scenario3_repeated_spike,SAC,150,144.90303835609024,1,0.16269201394766916,0.25015361115813534,0.5,0.5,-0.20642281255290224,-0.053642209619283676,0.001211111550219357,0.010835593566298485,,,1.0,spike
2305,10,scenario3_repeated_spike,SAC,150,143.41273452048122,1,0.162150085280175,0.24972006822414,0.5,0.5,-0.2059350767521575,0.2662777006626129,0.007613637950271368,0.03292613849043846,,,1.0,spike
2306,10,scenario3_repeated_spike,SAC,150,142.0714610684331,1,0.16166234947943023,0.2493298795835442,0.5,0.5,-0.2054961145314872,0.22781330347061157,0.008609697222709656,0.02547997422516346,,,1.0,spike
2307,10,scenario3_repeated_spike,SAC,150,140.8643149615898,1,0.16122338725875993,0.24897870980700798,0.5,0.5,-0.20510104853288397,0.026765450835227966,0.0018757833167910576,0.014692340046167374,,,1.0,spike
2308,10,scenario3_repeated_spike,SAC,150,139.77788346543082,1,0.16082832126015667,0.24866265700812534,0.5,0.5,-0.204745489134141,0.19168835878372192,0.003192226868122816,0.02145470678806305,,,1.0,spike
2309,10,scenario3_repeated_spike,SAC,150,138.80009511888773,1,0.1604727618614137,0.24837820948913097,0.5,0.5,-0.20442548567527236,0.055878765881061554,0.0022058687172830105,0.011750629171729088,,,1.0,spike
2310,10,scenario3_repeated_spike,SAC,150,143.92008560699895,0,0.16995005350437437,0.571920085606999,0.5,0.5,-0.37093506955568667,0.3049720823764801,0.0030496371909976006,0.021030940115451813,,,1.0,spike
2311,10,scenario3_repeated_spike,SAC,150,148.52807704629907,0,0.17283004815393693,0.576528077046299,0.5,0.5,-0.37467906260011796,0.17145958542823792,0.002803860232234001,0.017149921506643295,,,1.0,spike
2312,10,scenario3_repeated_spike,SAC,150,146.67526934166918,1,0.1633364615787888,0.25066916926303107,0.5,0.5,-0.20700281542090992,0.08869244158267975,0.0018052721861749887,0.013330887071788311,,,1.0,spike
2313,10,scenario3_repeated_spike,SAC,150,151.00774240750226,0,0.17437983900468892,0.5790077424075023,0.5,0.5,-0.3766937907060956,0.14787276089191437,0.0037360317073762417,0.019912300631403923,,,1.0,spike
2314,10,scenario3_repeated_spike,SAC,150,148.90696816675205,1,0.1641479884242735,0.2513183907394188,0.5,0.5,-0.20773318958184617,0.1828315407037735,0.0032509625889360905,0.01572876237332821,,,1.0,spike
2315,10,scenario3_repeated_spike,SAC,150,147.01627135007686,1,0.1634604623091189,0.2507683698472951,0.5,0.5,-0.20711441607820702,0.15779972076416016,0.0013070411514490843,0.013086952269077301,,,1.0,spike
2316,10,scenario3_repeated_spike,SAC,150,145.3146442150692,1,0.1628416888054797,0.25027335104438375,0.5,0.5,-0.2065575199249317,0.10644502937793732,0.0033352705650031567,0.019850270822644234,,,1.0,spike
2317,10,scenario3_repeated_spike,SAC,150,143.78317979356228,1,0.16228479265220447,0.24982783412176357,0.5,0.5,-0.20605631338698402,0.1703472137451172,0.0013299004640430212,0.010484354570508003,,,1.0,spike
2318,10,scenario3_repeated_spike,SAC,150,148.40486181420607,0,0.1727530386338788,0.5764048618142061,0.5,0.5,-0.3745789502240425,0.12451465427875519,0.0023775475565344095,0.015092380344867706,,,1.0,spike
2319,10,scenario3_repeated_spike,SAC,150,146.56437563278547,1,0.16329613659374018,0.25063690927499216,0.5,0.5,-0.20696652293436618,0.3518899381160736,0.0024653812870383263,0.018944522365927696,,,1.0,spike
2320,10,scenario3_repeated_spike,SAC,150,144.90793806950694,1,0.16269379566163888,0.25015503652931115,0.5,0.5,-0.20642441609547502,0.04817504435777664,0.0010303216986358166,0.007632900029420853,,,1.0,spike
2321,10,scenario3_repeated_spike,SAC,150,149.41714426255626,0,0.17338571516409768,0.5774171442625563,0.5,0.5,-0.375401429713327,0.08585702627897263,0.0005899302195757627,0.008477906696498394,,,1.0,spike
2322,10,scenario3_repeated_spike,SAC,150,153.47542983630063,0,0.1759221436476879,0.5814754298363006,0.5,0.5,-0.37869878674199425,0.22155730426311493,0.007881229743361473,0.023654676973819733,,,1.0,spike
2323,10,scenario3_repeated_spike,SAC,150,151.12788685267057,1,0.16495559521915293,0.25196447617532236,0.5,0.5,-0.20846003569723764,0.11213725805282593,0.002794248051941395,0.01667320542037487,,,1.0,spike
2324,10,scenario3_repeated_spike,SAC,150,149.01509816740352,1,0.16418730842451038,0.2513498467396083,0.5,0.5,-0.20776857758205936,0.28192639350891113,0.0032513041514903307,0.02189032919704914,,,1.0,spike
2325,10,scenario3_repeated_spike,SAC,150,147.11358835066318,1,0.16349585030933206,0.25079668024746565,0.5,0.5,-0.20714626527839886,0.2540155053138733,0.0028305966407060623,0.016416426748037338,,,1.0,spike
2326,10,scenario3_repeated_spike,SAC,150,151.40222951559687,0,0.17462639344724806,0.579402229515597,0.5,0.5,-0.3770143114814225,0.2665061056613922,0.0063260579481720924,0.029835570603609085,,,1.0,spike
2327,10,scenario3_repeated_spike,SAC,150,149.2620065640372,1,0.16427709329601353,0.25142167463681087,0.5,0.5,-0.2078493839664122,0.33115461468696594,0.003958250395953655,0.028555113822221756,,,1.0,spike
2328,10,scenario3_repeated_spike,SAC,150,147.33580590763347,1,0.1635766566936849,0.25086132535494793,0.5,0.5,-0.2072189910243164,0.3019441068172455,0.003484440268948674,0.019672784954309464,,,1.0,spike
2329,10,scenario3_repeated_spike,SAC,150,145.60222531687012,1,0.16294626375158913,0.25035701100127133,0.5,0.5,-0.20665163737643022,0.2418847531080246,0.004239344038069248,0.024262281134724617,,,1.0,spike
2330,10,scenario3_repeated_spike,SAC,150,150.04200278518312,0,0.17377625174073946,0.5780420027851831,0.5,0.5,-0.37590912726296133,0.4290323555469513,0.0060538905672729015,0.030149543657898903,,,1.0,spike
2331,10,scenario3_repeated_spike,SAC,150,148.0378025066648,1,0.16383192818424175,0.25106554254739344,0.5,0.5,-0.2074487353658176,0.12041345983743668,0.0036786135751754045,0.01997133158147335,,,1.0,spike
2332,10,scenario3_repeated_spike,SAC,150,146.23402225599833,1,0.16317600809309032,0.2505408064744723,0.5,0.5,-0.2068584072837813,0.23979191482067108,0.0035067701246589422,0.020867742598056793,,,1.0,spike
2333,10,scenario3_repeated_spike,SAC,150,150.6106200303985,0,0.17413163751899907,0.5786106200303985,0.5,0.5,-0.3763711287746988,0.22050593793392181,0.00257301633246243,0.01907590590417385,,,1.0,spike
2334,10,scenario3_repeated_spike,SAC,150,148.54955802735867,1,0.1640180211008577,0.2512144168806862,0.5,0.5,-0.20761621899077193,0.2521990239620209,0.004043214488774538,0.023995866999030113,,,1.0,spike
2335,10,scenario3_repeated_spike,SAC,150,152.6946022246228,0,0.17543412639038924,0.5806946022246228,0.5,0.5,-0.378064364307506,0.13472312688827515,0.0014632109086960554,0.011049886234104633,,,1.0,spike
2336,10,scenario3_repeated_spike,SAC,150,150.42514200216053,1,0.1647000516371493,0.25176004130971946,0.5,0.5,-0.20823004647343438,0.19612854719161987,0.010673904791474342,0.028496116399765015,,,1.0,spike
2337,10,scenario3_repeated_spike,SAC,150,148.38262780194447,1,0.16395731920070708,0.2511658553605657,0.5,0.5,-0.2075615872806364,0.2843388020992279,0.003489461727440357,0.017833136022090912,,,1.0,spike
2338,10,scenario3_repeated_spike,SAC,150,152.54436502175002,0,0.1753402281385938,0.5805443650217501,0.5,0.5,-0.377942296580172,0.32672080397605896,0.0034185918048024178,0.022784095257520676,,,1.0,spike
2339,10,scenario3_repeated_spike,SAC,150,156.28992851957503,0,0.17768120532473441,0.5842899285195751,0.5,0.5,-0.38098556692215474,0.23290935158729553,0.002912865485996008,0.020855236798524857,,,1.0,spike
2340,10,scenario3_repeated_spike,SAC,150,153.66093566761754,1,0.16587670387913364,0.25270136310330693,0.5,0.5,-0.2092890334912203,0.2647201716899872,0.0018574621062725782,0.01467069424688816,,,1.0,spike
2341,10,scenario3_repeated_spike,SAC,150,151.2948421008558,1,0.16501630621849303,0.25201304497479443,0.5,0.5,-0.20851467559664372,0.31553104519844055,0.0048786960542202,0.024292733520269394,,,1.0,spike
2342,10,scenario3_repeated_spike,SAC,150,149.16535789077022,1,0.16424194832391645,0.25139355865913315,0.5,0.5,-0.20781775349152481,0.2040039449930191,0.006458747200667858,0.024818414822220802,,,1.0,spike
2343,10,scenario3_repeated_spike,SAC,150,147.2488221016932,1,0.16354502621879755,0.25083602097503804,0.5,0.5,-0.2071905235969178,0.2047443836927414,0.0047051189467310905,0.02423369511961937,,,1.0,spike
2344,10,scenario3_repeated_spike,SAC,150,145.5239398915239,1,0.1629177963241905,0.2503342370593524,0.5,0.5,-0.20662601669177147,0.2389506697654724,0.002082367893308401,0.014875276014208794,,,1.0,spike
2345,10,scenario3_repeated_spike,SAC,150,149.9715459023715,0,0.1737322161889822,0.5779715459023715,0.5,0.5,-0.3758518810456769,0.22272540628910065,0.0025211579632014036,0.01862870156764984,,,1.0,spike
2346,10,scenario3_repeated_spike,SAC,150,153.97439131213434,0,0.17623399457008398,0.5819743913121344,0.5,0.5,-0.3791041929411092,0.3927497863769531,0.0053438302129507065,0.028569256886839867,,,1.0,spike
2347,10,scenario3_repeated_spike,SAC,150,151.57695218092093,1,0.16511889170215305,0.25209511336172247,0.5,0.5,-0.20860700253193776,0.1337520182132721,0.010754890739917755,0.022174550220370293,,,1.0,spike
2348,10,scenario3_repeated_spike,SAC,150,149.41925696282883,1,0.1643342752592105,0.2514674202073684,0.5,0.5,-0.20790084773328943,0.24196849763393402,0.003874635323882103,0.02493322640657425,,,1.0,spike
2349,10,scenario3_repeated_spike,SAC,150,153.47733126654595,0,0.17592333204159125,0.581477331266546,0.5,0.5,-0.37870033165406863,0.09807723015546799,0.0027085505425930023,0.017852166667580605,,,1.0,spike
2350,10,scenario3_repeated_spike,SAC,150,151.12959813989136,1,0.16495621750541503,0.25196497400433204,0.5,0.5,-0.20846059575487352,0.2796533703804016,0.009792929515242577,0.02863483689725399,,,1.0,spike
2351,10,scenario3_repeated_spike,SAC,150,149.01663832590222,1,0.16418786848214625,0.251350294785717,0.5,0.5,-0.20776908163393165,0.16459111869335175,0.004597836174070835,0.025768287479877472,,,1.0,spike
2352,10,scenario3_repeated_spike,SAC,150,147.114974493312,1,0.16349635436120438,0.2507970834889635,0.5,0.5,-0.20714671892508396,0.16371798515319824,0.0019356481498107314,0.01724151149392128,,,1.0,spike
2353,10,scenario3_repeated_spike,SAC,150,145.40347704398079,1,0.16287399165235666,0.2502991933218853,0.5,0.5,-0.206586592487121,0.2678028643131256,0.005881145130842924,0.02909325622022152,,,1.0,spike
2354,10,scenario3_repeated_spike,SAC,150,143.8631293395827,1,0.16231386521439373,0.24985109217151502,0.5,0.5,-0.20608247869295437,0.21513475477695465,0.004590122029185295,0.028022224083542824,,,1.0,spike
2355,10,scenario3_repeated_spike,SAC,150,142.47681640562445,1,0.16180975142022708,0.2494478011361817,0.5,0.5,-0.2056287762782044,0.3254631757736206,0.004930801689624786,0.029571134597063065,,,1.0,spike
2356,10,scenario3_repeated_spike,SAC,150,147.229134765062,0,0.17201820922816377,0.575229134765062,0.5,0.5,-0.3736236719966129,0.0336291529238224,0.0011883885599672794,0.01379108615219593,,,1.0,spike
2357,10,scenario3_repeated_spike,SAC,150,145.50622128855582,1,0.1629113531958385,0.2503290825566708,0.5,0.5,-0.20662021787625465,0.11347970366477966,0.013167276978492737,0.0345691442489624,,,1.0,spike
2358,10,scenario3_repeated_spike,SAC,150,149.95559915970026,0,0.17372224947481268,0.5779555991597003,0.5,0.5,-0.3758389243172565,0.16224341094493866,0.002602700609713793,0.017606690526008606,,,1.0,spike
2359,10,scenario3_repeated_spike,SAC,150,147.96003924373022,1,0.1638036506340837,0.25104292050726695,0.5,0.5,-0.20742328557067533,0.34173518419265747,0.0037340130656957626,0.028183871880173683,,,1.0,spike
2360,10,scenario3_repeated_spike,SAC,150,152.1640353193572,0,0.17510252207459825,0.5801640353193572,0.5,0.5,-0.3776332786969777,0.12957227230072021,0.0036213796120136976,0.022664614021778107,,,1.0,spike
2361,10,scenario3_repeated_spike,SAC,150,149.94763178742147,1,0.16452641155906236,0.2516211292472499,0.5,0.5,-0.2080737704031561,0.11719150096178055,0.0021730512380599976,0.01828424632549286,,,1.0,spike
2362,10,scenario3_repeated_spike,SAC,150,147.95286860867932,1,0.16380104313042884,0.2510408345043431,0.5,0.5,-0.207420938817386,0.24485370516777039,0.0028304047882556915,0.02054353430867195,,,1.0,spike
2363,10,scenario3_repeated_spike,SAC,150,146.1575817478114,1,0.1631482115446587,0.25051856923572696,0.5,0.5,-0.20683339039019283,0.20186516642570496,0.010616935789585114,0.03083731047809124,,,1.0,spike
2364,10,scenario3_repeated_spike,SAC,150,144.54182357303026,1,0.16256066311746556,0.25004853049397247,0.5,0.5,-0.206304596805719,0.3054855465888977,0.006889211945235729,0.0299079492688179,,,1.0,spike
2365,10,scenario3_repeated_spike,SAC,150,149.08764121572725,0,0.17317977575982954,0.5770876412157273,0.5,0.5,-0.37513370848777844,0.26243534684181213,0.0015377041418105364,0.014980282634496689,,,1.0,spike
2366,10,scenario3_repeated_spike,SAC,150,147.17887709415453,1,0.16351959167060165,0.25081567333648136,0.5,0.5,-0.2071676325035415,0.375855028629303,0.000929109170101583,0.011153152212500572,,,1.0,spike
2367,10,scenario3_repeated_spike,SAC,150,151.4609893847391,0,0.17466311836546194,0.5794609893847391,0.5,0.5,-0.3770620538751005,0.19891539216041565,0.003321888856589794,0.017450837418437004,,,1.0,spike
2368,10,scenario3_repeated_spike,SAC,150,149.3148904462652,1,0.16429632379864187,0.2514370590389135,0.5,0.5,-0.20786669141877767,0.157512828707695,0.0016144646797329187,0.012543832883238792,,,1.0,spike
2369,10,scenario3_repeated_spike,SAC,150,147.38340140163868,1,0.16359396414605043,0.25087517131684034,0.5,0.5,-0.20723456773144538,0.0683591440320015,0.004705583676695824,0.015067812986671925,,,1.0,spike
2370,10,scenario3_repeated_spike,SAC,150,145.6450612614748,1,0.16296184045871812,0.2503694723669745,0.5,0.5,-0.2066656564128463,0.23618900775909424,0.007493532262742519,0.019820496439933777,,,1.0,spike
2371,10,scenario3_repeated_spike,SAC,150,144.08055513532733,1,0.16239292914011905,0.24991434331209528,0.5,0.5,-0.20615363622610716,0.30011266469955444,0.03138044476509094,0.055120792239904404,,,1.0,spike
2372,10,scenario3_repeated_spike,SAC,150,148.6724996217946,0,0.17292031226362164,0.5766724996217947,0.5,0.5,-0.37479640594270813,0.08565828949213028,0.02009688876569271,0.03787767142057419,,,1.0,spike
2373,10,scenario3_repeated_spike,SAC,150,146.80524965961516,1,0.16338372714895097,0.2507069817191608,0.5,0.5,-0.20704535443405586,0.23556414246559143,0.017695024609565735,0.043599508702754974,,,1.0,spike
2374,10,scenario3_repeated_spike,SAC,150,151.12472469365363,0,0.17445295293353355,0.5791247246936537,0.5,0.5,-0.37678883881359365,0.2588685154914856,0.0028529672417789698,0.018528562039136887,,,1.0,spike
2375,10,scenario3_repeated_spike,SAC,150,149.01225222428826,1,0.16418627353610482,0.2513490188288839,0.5,0.5,-0.20776764618249435,0.36726507544517517,0.005165562033653259,0.02635129913687706,,,1.0,spike
2376,10,scenario3_repeated_spike,SAC,150,153.11102700185944,0,0.17569439187616218,0.5811110270018595,0.5,0.5,-0.37840270943901083,0.05201103538274765,0.009042518213391304,0.03282276913523674,,,1.0,spike
2377,10,scenario3_repeated_spike,SAC,150,150.7999243016735,1,0.16483633610969947,0.2518690688877596,0.5,0.5,-0.20835270249872956,0.3194414973258972,0.015603628009557724,0.048850979655981064,,,1.0,spike
2378,10,scenario3_repeated_spike,SAC,150,148.71993187150616,1,0.16407997522600226,0.2512639801808018,0.5,0.5,-0.20767197770340204,0.2611392140388489,0.008816113695502281,0.031440332531929016,,,1.0,spike
2379,10,scenario3_repeated_spike,SAC,150,146.84793868435554,1,0.16339925043067474,0.2507194003445398,0.5,0.5,-0.2070593253876073,0.12969529628753662,0.0013301466824486852,0.013206508941948414,,,1.0,spike
2380,10,scenario3_repeated_spike,SAC,150,145.16314481592,1,0.16278659811487997,0.250229278491904,0.5,0.5,-0.20650793830339198,0.1058867871761322,0.002734770765528083,0.0170342605561018,,,1.0,spike
2381,10,scenario3_repeated_spike,SAC,150,143.646830334328,1,0.16223521103066474,0.2497881688245318,0.5,0.5,-0.20601168992759827,0.39791738986968994,0.020258070901036263,0.04933590814471245,,,1.0,spike
2382,10,scenario3_repeated_spike,SAC,150,142.28214730089522,1,0.16173896265487098,0.24939117012389678,0.5,0.5,-0.20556506638938388,0.22278156876564026,0.014365686103701591,0.04086177051067352,,,1.0,spike
2383,10,scenario3_repeated_spike,SAC,150,141.0539325708057,1,0.1612923391166566,0.24903387129332533,0.5,0.5,-0.20516310520499098,0.19818182289600372,0.0051499828696250916,0.023079892620444298,,,1.0,spike
2384,10,scenario3_repeated_spike,SAC,150,139.94853931372512,1,0.16089037793226368,0.248712302345811,0.5,0.5,-0.20480134013903734,0.1518353521823883,0.0031300352420657873,0.014175858348608017,,,1.0,spike
2385,10,scenario3_repeated_spike,SAC,150,138.9536853823526,1,0.16052861286631004,0.24842289029304804,0.5,0.5,-0.20447575157967904,0.2525615692138672,0.0052332524210214615,0.027835611253976822,,,1.0,spike
2386,10,scenario3_repeated_spike,SAC,150,138.05831684411734,1,0.16020302430695174,0.2481624194455614,0.5,0.5,-0.20418272187625658,0.332592636346817,0.00710845785215497,0.028370145708322525,,,1.0,spike
2387,10,scenario3_repeated_spike,SAC,150,137.2524851597056,1,0.1599099946035293,0.24792799568282348,0.5,0.5,-0.2039189951431764,0.46487438678741455,0.01818818785250187,0.03968269005417824,,,1.0,spike
2388,10,scenario3_repeated_spike,SAC,150,136.52723664373502,1,0.1596462678704491,0.24771701429635928,0.5,0.5,-0.2036816410834042,0.12811049818992615,0.004433307331055403,0.015393642708659172,,,1.0,spike
2389,10,scenario3_repeated_spike,SAC,150,141.87451297936153,0,0.16867157061210097,0.5698745129793615,0.5,0.5,-0.3692730417957313,0.2831229865550995,0.003906353376805782,0.02192976512014866,,,1.0,spike
2390,10,scenario3_repeated_spike,SAC,150,146.68706168142538,0,0.1716794135508909,0.5746870616814255,0.5,0.5,-0.3731832376161582,0.2658492922782898,0.0033969557844102383,0.015139092691242695,,,1.0,spike
2391,10,scenario3_repeated_spike,SAC,150,145.01835551328284,1,0.16273394745937558,0.25018715796750046,0.5,0.5,-0.20646055271343802,0.3917035460472107,0.01813540793955326,0.04459717124700546,,,1.0,spike
2392,10,scenario3_repeated_spike,SAC,150,143.51651996195457,1,0.16218782544071075,0.24975026035256864,0.5,0.5,-0.2059690428966397,0.29931801557540894,0.014887308701872826,0.03915897384285927,,,1.0,spike
2393,10,scenario3_repeated_spike,SAC,150,142.16486796575913,1,0.16169631562391243,0.24935705249912998,0.5,0.5,-0.2055266840615212,0.3059391677379608,0.016824996098876,0.0410807803273201,,,1.0,spike
2394,10,scenario3_repeated_spike,SAC,150,140.94838116918322,1,0.1612539567887939,0.24900316543103512,0.5,0.5,-0.2051285611099145,0.20234155654907227,0.005391936283558607,0.021556304767727852,,,1.0,spike
2395,10,scenario3_repeated_spike,SAC,150,139.8535430522649,1,0.16085583383718724,0.2486846670697498,0.5,0.5,-0.20477025045346853,0.25489428639411926,0.0018140957690775394,0.015268195420503616,,,1.0,spike
2396,10,scenario3_repeated_spike,SAC,150,144.8681887470384,0,0.170542617966899,0.5728681887470384,0.5,0.5,-0.37170540335696867,0.21093685925006866,0.0035838140174746513,0.023051464930176735,,,1.0,spike
2397,10,scenario3_repeated_spike,SAC,150,143.38136987233457,1,0.1621386799535762,0.24971094396286098,0.5,0.5,-0.2059248119582186,0.35005396604537964,0.012391678988933563,0.032336194068193436,,,1.0,spike
2398,10,scenario3_repeated_spike,SAC,150,142.04323288510113,1,0.16165208468549133,0.2493216677483931,0.5,0.5,-0.20548687621694223,0.45458269119262695,0.015580706298351288,0.041854292154312134,,,1.0,spike
2399,10,scenario3_repeated_spike,SAC,150,140.838909596591,1,0.1612141489442149,0.24897131915537196,0.5,0.5,-0.20509273404979345,0.2326701432466507,0.004989156033843756,0.023127902299165726,,,1.0,spike
2400,10,scenario3_repeated_spike,SAC,150,145.7550186369319,0,0.17109688664808245,0.5737550186369319,0.5,0.5,-0.37242595264250716,0.23235872387886047,0.0028418581932783127,0.01765649951994419,,,1.0,spike
2401,10,scenario3_repeated_spike,SAC,150,144.17951677323873,1,0.16242891519026864,0.24994313215221492,0.5,0.5,-0.20618602367124178,0.23880012333393097,0.005159551277756691,0.023060820996761322,,,1.0,spike
2402,10,scenario3_repeated_spike,SAC,150,148.76156509591488,0,0.1729759781849468,0.5767615650959149,0.5,0.5,-0.37486877164043086,0.3155944347381592,0.00632624514400959,0.03087042272090912,,,1.0,spike
2403,10,scenario3_repeated_spike,SAC,150,146.8854085863234,1,0.16341287584957215,0.25073030067965774,0.5,0.5,-0.20707158826461494,0.33658158779144287,0.004287500865757465,0.02536897175014019,,,1.0,spike
2404,10,scenario3_repeated_spike,SAC,150,151.19686772769106,0,0.17449804232980692,0.5791968677276911,0.5,0.5,-0.376847455028749,0.4117012619972229,0.0014459227677434683,0.012079093605279922,,,1.0,spike
2405,10,scenario3_repeated_spike,SAC,150,149.07718095492194,1,0.16420988398360797,0.2513679071868864,0.5,0.5,-0.20778889558524719,0.2749934792518616,0.004756349138915539,0.025728417560458183,,,1.0,spike
2406,10,scenario3_repeated_spike,SAC,150,147.16946285942976,1,0.16351616831251992,0.250812934650016,0.5,0.5,-0.20716455148126794,0.24643148481845856,0.005513926036655903,0.025751546025276184,,,1.0,spike
2407,10,scenario3_repeated_spike,SAC,150,151.45251657348678,0,0.17465782285842923,0.5794525165734867,0.5,0.5,-0.377055169715958,0.0631740465760231,0.004225960932672024,0.01978299766778946,,,1.0,spike
2408,10,scenario3_repeated_spike,SAC,150,149.3072649161381,1,0.1642935508785957,0.2514348407028766,0.5,0.5,-0.20786419579073614,0.2418898344039917,0.0024622627533972263,0.01626194827258587,,,1.0,spike
2409,10,scenario3_repeated_spike,SAC,150,147.3765384245243,1,0.16359146851800885,0.2508731748144071,0.5,0.5,-0.20723232166620797,0.16708849370479584,0.00202935584820807,0.013802208937704563,,,1.0,spike
2410,10,scenario3_repeated_spike,SAC,150,151.63888458207188,0,0.17477430286379494,0.5796388845820719,0.5,0.5,-0.3772065937229334,0.2880261242389679,0.002775487257167697,0.017039291560649872,,,1.0,spike
2411,10,scenario3_repeated_spike,SAC,150,155.47499612386468,0,0.17717187257741543,0.5834749961238647,0.5,0.5,-0.38032343435064003,0.25996503233909607,0.0026036102790385485,0.014484317041933537,,,1.0,spike
2412,10,scenario3_repeated_spike,SAC,150,152.9274965114782,1,0.16560999873144663,0.25248799898515734,0.5,0.5,-0.20904899885830197,0.22642996907234192,0.0030651665292680264,0.01942397654056549,,,1.0,spike
2413,10,scenario3_repeated_spike,SAC,150,150.63474686033038,1,0.16477627158557467,0.25182101726845973,0.5,0.5,-0.2082986444270172,0.31888866424560547,0.00105681037530303,0.012239586561918259,,,1.0,spike
2414,10,scenario3_repeated_spike,SAC,150,148.57127217429735,1,0.16402591715428994,0.25122073372343195,0.5,0.5,-0.20762332543886095,0.24654334783554077,0.0032564771827310324,0.019522223621606827,,,1.0,spike
2415,10,scenario3_repeated_spike,SAC,150,146.7141449568676,1,0.16335059816613368,0.250680478532907,0.5,0.5,-0.20701553834952033,0.3206472098827362,0.005968373268842697,0.029414452612400055,,,1.0,spike
2416,10,scenario3_repeated_spike,SAC,150,145.04273046118087,1,0.16274281107679303,0.25019424886143443,0.5,0.5,-0.20646852996911375,0.03355903923511505,0.0016250100452452898,0.01410980336368084,,,1.0,spike
2417,10,scenario3_repeated_spike,SAC,150,143.5384574150628,1,0.16219580269638648,0.2497566421571092,0.5,0.5,-0.20597622242674785,0.4094769358634949,0.002364708576351404,0.02082512155175209,,,1.0,spike
2418,10,scenario3_repeated_spike,SAC,150,142.18461167355653,1,0.16170349515402055,0.24936279612321643,0.5,0.5,-0.2055331456386185,0.31063544750213623,0.003479060949757695,0.0232399869710207,,,1.0,spike
2419,10,scenario3_repeated_spike,SAC,150,146.96615050620088,0,0.17185384406637558,0.5749661505062009,0.5,0.5,-0.37340999728628826,0.3416067361831665,0.001887311227619648,0.017538998275995255,,,1.0,spike
2420,10,scenario3_repeated_spike,SAC,150,145.26953545558078,1,0.1628252856202112,0.25026022849616897,0.5,0.5,-0.20654275705819009,0.3602941632270813,0.0020504214335232973,0.01930776610970497,,,1.0,spike
2421,10,scenario3_repeated_spike,SAC,150,143.7425819100227,1,0.16227002978546282,0.24981602382837026,0.5,0.5,-0.20604302680691655,0.302016019821167,0.010142698884010315,0.02536425180733204,,,1.0,spike
2422,10,scenario3_repeated_spike,SAC,150,142.36832371902042,1,0.16177029953418923,0.24941623962735138,0.5,0.5,-0.2055932695807703,0.17631493508815765,0.0020511907059699297,0.01392980944365263,,,1.0,spike
2423,10,scenario3_repeated_spike,SAC,150,141.13149134711838,1,0.16132054230804305,0.24905643384643444,0.5,0.5,-0.20518848807723875,0.22261658310890198,0.0020305621437728405,0.012851517647504807,,,1.0,spike
2424,10,scenario3_repeated_spike,SAC,150,140.01834221240654,1,0.16091576080451148,0.2487326086436092,0.5,0.5,-0.20482418472406033,0.19350972771644592,0.0018341589020565152,0.015542568638920784,,,1.0,spike
2425,10,scenario3_repeated_spike,SAC,150,145.0165079911659,0,0.1706353174944787,0.5730165079911659,0.5,0.5,-0.3718259127428223,0.33951836824417114,0.003082246519625187,0.01700418069958687,,,1.0,spike
2426,10,scenario3_repeated_spike,SAC,150,143.5148571920493,1,0.16218722079710884,0.2497497766376871,0.5,0.5,-0.20596849871739797,0.0968884602189064,0.004418755415827036,0.0199605543166399,,,1.0,spike
2427,10,scenario3_repeated_spike,SAC,150,142.16337147284437,1,0.1616957714446707,0.2493566171557366,0.5,0.5,-0.20552619430020364,0.2647157311439514,0.0017982327844947577,0.017588865011930466,,,1.0,spike
2428,10,scenario3_repeated_spike,SAC,150,146.94703432555994,0,0.17184189645347497,0.5749470343255599,0.5,0.5,-0.3733944653895175,0.20616300404071808,0.0013575826305896044,0.014808135107159615,,,1.0,spike
2429,10,scenario3_repeated_spike,SAC,150,151.25233089300394,0,0.1745327068081275,0.579252330893004,0.5,0.5,-0.37689251885056574,0.21463234722614288,0.005938321817666292,0.025851193815469742,,,1.0,spike
2430,10,scenario3_repeated_spike,SAC,150,149.12709780370355,1,0.16422803556498308,0.2513824284519865,0.5,0.5,-0.20780523200848477,0.15062469244003296,0.009645726531744003,0.018631070852279663,,,1.0,spike
2431,10,scenario3_repeated_spike,SAC,150,153.21438802333319,0,0.17575899251458327,0.5812143880233333,0.5,0.5,-0.37848669026895826,0.1906728744506836,0.0018289474537596107,0.014268487691879272,,,1.0,spike
2432,10,scenario3_repeated_spike,SAC,150,156.89294922099987,0,0.17805809326312494,0.5848929492209999,0.5,0.5,-0.3814755212420624,0.2721829414367676,0.0034747393801808357,0.01921014115214348,,,1.0,spike
2433,10,scenario3_repeated_spike,SAC,150,154.2036542988999,1,0.16607405610869086,0.2528592448869527,0.5,0.5,-0.2094666504978218,0.430985689163208,0.007180025801062584,0.028838321566581726,,,1.0,spike
2434,10,scenario3_repeated_spike,SAC,150,151.7832888690099,1,0.1651939232250945,0.2521551385800756,0.5,0.5,-0.20867453090258503,0.14635680615901947,0.0018810760229825974,0.016288990154862404,,,1.0,spike
2435,10,scenario3_repeated_spike,SAC,150,149.6049599821089,1,0.1644018036298578,0.2515214429038862,0.5,0.5,-0.207961623266872,0.3057222068309784,0.0017066916916519403,0.01742224022746086,,,1.0,spike
2436,10,scenario3_repeated_spike,SAC,150,147.64446398389802,1,0.16368889599414474,0.2509511167953158,0.5,0.5,-0.20732000639473025,0.33837851881980896,0.0016963121015578508,0.015387335792183876,,,1.0,spike
2437,10,scenario3_repeated_spike,SAC,150,145.88001758550823,1,0.16304727912200298,0.2504378232976024,0.5,0.5,-0.20674255120980267,0.6173800826072693,0.003012967063114047,0.022716641426086426,,,1.0,spike
2438,10,scenario3_repeated_spike,SAC,150,150.2920158269574,0,0.17393250989184839,0.5782920158269574,0.5,0.5,-0.3761122628594029,0.34838831424713135,0.002017722697928548,0.017579004168510437,,,1.0,spike
2439,10,scenario3_repeated_spike,SAC,150,148.26281424426165,1,0.16391375063427696,0.2511310005074216,0.5,0.5,-0.2075223755708493,0.23545780777931213,0.0028033379931002855,0.01650349237024784,,,1.0,spike
2440,10,scenario3_repeated_spike,SAC,150,146.4365328198355,1,0.163249648298122,0.2505997186384976,0.5,0.5,-0.2069246834683098,0.23782160878181458,0.008141831494867802,0.03033173270523548,,,1.0,spike
2441,10,scenario3_repeated_spike,SAC,150,150.79287953785195,0,0.17424554971115747,0.578792879537852,0.5,0.5,-0.3765192146245047,0.5292214751243591,0.006214098073542118,0.0330851711332798,,,1.0,spike
2442,10,scenario3_repeated_spike,SAC,150,148.71359158406676,1,0.16407766966693338,0.2512621357335467,0.5,0.5,-0.20766990270024005,0.1415029913187027,0.00039890859625302255,0.007112349383533001,,,1.0,spike
2443,10,scenario3_repeated_spike,SAC,150,146.8422324256601,1,0.16339717542751278,0.2507177403420102,0.5,0.5,-0.2070574578847615,0.2344706654548645,0.0010417767334729433,0.009634220972657204,,,1.0,spike
2444,10,scenario3_repeated_spike,SAC,150,151.1580091830941,0,0.17447375573943383,0.5791580091830941,0.5,0.5,-0.37681588246126396,0.5946347713470459,0.004687279928475618,0.030665220692753792,,,1.0,spike
2445,10,scenario3_repeated_spike,SAC,150,155.04220826478468,0,0.17690138016549042,0.5830422082647847,0.5,0.5,-0.37997179421513755,0.3481482267379761,0.003722316585481167,0.021986331790685654,,,1.0,spike
2446,10,scenario3_repeated_spike,SAC,150,152.5379874383062,1,0.16546835906847498,0.25237468725478,0.5,0.5,-0.2089215231616275,0.25458770990371704,0.0038294701371341944,0.023059332743287086,,,1.0,spike
2447,10,scenario3_repeated_spike,SAC,150,150.28418869447557,1,0.16464879588890022,0.25171903671112017,0.5,0.5,-0.2081839163000102,0.19824443757534027,0.0021531577222049236,0.017694154754281044,,,1.0,spike
2448,10,scenario3_repeated_spike,SAC,150,148.255769825028,1,0.1639111890272829,0.2511289512218263,0.5,0.5,-0.20752007012455462,0.2322109341621399,0.0013763157185167074,0.011862763203680515,,,1.0,spike
2449,10,scenario3_repeated_spike,SAC,150,146.4301928425252,1,0.16324734285182735,0.2505978742814619,0.5,0.5,-0.20692260856664463,0.17389729619026184,0.0016664379509165883,0.016270071268081665,,,1.0,spike
2450,10,scenario3_repeated_spike,SAC,150,144.78717355827268,1,0.16264988129391733,0.25011990503513387,0.5,0.5,-0.2063848931645256,0.2881130278110504,0.006369219161570072,0.02321028709411621,,,1.0,spike
2451,10,scenario3_repeated_spike,SAC,150,143.30845620244543,1,0.16211216589179833,0.2496897327134387,0.5,0.5,-0.2059009493026185,0.426448792219162,0.005234209820628166,0.027922308072447777,,,1.0,spike
2452,10,scenario3_repeated_spike,SAC,150,147.9776105822009,0,0.1724860066138756,0.575977610582201,0.5,0.5,-0.3742318085980383,0.17126214504241943,0.004228695761412382,0.02152179926633835,,,1.0,spike
2453,10,scenario3_repeated_spike,SAC,150,152.1798495239808,0,0.175112405952488,0.5801798495239808,0.5,0.5,-0.3776461277382344,0.3487071990966797,0.002811281941831112,0.02336967922747135,,,1.0,spike
2454,10,scenario3_repeated_spike,SAC,150,149.96186457158274,1,0.16453158711693916,0.25162526969355137,0.5,0.5,-0.20807842840524526,0.2697303295135498,0.008488141000270844,0.031092267483472824,,,1.0,spike
2455,10,scenario3_repeated_spike,SAC,150,147.96567811442446,1,0.163805701132518,0.2510445609060144,0.5,0.5,-0.20742513101926618,0.16772037744522095,0.0064546214416623116,0.02741846814751625,,,1.0,spike
2456,10,scenario3_repeated_spike,SAC,150,146.16911030298203,1,0.16315240374653894,0.2505219229972312,0.5,0.5,-0.20683716337188507,0.32038360834121704,0.005347711034119129,0.028886035084724426,,,1.0,spike
2457,10,scenario3_repeated_spike,SAC,150,144.55219927268382,1,0.16256443609915777,0.25005154887932624,0.5,0.5,-0.206307992489242,0.2492883801460266,0.006717774085700512,0.021191619336605072,,,1.0,spike
2458,10,scenario3_repeated_spike,SAC,150,143.09697934541543,1,0.16203526521651468,0.24962821217321174,0.5,0.5,-0.2058317386948632,0.2833365499973297,0.0044847046956419945,0.027208099141716957,,,1.0,spike
2459,10,scenario3_repeated_spike,SAC,150,141.7872814108739,1,0.16155901142213597,0.24924720913770881,0.5,0.5,-0.2054031102799224,0.07976249605417252,0.003005481790751219,0.01919132098555565,,,1.0,spike
2460,10,scenario3_repeated_spike,SAC,150,140.6085532697865,1,0.1611303830071951,0.24890430640575611,0.5,0.5,-0.2050173447064756,0.503684401512146,0.0011576174292713404,0.014597507193684578,,,1.0,spike
2461,10,scenario3_repeated_spike,SAC,150,139.54769794280787,1,0.16074461743374832,0.24859569394699865,0.5,0.5,-0.2046701556903735,0.3102283775806427,0.006446125917136669,0.02637469954788685,,,1.0,spike
2462,10,scenario3_repeated_spike,SAC,150,138.5929281485271,1,0.1603974284176462,0.248317942734117,0.5,0.5,-0.2043576855758816,0.3447476029396057,0.004713407717645168,0.029405469074845314,,,1.0,spike
2463,10,scenario3_repeated_spike,SAC,150,137.73363533367439,1,0.16008495830315433,0.2480679666425235,0.5,0.5,-0.20407646247283892,0.2368578314781189,0.003244776977226138,0.02245098352432251,,,1.0,spike
2464,10,scenario3_repeated_spike,SAC,150,142.96027180030694,0,0.16935016987519186,0.570960271800307,0.5,0.5,-0.37015522083774943,0.3757169246673584,0.008032042533159256,0.02442755177617073,,,1.0,spike
2465,10,scenario3_repeated_spike,SAC,150,141.66424462027626,1,0.16151427077100955,0.24921141661680768,0.5,0.5,-0.20536284369390861,0.3572130799293518,0.005767550319433212,0.02471545711159706,,,1.0,spike
2466,10,scenario3_repeated_spike,SAC,150,140.49782015824866,1,0.16109011642118135,0.24887209313694508,0.5,0.5,-0.20498110477906323,0.2478400319814682,0.0017130678752437234,0.015511363744735718,,,1.0,spike
2467,10,scenario3_repeated_spike,SAC,150,139.4480381424238,1,0.16070837750633593,0.24856670200506875,0.5,0.5,-0.20463753975570234,0.19634008407592773,0.001280450727790594,0.01316781435161829,,,1.0,spike
2468,10,scenario3_repeated_spike,SAC,150,138.5032343281814,1,0.16036481248297504,0.24829184998638004,0.5,0.5,-0.20432833123467753,0.391257107257843,0.015097454190254211,0.042520664632320404,,,1.0,spike
2469,10,scenario3_repeated_spike,SAC,150,137.65291089536328,1,0.1600556039619503,0.24804448316956024,0.5,0.5,-0.20405004356575526,0.18024605512619019,0.005550863221287727,0.02613937482237816,,,1.0,spike
2470,10,scenario3_repeated_spike,SAC,150,136.88761980582694,1,0.159777316293028,0.2478218530344224,0.5,0.5,-0.2037995846637252,0.4129786491394043,0.0041872295551002026,0.02399267442524433,,,1.0,spike
2471,10,scenario3_repeated_spike,SAC,150,136.19885782524426,1,0.15952685739099792,0.24762148591279837,0.5,0.5,-0.20357417165189814,0.20068947970867157,0.0014783358201384544,0.014923665672540665,,,1.0,spike
2472,10,scenario3_repeated_spike,SAC,150,141.57897204271984,0,0.1684868575266999,0.5695789720427198,0.5,0.5,-0.36903291478470984,0.09729790687561035,0.006241025403141975,0.024731915444135666,,,1.0,spike
2473,10,scenario3_repeated_spike,SAC,150,140.42107483844785,1,0.16106220903216287,0.24884976722573032,0.5,0.5,-0.2049559881289466,0.5014095306396484,0.006709375884383917,0.025719165802001953,,,1.0,spike
2474,10,scenario3_repeated_spike,SAC,150,139.37896735460305,1,0.1606832608562193,0.24854660868497547,0.5,0.5,-0.2046149347705974,0.4499160647392273,0.0016962421359494328,0.018282229080796242,,,1.0,spike
2475,10,scenario3_repeated_spike,SAC,150,138.44107061914275,1,0.16034220749787012,0.2482737659982961,0.5,0.5,-0.2043079867480831,0.3609137237071991,0.000846671056933701,0.010575039312243462,,,1.0,spike
2476,10,scenario3_repeated_spike,SAC,150,137.5969635572285,1,0.16003525947535582,0.24802820758028465,0.5,0.5,-0.20403173352782022,0.3083881735801697,0.004765873774886131,0.028566228225827217,,,1.0,spike
2477,10,scenario3_repeated_spike,SAC,150,142.83726720150565,0,0.16927329200094104,0.5708372672015056,0.5,0.5,-0.3700552796012233,0.18246230483055115,0.0026106038130819798,0.021671630442142487,,,1.0,spike
2478,10,scenario3_repeated_spike,SAC,150,141.5535404813551,1,0.16147401472049275,0.24917921177639424,0.5,0.5,-0.20532661324844348,0.4102635383605957,0.0014070570468902588,0.014548353850841522,,,1.0,spike
2479,10,scenario3_repeated_spike,SAC,150,140.3981864332196,1,0.1610538859757162,0.24884310878057297,0.5,0.5,-0.20494849737814458,0.2153949737548828,0.002257157815620303,0.016374774277210236,,,1.0,spike
2480,10,scenario3_repeated_spike,SAC,150,139.35836778989764,1,0.16067577010541734,0.24854061608433387,0.5,0.5,-0.2046081930948756,0.3674813210964203,0.005231820046901703,0.0274562519043684,,,1.0,spike
2481,10,scenario3_repeated_spike,SAC,150,138.42253101090787,1,0.16033546582214833,0.24826837265771867,0.5,0.5,-0.20430191923993352,0.40297946333885193,0.005559111945331097,0.027839675545692444,,,1.0,spike
2482,10,scenario3_repeated_spike,SAC,150,137.58027790981708,1,0.16002919196720622,0.24802335357376498,0.5,0.5,-0.2040262727704856,0.331708699464798,0.0033883461728692055,0.022175107151269913,,,1.0,spike
2483,10,scenario3_repeated_spike,SAC,150,136.82225011883537,1,0.1597535454977583,0.24780283639820666,0.5,0.5,-0.2037781909479825,0.3645575940608978,0.0025787916965782642,0.018264275044202805,,,1.0,spike
2484,10,scenario3_repeated_spike,SAC,150,136.14002510695184,1,0.15950546367525523,0.2476043709402042,0.5,0.5,-0.20355491730772973,0.2594037652015686,0.004964666441082954,0.02582111768424511,,,1.0,spike
2485,10,scenario3_repeated_spike,SAC,150,135.52602259625667,1,0.15928219003500244,0.247425752028002,0.5,0.5,-0.2033539710315022,0.33464673161506653,0.0037624577526003122,0.024864746257662773,,,1.0,spike
2486,10,scenario3_repeated_spike,SAC,150,134.97342033663102,1,0.15908124375877492,0.24726499500701993,0.5,0.5,-0.20317311938289742,0.23217712342739105,0.0009903664467856288,0.012029559351503849,,,1.0,spike
2487,10,scenario3_repeated_spike,SAC,150,134.47607830296792,1,0.15890039211017015,0.24712031368813614,0.5,0.5,-0.20301035289915315,0.345722496509552,0.026588644832372665,0.03971334546804428,,,1.0,spike
2488,10,scenario3_repeated_spike,SAC,150,140.02847047267113,0,0.16751779404541947,0.5680284704726711,0.5,0.5,-0.3677731322590453,0.3929064869880676,0.004190353211015463,0.028140831738710403,,,1.0,spike
2489,10,scenario3_repeated_spike,SAC,150,145.02562342540404,0,0.17064101464087755,0.5730256234254041,0.5,0.5,-0.3718333190331408,0.37842071056365967,0.0037778117693960667,0.025231167674064636,,,1.0,spike
2490,10,scenario3_repeated_spike,SAC,150,143.52306108286365,1,0.16219020403013226,0.24975216322410582,0.5,0.5,-0.20597118362711903,0.21374644339084625,0.0011192846577614546,0.012473363429307938,,,1.0,spike
2491,10,scenario3_repeated_spike,SAC,150,142.17075497457728,1,0.16169845635439173,0.2493587650835134,0.5,0.5,-0.20552861071895256,0.23181423544883728,0.009093943983316422,0.020473744720220566,,,1.0,spike
2492,10,scenario3_repeated_spike,SAC,150,140.95367947711955,1,0.1612558834462253,0.24900470675698028,0.5,0.5,-0.2051302951016028,0.21723167598247528,0.010687568224966526,0.02574455365538597,,,1.0,spike
2493,10,scenario3_repeated_spike,SAC,150,145.85831152940762,0,0.1711614447058798,0.5738583115294077,0.5,0.5,-0.37250987811764374,0.23328867554664612,0.0021454610396176577,0.020863190293312073,,,1.0,spike
2494,10,scenario3_repeated_spike,SAC,150,150.27248037646686,0,0.1739203002352918,0.578272480376467,0.5,0.5,-0.3760963903058794,0.5959422588348389,0.0033559503499418497,0.026675980538129807,,,1.0,spike
2495,10,scenario3_repeated_spike,SAC,150,154.2452323388202,0,0.17640327021176264,0.5822452323388202,0.5,0.5,-0.3793242512752914,0.2752462923526764,0.0021463404409587383,0.016873503103852272,,,1.0,spike
2496,10,scenario3_repeated_spike,SAC,150,151.82070910493817,1,0.16520753058361387,0.2521660244668911,0.5,0.5,-0.2086867775252525,0.39581379294395447,0.0020096914377063513,0.019200399518013,,,1.0,spike
2497,10,scenario3_repeated_spike,SAC,150,149.63863819444435,1,0.16441405025252523,0.2515312402020202,0.5,0.5,-0.2079726452272727,0.37663736939430237,0.0017773526487872005,0.014396889135241508,,,1.0,spike
2498,10,scenario3_repeated_spike,SAC,150,147.6747743749999,1,0.16369991795454542,0.25095993436363634,0.5,0.5,-0.20732992615909088,0.3750588893890381,0.004425931256264448,0.02756521850824356,,,1.0,spike
2499,10,scenario3_repeated_spike,SAC,150,145.90729693749992,1,0.1630571988863636,0.2504457591090909,0.5,0.5,-0.20675147899772725,0.29032424092292786,0.0049840365536510944,0.0251670703291893,,,1.0,spike
2500,10,scenario3_repeated_spike,SAC,50,126.31656724374994,1,0.13593329717954544,0.14874663774363636,0.5,0.5,-0.1423399674615909,0.5550765991210938,0.004702650476247072,0.02608589455485344,,,1.0,normal
2501,10,scenario3_repeated_spike,SAC,50,108.68491051937495,1,0.12952178564340908,0.14361742851472728,0.5,0.5,-0.13656960707906818,0.46472424268722534,0.012239692732691765,0.03186938166618347,,,1.0,normal
2502,10,scenario3_repeated_spike,SAC,50,92.81641946743746,1,0.12375142526088635,0.1390011402087091,0.5,0.5,-0.13137628273479773,0.3007008731365204,0.005808277986943722,0.02358119934797287,,,1.0,normal
2503,10,scenario3_repeated_spike,SAC,50,78.53477752069371,1,0.1185581009166159,0.13484648073329272,0.5,0.5,-0.12670229082495432,0.2506158649921417,0.004675128031522036,0.023478174582123756,,,1.0,normal
2504,10,scenario3_repeated_spike,SAC,50,65.68129976862434,1,0.11388410900677248,0.131107287205418,0.5,0.5,-0.12249569810609524,0.23898829519748688,0.0012089975643903017,0.010772522538900375,,,1.0,normal
2505,10,scenario3_repeated_spike,SAC,50,60.11316979176192,0,0.0975707311198512,0.2561131697917619,0.5,0.5,-0.17684195045580656,0.4444500505924225,0.011814099736511707,0.039210423827171326,,,1.0,normal
2506,10,scenario3_repeated_spike,SAC,50,49.101852812585726,1,0.10785521920457664,0.12628417536366132,0.5,0.5,-0.11706969728411898,0.46000993251800537,0.0208026934415102,0.0513153113424778,,,1.0,normal
2507,10,scenario3_repeated_spike,SAC,50,45.191667531327155,0,0.08824479220707948,0.24119166753132718,0.5,0.5,-0.16471822986920331,0.3349565267562866,0.0056583816185593605,0.020986758172512054,,,1.0,normal
2508,10,scenario3_repeated_spike,SAC,50,35.67250077819444,1,0.10297181846479798,0.1223774547718384,0.5,0.5,-0.1126746366183182,0.45917537808418274,0.009665604680776596,0.04274917393922806,,,1.0,normal
2509,10,scenario3_repeated_spike,SAC,50,33.105250700374995,0,0.08069078168773437,0.22910525070037502,0.5,0.5,-0.1548980161940547,0.315944105386734,0.006691869348287582,0.03281685337424278,,,1.0,normal
2510,10,scenario3_repeated_spike,SAC,50,24.794725630337496,1,0.09901626386557727,0.11921301109246182,0.5,0.5,-0.10911463747901955,0.338400661945343,0.013605048879981041,0.03443506360054016,,,1.0,normal
2511,10,scenario3_repeated_spike,SAC,50,17.315253067303747,1,0.09629645566083772,0.11703716452867019,0.5,0.5,-0.10666681009475396,0.2668125033378601,0.010634692385792732,0.03482220321893692,,,1.0,normal
2512,10,scenario3_repeated_spike,SAC,50,10.583727760573375,1,0.09384862827657214,0.11507890262125772,0.5,0.5,-0.10446376544891493,0.5066020488739014,0.004614691715687513,0.03077072836458683,,,1.0,normal
2513,10,scenario3_repeated_spike,SAC,50,4.525354984516035,1,0.0916455836307331,0.11331646690458647,0.5,0.5,-0.10248102526765979,0.17342853546142578,0.002513861283659935,0.015014528296887875,,,1.0,normal
2514,10,scenario3_repeated_spike,SAC,50,5.072819486064432,0,0.06317051217879027,0.20107281948606445,0.5,0.5,-0.13212166583242735,0.3468715250492096,0.007701675407588482,0.03337135910987854,,,1.0,normal
2515,10,scenario3_repeated_spike,SAC,50,0.0,1,0.09,0.11199999999999999,0.5,0.5,-0.10099999999999999,0.172150120139122,0.015505173243582249,0.036981552839279175,,,1.0,normal
2516,10,scenario3_repeated_spike,SAC,50,1.0,0,0.060625,0.197,0.5,0.5,-0.1288125,0.49576112627983093,0.008981157094240189,0.039532482624053955,,,1.0,normal
2517,10,scenario3_repeated_spike,SAC,50,0.0,1,0.09,0.11199999999999999,0.5,0.5,-0.10099999999999999,0.5206601619720459,0.002085077343508601,0.018653366714715958,,,1.0,normal
2518,10,scenario3_repeated_spike,SAC,50,0.0,1,0.09,0.11199999999999999,0.5,0.5,-0.10099999999999999,0.30150306224823,0.0033156536519527435,0.022400986403226852,,,1.0,normal
2519,10,scenario3_repeated_spike,SAC,50,1.0,0,0.060625,0.197,0.5,0.5,-0.1288125,0.25782591104507446,0.014335451647639275,0.02666577324271202,,,1.0,normal
2520,10,scenario3_repeated_spike,SAC,50,1.9000000000000004,0,0.0611875,0.19790000000000002,0.5,0.5,-0.12954375,0.174472838640213,0.0029654805548489094,0.01629059575498104,,,1.0,normal
2521,10,scenario3_repeated_spike,SAC,50,2.710000000000001,0,0.061693750000000006,0.19871000000000003,0.5,0.5,-0.13020187500000002,0.13332240283489227,0.006113311275839806,0.020176962018013,,,1.0,normal
2522,10,scenario3_repeated_spike,SAC,50,0.0,1,0.09,0.11199999999999999,0.5,0.5,-0.10099999999999999,0.2181340456008911,0.005434559192508459,0.018200160935521126,,,1.0,normal
2523,10,scenario3_repeated_spike,SAC,50,0.0,1,0.09,0.11199999999999999,0.5,0.5,-0.10099999999999999,0.31164026260375977,0.015283128246665001,0.03310391679406166,,,1.0,normal
2524,10,scenario3_repeated_spike,SAC,50,1.0,0,0.060625,0.197,0.5,0.5,-0.1288125,0.3494628369808197,0.008220618590712547,0.029853688552975655,,,1.0,normal
2525,10,scenario3_repeated_spike,SAC,50,0.0,1,0.09,0.11199999999999999,0.5,0.5,-0.10099999999999999,0.3685483932495117,0.0031525720842182636,0.018983246758580208,,,1.0,normal
2526,10,scenario3_repeated_spike,SAC,50,1.0,0,0.060625,0.197,0.5,0.5,-0.1288125,0.21379488706588745,0.0028384383767843246,0.01764894649386406,,,1.0,normal
2527,10,scenario3_repeated_spike,SAC,50,1.9000000000000004,0,0.0611875,0.19790000000000002,0.5,0.5,-0.12954375,0.376985639333725,0.0036873617209494114,0.027368459850549698,,,1.0,normal
2528,10,scenario3_repeated_spike,SAC,50,2.710000000000001,0,0.061693750000000006,0.19871000000000003,0.5,0.5,-0.13020187500000002,0.31871917843818665,0.0028424328193068504,0.017165396362543106,,,1.0,normal
2529,10,scenario3_repeated_spike,SAC,50,0.0,1,0.09,0.11199999999999999,0.5,0.5,-0.10099999999999999,0.28746989369392395,0.013996150344610214,0.03271991014480591,,,1.0,normal
2530,10,scenario3_repeated_spike,SAC,50,0.0,1,0.09,0.11199999999999999,0.5,0.5,-0.10099999999999999,0.560889482498169,0.00929361954331398,0.03743327036499977,,,1.0,normal
2531,10,scenario3_repeated_spike,SAC,50,0.0,1,0.09,0.11199999999999999,0.5,0.5,-0.10099999999999999,0.2632479667663574,0.0019401793833822012,0.014571155421435833,,,1.0,normal
2532,10,scenario3_repeated_spike,SAC,50,1.0,0,0.060625,0.197,0.5,0.5,-0.1288125,0.29609277844429016,0.0034485310316085815,0.01866421103477478,,,1.0,normal
2533,10,scenario3_repeated_spike,SAC,50,1.9000000000000004,0,0.0611875,0.19790000000000002,0.5,0.5,-0.12954375,0.21220572292804718,0.006813212297856808,0.027788646519184113,,,1.0,normal
2534,10,scenario3_repeated_spike,SAC,50,0.0,1,0.09,0.11199999999999999,0.5,0.5,-0.10099999999999999,0.4277728497982025,0.004206571727991104,0.025695180520415306,,,1.0,normal
2535,10,scenario3_repeated_spike,SAC,50,0.0,1,0.09,0.11199999999999999,0.5,0.5,-0.10099999999999999,0.22742195427417755,0.0018585652578622103,0.014908194541931152,,,1.0,normal
2536,10,scenario3_repeated_spike,SAC,50,1.0,0,0.060625,0.197,0.5,0.5,-0.1288125,0.47321444749832153,0.0023780076298862696,0.019518069922924042,,,1.0,normal
2537,10,scenario3_repeated_spike,SAC,50,1.9000000000000004,0,0.0611875,0.19790000000000002,0.5,0.5,-0.12954375,0.5376185178756714,0.001568830804899335,0.015477942302823067,,,1.0,normal
2538,10,scenario3_repeated_spike,SAC,50,2.710000000000001,0,0.061693750000000006,0.19871000000000003,0.5,0.5,-0.13020187500000002,0.5056384801864624,0.002792155835777521,0.02129928022623062,,,1.0,normal
2539,10,scenario3_repeated_spike,SAC,50,3.439,0,0.062149375,0.199439,0.5,0.5,-0.1307941875,0.46371766924858093,0.005521638318896294,0.02535756677389145,,,1.0,normal
2540,10,scenario3_repeated_spike,SAC,50,0.0,1,0.09,0.11199999999999999,0.5,0.5,-0.10099999999999999,0.2344963252544403,0.0025263139978051186,0.019851665943861008,,,1.0,normal
2541,10,scenario3_repeated_spike,SAC,50,0.0,1,0.09,0.11199999999999999,0.5,0.5,-0.10099999999999999,0.5644657015800476,0.006467428058385849,0.03532225266098976,,,1.0,normal
2542,10,scenario3_repeated_spike,SAC,50,1.0,0,0.060625,0.197,0.5,0.5,-0.1288125,0.29156389832496643,0.004168007057160139,0.020332081243395805,,,1.0,normal
2543,10,scenario3_repeated_spike,SAC,50,0.0,1,0.09,0.11199999999999999,0.5,0.5,-0.10099999999999999,0.47953563928604126,0.002977526281028986,0.019886456429958344,,,1.0,normal
2544,10,scenario3_repeated_spike,SAC,50,1.0,0,0.060625,0.197,0.5,0.5,-0.1288125,0.4203914403915405,0.0036505975294858217,0.021508004516363144,,,1.0,normal
2545,10,scenario3_repeated_spike,SAC,50,1.9000000000000004,0,0.0611875,0.19790000000000002,0.5,0.5,-0.12954375,0.32533320784568787,0.005628892220556736,0.028986439108848572,,,1.0,normal
2546,10,scenario3_repeated_spike,SAC,50,2.710000000000001,0,0.061693750000000006,0.19871000000000003,0.5,0.5,-0.13020187500000002,0.5173907279968262,0.008799102157354355,0.024215465411543846,,,1.0,normal
2547,10,scenario3_repeated_spike,SAC,50,0.0,1,0.09,0.11199999999999999,0.5,0.5,-0.10099999999999999,0.40442395210266113,0.0031484239734709263,0.022112293168902397,,,1.0,normal
2548,10,scenario3_repeated_spike,SAC,50,0.0,1,0.09,0.11199999999999999,0.5,0.5,-0.10099999999999999,0.4178659915924072,0.0031750760972499847,0.020231999456882477,,,1.0,normal
2549,10,scenario3_repeated_spike,SAC,50,0.0,1,0.09,0.11199999999999999,0.5,0.5,-0.10099999999999999,0.2539783716201782,0.0019188746809959412,0.014997297897934914,,,1.0,normal
2550,10,scenario3_repeated_spike,SAC,50,1.0,0,0.060625,0.197,0.5,0.5,-0.1288125,0.3981388807296753,0.005198723636567593,0.02624610811471939,,,1.0,normal
2551,10,scenario3_repeated_spike,SAC,50,0.0,1,0.09,0.11199999999999999,0.5,0.5,-0.10099999999999999,0.32067617774009705,0.0018497873097658157,0.015364719554781914,,,1.0,normal
2552,10,scenario3_repeated_spike,SAC,50,0.0,1,0.09,0.11199999999999999,0.5,0.5,-0.10099999999999999,0.4817085862159729,0.003866931889206171,0.02627021074295044,,,1.0,normal
2553,10,scenario3_repeated_spike,SAC,50,1.0,0,0.060625,0.197,0.5,0.5,-0.1288125,0.29773223400115967,0.006471718195825815,0.031250275671482086,,,1.0,normal
2554,10,scenario3_repeated_spike,SAC,50,1.9000000000000004,0,0.0611875,0.19790000000000002,0.5,0.5,-0.12954375,0.2677247226238251,0.0037336316891014576,0.02324765734374523,,,1.0,normal
2555,10,scenario3_repeated_spike,SAC,50,2.710000000000001,0,0.061693750000000006,0.19871000000000003,0.5,0.5,-0.13020187500000002,0.2560187578201294,0.009994354099035263,0.020680714398622513,,,1.0,normal
2556,10,scenario3_repeated_spike,SAC,50,3.439,0,0.062149375,0.199439,0.5,0.5,-0.1307941875,0.30407851934432983,0.003970731981098652,0.022612880915403366,,,1.0,normal
2557,10,scenario3_repeated_spike,SAC,50,0.0,1,0.09,0.11199999999999999,0.5,0.5,-0.10099999999999999,0.6011859178543091,0.004188078921288252,0.022334707900881767,,,1.0,normal
2558,10,scenario3_repeated_spike,SAC,50,0.0,1,0.09,0.11199999999999999,0.5,0.5,-0.10099999999999999,0.23629745841026306,0.002352813258767128,0.01893003098666668,,,1.0,normal
2559,10,scenario3_repeated_spike,SAC,50,1.0,0,0.060625,0.197,0.5,0.5,-0.1288125,0.2472001165151596,0.0024902725126594305,0.015986640006303787,,,1.0,normal
2560,10,scenario3_repeated_spike,SAC,50,0.0,1,0.09,0.11199999999999999,0.5,0.5,-0.10099999999999999,-0.0014868266880512238,0.0006027129711583257,0.008254535496234894,,,1.0,normal
2561,10,scenario3_repeated_spike,SAC,50,0.0,1,0.09,0.11199999999999999,0.5,0.5,-0.10099999999999999,0.3697279095649719,0.0034612969029694796,0.02250255085527897,,,1.0,normal
2562,10,scenario3_repeated_spike,SAC,50,0.0,1,0.09,0.11199999999999999,0.5,0.5,-0.10099999999999999,0.25556427240371704,0.004279541317373514,0.021850120276212692,,,1.0,normal
2563,10,scenario3_repeated_spike,SAC,50,1.0,0,0.060625,0.197,0.5,0.5,-0.1288125,0.4500598907470703,0.007923906669020653,0.035599611699581146,,,1.0,normal
2564,10,scenario3_repeated_spike,SAC,50,1.9000000000000004,0,0.0611875,0.19790000000000002,0.5,0.5,-0.12954375,0.6153575778007507,0.009190734475851059,0.01812235452234745,,,1.0,normal
2565,10,scenario3_repeated_spike,SAC,50,0.0,1,0.09,0.11199999999999999,0.5,0.5,-0.10099999999999999,0.35238850116729736,0.0136174988001585,0.03502489998936653,,,1.0,normal
2566,10,scenario3_repeated_spike,SAC,50,0.0,1,0.09,0.11199999999999999,0.5,0.5,-0.10099999999999999,0.3442043662071228,0.010186024941504002,0.037303321063518524,,,1.0,normal
2567,10,scenario3_repeated_spike,SAC,50,1.0,0,0.060625,0.197,0.5,0.5,-0.1288125,0.5131269097328186,0.011919106356799603,0.03452419117093086,,,1.0,normal
2568,10,scenario3_repeated_spike,SAC,50,0.0,1,0.09,0.11199999999999999,0.5,0.5,-0.10099999999999999,0.3096136152744293,0.006200271192938089,0.02798112854361534,,,1.0,normal
2569,10,scenario3_repeated_spike,SAC,50,1.0,0,0.060625,0.197,0.5,0.5,-0.1288125,0.1872372329235077,0.005658027715981007,0.02577913925051689,,,1.0,normal
2570,10,scenario3_repeated_spike,SAC,50,0.0,1,0.09,0.11199999999999999,0.5,0.5,-0.10099999999999999,0.29768452048301697,0.003750715171918273,0.022419597953557968,,,1.0,normal
2571,10,scenario3_repeated_spike,SAC,50,0.0,1,0.09,0.11199999999999999,0.5,0.5,-0.10099999999999999,0.09981203079223633,0.0012829260667786002,0.011683039367198944,,,1.0,normal
2572,10,scenario3_repeated_spike,SAC,50,1.0,0,0.060625,0.197,0.5,0.5,-0.1288125,0.5718246102333069,0.01107995305210352,0.03114362247288227,,,1.0,normal
2573,10,scenario3_repeated_spike,SAC,50,0.0,1,0.09,0.11199999999999999,0.5,0.5,-0.10099999999999999,0.3007068634033203,0.003686873707920313,0.02456173300743103,,,1.0,normal
2574,10,scenario3_repeated_spike,SAC,50,1.0,0,0.060625,0.197,0.5,0.5,-0.1288125,0.4587084949016571,0.002604453358799219,0.02334093488752842,,,1.0,normal
2575,10,scenario3_repeated_spike,SAC,50,1.9000000000000004,0,0.0611875,0.19790000000000002,0.5,0.5,-0.12954375,0.33855921030044556,0.003148594405502081,0.019844911992549896,,,1.0,normal
2576,10,scenario3_repeated_spike,SAC,50,2.710000000000001,0,0.061693750000000006,0.19871000000000003,0.5,0.5,-0.13020187500000002,0.38107559084892273,0.002460737247020006,0.022051090374588966,,,1.0,normal
2577,10,scenario3_repeated_spike,SAC,50,0.0,1,0.09,0.11199999999999999,0.5,0.5,-0.10099999999999999,0.21768614649772644,0.0020498705562204123,0.016238315030932426,,,1.0,normal
2578,10,scenario3_repeated_spike,SAC,50,0.0,1,0.09,0.11199999999999999,0.5,0.5,-0.10099999999999999,0.448988676071167,0.0037063220515847206,0.024451762437820435,,,1.0,normal
2579,10,scenario3_repeated_spike,SAC,50,1.0,0,0.060625,0.197,0.5,0.5,-0.1288125,0.13459129631519318,0.0034152583684772253,0.02165379747748375,,,1.0,normal
2580,10,scenario3_repeated_spike,SAC,50,0.0,1,0.09,0.11199999999999999,0.5,0.5,-0.10099999999999999,0.38709837198257446,0.012165434658527374,0.026647474616765976,,,1.0,normal
2581,10,scenario3_repeated_spike,SAC,50,1.0,0,0.060625,0.197,0.5,0.5,-0.1288125,0.5177955031394958,0.007820825092494488,0.038188353180885315,,,1.0,normal
2582,10,scenario3_repeated_spike,SAC,50,1.9000000000000004,0,0.0611875,0.19790000000000002,0.5,0.5,-0.12954375,0.4946442246437073,0.02123040333390236,0.05430934205651283,,,1.0,normal
2583,10,scenario3_repeated_spike,SAC,50,0.0,1,0.09,0.11199999999999999,0.5,0.5,-0.10099999999999999,0.46416622400283813,0.0073459818959236145,0.03385380282998085,,,1.0,normal
2584,10,scenario3_repeated_spike,SAC,50,0.0,1,0.09,0.11199999999999999,0.5,0.5,-0.10099999999999999,0.40140148997306824,0.0015864979941397905,0.0178851131349802,,,1.0,normal
2585,10,scenario3_repeated_spike,SAC,50,0.0,1,0.09,0.11199999999999999,0.5,0.5,-0.10099999999999999,0.21751457452774048,0.008254876360297203,0.034635141491889954,,,1.0,normal
2586,10,scenario3_repeated_spike,SAC,50,1.0,0,0.060625,0.197,0.5,0.5,-0.1288125,0.41975900530815125,0.017598217353224754,0.049815062433481216,,,1.0,normal
2587,10,scenario3_repeated_spike,SAC,50,0.0,1,0.09,0.11199999999999999,0.5,0.5,-0.10099999999999999,0.2560923397541046,0.014171211048960686,0.04325561225414276,,,1.0,normal
2588,10,scenario3_repeated_spike,SAC,50,1.0,0,0.060625,0.197,0.5,0.5,-0.1288125,0.4050982594490051,0.017202936112880707,0.046096645295619965,,,1.0,normal
2589,10,scenario3_repeated_spike,SAC,50,1.9000000000000004,0,0.0611875,0.19790000000000002,0.5,0.5,-0.12954375,0.5026605725288391,0.002732597989961505,0.021427230909466743,,,1.0,normal
2590,10,scenario3_repeated_spike,SAC,50,0.0,1,0.09,0.11199999999999999,0.5,0.5,-0.10099999999999999,0.18124262988567352,0.005347651429474354,0.02649526484310627,,,1.0,normal
2591,10,scenario3_repeated_spike,SAC,50,0.0,1,0.09,0.11199999999999999,0.5,0.5,-0.10099999999999999,0.1808105707168579,0.007298780605196953,0.03168341889977455,,,1.0,normal
2592,10,scenario3_repeated_spike,SAC,50,1.0,0,0.060625,0.197,0.5,0.5,-0.1288125,0.4111812710762024,0.009812452830374241,0.031431764364242554,,,1.0,normal
2593,10,scenario3_repeated_spike,SAC,50,0.0,1,0.09,0.11199999999999999,0.5,0.5,-0.10099999999999999,0.36717113852500916,0.008275249972939491,0.028795331716537476,,,1.0,normal
2594,10,scenario3_repeated_spike,SAC,50,1.0,0,0.060625,0.197,0.5,0.5,-0.1288125,0.48847800493240356,0.004219221416860819,0.02666129544377327,,,1.0,normal
2595,10,scenario3_repeated_spike,SAC,50,0.0,1,0.09,0.11199999999999999,0.5,0.5,-0.10099999999999999,0.5971519947052002,0.005387101322412491,0.02596938982605934,,,1.0,normal
2596,10,scenario3_repeated_spike,SAC,50,1.0,0,0.060625,0.197,0.5,0.5,-0.1288125,0.15323321521282196,0.004527931101620197,0.020092258229851723,,,1.0,normal
2597,10,scenario3_repeated_spike,SAC,50,1.9000000000000004,0,0.0611875,0.19790000000000002,0.5,0.5,-0.12954375,0.541045069694519,0.003996577113866806,0.028475966304540634,,,1.0,normal
2598,10,scenario3_repeated_spike,SAC,50,0.0,1,0.09,0.11199999999999999,0.5,0.5,-0.10099999999999999,0.3447144031524658,0.0030027360189706087,0.018796831369400024,,,1.0,normal
2599,10,scenario3_repeated_spike,SAC,50,0.0,1,0.09,0.11199999999999999,0.5,0.5,-0.10099999999999999,0.5112903118133545,0.002611673902720213,0.017399566248059273,,,1.0,normal
2600,10,scenario3_repeated_spike,SAC,50,1.0,0,0.060625,0.197,0.5,0.5,-0.1288125,0.21055354177951813,0.006126361899077892,0.01751457154750824,,,1.0,normal
2601,10,scenario3_repeated_spike,SAC,50,0.0,1,0.09,0.11199999999999999,0.5,0.5,-0.10099999999999999,0.439806193113327,0.012659016996622086,0.02954268641769886,,,1.0,normal
2602,10,scenario3_repeated_spike,SAC,50,0.0,1,0.09,0.11199999999999999,0.5,0.5,-0.10099999999999999,0.5174404382705688,0.0033768389839679003,0.024724392220377922,,,1.0,normal
2603,10,scenario3_repeated_spike,SAC,50,1.0,0,0.060625,0.197,0.5,0.5,-0.1288125,0.46876049041748047,0.0071460953913629055,0.02797887846827507,,,1.0,normal
2604,10,scenario3_repeated_spike,SAC,50,1.9000000000000004,0,0.0611875,0.19790000000000002,0.5,0.5,-0.12954375,0.3242199420928955,0.00037498166784644127,0.008484816178679466,,,1.0,normal
2605,10,scenario3_repeated_spike,SAC,50,0.0,1,0.09,0.11199999999999999,0.5,0.5,-0.10099999999999999,0.38800686597824097,0.007882597856223583,0.03501740097999573,,,1.0,normal
2606,10,scenario3_repeated_spike,SAC,50,1.0,0,0.060625,0.197,0.5,0.5,-0.1288125,0.25311172008514404,0.017341606318950653,0.03793027997016907,,,1.0,normal
2607,10,scenario3_repeated_spike,SAC,50,0.0,1,0.09,0.11199999999999999,0.5,0.5,-0.10099999999999999,0.34121865034103394,0.007016459479928017,0.03004424460232258,,,1.0,normal
2608,10,scenario3_repeated_spike,SAC,50,1.0,0,0.060625,0.197,0.5,0.5,-0.1288125,0.3999582827091217,0.0012962264008820057,0.014398579485714436,,,1.0,normal
2609,10,scenario3_repeated_spike,SAC,50,0.0,1,0.09,0.11199999999999999,0.5,0.5,-0.10099999999999999,0.5662266612052917,0.008288639597594738,0.0401989184319973,,,1.0,normal
2610,10,scenario3_repeated_spike,SAC,50,0.0,1,0.09,0.11199999999999999,0.5,0.5,-0.10099999999999999,0.42085713148117065,0.011276934295892715,0.03596542775630951,,,1.0,normal
2611,10,scenario3_repeated_spike,SAC,50,1.0,0,0.060625,0.197,0.5,0.5,-0.1288125,0.669546902179718,0.01296864915639162,0.050336118787527084,,,1.0,normal
2612,10,scenario3_repeated_spike,SAC,50,1.9000000000000004,0,0.0611875,0.19790000000000002,0.5,0.5,-0.12954375,0.5610142946243286,0.005915241315960884,0.03312067687511444,,,1.0,normal
2613,10,scenario3_repeated_spike,SAC,50,2.710000000000001,0,0.061693750000000006,0.19871000000000003,0.5,0.5,-0.13020187500000002,0.18574747443199158,0.0025108647532761097,0.015604609623551369,,,1.0,normal
2614,10,scenario3_repeated_spike,SAC,50,0.0,1,0.09,0.11199999999999999,0.5,0.5,-0.10099999999999999,0.2769837975502014,0.00413769856095314,0.024355821311473846,,,1.0,normal
2615,10,scenario3_repeated_spike,SAC,50,0.0,1,0.09,0.11199999999999999,0.5,0.5,-0.10099999999999999,0.4218072295188904,0.009387297555804253,0.02980930171906948,,,1.0,normal
2616,10,scenario3_repeated_spike,SAC,50,0.0,1,0.09,0.11199999999999999,0.5,0.5,-0.10099999999999999,0.4131479263305664,0.002974232193082571,0.0200100876390934,,,1.0,normal
2617,10,scenario3_repeated_spike,SAC,50,1.0,0,0.060625,0.197,0.5,0.5,-0.1288125,0.007566675543785095,0.0027248465921729803,0.015443122014403343,,,1.0,normal
2618,10,scenario3_repeated_spike,SAC,50,1.9000000000000004,0,0.0611875,0.19790000000000002,0.5,0.5,-0.12954375,0.27520129084587097,0.0024334965273737907,0.019223859533667564,,,1.0,normal
2619,10,scenario3_repeated_spike,SAC,50,0.0,1,0.09,0.11199999999999999,0.5,0.5,-0.10099999999999999,0.4794548451900482,0.0016078402986750007,0.014319142326712608,,,1.0,normal
2620,10,scenario3_repeated_spike,SAC,50,0.0,1,0.09,0.11199999999999999,0.5,0.5,-0.10099999999999999,0.34280332922935486,0.0052560679614543915,0.021663133054971695,,,1.0,normal
2621,10,scenario3_repeated_spike,SAC,50,1.0,0,0.060625,0.197,0.5,0.5,-0.1288125,0.49672001600265503,0.000886324152816087,0.010077719576656818,,,1.0,normal
2622,10,scenario3_repeated_spike,SAC,50,1.9000000000000004,0,0.0611875,0.19790000000000002,0.5,0.5,-0.12954375,0.2888546586036682,0.010579653084278107,0.02110469713807106,,,1.0,normal
2623,10,scenario3_repeated_spike,SAC,50,0.0,1,0.09,0.11199999999999999,0.5,0.5,-0.10099999999999999,0.19468942284584045,0.0016731178620830178,0.01457543671131134,,,1.0,normal
2624,10,scenario3_repeated_spike,SAC,50,0.0,1,0.09,0.11199999999999999,0.5,0.5,-0.10099999999999999,0.3693011999130249,0.013837363570928574,0.03478024899959564,,,1.0,normal
2625,10,scenario3_repeated_spike,SAC,50,0.0,1,0.09,0.11199999999999999,0.5,0.5,-0.10099999999999999,0.43503713607788086,0.004954493138939142,0.02728411555290222,,,1.0,normal
2626,10,scenario3_repeated_spike,SAC,50,0.0,1,0.09,0.11199999999999999,0.5,0.5,-0.10099999999999999,0.37982839345932007,0.0011363464873284101,0.012551848776638508,,,1.0,normal
2627,10,scenario3_repeated_spike,SAC,50,0.0,1,0.09,0.11199999999999999,0.5,0.5,-0.10099999999999999,0.3744717538356781,0.004430999979376793,0.02435840480029583,,,1.0,normal
2628,10,scenario3_repeated_spike,SAC,50,0.0,1,0.09,0.11199999999999999,0.5,0.5,-0.10099999999999999,0.4627566635608673,0.006059352774173021,0.030477559193968773,,,1.0,normal
2629,10,scenario3_repeated_spike,SAC,50,0.0,1,0.09,0.11199999999999999,0.5,0.5,-0.10099999999999999,0.18938936293125153,0.003060181625187397,0.01893693208694458,,,1.0,normal
2630,10,scenario3_repeated_spike,SAC,50,0.0,1,0.09,0.11199999999999999,0.5,0.5,-0.10099999999999999,0.518628716468811,0.005842842161655426,0.03073996677994728,,,1.0,normal
2631,10,scenario3_repeated_spike,SAC,50,0.0,1,0.09,0.11199999999999999,0.5,0.5,-0.10099999999999999,0.4564227759838104,0.0065649221651256084,0.030811699107289314,,,1.0,normal
2632,10,scenario3_repeated_spike,SAC,50,0.0,1,0.09,0.11199999999999999,0.5,0.5,-0.10099999999999999,0.5102313756942749,0.00971652939915657,0.03705199062824249,,,1.0,normal
2633,10,scenario3_repeated_spike,SAC,50,1.0,0,0.060625,0.197,0.5,0.5,-0.1288125,0.43301233649253845,0.0075544146820902824,0.032191067934036255,,,1.0,normal
2634,10,scenario3_repeated_spike,SAC,50,1.9000000000000004,0,0.0611875,0.19790000000000002,0.5,0.5,-0.12954375,0.44636356830596924,0.00930620077997446,0.034512959420681,,,1.0,normal
2635,10,scenario3_repeated_spike,SAC,50,0.0,1,0.09,0.11199999999999999,0.5,0.5,-0.10099999999999999,0.20437569916248322,0.003389995777979493,0.021209867671132088,,,1.0,normal
2636,10,scenario3_repeated_spike,SAC,50,1.0,0,0.060625,0.197,0.5,0.5,-0.1288125,0.1934415102005005,0.005111278034746647,0.02299136482179165,,,1.0,normal
2637,10,scenario3_repeated_spike,SAC,50,1.9000000000000004,0,0.0611875,0.19790000000000002,0.5,0.5,-0.12954375,0.36232316493988037,0.005154931452125311,0.023758530616760254,,,1.0,normal
2638,10,scenario3_repeated_spike,SAC,50,2.710000000000001,0,0.061693750000000006,0.19871000000000003,0.5,0.5,-0.13020187500000002,0.026827791705727577,0.003972351551055908,0.01897979900240898,,,1.0,normal
2639,10,scenario3_repeated_spike,SAC,50,0.0,1,0.09,0.11199999999999999,0.5,0.5,-0.10099999999999999,0.2935994863510132,0.008677841164171696,0.033768098801374435,,,1.0,normal
2640,10,scenario3_repeated_spike,SAC,50,0.0,1,0.09,0.11199999999999999,0.5,0.5,-0.10099999999999999,0.45091283321380615,0.009196080267429352,0.03583630919456482,,,1.0,normal
2641,10,scenario3_repeated_spike,SAC,50,1.0,0,0.060625,0.197,0.5,0.5,-0.1288125,0.5169882774353027,0.012648161500692368,0.03182505816221237,,,1.0,normal
2642,10,scenario3_repeated_spike,SAC,50,1.9000000000000004,0,0.0611875,0.19790000000000002,0.5,0.5,-0.12954375,0.2550329267978668,0.010350467637181282,0.01777869090437889,,,1.0,normal
2643,10,scenario3_repeated_spike,SAC,50,2.710000000000001,0,0.061693750000000006,0.19871000000000003,0.5,0.5,-0.13020187500000002,0.3289376497268677,0.0027465117163956165,0.01983659900724888,,,1.0,normal
2644,10,scenario3_repeated_spike,SAC,50,3.439,0,0.062149375,0.199439,0.5,0.5,-0.1307941875,0.39061689376831055,0.00473475456237793,0.02306544966995716,,,1.0,normal
2645,10,scenario3_repeated_spike,SAC,50,4.0951,0,0.06255943750000001,0.20009510000000003,0.5,0.5,-0.13132726875,0.5394723415374756,0.0052138338796794415,0.026429107412695885,,,1.0,normal
2646,10,scenario3_repeated_spike,SAC,50,0.0,1,0.09,0.11199999999999999,0.5,0.5,-0.10099999999999999,0.3564792275428772,0.008444929495453835,0.03752605989575386,,,1.0,normal
2647,10,scenario3_repeated_spike,SAC,50,1.0,0,0.060625,0.197,0.5,0.5,-0.1288125,0.4203769564628601,0.018236974254250526,0.04321460425853729,,,1.0,normal
2648,10,scenario3_repeated_spike,SAC,50,0.0,1,0.09,0.11199999999999999,0.5,0.5,-0.10099999999999999,0.427101194858551,0.015465520322322845,0.04293566197156906,,,1.0,normal
2649,10,scenario3_repeated_spike,SAC,50,0.0,1,0.09,0.11199999999999999,0.5,0.5,-0.10099999999999999,0.3902505934238434,0.0038896084297448397,0.026067987084388733,,,1.0,normal
2650,10,scenario3_repeated_spike,SAC,50,0.0,1,0.09,0.11199999999999999,0.5,0.5,-0.10099999999999999,0.5653288960456848,0.008483480662107468,0.03699367493391037,,,1.0,normal
2651,10,scenario3_repeated_spike,SAC,50,1.0,0,0.060625,0.197,0.5,0.5,-0.1288125,0.23852413892745972,0.009522991254925728,0.03635363653302193,,,1.0,normal
2652,10,scenario3_repeated_spike,SAC,50,0.0,1,0.09,0.11199999999999999,0.5,0.5,-0.10099999999999999,0.23525452613830566,0.010242357850074768,0.03860585018992424,,,1.0,normal
2653,10,scenario3_repeated_spike,SAC,50,0.0,1,0.09,0.11199999999999999,0.5,0.5,-0.10099999999999999,0.4165935814380646,0.004736659117043018,0.029207229614257812,,,1.0,normal
2654,10,scenario3_repeated_spike,SAC,50,1.0,0,0.060625,0.197,0.5,0.5,-0.1288125,0.3222646713256836,0.004525243770331144,0.021704385057091713,,,1.0,normal
2655,10,scenario3_repeated_spike,SAC,50,1.9000000000000004,0,0.0611875,0.19790000000000002,0.5,0.5,-0.12954375,0.5333269834518433,0.00993109866976738,0.044160742312669754,,,1.0,normal
2656,10,scenario3_repeated_spike,SAC,50,2.710000000000001,0,0.061693750000000006,0.19871000000000003,0.5,0.5,-0.13020187500000002,0.2597651779651642,0.0035138526000082493,0.02433878928422928,,,1.0,normal
2657,10,scenario3_repeated_spike,SAC,50,3.439,0,0.062149375,0.199439,0.5,0.5,-0.1307941875,0.1958322823047638,0.007501942105591297,0.018906665965914726,,,1.0,normal
2658,10,scenario3_repeated_spike,SAC,50,4.0951,0,0.06255943750000001,0.20009510000000003,0.5,0.5,-0.13132726875,0.44110018014907837,0.014742406085133553,0.04805140197277069,,,1.0,normal
2659,10,scenario3_repeated_spike,SAC,50,4.685590000000001,0,0.06292849375000001,0.20068559000000002,0.5,0.5,-0.13180704187500003,0.3908621668815613,0.020335029810667038,0.04558181017637253,,,1.0,normal
2660,10,scenario3_repeated_spike,SAC,50,0.0,1,0.09,0.11199999999999999,0.5,0.5,-0.10099999999999999,0.5861753821372986,0.011939000338315964,0.04814281314611435,,,1.0,normal
2661,10,scenario3_repeated_spike,SAC,50,1.0,0,0.060625,0.197,0.5,0.5,-0.1288125,0.4875383675098419,0.014663636684417725,0.03546908497810364,,,1.0,normal
2662,10,scenario3_repeated_spike,SAC,50,1.9000000000000004,0,0.0611875,0.19790000000000002,0.5,0.5,-0.12954375,0.500165581703186,0.003028951119631529,0.021876130253076553,,,1.0,normal
2663,10,scenario3_repeated_spike,SAC,50,0.0,1,0.09,0.11199999999999999,0.5,0.5,-0.10099999999999999,0.022442840039730072,0.0033687888644635677,0.020649099722504616,,,1.0,normal
2664,10,scenario3_repeated_spike,SAC,50,0.0,1,0.09,0.11199999999999999,0.5,0.5,-0.10099999999999999,0.1494925320148468,0.00606574397534132,0.027849603444337845,,,1.0,normal
2665,10,scenario3_repeated_spike,SAC,50,0.0,1,0.09,0.11199999999999999,0.5,0.5,-0.10099999999999999,0.47165602445602417,0.005643569398671389,0.028101438656449318,,,1.0,normal
2666,10,scenario3_repeated_spike,SAC,50,0.0,1,0.09,0.11199999999999999,0.5,0.5,-0.10099999999999999,0.3477422893047333,0.0016256829258054495,0.0150217916816473,,,1.0,normal
2667,10,scenario3_repeated_spike,SAC,50,0.0,1,0.09,0.11199999999999999,0.5,0.5,-0.10099999999999999,0.2208930104970932,0.004947567358613014,0.02157304249703884,,,1.0,normal
2668,10,scenario3_repeated_spike,SAC,50,1.0,0,0.060625,0.197,0.5,0.5,-0.1288125,0.20461565256118774,0.004990251734852791,0.020332517102360725,,,1.0,normal
2669,10,scenario3_repeated_spike,SAC,50,1.9000000000000004,0,0.0611875,0.19790000000000002,0.5,0.5,-0.12954375,0.3926703929901123,0.014005349949002266,0.032671261578798294,,,1.0,normal
2670,10,scenario3_repeated_spike,SAC,50,2.710000000000001,0,0.061693750000000006,0.19871000000000003,0.5,0.5,-0.13020187500000002,0.42709586024284363,0.00623876228928566,0.03074515610933304,,,1.0,normal
2671,10,scenario3_repeated_spike,SAC,50,0.0,1,0.09,0.11199999999999999,0.5,0.5,-0.10099999999999999,0.277809202671051,0.0016420097090303898,0.014922172762453556,,,1.0,normal
2672,10,scenario3_repeated_spike,SAC,50,0.0,1,0.09,0.11199999999999999,0.5,0.5,-0.10099999999999999,0.6342177391052246,0.0043166037648916245,0.027301164343953133,,,1.0,normal
2673,10,scenario3_repeated_spike,SAC,50,0.0,1,0.09,0.11199999999999999,0.5,0.5,-0.10099999999999999,0.44946980476379395,0.00545943109318614,0.028851939365267754,,,1.0,normal
2674,10,scenario3_repeated_spike,SAC,50,0.0,1,0.09,0.11199999999999999,0.5,0.5,-0.10099999999999999,0.40190473198890686,0.0029375581070780754,0.019919130951166153,,,1.0,normal
2675,10,scenario3_repeated_spike,SAC,50,1.0,0,0.060625,0.197,0.5,0.5,-0.1288125,0.20269322395324707,0.0023681758902966976,0.017122749239206314,,,1.0,normal
2676,10,scenario3_repeated_spike,SAC,50,0.0,1,0.09,0.11199999999999999,0.5,0.5,-0.10099999999999999,0.34689974784851074,0.004013169556856155,0.026153165847063065,,,1.0,normal
2677,10,scenario3_repeated_spike,SAC,50,1.0,0,0.060625,0.197,0.5,0.5,-0.1288125,0.3172450363636017,0.006930995266884565,0.028760751709342003,,,1.0,normal
2678,10,scenario3_repeated_spike,SAC,50,0.0,1,0.09,0.11199999999999999,0.5,0.5,-0.10099999999999999,0.3637133836746216,0.0026303783524781466,0.01920514926314354,,,1.0,normal
2679,10,scenario3_repeated_spike,SAC,50,1.0,0,0.060625,0.197,0.5,0.5,-0.1288125,0.3666509985923767,0.004636047873646021,0.022660817950963974,,,1.0,normal
2680,10,scenario3_repeated_spike,SAC,50,0.0,1,0.09,0.11199999999999999,0.5,0.5,-0.10099999999999999,0.3831014931201935,0.0067582931369543076,0.023724084720015526,,,1.0,normal
2681,10,scenario3_repeated_spike,SAC,50,0.0,1,0.09,0.11199999999999999,0.5,0.5,-0.10099999999999999,0.14758478105068207,0.007407829165458679,0.027959471568465233,,,1.0,normal
2682,10,scenario3_repeated_spike,SAC,50,0.0,1,0.09,0.11199999999999999,0.5,0.5,-0.10099999999999999,0.3826926052570343,0.011181303299963474,0.039612576365470886,,,1.0,normal
2683,10,scenario3_repeated_spike,SAC,50,0.0,1,0.09,0.11199999999999999,0.5,0.5,-0.10099999999999999,0.3065081536769867,0.009508165530860424,0.03254010155797005,,,1.0,normal
2684,10,scenario3_repeated_spike,SAC,50,1.0,0,0.060625,0.197,0.5,0.5,-0.1288125,0.31399106979370117,0.005815966986119747,0.03098738007247448,,,1.0,normal
2685,10,scenario3_repeated_spike,SAC,50,1.9000000000000004,0,0.0611875,0.19790000000000002,0.5,0.5,-0.12954375,0.34128448367118835,0.01154417172074318,0.02610199898481369,,,1.0,normal
2686,10,scenario3_repeated_spike,SAC,50,2.710000000000001,0,0.061693750000000006,0.19871000000000003,0.5,0.5,-0.13020187500000002,0.28151971101760864,0.00416679959744215,0.021793043240904808,,,1.0,normal
2687,10,scenario3_repeated_spike,SAC,50,0.0,1,0.09,0.11199999999999999,0.5,0.5,-0.10099999999999999,0.5152715444564819,0.014413265511393547,0.04602065682411194,,,1.0,normal
2688,10,scenario3_repeated_spike,SAC,50,0.0,1,0.09,0.11199999999999999,0.5,0.5,-0.10099999999999999,0.3334745466709137,0.012968922965228558,0.04022105783224106,,,1.0,normal
2689,10,scenario3_repeated_spike,SAC,50,1.0,0,0.060625,0.197,0.5,0.5,-0.1288125,0.49327901005744934,0.01240187231451273,0.04254907742142677,,,1.0,normal
2690,10,scenario3_repeated_spike,SAC,50,1.9000000000000004,0,0.0611875,0.19790000000000002,0.5,0.5,-0.12954375,0.317503422498703,0.006461233366280794,0.027115099132061005,,,1.0,normal
2691,10,scenario3_repeated_spike,SAC,50,0.0,1,0.09,0.11199999999999999,0.5,0.5,-0.10099999999999999,0.3187614679336548,0.003167268820106983,0.022691288962960243,,,1.0,normal
2692,10,scenario3_repeated_spike,SAC,50,1.0,0,0.060625,0.197,0.5,0.5,-0.1288125,0.40218067169189453,0.0041289436630904675,0.022285787388682365,,,1.0,normal
2693,10,scenario3_repeated_spike,SAC,50,0.0,1,0.09,0.11199999999999999,0.5,0.5,-0.10099999999999999,0.3227260410785675,0.006611044052988291,0.0290085319429636,,,1.0,normal
2694,10,scenario3_repeated_spike,SAC,50,0.0,1,0.09,0.11199999999999999,0.5,0.5,-0.10099999999999999,0.1846824288368225,0.016134826466441154,0.030752789229154587,,,1.0,normal
2695,10,scenario3_repeated_spike,SAC,50,1.0,0,0.060625,0.197,0.5,0.5,-0.1288125,0.1006743460893631,0.004017883446067572,0.019245510920882225,,,1.0,normal
2696,10,scenario3_repeated_spike,SAC,50,1.9000000000000004,0,0.0611875,0.19790000000000002,0.5,0.5,-0.12954375,0.22622141242027283,0.0010046580573543906,0.012818277813494205,,,1.0,normal
2697,10,scenario3_repeated_spike,SAC,50,2.710000000000001,0,0.061693750000000006,0.19871000000000003,0.5,0.5,-0.13020187500000002,0.3996427357196808,0.010756289586424828,0.02253531850874424,,,1.0,normal
2698,10,scenario3_repeated_spike,SAC,50,0.0,1,0.09,0.11199999999999999,0.5,0.5,-0.10099999999999999,0.34973156452178955,0.006195952650159597,0.026623718440532684,,,1.0,normal
2699,10,scenario3_repeated_spike,SAC,50,1.0,0,0.060625,0.197,0.5,0.5,-0.1288125,0.5411832332611084,0.0036234776489436626,0.022756021469831467,,,1.0,normal
2700,10,scenario3_repeated_spike,SAC,50,0.0,1,0.09,0.11199999999999999,0.5,0.5,-0.10099999999999999,0.09979969263076782,0.0020505920983850956,0.014932910911738873,,,1.0,normal
2701,10,scenario3_repeated_spike,SAC,50,0.0,1,0.09,0.11199999999999999,0.5,0.5,-0.10099999999999999,0.38161614537239075,0.005810730159282684,0.03035384602844715,,,1.0,normal
2702,10,scenario3_repeated_spike,SAC,50,0.0,1,0.09,0.11199999999999999,0.5,0.5,-0.10099999999999999,0.29955488443374634,0.009254374541342258,0.031458787620067596,,,1.0,normal
2703,10,scenario3_repeated_spike,SAC,50,1.0,0,0.060625,0.197,0.5,0.5,-0.1288125,0.595348060131073,0.0020514049101620913,0.012663766741752625,,,1.0,normal
2704,10,scenario3_repeated_spike,SAC,50,0.0,1,0.09,0.11199999999999999,0.5,0.5,-0.10099999999999999,0.6679007411003113,0.006536461412906647,0.03656025230884552,,,1.0,normal
2705,10,scenario3_repeated_spike,SAC,50,1.0,0,0.060625,0.197,0.5,0.5,-0.1288125,0.38019073009490967,0.0026158958207815886,0.019044023007154465,,,1.0,normal
2706,10,scenario3_repeated_spike,SAC,50,0.0,1,0.09,0.11199999999999999,0.5,0.5,-0.10099999999999999,0.37414616346359253,0.002509940881282091,0.020342227071523666,,,1.0,normal
2707,10,scenario3_repeated_spike,SAC,50,0.0,1,0.09,0.11199999999999999,0.5,0.5,-0.10099999999999999,0.7280789613723755,0.03091021440923214,0.07711157202720642,,,1.0,normal
2708,10,scenario3_repeated_spike,SAC,50,0.0,1,0.09,0.11199999999999999,0.5,0.5,-0.10099999999999999,0.6964004635810852,0.028186721727252007,0.07005573064088821,,,1.0,normal
2709,10,scenario3_repeated_spike,SAC,50,1.0,0,0.060625,0.197,0.5,0.5,-0.1288125,0.10537748038768768,0.013867869973182678,0.02862980216741562,,,1.0,normal
2710,10,scenario3_repeated_spike,SAC,50,0.0,1,0.09,0.11199999999999999,0.5,0.5,-0.10099999999999999,0.5942821502685547,0.00245539634488523,0.019616127014160156,,,1.0,normal
2711,10,scenario3_repeated_spike,SAC,50,0.0,1,0.09,0.11199999999999999,0.5,0.5,-0.10099999999999999,0.3177604079246521,0.007049299776554108,0.028796803206205368,,,1.0,normal
2712,10,scenario3_repeated_spike,SAC,50,0.0,1,0.09,0.11199999999999999,0.5,0.5,-0.10099999999999999,0.39006340503692627,0.015097921714186668,0.04395511746406555,,,1.0,normal
2713,10,scenario3_repeated_spike,SAC,50,0.0,1,0.09,0.11199999999999999,0.5,0.5,-0.10099999999999999,0.25776609778404236,0.008087906055152416,0.028723394498229027,,,1.0,normal
2714,10,scenario3_repeated_spike,SAC,50,0.0,1,0.09,0.11199999999999999,0.5,0.5,-0.10099999999999999,0.31784892082214355,0.007410906255245209,0.028582820668816566,,,1.0,normal
2715,10,scenario3_repeated_spike,SAC,50,1.0,0,0.060625,0.197,0.5,0.5,-0.1288125,0.22538502514362335,0.006348951254040003,0.026969194412231445,,,1.0,normal
2716,10,scenario3_repeated_spike,SAC,50,1.9000000000000004,0,0.0611875,0.19790000000000002,0.5,0.5,-0.12954375,0.35398349165916443,0.012465797364711761,0.044083114713430405,,,1.0,normal
2717,10,scenario3_repeated_spike,SAC,50,0.0,1,0.09,0.11199999999999999,0.5,0.5,-0.10099999999999999,0.3261561691761017,0.009885041043162346,0.03820248320698738,,,1.0,normal
2718,10,scenario3_repeated_spike,SAC,50,0.0,1,0.09,0.11199999999999999,0.5,0.5,-0.10099999999999999,0.5603646039962769,0.005181559361517429,0.02947695553302765,,,1.0,normal
2719,10,scenario3_repeated_spike,SAC,50,0.0,1,0.09,0.11199999999999999,0.5,0.5,-0.10099999999999999,0.35190892219543457,0.0058909873478114605,0.030421873554587364,,,1.0,normal
2720,10,scenario3_repeated_spike,SAC,50,0.0,1,0.09,0.11199999999999999,0.5,0.5,-0.10099999999999999,0.3516461253166199,0.008958416059613228,0.038183849304914474,,,1.0,normal
2721,10,scenario3_repeated_spike,SAC,50,1.0,0,0.060625,0.197,0.5,0.5,-0.1288125,0.22368286550045013,0.005129430443048477,0.023527881130576134,,,1.0,normal
2722,10,scenario3_repeated_spike,SAC,50,0.0,1,0.09,0.11199999999999999,0.5,0.5,-0.10099999999999999,0.4925990104675293,0.0009213417652063072,0.013176437467336655,,,1.0,normal
2723,10,scenario3_repeated_spike,SAC,50,1.0,0,0.060625,0.197,0.5,0.5,-0.1288125,0.4091604948043823,0.020688969641923904,0.046445608139038086,,,1.0,normal
2724,10,scenario3_repeated_spike,SAC,50,0.0,1,0.09,0.11199999999999999,0.5,0.5,-0.10099999999999999,0.30103185772895813,0.014575470238924026,0.04458380490541458,,,1.0,normal
2725,10,scenario3_repeated_spike,SAC,50,1.0,0,0.060625,0.197,0.5,0.5,-0.1288125,0.263187438249588,0.01419755257666111,0.0456104651093483,,,1.0,normal
2726,10,scenario3_repeated_spike,SAC,50,1.9000000000000004,0,0.0611875,0.19790000000000002,0.5,0.5,-0.12954375,0.3337264060974121,0.006266802549362183,0.03143731504678726,,,1.0,normal
2727,10,scenario3_repeated_spike,SAC,50,0.0,1,0.09,0.11199999999999999,0.5,0.5,-0.10099999999999999,0.38224294781684875,0.004824538715183735,0.02461334317922592,,,1.0,normal
2728,10,scenario3_repeated_spike,SAC,50,0.0,1,0.09,0.11199999999999999,0.5,0.5,-0.10099999999999999,0.4602355360984802,0.014565953984856606,0.044475167989730835,,,1.0,normal
2729,10,scenario3_repeated_spike,SAC,50,1.0,0,0.060625,0.197,0.5,0.5,-0.1288125,0.44582945108413696,0.012202145531773567,0.0449608713388443,,,1.0,normal
2730,10,scenario3_repeated_spike,SAC,50,1.9000000000000004,0,0.0611875,0.19790000000000002,0.5,0.5,-0.12954375,0.34170547127723694,0.007646357640624046,0.0187789686024189,,,1.0,normal
2731,10,scenario3_repeated_spike,SAC,50,0.0,1,0.09,0.11199999999999999,0.5,0.5,-0.10099999999999999,0.5309213995933533,0.016468361020088196,0.05331549793481827,,,1.0,normal
2732,10,scenario3_repeated_spike,SAC,50,0.0,1,0.09,0.11199999999999999,0.5,0.5,-0.10099999999999999,0.5012511610984802,0.02248695306479931,0.0590670108795166,,,1.0,normal
2733,10,scenario3_repeated_spike,SAC,50,1.0,0,0.060625,0.197,0.5,0.5,-0.1288125,0.10212044417858124,0.01381393801420927,0.028296999633312225,,,1.0,normal
2734,10,scenario3_repeated_spike,SAC,50,0.0,1,0.09,0.11199999999999999,0.5,0.5,-0.10099999999999999,0.3865223526954651,0.0113003458827734,0.0335504524409771,,,1.0,normal
2735,10,scenario3_repeated_spike,SAC,50,0.0,1,0.09,0.11199999999999999,0.5,0.5,-0.10099999999999999,0.3835454285144806,0.005119320936501026,0.03029799275100231,,,1.0,normal
2736,10,scenario3_repeated_spike,SAC,50,1.0,0,0.060625,0.197,0.5,0.5,-0.1288125,0.3954264521598816,0.007845412939786911,0.03398565575480461,,,1.0,normal
2737,10,scenario3_repeated_spike,SAC,50,0.0,1,0.09,0.11199999999999999,0.5,0.5,-0.10099999999999999,0.46353673934936523,0.0033915084786713123,0.021473487839102745,,,1.0,normal
2738,10,scenario3_repeated_spike,SAC,50,0.0,1,0.09,0.11199999999999999,0.5,0.5,-0.10099999999999999,0.5074518322944641,0.005872185807675123,0.031052930280566216,,,1.0,normal
2739,10,scenario3_repeated_spike,SAC,50,1.0,0,0.060625,0.197,0.5,0.5,-0.1288125,0.4413565397262573,0.0032483399845659733,0.021925196051597595,,,1.0,normal
2740,10,scenario3_repeated_spike,SAC,50,0.0,1,0.09,0.11199999999999999,0.5,0.5,-0.10099999999999999,0.2754128575325012,0.0014594458043575287,0.015382952988147736,,,1.0,normal
2741,10,scenario3_repeated_spike,SAC,50,0.0,1,0.09,0.11199999999999999,0.5,0.5,-0.10099999999999999,0.38702669739723206,0.008603776805102825,0.03149431571364403,,,1.0,normal
2742,10,scenario3_repeated_spike,SAC,50,1.0,0,0.060625,0.197,0.5,0.5,-0.1288125,0.3647277355194092,0.003080693306401372,0.02106780931353569,,,1.0,normal
2743,10,scenario3_repeated_spike,SAC,50,0.0,1,0.09,0.11199999999999999,0.5,0.5,-0.10099999999999999,0.33196479082107544,0.0035604399163275957,0.02533913590013981,,,1.0,normal
2744,10,scenario3_repeated_spike,SAC,50,0.0,1,0.09,0.11199999999999999,0.5,0.5,-0.10099999999999999,0.6487336158752441,0.005230369977653027,0.027333514764904976,,,1.0,normal
2745,10,scenario3_repeated_spike,SAC,50,0.0,1,0.09,0.11199999999999999,0.5,0.5,-0.10099999999999999,0.31356680393218994,0.0030435663647949696,0.022015739232301712,,,1.0,normal
2746,10,scenario3_repeated_spike,SAC,50,1.0,0,0.060625,0.197,0.5,0.5,-0.1288125,0.19426849484443665,0.004838703200221062,0.026199188083410263,,,1.0,normal
2747,10,scenario3_repeated_spike,SAC,50,1.9000000000000004,0,0.0611875,0.19790000000000002,0.5,0.5,-0.12954375,0.16644498705863953,0.0027892726939171553,0.02002844028174877,,,1.0,normal
2748,10,scenario3_repeated_spike,SAC,50,2.710000000000001,0,0.061693750000000006,0.19871000000000003,0.5,0.5,-0.13020187500000002,0.38826024532318115,0.004044654313474894,0.022388827055692673,,,1.0,normal
2749,10,scenario3_repeated_spike,SAC,50,0.0,1,0.09,0.11199999999999999,0.5,0.5,-0.10099999999999999,0.18841584026813507,0.002163595985621214,0.01569315791130066,,,1.0,normal
2750,10,scenario3_repeated_spike,SAC,50,1.0,0,0.060625,0.197,0.5,0.5,-0.1288125,0.4365183115005493,0.00531324977055192,0.023485105484724045,,,1.0,normal
2751,10,scenario3_repeated_spike,SAC,50,1.9000000000000004,0,0.0611875,0.19790000000000002,0.5,0.5,-0.12954375,0.2476329654455185,0.007536636665463448,0.019703730940818787,,,1.0,normal
2752,10,scenario3_repeated_spike,SAC,50,2.710000000000001,0,0.061693750000000006,0.19871000000000003,0.5,0.5,-0.13020187500000002,0.26121246814727783,0.0014769884292036295,0.01187298446893692,,,1.0,normal
2753,10,scenario3_repeated_spike,SAC,50,0.0,1,0.09,0.11199999999999999,0.5,0.5,-0.10099999999999999,0.34924182295799255,0.002938727382570505,0.02171916700899601,,,1.0,normal
2754,10,scenario3_repeated_spike,SAC,50,1.0,0,0.060625,0.197,0.5,0.5,-0.1288125,0.1588689535856247,0.006559836678206921,0.023326940834522247,,,1.0,normal
2755,10,scenario3_repeated_spike,SAC,50,0.0,1,0.09,0.11199999999999999,0.5,0.5,-0.10099999999999999,0.31484073400497437,0.008065514266490936,0.03183251619338989,,,1.0,normal
2756,10,scenario3_repeated_spike,SAC,50,1.0,0,0.060625,0.197,0.5,0.5,-0.1288125,0.3421591520309448,0.002858323510736227,0.02134951390326023,,,1.0,normal
2757,10,scenario3_repeated_spike,SAC,50,1.9000000000000004,0,0.0611875,0.19790000000000002,0.5,0.5,-0.12954375,0.4693033695220947,0.006399891339242458,0.02564345858991146,,,1.0,normal
2758,10,scenario3_repeated_spike,SAC,50,0.0,1,0.09,0.11199999999999999,0.5,0.5,-0.10099999999999999,0.6064176559448242,0.00991882849484682,0.04044265300035477,,,1.0,normal
2759,10,scenario3_repeated_spike,SAC,50,0.0,1,0.09,0.11199999999999999,0.5,0.5,-0.10099999999999999,0.1731274574995041,0.005639555398374796,0.025170518085360527,,,1.0,normal
2760,10,scenario3_repeated_spike,SAC,50,1.0,0,0.060625,0.197,0.5,0.5,-0.1288125,0.4792836606502533,0.010908503085374832,0.038117073476314545,,,1.0,normal
2761,10,scenario3_repeated_spike,SAC,50,0.0,1,0.09,0.11199999999999999,0.5,0.5,-0.10099999999999999,0.4984768331050873,0.025467757135629654,0.053844600915908813,,,1.0,normal
2762,10,scenario3_repeated_spike,SAC,50,1.0,0,0.060625,0.197,0.5,0.5,-0.1288125,0.3262251913547516,0.002981350291520357,0.02188830077648163,,,1.0,normal
2763,10,scenario3_repeated_spike,SAC,50,0.0,1,0.09,0.11199999999999999,0.5,0.5,-0.10099999999999999,0.2627878189086914,0.007725738454610109,0.02942449226975441,,,1.0,normal
2764,10,scenario3_repeated_spike,SAC,50,1.0,0,0.060625,0.197,0.5,0.5,-0.1288125,0.29809117317199707,0.013442445546388626,0.04534577950835228,,,1.0,normal
2765,10,scenario3_repeated_spike,SAC,50,0.0,1,0.09,0.11199999999999999,0.5,0.5,-0.10099999999999999,0.36084020137786865,0.018211927264928818,0.05143188312649727,,,1.0,normal
2766,10,scenario3_repeated_spike,SAC,50,1.0,0,0.060625,0.197,0.5,0.5,-0.1288125,0.6398494839668274,0.011488040909171104,0.04009797051548958,,,1.0,normal
2767,10,scenario3_repeated_spike,SAC,50,0.0,1,0.09,0.11199999999999999,0.5,0.5,-0.10099999999999999,0.40454715490341187,0.0056229387409985065,0.026736488565802574,,,1.0,normal
2768,10,scenario3_repeated_spike,SAC,50,1.0,0,0.060625,0.197,0.5,0.5,-0.1288125,0.598605215549469,0.0115102119743824,0.04308898001909256,,,1.0,normal
2769,10,scenario3_repeated_spike,SAC,50,0.0,1,0.09,0.11199999999999999,0.5,0.5,-0.10099999999999999,0.7292807102203369,0.014380266889929771,0.05404922366142273,,,1.0,normal
2770,10,scenario3_repeated_spike,SAC,50,0.0,1,0.09,0.11199999999999999,0.5,0.5,-0.10099999999999999,0.1564330905675888,0.003340011928230524,0.014373916201293468,,,1.0,normal
2771,10,scenario3_repeated_spike,SAC,50,0.0,1,0.09,0.11199999999999999,0.5,0.5,-0.10099999999999999,0.42468878626823425,0.0074041616171598434,0.032975539565086365,,,1.0,normal
2772,10,scenario3_repeated_spike,SAC,50,1.0,0,0.060625,0.197,0.5,0.5,-0.1288125,0.5036858916282654,0.015006206929683685,0.03886314108967781,,,1.0,normal
2773,10,scenario3_repeated_spike,SAC,50,0.0,1,0.09,0.11199999999999999,0.5,0.5,-0.10099999999999999,0.25578564405441284,0.0048239221796393394,0.019087400287389755,,,1.0,normal
2774,10,scenario3_repeated_spike,SAC,50,1.0,0,0.060625,0.197,0.5,0.5,-0.1288125,0.5331958532333374,0.004445022437721491,0.028344925493001938,,,1.0,normal
2775,10,scenario3_repeated_spike,SAC,50,1.9000000000000004,0,0.0611875,0.19790000000000002,0.5,0.5,-0.12954375,0.16106262803077698,0.006002058740705252,0.022839725017547607,,,1.0,normal
2776,10,scenario3_repeated_spike,SAC,50,0.0,1,0.09,0.11199999999999999,0.5,0.5,-0.10099999999999999,0.33401253819465637,0.0026481449604034424,0.014632336795330048,,,1.0,normal
2777,10,scenario3_repeated_spike,SAC,50,0.0,1,0.09,0.11199999999999999,0.5,0.5,-0.10099999999999999,0.37749192118644714,0.004095252603292465,0.02468494139611721,,,1.0,normal
2778,10,scenario3_repeated_spike,SAC,50,0.0,1,0.09,0.11199999999999999,0.5,0.5,-0.10099999999999999,0.30350372195243835,0.008384774439036846,0.03304516524076462,,,1.0,normal
2779,10,scenario3_repeated_spike,SAC,50,0.0,1,0.09,0.11199999999999999,0.5,0.5,-0.10099999999999999,0.2578279376029968,0.016077250242233276,0.03399564325809479,,,1.0,normal
2780,10,scenario3_repeated_spike,SAC,50,0.0,1,0.09,0.11199999999999999,0.5,0.5,-0.10099999999999999,0.5092798471450806,0.0020825183019042015,0.017101246863603592,,,1.0,normal
2781,10,scenario3_repeated_spike,SAC,50,0.0,1,0.09,0.11199999999999999,0.5,0.5,-0.10099999999999999,0.39625775814056396,0.005519548896700144,0.024332668632268906,,,1.0,normal
2782,10,scenario3_repeated_spike,SAC,50,1.0,0,0.060625,0.197,0.5,0.5,-0.1288125,0.43501225113868713,0.00890512764453888,0.03766852989792824,,,1.0,normal
2783,10,scenario3_repeated_spike,SAC,50,0.0,1,0.09,0.11199999999999999,0.5,0.5,-0.10099999999999999,0.1601330041885376,0.004573837388306856,0.02086123451590538,,,1.0,normal
2784,10,scenario3_repeated_spike,SAC,50,1.0,0,0.060625,0.197,0.5,0.5,-0.1288125,0.2246256172657013,0.004072010517120361,0.01719774678349495,,,1.0,normal
2785,10,scenario3_repeated_spike,SAC,50,0.0,1,0.09,0.11199999999999999,0.5,0.5,-0.10099999999999999,0.35772964358329773,0.010299190878868103,0.0350588820874691,,,1.0,normal
2786,10,scenario3_repeated_spike,SAC,50,1.0,0,0.060625,0.197,0.5,0.5,-0.1288125,0.28453758358955383,0.0029573068022727966,0.01824761927127838,,,1.0,normal
2787,10,scenario3_repeated_spike,SAC,50,0.0,1,0.09,0.11199999999999999,0.5,0.5,-0.10099999999999999,0.42681610584259033,0.0042206114158034325,0.017358526587486267,,,1.0,normal
2788,10,scenario3_repeated_spike,SAC,50,1.0,0,0.060625,0.197,0.5,0.5,-0.1288125,0.35014161467552185,0.002700542565435171,0.017610855400562286,,,1.0,normal
2789,10,scenario3_repeated_spike,SAC,50,1.9000000000000004,0,0.0611875,0.19790000000000002,0.5,0.5,-0.12954375,0.33662357926368713,0.0032767988741397858,0.014792898669838905,,,1.0,normal
2790,10,scenario3_repeated_spike,SAC,50,0.0,1,0.09,0.11199999999999999,0.5,0.5,-0.10099999999999999,0.4128374457359314,0.0016411497490480542,0.014920924790203571,,,1.0,normal
2791,10,scenario3_repeated_spike,SAC,50,1.0,0,0.060625,0.197,0.5,0.5,-0.1288125,0.25205284357070923,0.0034640831872820854,0.020534168928861618,,,1.0,normal
2792,10,scenario3_repeated_spike,SAC,50,1.9000000000000004,0,0.0611875,0.19790000000000002,0.5,0.5,-0.12954375,0.5675744414329529,0.01022661104798317,0.039995670318603516,,,1.0,normal
2793,10,scenario3_repeated_spike,SAC,50,0.0,1,0.09,0.11199999999999999,0.5,0.5,-0.10099999999999999,0.22804075479507446,0.019182484596967697,0.03781435266137123,,,1.0,normal
2794,10,scenario3_repeated_spike,SAC,50,0.0,1,0.09,0.11199999999999999,0.5,0.5,-0.10099999999999999,0.25545603036880493,0.005784607492387295,0.025119340047240257,,,1.0,normal
2795,10,scenario3_repeated_spike,SAC,50,1.0,0,0.060625,0.197,0.5,0.5,-0.1288125,0.38017669320106506,0.005749712698161602,0.022882862016558647,,,1.0,normal
2796,10,scenario3_repeated_spike,SAC,50,1.9000000000000004,0,0.0611875,0.19790000000000002,0.5,0.5,-0.12954375,0.5072258114814758,0.01173652708530426,0.03797478601336479,,,1.0,normal
2797,10,scenario3_repeated_spike,SAC,50,0.0,1,0.09,0.11199999999999999,0.5,0.5,-0.10099999999999999,0.2639469504356384,0.008746253326535225,0.028172800317406654,,,1.0,normal
2798,10,scenario3_repeated_spike,SAC,50,0.0,1,0.09,0.11199999999999999,0.5,0.5,-0.10099999999999999,0.5200939774513245,0.01569085195660591,0.04873551428318024,,,1.0,normal
2799,10,scenario3_repeated_spike,SAC,50,0.0,1,0.09,0.11199999999999999,0.5,0.5,-0.10099999999999999,0.43509989976882935,0.008525177836418152,0.035131264477968216,,,1.0,normal
2800,10,scenario3_repeated_spike,SAC,50,1.0,0,0.060625,0.197,0.5,0.5,-0.1288125,0.3507031202316284,0.0020596885588020086,0.017199460417032242,,,1.0,normal
2801,10,scenario3_repeated_spike,SAC,50,1.9000000000000004,0,0.0611875,0.19790000000000002,0.5,0.5,-0.12954375,0.37375301122665405,0.007301982492208481,0.030266642570495605,,,1.0,normal
2802,10,scenario3_repeated_spike,SAC,50,2.710000000000001,0,0.061693750000000006,0.19871000000000003,0.5,0.5,-0.13020187500000002,0.4414863884449005,0.01516683865338564,0.03608580678701401,,,1.0,normal
2803,10,scenario3_repeated_spike,SAC,50,3.439,0,0.062149375,0.199439,0.5,0.5,-0.1307941875,0.3858130872249603,0.0037183742970228195,0.019265830516815186,,,1.0,normal
2804,10,scenario3_repeated_spike,SAC,50,4.0951,0,0.06255943750000001,0.20009510000000003,0.5,0.5,-0.13132726875,0.611949622631073,0.001686455449089408,0.018833041191101074,,,1.0,normal
2805,10,scenario3_repeated_spike,SAC,50,0.0,1,0.09,0.11199999999999999,0.5,0.5,-0.10099999999999999,0.45793434977531433,0.006559341214597225,0.029119227081537247,,,1.0,normal
2806,10,scenario3_repeated_spike,SAC,50,1.0,0,0.060625,0.197,0.5,0.5,-0.1288125,0.3505585491657257,0.01385856606066227,0.027164891362190247,,,1.0,normal
2807,10,scenario3_repeated_spike,SAC,50,1.9000000000000004,0,0.0611875,0.19790000000000002,0.5,0.5,-0.12954375,0.42515984177589417,0.0024081519804894924,0.016740474849939346,,,1.0,normal
2808,10,scenario3_repeated_spike,SAC,50,2.710000000000001,0,0.061693750000000006,0.19871000000000003,0.5,0.5,-0.13020187500000002,0.1381455659866333,0.0024058592971414328,0.017791084945201874,,,1.0,normal
2809,10,scenario3_repeated_spike,SAC,50,3.439,0,0.062149375,0.199439,0.5,0.5,-0.1307941875,0.35234788060188293,0.012764109298586845,0.027528751641511917,,,1.0,normal
2810,10,scenario3_repeated_spike,SAC,50,0.0,1,0.09,0.11199999999999999,0.5,0.5,-0.10099999999999999,0.42051947116851807,0.0011481435503810644,0.011894591152668,,,1.0,normal
2811,10,scenario3_repeated_spike,SAC,50,0.0,1,0.09,0.11199999999999999,0.5,0.5,-0.10099999999999999,0.43172746896743774,0.003641146933659911,0.021986111998558044,,,1.0,normal
2812,10,scenario3_repeated_spike,SAC,50,1.0,0,0.060625,0.197,0.5,0.5,-0.1288125,0.3614386022090912,0.0016707490431144834,0.01794765703380108,,,1.0,normal
2813,10,scenario3_repeated_spike,SAC,50,1.9000000000000004,0,0.0611875,0.19790000000000002,0.5,0.5,-0.12954375,0.3335166573524475,0.004959440790116787,0.024177324026823044,,,1.0,normal
2814,10,scenario3_repeated_spike,SAC,50,2.710000000000001,0,0.061693750000000006,0.19871000000000003,0.5,0.5,-0.13020187500000002,0.2917964458465576,0.013758313842117786,0.030254168435931206,,,1.0,normal
2815,10,scenario3_repeated_spike,SAC,50,0.0,1,0.09,0.11199999999999999,0.5,0.5,-0.10099999999999999,0.5064918398857117,0.0050722332671284676,0.0282614603638649,,,1.0,normal
2816,10,scenario3_repeated_spike,SAC,50,1.0,0,0.060625,0.197,0.5,0.5,-0.1288125,0.29615265130996704,0.004300008062273264,0.02523178420960903,,,1.0,normal
2817,10,scenario3_repeated_spike,SAC,50,0.0,1,0.09,0.11199999999999999,0.5,0.5,-0.10099999999999999,0.2996668815612793,0.006884199101477861,0.026694953441619873,,,1.0,normal
2818,10,scenario3_repeated_spike,SAC,50,1.0,0,0.060625,0.197,0.5,0.5,-0.1288125,0.25754767656326294,0.0035989591851830482,0.019203655421733856,,,1.0,normal
2819,10,scenario3_repeated_spike,SAC,50,0.0,1,0.09,0.11199999999999999,0.5,0.5,-0.10099999999999999,0.2929377853870392,0.0028820144943892956,0.013092520646750927,,,1.0,normal
2820,10,scenario3_repeated_spike,SAC,50,0.0,1,0.09,0.11199999999999999,0.5,0.5,-0.10099999999999999,0.17115139961242676,0.0023186886683106422,0.013650215230882168,,,1.0,normal
2821,10,scenario3_repeated_spike,SAC,50,0.0,1,0.09,0.11199999999999999,0.5,0.5,-0.10099999999999999,0.3290087878704071,0.008977390825748444,0.022156359627842903,,,1.0,normal
2822,10,scenario3_repeated_spike,SAC,50,0.0,1,0.09,0.11199999999999999,0.5,0.5,-0.10099999999999999,0.5439143776893616,0.011527074500918388,0.033517155796289444,,,1.0,normal
2823,10,scenario3_repeated_spike,SAC,50,0.0,1,0.09,0.11199999999999999,0.5,0.5,-0.10099999999999999,0.24407970905303955,0.007522153668105602,0.02710498869419098,,,1.0,normal
2824,10,scenario3_repeated_spike,SAC,50,1.0,0,0.060625,0.197,0.5,0.5,-0.1288125,0.4440089464187622,0.0094686858355999,0.029211008921265602,,,1.0,normal
2825,10,scenario3_repeated_spike,SAC,50,1.9000000000000004,0,0.0611875,0.19790000000000002,0.5,0.5,-0.12954375,0.6211410760879517,0.004118815064430237,0.023059125989675522,,,1.0,normal
2826,10,scenario3_repeated_spike,SAC,50,2.710000000000001,0,0.061693750000000006,0.19871000000000003,0.5,0.5,-0.13020187500000002,0.34717485308647156,0.0015560206957161427,0.014195812866091728,,,1.0,normal
2827,10,scenario3_repeated_spike,SAC,50,0.0,1,0.09,0.11199999999999999,0.5,0.5,-0.10099999999999999,0.3170948028564453,0.002901261206716299,0.016710549592971802,,,1.0,normal
2828,10,scenario3_repeated_spike,SAC,50,1.0,0,0.060625,0.197,0.5,0.5,-0.1288125,0.5158823728561401,0.00590892881155014,0.029985545203089714,,,1.0,normal
2829,10,scenario3_repeated_spike,SAC,50,0.0,1,0.09,0.11199999999999999,0.5,0.5,-0.10099999999999999,0.414096862077713,0.0017613241216167808,0.017161626368761063,,,1.0,normal
2830,10,scenario3_repeated_spike,SAC,50,0.0,1,0.09,0.11199999999999999,0.5,0.5,-0.10099999999999999,0.25070619583129883,0.00658096419647336,0.02156098186969757,,,1.0,normal
2831,10,scenario3_repeated_spike,SAC,50,0.0,1,0.09,0.11199999999999999,0.5,0.5,-0.10099999999999999,0.4093095660209656,0.004716740921139717,0.0193900465965271,,,1.0,normal
2832,10,scenario3_repeated_spike,SAC,50,0.0,1,0.09,0.11199999999999999,0.5,0.5,-0.10099999999999999,0.2609352469444275,0.0036966027691960335,0.01965116336941719,,,1.0,normal
2833,10,scenario3_repeated_spike,SAC,50,0.0,1,0.09,0.11199999999999999,0.5,0.5,-0.10099999999999999,0.27848249673843384,0.003365033306181431,0.02130971848964691,,,1.0,normal
2834,10,scenario3_repeated_spike,SAC,50,1.0,0,0.060625,0.197,0.5,0.5,-0.1288125,0.41852936148643494,0.006303471513092518,0.025181302800774574,,,1.0,normal
2835,10,scenario3_repeated_spike,SAC,50,0.0,1,0.09,0.11199999999999999,0.5,0.5,-0.10099999999999999,0.3147381544113159,0.007233273237943649,0.02858240157365799,,,1.0,normal
2836,10,scenario3_repeated_spike,SAC,50,1.0,0,0.060625,0.197,0.5,0.5,-0.1288125,0.27861255407333374,0.005639079958200455,0.024494510143995285,,,1.0,normal
2837,10,scenario3_repeated_spike,SAC,50,0.0,1,0.09,0.11199999999999999,0.5,0.5,-0.10099999999999999,0.4168570935726166,0.013666551560163498,0.023485779762268066,,,1.0,normal
2838,10,scenario3_repeated_spike,SAC,50,1.0,0,0.060625,0.197,0.5,0.5,-0.1288125,0.5378742218017578,0.003696531755849719,0.02570837177336216,,,1.0,normal
2839,10,scenario3_repeated_spike,SAC,50,1.9000000000000004,0,0.0611875,0.19790000000000002,0.5,0.5,-0.12954375,0.3788781762123108,0.005200948100537062,0.025494152680039406,,,1.0,normal
2840,10,scenario3_repeated_spike,SAC,50,2.710000000000001,0,0.061693750000000006,0.19871000000000003,0.5,0.5,-0.13020187500000002,0.27691346406936646,0.003931197803467512,0.020316753536462784,,,1.0,normal
2841,10,scenario3_repeated_spike,SAC,50,0.0,1,0.09,0.11199999999999999,0.5,0.5,-0.10099999999999999,0.2417748123407364,0.005162427201867104,0.022271936759352684,,,1.0,normal
2842,10,scenario3_repeated_spike,SAC,50,1.0,0,0.060625,0.197,0.5,0.5,-0.1288125,0.40435799956321716,0.007178101688623428,0.029275991022586823,,,1.0,normal
2843,10,scenario3_repeated_spike,SAC,50,0.0,1,0.09,0.11199999999999999,0.5,0.5,-0.10099999999999999,0.2945041358470917,0.0028794915415346622,0.01595982536673546,,,1.0,normal
2844,10,scenario3_repeated_spike,SAC,50,0.0,1,0.09,0.11199999999999999,0.5,0.5,-0.10099999999999999,0.19604671001434326,0.001405797665938735,0.013342619873583317,,,1.0,normal
2845,10,scenario3_repeated_spike,SAC,50,0.0,1,0.09,0.11199999999999999,0.5,0.5,-0.10099999999999999,0.6197196245193481,0.001520085847005248,0.01667441427707672,,,1.0,normal
2846,10,scenario3_repeated_spike,SAC,50,1.0,0,0.060625,0.197,0.5,0.5,-0.1288125,0.29045233130455017,0.006032034754753113,0.025296073406934738,,,1.0,normal
2847,10,scenario3_repeated_spike,SAC,50,0.0,1,0.09,0.11199999999999999,0.5,0.5,-0.10099999999999999,0.4713382124900818,0.010208262130618095,0.029798900708556175,,,1.0,normal
2848,10,scenario3_repeated_spike,SAC,50,0.0,1,0.09,0.11199999999999999,0.5,0.5,-0.10099999999999999,0.43939241766929626,0.0010989918373525143,0.012069099582731724,,,1.0,normal
2849,10,scenario3_repeated_spike,SAC,50,0.0,1,0.09,0.11199999999999999,0.5,0.5,-0.10099999999999999,0.44450050592422485,0.004584134090691805,0.023048335686326027,,,1.0,normal
2850,10,scenario3_repeated_spike,SAC,50,0.0,1,0.09,0.11199999999999999,0.5,0.5,-0.10099999999999999,0.1311349719762802,0.0039017251692712307,0.0187050960958004,,,1.0,normal
2851,10,scenario3_repeated_spike,SAC,50,1.0,0,0.060625,0.197,0.5,0.5,-0.1288125,0.4190428853034973,0.007039787247776985,0.031308967620134354,,,1.0,normal
2852,10,scenario3_repeated_spike,SAC,50,0.0,1,0.09,0.11199999999999999,0.5,0.5,-0.10099999999999999,0.5098879337310791,0.013826899230480194,0.03397641330957413,,,1.0,normal
2853,10,scenario3_repeated_spike,SAC,50,0.0,1,0.09,0.11199999999999999,0.5,0.5,-0.10099999999999999,0.5656511187553406,0.00694767851382494,0.029454194009304047,,,1.0,normal
2854,10,scenario3_repeated_spike,SAC,50,0.0,1,0.09,0.11199999999999999,0.5,0.5,-0.10099999999999999,0.36656758189201355,0.005111189559102058,0.02935914881527424,,,1.0,normal
2855,10,scenario3_repeated_spike,SAC,50,1.0,0,0.060625,0.197,0.5,0.5,-0.1288125,0.35950300097465515,0.006316008977591991,0.029403040185570717,,,1.0,normal
2856,10,scenario3_repeated_spike,SAC,50,1.9000000000000004,0,0.0611875,0.19790000000000002,0.5,0.5,-0.12954375,0.5259925127029419,0.0023772611748427153,0.019515451043844223,,,1.0,normal
2857,10,scenario3_repeated_spike,SAC,50,2.710000000000001,0,0.061693750000000006,0.19871000000000003,0.5,0.5,-0.13020187500000002,0.4961310029029846,0.004555858206003904,0.028231116011738777,,,1.0,normal
2858,10,scenario3_repeated_spike,SAC,50,3.439,0,0.062149375,0.199439,0.5,0.5,-0.1307941875,0.4254067540168762,0.01230733934789896,0.032864078879356384,,,1.0,normal
2859,10,scenario3_repeated_spike,SAC,50,0.0,1,0.09,0.11199999999999999,0.5,0.5,-0.10099999999999999,0.29952529072761536,0.0034531857818365097,0.018912630155682564,,,1.0,normal
2860,10,scenario3_repeated_spike,SAC,50,1.0,0,0.060625,0.197,0.5,0.5,-0.1288125,0.48970136046409607,0.003033985383808613,0.02121766284108162,,,1.0,normal
2861,10,scenario3_repeated_spike,SAC,50,0.0,1,0.09,0.11199999999999999,0.5,0.5,-0.10099999999999999,0.2923782169818878,0.00812087394297123,0.03262801468372345,,,1.0,normal
2862,10,scenario3_repeated_spike,SAC,50,1.0,0,0.060625,0.197,0.5,0.5,-0.1288125,0.3553885221481323,0.0033956090919673443,0.023522065952420235,,,1.0,normal
2863,10,scenario3_repeated_spike,SAC,50,1.9000000000000004,0,0.0611875,0.19790000000000002,0.5,0.5,-0.12954375,0.32551056146621704,0.0030968240462243557,0.019177589565515518,,,1.0,normal
2864,10,scenario3_repeated_spike,SAC,50,0.0,1,0.09,0.11199999999999999,0.5,0.5,-0.10099999999999999,0.24918675422668457,0.00245673768222332,0.016688205301761627,,,1.0,normal
2865,10,scenario3_repeated_spike,SAC,50,1.0,0,0.060625,0.197,0.5,0.5,-0.1288125,0.4088413417339325,0.0017262729816138744,0.012377620674669743,,,1.0,normal
2866,10,scenario3_repeated_spike,SAC,50,1.9000000000000004,0,0.0611875,0.19790000000000002,0.5,0.5,-0.12954375,0.336200088262558,0.003508185502141714,0.024000734090805054,,,1.0,normal
2867,10,scenario3_repeated_spike,SAC,50,2.710000000000001,0,0.061693750000000006,0.19871000000000003,0.5,0.5,-0.13020187500000002,0.3314862549304962,0.008305837400257587,0.030184661969542503,,,1.0,normal
2868,10,scenario3_repeated_spike,SAC,50,0.0,1,0.09,0.11199999999999999,0.5,0.5,-0.10099999999999999,0.4715312123298645,0.007105338387191296,0.027237780392169952,,,1.0,normal
2869,10,scenario3_repeated_spike,SAC,50,1.0,0,0.060625,0.197,0.5,0.5,-0.1288125,0.20058295130729675,0.0031872871331870556,0.014587276615202427,,,1.0,normal
2870,10,scenario3_repeated_spike,SAC,50,0.0,1,0.09,0.11199999999999999,0.5,0.5,-0.10099999999999999,0.3972722291946411,0.006759260781109333,0.027759993448853493,,,1.0,normal
2871,10,scenario3_repeated_spike,SAC,50,1.0,0,0.060625,0.197,0.5,0.5,-0.1288125,0.3739025592803955,0.005107467994093895,0.027927035465836525,,,1.0,normal
2872,10,scenario3_repeated_spike,SAC,50,1.9000000000000004,0,0.0611875,0.19790000000000002,0.5,0.5,-0.12954375,0.367353230714798,0.006798946764320135,0.020840289071202278,,,1.0,normal
2873,10,scenario3_repeated_spike,SAC,50,2.710000000000001,0,0.061693750000000006,0.19871000000000003,0.5,0.5,-0.13020187500000002,0.36385372281074524,0.009649988263845444,0.03552303463220596,,,1.0,normal
2874,10,scenario3_repeated_spike,SAC,50,0.0,1,0.09,0.11199999999999999,0.5,0.5,-0.10099999999999999,0.24795664846897125,0.0053890421986579895,0.025344105437397957,,,1.0,normal
2875,10,scenario3_repeated_spike,SAC,50,1.0,0,0.060625,0.197,0.5,0.5,-0.1288125,0.6129617691040039,0.019694432616233826,0.03979909420013428,,,1.0,normal
2876,10,scenario3_repeated_spike,SAC,50,0.0,1,0.09,0.11199999999999999,0.5,0.5,-0.10099999999999999,0.5915824770927429,0.010079923085868359,0.03204920515418053,,,1.0,normal
2877,10,scenario3_repeated_spike,SAC,50,0.0,1,0.09,0.11199999999999999,0.5,0.5,-0.10099999999999999,0.2223803550004959,0.0018684063106775284,0.01336647104471922,,,1.0,normal
2878,10,scenario3_repeated_spike,SAC,50,0.0,1,0.09,0.11199999999999999,0.5,0.5,-0.10099999999999999,0.3790760338306427,0.002616103272885084,0.01875637099146843,,,1.0,normal
2879,10,scenario3_repeated_spike,SAC,50,0.0,1,0.09,0.11199999999999999,0.5,0.5,-0.10099999999999999,0.43118080496788025,0.0024203802458941936,0.02000747248530388,,,1.0,normal
2880,10,scenario3_repeated_spike,SAC,50,1.0,0,0.060625,0.197,0.5,0.5,-0.1288125,0.12760213017463684,0.0012828202452510595,0.011653859168291092,,,1.0,normal
2881,10,scenario3_repeated_spike,SAC,50,0.0,1,0.09,0.11199999999999999,0.5,0.5,-0.10099999999999999,0.3521474003791809,0.0021402244456112385,0.016793267801404,,,1.0,normal
2882,10,scenario3_repeated_spike,SAC,50,1.0,0,0.060625,0.197,0.5,0.5,-0.1288125,0.3114427328109741,0.0013578018406406045,0.012542013078927994,,,1.0,normal
2883,10,scenario3_repeated_spike,SAC,50,1.9000000000000004,0,0.0611875,0.19790000000000002,0.5,0.5,-0.12954375,0.31662726402282715,0.002199216280132532,0.017024826258420944,,,1.0,normal
2884,10,scenario3_repeated_spike,SAC,50,0.0,1,0.09,0.11199999999999999,0.5,0.5,-0.10099999999999999,0.5519384145736694,0.00045131833758205175,0.008027208037674427,,,1.0,normal
2885,10,scenario3_repeated_spike,SAC,50,1.0,0,0.060625,0.197,0.5,0.5,-0.1288125,0.134146049618721,0.002435821108520031,0.016046693548560143,,,1.0,normal
2886,10,scenario3_repeated_spike,SAC,50,0.0,1,0.09,0.11199999999999999,0.5,0.5,-0.10099999999999999,0.3841565251350403,0.0057714274153113365,0.028456300497055054,,,1.0,normal
2887,10,scenario3_repeated_spike,SAC,50,0.0,1,0.09,0.11199999999999999,0.5,0.5,-0.10099999999999999,0.45930737257003784,0.002943781204521656,0.018115011975169182,,,1.0,normal
2888,10,scenario3_repeated_spike,SAC,50,0.0,1,0.09,0.11199999999999999,0.5,0.5,-0.10099999999999999,0.4043043851852417,0.0032894625328481197,0.024704571813344955,,,1.0,normal
2889,10,scenario3_repeated_spike,SAC,50,0.0,1,0.09,0.11199999999999999,0.5,0.5,-0.10099999999999999,0.1443510353565216,0.0032466459088027477,0.01633557677268982,,,1.0,normal
2890,10,scenario3_repeated_spike,SAC,50,0.0,1,0.09,0.11199999999999999,0.5,0.5,-0.10099999999999999,0.3921506702899933,0.003367998404428363,0.020015930756926537,,,1.0,normal
2891,10,scenario3_repeated_spike,SAC,50,1.0,0,0.060625,0.197,0.5,0.5,-0.1288125,0.32000401616096497,0.0008730186382308602,0.010254080407321453,,,1.0,normal
2892,10,scenario3_repeated_spike,SAC,50,1.9000000000000004,0,0.0611875,0.19790000000000002,0.5,0.5,-0.12954375,0.3912448287010193,0.0049409265629947186,0.025192199274897575,,,1.0,normal
2893,10,scenario3_repeated_spike,SAC,50,0.0,1,0.09,0.11199999999999999,0.5,0.5,-0.10099999999999999,0.3301958739757538,0.009461075067520142,0.027638014405965805,,,1.0,normal
2894,10,scenario3_repeated_spike,SAC,50,0.0,1,0.09,0.11199999999999999,0.5,0.5,-0.10099999999999999,0.4764537215232849,0.006293678656220436,0.0268824752420187,,,1.0,normal
2895,10,scenario3_repeated_spike,SAC,50,0.0,1,0.09,0.11199999999999999,0.5,0.5,-0.10099999999999999,0.32359662652015686,0.002996184164658189,0.017705921083688736,,,1.0,normal
2896,10,scenario3_repeated_spike,SAC,50,0.0,1,0.09,0.11199999999999999,0.5,0.5,-0.10099999999999999,0.46093419194221497,0.002898253034800291,0.0199817456305027,,,1.0,normal
2897,10,scenario3_repeated_spike,SAC,50,0.0,1,0.09,0.11199999999999999,0.5,0.5,-0.10099999999999999,0.20809240639209747,0.0054909600876271725,0.02184666320681572,,,1.0,normal
2898,10,scenario3_repeated_spike,SAC,50,1.0,0,0.060625,0.197,0.5,0.5,-0.1288125,0.24164076149463654,0.0029791370034217834,0.0162656307220459,,,1.0,normal
2899,10,scenario3_repeated_spike,SAC,50,0.0,1,0.09,0.11199999999999999,0.5,0.5,-0.10099999999999999,0.17586064338684082,0.010130778886377811,0.031503576785326004,,,1.0,normal
2900,10,scenario3_repeated_spike,SAC,50,0.0,1,0.09,0.11199999999999999,0.5,0.5,-0.10099999999999999,0.2005675733089447,0.006249134428799152,0.026163464412093163,,,1.0,normal
2901,10,scenario3_repeated_spike,SAC,50,1.0,0,0.060625,0.197,0.5,0.5,-0.1288125,0.33082306385040283,0.004957500845193863,0.023136552423238754,,,1.0,normal
2902,10,scenario3_repeated_spike,SAC,50,0.0,1,0.09,0.11199999999999999,0.5,0.5,-0.10099999999999999,0.11774767935276031,0.02054770477116108,0.026868734508752823,,,1.0,normal
2903,10,scenario3_repeated_spike,SAC,50,0.0,1,0.09,0.11199999999999999,0.5,0.5,-0.10099999999999999,0.39250630140304565,0.012909485958516598,0.03264177590608597,,,1.0,normal
2904,10,scenario3_repeated_spike,SAC,50,0.0,1,0.09,0.11199999999999999,0.5,0.5,-0.10099999999999999,0.5783313512802124,0.012465430423617363,0.03850656375288963,,,1.0,normal
2905,10,scenario3_repeated_spike,SAC,50,0.0,1,0.09,0.11199999999999999,0.5,0.5,-0.10099999999999999,0.28056034445762634,0.003113874699920416,0.01489055436104536,,,1.0,normal
2906,10,scenario3_repeated_spike,SAC,50,0.0,1,0.09,0.11199999999999999,0.5,0.5,-0.10099999999999999,0.2795056700706482,0.0059218937531113625,0.027141161262989044,,,1.0,normal
2907,10,scenario3_repeated_spike,SAC,50,0.0,1,0.09,0.11199999999999999,0.5,0.5,-0.10099999999999999,0.37392204999923706,0.014922507107257843,0.04837296903133392,,,1.0,normal
2908,10,scenario3_repeated_spike,SAC,50,0.0,1,0.09,0.11199999999999999,0.5,0.5,-0.10099999999999999,0.2918514013290405,0.00823924783617258,0.03412138670682907,,,1.0,normal
2909,10,scenario3_repeated_spike,SAC,50,0.0,1,0.09,0.11199999999999999,0.5,0.5,-0.10099999999999999,0.36113694310188293,0.02106485888361931,0.0319739505648613,,,1.0,normal
2910,10,scenario3_repeated_spike,SAC,50,1.0,0,0.060625,0.197,0.5,0.5,-0.1288125,0.2861003279685974,0.0021408440079540014,0.01189335435628891,,,1.0,normal
2911,10,scenario3_repeated_spike,SAC,50,0.0,1,0.09,0.11199999999999999,0.5,0.5,-0.10099999999999999,0.2882685363292694,0.00946301594376564,0.026263535022735596,,,1.0,normal
2912,10,scenario3_repeated_spike,SAC,50,1.0,0,0.060625,0.197,0.5,0.5,-0.1288125,0.521546483039856,0.012148153968155384,0.04574047774076462,,,1.0,normal
2913,10,scenario3_repeated_spike,SAC,50,0.0,1,0.09,0.11199999999999999,0.5,0.5,-0.10099999999999999,0.5203069448471069,0.008852073922753334,0.037516091018915176,,,1.0,normal
2914,10,scenario3_repeated_spike,SAC,50,0.0,1,0.09,0.11199999999999999,0.5,0.5,-0.10099999999999999,0.11643408983945847,0.0018171152332797647,0.014999029226601124,,,1.0,normal
2915,10,scenario3_repeated_spike,SAC,50,1.0,0,0.060625,0.197,0.5,0.5,-0.1288125,0.195857971906662,0.004007834941148758,0.023877151310443878,,,1.0,normal
2916,10,scenario3_repeated_spike,SAC,50,0.0,1,0.09,0.11199999999999999,0.5,0.5,-0.10099999999999999,0.5662233829498291,0.00573712820187211,0.03283417597413063,,,1.0,normal
2917,10,scenario3_repeated_spike,SAC,50,1.0,0,0.060625,0.197,0.5,0.5,-0.1288125,0.5352716445922852,0.02272791415452957,0.05247042700648308,,,1.0,normal
2918,10,scenario3_repeated_spike,SAC,50,1.9000000000000004,0,0.0611875,0.19790000000000002,0.5,0.5,-0.12954375,0.5708308219909668,0.01133668702095747,0.042363639920949936,,,1.0,normal
2919,10,scenario3_repeated_spike,SAC,50,2.710000000000001,0,0.061693750000000006,0.19871000000000003,0.5,0.5,-0.13020187500000002,0.46244463324546814,0.01815374754369259,0.05943616107106209,,,1.0,normal
2920,10,scenario3_repeated_spike,SAC,50,0.0,1,0.09,0.11199999999999999,0.5,0.5,-0.10099999999999999,0.2527528405189514,0.010229372419416904,0.0373082235455513,,,1.0,normal
2921,10,scenario3_repeated_spike,SAC,50,1.0,0,0.060625,0.197,0.5,0.5,-0.1288125,0.31067267060279846,0.009463858790695667,0.037852928042411804,,,1.0,normal
2922,10,scenario3_repeated_spike,SAC,50,1.9000000000000004,0,0.0611875,0.19790000000000002,0.5,0.5,-0.12954375,0.46543484926223755,0.009094927459955215,0.04118729382753372,,,1.0,normal
2923,10,scenario3_repeated_spike,SAC,50,0.0,1,0.09,0.11199999999999999,0.5,0.5,-0.10099999999999999,0.3134714961051941,0.006278952118009329,0.03005853295326233,,,1.0,normal
2924,10,scenario3_repeated_spike,SAC,50,0.0,1,0.09,0.11199999999999999,0.5,0.5,-0.10099999999999999,0.3042753338813782,0.018055979162454605,0.03947338089346886,,,1.0,normal
2925,10,scenario3_repeated_spike,SAC,50,0.0,1,0.09,0.11199999999999999,0.5,0.5,-0.10099999999999999,0.42211058735847473,0.010553177446126938,0.03961244970560074,,,1.0,normal
2926,10,scenario3_repeated_spike,SAC,50,1.0,0,0.060625,0.197,0.5,0.5,-0.1288125,0.5872991681098938,0.00249563530087471,0.021699532866477966,,,1.0,normal
2927,10,scenario3_repeated_spike,SAC,50,1.9000000000000004,0,0.0611875,0.19790000000000002,0.5,0.5,-0.12954375,0.3015035390853882,0.0047011421993374825,0.024144912138581276,,,1.0,normal
2928,10,scenario3_repeated_spike,SAC,50,0.0,1,0.09,0.11199999999999999,0.5,0.5,-0.10099999999999999,0.3871912658214569,0.00997224822640419,0.03730631247162819,,,1.0,normal
2929,10,scenario3_repeated_spike,SAC,50,0.0,1,0.09,0.11199999999999999,0.5,0.5,-0.10099999999999999,0.4097719192504883,0.005009403917938471,0.027227943763136864,,,1.0,normal
2930,10,scenario3_repeated_spike,SAC,50,0.0,1,0.09,0.11199999999999999,0.5,0.5,-0.10099999999999999,0.2480880618095398,0.0019458387978374958,0.014249637722969055,,,1.0,normal
2931,10,scenario3_repeated_spike,SAC,50,1.0,0,0.060625,0.197,0.5,0.5,-0.1288125,0.41153159737586975,0.007173703983426094,0.03166232258081436,,,1.0,normal
2932,10,scenario3_repeated_spike,SAC,50,0.0,1,0.09,0.11199999999999999,0.5,0.5,-0.10099999999999999,0.22770783305168152,0.008905341848731041,0.03211972117424011,,,1.0,normal
2933,10,scenario3_repeated_spike,SAC,50,1.0,0,0.060625,0.197,0.5,0.5,-0.1288125,0.23711785674095154,0.01742519438266754,0.032618530094623566,,,1.0,normal
2934,10,scenario3_repeated_spike,SAC,50,1.9000000000000004,0,0.0611875,0.19790000000000002,0.5,0.5,-0.12954375,0.33769986033439636,0.0033071511425077915,0.020608391612768173,,,1.0,normal
2935,10,scenario3_repeated_spike,SAC,50,0.0,1,0.09,0.11199999999999999,0.5,0.5,-0.10099999999999999,0.24067305028438568,0.002137004630640149,0.014218677766621113,,,1.0,normal
2936,10,scenario3_repeated_spike,SAC,50,0.0,1,0.09,0.11199999999999999,0.5,0.5,-0.10099999999999999,0.15125903487205505,0.0027662862557917833,0.0154159190133214,,,1.0,normal
2937,10,scenario3_repeated_spike,SAC,50,1.0,0,0.060625,0.197,0.5,0.5,-0.1288125,0.3226623237133026,0.002547356067225337,0.019418396055698395,,,1.0,normal
2938,10,scenario3_repeated_spike,SAC,50,1.9000000000000004,0,0.0611875,0.19790000000000002,0.5,0.5,-0.12954375,0.47283899784088135,0.0027265693061053753,0.013944758102297783,,,1.0,normal
2939,10,scenario3_repeated_spike,SAC,50,2.710000000000001,0,0.061693750000000006,0.19871000000000003,0.5,0.5,-0.13020187500000002,0.40527865290641785,0.003190675051882863,0.02153366059064865,,,1.0,normal
2940,10,scenario3_repeated_spike,SAC,50,3.439,0,0.062149375,0.199439,0.5,0.5,-0.1307941875,0.26281994581222534,0.006379588507115841,0.02711494266986847,,,1.0,normal
2941,10,scenario3_repeated_spike,SAC,50,0.0,1,0.09,0.11199999999999999,0.5,0.5,-0.10099999999999999,0.4710468649864197,0.0013712365180253983,0.013875494711101055,,,1.0,normal
2942,10,scenario3_repeated_spike,SAC,50,1.0,0,0.060625,0.197,0.5,0.5,-0.1288125,0.4975927770137787,0.01575799472630024,0.03264843672513962,,,1.0,normal
2943,10,scenario3_repeated_spike,SAC,50,1.9000000000000004,0,0.0611875,0.19790000000000002,0.5,0.5,-0.12954375,0.2979884743690491,0.0025450962129980326,0.018497949466109276,,,1.0,normal
2944,10,scenario3_repeated_spike,SAC,50,0.0,1,0.09,0.11199999999999999,0.5,0.5,-0.10099999999999999,0.40460002422332764,0.0031719673424959183,0.017429234459996223,,,1.0,normal
2945,10,scenario3_repeated_spike,SAC,50,1.0,0,0.060625,0.197,0.5,0.5,-0.1288125,0.34261754155158997,0.0019731707870960236,0.016057075932621956,,,1.0,normal
2946,10,scenario3_repeated_spike,SAC,50,0.0,1,0.09,0.11199999999999999,0.5,0.5,-0.10099999999999999,0.35225486755371094,0.0016918422188609838,0.015710899606347084,,,1.0,normal
2947,10,scenario3_repeated_spike,SAC,50,1.0,0,0.060625,0.197,0.5,0.5,-0.1288125,0.20676562190055847,0.0028758228290826082,0.01528002880513668,,,1.0,normal
2948,10,scenario3_repeated_spike,SAC,50,0.0,1,0.09,0.11199999999999999,0.5,0.5,-0.10099999999999999,0.1861811727285385,0.0022007417865097523,0.016520129516720772,,,1.0,normal
2949,10,scenario3_repeated_spike,SAC,50,1.0,0,0.060625,0.197,0.5,0.5,-0.1288125,0.5445873737335205,0.01362850796431303,0.03783690556883812,,,1.0,normal
2950,10,scenario3_repeated_spike,SAC,50,0.0,1,0.09,0.11199999999999999,0.5,0.5,-0.10099999999999999,0.39695146679878235,0.0026358221657574177,0.02032773196697235,,,1.0,normal
2951,10,scenario3_repeated_spike,SAC,50,1.0,0,0.060625,0.197,0.5,0.5,-0.1288125,0.23928193747997284,0.0016294845845550299,0.013571957126259804,,,1.0,normal
2952,10,scenario3_repeated_spike,SAC,50,1.9000000000000004,0,0.0611875,0.19790000000000002,0.5,0.5,-0.12954375,0.31043022871017456,0.0026503573171794415,0.016013629734516144,,,1.0,normal
2953,10,scenario3_repeated_spike,SAC,50,0.0,1,0.09,0.11199999999999999,0.5,0.5,-0.10099999999999999,0.35652104020118713,0.0015113330446183681,0.014710028655827045,,,1.0,normal
2954,10,scenario3_repeated_spike,SAC,50,0.0,1,0.09,0.11199999999999999,0.5,0.5,-0.10099999999999999,0.3139764368534088,0.005504722706973553,0.02168133482336998,,,1.0,normal
2955,10,scenario3_repeated_spike,SAC,50,0.0,1,0.09,0.11199999999999999,0.5,0.5,-0.10099999999999999,0.21518947184085846,0.0031209969893097878,0.018271848559379578,,,1.0,normal
2956,10,scenario3_repeated_spike,SAC,50,0.0,1,0.09,0.11199999999999999,0.5,0.5,-0.10099999999999999,0.48902255296707153,0.0030027679167687893,0.023712007328867912,,,1.0,normal
2957,10,scenario3_repeated_spike,SAC,50,0.0,1,0.09,0.11199999999999999,0.5,0.5,-0.10099999999999999,0.6453429460525513,0.004174175206571817,0.02642710693180561,,,1.0,normal
2958,10,scenario3_repeated_spike,SAC,50,0.0,1,0.09,0.11199999999999999,0.5,0.5,-0.10099999999999999,0.3312525749206543,0.004875935614109039,0.023043252527713776,,,1.0,normal
2959,10,scenario3_repeated_spike,SAC,50,1.0,0,0.060625,0.197,0.5,0.5,-0.1288125,0.41041579842567444,0.0055795288644731045,0.022700199857354164,,,1.0,normal
2960,10,scenario3_repeated_spike,SAC,50,1.9000000000000004,0,0.0611875,0.19790000000000002,0.5,0.5,-0.12954375,0.7272251844406128,0.006423071958124638,0.03155885636806488,,,1.0,normal
2961,10,scenario3_repeated_spike,SAC,50,2.710000000000001,0,0.061693750000000006,0.19871000000000003,0.5,0.5,-0.13020187500000002,0.40617120265960693,0.004696812480688095,0.02802884951233864,,,1.0,normal
2962,10,scenario3_repeated_spike,SAC,50,3.439,0,0.062149375,0.199439,0.5,0.5,-0.1307941875,0.42657384276390076,0.002558023203164339,0.01767294481396675,,,1.0,normal
2963,10,scenario3_repeated_spike,SAC,50,0.0,1,0.09,0.11199999999999999,0.5,0.5,-0.10099999999999999,0.652777373790741,0.0019369445508345962,0.01810457371175289,,,1.0,normal
2964,10,scenario3_repeated_spike,SAC,50,1.0,0,0.060625,0.197,0.5,0.5,-0.1288125,0.08408866077661514,0.000378347875084728,0.0059382254257798195,,,1.0,normal
2965,10,scenario3_repeated_spike,SAC,50,0.0,1,0.09,0.11199999999999999,0.5,0.5,-0.10099999999999999,0.3466735780239105,0.000797626911662519,0.010514508001506329,,,1.0,normal
2966,10,scenario3_repeated_spike,SAC,50,0.0,1,0.09,0.11199999999999999,0.5,0.5,-0.10099999999999999,0.4881124198436737,0.0015150746330618858,0.0120219886302948,,,1.0,normal
2967,10,scenario3_repeated_spike,SAC,50,1.0,0,0.060625,0.197,0.5,0.5,-0.1288125,0.2690292000770569,0.00471975514665246,0.02128073386847973,,,1.0,normal
2968,10,scenario3_repeated_spike,SAC,50,0.0,1,0.09,0.11199999999999999,0.5,0.5,-0.10099999999999999,0.22488966584205627,0.004965637810528278,0.02185758389532566,,,1.0,normal
2969,10,scenario3_repeated_spike,SAC,50,0.0,1,0.09,0.11199999999999999,0.5,0.5,-0.10099999999999999,0.45890331268310547,0.0020029954612255096,0.016896802932024002,,,1.0,normal
2970,10,scenario3_repeated_spike,SAC,50,1.0,0,0.060625,0.197,0.5,0.5,-0.1288125,0.1501816362142563,0.0008278031600639224,0.009241374209523201,,,1.0,normal
2971,10,scenario3_repeated_spike,SAC,50,0.0,1,0.09,0.11199999999999999,0.5,0.5,-0.10099999999999999,0.19811034202575684,0.00249513890594244,0.01787097007036209,,,1.0,normal
2972,10,scenario3_repeated_spike,SAC,50,0.0,1,0.09,0.11199999999999999,0.5,0.5,-0.10099999999999999,0.518944263458252,0.0036777714267373085,0.024746669456362724,,,1.0,normal
2973,10,scenario3_repeated_spike,SAC,50,1.0,0,0.060625,0.197,0.5,0.5,-0.1288125,0.37246400117874146,0.004630632698535919,0.02344602718949318,,,1.0,normal
2974,10,scenario3_repeated_spike,SAC,50,0.0,1,0.09,0.11199999999999999,0.5,0.5,-0.10099999999999999,0.0993046760559082,0.005531082395464182,0.022884372621774673,,,1.0,normal
2975,10,scenario3_repeated_spike,SAC,50,0.0,1,0.09,0.11199999999999999,0.5,0.5,-0.10099999999999999,0.4411604404449463,0.0069142915308475494,0.03310152888298035,,,1.0,normal
2976,10,scenario3_repeated_spike,SAC,50,1.0,0,0.060625,0.197,0.5,0.5,-0.1288125,0.1885158121585846,0.0021139790769666433,0.014675794169306755,,,1.0,normal
2977,10,scenario3_repeated_spike,SAC,50,0.0,1,0.09,0.11199999999999999,0.5,0.5,-0.10099999999999999,0.1294451355934143,0.0019823205657303333,0.01630341447889805,,,1.0,normal
2978,10,scenario3_repeated_spike,SAC,50,0.0,1,0.09,0.11199999999999999,0.5,0.5,-0.10099999999999999,0.08018729090690613,0.0018795898649841547,0.012233397923409939,,,1.0,normal
2979,10,scenario3_repeated_spike,SAC,50,0.0,1,0.09,0.11199999999999999,0.5,0.5,-0.10099999999999999,0.21328404545783997,0.0011653834953904152,0.011865761131048203,,,1.0,normal
2980,10,scenario3_repeated_spike,SAC,50,0.0,1,0.09,0.11199999999999999,0.5,0.5,-0.10099999999999999,0.3565268814563751,0.005801413673907518,0.025961071252822876,,,1.0,normal
2981,10,scenario3_repeated_spike,SAC,50,0.0,1,0.09,0.11199999999999999,0.5,0.5,-0.10099999999999999,0.26711374521255493,0.0035756947472691536,0.02410094067454338,,,1.0,normal
2982,10,scenario3_repeated_spike,SAC,50,1.0,0,0.060625,0.197,0.5,0.5,-0.1288125,0.5381515622138977,0.002586828311905265,0.019217312335968018,,,1.0,normal
2983,10,scenario3_repeated_spike,SAC,50,1.9000000000000004,0,0.0611875,0.19790000000000002,0.5,0.5,-0.12954375,0.4763007164001465,0.0035168840549886227,0.017746219411492348,,,1.0,normal
2984,10,scenario3_repeated_spike,SAC,50,2.710000000000001,0,0.061693750000000006,0.19871000000000003,0.5,0.5,-0.13020187500000002,0.2960139513015747,0.003931463696062565,0.02068423479795456,,,1.0,normal
2985,10,scenario3_repeated_spike,SAC,50,3.439,0,0.062149375,0.199439,0.5,0.5,-0.1307941875,0.13009846210479736,0.0024775476194918156,0.013860137201845646,,,1.0,normal
2986,10,scenario3_repeated_spike,SAC,50,0.0,1,0.09,0.11199999999999999,0.5,0.5,-0.10099999999999999,0.5276649594306946,0.007033074740320444,0.024927539750933647,,,1.0,normal
2987,10,scenario3_repeated_spike,SAC,50,1.0,0,0.060625,0.197,0.5,0.5,-0.1288125,0.23225413262844086,0.0028753019869327545,0.01837811805307865,,,1.0,normal
2988,10,scenario3_repeated_spike,SAC,50,0.0,1,0.09,0.11199999999999999,0.5,0.5,-0.10099999999999999,0.33668723702430725,0.008213510736823082,0.024376440793275833,,,1.0,normal
2989,10,scenario3_repeated_spike,SAC,50,0.0,1,0.09,0.11199999999999999,0.5,0.5,-0.10099999999999999,0.44579291343688965,0.007068442180752754,0.019284991547465324,,,1.0,normal
2990,10,scenario3_repeated_spike,SAC,50,0.0,1,0.09,0.11199999999999999,0.5,0.5,-0.10099999999999999,0.033302173018455505,0.005004274193197489,0.018896428868174553,,,1.0,normal
2991,10,scenario3_repeated_spike,SAC,50,0.0,1,0.09,0.11199999999999999,0.5,0.5,-0.10099999999999999,0.2819554805755615,0.008770134299993515,0.03026742860674858,,,1.0,normal
2992,10,scenario3_repeated_spike,SAC,50,0.0,1,0.09,0.11199999999999999,0.5,0.5,-0.10099999999999999,0.3152807056903839,0.005533374845981598,0.02739984169602394,,,1.0,normal
2993,10,scenario3_repeated_spike,SAC,50,0.0,1,0.09,0.11199999999999999,0.5,0.5,-0.10099999999999999,0.02471005730330944,0.001815115101635456,0.011077100411057472,,,1.0,normal
2994,10,scenario3_repeated_spike,SAC,50,0.0,1,0.09,0.11199999999999999,0.5,0.5,-0.10099999999999999,0.2975665330886841,0.007585530169308186,0.028159208595752716,,,1.0,normal
2995,10,scenario3_repeated_spike,SAC,50,0.0,1,0.09,0.11199999999999999,0.5,0.5,-0.10099999999999999,0.2020176202058792,0.006833536550402641,0.024723824113607407,,,1.0,normal
2996,10,scenario3_repeated_spike,SAC,50,0.0,1,0.09,0.11199999999999999,0.5,0.5,-0.10099999999999999,0.2517182230949402,0.0031249569728970528,0.01679246686398983,,,1.0,normal
2997,10,scenario3_repeated_spike,SAC,50,0.0,1,0.09,0.11199999999999999,0.5,0.5,-0.10099999999999999,0.17066627740859985,0.0011030978057533503,0.010812095366418362,,,1.0,normal
2998,10,scenario3_repeated_spike,SAC,50,0.0,1,0.09,0.11199999999999999,0.5,0.5,-0.10099999999999999,0.4157055616378784,0.0024134796112775803,0.016934936866164207,,,1.0,normal
2999,10,scenario3_repeated_spike,SAC,50,1.0,0,0.060625,0.197,0.5,0.5,-0.1288125,0.2688579261302948,0.0019506276585161686,0.013437611982226372,,,1.0,normal
