timestep,seed,scenario,agent,workload_level,queue_avg,action,selected_latency_s,selected_energy_j,latency_weight,energy_weight,reward,actor_loss,critic_loss,td_error,td_lat,td_eng,replay_priority,phase
0,10,scenario3_repeated_spike,RANDOM,50,10.0,0,0.06625,0.20600000000000002,0.5,0.5,-0.136125,,,,,,,normal
1,10,scenario3_repeated_spike,RANDOM,50,4.0,1,0.09145454545454544,0.11316363636363636,0.5,0.5,-0.1023090909090909,,,,,,,normal
2,10,scenario3_repeated_spike,RANDOM,50,0.0,1,0.09,0.11199999999999999,0.5,0.5,-0.10099999999999999,,,,,,,normal
3,10,scenario3_repeated_spike,RANDOM,50,1.0,0,0.060625,0.197,0.5,0.5,-0.1288125,,,,,,,normal
4,10,scenario3_repeated_spike,RANDOM,50,1.9000000000000004,0,0.0611875,0.19790000000000002,0.5,0.5,-0.12954375,,,,,,,normal
5,10,scenario3_repeated_spike,RANDOM,50,0.0,1,0.09,0.11199999999999999,0.5,0.5,-0.10099999999999999,,,,,,,normal
6,10,scenario3_repeated_spike,RANDOM,50,0.0,1,0.09,0.11199999999999999,0.5,0.5,-0.10099999999999999,,,,,,,normal
7,10,scenario3_repeated_spike,RANDOM,50,0.0,1,0.09,0.11199999999999999,0.5,0.5,-0.10099999999999999,,,,,,,normal
8,10,scenario3_repeated_spike,RANDOM,50,1.0,0,0.060625,0.197,0.5,0.5,-0.1288125,,,,,,,normal
9,10,scenario3_repeated_spike,RANDOM,50,1.9000000000000004,0,0.0611875,0.19790000000000002,0.5,0.5,-0.12954375,,,,,,,normal
10,10,scenario3_repeated_spike,RANDOM,50,0.0,1,0.09,0.11199999999999999,0.5,0.5,-0.10099999999999999,,,,,,,normal
11,10,scenario3_repeated_spike,RANDOM,50,0.0,1,0.09,0.11199999999999999,0.5,0.5,-0.10099999999999999,,,,,,,normal
12,10,scenario3_repeated_spike,RANDOM,50,1.0,0,0.060625,0.197,0.5,0.5,-0.1288125,,,,,,,normal
13,10,scenario3_repeated_spike,RANDOM,50,1.9000000000000004,0,0.0611875,0.19790000000000002,0.5,0.5,-0.12954375,,,,,,,normal
14,10,scenario3_repeated_spike,RANDOM,50,0.0,1,0.09,0.11199999999999999,0.5,0.5,-0.10099999999999999,,,,,,,normal
15,10,scenario3_repeated_spike,RANDOM,50,1.0,0,0.060625,0.197,0.5,0.5,-0.1288125,,,,,,,normal
16,10,scenario3_repeated_spike,RANDOM,50,0.0,1,0.09,0.11199999999999999,0.5,0.5,-0.10099999999999999,,,,,,,normal
17,10,scenario3_repeated_spike,RANDOM,50,1.0,0,0.060625,0.197,0.5,0.5,-0.1288125,,,,,,,normal
18,10,scenario3_repeated_spike,RANDOM,50,0.0,1,0.09,0.11199999999999999,0.5,0.5,-0.10099999999999999,,,,,,,normal
19,10,scenario3_repeated_spike,RANDOM,50,0.0,1,0.09,0.11199999999999999,0.5,0.5,-0.10099999999999999,,,,,,,normal
20,10,scenario3_repeated_spike,RANDOM,50,0.0,1,0.09,0.11199999999999999,0.5,0.5,-0.10099999999999999,,,,,,,normal
21,10,scenario3_repeated_spike,RANDOM,50,0.0,1,0.09,0.11199999999999999,0.5,0.5,-0.10099999999999999,,,,,,,normal
22,10,scenario3_repeated_spike,RANDOM,50,0.0,1,0.09,0.11199999999999999,0.5,0.5,-0.10099999999999999,,,,,,,normal
23,10,scenario3_repeated_spike,RANDOM,50,0.0,1,0.09,0.11199999999999999,0.5,0.5,-0.10099999999999999,,,,,,,normal
24,10,scenario3_repeated_spike,RANDOM,50,1.0,0,0.060625,0.197,0.5,0.5,-0.1288125,,,,,,,normal
25,10,scenario3_repeated_spike,RANDOM,50,0.0,1,0.09,0.11199999999999999,0.5,0.5,-0.10099999999999999,,,,,,,normal
26,10,scenario3_repeated_spike,RANDOM,50,0.0,1,0.09,0.11199999999999999,0.5,0.5,-0.10099999999999999,,,,,,,normal
27,10,scenario3_repeated_spike,RANDOM,50,1.0,0,0.060625,0.197,0.5,0.5,-0.1288125,,,,,,,normal
28,10,scenario3_repeated_spike,RANDOM,50,0.0,1,0.09,0.11199999999999999,0.5,0.5,-0.10099999999999999,,,,,,,normal
29,10,scenario3_repeated_spike,RANDOM,50,1.0,0,0.060625,0.197,0.5,0.5,-0.1288125,,,,,,,normal
30,10,scenario3_repeated_spike,RANDOM,50,0.0,1,0.09,0.11199999999999999,0.5,0.5,-0.10099999999999999,,,,,,,normal
31,10,scenario3_repeated_spike,RANDOM,50,0.0,1,0.09,0.11199999999999999,0.5,0.5,-0.10099999999999999,,,,,,,normal
32,10,scenario3_repeated_spike,RANDOM,50,1.0,0,0.060625,0.197,0.5,0.5,-0.1288125,,,,,,,normal
33,10,scenario3_repeated_spike,RANDOM,50,1.9000000000000004,0,0.0611875,0.19790000000000002,0.5,0.5,-0.12954375,,,,,,,normal
34,10,scenario3_repeated_spike,RANDOM,50,2.710000000000001,0,0.061693750000000006,0.19871000000000003,0.5,0.5,-0.13020187500000002,,,,,,,normal
35,10,scenario3_repeated_spike,RANDOM,50,3.439,0,0.062149375,0.199439,0.5,0.5,-0.1307941875,,,,,,,normal
36,10,scenario3_repeated_spike,RANDOM,50,4.0951,0,0.06255943750000001,0.20009510000000003,0.5,0.5,-0.13132726875,,,,,,,normal
37,10,scenario3_repeated_spike,RANDOM,50,0.0,1,0.09,0.11199999999999999,0.5,0.5,-0.10099999999999999,,,,,,,normal
38,10,scenario3_repeated_spike,RANDOM,50,0.0,1,0.09,0.11199999999999999,0.5,0.5,-0.10099999999999999,,,,,,,normal
39,10,scenario3_repeated_spike,RANDOM,50,1.0,0,0.060625,0.197,0.5,0.5,-0.1288125,,,,,,,normal
40,10,scenario3_repeated_spike,RANDOM,50,0.0,1,0.09,0.11199999999999999,0.5,0.5,-0.10099999999999999,,,,,,,normal
41,10,scenario3_repeated_spike,RANDOM,50,0.0,1,0.09,0.11199999999999999,0.5,0.5,-0.10099999999999999,,,,,,,normal
42,10,scenario3_repeated_spike,RANDOM,50,0.0,1,0.09,0.11199999999999999,0.5,0.5,-0.10099999999999999,,,,,,,normal
43,10,scenario3_repeated_spike,RANDOM,50,0.0,1,0.09,0.11199999999999999,0.5,0.5,-0.10099999999999999,,,,,,,normal
44,10,scenario3_repeated_spike,RANDOM,50,1.0,0,0.060625,0.197,0.5,0.5,-0.1288125,,,,,,,normal
45,10,scenario3_repeated_spike,RANDOM,50,0.0,1,0.09,0.11199999999999999,0.5,0.5,-0.10099999999999999,,,,,,,normal
46,10,scenario3_repeated_spike,RANDOM,50,1.0,0,0.060625,0.197,0.5,0.5,-0.1288125,,,,,,,normal
47,10,scenario3_repeated_spike,RANDOM,50,1.9000000000000004,0,0.0611875,0.19790000000000002,0.5,0.5,-0.12954375,,,,,,,normal
48,10,scenario3_repeated_spike,RANDOM,50,0.0,1,0.09,0.11199999999999999,0.5,0.5,-0.10099999999999999,,,,,,,normal
49,10,scenario3_repeated_spike,RANDOM,50,1.0,0,0.060625,0.197,0.5,0.5,-0.1288125,,,,,,,normal
50,10,scenario3_repeated_spike,RANDOM,50,1.9000000000000004,0,0.0611875,0.19790000000000002,0.5,0.5,-0.12954375,,,,,,,normal
51,10,scenario3_repeated_spike,RANDOM,50,2.710000000000001,0,0.061693750000000006,0.19871000000000003,0.5,0.5,-0.13020187500000002,,,,,,,normal
52,10,scenario3_repeated_spike,RANDOM,50,0.0,1,0.09,0.11199999999999999,0.5,0.5,-0.10099999999999999,,,,,,,normal
53,10,scenario3_repeated_spike,RANDOM,50,0.0,1,0.09,0.11199999999999999,0.5,0.5,-0.10099999999999999,,,,,,,normal
54,10,scenario3_repeated_spike,RANDOM,50,1.0,0,0.060625,0.197,0.5,0.5,-0.1288125,,,,,,,normal
55,10,scenario3_repeated_spike,RANDOM,50,1.9000000000000004,0,0.0611875,0.19790000000000002,0.5,0.5,-0.12954375,,,,,,,normal
56,10,scenario3_repeated_spike,RANDOM,50,2.710000000000001,0,0.061693750000000006,0.19871000000000003,0.5,0.5,-0.13020187500000002,,,,,,,normal
57,10,scenario3_repeated_spike,RANDOM,50,0.0,1,0.09,0.11199999999999999,0.5,0.5,-0.10099999999999999,,,,,,,normal
58,10,scenario3_repeated_spike,RANDOM,50,0.0,1,0.09,0.11199999999999999,0.5,0.5,-0.10099999999999999,,,,,,,normal
59,10,scenario3_repeated_spike,RANDOM,50,1.0,0,0.060625,0.197,0.5,0.5,-0.1288125,,,,,,,normal
60,10,scenario3_repeated_spike,RANDOM,50,1.9000000000000004,0,0.0611875,0.19790000000000002,0.5,0.5,-0.12954375,,,,,,,normal
61,10,scenario3_repeated_spike,RANDOM,50,2.710000000000001,0,0.061693750000000006,0.19871000000000003,0.5,0.5,-0.13020187500000002,,,,,,,normal
62,10,scenario3_repeated_spike,RANDOM,50,0.0,1,0.09,0.11199999999999999,0.5,0.5,-0.10099999999999999,,,,,,,normal
63,10,scenario3_repeated_spike,RANDOM,50,1.0,0,0.060625,0.197,0.5,0.5,-0.1288125,,,,,,,normal
64,10,scenario3_repeated_spike,RANDOM,50,1.9000000000000004,0,0.0611875,0.19790000000000002,0.5,0.5,-0.12954375,,,,,,,normal
65,10,scenario3_repeated_spike,RANDOM,50,0.0,1,0.09,0.11199999999999999,0.5,0.5,-0.10099999999999999,,,,,,,normal
66,10,scenario3_repeated_spike,RANDOM,50,0.0,1,0.09,0.11199999999999999,0.5,0.5,-0.10099999999999999,,,,,,,normal
67,10,scenario3_repeated_spike,RANDOM,50,0.0,1,0.09,0.11199999999999999,0.5,0.5,-0.10099999999999999,,,,,,,normal
68,10,scenario3_repeated_spike,RANDOM,50,0.0,1,0.09,0.11199999999999999,0.5,0.5,-0.10099999999999999,,,,,,,normal
69,10,scenario3_repeated_spike,RANDOM,50,1.0,0,0.060625,0.197,0.5,0.5,-0.1288125,,,,,,,normal
70,10,scenario3_repeated_spike,RANDOM,50,0.0,1,0.09,0.11199999999999999,0.5,0.5,-0.10099999999999999,,,,,,,normal
71,10,scenario3_repeated_spike,RANDOM,50,1.0,0,0.060625,0.197,0.5,0.5,-0.1288125,,,,,,,normal
72,10,scenario3_repeated_spike,RANDOM,50,1.9000000000000004,0,0.0611875,0.19790000000000002,0.5,0.5,-0.12954375,,,,,,,normal
73,10,scenario3_repeated_spike,RANDOM,50,2.710000000000001,0,0.061693750000000006,0.19871000000000003,0.5,0.5,-0.13020187500000002,,,,,,,normal
74,10,scenario3_repeated_spike,RANDOM,50,0.0,1,0.09,0.11199999999999999,0.5,0.5,-0.10099999999999999,,,,,,,normal
75,10,scenario3_repeated_spike,RANDOM,50,0.0,1,0.09,0.11199999999999999,0.5,0.5,-0.10099999999999999,,,,,,,normal
76,10,scenario3_repeated_spike,RANDOM,50,0.0,1,0.09,0.11199999999999999,0.5,0.5,-0.10099999999999999,,,,,,,normal
77,10,scenario3_repeated_spike,RANDOM,50,1.0,0,0.060625,0.197,0.5,0.5,-0.1288125,,,,,,,normal
78,10,scenario3_repeated_spike,RANDOM,50,1.9000000000000004,0,0.0611875,0.19790000000000002,0.5,0.5,-0.12954375,,,,,,,normal
79,10,scenario3_repeated_spike,RANDOM,50,2.710000000000001,0,0.061693750000000006,0.19871000000000003,0.5,0.5,-0.13020187500000002,,,,,,,normal
80,10,scenario3_repeated_spike,RANDOM,50,0.0,1,0.09,0.11199999999999999,0.5,0.5,-0.10099999999999999,,,,,,,normal
81,10,scenario3_repeated_spike,RANDOM,50,0.0,1,0.09,0.11199999999999999,0.5,0.5,-0.10099999999999999,,,,,,,normal
82,10,scenario3_repeated_spike,RANDOM,50,0.0,1,0.09,0.11199999999999999,0.5,0.5,-0.10099999999999999,,,,,,,normal
83,10,scenario3_repeated_spike,RANDOM,50,0.0,1,0.09,0.11199999999999999,0.5,0.5,-0.10099999999999999,,,,,,,normal
84,10,scenario3_repeated_spike,RANDOM,50,1.0,0,0.060625,0.197,0.5,0.5,-0.1288125,,,,,,,normal
85,10,scenario3_repeated_spike,RANDOM,50,1.9000000000000004,0,0.0611875,0.19790000000000002,0.5,0.5,-0.12954375,,,,,,,normal
86,10,scenario3_repeated_spike,RANDOM,50,2.710000000000001,0,0.061693750000000006,0.19871000000000003,0.5,0.5,-0.13020187500000002,,,,,,,normal
87,10,scenario3_repeated_spike,RANDOM,50,0.0,1,0.09,0.11199999999999999,0.5,0.5,-0.10099999999999999,,,,,,,normal
88,10,scenario3_repeated_spike,RANDOM,50,0.0,1,0.09,0.11199999999999999,0.5,0.5,-0.10099999999999999,,,,,,,normal
89,10,scenario3_repeated_spike,RANDOM,50,1.0,0,0.060625,0.197,0.5,0.5,-0.1288125,,,,,,,normal
90,10,scenario3_repeated_spike,RANDOM,50,1.9000000000000004,0,0.0611875,0.19790000000000002,0.5,0.5,-0.12954375,,,,,,,normal
91,10,scenario3_repeated_spike,RANDOM,50,0.0,1,0.09,0.11199999999999999,0.5,0.5,-0.10099999999999999,,,,,,,normal
92,10,scenario3_repeated_spike,RANDOM,50,0.0,1,0.09,0.11199999999999999,0.5,0.5,-0.10099999999999999,,,,,,,normal
93,10,scenario3_repeated_spike,RANDOM,50,0.0,1,0.09,0.11199999999999999,0.5,0.5,-0.10099999999999999,,,,,,,normal
94,10,scenario3_repeated_spike,RANDOM,50,1.0,0,0.060625,0.197,0.5,0.5,-0.1288125,,,,,,,normal
95,10,scenario3_repeated_spike,RANDOM,50,0.0,1,0.09,0.11199999999999999,0.5,0.5,-0.10099999999999999,,,,,,,normal
96,10,scenario3_repeated_spike,RANDOM,50,0.0,1,0.09,0.11199999999999999,0.5,0.5,-0.10099999999999999,,,,,,,normal
97,10,scenario3_repeated_spike,RANDOM,50,1.0,0,0.060625,0.197,0.5,0.5,-0.1288125,,,,,,,normal
98,10,scenario3_repeated_spike,RANDOM,50,0.0,1,0.09,0.11199999999999999,0.5,0.5,-0.10099999999999999,,,,,,,normal
99,10,scenario3_repeated_spike,RANDOM,50,0.0,1,0.09,0.11199999999999999,0.5,0.5,-0.10099999999999999,,,,,,,normal
100,10,scenario3_repeated_spike,RANDOM,50,0.0,1,0.09,0.11199999999999999,0.5,0.5,-0.10099999999999999,,,,,,,normal
101,10,scenario3_repeated_spike,RANDOM,50,1.0,0,0.060625,0.197,0.5,0.5,-0.1288125,,,,,,,normal
102,10,scenario3_repeated_spike,RANDOM,50,1.9000000000000004,0,0.0611875,0.19790000000000002,0.5,0.5,-0.12954375,,,,,,,normal
103,10,scenario3_repeated_spike,RANDOM,50,0.0,1,0.09,0.11199999999999999,0.5,0.5,-0.10099999999999999,,,,,,,normal
104,10,scenario3_repeated_spike,RANDOM,50,0.0,1,0.09,0.11199999999999999,0.5,0.5,-0.10099999999999999,,,,,,,normal
105,10,scenario3_repeated_spike,RANDOM,50,0.0,1,0.09,0.11199999999999999,0.5,0.5,-0.10099999999999999,,,,,,,normal
106,10,scenario3_repeated_spike,RANDOM,50,1.0,0,0.060625,0.197,0.5,0.5,-0.1288125,,,,,,,normal
107,10,scenario3_repeated_spike,RANDOM,50,0.0,1,0.09,0.11199999999999999,0.5,0.5,-0.10099999999999999,,,,,,,normal
108,10,scenario3_repeated_spike,RANDOM,50,0.0,1,0.09,0.11199999999999999,0.5,0.5,-0.10099999999999999,,,,,,,normal
109,10,scenario3_repeated_spike,RANDOM,50,0.0,1,0.09,0.11199999999999999,0.5,0.5,-0.10099999999999999,,,,,,,normal
110,10,scenario3_repeated_spike,RANDOM,50,0.0,1,0.09,0.11199999999999999,0.5,0.5,-0.10099999999999999,,,,,,,normal
111,10,scenario3_repeated_spike,RANDOM,50,1.0,0,0.060625,0.197,0.5,0.5,-0.1288125,,,,,,,normal
112,10,scenario3_repeated_spike,RANDOM,50,0.0,1,0.09,0.11199999999999999,0.5,0.5,-0.10099999999999999,,,,,,,normal
113,10,scenario3_repeated_spike,RANDOM,50,1.0,0,0.060625,0.197,0.5,0.5,-0.1288125,,,,,,,normal
114,10,scenario3_repeated_spike,RANDOM,50,0.0,1,0.09,0.11199999999999999,0.5,0.5,-0.10099999999999999,,,,,,,normal
115,10,scenario3_repeated_spike,RANDOM,50,1.0,0,0.060625,0.197,0.5,0.5,-0.1288125,,,,,,,normal
116,10,scenario3_repeated_spike,RANDOM,50,1.9000000000000004,0,0.0611875,0.19790000000000002,0.5,0.5,-0.12954375,,,,,,,normal
117,10,scenario3_repeated_spike,RANDOM,50,0.0,1,0.09,0.11199999999999999,0.5,0.5,-0.10099999999999999,,,,,,,normal
118,10,scenario3_repeated_spike,RANDOM,50,1.0,0,0.060625,0.197,0.5,0.5,-0.1288125,,,,,,,normal
119,10,scenario3_repeated_spike,RANDOM,50,1.9000000000000004,0,0.0611875,0.19790000000000002,0.5,0.5,-0.12954375,,,,,,,normal
120,10,scenario3_repeated_spike,RANDOM,50,0.0,1,0.09,0.11199999999999999,0.5,0.5,-0.10099999999999999,,,,,,,normal
121,10,scenario3_repeated_spike,RANDOM,50,1.0,0,0.060625,0.197,0.5,0.5,-0.1288125,,,,,,,normal
122,10,scenario3_repeated_spike,RANDOM,50,1.9000000000000004,0,0.0611875,0.19790000000000002,0.5,0.5,-0.12954375,,,,,,,normal
123,10,scenario3_repeated_spike,RANDOM,50,2.710000000000001,0,0.061693750000000006,0.19871000000000003,0.5,0.5,-0.13020187500000002,,,,,,,normal
124,10,scenario3_repeated_spike,RANDOM,50,0.0,1,0.09,0.11199999999999999,0.5,0.5,-0.10099999999999999,,,,,,,normal
125,10,scenario3_repeated_spike,RANDOM,50,0.0,1,0.09,0.11199999999999999,0.5,0.5,-0.10099999999999999,,,,,,,normal
126,10,scenario3_repeated_spike,RANDOM,50,1.0,0,0.060625,0.197,0.5,0.5,-0.1288125,,,,,,,normal
127,10,scenario3_repeated_spike,RANDOM,50,0.0,1,0.09,0.11199999999999999,0.5,0.5,-0.10099999999999999,,,,,,,normal
128,10,scenario3_repeated_spike,RANDOM,50,0.0,1,0.09,0.11199999999999999,0.5,0.5,-0.10099999999999999,,,,,,,normal
129,10,scenario3_repeated_spike,RANDOM,50,0.0,1,0.09,0.11199999999999999,0.5,0.5,-0.10099999999999999,,,,,,,normal
130,10,scenario3_repeated_spike,RANDOM,50,0.0,1,0.09,0.11199999999999999,0.5,0.5,-0.10099999999999999,,,,,,,normal
131,10,scenario3_repeated_spike,RANDOM,50,0.0,1,0.09,0.11199999999999999,0.5,0.5,-0.10099999999999999,,,,,,,normal
132,10,scenario3_repeated_spike,RANDOM,50,0.0,1,0.09,0.11199999999999999,0.5,0.5,-0.10099999999999999,,,,,,,normal
133,10,scenario3_repeated_spike,RANDOM,50,0.0,1,0.09,0.11199999999999999,0.5,0.5,-0.10099999999999999,,,,,,,normal
134,10,scenario3_repeated_spike,RANDOM,50,0.0,1,0.09,0.11199999999999999,0.5,0.5,-0.10099999999999999,,,,,,,normal
135,10,scenario3_repeated_spike,RANDOM,50,1.0,0,0.060625,0.197,0.5,0.5,-0.1288125,,,,,,,normal
136,10,scenario3_repeated_spike,RANDOM,50,1.9000000000000004,0,0.0611875,0.19790000000000002,0.5,0.5,-0.12954375,,,,,,,normal
137,10,scenario3_repeated_spike,RANDOM,50,0.0,1,0.09,0.11199999999999999,0.5,0.5,-0.10099999999999999,,,,,,,normal
138,10,scenario3_repeated_spike,RANDOM,50,1.0,0,0.060625,0.197,0.5,0.5,-0.1288125,,,,,,,normal
139,10,scenario3_repeated_spike,RANDOM,50,1.9000000000000004,0,0.0611875,0.19790000000000002,0.5,0.5,-0.12954375,,,,,,,normal
140,10,scenario3_repeated_spike,RANDOM,50,0.0,1,0.09,0.11199999999999999,0.5,0.5,-0.10099999999999999,,,,,,,normal
141,10,scenario3_repeated_spike,RANDOM,50,1.0,0,0.060625,0.197,0.5,0.5,-0.1288125,,,,,,,normal
142,10,scenario3_repeated_spike,RANDOM,50,1.9000000000000004,0,0.0611875,0.19790000000000002,0.5,0.5,-0.12954375,,,,,,,normal
143,10,scenario3_repeated_spike,RANDOM,50,0.0,1,0.09,0.11199999999999999,0.5,0.5,-0.10099999999999999,,,,,,,normal
144,10,scenario3_repeated_spike,RANDOM,50,0.0,1,0.09,0.11199999999999999,0.5,0.5,-0.10099999999999999,,,,,,,normal
145,10,scenario3_repeated_spike,RANDOM,50,1.0,0,0.060625,0.197,0.5,0.5,-0.1288125,,,,,,,normal
146,10,scenario3_repeated_spike,RANDOM,50,0.0,1,0.09,0.11199999999999999,0.5,0.5,-0.10099999999999999,,,,,,,normal
147,10,scenario3_repeated_spike,RANDOM,50,1.0,0,0.060625,0.197,0.5,0.5,-0.1288125,,,,,,,normal
148,10,scenario3_repeated_spike,RANDOM,50,1.9000000000000004,0,0.0611875,0.19790000000000002,0.5,0.5,-0.12954375,,,,,,,normal
149,10,scenario3_repeated_spike,RANDOM,50,2.710000000000001,0,0.061693750000000006,0.19871000000000003,0.5,0.5,-0.13020187500000002,,,,,,,normal
150,10,scenario3_repeated_spike,RANDOM,50,0.0,1,0.09,0.11199999999999999,0.5,0.5,-0.10099999999999999,,,,,,,normal
151,10,scenario3_repeated_spike,RANDOM,50,1.0,0,0.060625,0.197,0.5,0.5,-0.1288125,,,,,,,normal
152,10,scenario3_repeated_spike,RANDOM,50,0.0,1,0.09,0.11199999999999999,0.5,0.5,-0.10099999999999999,,,,,,,normal
153,10,scenario3_repeated_spike,RANDOM,50,1.0,0,0.060625,0.197,0.5,0.5,-0.1288125,,,,,,,normal
154,10,scenario3_repeated_spike,RANDOM,50,0.0,1,0.09,0.11199999999999999,0.5,0.5,-0.10099999999999999,,,,,,,normal
155,10,scenario3_repeated_spike,RANDOM,50,0.0,1,0.09,0.11199999999999999,0.5,0.5,-0.10099999999999999,,,,,,,normal
156,10,scenario3_repeated_spike,RANDOM,50,1.0,0,0.060625,0.197,0.5,0.5,-0.1288125,,,,,,,normal
157,10,scenario3_repeated_spike,RANDOM,50,0.0,1,0.09,0.11199999999999999,0.5,0.5,-0.10099999999999999,,,,,,,normal
158,10,scenario3_repeated_spike,RANDOM,50,1.0,0,0.060625,0.197,0.5,0.5,-0.1288125,,,,,,,normal
159,10,scenario3_repeated_spike,RANDOM,50,1.9000000000000004,0,0.0611875,0.19790000000000002,0.5,0.5,-0.12954375,,,,,,,normal
160,10,scenario3_repeated_spike,RANDOM,50,2.710000000000001,0,0.061693750000000006,0.19871000000000003,0.5,0.5,-0.13020187500000002,,,,,,,normal
161,10,scenario3_repeated_spike,RANDOM,50,0.0,1,0.09,0.11199999999999999,0.5,0.5,-0.10099999999999999,,,,,,,normal
162,10,scenario3_repeated_spike,RANDOM,50,1.0,0,0.060625,0.197,0.5,0.5,-0.1288125,,,,,,,normal
163,10,scenario3_repeated_spike,RANDOM,50,1.9000000000000004,0,0.0611875,0.19790000000000002,0.5,0.5,-0.12954375,,,,,,,normal
164,10,scenario3_repeated_spike,RANDOM,50,0.0,1,0.09,0.11199999999999999,0.5,0.5,-0.10099999999999999,,,,,,,normal
165,10,scenario3_repeated_spike,RANDOM,50,0.0,1,0.09,0.11199999999999999,0.5,0.5,-0.10099999999999999,,,,,,,normal
166,10,scenario3_repeated_spike,RANDOM,50,0.0,1,0.09,0.11199999999999999,0.5,0.5,-0.10099999999999999,,,,,,,normal
167,10,scenario3_repeated_spike,RANDOM,50,0.0,1,0.09,0.11199999999999999,0.5,0.5,-0.10099999999999999,,,,,,,normal
168,10,scenario3_repeated_spike,RANDOM,50,1.0,0,0.060625,0.197,0.5,0.5,-0.1288125,,,,,,,normal
169,10,scenario3_repeated_spike,RANDOM,50,0.0,1,0.09,0.11199999999999999,0.5,0.5,-0.10099999999999999,,,,,,,normal
170,10,scenario3_repeated_spike,RANDOM,50,0.0,1,0.09,0.11199999999999999,0.5,0.5,-0.10099999999999999,,,,,,,normal
171,10,scenario3_repeated_spike,RANDOM,50,1.0,0,0.060625,0.197,0.5,0.5,-0.1288125,,,,,,,normal
172,10,scenario3_repeated_spike,RANDOM,50,1.9000000000000004,0,0.0611875,0.19790000000000002,0.5,0.5,-0.12954375,,,,,,,normal
173,10,scenario3_repeated_spike,RANDOM,50,2.710000000000001,0,0.061693750000000006,0.19871000000000003,0.5,0.5,-0.13020187500000002,,,,,,,normal
174,10,scenario3_repeated_spike,RANDOM,50,0.0,1,0.09,0.11199999999999999,0.5,0.5,-0.10099999999999999,,,,,,,normal
175,10,scenario3_repeated_spike,RANDOM,50,0.0,1,0.09,0.11199999999999999,0.5,0.5,-0.10099999999999999,,,,,,,normal
176,10,scenario3_repeated_spike,RANDOM,50,0.0,1,0.09,0.11199999999999999,0.5,0.5,-0.10099999999999999,,,,,,,normal
177,10,scenario3_repeated_spike,RANDOM,50,1.0,0,0.060625,0.197,0.5,0.5,-0.1288125,,,,,,,normal
178,10,scenario3_repeated_spike,RANDOM,50,1.9000000000000004,0,0.0611875,0.19790000000000002,0.5,0.5,-0.12954375,,,,,,,normal
179,10,scenario3_repeated_spike,RANDOM,50,0.0,1,0.09,0.11199999999999999,0.5,0.5,-0.10099999999999999,,,,,,,normal
180,10,scenario3_repeated_spike,RANDOM,50,1.0,0,0.060625,0.197,0.5,0.5,-0.1288125,,,,,,,normal
181,10,scenario3_repeated_spike,RANDOM,50,1.9000000000000004,0,0.0611875,0.19790000000000002,0.5,0.5,-0.12954375,,,,,,,normal
182,10,scenario3_repeated_spike,RANDOM,50,0.0,1,0.09,0.11199999999999999,0.5,0.5,-0.10099999999999999,,,,,,,normal
183,10,scenario3_repeated_spike,RANDOM,50,0.0,1,0.09,0.11199999999999999,0.5,0.5,-0.10099999999999999,,,,,,,normal
184,10,scenario3_repeated_spike,RANDOM,50,0.0,1,0.09,0.11199999999999999,0.5,0.5,-0.10099999999999999,,,,,,,normal
185,10,scenario3_repeated_spike,RANDOM,50,0.0,1,0.09,0.11199999999999999,0.5,0.5,-0.10099999999999999,,,,,,,normal
186,10,scenario3_repeated_spike,RANDOM,50,0.0,1,0.09,0.11199999999999999,0.5,0.5,-0.10099999999999999,,,,,,,normal
187,10,scenario3_repeated_spike,RANDOM,50,1.0,0,0.060625,0.197,0.5,0.5,-0.1288125,,,,,,,normal
188,10,scenario3_repeated_spike,RANDOM,50,0.0,1,0.09,0.11199999999999999,0.5,0.5,-0.10099999999999999,,,,,,,normal
189,10,scenario3_repeated_spike,RANDOM,50,0.0,1,0.09,0.11199999999999999,0.5,0.5,-0.10099999999999999,,,,,,,normal
190,10,scenario3_repeated_spike,RANDOM,50,0.0,1,0.09,0.11199999999999999,0.5,0.5,-0.10099999999999999,,,,,,,normal
191,10,scenario3_repeated_spike,RANDOM,50,0.0,1,0.09,0.11199999999999999,0.5,0.5,-0.10099999999999999,,,,,,,normal
192,10,scenario3_repeated_spike,RANDOM,50,0.0,1,0.09,0.11199999999999999,0.5,0.5,-0.10099999999999999,,,,,,,normal
193,10,scenario3_repeated_spike,RANDOM,50,0.0,1,0.09,0.11199999999999999,0.5,0.5,-0.10099999999999999,,,,,,,normal
194,10,scenario3_repeated_spike,RANDOM,50,0.0,1,0.09,0.11199999999999999,0.5,0.5,-0.10099999999999999,,,,,,,normal
195,10,scenario3_repeated_spike,RANDOM,50,0.0,1,0.09,0.11199999999999999,0.5,0.5,-0.10099999999999999,,,,,,,normal
196,10,scenario3_repeated_spike,RANDOM,50,0.0,1,0.09,0.11199999999999999,0.5,0.5,-0.10099999999999999,,,,,,,normal
197,10,scenario3_repeated_spike,RANDOM,50,0.0,1,0.09,0.11199999999999999,0.5,0.5,-0.10099999999999999,,,,,,,normal
198,10,scenario3_repeated_spike,RANDOM,50,0.0,1,0.09,0.11199999999999999,0.5,0.5,-0.10099999999999999,,,,,,,normal
199,10,scenario3_repeated_spike,RANDOM,50,0.0,1,0.09,0.11199999999999999,0.5,0.5,-0.10099999999999999,,,,,,,normal
200,10,scenario3_repeated_spike,RANDOM,50,0.0,1,0.09,0.11199999999999999,0.5,0.5,-0.10099999999999999,,,,,,,normal
201,10,scenario3_repeated_spike,RANDOM,50,0.0,1,0.09,0.11199999999999999,0.5,0.5,-0.10099999999999999,,,,,,,normal
202,10,scenario3_repeated_spike,RANDOM,50,1.0,0,0.060625,0.197,0.5,0.5,-0.1288125,,,,,,,normal
203,10,scenario3_repeated_spike,RANDOM,50,0.0,1,0.09,0.11199999999999999,0.5,0.5,-0.10099999999999999,,,,,,,normal
204,10,scenario3_repeated_spike,RANDOM,50,0.0,1,0.09,0.11199999999999999,0.5,0.5,-0.10099999999999999,,,,,,,normal
205,10,scenario3_repeated_spike,RANDOM,50,1.0,0,0.060625,0.197,0.5,0.5,-0.1288125,,,,,,,normal
206,10,scenario3_repeated_spike,RANDOM,50,0.0,1,0.09,0.11199999999999999,0.5,0.5,-0.10099999999999999,,,,,,,normal
207,10,scenario3_repeated_spike,RANDOM,50,1.0,0,0.060625,0.197,0.5,0.5,-0.1288125,,,,,,,normal
208,10,scenario3_repeated_spike,RANDOM,50,0.0,1,0.09,0.11199999999999999,0.5,0.5,-0.10099999999999999,,,,,,,normal
209,10,scenario3_repeated_spike,RANDOM,50,1.0,0,0.060625,0.197,0.5,0.5,-0.1288125,,,,,,,normal
210,10,scenario3_repeated_spike,RANDOM,50,0.0,1,0.09,0.11199999999999999,0.5,0.5,-0.10099999999999999,,,,,,,normal
211,10,scenario3_repeated_spike,RANDOM,50,0.0,1,0.09,0.11199999999999999,0.5,0.5,-0.10099999999999999,,,,,,,normal
212,10,scenario3_repeated_spike,RANDOM,50,1.0,0,0.060625,0.197,0.5,0.5,-0.1288125,,,,,,,normal
213,10,scenario3_repeated_spike,RANDOM,50,0.0,1,0.09,0.11199999999999999,0.5,0.5,-0.10099999999999999,,,,,,,normal
214,10,scenario3_repeated_spike,RANDOM,50,0.0,1,0.09,0.11199999999999999,0.5,0.5,-0.10099999999999999,,,,,,,normal
215,10,scenario3_repeated_spike,RANDOM,50,0.0,1,0.09,0.11199999999999999,0.5,0.5,-0.10099999999999999,,,,,,,normal
216,10,scenario3_repeated_spike,RANDOM,50,1.0,0,0.060625,0.197,0.5,0.5,-0.1288125,,,,,,,normal
217,10,scenario3_repeated_spike,RANDOM,50,1.9000000000000004,0,0.0611875,0.19790000000000002,0.5,0.5,-0.12954375,,,,,,,normal
218,10,scenario3_repeated_spike,RANDOM,50,2.710000000000001,0,0.061693750000000006,0.19871000000000003,0.5,0.5,-0.13020187500000002,,,,,,,normal
219,10,scenario3_repeated_spike,RANDOM,50,0.0,1,0.09,0.11199999999999999,0.5,0.5,-0.10099999999999999,,,,,,,normal
220,10,scenario3_repeated_spike,RANDOM,50,1.0,0,0.060625,0.197,0.5,0.5,-0.1288125,,,,,,,normal
221,10,scenario3_repeated_spike,RANDOM,50,1.9000000000000004,0,0.0611875,0.19790000000000002,0.5,0.5,-0.12954375,,,,,,,normal
222,10,scenario3_repeated_spike,RANDOM,50,2.710000000000001,0,0.061693750000000006,0.19871000000000003,0.5,0.5,-0.13020187500000002,,,,,,,normal
223,10,scenario3_repeated_spike,RANDOM,50,3.439,0,0.062149375,0.199439,0.5,0.5,-0.1307941875,,,,,,,normal
224,10,scenario3_repeated_spike,RANDOM,50,0.0,1,0.09,0.11199999999999999,0.5,0.5,-0.10099999999999999,,,,,,,normal
225,10,scenario3_repeated_spike,RANDOM,50,1.0,0,0.060625,0.197,0.5,0.5,-0.1288125,,,,,,,normal
226,10,scenario3_repeated_spike,RANDOM,50,0.0,1,0.09,0.11199999999999999,0.5,0.5,-0.10099999999999999,,,,,,,normal
227,10,scenario3_repeated_spike,RANDOM,50,1.0,0,0.060625,0.197,0.5,0.5,-0.1288125,,,,,,,normal
228,10,scenario3_repeated_spike,RANDOM,50,0.0,1,0.09,0.11199999999999999,0.5,0.5,-0.10099999999999999,,,,,,,normal
229,10,scenario3_repeated_spike,RANDOM,50,1.0,0,0.060625,0.197,0.5,0.5,-0.1288125,,,,,,,normal
230,10,scenario3_repeated_spike,RANDOM,50,0.0,1,0.09,0.11199999999999999,0.5,0.5,-0.10099999999999999,,,,,,,normal
231,10,scenario3_repeated_spike,RANDOM,50,1.0,0,0.060625,0.197,0.5,0.5,-0.1288125,,,,,,,normal
232,10,scenario3_repeated_spike,RANDOM,50,0.0,1,0.09,0.11199999999999999,0.5,0.5,-0.10099999999999999,,,,,,,normal
233,10,scenario3_repeated_spike,RANDOM,50,1.0,0,0.060625,0.197,0.5,0.5,-0.1288125,,,,,,,normal
234,10,scenario3_repeated_spike,RANDOM,50,1.9000000000000004,0,0.0611875,0.19790000000000002,0.5,0.5,-0.12954375,,,,,,,normal
235,10,scenario3_repeated_spike,RANDOM,50,2.710000000000001,0,0.061693750000000006,0.19871000000000003,0.5,0.5,-0.13020187500000002,,,,,,,normal
236,10,scenario3_repeated_spike,RANDOM,50,0.0,1,0.09,0.11199999999999999,0.5,0.5,-0.10099999999999999,,,,,,,normal
237,10,scenario3_repeated_spike,RANDOM,50,0.0,1,0.09,0.11199999999999999,0.5,0.5,-0.10099999999999999,,,,,,,normal
238,10,scenario3_repeated_spike,RANDOM,50,0.0,1,0.09,0.11199999999999999,0.5,0.5,-0.10099999999999999,,,,,,,normal
239,10,scenario3_repeated_spike,RANDOM,50,1.0,0,0.060625,0.197,0.5,0.5,-0.1288125,,,,,,,normal
240,10,scenario3_repeated_spike,RANDOM,50,1.9000000000000004,0,0.0611875,0.19790000000000002,0.5,0.5,-0.12954375,,,,,,,normal
241,10,scenario3_repeated_spike,RANDOM,50,2.710000000000001,0,0.061693750000000006,0.19871000000000003,0.5,0.5,-0.13020187500000002,,,,,,,normal
242,10,scenario3_repeated_spike,RANDOM,50,0.0,1,0.09,0.11199999999999999,0.5,0.5,-0.10099999999999999,,,,,,,normal
243,10,scenario3_repeated_spike,RANDOM,50,1.0,0,0.060625,0.197,0.5,0.5,-0.1288125,,,,,,,normal
244,10,scenario3_repeated_spike,RANDOM,50,1.9000000000000004,0,0.0611875,0.19790000000000002,0.5,0.5,-0.12954375,,,,,,,normal
245,10,scenario3_repeated_spike,RANDOM,50,0.0,1,0.09,0.11199999999999999,0.5,0.5,-0.10099999999999999,,,,,,,normal
246,10,scenario3_repeated_spike,RANDOM,50,1.0,0,0.060625,0.197,0.5,0.5,-0.1288125,,,,,,,normal
247,10,scenario3_repeated_spike,RANDOM,50,0.0,1,0.09,0.11199999999999999,0.5,0.5,-0.10099999999999999,,,,,,,normal
248,10,scenario3_repeated_spike,RANDOM,50,0.0,1,0.09,0.11199999999999999,0.5,0.5,-0.10099999999999999,,,,,,,normal
249,10,scenario3_repeated_spike,RANDOM,50,0.0,1,0.09,0.11199999999999999,0.5,0.5,-0.10099999999999999,,,,,,,normal
250,10,scenario3_repeated_spike,RANDOM,50,1.0,0,0.060625,0.197,0.5,0.5,-0.1288125,,,,,,,normal
251,10,scenario3_repeated_spike,RANDOM,50,1.9000000000000004,0,0.0611875,0.19790000000000002,0.5,0.5,-0.12954375,,,,,,,normal
252,10,scenario3_repeated_spike,RANDOM,50,0.0,1,0.09,0.11199999999999999,0.5,0.5,-0.10099999999999999,,,,,,,normal
253,10,scenario3_repeated_spike,RANDOM,50,0.0,1,0.09,0.11199999999999999,0.5,0.5,-0.10099999999999999,,,,,,,normal
254,10,scenario3_repeated_spike,RANDOM,50,0.0,1,0.09,0.11199999999999999,0.5,0.5,-0.10099999999999999,,,,,,,normal
255,10,scenario3_repeated_spike,RANDOM,50,0.0,1,0.09,0.11199999999999999,0.5,0.5,-0.10099999999999999,,,,,,,normal
256,10,scenario3_repeated_spike,RANDOM,50,1.0,0,0.060625,0.197,0.5,0.5,-0.1288125,,,,,,,normal
257,10,scenario3_repeated_spike,RANDOM,50,0.0,1,0.09,0.11199999999999999,0.5,0.5,-0.10099999999999999,,,,,,,normal
258,10,scenario3_repeated_spike,RANDOM,50,0.0,1,0.09,0.11199999999999999,0.5,0.5,-0.10099999999999999,,,,,,,normal
259,10,scenario3_repeated_spike,RANDOM,50,0.0,1,0.09,0.11199999999999999,0.5,0.5,-0.10099999999999999,,,,,,,normal
260,10,scenario3_repeated_spike,RANDOM,50,0.0,1,0.09,0.11199999999999999,0.5,0.5,-0.10099999999999999,,,,,,,normal
261,10,scenario3_repeated_spike,RANDOM,50,0.0,1,0.09,0.11199999999999999,0.5,0.5,-0.10099999999999999,,,,,,,normal
262,10,scenario3_repeated_spike,RANDOM,50,1.0,0,0.060625,0.197,0.5,0.5,-0.1288125,,,,,,,normal
263,10,scenario3_repeated_spike,RANDOM,50,1.9000000000000004,0,0.0611875,0.19790000000000002,0.5,0.5,-0.12954375,,,,,,,normal
264,10,scenario3_repeated_spike,RANDOM,50,0.0,1,0.09,0.11199999999999999,0.5,0.5,-0.10099999999999999,,,,,,,normal
265,10,scenario3_repeated_spike,RANDOM,50,1.0,0,0.060625,0.197,0.5,0.5,-0.1288125,,,,,,,normal
266,10,scenario3_repeated_spike,RANDOM,50,1.9000000000000004,0,0.0611875,0.19790000000000002,0.5,0.5,-0.12954375,,,,,,,normal
267,10,scenario3_repeated_spike,RANDOM,50,2.710000000000001,0,0.061693750000000006,0.19871000000000003,0.5,0.5,-0.13020187500000002,,,,,,,normal
268,10,scenario3_repeated_spike,RANDOM,50,3.439,0,0.062149375,0.199439,0.5,0.5,-0.1307941875,,,,,,,normal
269,10,scenario3_repeated_spike,RANDOM,50,0.0,1,0.09,0.11199999999999999,0.5,0.5,-0.10099999999999999,,,,,,,normal
270,10,scenario3_repeated_spike,RANDOM,50,0.0,1,0.09,0.11199999999999999,0.5,0.5,-0.10099999999999999,,,,,,,normal
271,10,scenario3_repeated_spike,RANDOM,50,0.0,1,0.09,0.11199999999999999,0.5,0.5,-0.10099999999999999,,,,,,,normal
272,10,scenario3_repeated_spike,RANDOM,50,1.0,0,0.060625,0.197,0.5,0.5,-0.1288125,,,,,,,normal
273,10,scenario3_repeated_spike,RANDOM,50,1.9000000000000004,0,0.0611875,0.19790000000000002,0.5,0.5,-0.12954375,,,,,,,normal
274,10,scenario3_repeated_spike,RANDOM,50,2.710000000000001,0,0.061693750000000006,0.19871000000000003,0.5,0.5,-0.13020187500000002,,,,,,,normal
275,10,scenario3_repeated_spike,RANDOM,50,0.0,1,0.09,0.11199999999999999,0.5,0.5,-0.10099999999999999,,,,,,,normal
276,10,scenario3_repeated_spike,RANDOM,50,1.0,0,0.060625,0.197,0.5,0.5,-0.1288125,,,,,,,normal
277,10,scenario3_repeated_spike,RANDOM,50,1.9000000000000004,0,0.0611875,0.19790000000000002,0.5,0.5,-0.12954375,,,,,,,normal
278,10,scenario3_repeated_spike,RANDOM,50,2.710000000000001,0,0.061693750000000006,0.19871000000000003,0.5,0.5,-0.13020187500000002,,,,,,,normal
279,10,scenario3_repeated_spike,RANDOM,50,3.439,0,0.062149375,0.199439,0.5,0.5,-0.1307941875,,,,,,,normal
280,10,scenario3_repeated_spike,RANDOM,50,0.0,1,0.09,0.11199999999999999,0.5,0.5,-0.10099999999999999,,,,,,,normal
281,10,scenario3_repeated_spike,RANDOM,50,1.0,0,0.060625,0.197,0.5,0.5,-0.1288125,,,,,,,normal
282,10,scenario3_repeated_spike,RANDOM,50,0.0,1,0.09,0.11199999999999999,0.5,0.5,-0.10099999999999999,,,,,,,normal
283,10,scenario3_repeated_spike,RANDOM,50,1.0,0,0.060625,0.197,0.5,0.5,-0.1288125,,,,,,,normal
284,10,scenario3_repeated_spike,RANDOM,50,0.0,1,0.09,0.11199999999999999,0.5,0.5,-0.10099999999999999,,,,,,,normal
285,10,scenario3_repeated_spike,RANDOM,50,0.0,1,0.09,0.11199999999999999,0.5,0.5,-0.10099999999999999,,,,,,,normal
286,10,scenario3_repeated_spike,RANDOM,50,1.0,0,0.060625,0.197,0.5,0.5,-0.1288125,,,,,,,normal
287,10,scenario3_repeated_spike,RANDOM,50,0.0,1,0.09,0.11199999999999999,0.5,0.5,-0.10099999999999999,,,,,,,normal
288,10,scenario3_repeated_spike,RANDOM,50,1.0,0,0.060625,0.197,0.5,0.5,-0.1288125,,,,,,,normal
289,10,scenario3_repeated_spike,RANDOM,50,0.0,1,0.09,0.11199999999999999,0.5,0.5,-0.10099999999999999,,,,,,,normal
290,10,scenario3_repeated_spike,RANDOM,50,1.0,0,0.060625,0.197,0.5,0.5,-0.1288125,,,,,,,normal
291,10,scenario3_repeated_spike,RANDOM,50,1.9000000000000004,0,0.0611875,0.19790000000000002,0.5,0.5,-0.12954375,,,,,,,normal
292,10,scenario3_repeated_spike,RANDOM,50,0.0,1,0.09,0.11199999999999999,0.5,0.5,-0.10099999999999999,,,,,,,normal
293,10,scenario3_repeated_spike,RANDOM,50,0.0,1,0.09,0.11199999999999999,0.5,0.5,-0.10099999999999999,,,,,,,normal
294,10,scenario3_repeated_spike,RANDOM,50,0.0,1,0.09,0.11199999999999999,0.5,0.5,-0.10099999999999999,,,,,,,normal
295,10,scenario3_repeated_spike,RANDOM,50,1.0,0,0.060625,0.197,0.5,0.5,-0.1288125,,,,,,,normal
296,10,scenario3_repeated_spike,RANDOM,50,1.9000000000000004,0,0.0611875,0.19790000000000002,0.5,0.5,-0.12954375,,,,,,,normal
297,10,scenario3_repeated_spike,RANDOM,50,2.710000000000001,0,0.061693750000000006,0.19871000000000003,0.5,0.5,-0.13020187500000002,,,,,,,normal
298,10,scenario3_repeated_spike,RANDOM,50,0.0,1,0.09,0.11199999999999999,0.5,0.5,-0.10099999999999999,,,,,,,normal
299,10,scenario3_repeated_spike,RANDOM,50,1.0,0,0.060625,0.197,0.5,0.5,-0.1288125,,,,,,,normal
300,10,scenario3_repeated_spike,RANDOM,50,0.0,1,0.09,0.11199999999999999,0.5,0.5,-0.10099999999999999,,,,,,,normal
301,10,scenario3_repeated_spike,RANDOM,50,1.0,0,0.060625,0.197,0.5,0.5,-0.1288125,,,,,,,normal
302,10,scenario3_repeated_spike,RANDOM,50,0.0,1,0.09,0.11199999999999999,0.5,0.5,-0.10099999999999999,,,,,,,normal
303,10,scenario3_repeated_spike,RANDOM,50,1.0,0,0.060625,0.197,0.5,0.5,-0.1288125,,,,,,,normal
304,10,scenario3_repeated_spike,RANDOM,50,1.9000000000000004,0,0.0611875,0.19790000000000002,0.5,0.5,-0.12954375,,,,,,,normal
305,10,scenario3_repeated_spike,RANDOM,50,2.710000000000001,0,0.061693750000000006,0.19871000000000003,0.5,0.5,-0.13020187500000002,,,,,,,normal
306,10,scenario3_repeated_spike,RANDOM,50,0.0,1,0.09,0.11199999999999999,0.5,0.5,-0.10099999999999999,,,,,,,normal
307,10,scenario3_repeated_spike,RANDOM,50,0.0,1,0.09,0.11199999999999999,0.5,0.5,-0.10099999999999999,,,,,,,normal
308,10,scenario3_repeated_spike,RANDOM,50,0.0,1,0.09,0.11199999999999999,0.5,0.5,-0.10099999999999999,,,,,,,normal
309,10,scenario3_repeated_spike,RANDOM,50,1.0,0,0.060625,0.197,0.5,0.5,-0.1288125,,,,,,,normal
310,10,scenario3_repeated_spike,RANDOM,50,0.0,1,0.09,0.11199999999999999,0.5,0.5,-0.10099999999999999,,,,,,,normal
311,10,scenario3_repeated_spike,RANDOM,50,0.0,1,0.09,0.11199999999999999,0.5,0.5,-0.10099999999999999,,,,,,,normal
312,10,scenario3_repeated_spike,RANDOM,50,1.0,0,0.060625,0.197,0.5,0.5,-0.1288125,,,,,,,normal
313,10,scenario3_repeated_spike,RANDOM,50,0.0,1,0.09,0.11199999999999999,0.5,0.5,-0.10099999999999999,,,,,,,normal
314,10,scenario3_repeated_spike,RANDOM,50,1.0,0,0.060625,0.197,0.5,0.5,-0.1288125,,,,,,,normal
315,10,scenario3_repeated_spike,RANDOM,50,1.9000000000000004,0,0.0611875,0.19790000000000002,0.5,0.5,-0.12954375,,,,,,,normal
316,10,scenario3_repeated_spike,RANDOM,50,0.0,1,0.09,0.11199999999999999,0.5,0.5,-0.10099999999999999,,,,,,,normal
317,10,scenario3_repeated_spike,RANDOM,50,1.0,0,0.060625,0.197,0.5,0.5,-0.1288125,,,,,,,normal
318,10,scenario3_repeated_spike,RANDOM,50,1.9000000000000004,0,0.0611875,0.19790000000000002,0.5,0.5,-0.12954375,,,,,,,normal
319,10,scenario3_repeated_spike,RANDOM,50,0.0,1,0.09,0.11199999999999999,0.5,0.5,-0.10099999999999999,,,,,,,normal
320,10,scenario3_repeated_spike,RANDOM,50,1.0,0,0.060625,0.197,0.5,0.5,-0.1288125,,,,,,,normal
321,10,scenario3_repeated_spike,RANDOM,50,0.0,1,0.09,0.11199999999999999,0.5,0.5,-0.10099999999999999,,,,,,,normal
322,10,scenario3_repeated_spike,RANDOM,50,1.0,0,0.060625,0.197,0.5,0.5,-0.1288125,,,,,,,normal
323,10,scenario3_repeated_spike,RANDOM,50,0.0,1,0.09,0.11199999999999999,0.5,0.5,-0.10099999999999999,,,,,,,normal
324,10,scenario3_repeated_spike,RANDOM,50,0.0,1,0.09,0.11199999999999999,0.5,0.5,-0.10099999999999999,,,,,,,normal
325,10,scenario3_repeated_spike,RANDOM,50,1.0,0,0.060625,0.197,0.5,0.5,-0.1288125,,,,,,,normal
326,10,scenario3_repeated_spike,RANDOM,50,1.9000000000000004,0,0.0611875,0.19790000000000002,0.5,0.5,-0.12954375,,,,,,,normal
327,10,scenario3_repeated_spike,RANDOM,50,2.710000000000001,0,0.061693750000000006,0.19871000000000003,0.5,0.5,-0.13020187500000002,,,,,,,normal
328,10,scenario3_repeated_spike,RANDOM,50,3.439,0,0.062149375,0.199439,0.5,0.5,-0.1307941875,,,,,,,normal
329,10,scenario3_repeated_spike,RANDOM,50,0.0,1,0.09,0.11199999999999999,0.5,0.5,-0.10099999999999999,,,,,,,normal
330,10,scenario3_repeated_spike,RANDOM,50,1.0,0,0.060625,0.197,0.5,0.5,-0.1288125,,,,,,,normal
331,10,scenario3_repeated_spike,RANDOM,50,1.9000000000000004,0,0.0611875,0.19790000000000002,0.5,0.5,-0.12954375,,,,,,,normal
332,10,scenario3_repeated_spike,RANDOM,50,0.0,1,0.09,0.11199999999999999,0.5,0.5,-0.10099999999999999,,,,,,,normal
333,10,scenario3_repeated_spike,RANDOM,50,0.0,1,0.09,0.11199999999999999,0.5,0.5,-0.10099999999999999,,,,,,,normal
334,10,scenario3_repeated_spike,RANDOM,50,1.0,0,0.060625,0.197,0.5,0.5,-0.1288125,,,,,,,normal
335,10,scenario3_repeated_spike,RANDOM,50,1.9000000000000004,0,0.0611875,0.19790000000000002,0.5,0.5,-0.12954375,,,,,,,normal
336,10,scenario3_repeated_spike,RANDOM,50,0.0,1,0.09,0.11199999999999999,0.5,0.5,-0.10099999999999999,,,,,,,normal
337,10,scenario3_repeated_spike,RANDOM,50,0.0,1,0.09,0.11199999999999999,0.5,0.5,-0.10099999999999999,,,,,,,normal
338,10,scenario3_repeated_spike,RANDOM,50,0.0,1,0.09,0.11199999999999999,0.5,0.5,-0.10099999999999999,,,,,,,normal
339,10,scenario3_repeated_spike,RANDOM,50,1.0,0,0.060625,0.197,0.5,0.5,-0.1288125,,,,,,,normal
340,10,scenario3_repeated_spike,RANDOM,50,1.9000000000000004,0,0.0611875,0.19790000000000002,0.5,0.5,-0.12954375,,,,,,,normal
341,10,scenario3_repeated_spike,RANDOM,50,2.710000000000001,0,0.061693750000000006,0.19871000000000003,0.5,0.5,-0.13020187500000002,,,,,,,normal
342,10,scenario3_repeated_spike,RANDOM,50,3.439,0,0.062149375,0.199439,0.5,0.5,-0.1307941875,,,,,,,normal
343,10,scenario3_repeated_spike,RANDOM,50,0.0,1,0.09,0.11199999999999999,0.5,0.5,-0.10099999999999999,,,,,,,normal
344,10,scenario3_repeated_spike,RANDOM,50,1.0,0,0.060625,0.197,0.5,0.5,-0.1288125,,,,,,,normal
345,10,scenario3_repeated_spike,RANDOM,50,1.9000000000000004,0,0.0611875,0.19790000000000002,0.5,0.5,-0.12954375,,,,,,,normal
346,10,scenario3_repeated_spike,RANDOM,50,2.710000000000001,0,0.061693750000000006,0.19871000000000003,0.5,0.5,-0.13020187500000002,,,,,,,normal
347,10,scenario3_repeated_spike,RANDOM,50,0.0,1,0.09,0.11199999999999999,0.5,0.5,-0.10099999999999999,,,,,,,normal
348,10,scenario3_repeated_spike,RANDOM,50,0.0,1,0.09,0.11199999999999999,0.5,0.5,-0.10099999999999999,,,,,,,normal
349,10,scenario3_repeated_spike,RANDOM,50,1.0,0,0.060625,0.197,0.5,0.5,-0.1288125,,,,,,,normal
350,10,scenario3_repeated_spike,RANDOM,50,1.9000000000000004,0,0.0611875,0.19790000000000002,0.5,0.5,-0.12954375,,,,,,,normal
351,10,scenario3_repeated_spike,RANDOM,50,2.710000000000001,0,0.061693750000000006,0.19871000000000003,0.5,0.5,-0.13020187500000002,,,,,,,normal
352,10,scenario3_repeated_spike,RANDOM,50,3.439,0,0.062149375,0.199439,0.5,0.5,-0.1307941875,,,,,,,normal
353,10,scenario3_repeated_spike,RANDOM,50,4.0951,0,0.06255943750000001,0.20009510000000003,0.5,0.5,-0.13132726875,,,,,,,normal
354,10,scenario3_repeated_spike,RANDOM,50,4.685590000000001,0,0.06292849375000001,0.20068559000000002,0.5,0.5,-0.13180704187500003,,,,,,,normal
355,10,scenario3_repeated_spike,RANDOM,50,5.217031000000002,0,0.063260644375,0.201217031,0.5,0.5,-0.1322388376875,,,,,,,normal
356,10,scenario3_repeated_spike,RANDOM,50,5.695327900000002,0,0.0635595799375,0.2016953279,0.5,0.5,-0.13262745391875,,,,,,,normal
357,10,scenario3_repeated_spike,RANDOM,50,0.1257951100000021,1,0.09004574367636364,0.11203659494109092,0.5,0.5,-0.10104116930872728,,,,,,,normal
358,10,scenario3_repeated_spike,RANDOM,50,1.1132155990000019,0,0.060695759749375,0.19711321559900002,0.5,0.5,-0.12890448767418752,,,,,,,normal
359,10,scenario3_repeated_spike,RANDOM,50,2.0018940391000015,0,0.0612511837744375,0.1980018940391,0.5,0.5,-0.12962653890676876,,,,,,,normal
360,10,scenario3_repeated_spike,RANDOM,50,0.0,1,0.09,0.11199999999999999,0.5,0.5,-0.10099999999999999,,,,,,,normal
361,10,scenario3_repeated_spike,RANDOM,50,1.0,0,0.060625,0.197,0.5,0.5,-0.1288125,,,,,,,normal
362,10,scenario3_repeated_spike,RANDOM,50,0.0,1,0.09,0.11199999999999999,0.5,0.5,-0.10099999999999999,,,,,,,normal
363,10,scenario3_repeated_spike,RANDOM,50,1.0,0,0.060625,0.197,0.5,0.5,-0.1288125,,,,,,,normal
364,10,scenario3_repeated_spike,RANDOM,50,1.9000000000000004,0,0.0611875,0.19790000000000002,0.5,0.5,-0.12954375,,,,,,,normal
365,10,scenario3_repeated_spike,RANDOM,50,2.710000000000001,0,0.061693750000000006,0.19871000000000003,0.5,0.5,-0.13020187500000002,,,,,,,normal
366,10,scenario3_repeated_spike,RANDOM,50,0.0,1,0.09,0.11199999999999999,0.5,0.5,-0.10099999999999999,,,,,,,normal
367,10,scenario3_repeated_spike,RANDOM,50,0.0,1,0.09,0.11199999999999999,0.5,0.5,-0.10099999999999999,,,,,,,normal
368,10,scenario3_repeated_spike,RANDOM,50,0.0,1,0.09,0.11199999999999999,0.5,0.5,-0.10099999999999999,,,,,,,normal
369,10,scenario3_repeated_spike,RANDOM,50,0.0,1,0.09,0.11199999999999999,0.5,0.5,-0.10099999999999999,,,,,,,normal
370,10,scenario3_repeated_spike,RANDOM,50,1.0,0,0.060625,0.197,0.5,0.5,-0.1288125,,,,,,,normal
371,10,scenario3_repeated_spike,RANDOM,50,1.9000000000000004,0,0.0611875,0.19790000000000002,0.5,0.5,-0.12954375,,,,,,,normal
372,10,scenario3_repeated_spike,RANDOM,50,0.0,1,0.09,0.11199999999999999,0.5,0.5,-0.10099999999999999,,,,,,,normal
373,10,scenario3_repeated_spike,RANDOM,50,0.0,1,0.09,0.11199999999999999,0.5,0.5,-0.10099999999999999,,,,,,,normal
374,10,scenario3_repeated_spike,RANDOM,50,0.0,1,0.09,0.11199999999999999,0.5,0.5,-0.10099999999999999,,,,,,,normal
375,10,scenario3_repeated_spike,RANDOM,50,0.0,1,0.09,0.11199999999999999,0.5,0.5,-0.10099999999999999,,,,,,,normal
376,10,scenario3_repeated_spike,RANDOM,50,1.0,0,0.060625,0.197,0.5,0.5,-0.1288125,,,,,,,normal
377,10,scenario3_repeated_spike,RANDOM,50,1.9000000000000004,0,0.0611875,0.19790000000000002,0.5,0.5,-0.12954375,,,,,,,normal
378,10,scenario3_repeated_spike,RANDOM,50,0.0,1,0.09,0.11199999999999999,0.5,0.5,-0.10099999999999999,,,,,,,normal
379,10,scenario3_repeated_spike,RANDOM,50,0.0,1,0.09,0.11199999999999999,0.5,0.5,-0.10099999999999999,,,,,,,normal
380,10,scenario3_repeated_spike,RANDOM,50,1.0,0,0.060625,0.197,0.5,0.5,-0.1288125,,,,,,,normal
381,10,scenario3_repeated_spike,RANDOM,50,1.9000000000000004,0,0.0611875,0.19790000000000002,0.5,0.5,-0.12954375,,,,,,,normal
382,10,scenario3_repeated_spike,RANDOM,50,0.0,1,0.09,0.11199999999999999,0.5,0.5,-0.10099999999999999,,,,,,,normal
383,10,scenario3_repeated_spike,RANDOM,50,1.0,0,0.060625,0.197,0.5,0.5,-0.1288125,,,,,,,normal
384,10,scenario3_repeated_spike,RANDOM,50,1.9000000000000004,0,0.0611875,0.19790000000000002,0.5,0.5,-0.12954375,,,,,,,normal
385,10,scenario3_repeated_spike,RANDOM,50,0.0,1,0.09,0.11199999999999999,0.5,0.5,-0.10099999999999999,,,,,,,normal
386,10,scenario3_repeated_spike,RANDOM,50,1.0,0,0.060625,0.197,0.5,0.5,-0.1288125,,,,,,,normal
387,10,scenario3_repeated_spike,RANDOM,50,0.0,1,0.09,0.11199999999999999,0.5,0.5,-0.10099999999999999,,,,,,,normal
388,10,scenario3_repeated_spike,RANDOM,50,1.0,0,0.060625,0.197,0.5,0.5,-0.1288125,,,,,,,normal
389,10,scenario3_repeated_spike,RANDOM,50,1.9000000000000004,0,0.0611875,0.19790000000000002,0.5,0.5,-0.12954375,,,,,,,normal
390,10,scenario3_repeated_spike,RANDOM,50,2.710000000000001,0,0.061693750000000006,0.19871000000000003,0.5,0.5,-0.13020187500000002,,,,,,,normal
391,10,scenario3_repeated_spike,RANDOM,50,0.0,1,0.09,0.11199999999999999,0.5,0.5,-0.10099999999999999,,,,,,,normal
392,10,scenario3_repeated_spike,RANDOM,50,0.0,1,0.09,0.11199999999999999,0.5,0.5,-0.10099999999999999,,,,,,,normal
393,10,scenario3_repeated_spike,RANDOM,50,1.0,0,0.060625,0.197,0.5,0.5,-0.1288125,,,,,,,normal
394,10,scenario3_repeated_spike,RANDOM,50,0.0,1,0.09,0.11199999999999999,0.5,0.5,-0.10099999999999999,,,,,,,normal
395,10,scenario3_repeated_spike,RANDOM,50,0.0,1,0.09,0.11199999999999999,0.5,0.5,-0.10099999999999999,,,,,,,normal
396,10,scenario3_repeated_spike,RANDOM,50,1.0,0,0.060625,0.197,0.5,0.5,-0.1288125,,,,,,,normal
397,10,scenario3_repeated_spike,RANDOM,50,1.9000000000000004,0,0.0611875,0.19790000000000002,0.5,0.5,-0.12954375,,,,,,,normal
398,10,scenario3_repeated_spike,RANDOM,50,2.710000000000001,0,0.061693750000000006,0.19871000000000003,0.5,0.5,-0.13020187500000002,,,,,,,normal
399,10,scenario3_repeated_spike,RANDOM,50,3.439,0,0.062149375,0.199439,0.5,0.5,-0.1307941875,,,,,,,normal
400,10,scenario3_repeated_spike,RANDOM,50,4.0951,0,0.06255943750000001,0.20009510000000003,0.5,0.5,-0.13132726875,,,,,,,normal
401,10,scenario3_repeated_spike,RANDOM,50,4.685590000000001,0,0.06292849375000001,0.20068559000000002,0.5,0.5,-0.13180704187500003,,,,,,,normal
402,10,scenario3_repeated_spike,RANDOM,50,5.217031000000002,0,0.063260644375,0.201217031,0.5,0.5,-0.1322388376875,,,,,,,normal
403,10,scenario3_repeated_spike,RANDOM,50,5.695327900000002,0,0.0635595799375,0.2016953279,0.5,0.5,-0.13262745391875,,,,,,,normal
404,10,scenario3_repeated_spike,RANDOM,50,0.1257951100000021,1,0.09004574367636364,0.11203659494109092,0.5,0.5,-0.10104116930872728,,,,,,,normal
405,10,scenario3_repeated_spike,RANDOM,50,0.0,1,0.09,0.11199999999999999,0.5,0.5,-0.10099999999999999,,,,,,,normal
406,10,scenario3_repeated_spike,RANDOM,50,1.0,0,0.060625,0.197,0.5,0.5,-0.1288125,,,,,,,normal
407,10,scenario3_repeated_spike,RANDOM,50,1.9000000000000004,0,0.0611875,0.19790000000000002,0.5,0.5,-0.12954375,,,,,,,normal
408,10,scenario3_repeated_spike,RANDOM,50,0.0,1,0.09,0.11199999999999999,0.5,0.5,-0.10099999999999999,,,,,,,normal
409,10,scenario3_repeated_spike,RANDOM,50,1.0,0,0.060625,0.197,0.5,0.5,-0.1288125,,,,,,,normal
410,10,scenario3_repeated_spike,RANDOM,50,0.0,1,0.09,0.11199999999999999,0.5,0.5,-0.10099999999999999,,,,,,,normal
411,10,scenario3_repeated_spike,RANDOM,50,0.0,1,0.09,0.11199999999999999,0.5,0.5,-0.10099999999999999,,,,,,,normal
412,10,scenario3_repeated_spike,RANDOM,50,0.0,1,0.09,0.11199999999999999,0.5,0.5,-0.10099999999999999,,,,,,,normal
413,10,scenario3_repeated_spike,RANDOM,50,0.0,1,0.09,0.11199999999999999,0.5,0.5,-0.10099999999999999,,,,,,,normal
414,10,scenario3_repeated_spike,RANDOM,50,1.0,0,0.060625,0.197,0.5,0.5,-0.1288125,,,,,,,normal
415,10,scenario3_repeated_spike,RANDOM,50,1.9000000000000004,0,0.0611875,0.19790000000000002,0.5,0.5,-0.12954375,,,,,,,normal
416,10,scenario3_repeated_spike,RANDOM,50,2.710000000000001,0,0.061693750000000006,0.19871000000000003,0.5,0.5,-0.13020187500000002,,,,,,,normal
417,10,scenario3_repeated_spike,RANDOM,50,0.0,1,0.09,0.11199999999999999,0.5,0.5,-0.10099999999999999,,,,,,,normal
418,10,scenario3_repeated_spike,RANDOM,50,1.0,0,0.060625,0.197,0.5,0.5,-0.1288125,,,,,,,normal
419,10,scenario3_repeated_spike,RANDOM,50,0.0,1,0.09,0.11199999999999999,0.5,0.5,-0.10099999999999999,,,,,,,normal
420,10,scenario3_repeated_spike,RANDOM,50,1.0,0,0.060625,0.197,0.5,0.5,-0.1288125,,,,,,,normal
421,10,scenario3_repeated_spike,RANDOM,50,0.0,1,0.09,0.11199999999999999,0.5,0.5,-0.10099999999999999,,,,,,,normal
422,10,scenario3_repeated_spike,RANDOM,50,0.0,1,0.09,0.11199999999999999,0.5,0.5,-0.10099999999999999,,,,,,,normal
423,10,scenario3_repeated_spike,RANDOM,50,1.0,0,0.060625,0.197,0.5,0.5,-0.1288125,,,,,,,normal
424,10,scenario3_repeated_spike,RANDOM,50,1.9000000000000004,0,0.0611875,0.19790000000000002,0.5,0.5,-0.12954375,,,,,,,normal
425,10,scenario3_repeated_spike,RANDOM,50,0.0,1,0.09,0.11199999999999999,0.5,0.5,-0.10099999999999999,,,,,,,normal
426,10,scenario3_repeated_spike,RANDOM,50,0.0,1,0.09,0.11199999999999999,0.5,0.5,-0.10099999999999999,,,,,,,normal
427,10,scenario3_repeated_spike,RANDOM,50,1.0,0,0.060625,0.197,0.5,0.5,-0.1288125,,,,,,,normal
428,10,scenario3_repeated_spike,RANDOM,50,0.0,1,0.09,0.11199999999999999,0.5,0.5,-0.10099999999999999,,,,,,,normal
429,10,scenario3_repeated_spike,RANDOM,50,0.0,1,0.09,0.11199999999999999,0.5,0.5,-0.10099999999999999,,,,,,,normal
430,10,scenario3_repeated_spike,RANDOM,50,1.0,0,0.060625,0.197,0.5,0.5,-0.1288125,,,,,,,normal
431,10,scenario3_repeated_spike,RANDOM,50,0.0,1,0.09,0.11199999999999999,0.5,0.5,-0.10099999999999999,,,,,,,normal
432,10,scenario3_repeated_spike,RANDOM,50,0.0,1,0.09,0.11199999999999999,0.5,0.5,-0.10099999999999999,,,,,,,normal
433,10,scenario3_repeated_spike,RANDOM,50,0.0,1,0.09,0.11199999999999999,0.5,0.5,-0.10099999999999999,,,,,,,normal
434,10,scenario3_repeated_spike,RANDOM,50,1.0,0,0.060625,0.197,0.5,0.5,-0.1288125,,,,,,,normal
435,10,scenario3_repeated_spike,RANDOM,50,0.0,1,0.09,0.11199999999999999,0.5,0.5,-0.10099999999999999,,,,,,,normal
436,10,scenario3_repeated_spike,RANDOM,50,0.0,1,0.09,0.11199999999999999,0.5,0.5,-0.10099999999999999,,,,,,,normal
437,10,scenario3_repeated_spike,RANDOM,50,1.0,0,0.060625,0.197,0.5,0.5,-0.1288125,,,,,,,normal
438,10,scenario3_repeated_spike,RANDOM,50,1.9000000000000004,0,0.0611875,0.19790000000000002,0.5,0.5,-0.12954375,,,,,,,normal
439,10,scenario3_repeated_spike,RANDOM,50,0.0,1,0.09,0.11199999999999999,0.5,0.5,-0.10099999999999999,,,,,,,normal
440,10,scenario3_repeated_spike,RANDOM,50,1.0,0,0.060625,0.197,0.5,0.5,-0.1288125,,,,,,,normal
441,10,scenario3_repeated_spike,RANDOM,50,0.0,1,0.09,0.11199999999999999,0.5,0.5,-0.10099999999999999,,,,,,,normal
442,10,scenario3_repeated_spike,RANDOM,50,1.0,0,0.060625,0.197,0.5,0.5,-0.1288125,,,,,,,normal
443,10,scenario3_repeated_spike,RANDOM,50,0.0,1,0.09,0.11199999999999999,0.5,0.5,-0.10099999999999999,,,,,,,normal
444,10,scenario3_repeated_spike,RANDOM,50,1.0,0,0.060625,0.197,0.5,0.5,-0.1288125,,,,,,,normal
445,10,scenario3_repeated_spike,RANDOM,50,1.9000000000000004,0,0.0611875,0.19790000000000002,0.5,0.5,-0.12954375,,,,,,,normal
446,10,scenario3_repeated_spike,RANDOM,50,2.710000000000001,0,0.061693750000000006,0.19871000000000003,0.5,0.5,-0.13020187500000002,,,,,,,normal
447,10,scenario3_repeated_spike,RANDOM,50,3.439,0,0.062149375,0.199439,0.5,0.5,-0.1307941875,,,,,,,normal
448,10,scenario3_repeated_spike,RANDOM,50,4.0951,0,0.06255943750000001,0.20009510000000003,0.5,0.5,-0.13132726875,,,,,,,normal
449,10,scenario3_repeated_spike,RANDOM,50,0.0,1,0.09,0.11199999999999999,0.5,0.5,-0.10099999999999999,,,,,,,normal
450,10,scenario3_repeated_spike,RANDOM,50,0.0,1,0.09,0.11199999999999999,0.5,0.5,-0.10099999999999999,,,,,,,normal
451,10,scenario3_repeated_spike,RANDOM,50,1.0,0,0.060625,0.197,0.5,0.5,-0.1288125,,,,,,,normal
452,10,scenario3_repeated_spike,RANDOM,50,0.0,1,0.09,0.11199999999999999,0.5,0.5,-0.10099999999999999,,,,,,,normal
453,10,scenario3_repeated_spike,RANDOM,50,1.0,0,0.060625,0.197,0.5,0.5,-0.1288125,,,,,,,normal
454,10,scenario3_repeated_spike,RANDOM,50,1.9000000000000004,0,0.0611875,0.19790000000000002,0.5,0.5,-0.12954375,,,,,,,normal
455,10,scenario3_repeated_spike,RANDOM,50,2.710000000000001,0,0.061693750000000006,0.19871000000000003,0.5,0.5,-0.13020187500000002,,,,,,,normal
456,10,scenario3_repeated_spike,RANDOM,50,0.0,1,0.09,0.11199999999999999,0.5,0.5,-0.10099999999999999,,,,,,,normal
457,10,scenario3_repeated_spike,RANDOM,50,0.0,1,0.09,0.11199999999999999,0.5,0.5,-0.10099999999999999,,,,,,,normal
458,10,scenario3_repeated_spike,RANDOM,50,0.0,1,0.09,0.11199999999999999,0.5,0.5,-0.10099999999999999,,,,,,,normal
459,10,scenario3_repeated_spike,RANDOM,50,0.0,1,0.09,0.11199999999999999,0.5,0.5,-0.10099999999999999,,,,,,,normal
460,10,scenario3_repeated_spike,RANDOM,50,1.0,0,0.060625,0.197,0.5,0.5,-0.1288125,,,,,,,normal
461,10,scenario3_repeated_spike,RANDOM,50,1.9000000000000004,0,0.0611875,0.19790000000000002,0.5,0.5,-0.12954375,,,,,,,normal
462,10,scenario3_repeated_spike,RANDOM,50,0.0,1,0.09,0.11199999999999999,0.5,0.5,-0.10099999999999999,,,,,,,normal
463,10,scenario3_repeated_spike,RANDOM,50,1.0,0,0.060625,0.197,0.5,0.5,-0.1288125,,,,,,,normal
464,10,scenario3_repeated_spike,RANDOM,50,1.9000000000000004,0,0.0611875,0.19790000000000002,0.5,0.5,-0.12954375,,,,,,,normal
465,10,scenario3_repeated_spike,RANDOM,50,2.710000000000001,0,0.061693750000000006,0.19871000000000003,0.5,0.5,-0.13020187500000002,,,,,,,normal
466,10,scenario3_repeated_spike,RANDOM,50,0.0,1,0.09,0.11199999999999999,0.5,0.5,-0.10099999999999999,,,,,,,normal
467,10,scenario3_repeated_spike,RANDOM,50,1.0,0,0.060625,0.197,0.5,0.5,-0.1288125,,,,,,,normal
468,10,scenario3_repeated_spike,RANDOM,50,0.0,1,0.09,0.11199999999999999,0.5,0.5,-0.10099999999999999,,,,,,,normal
469,10,scenario3_repeated_spike,RANDOM,50,0.0,1,0.09,0.11199999999999999,0.5,0.5,-0.10099999999999999,,,,,,,normal
470,10,scenario3_repeated_spike,RANDOM,50,1.0,0,0.060625,0.197,0.5,0.5,-0.1288125,,,,,,,normal
471,10,scenario3_repeated_spike,RANDOM,50,1.9000000000000004,0,0.0611875,0.19790000000000002,0.5,0.5,-0.12954375,,,,,,,normal
472,10,scenario3_repeated_spike,RANDOM,50,2.710000000000001,0,0.061693750000000006,0.19871000000000003,0.5,0.5,-0.13020187500000002,,,,,,,normal
473,10,scenario3_repeated_spike,RANDOM,50,3.439,0,0.062149375,0.199439,0.5,0.5,-0.1307941875,,,,,,,normal
474,10,scenario3_repeated_spike,RANDOM,50,4.0951,0,0.06255943750000001,0.20009510000000003,0.5,0.5,-0.13132726875,,,,,,,normal
475,10,scenario3_repeated_spike,RANDOM,50,0.0,1,0.09,0.11199999999999999,0.5,0.5,-0.10099999999999999,,,,,,,normal
476,10,scenario3_repeated_spike,RANDOM,50,0.0,1,0.09,0.11199999999999999,0.5,0.5,-0.10099999999999999,,,,,,,normal
477,10,scenario3_repeated_spike,RANDOM,50,1.0,0,0.060625,0.197,0.5,0.5,-0.1288125,,,,,,,normal
478,10,scenario3_repeated_spike,RANDOM,50,1.9000000000000004,0,0.0611875,0.19790000000000002,0.5,0.5,-0.12954375,,,,,,,normal
479,10,scenario3_repeated_spike,RANDOM,50,2.710000000000001,0,0.061693750000000006,0.19871000000000003,0.5,0.5,-0.13020187500000002,,,,,,,normal
480,10,scenario3_repeated_spike,RANDOM,50,0.0,1,0.09,0.11199999999999999,0.5,0.5,-0.10099999999999999,,,,,,,normal
481,10,scenario3_repeated_spike,RANDOM,50,1.0,0,0.060625,0.197,0.5,0.5,-0.1288125,,,,,,,normal
482,10,scenario3_repeated_spike,RANDOM,50,1.9000000000000004,0,0.0611875,0.19790000000000002,0.5,0.5,-0.12954375,,,,,,,normal
483,10,scenario3_repeated_spike,RANDOM,50,0.0,1,0.09,0.11199999999999999,0.5,0.5,-0.10099999999999999,,,,,,,normal
484,10,scenario3_repeated_spike,RANDOM,50,0.0,1,0.09,0.11199999999999999,0.5,0.5,-0.10099999999999999,,,,,,,normal
485,10,scenario3_repeated_spike,RANDOM,50,1.0,0,0.060625,0.197,0.5,0.5,-0.1288125,,,,,,,normal
486,10,scenario3_repeated_spike,RANDOM,50,1.9000000000000004,0,0.0611875,0.19790000000000002,0.5,0.5,-0.12954375,,,,,,,normal
487,10,scenario3_repeated_spike,RANDOM,50,0.0,1,0.09,0.11199999999999999,0.5,0.5,-0.10099999999999999,,,,,,,normal
488,10,scenario3_repeated_spike,RANDOM,50,0.0,1,0.09,0.11199999999999999,0.5,0.5,-0.10099999999999999,,,,,,,normal
489,10,scenario3_repeated_spike,RANDOM,50,0.0,1,0.09,0.11199999999999999,0.5,0.5,-0.10099999999999999,,,,,,,normal
490,10,scenario3_repeated_spike,RANDOM,50,1.0,0,0.060625,0.197,0.5,0.5,-0.1288125,,,,,,,normal
491,10,scenario3_repeated_spike,RANDOM,50,1.9000000000000004,0,0.0611875,0.19790000000000002,0.5,0.5,-0.12954375,,,,,,,normal
492,10,scenario3_repeated_spike,RANDOM,50,0.0,1,0.09,0.11199999999999999,0.5,0.5,-0.10099999999999999,,,,,,,normal
493,10,scenario3_repeated_spike,RANDOM,50,0.0,1,0.09,0.11199999999999999,0.5,0.5,-0.10099999999999999,,,,,,,normal
494,10,scenario3_repeated_spike,RANDOM,50,0.0,1,0.09,0.11199999999999999,0.5,0.5,-0.10099999999999999,,,,,,,normal
495,10,scenario3_repeated_spike,RANDOM,50,0.0,1,0.09,0.11199999999999999,0.5,0.5,-0.10099999999999999,,,,,,,normal
496,10,scenario3_repeated_spike,RANDOM,50,1.0,0,0.060625,0.197,0.5,0.5,-0.1288125,,,,,,,normal
497,10,scenario3_repeated_spike,RANDOM,50,0.0,1,0.09,0.11199999999999999,0.5,0.5,-0.10099999999999999,,,,,,,normal
498,10,scenario3_repeated_spike,RANDOM,50,0.0,1,0.09,0.11199999999999999,0.5,0.5,-0.10099999999999999,,,,,,,normal
499,10,scenario3_repeated_spike,RANDOM,50,1.0,0,0.060625,0.197,0.5,0.5,-0.1288125,,,,,,,normal
500,10,scenario3_repeated_spike,RANDOM,150,13.899999999999999,1,0.11505454545454546,0.21204363636363638,0.5,0.5,-0.16354909090909092,,,,,,,spike
501,10,scenario3_repeated_spike,RANDOM,150,25.509999999999998,1,0.11927636363636364,0.21542109090909092,0.5,0.5,-0.1673487272727273,,,,,,,spike
502,10,scenario3_repeated_spike,RANDOM,150,35.959,1,0.123076,0.2184608,0.5,0.5,-0.17076840000000001,,,,,,,spike
503,10,scenario3_repeated_spike,RANDOM,150,51.3631,0,0.1121019375,0.4793631,0.5,0.5,-0.29573251875,,,,,,,spike
504,10,scenario3_repeated_spike,RANDOM,150,65.22679,0,0.12076674375000002,0.49322679,0.5,0.5,-0.306996766875,,,,,,,spike
505,10,scenario3_repeated_spike,RANDOM,150,71.704111,1,0.13607422218181817,0.22885937774545456,0.5,0.5,-0.18246679996363635,,,,,,,spike
506,10,scenario3_repeated_spike,RANDOM,150,77.5336999,1,0.1381940726909091,0.23055525815272732,0.5,0.5,-0.1843746654218182,,,,,,,spike
507,10,scenario3_repeated_spike,RANDOM,150,88.78032991,0,0.13548770619375003,0.51678032991,0.5,0.5,-0.32613401805187503,,,,,,,spike
508,10,scenario3_repeated_spike,RANDOM,150,98.90229691900001,0,0.14181393557437502,0.526902296919,0.5,0.5,-0.33435811624668754,,,,,,,spike
509,10,scenario3_repeated_spike,RANDOM,150,102.0120672271,1,0.14709529717349093,0.23767623773879276,0.5,0.5,-0.19238576745614183,,,,,,,spike
510,10,scenario3_repeated_spike,RANDOM,150,110.81086050439,0,0.14925678781524376,0.53881086050439,0.5,0.5,-0.34403382415981687,,,,,,,spike
511,10,scenario3_repeated_spike,RANDOM,150,118.72977445395101,0,0.1542061090337194,0.546729774453951,0.5,0.5,-0.3504679417438352,,,,,,,spike
512,10,scenario3_repeated_spike,RANDOM,150,119.85679700855593,1,0.15358428982129307,0.24286743185703447,0.5,0.5,-0.19822586083916377,,,,,,,spike
513,10,scenario3_repeated_spike,RANDOM,150,126.87111730770033,0,0.15929444831731274,0.5548711173077003,0.5,0.5,-0.35708278281250655,,,,,,,spike
514,10,scenario3_repeated_spike,RANDOM,150,133.1840055769303,0,0.16324000348558146,0.5611840055769304,0.5,0.5,-0.3622120045312559,,,,,,,spike
515,10,scenario3_repeated_spike,RANDOM,150,132.86560501923728,1,0.15831476546154083,0.24665181236923267,0.5,0.5,-0.20248328891538675,,,,,,,spike
516,10,scenario3_repeated_spike,RANDOM,150,132.57904451731355,1,0.15821056164265948,0.24656844931412758,0.5,0.5,-0.20238950547839352,,,,,,,spike
517,10,scenario3_repeated_spike,RANDOM,150,138.3211400655822,0,0.1664507125409889,0.5663211400655822,0.5,0.5,-0.36638592630328554,,,,,,,spike
518,10,scenario3_repeated_spike,RANDOM,150,137.48902605902398,1,0.15999600947600873,0.247996807580807,0.5,0.5,-0.20399640852840786,,,,,,,spike
519,10,scenario3_repeated_spike,RANDOM,150,142.74012345312158,0,0.169212577158201,0.5707401234531216,0.5,0.5,-0.36997635030566134,,,,,,,spike
520,10,scenario3_repeated_spike,RANDOM,150,141.46611110780944,1,0.16144222222102161,0.2491537777768173,0.5,0.5,-0.20529799999891946,,,,,,,spike
521,10,scenario3_repeated_spike,RANDOM,150,140.31949999702852,1,0.16102527272619221,0.2488202181809538,0.5,0.5,-0.204922745453573,,,,,,,spike
522,10,scenario3_repeated_spike,RANDOM,150,145.28754999732567,0,0.17080471874832856,0.5732875499973257,0.5,0.5,-0.37204613437282713,,,,,,,spike
523,10,scenario3_repeated_spike,RANDOM,150,143.7587949975931,1,0.16227592545367026,0.24982074036293622,0.5,0.5,-0.20604833290830324,,,,,,,spike
524,10,scenario3_repeated_spike,RANDOM,150,148.3829154978338,0,0.17273932218614615,0.5763829154978338,0.5,0.5,-0.37456111884199,,,,,,,spike
525,10,scenario3_repeated_spike,RANDOM,150,146.54462394805043,1,0.1632889541629274,0.25063116333034197,0.5,0.5,-0.2069600587466347,,,,,,,spike
526,10,scenario3_repeated_spike,RANDOM,150,144.89016155324538,1,0.1626873314739074,0.25014986517912596,0.5,0.5,-0.20641859832651668,,,,,,,spike
527,10,scenario3_repeated_spike,RANDOM,150,143.40114539792086,1,0.1621458710537894,0.24971669684303155,0.5,0.5,-0.20593128394841048,,,,,,,spike
528,10,scenario3_repeated_spike,RANDOM,150,142.0610308581288,1,0.16165855667568318,0.24932684534054655,0.5,0.5,-0.20549270100811487,,,,,,,spike
529,10,scenario3_repeated_spike,RANDOM,150,140.85492777231593,1,0.16121997373538763,0.24897597898831014,0.5,0.5,-0.2050979763618489,,,,,,,spike
530,10,scenario3_repeated_spike,RANDOM,150,145.76943499508434,0,0.17110589687192773,0.5737694349950844,0.5,0.5,-0.372437665933506,,,,,,,spike
531,10,scenario3_repeated_spike,RANDOM,150,144.19249149557592,1,0.1624336332711185,0.24994690661689484,0.5,0.5,-0.2061902699440067,,,,,,,spike
532,10,scenario3_repeated_spike,RANDOM,150,148.77324234601832,0,0.17298327646626147,0.5767732423460183,0.5,0.5,-0.3748782594061399,,,,,,,spike
533,10,scenario3_repeated_spike,RANDOM,150,152.8959181114165,0,0.17555994881963533,0.5808959181114165,0.5,0.5,-0.3782279334655259,,,,,,,spike
534,10,scenario3_repeated_spike,RANDOM,150,150.60632630027487,1,0.1647659368364636,0.25181274946917087,0.5,0.5,-0.20828934315281722,,,,,,,spike
535,10,scenario3_repeated_spike,RANDOM,150,148.5456936702474,1,0.16401661588008998,0.251213292704072,0.5,0.5,-0.207614954292081,,,,,,,spike
536,10,scenario3_repeated_spike,RANDOM,150,146.69112430322267,1,0.16334222701935372,0.250673781615483,0.5,0.5,-0.20700800431741834,,,,,,,spike
537,10,scenario3_repeated_spike,RANDOM,150,145.0220118729004,1,0.16273527704469107,0.2501882216357529,0.5,0.5,-0.206461749340222,,,,,,,spike
538,10,scenario3_repeated_spike,RANDOM,150,143.51981068561037,1,0.1621890220674947,0.24975121765399577,0.5,0.5,-0.20597011986074523,,,,,,,spike
539,10,scenario3_repeated_spike,RANDOM,150,142.16782961704934,1,0.16169739258801794,0.24935791407041435,0.5,0.5,-0.20552765332921613,,,,,,,spike
540,10,scenario3_repeated_spike,RANDOM,150,146.95104665534438,0,0.17184440415959024,0.5749510466553444,0.5,0.5,-0.3733977254074673,,,,,,,spike
541,10,scenario3_repeated_spike,RANDOM,150,145.25594198980994,1,0.16282034254174907,0.2502562740333993,0.5,0.5,-0.2065383082875742,,,,,,,spike
542,10,scenario3_repeated_spike,RANDOM,150,143.73034779082894,1,0.1622655810148469,0.24981246481187752,0.5,0.5,-0.2060390229133622,,,,,,,spike
543,10,scenario3_repeated_spike,RANDOM,150,142.35731301174604,1,0.16176629564063494,0.24941303651250796,0.5,0.5,-0.20558966607657145,,,,,,,spike
544,10,scenario3_repeated_spike,RANDOM,150,147.12158171057143,0,0.17195098856910718,0.5751215817105715,0.5,0.5,-0.37353628513983933,,,,,,,spike
545,10,scenario3_repeated_spike,RANDOM,150,151.4094235395143,0,0.17463088971219645,0.5794094235395143,0.5,0.5,-0.37702015662585536,,,,,,,spike
546,10,scenario3_repeated_spike,RANDOM,150,155.26848118556288,0,0.1770428007409768,0.5832684811855628,0.5,0.5,-0.3801556409632698,,,,,,,spike
547,10,scenario3_repeated_spike,RANDOM,150,152.7416330670066,1,0.16554241202436604,0.25243392961949285,0.5,0.5,-0.20898817082192944,,,,,,,spike
548,10,scenario3_repeated_spike,RANDOM,150,156.46746976030596,0,0.17779216860019123,0.584467469760306,0.5,0.5,-0.3811298191802486,,,,,,,spike
549,10,scenario3_repeated_spike,RANDOM,150,159.82072278427538,0,0.17988795174017214,0.5878207227842754,0.5,0.5,-0.3838543372622238,,,,,,,spike
550,10,scenario3_repeated_spike,RANDOM,150,162.83865050584785,0,0.18177415656615492,0.5908386505058478,0.5,0.5,-0.3863064035360014,,,,,,,spike
551,10,scenario3_repeated_spike,RANDOM,150,165.55478545526307,0,0.18347174090953944,0.5935547854552631,0.5,0.5,-0.38851326318240126,,,,,,,spike
552,10,scenario3_repeated_spike,RANDOM,150,167.99930690973676,0,0.18499956681858548,0.5959993069097368,0.5,0.5,-0.3904994368641611,,,,,,,spike
553,10,scenario3_repeated_spike,RANDOM,150,164.1993762187631,1,0.16970886407955021,0.25576709126364017,0.5,0.5,-0.2127379776715952,,,,,,,spike
554,10,scenario3_repeated_spike,RANDOM,150,160.7794385968868,1,0.16846525039886792,0.25477220031909437,0.5,0.5,-0.21161872535898113,,,,,,,spike
555,10,scenario3_repeated_spike,RANDOM,150,163.70149473719812,0,0.18231343421074886,0.5917014947371981,0.5,0.5,-0.3870074644739735,,,,,,,spike
556,10,scenario3_repeated_spike,RANDOM,150,166.3313452634783,0,0.18395709078967395,0.5943313452634783,0.5,0.5,-0.3891442180265761,,,,,,,spike
557,10,scenario3_repeated_spike,RANDOM,150,168.6982107371305,0,0.18543638171070656,0.5966982107371305,0.5,0.5,-0.3910672962239185,,,,,,,spike
558,10,scenario3_repeated_spike,RANDOM,150,170.82838966341745,0,0.18676774353963593,0.5988283896634174,0.5,0.5,-0.3927980666015267,,,,,,,spike
559,10,scenario3_repeated_spike,RANDOM,150,166.7455506970757,1,0.17063474570802753,0.25650779656642203,0.5,0.5,-0.2135712711372248,,,,,,,spike
560,10,scenario3_repeated_spike,RANDOM,150,163.07099562736815,1,0.16929854386449752,0.25543883509159804,0.5,0.5,-0.21236868947804777,,,,,,,spike
561,10,scenario3_repeated_spike,RANDOM,150,165.76389606463133,0,0.18360243504039458,0.5937638960646313,0.5,0.5,-0.3886831655525129,,,,,,,spike
562,10,scenario3_repeated_spike,RANDOM,150,168.1875064581682,0,0.18511719153635514,0.5961875064581682,0.5,0.5,-0.39065234899726164,,,,,,,spike
563,10,scenario3_repeated_spike,RANDOM,150,170.3687558123514,0,0.18648047238271964,0.5983687558123514,0.5,0.5,-0.3924246140975355,,,,,,,spike
564,10,scenario3_repeated_spike,RANDOM,150,172.33188023111626,0,0.1877074251444477,0.6003318802311164,0.5,0.5,-0.39401965268778205,,,,,,,spike
565,10,scenario3_repeated_spike,RANDOM,150,174.09869220800465,0,0.18881168263000292,0.6020986922080047,0.5,0.5,-0.3954551874190038,,,,,,,spike
566,10,scenario3_repeated_spike,RANDOM,150,169.6888229872042,1,0.17170502654080153,0.25736402123264124,0.5,0.5,-0.2145345238867214,,,,,,,spike
567,10,scenario3_repeated_spike,RANDOM,150,165.71994068848377,1,0.1702617966139941,0.2562094372911953,0.5,0.5,-0.2132356169525947,,,,,,,spike
568,10,scenario3_repeated_spike,RANDOM,150,162.1479466196354,1,0.16896288967986742,0.25517031174389393,0.5,0.5,-0.21206660071188066,,,,,,,spike
569,10,scenario3_repeated_spike,RANDOM,150,164.93315195767187,0,0.18308321997354493,0.5929331519576719,0.5,0.5,-0.38800818596560843,,,,,,,spike
570,10,scenario3_repeated_spike,RANDOM,150,161.43983676190467,1,0.16870539518614716,0.25496431614891774,0.5,0.5,-0.21183485566753246,,,,,,,spike
571,10,scenario3_repeated_spike,RANDOM,150,158.2958530857142,1,0.1675621283948052,0.25404970271584415,0.5,0.5,-0.21080591555532469,,,,,,,spike
572,10,scenario3_repeated_spike,RANDOM,150,155.4662677771428,1,0.1665331882825974,0.2532265506260779,0.5,0.5,-0.20987986945433765,,,,,,,spike
573,10,scenario3_repeated_spike,RANDOM,150,158.91964099942854,0,0.17932477562464286,0.5869196409994286,0.5,0.5,-0.38312220831203575,,,,,,,spike
574,10,scenario3_repeated_spike,RANDOM,150,162.0276768994857,0,0.18126729806217856,0.5900276768994857,0.5,0.5,-0.3856474874808321,,,,,,,spike
575,10,scenario3_repeated_spike,RANDOM,150,158.82490920953714,1,0.1677545124398317,0.25420360995186536,0.5,0.5,-0.21097906119584853,,,,,,,spike
576,10,scenario3_repeated_spike,RANDOM,150,161.94241828858344,0,0.18121401143036467,0.5899424182885835,0.5,0.5,-0.3855782148594741,,,,,,,spike
577,10,scenario3_repeated_spike,RANDOM,150,164.7481764597251,0,0.18296761028732822,0.5927481764597251,0.5,0.5,-0.38785789337352666,,,,,,,spike
578,10,scenario3_repeated_spike,RANDOM,150,167.2733588137526,0,0.1845458492585954,0.5952733588137527,0.5,0.5,-0.38990960403617403,,,,,,,spike
579,10,scenario3_repeated_spike,RANDOM,150,169.54602293237733,0,0.18596626433273586,0.5975460229323774,0.5,0.5,-0.3917561436325566,,,,,,,spike
580,10,scenario3_repeated_spike,RANDOM,150,165.59142063913959,1,0.17021506205059622,0.256172049640477,0.5,0.5,-0.21319355584553662,,,,,,,spike
581,10,scenario3_repeated_spike,RANDOM,150,162.03227857522563,1,0.16892082857280932,0.2551366628582475,0.5,0.5,-0.2120287457155284,,,,,,,spike
582,10,scenario3_repeated_spike,RANDOM,150,158.82905071770307,1,0.1677560184428011,0.2542048147542409,0.5,0.5,-0.21098041659852101,,,,,,,spike
583,10,scenario3_repeated_spike,RANDOM,150,155.94614564593277,1,0.16670768932579375,0.253366151460635,0.5,0.5,-0.21003692039321437,,,,,,,spike
584,10,scenario3_repeated_spike,RANDOM,150,153.3515310813395,1,0.16576419312048707,0.25261135449638966,0.5,0.5,-0.20918777380843837,,,,,,,spike
585,10,scenario3_repeated_spike,RANDOM,150,151.01637797320555,1,0.16491504653571112,0.25193203722856894,0.5,0.5,-0.20842354188214002,,,,,,,spike
586,10,scenario3_repeated_spike,RANDOM,150,148.914740175885,1,0.16415081460941275,0.2513206516875302,0.5,0.5,-0.2077357331484715,,,,,,,spike
587,10,scenario3_repeated_spike,RANDOM,150,147.02326615829648,1,0.1634630058757442,0.25077040470059536,0.5,0.5,-0.20711670528816978,,,,,,,spike
588,10,scenario3_repeated_spike,RANDOM,150,151.32093954246685,0,0.1745755872140418,0.5793209395424669,0.5,0.5,-0.3769482633782543,,,,,,,spike
589,10,scenario3_repeated_spike,RANDOM,150,155.18884558822018,0,0.17699302849263762,0.5831888455882202,0.5,0.5,-0.3800909370404289,,,,,,,spike
590,10,scenario3_repeated_spike,RANDOM,150,152.66996102939817,1,0.16551634946523572,0.2524130795721886,0.5,0.5,-0.20896471451871218,,,,,,,spike
591,10,scenario3_repeated_spike,RANDOM,150,150.40296492645837,1,0.16469198724598486,0.2517535897967879,0.5,0.5,-0.20822278852138637,,,,,,,spike
592,10,scenario3_repeated_spike,RANDOM,150,148.36266843381253,1,0.16395006124865907,0.2511600489989273,0.5,0.5,-0.2075550551237932,,,,,,,spike
593,10,scenario3_repeated_spike,RANDOM,150,146.52640159043128,1,0.16328232785106594,0.25062586228085276,0.5,0.5,-0.20695409506595935,,,,,,,spike
594,10,scenario3_repeated_spike,RANDOM,150,144.87376143138815,1,0.16268136779323208,0.2501450942345857,0.5,0.5,-0.2064132310139089,,,,,,,spike
595,10,scenario3_repeated_spike,RANDOM,150,143.38638528824933,1,0.16214050374118158,0.24971240299294528,0.5,0.5,-0.20592645336706344,,,,,,,spike
596,10,scenario3_repeated_spike,RANDOM,150,148.0477467594244,0,0.17252984172464025,0.5760477467594244,0.5,0.5,-0.3742887942420323,,,,,,,spike
597,10,scenario3_repeated_spike,RANDOM,150,152.24297208348196,0,0.17515185755217624,0.580242972083482,0.5,0.5,-0.3776974148178291,,,,,,,spike
598,10,scenario3_repeated_spike,RANDOM,150,156.01867487513377,0,0.17751167179695862,0.5840186748751338,0.5,0.5,-0.3807651733360462,,,,,,,spike
599,10,scenario3_repeated_spike,RANDOM,150,153.4168073876204,1,0.1657879299591347,0.25263034396730777,0.5,0.5,-0.20920913696322124,,,,,,,spike
600,10,scenario3_repeated_spike,RANDOM,150,151.07512664885837,1,0.16493640969049395,0.2519491277523952,0.5,0.5,-0.20844276872144457,,,,,,,spike
601,10,scenario3_repeated_spike,RANDOM,150,154.96761398397254,0,0.17685475873998285,0.5829676139839726,0.5,0.5,-0.37991118636197774,,,,,,,spike
602,10,scenario3_repeated_spike,RANDOM,150,158.4708525855753,0,0.1790442828659846,0.5864708525855753,0.5,0.5,-0.38275756772577996,,,,,,,spike
603,10,scenario3_repeated_spike,RANDOM,150,155.6237673270178,1,0.1665904608461883,0.2532723686769507,0.5,0.5,-0.2099314147615695,,,,,,,spike
604,10,scenario3_repeated_spike,RANDOM,150,159.061390594316,0,0.17941336912144754,0.5870613905943161,0.5,0.5,-0.3832373798578818,,,,,,,spike
605,10,scenario3_repeated_spike,RANDOM,150,162.1552515348844,0,0.18134703220930276,0.5901552515348845,0.5,0.5,-0.3857511418720936,,,,,,,spike
606,10,scenario3_repeated_spike,RANDOM,150,164.93972638139596,0,0.1830873289883725,0.592939726381396,0.5,0.5,-0.3880135276848843,,,,,,,spike
607,10,scenario3_repeated_spike,RANDOM,150,161.44575374325638,1,0.16870754681572958,0.25496603745258367,0.5,0.5,-0.21183679213415663,,,,,,,spike
608,10,scenario3_repeated_spike,RANDOM,150,158.30117836893075,1,0.16756406486142936,0.2540512518891435,0.5,0.5,-0.21080765837528642,,,,,,,spike
609,10,scenario3_repeated_spike,RANDOM,150,155.47106053203768,1,0.16653493110255915,0.25322794488204736,0.5,0.5,-0.20988143799230324,,,,,,,spike
610,10,scenario3_repeated_spike,RANDOM,150,158.9239544788339,0,0.1793274715492712,0.5869239544788339,0.5,0.5,-0.38312571301405257,,,,,,,spike
611,10,scenario3_repeated_spike,RANDOM,150,156.03155903095052,1,0.16673874873852745,0.25339099899082196,0.5,0.5,-0.2100648738646747,,,,,,,spike
612,10,scenario3_repeated_spike,RANDOM,150,159.42840312785546,0,0.17964275195490967,0.5874284031278555,0.5,0.5,-0.38353557754138257,,,,,,,spike
613,10,scenario3_repeated_spike,RANDOM,150,162.48556281506993,0,0.1815534767594187,0.5904855628150699,0.5,0.5,-0.3860195197872443,,,,,,,spike
614,10,scenario3_repeated_spike,RANDOM,150,165.23700653356295,0,0.18327312908347684,0.5932370065335629,0.5,0.5,-0.38825506780851987,,,,,,,spike
615,10,scenario3_repeated_spike,RANDOM,150,161.71330588020666,1,0.16880483850189332,0.2550438708015147,0.5,0.5,-0.211924354651704,,,,,,,spike
616,10,scenario3_repeated_spike,RANDOM,150,164.541975292186,0,0.18283873455761626,0.592541975292186,0.5,0.5,-0.3876903549249011,,,,,,,spike
617,10,scenario3_repeated_spike,RANDOM,150,161.08777776296742,1,0.16857737373198817,0.25486189898559053,0.5,0.5,-0.21171963635878935,,,,,,,spike
618,10,scenario3_repeated_spike,RANDOM,150,157.9789999866707,1,0.16744690908606205,0.2539575272688497,0.5,0.5,-0.21070221817745588,,,,,,,spike
619,10,scenario3_repeated_spike,RANDOM,150,161.1810999880036,0,0.18073818749250226,0.5891810999880036,0.5,0.5,-0.38495964374025293,,,,,,,spike
620,10,scenario3_repeated_spike,RANDOM,150,164.06298998920326,0,0.18253936874325205,0.5920629899892033,0.5,0.5,-0.38730117936622765,,,,,,,spike
621,10,scenario3_repeated_spike,RANDOM,150,166.65669099028293,0,0.18416043186892683,0.594656690990283,0.5,0.5,-0.3894085614296049,,,,,,,spike
622,10,scenario3_repeated_spike,RANDOM,150,168.99102189125463,0,0.18561938868203418,0.5969910218912546,0.5,0.5,-0.3913052052866444,,,,,,,spike
623,10,scenario3_repeated_spike,RANDOM,150,171.09191970212916,0,0.18693244981383073,0.5990919197021292,0.5,0.5,-0.39301218475797994,,,,,,,spike
624,10,scenario3_repeated_spike,RANDOM,150,166.98272773191624,1,0.170720991902515,0.256576793522012,0.5,0.5,-0.2136488927122635,,,,,,,spike
625,10,scenario3_repeated_spike,RANDOM,150,163.2844549587246,1,0.16937616543953624,0.255500932351629,0.5,0.5,-0.2124385488955826,,,,,,,spike
626,10,scenario3_repeated_spike,RANDOM,150,165.95600946285217,0,0.18372250591428263,0.5939560094628522,0.5,0.5,-0.3888392576885674,,,,,,,spike
627,10,scenario3_repeated_spike,RANDOM,150,162.36040851656696,1,0.1690401485514789,0.25523211884118313,0.5,0.5,-0.212136133696331,,,,,,,spike
628,10,scenario3_repeated_spike,RANDOM,150,165.12436766491027,0,0.18320272979056895,0.5931243676649103,0.5,0.5,-0.3881635487277396,,,,,,,spike
629,10,scenario3_repeated_spike,RANDOM,150,161.61193089841925,1,0.16876797487215245,0.25501437989772197,0.5,0.5,-0.2118911773849372,,,,,,,spike
630,10,scenario3_repeated_spike,RANDOM,150,158.45073780857732,1,0.1676184501122099,0.25409476008976795,0.5,0.5,-0.21085660510098891,,,,,,,spike
631,10,scenario3_repeated_spike,RANDOM,150,161.6056640277196,0,0.18100354001732477,0.5896056640277196,0.5,0.5,-0.3853046020225222,,,,,,,spike
632,10,scenario3_repeated_spike,RANDOM,150,164.44509762494764,0,0.1827781860155923,0.5924450976249477,0.5,0.5,-0.38761164182026997,,,,,,,spike
633,10,scenario3_repeated_spike,RANDOM,150,161.00058786245287,1,0.16854566831361922,0.2548365346508954,0.5,0.5,-0.2116911014822573,,,,,,,spike
634,10,scenario3_repeated_spike,RANDOM,150,157.9005290762076,1,0.16741837420953004,0.25393469936762403,0.5,0.5,-0.21067653678857703,,,,,,,spike
635,10,scenario3_repeated_spike,RANDOM,150,161.11047616858684,0,0.18069404760536678,0.5891104761685868,0.5,0.5,-0.3849022618869768,,,,,,,spike
636,10,scenario3_repeated_spike,RANDOM,150,163.99942855172816,0,0.1824996428448301,0.5919994285517282,0.5,0.5,-0.38724953569827913,,,,,,,spike
637,10,scenario3_repeated_spike,RANDOM,150,166.59948569655535,0,0.1841246785603471,0.5945994856965553,0.5,0.5,-0.3893620821284512,,,,,,,spike
638,10,scenario3_repeated_spike,RANDOM,150,168.9395371268998,0,0.1855872107043124,0.5969395371268998,0.5,0.5,-0.3912633739156061,,,,,,,spike
639,10,scenario3_repeated_spike,RANDOM,150,171.04558341420983,0,0.18690348963388115,0.5990455834142099,0.5,0.5,-0.3929745365240455,,,,,,,spike
640,10,scenario3_repeated_spike,RANDOM,150,172.94102507278885,0,0.18808814067049306,0.6009410250727889,0.5,0.5,-0.394514582871641,,,,,,,spike
641,10,scenario3_repeated_spike,RANDOM,150,168.64692256550995,1,0.17132615366018544,0.25706092292814836,0.5,0.5,-0.2141935382941669,,,,,,,spike
642,10,scenario3_repeated_spike,RANDOM,150,170.78223030895896,0,0.18673889394309937,0.5987822303089589,0.5,0.5,-0.39276056212602917,,,,,,,spike
643,10,scenario3_repeated_spike,RANDOM,150,172.70400727806307,0,0.18794000454878945,0.6007040072780632,0.5,0.5,-0.3943220059134263,,,,,,,spike
644,10,scenario3_repeated_spike,RANDOM,150,168.43360655025677,1,0.1712485842000934,0.2569988673600747,0.5,0.5,-0.21412372578008404,,,,,,,spike
645,10,scenario3_repeated_spike,RANDOM,150,164.5902458952311,1,0.16985099850735677,0.25588079880588543,0.5,0.5,-0.2128658986566211,,,,,,,spike
646,10,scenario3_repeated_spike,RANDOM,150,161.131221305708,1,0.16859317138389382,0.25487453710711505,0.5,0.5,-0.21173385424550445,,,,,,,spike
647,10,scenario3_repeated_spike,RANDOM,150,164.01809917513722,0,0.1825113119844608,0.5920180991751373,0.5,0.5,-0.38726470557979903,,,,,,,spike
648,10,scenario3_repeated_spike,RANDOM,150,160.6162892576235,1,0.16840592336640853,0.25472473869312684,0.5,0.5,-0.21156533102976768,,,,,,,spike
649,10,scenario3_repeated_spike,RANDOM,150,163.55466033186116,0,0.18222166270741325,0.5915546603318612,0.5,0.5,-0.38688816151963723,,,,,,,spike
650,10,scenario3_repeated_spike,RANDOM,150,160.19919429867505,1,0.16825425247224549,0.2546034019777964,0.5,0.5,-0.21142882722502093,,,,,,,spike
651,10,scenario3_repeated_spike,RANDOM,150,157.17927486880754,1,0.16715609995229364,0.2537248799618349,0.5,0.5,-0.21044048995706427,,,,,,,spike
652,10,scenario3_repeated_spike,RANDOM,150,154.4613473819268,1,0.16616776268433703,0.25293421014746964,0.5,0.5,-0.20955098641590333,,,,,,,spike
653,10,scenario3_repeated_spike,RANDOM,150,158.01521264373412,0,0.17875950790233386,0.5860152126437341,0.5,0.5,-0.382387360273034,,,,,,,spike
654,10,scenario3_repeated_spike,RANDOM,150,155.2136913793607,1,0.16644134231976754,0.25315307385581404,0.5,0.5,-0.2097972080877908,,,,,,,spike
655,10,scenario3_repeated_spike,RANDOM,150,158.69232224142465,0,0.17918270140089043,0.5866923222414246,0.5,0.5,-0.38293751182115754,,,,,,,spike
656,10,scenario3_repeated_spike,RANDOM,150,161.8230900172822,0,0.1811394312608014,0.5898230900172823,0.5,0.5,-0.38548126063904187,,,,,,,spike
657,10,scenario3_repeated_spike,RANDOM,150,164.64078101555398,0,0.18290048813472126,0.5926407810155541,0.5,0.5,-0.38777063457513766,,,,,,,spike
658,10,scenario3_repeated_spike,RANDOM,150,167.17670291399858,0,0.18448543932124914,0.5951767029139986,0.5,0.5,-0.3898310711176239,,,,,,,spike
659,10,scenario3_repeated_spike,RANDOM,150,169.45903262259873,0,0.18591189538912423,0.5974590326225988,0.5,0.5,-0.3916854640058615,,,,,,,spike
660,10,scenario3_repeated_spike,RANDOM,150,165.51312936033887,1,0.1701865924946687,0.25614927399573495,0.5,0.5,-0.21316793324520183,,,,,,,spike
661,10,scenario3_repeated_spike,RANDOM,150,167.96181642430497,0,0.18497613526519063,0.595961816424305,0.5,0.5,-0.3904689758447478,,,,,,,spike
662,10,scenario3_repeated_spike,RANDOM,150,164.16563478187447,1,0.1696965944661362,0.25575727557290895,0.5,0.5,-0.21272693501952256,,,,,,,spike
663,10,scenario3_repeated_spike,RANDOM,150,160.74907130368703,1,0.1684542077467953,0.2547633661974362,0.5,0.5,-0.21160878697211577,,,,,,,spike
664,10,scenario3_repeated_spike,RANDOM,150,157.67416417331833,1,0.1673360596993885,0.2538688477595108,0.5,0.5,-0.21060245372944963,,,,,,,spike
665,10,scenario3_repeated_spike,RANDOM,150,154.90674775598652,1,0.16632972645672237,0.2530637811653779,0.5,0.5,-0.20969675381105013,,,,,,,spike
666,10,scenario3_repeated_spike,RANDOM,150,158.41607298038787,0,0.17901004561274245,0.5864160729803879,0.5,0.5,-0.3827130592965652,,,,,,,spike
667,10,scenario3_repeated_spike,RANDOM,150,155.57446568234909,1,0.16657253297539967,0.25325802638031975,0.5,0.5,-0.20991527967785972,,,,,,,spike
668,10,scenario3_repeated_spike,RANDOM,150,159.0170191141142,0,0.17938563694632137,0.5870170191141142,0.5,0.5,-0.3832013280302178,,,,,,,spike
669,10,scenario3_repeated_spike,RANDOM,150,162.11531720270278,0,0.18132207325168925,0.5901153172027028,0.5,0.5,-0.38571869522719604,,,,,,,spike
670,10,scenario3_repeated_spike,RANDOM,150,164.9037854824325,0,0.18306486592652033,0.5929037854824325,0.5,0.5,-0.3879843257044764,,,,,,,spike
671,10,scenario3_repeated_spike,RANDOM,150,161.41340693418925,1,0.16869578433970517,0.2549566274717642,0.5,0.5,-0.21182620590573467,,,,,,,spike
672,10,scenario3_repeated_spike,RANDOM,150,164.27206624077033,0,0.1826700414004815,0.5922720662407703,0.5,0.5,-0.3874710538206259,,,,,,,spike
673,10,scenario3_repeated_spike,RANDOM,150,160.8448596166933,1,0.16848903986061575,0.2547912318884926,0.5,0.5,-0.21164013587455419,,,,,,,spike
674,10,scenario3_repeated_spike,RANDOM,150,163.76037365502398,0,0.18235023353439,0.591760373655024,0.5,0.5,-0.38705530359470697,,,,,,,spike
675,10,scenario3_repeated_spike,RANDOM,150,166.3843362895216,0,0.18399021018095102,0.5943843362895216,0.5,0.5,-0.3891872732352363,,,,,,,spike
676,10,scenario3_repeated_spike,RANDOM,150,168.74590266056944,0,0.18546618916285593,0.5967459026605695,0.5,0.5,-0.3911060459117127,,,,,,,spike
677,10,scenario3_repeated_spike,RANDOM,150,164.8713123945125,1,0.16995320450709547,0.2559625636056764,0.5,0.5,-0.21295788405638594,,,,,,,spike
678,10,scenario3_repeated_spike,RANDOM,150,167.38418115506124,0,0.1846151132219133,0.5953841811550613,0.5,0.5,-0.3899996471884873,,,,,,,spike
679,10,scenario3_repeated_spike,RANDOM,150,163.64576303955513,1,0.16950755019620187,0.25560604015696153,0.5,0.5,-0.21255679517658171,,,,,,,spike
680,10,scenario3_repeated_spike,RANDOM,150,160.28118673559962,1,0.1682840679038544,0.25462725432308353,0.5,0.5,-0.21145566111346897,,,,,,,spike
681,10,scenario3_repeated_spike,RANDOM,150,163.25306806203966,0,0.1820331675387748,0.5912530680620397,0.5,0.5,-0.3866431178004073,,,,,,,spike
682,10,scenario3_repeated_spike,RANDOM,150,165.9277612558357,0,0.18370485078489732,0.5939277612558357,0.5,0.5,-0.3888163060203665,,,,,,,spike
683,10,scenario3_repeated_spike,RANDOM,150,168.33498513025214,0,0.18520936570640759,0.5963349851302522,0.5,0.5,-0.39077217541832987,,,,,,,spike
684,10,scenario3_repeated_spike,RANDOM,150,164.50148661722693,1,0.16981872240626433,0.2558549779250115,0.5,0.5,-0.21283685016563791,,,,,,,spike
685,10,scenario3_repeated_spike,RANDOM,150,161.05133795550424,1,0.16856412289291064,0.2548512983143285,0.5,0.5,-0.2117077106036196,,,,,,,spike
686,10,scenario3_repeated_spike,RANDOM,150,163.94620415995382,0,0.18246637759997117,0.5919462041599539,0.5,0.5,-0.38720629087996256,,,,,,,spike
687,10,scenario3_repeated_spike,RANDOM,150,166.55158374395845,0,0.18409473983997404,0.5945515837439584,0.5,0.5,-0.38932316179196624,,,,,,,spike
688,10,scenario3_repeated_spike,RANDOM,150,162.8964253695626,1,0.16923506377075004,0.25538805101660006,0.5,0.5,-0.21231155739367505,,,,,,,spike
689,10,scenario3_repeated_spike,RANDOM,150,165.60678283260634,0,0.18350423927037898,0.5936067828326064,0.5,0.5,-0.38855551105149266,,,,,,,spike
690,10,scenario3_repeated_spike,RANDOM,150,168.0461045493457,0,0.18502881534334106,0.5960461045493457,0.5,0.5,-0.39053745994634337,,,,,,,spike
691,10,scenario3_repeated_spike,RANDOM,150,170.24149409441114,0,0.186400933809007,0.5982414940944112,0.5,0.5,-0.3923212139517091,,,,,,,spike
692,10,scenario3_repeated_spike,RANDOM,150,166.21734468497002,1,0.17044267079453454,0.25635413663562767,0.5,0.5,-0.21339840371508112,,,,,,,spike
693,10,scenario3_repeated_spike,RANDOM,150,162.595610216473,1,0.16912567644235382,0.25530054115388306,0.5,0.5,-0.21221310879811844,,,,,,,spike
694,10,scenario3_repeated_spike,RANDOM,150,159.3360491948257,1,0.16794038152539117,0.25435230522031294,0.5,0.5,-0.21114634337285204,,,,,,,spike
695,10,scenario3_repeated_spike,RANDOM,150,156.40244427534313,1,0.16687361610012477,0.25349889288009986,0.5,0.5,-0.2101862544901123,,,,,,,spike
696,10,scenario3_repeated_spike,RANDOM,150,153.76219984780883,1,0.16591352721738503,0.25273082177390804,0.5,0.5,-0.20932217449564655,,,,,,,spike
697,10,scenario3_repeated_spike,RANDOM,150,157.38597986302796,0,0.1783662374143925,0.585385979863028,0.5,0.5,-0.38187610863871024,,,,,,,spike
698,10,scenario3_repeated_spike,RANDOM,150,154.64738187672518,1,0.16623541159153643,0.2529883292732292,0.5,0.5,-0.2096118704323828,,,,,,,spike
699,10,scenario3_repeated_spike,RANDOM,150,152.18264368905267,1,0.16533914315965553,0.25227131452772444,0.5,0.5,-0.20880522884369,,,,,,,spike
700,10,scenario3_repeated_spike,RANDOM,150,149.9643793201474,1,0.16453250157096272,0.2516260012567702,0.5,0.5,-0.20807925141386646,,,,,,,spike
701,10,scenario3_repeated_spike,RANDOM,150,153.96794138813266,0,0.17622996336758293,0.5819679413881327,0.5,0.5,-0.3790989523778578,,,,,,,spike
702,10,scenario3_repeated_spike,RANDOM,150,151.5711472493194,1,0.16511678081793435,0.2520934246543475,0.5,0.5,-0.2086051027361409,,,,,,,spike
703,10,scenario3_repeated_spike,RANDOM,150,149.41403252438747,1,0.16433237546341364,0.2514659003707309,0.5,0.5,-0.20789913791707226,,,,,,,spike
704,10,scenario3_repeated_spike,RANDOM,150,147.47262927194873,1,0.163626410644345,0.250901128515476,0.5,0.5,-0.2072637695799105,,,,,,,spike
705,10,scenario3_repeated_spike,RANDOM,150,151.72536634475387,0,0.17482835396547117,0.5797253663447539,0.5,0.5,-0.3772768601551125,,,,,,,spike
706,10,scenario3_repeated_spike,RANDOM,150,149.55282971027847,1,0.164382847167374,0.2515062777338992,0.5,0.5,-0.2079445624506366,,,,,,,spike
707,10,scenario3_repeated_spike,RANDOM,150,147.59754673925062,1,0.16367183517790931,0.2509374681423275,0.5,0.5,-0.2073046516601184,,,,,,,spike
708,10,scenario3_repeated_spike,RANDOM,150,145.83779206532557,1,0.16303192438739111,0.2504255395099129,0.5,0.5,-0.20672873194865202,,,,,,,spike
709,10,scenario3_repeated_spike,RANDOM,150,144.25401285879303,1,0.16245600467592475,0.24996480374073982,0.5,0.5,-0.20621040420833228,,,,,,,spike
710,10,scenario3_repeated_spike,RANDOM,150,142.82861157291373,1,0.16193767693560498,0.24955014154848398,0.5,0.5,-0.2057439092420445,,,,,,,spike
711,10,scenario3_repeated_spike,RANDOM,150,141.54575041562236,1,0.16147118196931723,0.24917694557545378,0.5,0.5,-0.2053240637723855,,,,,,,spike
712,10,scenario3_repeated_spike,RANDOM,150,146.39117537406014,0,0.1714944846087876,0.5743911753740601,0.5,0.5,-0.37294282999142386,,,,,,,spike
713,10,scenario3_repeated_spike,RANDOM,150,144.75205783665413,1,0.16263711194060151,0.25010968955248125,0.5,0.5,-0.20637340074654137,,,,,,,spike
714,10,scenario3_repeated_spike,RANDOM,150,149.27685205298872,0,0.17329803253311796,0.5772768520529887,0.5,0.5,-0.37528744229305333,,,,,,,spike
715,10,scenario3_repeated_spike,RANDOM,150,153.34916684768984,0,0.17584322927980617,0.5813491668476899,0.5,0.5,-0.378596198063748,,,,,,,spike
716,10,scenario3_repeated_spike,RANDOM,150,157.01425016292086,0,0.17813390635182555,0.5850142501629209,0.5,0.5,-0.3815740782573732,,,,,,,spike
717,10,scenario3_repeated_spike,RANDOM,150,160.31282514662877,0,0.180195515716643,0.5883128251466287,0.5,0.5,-0.3842541704316359,,,,,,,spike
718,10,scenario3_repeated_spike,RANDOM,150,157.2815426319659,1,0.16719328822980578,0.2537546305838446,0.5,0.5,-0.2104739594068252,,,,,,,spike
719,10,scenario3_repeated_spike,RANDOM,150,154.5533883687693,1,0.1662012321340979,0.2529609857072783,0.5,0.5,-0.2095811089206881,,,,,,,spike
720,10,scenario3_repeated_spike,RANDOM,150,152.09804953189237,1,0.16530838164796088,0.25224670531836874,0.5,0.5,-0.2087775434831648,,,,,,,spike
721,10,scenario3_repeated_spike,RANDOM,150,149.88824457870314,1,0.1645048162104375,0.25160385296835003,0.5,0.5,-0.20805433458939376,,,,,,,spike
722,10,scenario3_repeated_spike,RANDOM,150,153.89942012083281,0,0.1761871375755205,0.5818994201208328,0.5,0.5,-0.3790432788481767,,,,,,,spike
723,10,scenario3_repeated_spike,RANDOM,150,151.50947810874953,1,0.1650943556759089,0.25207548454072715,0.5,0.5,-0.20858492010831803,,,,,,,spike
724,10,scenario3_repeated_spike,RANDOM,150,155.35853029787458,0,0.17709908143617162,0.5833585302978745,0.5,0.5,-0.38022880586702307,,,,,,,spike
725,10,scenario3_repeated_spike,RANDOM,150,158.82267726808712,0,0.17926417329255448,0.5868226772680871,0.5,0.5,-0.3830434252803208,,,,,,,spike
726,10,scenario3_repeated_spike,RANDOM,150,161.9404095412784,0,0.181212755963299,0.5899404095412784,0.5,0.5,-0.3855765827522887,,,,,,,spike
727,10,scenario3_repeated_spike,RANDOM,150,164.74636858715056,0,0.1829664803669691,0.5927463685871506,0.5,0.5,-0.3878564244770598,,,,,,,spike
728,10,scenario3_repeated_spike,RANDOM,150,167.2717317284355,0,0.1845448323302722,0.5952717317284355,0.5,0.5,-0.38990828202935385,,,,,,,spike
729,10,scenario3_repeated_spike,RANDOM,150,169.54455855559195,0,0.185965349097245,0.597544558555592,0.5,0.5,-0.39175495382641845,,,,,,,spike
730,10,scenario3_repeated_spike,RANDOM,150,171.59010270003276,0,0.18724381418752048,0.5995901027000328,0.5,0.5,-0.3934169584437766,,,,,,,spike
731,10,scenario3_repeated_spike,RANDOM,150,167.43109243002948,1,0.1708840336109198,0.2567072268887359,0.5,0.5,-0.21379563024982784,,,,,,,spike
732,10,scenario3_repeated_spike,RANDOM,150,163.68798318702653,1,0.16952290297710057,0.2556183223816805,0.5,0.5,-0.21257061267939054,,,,,,,spike
733,10,scenario3_repeated_spike,RANDOM,150,160.31918486832387,1,0.1682978854066632,0.2546383083253306,0.5,0.5,-0.21146809686599688,,,,,,,spike
734,10,scenario3_repeated_spike,RANDOM,150,157.2872663814915,1,0.16719536959326964,0.2537562956746157,0.5,0.5,-0.21047583263394268,,,,,,,spike
735,10,scenario3_repeated_spike,RANDOM,150,154.55853974334235,1,0.1662031053612154,0.25296248428897233,0.5,0.5,-0.20958279482509387,,,,,,,spike
736,10,scenario3_repeated_spike,RANDOM,150,152.10268576900813,1,0.1653100675523666,0.2522480540418933,0.5,0.5,-0.20877906079712996,,,,,,,spike
737,10,scenario3_repeated_spike,RANDOM,150,155.89241719210733,0,0.1774327607450671,0.5838924171921074,0.5,0.5,-0.38066258896858723,,,,,,,spike
738,10,scenario3_repeated_spike,RANDOM,150,159.3031754728966,0,0.1795644846705604,0.5873031754728967,0.5,0.5,-0.38343383007172854,,,,,,,spike
739,10,scenario3_repeated_spike,RANDOM,150,156.37285792560695,1,0.16686285742749346,0.2534902859419948,0.5,0.5,-0.21017657168474413,,,,,,,spike
740,10,scenario3_repeated_spike,RANDOM,150,159.73557213304625,0,0.1798347325831539,0.5877355721330463,0.5,0.5,-0.38378515235810007,,,,,,,spike
741,10,scenario3_repeated_spike,RANDOM,150,162.76201491974163,0,0.18172625932483855,0.5907620149197417,0.5,0.5,-0.3862441371222901,,,,,,,spike
742,10,scenario3_repeated_spike,RANDOM,150,165.48581342776748,0,0.1834286333923547,0.5934858134277675,0.5,0.5,-0.3884572234100611,,,,,,,spike
743,10,scenario3_repeated_spike,RANDOM,150,161.93723208499074,1,0.1688862662127239,0.2551090129701791,0.5,0.5,-0.21199763959145151,,,,,,,spike
744,10,scenario3_repeated_spike,RANDOM,150,164.74350887649166,0,0.1829646930478073,0.5927435088764916,0.5,0.5,-0.38785410096214945,,,,,,,spike
745,10,scenario3_repeated_spike,RANDOM,150,161.2691579888425,1,0.1686433301777609,0.25491466414220876,0.5,0.5,-0.21177899715998483,,,,,,,spike
746,10,scenario3_repeated_spike,RANDOM,150,158.14224218995824,1,0.16750626988725756,0.25400501590980606,0.5,0.5,-0.21075564289853183,,,,,,,spike
747,10,scenario3_repeated_spike,RANDOM,150,161.3280179709624,0,0.18083001123185152,0.5893280179709625,0.5,0.5,-0.385079014601407,,,,,,,spike
748,10,scenario3_repeated_spike,RANDOM,150,158.19521617386616,1,0.16752553315413315,0.25402042652330653,0.5,0.5,-0.21077297983871984,,,,,,,spike
749,10,scenario3_repeated_spike,RANDOM,150,155.37569455647954,1,0.16650025256599257,0.2532002020527941,0.5,0.5,-0.20985022730939334,,,,,,,spike
750,10,scenario3_repeated_spike,RANDOM,150,152.8381251008316,1,0.16557750003666605,0.25246200002933283,0.5,0.5,-0.20901975003299944,,,,,,,spike
751,10,scenario3_repeated_spike,RANDOM,150,156.55431259074845,0,0.1778464453692178,0.5845543125907484,0.5,0.5,-0.3812003789799831,,,,,,,spike
752,10,scenario3_repeated_spike,RANDOM,150,153.8988813316736,1,0.16596322957515405,0.2527705836601233,0.5,0.5,-0.20936690661763868,,,,,,,spike
753,10,scenario3_repeated_spike,RANDOM,150,151.50899319850626,1,0.16509417934491136,0.2520753434759291,0.5,0.5,-0.2085847614104202,,,,,,,spike
754,10,scenario3_repeated_spike,RANDOM,150,149.35809387865564,1,0.16431203413769296,0.2514496273101544,0.5,0.5,-0.2078808307239237,,,,,,,spike
755,10,scenario3_repeated_spike,RANDOM,150,147.42228449079008,1,0.1636081034511964,0.25088648276095715,0.5,0.5,-0.20724729310607676,,,,,,,spike
756,10,scenario3_repeated_spike,RANDOM,150,145.68005604171108,1,0.1629745658333495,0.2503796526666796,0.5,0.5,-0.20667710925001453,,,,,,,spike
757,10,scenario3_repeated_spike,RANDOM,150,144.11205043753998,1,0.1624043819772873,0.24992350558182985,0.5,0.5,-0.20616394377955857,,,,,,,spike
758,10,scenario3_repeated_spike,RANDOM,150,148.70084539378598,0,0.17293802837111627,0.5767008453937861,0.5,0.5,-0.3748194368824512,,,,,,,spike
759,10,scenario3_repeated_spike,RANDOM,150,146.8307608544074,1,0.16339300394705725,0.2507144031576458,0.5,0.5,-0.20705370355235153,,,,,,,spike
760,10,scenario3_repeated_spike,RANDOM,150,145.14768476896666,1,0.16278097627962423,0.2502247810236994,0.5,0.5,-0.2065028786516618,,,,,,,spike
761,10,scenario3_repeated_spike,RANDOM,150,143.63291629207,1,0.16223015137893457,0.24978412110314768,0.5,0.5,-0.2060071362410411,,,,,,,spike
762,10,scenario3_repeated_spike,RANDOM,150,148.269624662863,0,0.1726685154142894,0.576269624662863,0.5,0.5,-0.3744690700385762,,,,,,,spike
763,10,scenario3_repeated_spike,RANDOM,150,152.44266219657672,0,0.17527666387286045,0.5804426621965767,0.5,0.5,-0.3778596630347186,,,,,,,spike
764,10,scenario3_repeated_spike,RANDOM,150,150.19839597691904,1,0.16461759853706148,0.2516940788296492,0.5,0.5,-0.20815583868335535,,,,,,,spike
765,10,scenario3_repeated_spike,RANDOM,150,148.17855637922713,1,0.16388311141062803,0.2511064891285024,0.5,0.5,-0.20749480026956524,,,,,,,spike
766,10,scenario3_repeated_spike,RANDOM,150,146.3607007413044,1,0.16322207299683797,0.25057765839747037,0.5,0.5,-0.20689986569715418,,,,,,,spike
767,10,scenario3_repeated_spike,RANDOM,150,144.72463066717398,1,0.1626271384244269,0.2501017107395415,0.5,0.5,-0.2063644245819842,,,,,,,spike
768,10,scenario3_repeated_spike,RANDOM,150,149.2521676004566,0,0.1732826047502854,0.5772521676004566,0.5,0.5,-0.37526738617537103,,,,,,,spike
769,10,scenario3_repeated_spike,RANDOM,150,147.32695084041094,1,0.16357343666924035,0.2508587493353923,0.5,0.5,-0.20721609300231633,,,,,,,spike
770,10,scenario3_repeated_spike,RANDOM,150,151.59425575636985,0,0.17474640984773115,0.5795942557563698,0.5,0.5,-0.3771703328020505,,,,,,,spike
771,10,scenario3_repeated_spike,RANDOM,150,155.43483018073286,0,0.17714676886295805,0.5834348301807328,0.5,0.5,-0.3802907995218454,,,,,,,spike
772,10,scenario3_repeated_spike,RANDOM,150,158.89134716265957,0,0.17930709197666225,0.5868913471626596,0.5,0.5,-0.3830992195696609,,,,,,,spike
773,10,scenario3_repeated_spike,RANDOM,150,156.00221244639363,1,0.16672807725323405,0.2533824618025873,0.5,0.5,-0.21005526952791065,,,,,,,spike
774,10,scenario3_repeated_spike,RANDOM,150,153.40199120175427,1,0.16578254225518335,0.2526260338041467,0.5,0.5,-0.20920428802966504,,,,,,,spike
775,10,scenario3_repeated_spike,RANDOM,150,157.06179208157886,0,0.1781636200509868,0.5850617920815788,0.5,0.5,-0.38161270606628284,,,,,,,spike
776,10,scenario3_repeated_spike,RANDOM,150,160.35561287342097,0,0.18022225804588812,0.588355612873421,0.5,0.5,-0.38428893545965453,,,,,,,spike
777,10,scenario3_repeated_spike,RANDOM,150,163.32005158607888,0,0.1820750322412993,0.5913200515860789,0.5,0.5,-0.3866975419136891,,,,,,,spike
778,10,scenario3_repeated_spike,RANDOM,150,165.988046427471,0,0.1837425290171694,0.593988046427471,0.5,0.5,-0.3888652877223202,,,,,,,spike
779,10,scenario3_repeated_spike,RANDOM,150,162.3892417847239,1,0.16905063337626325,0.2552405067010106,0.5,0.5,-0.21214557003863693,,,,,,,spike
780,10,scenario3_repeated_spike,RANDOM,150,165.15031760625152,0,0.18321894850390721,0.5931503176062516,0.5,0.5,-0.3881846330550794,,,,,,,spike
781,10,scenario3_repeated_spike,RANDOM,150,161.63528584562638,1,0.16877646758022777,0.25502117406418223,0.5,0.5,-0.21189882082220501,,,,,,,spike
782,10,scenario3_repeated_spike,RANDOM,150,164.47175726106374,0,0.18279484828816484,0.5924717572610637,0.5,0.5,-0.3876333027746143,,,,,,,spike
783,10,scenario3_repeated_spike,RANDOM,150,167.02458153495738,0,0.18439036345934837,0.5950245815349574,0.5,0.5,-0.3897074724971529,,,,,,,spike
784,10,scenario3_repeated_spike,RANDOM,150,169.32212338146164,0,0.18582632711341354,0.5973221233814616,0.5,0.5,-0.39157422524743757,,,,,,,spike
785,10,scenario3_repeated_spike,RANDOM,150,165.38991104331546,1,0.17014178583393288,0.2561134286671463,0.5,0.5,-0.21312760725053959,,,,,,,spike
786,10,scenario3_repeated_spike,RANDOM,150,167.85091993898394,0,0.18490682496186497,0.595850919938984,0.5,0.5,-0.39037887245042446,,,,,,,spike
787,10,scenario3_repeated_spike,RANDOM,150,164.06582794508554,1,0.1696603010709402,0.25572824085675216,0.5,0.5,-0.2126942709638462,,,,,,,spike
788,10,scenario3_repeated_spike,RANDOM,150,160.659245150577,1,0.1684215436911189,0.25473723495289513,0.5,0.5,-0.211579389322007,,,,,,,spike
789,10,scenario3_repeated_spike,RANDOM,150,163.5933206355193,0,0.18224582539719958,0.5915933206355193,0.5,0.5,-0.38691957301635943,,,,,,,spike
790,10,scenario3_repeated_spike,RANDOM,150,160.23398857196736,1,0.16826690493526086,0.2546135239482087,0.5,0.5,-0.21144021444173478,,,,,,,spike
791,10,scenario3_repeated_spike,RANDOM,150,163.21058971477063,0,0.18200661857173167,0.5912105897147707,0.5,0.5,-0.38660860414325116,,,,,,,spike
792,10,scenario3_repeated_spike,RANDOM,150,159.88953074329356,1,0.16814164754301583,0.2545133180344127,0.5,0.5,-0.21132748278871427,,,,,,,spike
793,10,scenario3_repeated_spike,RANDOM,150,162.90057766896422,0,0.18181286104310265,0.5909005776689642,0.5,0.5,-0.38635671935603344,,,,,,,spike
794,10,scenario3_repeated_spike,RANDOM,150,165.6105199020678,0,0.1835065749387924,0.5936105199020678,0.5,0.5,-0.3885585474204301,,,,,,,spike
795,10,scenario3_repeated_spike,RANDOM,150,162.04946791186103,1,0.1689270792406767,0.2551416633925414,0.5,0.5,-0.21203437131660907,,,,,,,spike
796,10,scenario3_repeated_spike,RANDOM,150,164.84452112067493,0,0.18302782570042186,0.592844521120675,0.5,0.5,-0.3879361734105484,,,,,,,spike
797,10,scenario3_repeated_spike,RANDOM,150,167.36006900860744,0,0.18460004313037967,0.5953600690086075,0.5,0.5,-0.3899800560694936,,,,,,,spike
798,10,scenario3_repeated_spike,RANDOM,150,169.6240621077467,0,0.18601503881734172,0.5976240621077468,0.5,0.5,-0.39181955046254424,,,,,,,spike
799,10,scenario3_repeated_spike,RANDOM,150,165.66165589697204,1,0.17024060214435344,0.25619248171548276,0.5,0.5,-0.2132165419299181,,,,,,,spike
800,10,scenario3_repeated_spike,RANDOM,50,144.09549030727484,1,0.1423983601117363,0.15391868808938905,0.5,0.5,-0.14815852410056268,,,,,,,normal
801,10,scenario3_repeated_spike,RANDOM,50,124.68594127654737,1,0.13534034228238087,0.14827227382590472,0.5,0.5,-0.1418063080541428,,,,,,,normal
802,10,scenario3_repeated_spike,RANDOM,50,113.21734714889263,0,0.1307608419680579,0.30921734714889265,0.5,0.5,-0.21998909455847526,,,,,,,normal
803,10,scenario3_repeated_spike,RANDOM,50,96.89561243400337,1,0.1252347681578194,0.14018781452625553,0.5,0.5,-0.13271129134203746,,,,,,,normal
804,10,scenario3_repeated_spike,RANDOM,50,88.20605119060303,0,0.1151287819941269,0.28420605119060305,0.5,0.5,-0.19966741659236498,,,,,,,normal
805,10,scenario3_repeated_spike,RANDOM,50,80.38544607154273,0,0.11024090379471421,0.27638544607154275,0.5,0.5,-0.1933131749331285,,,,,,,normal
806,10,scenario3_repeated_spike,RANDOM,50,67.34690146438847,1,0.11448978235068673,0.13159182588054938,0.5,0.5,-0.12304080411561805,,,,,,,normal
807,10,scenario3_repeated_spike,RANDOM,50,61.61221131794963,0,0.09850763207371853,0.25761221131794965,0.5,0.5,-0.1780599216958341,,,,,,,normal
808,10,scenario3_repeated_spike,RANDOM,50,50.45099018615467,1,0.10834581461314717,0.12667665169051776,0.5,0.5,-0.11751123315183246,,,,,,,normal
809,10,scenario3_repeated_spike,RANDOM,50,40.4058911675392,1,0.10469305133365062,0.12375444106692049,0.5,0.5,-0.11422374620028555,,,,,,,normal
810,10,scenario3_repeated_spike,RANDOM,50,31.36530205078528,1,0.10140556438210376,0.12112445150568302,0.5,0.5,-0.11126500794389338,,,,,,,normal
811,10,scenario3_repeated_spike,RANDOM,50,29.228771845706753,0,0.07826798240356672,0.22522877184570678,0.5,0.5,-0.15174837712463674,,,,,,,normal
812,10,scenario3_repeated_spike,RANDOM,50,27.30589466113608,0,0.07706618416321005,0.2233058946611361,0.5,0.5,-0.15018603941217307,,,,,,,normal
813,10,scenario3_repeated_spike,RANDOM,50,25.575305195022473,0,0.07598456574688905,0.2215753051950225,0.5,0.5,-0.14877993547095578,,,,,,,normal
814,10,scenario3_repeated_spike,RANDOM,50,18.01777467552023,1,0.09655191806382554,0.11724153445106045,0.5,0.5,-0.106896726257443,,,,,,,normal
815,10,scenario3_repeated_spike,RANDOM,50,11.215997207968208,1,0.09407854443926116,0.11526283555140893,0.5,0.5,-0.10467068999533505,,,,,,,normal
816,10,scenario3_repeated_spike,RANDOM,50,11.094397487171385,0,0.06693399842948211,0.2070943974871714,0.5,0.5,-0.13701419795832676,,,,,,,normal
817,10,scenario3_repeated_spike,RANDOM,50,4.9849577384542485,1,0.09181271190489244,0.11345016952391396,0.5,0.5,-0.1026314407144032,,,,,,,normal
818,10,scenario3_repeated_spike,RANDOM,50,0.0,1,0.09,0.11199999999999999,0.5,0.5,-0.10099999999999999,,,,,,,normal
819,10,scenario3_repeated_spike,RANDOM,50,1.0,0,0.060625,0.197,0.5,0.5,-0.1288125,,,,,,,normal
820,10,scenario3_repeated_spike,RANDOM,50,0.0,1,0.09,0.11199999999999999,0.5,0.5,-0.10099999999999999,,,,,,,normal
821,10,scenario3_repeated_spike,RANDOM,50,1.0,0,0.060625,0.197,0.5,0.5,-0.1288125,,,,,,,normal
822,10,scenario3_repeated_spike,RANDOM,50,0.0,1,0.09,0.11199999999999999,0.5,0.5,-0.10099999999999999,,,,,,,normal
823,10,scenario3_repeated_spike,RANDOM,50,1.0,0,0.060625,0.197,0.5,0.5,-0.1288125,,,,,,,normal
824,10,scenario3_repeated_spike,RANDOM,50,1.9000000000000004,0,0.0611875,0.19790000000000002,0.5,0.5,-0.12954375,,,,,,,normal
825,10,scenario3_repeated_spike,RANDOM,50,2.710000000000001,0,0.061693750000000006,0.19871000000000003,0.5,0.5,-0.13020187500000002,,,,,,,normal
826,10,scenario3_repeated_spike,RANDOM,50,3.439,0,0.062149375,0.199439,0.5,0.5,-0.1307941875,,,,,,,normal
827,10,scenario3_repeated_spike,RANDOM,50,4.0951,0,0.06255943750000001,0.20009510000000003,0.5,0.5,-0.13132726875,,,,,,,normal
828,10,scenario3_repeated_spike,RANDOM,50,4.685590000000001,0,0.06292849375000001,0.20068559000000002,0.5,0.5,-0.13180704187500003,,,,,,,normal
829,10,scenario3_repeated_spike,RANDOM,50,0.0,1,0.09,0.11199999999999999,0.5,0.5,-0.10099999999999999,,,,,,,normal
830,10,scenario3_repeated_spike,RANDOM,50,1.0,0,0.060625,0.197,0.5,0.5,-0.1288125,,,,,,,normal
831,10,scenario3_repeated_spike,RANDOM,50,1.9000000000000004,0,0.0611875,0.19790000000000002,0.5,0.5,-0.12954375,,,,,,,normal
832,10,scenario3_repeated_spike,RANDOM,50,0.0,1,0.09,0.11199999999999999,0.5,0.5,-0.10099999999999999,,,,,,,normal
833,10,scenario3_repeated_spike,RANDOM,50,0.0,1,0.09,0.11199999999999999,0.5,0.5,-0.10099999999999999,,,,,,,normal
834,10,scenario3_repeated_spike,RANDOM,50,1.0,0,0.060625,0.197,0.5,0.5,-0.1288125,,,,,,,normal
835,10,scenario3_repeated_spike,RANDOM,50,0.0,1,0.09,0.11199999999999999,0.5,0.5,-0.10099999999999999,,,,,,,normal
836,10,scenario3_repeated_spike,RANDOM,50,0.0,1,0.09,0.11199999999999999,0.5,0.5,-0.10099999999999999,,,,,,,normal
837,10,scenario3_repeated_spike,RANDOM,50,1.0,0,0.060625,0.197,0.5,0.5,-0.1288125,,,,,,,normal
838,10,scenario3_repeated_spike,RANDOM,50,1.9000000000000004,0,0.0611875,0.19790000000000002,0.5,0.5,-0.12954375,,,,,,,normal
839,10,scenario3_repeated_spike,RANDOM,50,2.710000000000001,0,0.061693750000000006,0.19871000000000003,0.5,0.5,-0.13020187500000002,,,,,,,normal
840,10,scenario3_repeated_spike,RANDOM,50,3.439,0,0.062149375,0.199439,0.5,0.5,-0.1307941875,,,,,,,normal
841,10,scenario3_repeated_spike,RANDOM,50,0.0,1,0.09,0.11199999999999999,0.5,0.5,-0.10099999999999999,,,,,,,normal
842,10,scenario3_repeated_spike,RANDOM,50,1.0,0,0.060625,0.197,0.5,0.5,-0.1288125,,,,,,,normal
843,10,scenario3_repeated_spike,RANDOM,50,0.0,1,0.09,0.11199999999999999,0.5,0.5,-0.10099999999999999,,,,,,,normal
844,10,scenario3_repeated_spike,RANDOM,50,1.0,0,0.060625,0.197,0.5,0.5,-0.1288125,,,,,,,normal
845,10,scenario3_repeated_spike,RANDOM,50,0.0,1,0.09,0.11199999999999999,0.5,0.5,-0.10099999999999999,,,,,,,normal
846,10,scenario3_repeated_spike,RANDOM,50,0.0,1,0.09,0.11199999999999999,0.5,0.5,-0.10099999999999999,,,,,,,normal
847,10,scenario3_repeated_spike,RANDOM,50,1.0,0,0.060625,0.197,0.5,0.5,-0.1288125,,,,,,,normal
848,10,scenario3_repeated_spike,RANDOM,50,1.9000000000000004,0,0.0611875,0.19790000000000002,0.5,0.5,-0.12954375,,,,,,,normal
849,10,scenario3_repeated_spike,RANDOM,50,0.0,1,0.09,0.11199999999999999,0.5,0.5,-0.10099999999999999,,,,,,,normal
850,10,scenario3_repeated_spike,RANDOM,50,1.0,0,0.060625,0.197,0.5,0.5,-0.1288125,,,,,,,normal
851,10,scenario3_repeated_spike,RANDOM,50,0.0,1,0.09,0.11199999999999999,0.5,0.5,-0.10099999999999999,,,,,,,normal
852,10,scenario3_repeated_spike,RANDOM,50,1.0,0,0.060625,0.197,0.5,0.5,-0.1288125,,,,,,,normal
853,10,scenario3_repeated_spike,RANDOM,50,0.0,1,0.09,0.11199999999999999,0.5,0.5,-0.10099999999999999,,,,,,,normal
854,10,scenario3_repeated_spike,RANDOM,50,0.0,1,0.09,0.11199999999999999,0.5,0.5,-0.10099999999999999,,,,,,,normal
855,10,scenario3_repeated_spike,RANDOM,50,0.0,1,0.09,0.11199999999999999,0.5,0.5,-0.10099999999999999,,,,,,,normal
856,10,scenario3_repeated_spike,RANDOM,50,1.0,0,0.060625,0.197,0.5,0.5,-0.1288125,,,,,,,normal
857,10,scenario3_repeated_spike,RANDOM,50,0.0,1,0.09,0.11199999999999999,0.5,0.5,-0.10099999999999999,,,,,,,normal
858,10,scenario3_repeated_spike,RANDOM,50,0.0,1,0.09,0.11199999999999999,0.5,0.5,-0.10099999999999999,,,,,,,normal
859,10,scenario3_repeated_spike,RANDOM,50,1.0,0,0.060625,0.197,0.5,0.5,-0.1288125,,,,,,,normal
860,10,scenario3_repeated_spike,RANDOM,50,0.0,1,0.09,0.11199999999999999,0.5,0.5,-0.10099999999999999,,,,,,,normal
861,10,scenario3_repeated_spike,RANDOM,50,1.0,0,0.060625,0.197,0.5,0.5,-0.1288125,,,,,,,normal
862,10,scenario3_repeated_spike,RANDOM,50,1.9000000000000004,0,0.0611875,0.19790000000000002,0.5,0.5,-0.12954375,,,,,,,normal
863,10,scenario3_repeated_spike,RANDOM,50,0.0,1,0.09,0.11199999999999999,0.5,0.5,-0.10099999999999999,,,,,,,normal
864,10,scenario3_repeated_spike,RANDOM,50,0.0,1,0.09,0.11199999999999999,0.5,0.5,-0.10099999999999999,,,,,,,normal
865,10,scenario3_repeated_spike,RANDOM,50,1.0,0,0.060625,0.197,0.5,0.5,-0.1288125,,,,,,,normal
866,10,scenario3_repeated_spike,RANDOM,50,1.9000000000000004,0,0.0611875,0.19790000000000002,0.5,0.5,-0.12954375,,,,,,,normal
867,10,scenario3_repeated_spike,RANDOM,50,2.710000000000001,0,0.061693750000000006,0.19871000000000003,0.5,0.5,-0.13020187500000002,,,,,,,normal
868,10,scenario3_repeated_spike,RANDOM,50,3.439,0,0.062149375,0.199439,0.5,0.5,-0.1307941875,,,,,,,normal
869,10,scenario3_repeated_spike,RANDOM,50,4.0951,0,0.06255943750000001,0.20009510000000003,0.5,0.5,-0.13132726875,,,,,,,normal
870,10,scenario3_repeated_spike,RANDOM,50,4.685590000000001,0,0.06292849375000001,0.20068559000000002,0.5,0.5,-0.13180704187500003,,,,,,,normal
871,10,scenario3_repeated_spike,RANDOM,50,0.0,1,0.09,0.11199999999999999,0.5,0.5,-0.10099999999999999,,,,,,,normal
872,10,scenario3_repeated_spike,RANDOM,50,1.0,0,0.060625,0.197,0.5,0.5,-0.1288125,,,,,,,normal
873,10,scenario3_repeated_spike,RANDOM,50,1.9000000000000004,0,0.0611875,0.19790000000000002,0.5,0.5,-0.12954375,,,,,,,normal
874,10,scenario3_repeated_spike,RANDOM,50,0.0,1,0.09,0.11199999999999999,0.5,0.5,-0.10099999999999999,,,,,,,normal
875,10,scenario3_repeated_spike,RANDOM,50,1.0,0,0.060625,0.197,0.5,0.5,-0.1288125,,,,,,,normal
876,10,scenario3_repeated_spike,RANDOM,50,0.0,1,0.09,0.11199999999999999,0.5,0.5,-0.10099999999999999,,,,,,,normal
877,10,scenario3_repeated_spike,RANDOM,50,0.0,1,0.09,0.11199999999999999,0.5,0.5,-0.10099999999999999,,,,,,,normal
878,10,scenario3_repeated_spike,RANDOM,50,0.0,1,0.09,0.11199999999999999,0.5,0.5,-0.10099999999999999,,,,,,,normal
879,10,scenario3_repeated_spike,RANDOM,50,0.0,1,0.09,0.11199999999999999,0.5,0.5,-0.10099999999999999,,,,,,,normal
880,10,scenario3_repeated_spike,RANDOM,50,0.0,1,0.09,0.11199999999999999,0.5,0.5,-0.10099999999999999,,,,,,,normal
881,10,scenario3_repeated_spike,RANDOM,50,0.0,1,0.09,0.11199999999999999,0.5,0.5,-0.10099999999999999,,,,,,,normal
882,10,scenario3_repeated_spike,RANDOM,50,0.0,1,0.09,0.11199999999999999,0.5,0.5,-0.10099999999999999,,,,,,,normal
883,10,scenario3_repeated_spike,RANDOM,50,1.0,0,0.060625,0.197,0.5,0.5,-0.1288125,,,,,,,normal
884,10,scenario3_repeated_spike,RANDOM,50,1.9000000000000004,0,0.0611875,0.19790000000000002,0.5,0.5,-0.12954375,,,,,,,normal
885,10,scenario3_repeated_spike,RANDOM,50,0.0,1,0.09,0.11199999999999999,0.5,0.5,-0.10099999999999999,,,,,,,normal
886,10,scenario3_repeated_spike,RANDOM,50,1.0,0,0.060625,0.197,0.5,0.5,-0.1288125,,,,,,,normal
887,10,scenario3_repeated_spike,RANDOM,50,1.9000000000000004,0,0.0611875,0.19790000000000002,0.5,0.5,-0.12954375,,,,,,,normal
888,10,scenario3_repeated_spike,RANDOM,50,0.0,1,0.09,0.11199999999999999,0.5,0.5,-0.10099999999999999,,,,,,,normal
889,10,scenario3_repeated_spike,RANDOM,50,0.0,1,0.09,0.11199999999999999,0.5,0.5,-0.10099999999999999,,,,,,,normal
890,10,scenario3_repeated_spike,RANDOM,50,0.0,1,0.09,0.11199999999999999,0.5,0.5,-0.10099999999999999,,,,,,,normal
891,10,scenario3_repeated_spike,RANDOM,50,1.0,0,0.060625,0.197,0.5,0.5,-0.1288125,,,,,,,normal
892,10,scenario3_repeated_spike,RANDOM,50,1.9000000000000004,0,0.0611875,0.19790000000000002,0.5,0.5,-0.12954375,,,,,,,normal
893,10,scenario3_repeated_spike,RANDOM,50,0.0,1,0.09,0.11199999999999999,0.5,0.5,-0.10099999999999999,,,,,,,normal
894,10,scenario3_repeated_spike,RANDOM,50,0.0,1,0.09,0.11199999999999999,0.5,0.5,-0.10099999999999999,,,,,,,normal
895,10,scenario3_repeated_spike,RANDOM,50,0.0,1,0.09,0.11199999999999999,0.5,0.5,-0.10099999999999999,,,,,,,normal
896,10,scenario3_repeated_spike,RANDOM,50,0.0,1,0.09,0.11199999999999999,0.5,0.5,-0.10099999999999999,,,,,,,normal
897,10,scenario3_repeated_spike,RANDOM,50,1.0,0,0.060625,0.197,0.5,0.5,-0.1288125,,,,,,,normal
898,10,scenario3_repeated_spike,RANDOM,50,1.9000000000000004,0,0.0611875,0.19790000000000002,0.5,0.5,-0.12954375,,,,,,,normal
899,10,scenario3_repeated_spike,RANDOM,50,0.0,1,0.09,0.11199999999999999,0.5,0.5,-0.10099999999999999,,,,,,,normal
900,10,scenario3_repeated_spike,RANDOM,50,0.0,1,0.09,0.11199999999999999,0.5,0.5,-0.10099999999999999,,,,,,,normal
901,10,scenario3_repeated_spike,RANDOM,50,1.0,0,0.060625,0.197,0.5,0.5,-0.1288125,,,,,,,normal
902,10,scenario3_repeated_spike,RANDOM,50,0.0,1,0.09,0.11199999999999999,0.5,0.5,-0.10099999999999999,,,,,,,normal
903,10,scenario3_repeated_spike,RANDOM,50,1.0,0,0.060625,0.197,0.5,0.5,-0.1288125,,,,,,,normal
904,10,scenario3_repeated_spike,RANDOM,50,0.0,1,0.09,0.11199999999999999,0.5,0.5,-0.10099999999999999,,,,,,,normal
905,10,scenario3_repeated_spike,RANDOM,50,1.0,0,0.060625,0.197,0.5,0.5,-0.1288125,,,,,,,normal
906,10,scenario3_repeated_spike,RANDOM,50,0.0,1,0.09,0.11199999999999999,0.5,0.5,-0.10099999999999999,,,,,,,normal
907,10,scenario3_repeated_spike,RANDOM,50,1.0,0,0.060625,0.197,0.5,0.5,-0.1288125,,,,,,,normal
908,10,scenario3_repeated_spike,RANDOM,50,0.0,1,0.09,0.11199999999999999,0.5,0.5,-0.10099999999999999,,,,,,,normal
909,10,scenario3_repeated_spike,RANDOM,50,1.0,0,0.060625,0.197,0.5,0.5,-0.1288125,,,,,,,normal
910,10,scenario3_repeated_spike,RANDOM,50,0.0,1,0.09,0.11199999999999999,0.5,0.5,-0.10099999999999999,,,,,,,normal
911,10,scenario3_repeated_spike,RANDOM,50,1.0,0,0.060625,0.197,0.5,0.5,-0.1288125,,,,,,,normal
912,10,scenario3_repeated_spike,RANDOM,50,1.9000000000000004,0,0.0611875,0.19790000000000002,0.5,0.5,-0.12954375,,,,,,,normal
913,10,scenario3_repeated_spike,RANDOM,50,2.710000000000001,0,0.061693750000000006,0.19871000000000003,0.5,0.5,-0.13020187500000002,,,,,,,normal
914,10,scenario3_repeated_spike,RANDOM,50,0.0,1,0.09,0.11199999999999999,0.5,0.5,-0.10099999999999999,,,,,,,normal
915,10,scenario3_repeated_spike,RANDOM,50,1.0,0,0.060625,0.197,0.5,0.5,-0.1288125,,,,,,,normal
916,10,scenario3_repeated_spike,RANDOM,50,0.0,1,0.09,0.11199999999999999,0.5,0.5,-0.10099999999999999,,,,,,,normal
917,10,scenario3_repeated_spike,RANDOM,50,1.0,0,0.060625,0.197,0.5,0.5,-0.1288125,,,,,,,normal
918,10,scenario3_repeated_spike,RANDOM,50,0.0,1,0.09,0.11199999999999999,0.5,0.5,-0.10099999999999999,,,,,,,normal
919,10,scenario3_repeated_spike,RANDOM,50,0.0,1,0.09,0.11199999999999999,0.5,0.5,-0.10099999999999999,,,,,,,normal
920,10,scenario3_repeated_spike,RANDOM,50,0.0,1,0.09,0.11199999999999999,0.5,0.5,-0.10099999999999999,,,,,,,normal
921,10,scenario3_repeated_spike,RANDOM,50,0.0,1,0.09,0.11199999999999999,0.5,0.5,-0.10099999999999999,,,,,,,normal
922,10,scenario3_repeated_spike,RANDOM,50,0.0,1,0.09,0.11199999999999999,0.5,0.5,-0.10099999999999999,,,,,,,normal
923,10,scenario3_repeated_spike,RANDOM,50,1.0,0,0.060625,0.197,0.5,0.5,-0.1288125,,,,,,,normal
924,10,scenario3_repeated_spike,RANDOM,50,1.9000000000000004,0,0.0611875,0.19790000000000002,0.5,0.5,-0.12954375,,,,,,,normal
925,10,scenario3_repeated_spike,RANDOM,50,0.0,1,0.09,0.11199999999999999,0.5,0.5,-0.10099999999999999,,,,,,,normal
926,10,scenario3_repeated_spike,RANDOM,50,1.0,0,0.060625,0.197,0.5,0.5,-0.1288125,,,,,,,normal
927,10,scenario3_repeated_spike,RANDOM,50,0.0,1,0.09,0.11199999999999999,0.5,0.5,-0.10099999999999999,,,,,,,normal
928,10,scenario3_repeated_spike,RANDOM,50,0.0,1,0.09,0.11199999999999999,0.5,0.5,-0.10099999999999999,,,,,,,normal
929,10,scenario3_repeated_spike,RANDOM,50,0.0,1,0.09,0.11199999999999999,0.5,0.5,-0.10099999999999999,,,,,,,normal
930,10,scenario3_repeated_spike,RANDOM,50,0.0,1,0.09,0.11199999999999999,0.5,0.5,-0.10099999999999999,,,,,,,normal
931,10,scenario3_repeated_spike,RANDOM,50,1.0,0,0.060625,0.197,0.5,0.5,-0.1288125,,,,,,,normal
932,10,scenario3_repeated_spike,RANDOM,50,0.0,1,0.09,0.11199999999999999,0.5,0.5,-0.10099999999999999,,,,,,,normal
933,10,scenario3_repeated_spike,RANDOM,50,1.0,0,0.060625,0.197,0.5,0.5,-0.1288125,,,,,,,normal
934,10,scenario3_repeated_spike,RANDOM,50,1.9000000000000004,0,0.0611875,0.19790000000000002,0.5,0.5,-0.12954375,,,,,,,normal
935,10,scenario3_repeated_spike,RANDOM,50,0.0,1,0.09,0.11199999999999999,0.5,0.5,-0.10099999999999999,,,,,,,normal
936,10,scenario3_repeated_spike,RANDOM,50,0.0,1,0.09,0.11199999999999999,0.5,0.5,-0.10099999999999999,,,,,,,normal
937,10,scenario3_repeated_spike,RANDOM,50,0.0,1,0.09,0.11199999999999999,0.5,0.5,-0.10099999999999999,,,,,,,normal
938,10,scenario3_repeated_spike,RANDOM,50,1.0,0,0.060625,0.197,0.5,0.5,-0.1288125,,,,,,,normal
939,10,scenario3_repeated_spike,RANDOM,50,0.0,1,0.09,0.11199999999999999,0.5,0.5,-0.10099999999999999,,,,,,,normal
940,10,scenario3_repeated_spike,RANDOM,50,1.0,0,0.060625,0.197,0.5,0.5,-0.1288125,,,,,,,normal
941,10,scenario3_repeated_spike,RANDOM,50,1.9000000000000004,0,0.0611875,0.19790000000000002,0.5,0.5,-0.12954375,,,,,,,normal
942,10,scenario3_repeated_spike,RANDOM,50,2.710000000000001,0,0.061693750000000006,0.19871000000000003,0.5,0.5,-0.13020187500000002,,,,,,,normal
943,10,scenario3_repeated_spike,RANDOM,50,0.0,1,0.09,0.11199999999999999,0.5,0.5,-0.10099999999999999,,,,,,,normal
944,10,scenario3_repeated_spike,RANDOM,50,1.0,0,0.060625,0.197,0.5,0.5,-0.1288125,,,,,,,normal
945,10,scenario3_repeated_spike,RANDOM,50,1.9000000000000004,0,0.0611875,0.19790000000000002,0.5,0.5,-0.12954375,,,,,,,normal
946,10,scenario3_repeated_spike,RANDOM,50,2.710000000000001,0,0.061693750000000006,0.19871000000000003,0.5,0.5,-0.13020187500000002,,,,,,,normal
947,10,scenario3_repeated_spike,RANDOM,50,3.439,0,0.062149375,0.199439,0.5,0.5,-0.1307941875,,,,,,,normal
948,10,scenario3_repeated_spike,RANDOM,50,0.0,1,0.09,0.11199999999999999,0.5,0.5,-0.10099999999999999,,,,,,,normal
949,10,scenario3_repeated_spike,RANDOM,50,0.0,1,0.09,0.11199999999999999,0.5,0.5,-0.10099999999999999,,,,,,,normal
950,10,scenario3_repeated_spike,RANDOM,50,1.0,0,0.060625,0.197,0.5,0.5,-0.1288125,,,,,,,normal
951,10,scenario3_repeated_spike,RANDOM,50,1.9000000000000004,0,0.0611875,0.19790000000000002,0.5,0.5,-0.12954375,,,,,,,normal
952,10,scenario3_repeated_spike,RANDOM,50,2.710000000000001,0,0.061693750000000006,0.19871000000000003,0.5,0.5,-0.13020187500000002,,,,,,,normal
953,10,scenario3_repeated_spike,RANDOM,50,3.439,0,0.062149375,0.199439,0.5,0.5,-0.1307941875,,,,,,,normal
954,10,scenario3_repeated_spike,RANDOM,50,4.0951,0,0.06255943750000001,0.20009510000000003,0.5,0.5,-0.13132726875,,,,,,,normal
955,10,scenario3_repeated_spike,RANDOM,50,0.0,1,0.09,0.11199999999999999,0.5,0.5,-0.10099999999999999,,,,,,,normal
956,10,scenario3_repeated_spike,RANDOM,50,1.0,0,0.060625,0.197,0.5,0.5,-0.1288125,,,,,,,normal
957,10,scenario3_repeated_spike,RANDOM,50,1.9000000000000004,0,0.0611875,0.19790000000000002,0.5,0.5,-0.12954375,,,,,,,normal
958,10,scenario3_repeated_spike,RANDOM,50,0.0,1,0.09,0.11199999999999999,0.5,0.5,-0.10099999999999999,,,,,,,normal
959,10,scenario3_repeated_spike,RANDOM,50,0.0,1,0.09,0.11199999999999999,0.5,0.5,-0.10099999999999999,,,,,,,normal
960,10,scenario3_repeated_spike,RANDOM,50,0.0,1,0.09,0.11199999999999999,0.5,0.5,-0.10099999999999999,,,,,,,normal
961,10,scenario3_repeated_spike,RANDOM,50,1.0,0,0.060625,0.197,0.5,0.5,-0.1288125,,,,,,,normal
962,10,scenario3_repeated_spike,RANDOM,50,1.9000000000000004,0,0.0611875,0.19790000000000002,0.5,0.5,-0.12954375,,,,,,,normal
963,10,scenario3_repeated_spike,RANDOM,50,2.710000000000001,0,0.061693750000000006,0.19871000000000003,0.5,0.5,-0.13020187500000002,,,,,,,normal
964,10,scenario3_repeated_spike,RANDOM,50,3.439,0,0.062149375,0.199439,0.5,0.5,-0.1307941875,,,,,,,normal
965,10,scenario3_repeated_spike,RANDOM,50,4.0951,0,0.06255943750000001,0.20009510000000003,0.5,0.5,-0.13132726875,,,,,,,normal
966,10,scenario3_repeated_spike,RANDOM,50,0.0,1,0.09,0.11199999999999999,0.5,0.5,-0.10099999999999999,,,,,,,normal
967,10,scenario3_repeated_spike,RANDOM,50,0.0,1,0.09,0.11199999999999999,0.5,0.5,-0.10099999999999999,,,,,,,normal
968,10,scenario3_repeated_spike,RANDOM,50,1.0,0,0.060625,0.197,0.5,0.5,-0.1288125,,,,,,,normal
969,10,scenario3_repeated_spike,RANDOM,50,0.0,1,0.09,0.11199999999999999,0.5,0.5,-0.10099999999999999,,,,,,,normal
970,10,scenario3_repeated_spike,RANDOM,50,1.0,0,0.060625,0.197,0.5,0.5,-0.1288125,,,,,,,normal
971,10,scenario3_repeated_spike,RANDOM,50,0.0,1,0.09,0.11199999999999999,0.5,0.5,-0.10099999999999999,,,,,,,normal
972,10,scenario3_repeated_spike,RANDOM,50,1.0,0,0.060625,0.197,0.5,0.5,-0.1288125,,,,,,,normal
973,10,scenario3_repeated_spike,RANDOM,50,1.9000000000000004,0,0.0611875,0.19790000000000002,0.5,0.5,-0.12954375,,,,,,,normal
974,10,scenario3_repeated_spike,RANDOM,50,0.0,1,0.09,0.11199999999999999,0.5,0.5,-0.10099999999999999,,,,,,,normal
975,10,scenario3_repeated_spike,RANDOM,50,1.0,0,0.060625,0.197,0.5,0.5,-0.1288125,,,,,,,normal
976,10,scenario3_repeated_spike,RANDOM,50,0.0,1,0.09,0.11199999999999999,0.5,0.5,-0.10099999999999999,,,,,,,normal
977,10,scenario3_repeated_spike,RANDOM,50,0.0,1,0.09,0.11199999999999999,0.5,0.5,-0.10099999999999999,,,,,,,normal
978,10,scenario3_repeated_spike,RANDOM,50,0.0,1,0.09,0.11199999999999999,0.5,0.5,-0.10099999999999999,,,,,,,normal
979,10,scenario3_repeated_spike,RANDOM,50,1.0,0,0.060625,0.197,0.5,0.5,-0.1288125,,,,,,,normal
980,10,scenario3_repeated_spike,RANDOM,50,0.0,1,0.09,0.11199999999999999,0.5,0.5,-0.10099999999999999,,,,,,,normal
981,10,scenario3_repeated_spike,RANDOM,50,1.0,0,0.060625,0.197,0.5,0.5,-0.1288125,,,,,,,normal
982,10,scenario3_repeated_spike,RANDOM,50,0.0,1,0.09,0.11199999999999999,0.5,0.5,-0.10099999999999999,,,,,,,normal
983,10,scenario3_repeated_spike,RANDOM,50,1.0,0,0.060625,0.197,0.5,0.5,-0.1288125,,,,,,,normal
984,10,scenario3_repeated_spike,RANDOM,50,0.0,1,0.09,0.11199999999999999,0.5,0.5,-0.10099999999999999,,,,,,,normal
985,10,scenario3_repeated_spike,RANDOM,50,0.0,1,0.09,0.11199999999999999,0.5,0.5,-0.10099999999999999,,,,,,,normal
986,10,scenario3_repeated_spike,RANDOM,50,1.0,0,0.060625,0.197,0.5,0.5,-0.1288125,,,,,,,normal
987,10,scenario3_repeated_spike,RANDOM,50,0.0,1,0.09,0.11199999999999999,0.5,0.5,-0.10099999999999999,,,,,,,normal
988,10,scenario3_repeated_spike,RANDOM,50,1.0,0,0.060625,0.197,0.5,0.5,-0.1288125,,,,,,,normal
989,10,scenario3_repeated_spike,RANDOM,50,0.0,1,0.09,0.11199999999999999,0.5,0.5,-0.10099999999999999,,,,,,,normal
990,10,scenario3_repeated_spike,RANDOM,50,0.0,1,0.09,0.11199999999999999,0.5,0.5,-0.10099999999999999,,,,,,,normal
991,10,scenario3_repeated_spike,RANDOM,50,1.0,0,0.060625,0.197,0.5,0.5,-0.1288125,,,,,,,normal
992,10,scenario3_repeated_spike,RANDOM,50,0.0,1,0.09,0.11199999999999999,0.5,0.5,-0.10099999999999999,,,,,,,normal
993,10,scenario3_repeated_spike,RANDOM,50,0.0,1,0.09,0.11199999999999999,0.5,0.5,-0.10099999999999999,,,,,,,normal
994,10,scenario3_repeated_spike,RANDOM,50,1.0,0,0.060625,0.197,0.5,0.5,-0.1288125,,,,,,,normal
995,10,scenario3_repeated_spike,RANDOM,50,0.0,1,0.09,0.11199999999999999,0.5,0.5,-0.10099999999999999,,,,,,,normal
996,10,scenario3_repeated_spike,RANDOM,50,1.0,0,0.060625,0.197,0.5,0.5,-0.1288125,,,,,,,normal
997,10,scenario3_repeated_spike,RANDOM,50,1.9000000000000004,0,0.0611875,0.19790000000000002,0.5,0.5,-0.12954375,,,,,,,normal
998,10,scenario3_repeated_spike,RANDOM,50,0.0,1,0.09,0.11199999999999999,0.5,0.5,-0.10099999999999999,,,,,,,normal
999,10,scenario3_repeated_spike,RANDOM,50,1.0,0,0.060625,0.197,0.5,0.5,-0.1288125,,,,,,,normal
1000,10,scenario3_repeated_spike,RANDOM,50,1.9000000000000004,0,0.0611875,0.19790000000000002,0.5,0.5,-0.12954375,,,,,,,normal
1001,10,scenario3_repeated_spike,RANDOM,50,2.710000000000001,0,0.061693750000000006,0.19871000000000003,0.5,0.5,-0.13020187500000002,,,,,,,normal
1002,10,scenario3_repeated_spike,RANDOM,50,0.0,1,0.09,0.11199999999999999,0.5,0.5,-0.10099999999999999,,,,,,,normal
1003,10,scenario3_repeated_spike,RANDOM,50,1.0,0,0.060625,0.197,0.5,0.5,-0.1288125,,,,,,,normal
1004,10,scenario3_repeated_spike,RANDOM,50,1.9000000000000004,0,0.0611875,0.19790000000000002,0.5,0.5,-0.12954375,,,,,,,normal
1005,10,scenario3_repeated_spike,RANDOM,50,2.710000000000001,0,0.061693750000000006,0.19871000000000003,0.5,0.5,-0.13020187500000002,,,,,,,normal
1006,10,scenario3_repeated_spike,RANDOM,50,3.439,0,0.062149375,0.199439,0.5,0.5,-0.1307941875,,,,,,,normal
1007,10,scenario3_repeated_spike,RANDOM,50,0.0,1,0.09,0.11199999999999999,0.5,0.5,-0.10099999999999999,,,,,,,normal
1008,10,scenario3_repeated_spike,RANDOM,50,0.0,1,0.09,0.11199999999999999,0.5,0.5,-0.10099999999999999,,,,,,,normal
1009,10,scenario3_repeated_spike,RANDOM,50,1.0,0,0.060625,0.197,0.5,0.5,-0.1288125,,,,,,,normal
1010,10,scenario3_repeated_spike,RANDOM,50,1.9000000000000004,0,0.0611875,0.19790000000000002,0.5,0.5,-0.12954375,,,,,,,normal
1011,10,scenario3_repeated_spike,RANDOM,50,2.710000000000001,0,0.061693750000000006,0.19871000000000003,0.5,0.5,-0.13020187500000002,,,,,,,normal
1012,10,scenario3_repeated_spike,RANDOM,50,0.0,1,0.09,0.11199999999999999,0.5,0.5,-0.10099999999999999,,,,,,,normal
1013,10,scenario3_repeated_spike,RANDOM,50,0.0,1,0.09,0.11199999999999999,0.5,0.5,-0.10099999999999999,,,,,,,normal
1014,10,scenario3_repeated_spike,RANDOM,50,1.0,0,0.060625,0.197,0.5,0.5,-0.1288125,,,,,,,normal
1015,10,scenario3_repeated_spike,RANDOM,50,1.9000000000000004,0,0.0611875,0.19790000000000002,0.5,0.5,-0.12954375,,,,,,,normal
1016,10,scenario3_repeated_spike,RANDOM,50,0.0,1,0.09,0.11199999999999999,0.5,0.5,-0.10099999999999999,,,,,,,normal
1017,10,scenario3_repeated_spike,RANDOM,50,0.0,1,0.09,0.11199999999999999,0.5,0.5,-0.10099999999999999,,,,,,,normal
1018,10,scenario3_repeated_spike,RANDOM,50,0.0,1,0.09,0.11199999999999999,0.5,0.5,-0.10099999999999999,,,,,,,normal
1019,10,scenario3_repeated_spike,RANDOM,50,0.0,1,0.09,0.11199999999999999,0.5,0.5,-0.10099999999999999,,,,,,,normal
1020,10,scenario3_repeated_spike,RANDOM,50,0.0,1,0.09,0.11199999999999999,0.5,0.5,-0.10099999999999999,,,,,,,normal
1021,10,scenario3_repeated_spike,RANDOM,50,1.0,0,0.060625,0.197,0.5,0.5,-0.1288125,,,,,,,normal
1022,10,scenario3_repeated_spike,RANDOM,50,1.9000000000000004,0,0.0611875,0.19790000000000002,0.5,0.5,-0.12954375,,,,,,,normal
1023,10,scenario3_repeated_spike,RANDOM,50,2.710000000000001,0,0.061693750000000006,0.19871000000000003,0.5,0.5,-0.13020187500000002,,,,,,,normal
1024,10,scenario3_repeated_spike,RANDOM,50,3.439,0,0.062149375,0.199439,0.5,0.5,-0.1307941875,,,,,,,normal
1025,10,scenario3_repeated_spike,RANDOM,50,4.0951,0,0.06255943750000001,0.20009510000000003,0.5,0.5,-0.13132726875,,,,,,,normal
1026,10,scenario3_repeated_spike,RANDOM,50,4.685590000000001,0,0.06292849375000001,0.20068559000000002,0.5,0.5,-0.13180704187500003,,,,,,,normal
1027,10,scenario3_repeated_spike,RANDOM,50,5.217031000000002,0,0.063260644375,0.201217031,0.5,0.5,-0.1322388376875,,,,,,,normal
1028,10,scenario3_repeated_spike,RANDOM,50,0.0,1,0.09,0.11199999999999999,0.5,0.5,-0.10099999999999999,,,,,,,normal
1029,10,scenario3_repeated_spike,RANDOM,50,0.0,1,0.09,0.11199999999999999,0.5,0.5,-0.10099999999999999,,,,,,,normal
1030,10,scenario3_repeated_spike,RANDOM,50,0.0,1,0.09,0.11199999999999999,0.5,0.5,-0.10099999999999999,,,,,,,normal
1031,10,scenario3_repeated_spike,RANDOM,50,0.0,1,0.09,0.11199999999999999,0.5,0.5,-0.10099999999999999,,,,,,,normal
1032,10,scenario3_repeated_spike,RANDOM,50,1.0,0,0.060625,0.197,0.5,0.5,-0.1288125,,,,,,,normal
1033,10,scenario3_repeated_spike,RANDOM,50,1.9000000000000004,0,0.0611875,0.19790000000000002,0.5,0.5,-0.12954375,,,,,,,normal
1034,10,scenario3_repeated_spike,RANDOM,50,2.710000000000001,0,0.061693750000000006,0.19871000000000003,0.5,0.5,-0.13020187500000002,,,,,,,normal
1035,10,scenario3_repeated_spike,RANDOM,50,0.0,1,0.09,0.11199999999999999,0.5,0.5,-0.10099999999999999,,,,,,,normal
1036,10,scenario3_repeated_spike,RANDOM,50,0.0,1,0.09,0.11199999999999999,0.5,0.5,-0.10099999999999999,,,,,,,normal
1037,10,scenario3_repeated_spike,RANDOM,50,0.0,1,0.09,0.11199999999999999,0.5,0.5,-0.10099999999999999,,,,,,,normal
1038,10,scenario3_repeated_spike,RANDOM,50,0.0,1,0.09,0.11199999999999999,0.5,0.5,-0.10099999999999999,,,,,,,normal
1039,10,scenario3_repeated_spike,RANDOM,50,0.0,1,0.09,0.11199999999999999,0.5,0.5,-0.10099999999999999,,,,,,,normal
1040,10,scenario3_repeated_spike,RANDOM,50,0.0,1,0.09,0.11199999999999999,0.5,0.5,-0.10099999999999999,,,,,,,normal
1041,10,scenario3_repeated_spike,RANDOM,50,0.0,1,0.09,0.11199999999999999,0.5,0.5,-0.10099999999999999,,,,,,,normal
1042,10,scenario3_repeated_spike,RANDOM,50,0.0,1,0.09,0.11199999999999999,0.5,0.5,-0.10099999999999999,,,,,,,normal
1043,10,scenario3_repeated_spike,RANDOM,50,0.0,1,0.09,0.11199999999999999,0.5,0.5,-0.10099999999999999,,,,,,,normal
1044,10,scenario3_repeated_spike,RANDOM,50,1.0,0,0.060625,0.197,0.5,0.5,-0.1288125,,,,,,,normal
1045,10,scenario3_repeated_spike,RANDOM,50,0.0,1,0.09,0.11199999999999999,0.5,0.5,-0.10099999999999999,,,,,,,normal
1046,10,scenario3_repeated_spike,RANDOM,50,0.0,1,0.09,0.11199999999999999,0.5,0.5,-0.10099999999999999,,,,,,,normal
1047,10,scenario3_repeated_spike,RANDOM,50,1.0,0,0.060625,0.197,0.5,0.5,-0.1288125,,,,,,,normal
1048,10,scenario3_repeated_spike,RANDOM,50,1.9000000000000004,0,0.0611875,0.19790000000000002,0.5,0.5,-0.12954375,,,,,,,normal
1049,10,scenario3_repeated_spike,RANDOM,50,0.0,1,0.09,0.11199999999999999,0.5,0.5,-0.10099999999999999,,,,,,,normal
1050,10,scenario3_repeated_spike,RANDOM,50,0.0,1,0.09,0.11199999999999999,0.5,0.5,-0.10099999999999999,,,,,,,normal
1051,10,scenario3_repeated_spike,RANDOM,50,1.0,0,0.060625,0.197,0.5,0.5,-0.1288125,,,,,,,normal
1052,10,scenario3_repeated_spike,RANDOM,50,1.9000000000000004,0,0.0611875,0.19790000000000002,0.5,0.5,-0.12954375,,,,,,,normal
1053,10,scenario3_repeated_spike,RANDOM,50,0.0,1,0.09,0.11199999999999999,0.5,0.5,-0.10099999999999999,,,,,,,normal
1054,10,scenario3_repeated_spike,RANDOM,50,1.0,0,0.060625,0.197,0.5,0.5,-0.1288125,,,,,,,normal
1055,10,scenario3_repeated_spike,RANDOM,50,1.9000000000000004,0,0.0611875,0.19790000000000002,0.5,0.5,-0.12954375,,,,,,,normal
1056,10,scenario3_repeated_spike,RANDOM,50,0.0,1,0.09,0.11199999999999999,0.5,0.5,-0.10099999999999999,,,,,,,normal
1057,10,scenario3_repeated_spike,RANDOM,50,1.0,0,0.060625,0.197,0.5,0.5,-0.1288125,,,,,,,normal
1058,10,scenario3_repeated_spike,RANDOM,50,1.9000000000000004,0,0.0611875,0.19790000000000002,0.5,0.5,-0.12954375,,,,,,,normal
1059,10,scenario3_repeated_spike,RANDOM,50,2.710000000000001,0,0.061693750000000006,0.19871000000000003,0.5,0.5,-0.13020187500000002,,,,,,,normal
1060,10,scenario3_repeated_spike,RANDOM,50,3.439,0,0.062149375,0.199439,0.5,0.5,-0.1307941875,,,,,,,normal
1061,10,scenario3_repeated_spike,RANDOM,50,4.0951,0,0.06255943750000001,0.20009510000000003,0.5,0.5,-0.13132726875,,,,,,,normal
1062,10,scenario3_repeated_spike,RANDOM,50,4.685590000000001,0,0.06292849375000001,0.20068559000000002,0.5,0.5,-0.13180704187500003,,,,,,,normal
1063,10,scenario3_repeated_spike,RANDOM,50,0.0,1,0.09,0.11199999999999999,0.5,0.5,-0.10099999999999999,,,,,,,normal
1064,10,scenario3_repeated_spike,RANDOM,50,1.0,0,0.060625,0.197,0.5,0.5,-0.1288125,,,,,,,normal
1065,10,scenario3_repeated_spike,RANDOM,50,1.9000000000000004,0,0.0611875,0.19790000000000002,0.5,0.5,-0.12954375,,,,,,,normal
1066,10,scenario3_repeated_spike,RANDOM,50,0.0,1,0.09,0.11199999999999999,0.5,0.5,-0.10099999999999999,,,,,,,normal
1067,10,scenario3_repeated_spike,RANDOM,50,1.0,0,0.060625,0.197,0.5,0.5,-0.1288125,,,,,,,normal
1068,10,scenario3_repeated_spike,RANDOM,50,1.9000000000000004,0,0.0611875,0.19790000000000002,0.5,0.5,-0.12954375,,,,,,,normal
1069,10,scenario3_repeated_spike,RANDOM,50,0.0,1,0.09,0.11199999999999999,0.5,0.5,-0.10099999999999999,,,,,,,normal
1070,10,scenario3_repeated_spike,RANDOM,50,1.0,0,0.060625,0.197,0.5,0.5,-0.1288125,,,,,,,normal
1071,10,scenario3_repeated_spike,RANDOM,50,1.9000000000000004,0,0.0611875,0.19790000000000002,0.5,0.5,-0.12954375,,,,,,,normal
1072,10,scenario3_repeated_spike,RANDOM,50,0.0,1,0.09,0.11199999999999999,0.5,0.5,-0.10099999999999999,,,,,,,normal
1073,10,scenario3_repeated_spike,RANDOM,50,1.0,0,0.060625,0.197,0.5,0.5,-0.1288125,,,,,,,normal
1074,10,scenario3_repeated_spike,RANDOM,50,1.9000000000000004,0,0.0611875,0.19790000000000002,0.5,0.5,-0.12954375,,,,,,,normal
1075,10,scenario3_repeated_spike,RANDOM,50,2.710000000000001,0,0.061693750000000006,0.19871000000000003,0.5,0.5,-0.13020187500000002,,,,,,,normal
1076,10,scenario3_repeated_spike,RANDOM,50,3.439,0,0.062149375,0.199439,0.5,0.5,-0.1307941875,,,,,,,normal
1077,10,scenario3_repeated_spike,RANDOM,50,4.0951,0,0.06255943750000001,0.20009510000000003,0.5,0.5,-0.13132726875,,,,,,,normal
1078,10,scenario3_repeated_spike,RANDOM,50,4.685590000000001,0,0.06292849375000001,0.20068559000000002,0.5,0.5,-0.13180704187500003,,,,,,,normal
1079,10,scenario3_repeated_spike,RANDOM,50,5.217031000000002,0,0.063260644375,0.201217031,0.5,0.5,-0.1322388376875,,,,,,,normal
1080,10,scenario3_repeated_spike,RANDOM,50,0.0,1,0.09,0.11199999999999999,0.5,0.5,-0.10099999999999999,,,,,,,normal
1081,10,scenario3_repeated_spike,RANDOM,50,1.0,0,0.060625,0.197,0.5,0.5,-0.1288125,,,,,,,normal
1082,10,scenario3_repeated_spike,RANDOM,50,1.9000000000000004,0,0.0611875,0.19790000000000002,0.5,0.5,-0.12954375,,,,,,,normal
1083,10,scenario3_repeated_spike,RANDOM,50,2.710000000000001,0,0.061693750000000006,0.19871000000000003,0.5,0.5,-0.13020187500000002,,,,,,,normal
1084,10,scenario3_repeated_spike,RANDOM,50,3.439,0,0.062149375,0.199439,0.5,0.5,-0.1307941875,,,,,,,normal
1085,10,scenario3_repeated_spike,RANDOM,50,4.0951,0,0.06255943750000001,0.20009510000000003,0.5,0.5,-0.13132726875,,,,,,,normal
1086,10,scenario3_repeated_spike,RANDOM,50,4.685590000000001,0,0.06292849375000001,0.20068559000000002,0.5,0.5,-0.13180704187500003,,,,,,,normal
1087,10,scenario3_repeated_spike,RANDOM,50,0.0,1,0.09,0.11199999999999999,0.5,0.5,-0.10099999999999999,,,,,,,normal
1088,10,scenario3_repeated_spike,RANDOM,50,0.0,1,0.09,0.11199999999999999,0.5,0.5,-0.10099999999999999,,,,,,,normal
1089,10,scenario3_repeated_spike,RANDOM,50,1.0,0,0.060625,0.197,0.5,0.5,-0.1288125,,,,,,,normal
1090,10,scenario3_repeated_spike,RANDOM,50,1.9000000000000004,0,0.0611875,0.19790000000000002,0.5,0.5,-0.12954375,,,,,,,normal
1091,10,scenario3_repeated_spike,RANDOM,50,2.710000000000001,0,0.061693750000000006,0.19871000000000003,0.5,0.5,-0.13020187500000002,,,,,,,normal
1092,10,scenario3_repeated_spike,RANDOM,50,3.439,0,0.062149375,0.199439,0.5,0.5,-0.1307941875,,,,,,,normal
1093,10,scenario3_repeated_spike,RANDOM,50,4.0951,0,0.06255943750000001,0.20009510000000003,0.5,0.5,-0.13132726875,,,,,,,normal
1094,10,scenario3_repeated_spike,RANDOM,50,0.0,1,0.09,0.11199999999999999,0.5,0.5,-0.10099999999999999,,,,,,,normal
1095,10,scenario3_repeated_spike,RANDOM,50,1.0,0,0.060625,0.197,0.5,0.5,-0.1288125,,,,,,,normal
1096,10,scenario3_repeated_spike,RANDOM,50,0.0,1,0.09,0.11199999999999999,0.5,0.5,-0.10099999999999999,,,,,,,normal
1097,10,scenario3_repeated_spike,RANDOM,50,0.0,1,0.09,0.11199999999999999,0.5,0.5,-0.10099999999999999,,,,,,,normal
1098,10,scenario3_repeated_spike,RANDOM,50,1.0,0,0.060625,0.197,0.5,0.5,-0.1288125,,,,,,,normal
1099,10,scenario3_repeated_spike,RANDOM,50,1.9000000000000004,0,0.0611875,0.19790000000000002,0.5,0.5,-0.12954375,,,,,,,normal
1100,10,scenario3_repeated_spike,RANDOM,50,0.0,1,0.09,0.11199999999999999,0.5,0.5,-0.10099999999999999,,,,,,,normal
1101,10,scenario3_repeated_spike,RANDOM,50,1.0,0,0.060625,0.197,0.5,0.5,-0.1288125,,,,,,,normal
1102,10,scenario3_repeated_spike,RANDOM,50,0.0,1,0.09,0.11199999999999999,0.5,0.5,-0.10099999999999999,,,,,,,normal
1103,10,scenario3_repeated_spike,RANDOM,50,0.0,1,0.09,0.11199999999999999,0.5,0.5,-0.10099999999999999,,,,,,,normal
1104,10,scenario3_repeated_spike,RANDOM,50,0.0,1,0.09,0.11199999999999999,0.5,0.5,-0.10099999999999999,,,,,,,normal
1105,10,scenario3_repeated_spike,RANDOM,50,0.0,1,0.09,0.11199999999999999,0.5,0.5,-0.10099999999999999,,,,,,,normal
1106,10,scenario3_repeated_spike,RANDOM,50,1.0,0,0.060625,0.197,0.5,0.5,-0.1288125,,,,,,,normal
1107,10,scenario3_repeated_spike,RANDOM,50,0.0,1,0.09,0.11199999999999999,0.5,0.5,-0.10099999999999999,,,,,,,normal
1108,10,scenario3_repeated_spike,RANDOM,50,1.0,0,0.060625,0.197,0.5,0.5,-0.1288125,,,,,,,normal
1109,10,scenario3_repeated_spike,RANDOM,50,0.0,1,0.09,0.11199999999999999,0.5,0.5,-0.10099999999999999,,,,,,,normal
1110,10,scenario3_repeated_spike,RANDOM,50,0.0,1,0.09,0.11199999999999999,0.5,0.5,-0.10099999999999999,,,,,,,normal
1111,10,scenario3_repeated_spike,RANDOM,50,1.0,0,0.060625,0.197,0.5,0.5,-0.1288125,,,,,,,normal
1112,10,scenario3_repeated_spike,RANDOM,50,0.0,1,0.09,0.11199999999999999,0.5,0.5,-0.10099999999999999,,,,,,,normal
1113,10,scenario3_repeated_spike,RANDOM,50,0.0,1,0.09,0.11199999999999999,0.5,0.5,-0.10099999999999999,,,,,,,normal
1114,10,scenario3_repeated_spike,RANDOM,50,0.0,1,0.09,0.11199999999999999,0.5,0.5,-0.10099999999999999,,,,,,,normal
1115,10,scenario3_repeated_spike,RANDOM,50,0.0,1,0.09,0.11199999999999999,0.5,0.5,-0.10099999999999999,,,,,,,normal
1116,10,scenario3_repeated_spike,RANDOM,50,1.0,0,0.060625,0.197,0.5,0.5,-0.1288125,,,,,,,normal
1117,10,scenario3_repeated_spike,RANDOM,50,0.0,1,0.09,0.11199999999999999,0.5,0.5,-0.10099999999999999,,,,,,,normal
1118,10,scenario3_repeated_spike,RANDOM,50,1.0,0,0.060625,0.197,0.5,0.5,-0.1288125,,,,,,,normal
1119,10,scenario3_repeated_spike,RANDOM,50,0.0,1,0.09,0.11199999999999999,0.5,0.5,-0.10099999999999999,,,,,,,normal
1120,10,scenario3_repeated_spike,RANDOM,50,1.0,0,0.060625,0.197,0.5,0.5,-0.1288125,,,,,,,normal
1121,10,scenario3_repeated_spike,RANDOM,50,1.9000000000000004,0,0.0611875,0.19790000000000002,0.5,0.5,-0.12954375,,,,,,,normal
1122,10,scenario3_repeated_spike,RANDOM,50,2.710000000000001,0,0.061693750000000006,0.19871000000000003,0.5,0.5,-0.13020187500000002,,,,,,,normal
1123,10,scenario3_repeated_spike,RANDOM,50,0.0,1,0.09,0.11199999999999999,0.5,0.5,-0.10099999999999999,,,,,,,normal
1124,10,scenario3_repeated_spike,RANDOM,50,0.0,1,0.09,0.11199999999999999,0.5,0.5,-0.10099999999999999,,,,,,,normal
1125,10,scenario3_repeated_spike,RANDOM,50,1.0,0,0.060625,0.197,0.5,0.5,-0.1288125,,,,,,,normal
1126,10,scenario3_repeated_spike,RANDOM,50,1.9000000000000004,0,0.0611875,0.19790000000000002,0.5,0.5,-0.12954375,,,,,,,normal
1127,10,scenario3_repeated_spike,RANDOM,50,2.710000000000001,0,0.061693750000000006,0.19871000000000003,0.5,0.5,-0.13020187500000002,,,,,,,normal
1128,10,scenario3_repeated_spike,RANDOM,50,0.0,1,0.09,0.11199999999999999,0.5,0.5,-0.10099999999999999,,,,,,,normal
1129,10,scenario3_repeated_spike,RANDOM,50,0.0,1,0.09,0.11199999999999999,0.5,0.5,-0.10099999999999999,,,,,,,normal
1130,10,scenario3_repeated_spike,RANDOM,50,0.0,1,0.09,0.11199999999999999,0.5,0.5,-0.10099999999999999,,,,,,,normal
1131,10,scenario3_repeated_spike,RANDOM,50,0.0,1,0.09,0.11199999999999999,0.5,0.5,-0.10099999999999999,,,,,,,normal
1132,10,scenario3_repeated_spike,RANDOM,50,1.0,0,0.060625,0.197,0.5,0.5,-0.1288125,,,,,,,normal
1133,10,scenario3_repeated_spike,RANDOM,50,0.0,1,0.09,0.11199999999999999,0.5,0.5,-0.10099999999999999,,,,,,,normal
1134,10,scenario3_repeated_spike,RANDOM,50,0.0,1,0.09,0.11199999999999999,0.5,0.5,-0.10099999999999999,,,,,,,normal
1135,10,scenario3_repeated_spike,RANDOM,50,0.0,1,0.09,0.11199999999999999,0.5,0.5,-0.10099999999999999,,,,,,,normal
1136,10,scenario3_repeated_spike,RANDOM,50,1.0,0,0.060625,0.197,0.5,0.5,-0.1288125,,,,,,,normal
1137,10,scenario3_repeated_spike,RANDOM,50,1.9000000000000004,0,0.0611875,0.19790000000000002,0.5,0.5,-0.12954375,,,,,,,normal
1138,10,scenario3_repeated_spike,RANDOM,50,0.0,1,0.09,0.11199999999999999,0.5,0.5,-0.10099999999999999,,,,,,,normal
1139,10,scenario3_repeated_spike,RANDOM,50,1.0,0,0.060625,0.197,0.5,0.5,-0.1288125,,,,,,,normal
1140,10,scenario3_repeated_spike,RANDOM,50,0.0,1,0.09,0.11199999999999999,0.5,0.5,-0.10099999999999999,,,,,,,normal
1141,10,scenario3_repeated_spike,RANDOM,50,1.0,0,0.060625,0.197,0.5,0.5,-0.1288125,,,,,,,normal
1142,10,scenario3_repeated_spike,RANDOM,50,1.9000000000000004,0,0.0611875,0.19790000000000002,0.5,0.5,-0.12954375,,,,,,,normal
1143,10,scenario3_repeated_spike,RANDOM,50,2.710000000000001,0,0.061693750000000006,0.19871000000000003,0.5,0.5,-0.13020187500000002,,,,,,,normal
1144,10,scenario3_repeated_spike,RANDOM,50,3.439,0,0.062149375,0.199439,0.5,0.5,-0.1307941875,,,,,,,normal
1145,10,scenario3_repeated_spike,RANDOM,50,4.0951,0,0.06255943750000001,0.20009510000000003,0.5,0.5,-0.13132726875,,,,,,,normal
1146,10,scenario3_repeated_spike,RANDOM,50,4.685590000000001,0,0.06292849375000001,0.20068559000000002,0.5,0.5,-0.13180704187500003,,,,,,,normal
1147,10,scenario3_repeated_spike,RANDOM,50,5.217031000000002,0,0.063260644375,0.201217031,0.5,0.5,-0.1322388376875,,,,,,,normal
1148,10,scenario3_repeated_spike,RANDOM,50,0.0,1,0.09,0.11199999999999999,0.5,0.5,-0.10099999999999999,,,,,,,normal
1149,10,scenario3_repeated_spike,RANDOM,50,0.0,1,0.09,0.11199999999999999,0.5,0.5,-0.10099999999999999,,,,,,,normal
1150,10,scenario3_repeated_spike,RANDOM,50,0.0,1,0.09,0.11199999999999999,0.5,0.5,-0.10099999999999999,,,,,,,normal
1151,10,scenario3_repeated_spike,RANDOM,50,1.0,0,0.060625,0.197,0.5,0.5,-0.1288125,,,,,,,normal
1152,10,scenario3_repeated_spike,RANDOM,50,0.0,1,0.09,0.11199999999999999,0.5,0.5,-0.10099999999999999,,,,,,,normal
1153,10,scenario3_repeated_spike,RANDOM,50,1.0,0,0.060625,0.197,0.5,0.5,-0.1288125,,,,,,,normal
1154,10,scenario3_repeated_spike,RANDOM,50,0.0,1,0.09,0.11199999999999999,0.5,0.5,-0.10099999999999999,,,,,,,normal
1155,10,scenario3_repeated_spike,RANDOM,50,0.0,1,0.09,0.11199999999999999,0.5,0.5,-0.10099999999999999,,,,,,,normal
1156,10,scenario3_repeated_spike,RANDOM,50,1.0,0,0.060625,0.197,0.5,0.5,-0.1288125,,,,,,,normal
1157,10,scenario3_repeated_spike,RANDOM,50,0.0,1,0.09,0.11199999999999999,0.5,0.5,-0.10099999999999999,,,,,,,normal
1158,10,scenario3_repeated_spike,RANDOM,50,0.0,1,0.09,0.11199999999999999,0.5,0.5,-0.10099999999999999,,,,,,,normal
1159,10,scenario3_repeated_spike,RANDOM,50,0.0,1,0.09,0.11199999999999999,0.5,0.5,-0.10099999999999999,,,,,,,normal
1160,10,scenario3_repeated_spike,RANDOM,50,0.0,1,0.09,0.11199999999999999,0.5,0.5,-0.10099999999999999,,,,,,,normal
1161,10,scenario3_repeated_spike,RANDOM,50,1.0,0,0.060625,0.197,0.5,0.5,-0.1288125,,,,,,,normal
1162,10,scenario3_repeated_spike,RANDOM,50,0.0,1,0.09,0.11199999999999999,0.5,0.5,-0.10099999999999999,,,,,,,normal
1163,10,scenario3_repeated_spike,RANDOM,50,0.0,1,0.09,0.11199999999999999,0.5,0.5,-0.10099999999999999,,,,,,,normal
1164,10,scenario3_repeated_spike,RANDOM,50,1.0,0,0.060625,0.197,0.5,0.5,-0.1288125,,,,,,,normal
1165,10,scenario3_repeated_spike,RANDOM,50,1.9000000000000004,0,0.0611875,0.19790000000000002,0.5,0.5,-0.12954375,,,,,,,normal
1166,10,scenario3_repeated_spike,RANDOM,50,0.0,1,0.09,0.11199999999999999,0.5,0.5,-0.10099999999999999,,,,,,,normal
1167,10,scenario3_repeated_spike,RANDOM,50,1.0,0,0.060625,0.197,0.5,0.5,-0.1288125,,,,,,,normal
1168,10,scenario3_repeated_spike,RANDOM,50,0.0,1,0.09,0.11199999999999999,0.5,0.5,-0.10099999999999999,,,,,,,normal
1169,10,scenario3_repeated_spike,RANDOM,50,1.0,0,0.060625,0.197,0.5,0.5,-0.1288125,,,,,,,normal
1170,10,scenario3_repeated_spike,RANDOM,50,0.0,1,0.09,0.11199999999999999,0.5,0.5,-0.10099999999999999,,,,,,,normal
1171,10,scenario3_repeated_spike,RANDOM,50,1.0,0,0.060625,0.197,0.5,0.5,-0.1288125,,,,,,,normal
1172,10,scenario3_repeated_spike,RANDOM,50,0.0,1,0.09,0.11199999999999999,0.5,0.5,-0.10099999999999999,,,,,,,normal
1173,10,scenario3_repeated_spike,RANDOM,50,1.0,0,0.060625,0.197,0.5,0.5,-0.1288125,,,,,,,normal
1174,10,scenario3_repeated_spike,RANDOM,50,0.0,1,0.09,0.11199999999999999,0.5,0.5,-0.10099999999999999,,,,,,,normal
1175,10,scenario3_repeated_spike,RANDOM,50,1.0,0,0.060625,0.197,0.5,0.5,-0.1288125,,,,,,,normal
1176,10,scenario3_repeated_spike,RANDOM,50,1.9000000000000004,0,0.0611875,0.19790000000000002,0.5,0.5,-0.12954375,,,,,,,normal
1177,10,scenario3_repeated_spike,RANDOM,50,0.0,1,0.09,0.11199999999999999,0.5,0.5,-0.10099999999999999,,,,,,,normal
1178,10,scenario3_repeated_spike,RANDOM,50,0.0,1,0.09,0.11199999999999999,0.5,0.5,-0.10099999999999999,,,,,,,normal
1179,10,scenario3_repeated_spike,RANDOM,50,0.0,1,0.09,0.11199999999999999,0.5,0.5,-0.10099999999999999,,,,,,,normal
1180,10,scenario3_repeated_spike,RANDOM,50,1.0,0,0.060625,0.197,0.5,0.5,-0.1288125,,,,,,,normal
1181,10,scenario3_repeated_spike,RANDOM,50,1.9000000000000004,0,0.0611875,0.19790000000000002,0.5,0.5,-0.12954375,,,,,,,normal
1182,10,scenario3_repeated_spike,RANDOM,50,0.0,1,0.09,0.11199999999999999,0.5,0.5,-0.10099999999999999,,,,,,,normal
1183,10,scenario3_repeated_spike,RANDOM,50,0.0,1,0.09,0.11199999999999999,0.5,0.5,-0.10099999999999999,,,,,,,normal
1184,10,scenario3_repeated_spike,RANDOM,50,0.0,1,0.09,0.11199999999999999,0.5,0.5,-0.10099999999999999,,,,,,,normal
1185,10,scenario3_repeated_spike,RANDOM,50,1.0,0,0.060625,0.197,0.5,0.5,-0.1288125,,,,,,,normal
1186,10,scenario3_repeated_spike,RANDOM,50,0.0,1,0.09,0.11199999999999999,0.5,0.5,-0.10099999999999999,,,,,,,normal
1187,10,scenario3_repeated_spike,RANDOM,50,1.0,0,0.060625,0.197,0.5,0.5,-0.1288125,,,,,,,normal
1188,10,scenario3_repeated_spike,RANDOM,50,0.0,1,0.09,0.11199999999999999,0.5,0.5,-0.10099999999999999,,,,,,,normal
1189,10,scenario3_repeated_spike,RANDOM,50,1.0,0,0.060625,0.197,0.5,0.5,-0.1288125,,,,,,,normal
1190,10,scenario3_repeated_spike,RANDOM,50,1.9000000000000004,0,0.0611875,0.19790000000000002,0.5,0.5,-0.12954375,,,,,,,normal
1191,10,scenario3_repeated_spike,RANDOM,50,0.0,1,0.09,0.11199999999999999,0.5,0.5,-0.10099999999999999,,,,,,,normal
1192,10,scenario3_repeated_spike,RANDOM,50,0.0,1,0.09,0.11199999999999999,0.5,0.5,-0.10099999999999999,,,,,,,normal
1193,10,scenario3_repeated_spike,RANDOM,50,0.0,1,0.09,0.11199999999999999,0.5,0.5,-0.10099999999999999,,,,,,,normal
1194,10,scenario3_repeated_spike,RANDOM,50,0.0,1,0.09,0.11199999999999999,0.5,0.5,-0.10099999999999999,,,,,,,normal
1195,10,scenario3_repeated_spike,RANDOM,50,1.0,0,0.060625,0.197,0.5,0.5,-0.1288125,,,,,,,normal
1196,10,scenario3_repeated_spike,RANDOM,50,1.9000000000000004,0,0.0611875,0.19790000000000002,0.5,0.5,-0.12954375,,,,,,,normal
1197,10,scenario3_repeated_spike,RANDOM,50,2.710000000000001,0,0.061693750000000006,0.19871000000000003,0.5,0.5,-0.13020187500000002,,,,,,,normal
1198,10,scenario3_repeated_spike,RANDOM,50,0.0,1,0.09,0.11199999999999999,0.5,0.5,-0.10099999999999999,,,,,,,normal
1199,10,scenario3_repeated_spike,RANDOM,50,0.0,1,0.09,0.11199999999999999,0.5,0.5,-0.10099999999999999,,,,,,,normal
1200,10,scenario3_repeated_spike,RANDOM,50,0.0,1,0.09,0.11199999999999999,0.5,0.5,-0.10099999999999999,,,,,,,normal
1201,10,scenario3_repeated_spike,RANDOM,50,0.0,1,0.09,0.11199999999999999,0.5,0.5,-0.10099999999999999,,,,,,,normal
1202,10,scenario3_repeated_spike,RANDOM,50,1.0,0,0.060625,0.197,0.5,0.5,-0.1288125,,,,,,,normal
1203,10,scenario3_repeated_spike,RANDOM,50,1.9000000000000004,0,0.0611875,0.19790000000000002,0.5,0.5,-0.12954375,,,,,,,normal
1204,10,scenario3_repeated_spike,RANDOM,50,0.0,1,0.09,0.11199999999999999,0.5,0.5,-0.10099999999999999,,,,,,,normal
1205,10,scenario3_repeated_spike,RANDOM,50,0.0,1,0.09,0.11199999999999999,0.5,0.5,-0.10099999999999999,,,,,,,normal
1206,10,scenario3_repeated_spike,RANDOM,50,1.0,0,0.060625,0.197,0.5,0.5,-0.1288125,,,,,,,normal
1207,10,scenario3_repeated_spike,RANDOM,50,0.0,1,0.09,0.11199999999999999,0.5,0.5,-0.10099999999999999,,,,,,,normal
1208,10,scenario3_repeated_spike,RANDOM,50,0.0,1,0.09,0.11199999999999999,0.5,0.5,-0.10099999999999999,,,,,,,normal
1209,10,scenario3_repeated_spike,RANDOM,50,0.0,1,0.09,0.11199999999999999,0.5,0.5,-0.10099999999999999,,,,,,,normal
1210,10,scenario3_repeated_spike,RANDOM,50,0.0,1,0.09,0.11199999999999999,0.5,0.5,-0.10099999999999999,,,,,,,normal
1211,10,scenario3_repeated_spike,RANDOM,50,1.0,0,0.060625,0.197,0.5,0.5,-0.1288125,,,,,,,normal
1212,10,scenario3_repeated_spike,RANDOM,50,0.0,1,0.09,0.11199999999999999,0.5,0.5,-0.10099999999999999,,,,,,,normal
1213,10,scenario3_repeated_spike,RANDOM,50,1.0,0,0.060625,0.197,0.5,0.5,-0.1288125,,,,,,,normal
1214,10,scenario3_repeated_spike,RANDOM,50,0.0,1,0.09,0.11199999999999999,0.5,0.5,-0.10099999999999999,,,,,,,normal
1215,10,scenario3_repeated_spike,RANDOM,50,1.0,0,0.060625,0.197,0.5,0.5,-0.1288125,,,,,,,normal
1216,10,scenario3_repeated_spike,RANDOM,50,1.9000000000000004,0,0.0611875,0.19790000000000002,0.5,0.5,-0.12954375,,,,,,,normal
1217,10,scenario3_repeated_spike,RANDOM,50,2.710000000000001,0,0.061693750000000006,0.19871000000000003,0.5,0.5,-0.13020187500000002,,,,,,,normal
1218,10,scenario3_repeated_spike,RANDOM,50,3.439,0,0.062149375,0.199439,0.5,0.5,-0.1307941875,,,,,,,normal
1219,10,scenario3_repeated_spike,RANDOM,50,4.0951,0,0.06255943750000001,0.20009510000000003,0.5,0.5,-0.13132726875,,,,,,,normal
1220,10,scenario3_repeated_spike,RANDOM,50,4.685590000000001,0,0.06292849375000001,0.20068559000000002,0.5,0.5,-0.13180704187500003,,,,,,,normal
1221,10,scenario3_repeated_spike,RANDOM,50,0.0,1,0.09,0.11199999999999999,0.5,0.5,-0.10099999999999999,,,,,,,normal
1222,10,scenario3_repeated_spike,RANDOM,50,0.0,1,0.09,0.11199999999999999,0.5,0.5,-0.10099999999999999,,,,,,,normal
1223,10,scenario3_repeated_spike,RANDOM,50,0.0,1,0.09,0.11199999999999999,0.5,0.5,-0.10099999999999999,,,,,,,normal
1224,10,scenario3_repeated_spike,RANDOM,50,0.0,1,0.09,0.11199999999999999,0.5,0.5,-0.10099999999999999,,,,,,,normal
1225,10,scenario3_repeated_spike,RANDOM,50,0.0,1,0.09,0.11199999999999999,0.5,0.5,-0.10099999999999999,,,,,,,normal
1226,10,scenario3_repeated_spike,RANDOM,50,1.0,0,0.060625,0.197,0.5,0.5,-0.1288125,,,,,,,normal
1227,10,scenario3_repeated_spike,RANDOM,50,0.0,1,0.09,0.11199999999999999,0.5,0.5,-0.10099999999999999,,,,,,,normal
1228,10,scenario3_repeated_spike,RANDOM,50,1.0,0,0.060625,0.197,0.5,0.5,-0.1288125,,,,,,,normal
1229,10,scenario3_repeated_spike,RANDOM,50,1.9000000000000004,0,0.0611875,0.19790000000000002,0.5,0.5,-0.12954375,,,,,,,normal
1230,10,scenario3_repeated_spike,RANDOM,50,2.710000000000001,0,0.061693750000000006,0.19871000000000003,0.5,0.5,-0.13020187500000002,,,,,,,normal
1231,10,scenario3_repeated_spike,RANDOM,50,0.0,1,0.09,0.11199999999999999,0.5,0.5,-0.10099999999999999,,,,,,,normal
1232,10,scenario3_repeated_spike,RANDOM,50,1.0,0,0.060625,0.197,0.5,0.5,-0.1288125,,,,,,,normal
1233,10,scenario3_repeated_spike,RANDOM,50,0.0,1,0.09,0.11199999999999999,0.5,0.5,-0.10099999999999999,,,,,,,normal
1234,10,scenario3_repeated_spike,RANDOM,50,0.0,1,0.09,0.11199999999999999,0.5,0.5,-0.10099999999999999,,,,,,,normal
1235,10,scenario3_repeated_spike,RANDOM,50,0.0,1,0.09,0.11199999999999999,0.5,0.5,-0.10099999999999999,,,,,,,normal
1236,10,scenario3_repeated_spike,RANDOM,50,1.0,0,0.060625,0.197,0.5,0.5,-0.1288125,,,,,,,normal
1237,10,scenario3_repeated_spike,RANDOM,50,0.0,1,0.09,0.11199999999999999,0.5,0.5,-0.10099999999999999,,,,,,,normal
1238,10,scenario3_repeated_spike,RANDOM,50,1.0,0,0.060625,0.197,0.5,0.5,-0.1288125,,,,,,,normal
1239,10,scenario3_repeated_spike,RANDOM,50,0.0,1,0.09,0.11199999999999999,0.5,0.5,-0.10099999999999999,,,,,,,normal
1240,10,scenario3_repeated_spike,RANDOM,50,0.0,1,0.09,0.11199999999999999,0.5,0.5,-0.10099999999999999,,,,,,,normal
1241,10,scenario3_repeated_spike,RANDOM,50,0.0,1,0.09,0.11199999999999999,0.5,0.5,-0.10099999999999999,,,,,,,normal
1242,10,scenario3_repeated_spike,RANDOM,50,0.0,1,0.09,0.11199999999999999,0.5,0.5,-0.10099999999999999,,,,,,,normal
1243,10,scenario3_repeated_spike,RANDOM,50,1.0,0,0.060625,0.197,0.5,0.5,-0.1288125,,,,,,,normal
1244,10,scenario3_repeated_spike,RANDOM,50,1.9000000000000004,0,0.0611875,0.19790000000000002,0.5,0.5,-0.12954375,,,,,,,normal
1245,10,scenario3_repeated_spike,RANDOM,50,0.0,1,0.09,0.11199999999999999,0.5,0.5,-0.10099999999999999,,,,,,,normal
1246,10,scenario3_repeated_spike,RANDOM,50,0.0,1,0.09,0.11199999999999999,0.5,0.5,-0.10099999999999999,,,,,,,normal
1247,10,scenario3_repeated_spike,RANDOM,50,0.0,1,0.09,0.11199999999999999,0.5,0.5,-0.10099999999999999,,,,,,,normal
1248,10,scenario3_repeated_spike,RANDOM,50,0.0,1,0.09,0.11199999999999999,0.5,0.5,-0.10099999999999999,,,,,,,normal
1249,10,scenario3_repeated_spike,RANDOM,50,0.0,1,0.09,0.11199999999999999,0.5,0.5,-0.10099999999999999,,,,,,,normal
1250,10,scenario3_repeated_spike,RANDOM,50,1.0,0,0.060625,0.197,0.5,0.5,-0.1288125,,,,,,,normal
1251,10,scenario3_repeated_spike,RANDOM,50,0.0,1,0.09,0.11199999999999999,0.5,0.5,-0.10099999999999999,,,,,,,normal
1252,10,scenario3_repeated_spike,RANDOM,50,1.0,0,0.060625,0.197,0.5,0.5,-0.1288125,,,,,,,normal
1253,10,scenario3_repeated_spike,RANDOM,50,1.9000000000000004,0,0.0611875,0.19790000000000002,0.5,0.5,-0.12954375,,,,,,,normal
1254,10,scenario3_repeated_spike,RANDOM,50,2.710000000000001,0,0.061693750000000006,0.19871000000000003,0.5,0.5,-0.13020187500000002,,,,,,,normal
1255,10,scenario3_repeated_spike,RANDOM,50,0.0,1,0.09,0.11199999999999999,0.5,0.5,-0.10099999999999999,,,,,,,normal
1256,10,scenario3_repeated_spike,RANDOM,50,1.0,0,0.060625,0.197,0.5,0.5,-0.1288125,,,,,,,normal
1257,10,scenario3_repeated_spike,RANDOM,50,1.9000000000000004,0,0.0611875,0.19790000000000002,0.5,0.5,-0.12954375,,,,,,,normal
1258,10,scenario3_repeated_spike,RANDOM,50,2.710000000000001,0,0.061693750000000006,0.19871000000000003,0.5,0.5,-0.13020187500000002,,,,,,,normal
1259,10,scenario3_repeated_spike,RANDOM,50,3.439,0,0.062149375,0.199439,0.5,0.5,-0.1307941875,,,,,,,normal
1260,10,scenario3_repeated_spike,RANDOM,50,0.0,1,0.09,0.11199999999999999,0.5,0.5,-0.10099999999999999,,,,,,,normal
1261,10,scenario3_repeated_spike,RANDOM,50,0.0,1,0.09,0.11199999999999999,0.5,0.5,-0.10099999999999999,,,,,,,normal
1262,10,scenario3_repeated_spike,RANDOM,50,0.0,1,0.09,0.11199999999999999,0.5,0.5,-0.10099999999999999,,,,,,,normal
1263,10,scenario3_repeated_spike,RANDOM,50,1.0,0,0.060625,0.197,0.5,0.5,-0.1288125,,,,,,,normal
1264,10,scenario3_repeated_spike,RANDOM,50,0.0,1,0.09,0.11199999999999999,0.5,0.5,-0.10099999999999999,,,,,,,normal
1265,10,scenario3_repeated_spike,RANDOM,50,0.0,1,0.09,0.11199999999999999,0.5,0.5,-0.10099999999999999,,,,,,,normal
1266,10,scenario3_repeated_spike,RANDOM,50,1.0,0,0.060625,0.197,0.5,0.5,-0.1288125,,,,,,,normal
1267,10,scenario3_repeated_spike,RANDOM,50,1.9000000000000004,0,0.0611875,0.19790000000000002,0.5,0.5,-0.12954375,,,,,,,normal
1268,10,scenario3_repeated_spike,RANDOM,50,0.0,1,0.09,0.11199999999999999,0.5,0.5,-0.10099999999999999,,,,,,,normal
1269,10,scenario3_repeated_spike,RANDOM,50,0.0,1,0.09,0.11199999999999999,0.5,0.5,-0.10099999999999999,,,,,,,normal
1270,10,scenario3_repeated_spike,RANDOM,50,1.0,0,0.060625,0.197,0.5,0.5,-0.1288125,,,,,,,normal
1271,10,scenario3_repeated_spike,RANDOM,50,1.9000000000000004,0,0.0611875,0.19790000000000002,0.5,0.5,-0.12954375,,,,,,,normal
1272,10,scenario3_repeated_spike,RANDOM,50,0.0,1,0.09,0.11199999999999999,0.5,0.5,-0.10099999999999999,,,,,,,normal
1273,10,scenario3_repeated_spike,RANDOM,50,0.0,1,0.09,0.11199999999999999,0.5,0.5,-0.10099999999999999,,,,,,,normal
1274,10,scenario3_repeated_spike,RANDOM,50,1.0,0,0.060625,0.197,0.5,0.5,-0.1288125,,,,,,,normal
1275,10,scenario3_repeated_spike,RANDOM,50,1.9000000000000004,0,0.0611875,0.19790000000000002,0.5,0.5,-0.12954375,,,,,,,normal
1276,10,scenario3_repeated_spike,RANDOM,50,2.710000000000001,0,0.061693750000000006,0.19871000000000003,0.5,0.5,-0.13020187500000002,,,,,,,normal
1277,10,scenario3_repeated_spike,RANDOM,50,0.0,1,0.09,0.11199999999999999,0.5,0.5,-0.10099999999999999,,,,,,,normal
1278,10,scenario3_repeated_spike,RANDOM,50,0.0,1,0.09,0.11199999999999999,0.5,0.5,-0.10099999999999999,,,,,,,normal
1279,10,scenario3_repeated_spike,RANDOM,50,0.0,1,0.09,0.11199999999999999,0.5,0.5,-0.10099999999999999,,,,,,,normal
1280,10,scenario3_repeated_spike,RANDOM,50,0.0,1,0.09,0.11199999999999999,0.5,0.5,-0.10099999999999999,,,,,,,normal
1281,10,scenario3_repeated_spike,RANDOM,50,1.0,0,0.060625,0.197,0.5,0.5,-0.1288125,,,,,,,normal
1282,10,scenario3_repeated_spike,RANDOM,50,1.9000000000000004,0,0.0611875,0.19790000000000002,0.5,0.5,-0.12954375,,,,,,,normal
1283,10,scenario3_repeated_spike,RANDOM,50,2.710000000000001,0,0.061693750000000006,0.19871000000000003,0.5,0.5,-0.13020187500000002,,,,,,,normal
1284,10,scenario3_repeated_spike,RANDOM,50,3.439,0,0.062149375,0.199439,0.5,0.5,-0.1307941875,,,,,,,normal
1285,10,scenario3_repeated_spike,RANDOM,50,4.0951,0,0.06255943750000001,0.20009510000000003,0.5,0.5,-0.13132726875,,,,,,,normal
1286,10,scenario3_repeated_spike,RANDOM,50,4.685590000000001,0,0.06292849375000001,0.20068559000000002,0.5,0.5,-0.13180704187500003,,,,,,,normal
1287,10,scenario3_repeated_spike,RANDOM,50,5.217031000000002,0,0.063260644375,0.201217031,0.5,0.5,-0.1322388376875,,,,,,,normal
1288,10,scenario3_repeated_spike,RANDOM,50,5.695327900000002,0,0.0635595799375,0.2016953279,0.5,0.5,-0.13262745391875,,,,,,,normal
1289,10,scenario3_repeated_spike,RANDOM,50,0.1257951100000021,1,0.09004574367636364,0.11203659494109092,0.5,0.5,-0.10104116930872728,,,,,,,normal
1290,10,scenario3_repeated_spike,RANDOM,50,0.0,1,0.09,0.11199999999999999,0.5,0.5,-0.10099999999999999,,,,,,,normal
1291,10,scenario3_repeated_spike,RANDOM,50,0.0,1,0.09,0.11199999999999999,0.5,0.5,-0.10099999999999999,,,,,,,normal
1292,10,scenario3_repeated_spike,RANDOM,50,0.0,1,0.09,0.11199999999999999,0.5,0.5,-0.10099999999999999,,,,,,,normal
1293,10,scenario3_repeated_spike,RANDOM,50,0.0,1,0.09,0.11199999999999999,0.5,0.5,-0.10099999999999999,,,,,,,normal
1294,10,scenario3_repeated_spike,RANDOM,50,1.0,0,0.060625,0.197,0.5,0.5,-0.1288125,,,,,,,normal
1295,10,scenario3_repeated_spike,RANDOM,50,1.9000000000000004,0,0.0611875,0.19790000000000002,0.5,0.5,-0.12954375,,,,,,,normal
1296,10,scenario3_repeated_spike,RANDOM,50,0.0,1,0.09,0.11199999999999999,0.5,0.5,-0.10099999999999999,,,,,,,normal
1297,10,scenario3_repeated_spike,RANDOM,50,0.0,1,0.09,0.11199999999999999,0.5,0.5,-0.10099999999999999,,,,,,,normal
1298,10,scenario3_repeated_spike,RANDOM,50,0.0,1,0.09,0.11199999999999999,0.5,0.5,-0.10099999999999999,,,,,,,normal
1299,10,scenario3_repeated_spike,RANDOM,50,0.0,1,0.09,0.11199999999999999,0.5,0.5,-0.10099999999999999,,,,,,,normal
1300,10,scenario3_repeated_spike,RANDOM,50,0.0,1,0.09,0.11199999999999999,0.5,0.5,-0.10099999999999999,,,,,,,normal
1301,10,scenario3_repeated_spike,RANDOM,50,0.0,1,0.09,0.11199999999999999,0.5,0.5,-0.10099999999999999,,,,,,,normal
1302,10,scenario3_repeated_spike,RANDOM,50,0.0,1,0.09,0.11199999999999999,0.5,0.5,-0.10099999999999999,,,,,,,normal
1303,10,scenario3_repeated_spike,RANDOM,50,1.0,0,0.060625,0.197,0.5,0.5,-0.1288125,,,,,,,normal
1304,10,scenario3_repeated_spike,RANDOM,50,0.0,1,0.09,0.11199999999999999,0.5,0.5,-0.10099999999999999,,,,,,,normal
1305,10,scenario3_repeated_spike,RANDOM,50,0.0,1,0.09,0.11199999999999999,0.5,0.5,-0.10099999999999999,,,,,,,normal
1306,10,scenario3_repeated_spike,RANDOM,50,1.0,0,0.060625,0.197,0.5,0.5,-0.1288125,,,,,,,normal
1307,10,scenario3_repeated_spike,RANDOM,50,1.9000000000000004,0,0.0611875,0.19790000000000002,0.5,0.5,-0.12954375,,,,,,,normal
1308,10,scenario3_repeated_spike,RANDOM,50,2.710000000000001,0,0.061693750000000006,0.19871000000000003,0.5,0.5,-0.13020187500000002,,,,,,,normal
1309,10,scenario3_repeated_spike,RANDOM,50,3.439,0,0.062149375,0.199439,0.5,0.5,-0.1307941875,,,,,,,normal
1310,10,scenario3_repeated_spike,RANDOM,50,0.0,1,0.09,0.11199999999999999,0.5,0.5,-0.10099999999999999,,,,,,,normal
1311,10,scenario3_repeated_spike,RANDOM,50,1.0,0,0.060625,0.197,0.5,0.5,-0.1288125,,,,,,,normal
1312,10,scenario3_repeated_spike,RANDOM,50,1.9000000000000004,0,0.0611875,0.19790000000000002,0.5,0.5,-0.12954375,,,,,,,normal
1313,10,scenario3_repeated_spike,RANDOM,50,2.710000000000001,0,0.061693750000000006,0.19871000000000003,0.5,0.5,-0.13020187500000002,,,,,,,normal
1314,10,scenario3_repeated_spike,RANDOM,50,3.439,0,0.062149375,0.199439,0.5,0.5,-0.1307941875,,,,,,,normal
1315,10,scenario3_repeated_spike,RANDOM,50,4.0951,0,0.06255943750000001,0.20009510000000003,0.5,0.5,-0.13132726875,,,,,,,normal
1316,10,scenario3_repeated_spike,RANDOM,50,0.0,1,0.09,0.11199999999999999,0.5,0.5,-0.10099999999999999,,,,,,,normal
1317,10,scenario3_repeated_spike,RANDOM,50,1.0,0,0.060625,0.197,0.5,0.5,-0.1288125,,,,,,,normal
1318,10,scenario3_repeated_spike,RANDOM,50,0.0,1,0.09,0.11199999999999999,0.5,0.5,-0.10099999999999999,,,,,,,normal
1319,10,scenario3_repeated_spike,RANDOM,50,1.0,0,0.060625,0.197,0.5,0.5,-0.1288125,,,,,,,normal
1320,10,scenario3_repeated_spike,RANDOM,50,1.9000000000000004,0,0.0611875,0.19790000000000002,0.5,0.5,-0.12954375,,,,,,,normal
1321,10,scenario3_repeated_spike,RANDOM,50,0.0,1,0.09,0.11199999999999999,0.5,0.5,-0.10099999999999999,,,,,,,normal
1322,10,scenario3_repeated_spike,RANDOM,50,1.0,0,0.060625,0.197,0.5,0.5,-0.1288125,,,,,,,normal
1323,10,scenario3_repeated_spike,RANDOM,50,1.9000000000000004,0,0.0611875,0.19790000000000002,0.5,0.5,-0.12954375,,,,,,,normal
1324,10,scenario3_repeated_spike,RANDOM,50,2.710000000000001,0,0.061693750000000006,0.19871000000000003,0.5,0.5,-0.13020187500000002,,,,,,,normal
1325,10,scenario3_repeated_spike,RANDOM,50,3.439,0,0.062149375,0.199439,0.5,0.5,-0.1307941875,,,,,,,normal
1326,10,scenario3_repeated_spike,RANDOM,50,4.0951,0,0.06255943750000001,0.20009510000000003,0.5,0.5,-0.13132726875,,,,,,,normal
1327,10,scenario3_repeated_spike,RANDOM,50,0.0,1,0.09,0.11199999999999999,0.5,0.5,-0.10099999999999999,,,,,,,normal
1328,10,scenario3_repeated_spike,RANDOM,50,0.0,1,0.09,0.11199999999999999,0.5,0.5,-0.10099999999999999,,,,,,,normal
1329,10,scenario3_repeated_spike,RANDOM,50,1.0,0,0.060625,0.197,0.5,0.5,-0.1288125,,,,,,,normal
1330,10,scenario3_repeated_spike,RANDOM,50,0.0,1,0.09,0.11199999999999999,0.5,0.5,-0.10099999999999999,,,,,,,normal
1331,10,scenario3_repeated_spike,RANDOM,50,1.0,0,0.060625,0.197,0.5,0.5,-0.1288125,,,,,,,normal
1332,10,scenario3_repeated_spike,RANDOM,50,1.9000000000000004,0,0.0611875,0.19790000000000002,0.5,0.5,-0.12954375,,,,,,,normal
1333,10,scenario3_repeated_spike,RANDOM,50,0.0,1,0.09,0.11199999999999999,0.5,0.5,-0.10099999999999999,,,,,,,normal
1334,10,scenario3_repeated_spike,RANDOM,50,0.0,1,0.09,0.11199999999999999,0.5,0.5,-0.10099999999999999,,,,,,,normal
1335,10,scenario3_repeated_spike,RANDOM,50,0.0,1,0.09,0.11199999999999999,0.5,0.5,-0.10099999999999999,,,,,,,normal
1336,10,scenario3_repeated_spike,RANDOM,50,0.0,1,0.09,0.11199999999999999,0.5,0.5,-0.10099999999999999,,,,,,,normal
1337,10,scenario3_repeated_spike,RANDOM,50,0.0,1,0.09,0.11199999999999999,0.5,0.5,-0.10099999999999999,,,,,,,normal
1338,10,scenario3_repeated_spike,RANDOM,50,0.0,1,0.09,0.11199999999999999,0.5,0.5,-0.10099999999999999,,,,,,,normal
1339,10,scenario3_repeated_spike,RANDOM,50,0.0,1,0.09,0.11199999999999999,0.5,0.5,-0.10099999999999999,,,,,,,normal
1340,10,scenario3_repeated_spike,RANDOM,50,0.0,1,0.09,0.11199999999999999,0.5,0.5,-0.10099999999999999,,,,,,,normal
1341,10,scenario3_repeated_spike,RANDOM,50,0.0,1,0.09,0.11199999999999999,0.5,0.5,-0.10099999999999999,,,,,,,normal
1342,10,scenario3_repeated_spike,RANDOM,50,0.0,1,0.09,0.11199999999999999,0.5,0.5,-0.10099999999999999,,,,,,,normal
1343,10,scenario3_repeated_spike,RANDOM,50,1.0,0,0.060625,0.197,0.5,0.5,-0.1288125,,,,,,,normal
1344,10,scenario3_repeated_spike,RANDOM,50,1.9000000000000004,0,0.0611875,0.19790000000000002,0.5,0.5,-0.12954375,,,,,,,normal
1345,10,scenario3_repeated_spike,RANDOM,50,2.710000000000001,0,0.061693750000000006,0.19871000000000003,0.5,0.5,-0.13020187500000002,,,,,,,normal
1346,10,scenario3_repeated_spike,RANDOM,50,0.0,1,0.09,0.11199999999999999,0.5,0.5,-0.10099999999999999,,,,,,,normal
1347,10,scenario3_repeated_spike,RANDOM,50,1.0,0,0.060625,0.197,0.5,0.5,-0.1288125,,,,,,,normal
1348,10,scenario3_repeated_spike,RANDOM,50,1.9000000000000004,0,0.0611875,0.19790000000000002,0.5,0.5,-0.12954375,,,,,,,normal
1349,10,scenario3_repeated_spike,RANDOM,50,0.0,1,0.09,0.11199999999999999,0.5,0.5,-0.10099999999999999,,,,,,,normal
1350,10,scenario3_repeated_spike,RANDOM,50,0.0,1,0.09,0.11199999999999999,0.5,0.5,-0.10099999999999999,,,,,,,normal
1351,10,scenario3_repeated_spike,RANDOM,50,1.0,0,0.060625,0.197,0.5,0.5,-0.1288125,,,,,,,normal
1352,10,scenario3_repeated_spike,RANDOM,50,0.0,1,0.09,0.11199999999999999,0.5,0.5,-0.10099999999999999,,,,,,,normal
1353,10,scenario3_repeated_spike,RANDOM,50,1.0,0,0.060625,0.197,0.5,0.5,-0.1288125,,,,,,,normal
1354,10,scenario3_repeated_spike,RANDOM,50,0.0,1,0.09,0.11199999999999999,0.5,0.5,-0.10099999999999999,,,,,,,normal
1355,10,scenario3_repeated_spike,RANDOM,50,0.0,1,0.09,0.11199999999999999,0.5,0.5,-0.10099999999999999,,,,,,,normal
1356,10,scenario3_repeated_spike,RANDOM,50,1.0,0,0.060625,0.197,0.5,0.5,-0.1288125,,,,,,,normal
1357,10,scenario3_repeated_spike,RANDOM,50,0.0,1,0.09,0.11199999999999999,0.5,0.5,-0.10099999999999999,,,,,,,normal
1358,10,scenario3_repeated_spike,RANDOM,50,0.0,1,0.09,0.11199999999999999,0.5,0.5,-0.10099999999999999,,,,,,,normal
1359,10,scenario3_repeated_spike,RANDOM,50,1.0,0,0.060625,0.197,0.5,0.5,-0.1288125,,,,,,,normal
1360,10,scenario3_repeated_spike,RANDOM,50,1.9000000000000004,0,0.0611875,0.19790000000000002,0.5,0.5,-0.12954375,,,,,,,normal
1361,10,scenario3_repeated_spike,RANDOM,50,2.710000000000001,0,0.061693750000000006,0.19871000000000003,0.5,0.5,-0.13020187500000002,,,,,,,normal
1362,10,scenario3_repeated_spike,RANDOM,50,3.439,0,0.062149375,0.199439,0.5,0.5,-0.1307941875,,,,,,,normal
1363,10,scenario3_repeated_spike,RANDOM,50,4.0951,0,0.06255943750000001,0.20009510000000003,0.5,0.5,-0.13132726875,,,,,,,normal
1364,10,scenario3_repeated_spike,RANDOM,50,0.0,1,0.09,0.11199999999999999,0.5,0.5,-0.10099999999999999,,,,,,,normal
1365,10,scenario3_repeated_spike,RANDOM,50,0.0,1,0.09,0.11199999999999999,0.5,0.5,-0.10099999999999999,,,,,,,normal
1366,10,scenario3_repeated_spike,RANDOM,50,0.0,1,0.09,0.11199999999999999,0.5,0.5,-0.10099999999999999,,,,,,,normal
1367,10,scenario3_repeated_spike,RANDOM,50,0.0,1,0.09,0.11199999999999999,0.5,0.5,-0.10099999999999999,,,,,,,normal
1368,10,scenario3_repeated_spike,RANDOM,50,1.0,0,0.060625,0.197,0.5,0.5,-0.1288125,,,,,,,normal
1369,10,scenario3_repeated_spike,RANDOM,50,0.0,1,0.09,0.11199999999999999,0.5,0.5,-0.10099999999999999,,,,,,,normal
1370,10,scenario3_repeated_spike,RANDOM,50,0.0,1,0.09,0.11199999999999999,0.5,0.5,-0.10099999999999999,,,,,,,normal
1371,10,scenario3_repeated_spike,RANDOM,50,0.0,1,0.09,0.11199999999999999,0.5,0.5,-0.10099999999999999,,,,,,,normal
1372,10,scenario3_repeated_spike,RANDOM,50,0.0,1,0.09,0.11199999999999999,0.5,0.5,-0.10099999999999999,,,,,,,normal
1373,10,scenario3_repeated_spike,RANDOM,50,1.0,0,0.060625,0.197,0.5,0.5,-0.1288125,,,,,,,normal
1374,10,scenario3_repeated_spike,RANDOM,50,0.0,1,0.09,0.11199999999999999,0.5,0.5,-0.10099999999999999,,,,,,,normal
1375,10,scenario3_repeated_spike,RANDOM,50,1.0,0,0.060625,0.197,0.5,0.5,-0.1288125,,,,,,,normal
1376,10,scenario3_repeated_spike,RANDOM,50,0.0,1,0.09,0.11199999999999999,0.5,0.5,-0.10099999999999999,,,,,,,normal
1377,10,scenario3_repeated_spike,RANDOM,50,1.0,0,0.060625,0.197,0.5,0.5,-0.1288125,,,,,,,normal
1378,10,scenario3_repeated_spike,RANDOM,50,1.9000000000000004,0,0.0611875,0.19790000000000002,0.5,0.5,-0.12954375,,,,,,,normal
1379,10,scenario3_repeated_spike,RANDOM,50,2.710000000000001,0,0.061693750000000006,0.19871000000000003,0.5,0.5,-0.13020187500000002,,,,,,,normal
1380,10,scenario3_repeated_spike,RANDOM,50,0.0,1,0.09,0.11199999999999999,0.5,0.5,-0.10099999999999999,,,,,,,normal
1381,10,scenario3_repeated_spike,RANDOM,50,0.0,1,0.09,0.11199999999999999,0.5,0.5,-0.10099999999999999,,,,,,,normal
1382,10,scenario3_repeated_spike,RANDOM,50,1.0,0,0.060625,0.197,0.5,0.5,-0.1288125,,,,,,,normal
1383,10,scenario3_repeated_spike,RANDOM,50,1.9000000000000004,0,0.0611875,0.19790000000000002,0.5,0.5,-0.12954375,,,,,,,normal
1384,10,scenario3_repeated_spike,RANDOM,50,0.0,1,0.09,0.11199999999999999,0.5,0.5,-0.10099999999999999,,,,,,,normal
1385,10,scenario3_repeated_spike,RANDOM,50,1.0,0,0.060625,0.197,0.5,0.5,-0.1288125,,,,,,,normal
1386,10,scenario3_repeated_spike,RANDOM,50,0.0,1,0.09,0.11199999999999999,0.5,0.5,-0.10099999999999999,,,,,,,normal
1387,10,scenario3_repeated_spike,RANDOM,50,1.0,0,0.060625,0.197,0.5,0.5,-0.1288125,,,,,,,normal
1388,10,scenario3_repeated_spike,RANDOM,50,0.0,1,0.09,0.11199999999999999,0.5,0.5,-0.10099999999999999,,,,,,,normal
1389,10,scenario3_repeated_spike,RANDOM,50,1.0,0,0.060625,0.197,0.5,0.5,-0.1288125,,,,,,,normal
1390,10,scenario3_repeated_spike,RANDOM,50,0.0,1,0.09,0.11199999999999999,0.5,0.5,-0.10099999999999999,,,,,,,normal
1391,10,scenario3_repeated_spike,RANDOM,50,0.0,1,0.09,0.11199999999999999,0.5,0.5,-0.10099999999999999,,,,,,,normal
1392,10,scenario3_repeated_spike,RANDOM,50,1.0,0,0.060625,0.197,0.5,0.5,-0.1288125,,,,,,,normal
1393,10,scenario3_repeated_spike,RANDOM,50,0.0,1,0.09,0.11199999999999999,0.5,0.5,-0.10099999999999999,,,,,,,normal
1394,10,scenario3_repeated_spike,RANDOM,50,1.0,0,0.060625,0.197,0.5,0.5,-0.1288125,,,,,,,normal
1395,10,scenario3_repeated_spike,RANDOM,50,0.0,1,0.09,0.11199999999999999,0.5,0.5,-0.10099999999999999,,,,,,,normal
1396,10,scenario3_repeated_spike,RANDOM,50,0.0,1,0.09,0.11199999999999999,0.5,0.5,-0.10099999999999999,,,,,,,normal
1397,10,scenario3_repeated_spike,RANDOM,50,0.0,1,0.09,0.11199999999999999,0.5,0.5,-0.10099999999999999,,,,,,,normal
1398,10,scenario3_repeated_spike,RANDOM,50,0.0,1,0.09,0.11199999999999999,0.5,0.5,-0.10099999999999999,,,,,,,normal
1399,10,scenario3_repeated_spike,RANDOM,50,0.0,1,0.09,0.11199999999999999,0.5,0.5,-0.10099999999999999,,,,,,,normal
1400,10,scenario3_repeated_spike,RANDOM,50,1.0,0,0.060625,0.197,0.5,0.5,-0.1288125,,,,,,,normal
1401,10,scenario3_repeated_spike,RANDOM,50,1.9000000000000004,0,0.0611875,0.19790000000000002,0.5,0.5,-0.12954375,,,,,,,normal
1402,10,scenario3_repeated_spike,RANDOM,50,2.710000000000001,0,0.061693750000000006,0.19871000000000003,0.5,0.5,-0.13020187500000002,,,,,,,normal
1403,10,scenario3_repeated_spike,RANDOM,50,0.0,1,0.09,0.11199999999999999,0.5,0.5,-0.10099999999999999,,,,,,,normal
1404,10,scenario3_repeated_spike,RANDOM,50,1.0,0,0.060625,0.197,0.5,0.5,-0.1288125,,,,,,,normal
1405,10,scenario3_repeated_spike,RANDOM,50,1.9000000000000004,0,0.0611875,0.19790000000000002,0.5,0.5,-0.12954375,,,,,,,normal
1406,10,scenario3_repeated_spike,RANDOM,50,0.0,1,0.09,0.11199999999999999,0.5,0.5,-0.10099999999999999,,,,,,,normal
1407,10,scenario3_repeated_spike,RANDOM,50,0.0,1,0.09,0.11199999999999999,0.5,0.5,-0.10099999999999999,,,,,,,normal
1408,10,scenario3_repeated_spike,RANDOM,50,1.0,0,0.060625,0.197,0.5,0.5,-0.1288125,,,,,,,normal
1409,10,scenario3_repeated_spike,RANDOM,50,0.0,1,0.09,0.11199999999999999,0.5,0.5,-0.10099999999999999,,,,,,,normal
1410,10,scenario3_repeated_spike,RANDOM,50,0.0,1,0.09,0.11199999999999999,0.5,0.5,-0.10099999999999999,,,,,,,normal
1411,10,scenario3_repeated_spike,RANDOM,50,0.0,1,0.09,0.11199999999999999,0.5,0.5,-0.10099999999999999,,,,,,,normal
1412,10,scenario3_repeated_spike,RANDOM,50,0.0,1,0.09,0.11199999999999999,0.5,0.5,-0.10099999999999999,,,,,,,normal
1413,10,scenario3_repeated_spike,RANDOM,50,0.0,1,0.09,0.11199999999999999,0.5,0.5,-0.10099999999999999,,,,,,,normal
1414,10,scenario3_repeated_spike,RANDOM,50,0.0,1,0.09,0.11199999999999999,0.5,0.5,-0.10099999999999999,,,,,,,normal
1415,10,scenario3_repeated_spike,RANDOM,50,1.0,0,0.060625,0.197,0.5,0.5,-0.1288125,,,,,,,normal
1416,10,scenario3_repeated_spike,RANDOM,50,0.0,1,0.09,0.11199999999999999,0.5,0.5,-0.10099999999999999,,,,,,,normal
1417,10,scenario3_repeated_spike,RANDOM,50,1.0,0,0.060625,0.197,0.5,0.5,-0.1288125,,,,,,,normal
1418,10,scenario3_repeated_spike,RANDOM,50,0.0,1,0.09,0.11199999999999999,0.5,0.5,-0.10099999999999999,,,,,,,normal
1419,10,scenario3_repeated_spike,RANDOM,50,0.0,1,0.09,0.11199999999999999,0.5,0.5,-0.10099999999999999,,,,,,,normal
1420,10,scenario3_repeated_spike,RANDOM,50,1.0,0,0.060625,0.197,0.5,0.5,-0.1288125,,,,,,,normal
1421,10,scenario3_repeated_spike,RANDOM,50,0.0,1,0.09,0.11199999999999999,0.5,0.5,-0.10099999999999999,,,,,,,normal
1422,10,scenario3_repeated_spike,RANDOM,50,0.0,1,0.09,0.11199999999999999,0.5,0.5,-0.10099999999999999,,,,,,,normal
1423,10,scenario3_repeated_spike,RANDOM,50,1.0,0,0.060625,0.197,0.5,0.5,-0.1288125,,,,,,,normal
1424,10,scenario3_repeated_spike,RANDOM,50,0.0,1,0.09,0.11199999999999999,0.5,0.5,-0.10099999999999999,,,,,,,normal
1425,10,scenario3_repeated_spike,RANDOM,50,1.0,0,0.060625,0.197,0.5,0.5,-0.1288125,,,,,,,normal
1426,10,scenario3_repeated_spike,RANDOM,50,1.9000000000000004,0,0.0611875,0.19790000000000002,0.5,0.5,-0.12954375,,,,,,,normal
1427,10,scenario3_repeated_spike,RANDOM,50,0.0,1,0.09,0.11199999999999999,0.5,0.5,-0.10099999999999999,,,,,,,normal
1428,10,scenario3_repeated_spike,RANDOM,50,1.0,0,0.060625,0.197,0.5,0.5,-0.1288125,,,,,,,normal
1429,10,scenario3_repeated_spike,RANDOM,50,1.9000000000000004,0,0.0611875,0.19790000000000002,0.5,0.5,-0.12954375,,,,,,,normal
1430,10,scenario3_repeated_spike,RANDOM,50,0.0,1,0.09,0.11199999999999999,0.5,0.5,-0.10099999999999999,,,,,,,normal
1431,10,scenario3_repeated_spike,RANDOM,50,1.0,0,0.060625,0.197,0.5,0.5,-0.1288125,,,,,,,normal
1432,10,scenario3_repeated_spike,RANDOM,50,0.0,1,0.09,0.11199999999999999,0.5,0.5,-0.10099999999999999,,,,,,,normal
1433,10,scenario3_repeated_spike,RANDOM,50,1.0,0,0.060625,0.197,0.5,0.5,-0.1288125,,,,,,,normal
1434,10,scenario3_repeated_spike,RANDOM,50,0.0,1,0.09,0.11199999999999999,0.5,0.5,-0.10099999999999999,,,,,,,normal
1435,10,scenario3_repeated_spike,RANDOM,50,1.0,0,0.060625,0.197,0.5,0.5,-0.1288125,,,,,,,normal
1436,10,scenario3_repeated_spike,RANDOM,50,0.0,1,0.09,0.11199999999999999,0.5,0.5,-0.10099999999999999,,,,,,,normal
1437,10,scenario3_repeated_spike,RANDOM,50,1.0,0,0.060625,0.197,0.5,0.5,-0.1288125,,,,,,,normal
1438,10,scenario3_repeated_spike,RANDOM,50,1.9000000000000004,0,0.0611875,0.19790000000000002,0.5,0.5,-0.12954375,,,,,,,normal
1439,10,scenario3_repeated_spike,RANDOM,50,0.0,1,0.09,0.11199999999999999,0.5,0.5,-0.10099999999999999,,,,,,,normal
1440,10,scenario3_repeated_spike,RANDOM,50,0.0,1,0.09,0.11199999999999999,0.5,0.5,-0.10099999999999999,,,,,,,normal
1441,10,scenario3_repeated_spike,RANDOM,50,0.0,1,0.09,0.11199999999999999,0.5,0.5,-0.10099999999999999,,,,,,,normal
1442,10,scenario3_repeated_spike,RANDOM,50,1.0,0,0.060625,0.197,0.5,0.5,-0.1288125,,,,,,,normal
1443,10,scenario3_repeated_spike,RANDOM,50,0.0,1,0.09,0.11199999999999999,0.5,0.5,-0.10099999999999999,,,,,,,normal
1444,10,scenario3_repeated_spike,RANDOM,50,1.0,0,0.060625,0.197,0.5,0.5,-0.1288125,,,,,,,normal
1445,10,scenario3_repeated_spike,RANDOM,50,0.0,1,0.09,0.11199999999999999,0.5,0.5,-0.10099999999999999,,,,,,,normal
1446,10,scenario3_repeated_spike,RANDOM,50,1.0,0,0.060625,0.197,0.5,0.5,-0.1288125,,,,,,,normal
1447,10,scenario3_repeated_spike,RANDOM,50,0.0,1,0.09,0.11199999999999999,0.5,0.5,-0.10099999999999999,,,,,,,normal
1448,10,scenario3_repeated_spike,RANDOM,50,1.0,0,0.060625,0.197,0.5,0.5,-0.1288125,,,,,,,normal
1449,10,scenario3_repeated_spike,RANDOM,50,1.9000000000000004,0,0.0611875,0.19790000000000002,0.5,0.5,-0.12954375,,,,,,,normal
1450,10,scenario3_repeated_spike,RANDOM,50,2.710000000000001,0,0.061693750000000006,0.19871000000000003,0.5,0.5,-0.13020187500000002,,,,,,,normal
1451,10,scenario3_repeated_spike,RANDOM,50,0.0,1,0.09,0.11199999999999999,0.5,0.5,-0.10099999999999999,,,,,,,normal
1452,10,scenario3_repeated_spike,RANDOM,50,0.0,1,0.09,0.11199999999999999,0.5,0.5,-0.10099999999999999,,,,,,,normal
1453,10,scenario3_repeated_spike,RANDOM,50,1.0,0,0.060625,0.197,0.5,0.5,-0.1288125,,,,,,,normal
1454,10,scenario3_repeated_spike,RANDOM,50,1.9000000000000004,0,0.0611875,0.19790000000000002,0.5,0.5,-0.12954375,,,,,,,normal
1455,10,scenario3_repeated_spike,RANDOM,50,2.710000000000001,0,0.061693750000000006,0.19871000000000003,0.5,0.5,-0.13020187500000002,,,,,,,normal
1456,10,scenario3_repeated_spike,RANDOM,50,0.0,1,0.09,0.11199999999999999,0.5,0.5,-0.10099999999999999,,,,,,,normal
1457,10,scenario3_repeated_spike,RANDOM,50,0.0,1,0.09,0.11199999999999999,0.5,0.5,-0.10099999999999999,,,,,,,normal
1458,10,scenario3_repeated_spike,RANDOM,50,1.0,0,0.060625,0.197,0.5,0.5,-0.1288125,,,,,,,normal
1459,10,scenario3_repeated_spike,RANDOM,50,1.9000000000000004,0,0.0611875,0.19790000000000002,0.5,0.5,-0.12954375,,,,,,,normal
1460,10,scenario3_repeated_spike,RANDOM,50,2.710000000000001,0,0.061693750000000006,0.19871000000000003,0.5,0.5,-0.13020187500000002,,,,,,,normal
1461,10,scenario3_repeated_spike,RANDOM,50,3.439,0,0.062149375,0.199439,0.5,0.5,-0.1307941875,,,,,,,normal
1462,10,scenario3_repeated_spike,RANDOM,50,4.0951,0,0.06255943750000001,0.20009510000000003,0.5,0.5,-0.13132726875,,,,,,,normal
1463,10,scenario3_repeated_spike,RANDOM,50,0.0,1,0.09,0.11199999999999999,0.5,0.5,-0.10099999999999999,,,,,,,normal
1464,10,scenario3_repeated_spike,RANDOM,50,0.0,1,0.09,0.11199999999999999,0.5,0.5,-0.10099999999999999,,,,,,,normal
1465,10,scenario3_repeated_spike,RANDOM,50,0.0,1,0.09,0.11199999999999999,0.5,0.5,-0.10099999999999999,,,,,,,normal
1466,10,scenario3_repeated_spike,RANDOM,50,1.0,0,0.060625,0.197,0.5,0.5,-0.1288125,,,,,,,normal
1467,10,scenario3_repeated_spike,RANDOM,50,0.0,1,0.09,0.11199999999999999,0.5,0.5,-0.10099999999999999,,,,,,,normal
1468,10,scenario3_repeated_spike,RANDOM,50,0.0,1,0.09,0.11199999999999999,0.5,0.5,-0.10099999999999999,,,,,,,normal
1469,10,scenario3_repeated_spike,RANDOM,50,0.0,1,0.09,0.11199999999999999,0.5,0.5,-0.10099999999999999,,,,,,,normal
1470,10,scenario3_repeated_spike,RANDOM,50,1.0,0,0.060625,0.197,0.5,0.5,-0.1288125,,,,,,,normal
1471,10,scenario3_repeated_spike,RANDOM,50,1.9000000000000004,0,0.0611875,0.19790000000000002,0.5,0.5,-0.12954375,,,,,,,normal
1472,10,scenario3_repeated_spike,RANDOM,50,2.710000000000001,0,0.061693750000000006,0.19871000000000003,0.5,0.5,-0.13020187500000002,,,,,,,normal
1473,10,scenario3_repeated_spike,RANDOM,50,3.439,0,0.062149375,0.199439,0.5,0.5,-0.1307941875,,,,,,,normal
1474,10,scenario3_repeated_spike,RANDOM,50,4.0951,0,0.06255943750000001,0.20009510000000003,0.5,0.5,-0.13132726875,,,,,,,normal
1475,10,scenario3_repeated_spike,RANDOM,50,4.685590000000001,0,0.06292849375000001,0.20068559000000002,0.5,0.5,-0.13180704187500003,,,,,,,normal
1476,10,scenario3_repeated_spike,RANDOM,50,0.0,1,0.09,0.11199999999999999,0.5,0.5,-0.10099999999999999,,,,,,,normal
1477,10,scenario3_repeated_spike,RANDOM,50,1.0,0,0.060625,0.197,0.5,0.5,-0.1288125,,,,,,,normal
1478,10,scenario3_repeated_spike,RANDOM,50,0.0,1,0.09,0.11199999999999999,0.5,0.5,-0.10099999999999999,,,,,,,normal
1479,10,scenario3_repeated_spike,RANDOM,50,0.0,1,0.09,0.11199999999999999,0.5,0.5,-0.10099999999999999,,,,,,,normal
1480,10,scenario3_repeated_spike,RANDOM,50,0.0,1,0.09,0.11199999999999999,0.5,0.5,-0.10099999999999999,,,,,,,normal
1481,10,scenario3_repeated_spike,RANDOM,50,1.0,0,0.060625,0.197,0.5,0.5,-0.1288125,,,,,,,normal
1482,10,scenario3_repeated_spike,RANDOM,50,0.0,1,0.09,0.11199999999999999,0.5,0.5,-0.10099999999999999,,,,,,,normal
1483,10,scenario3_repeated_spike,RANDOM,50,1.0,0,0.060625,0.197,0.5,0.5,-0.1288125,,,,,,,normal
1484,10,scenario3_repeated_spike,RANDOM,50,0.0,1,0.09,0.11199999999999999,0.5,0.5,-0.10099999999999999,,,,,,,normal
1485,10,scenario3_repeated_spike,RANDOM,50,0.0,1,0.09,0.11199999999999999,0.5,0.5,-0.10099999999999999,,,,,,,normal
1486,10,scenario3_repeated_spike,RANDOM,50,1.0,0,0.060625,0.197,0.5,0.5,-0.1288125,,,,,,,normal
1487,10,scenario3_repeated_spike,RANDOM,50,1.9000000000000004,0,0.0611875,0.19790000000000002,0.5,0.5,-0.12954375,,,,,,,normal
1488,10,scenario3_repeated_spike,RANDOM,50,2.710000000000001,0,0.061693750000000006,0.19871000000000003,0.5,0.5,-0.13020187500000002,,,,,,,normal
1489,10,scenario3_repeated_spike,RANDOM,50,0.0,1,0.09,0.11199999999999999,0.5,0.5,-0.10099999999999999,,,,,,,normal
1490,10,scenario3_repeated_spike,RANDOM,50,0.0,1,0.09,0.11199999999999999,0.5,0.5,-0.10099999999999999,,,,,,,normal
1491,10,scenario3_repeated_spike,RANDOM,50,1.0,0,0.060625,0.197,0.5,0.5,-0.1288125,,,,,,,normal
1492,10,scenario3_repeated_spike,RANDOM,50,0.0,1,0.09,0.11199999999999999,0.5,0.5,-0.10099999999999999,,,,,,,normal
1493,10,scenario3_repeated_spike,RANDOM,50,1.0,0,0.060625,0.197,0.5,0.5,-0.1288125,,,,,,,normal
1494,10,scenario3_repeated_spike,RANDOM,50,1.9000000000000004,0,0.0611875,0.19790000000000002,0.5,0.5,-0.12954375,,,,,,,normal
1495,10,scenario3_repeated_spike,RANDOM,50,0.0,1,0.09,0.11199999999999999,0.5,0.5,-0.10099999999999999,,,,,,,normal
1496,10,scenario3_repeated_spike,RANDOM,50,0.0,1,0.09,0.11199999999999999,0.5,0.5,-0.10099999999999999,,,,,,,normal
1497,10,scenario3_repeated_spike,RANDOM,50,1.0,0,0.060625,0.197,0.5,0.5,-0.1288125,,,,,,,normal
1498,10,scenario3_repeated_spike,RANDOM,50,0.0,1,0.09,0.11199999999999999,0.5,0.5,-0.10099999999999999,,,,,,,normal
1499,10,scenario3_repeated_spike,RANDOM,50,1.0,0,0.060625,0.197,0.5,0.5,-0.1288125,,,,,,,normal
1500,10,scenario3_repeated_spike,RANDOM,150,13.899999999999999,1,0.11505454545454546,0.21204363636363638,0.5,0.5,-0.16354909090909092,,,,,,,spike
1501,10,scenario3_repeated_spike,RANDOM,150,25.509999999999998,1,0.11927636363636364,0.21542109090909092,0.5,0.5,-0.1673487272727273,,,,,,,spike
1502,10,scenario3_repeated_spike,RANDOM,150,41.959,0,0.106224375,0.469959,0.5,0.5,-0.2880916875,,,,,,,spike
1503,10,scenario3_repeated_spike,RANDOM,150,50.76310000000001,1,0.1284593090909091,0.2227674472727273,0.5,0.5,-0.1756133781818182,,,,,,,spike
1504,10,scenario3_repeated_spike,RANDOM,150,58.68679,1,0.13134065090909092,0.22507252072727274,0.5,0.5,-0.17820658581818183,,,,,,,spike
1505,10,scenario3_repeated_spike,RANDOM,150,65.818111,1,0.13393385854545456,0.22714708683636364,0.5,0.5,-0.18054047269090912,,,,,,,spike
1506,10,scenario3_repeated_spike,RANDOM,150,72.2362999,1,0.13626774541818182,0.22901419633454545,0.5,0.5,-0.18264097087636363,,,,,,,spike
1507,10,scenario3_repeated_spike,RANDOM,150,84.01266991000001,0,0.13250791869375,0.51201266991,0.5,0.5,-0.322260294301875,,,,,,,spike
1508,10,scenario3_repeated_spike,RANDOM,150,88.61140291900001,1,0.14222232833418183,0.23377786266734546,0.5,0.5,-0.18800009550076363,,,,,,,spike
1509,10,scenario3_repeated_spike,RANDOM,150,92.75026262710001,1,0.14372736822803636,0.2349818945824291,0.5,0.5,-0.18935463140523273,,,,,,,spike
1510,10,scenario3_repeated_spike,RANDOM,150,96.47523636439001,1,0.14508190413250546,0.2360655233060044,0.5,0.5,-0.1905737137192549,,,,,,,spike
1511,10,scenario3_repeated_spike,RANDOM,150,99.82771272795101,1,0.14630098644652764,0.23704078915722213,0.5,0.5,-0.19167088780187488,,,,,,,spike
1512,10,scenario3_repeated_spike,RANDOM,150,102.8449414551559,1,0.14739816052914761,0.23791852842331812,0.5,0.5,-0.19265834447623287,,,,,,,spike
1513,10,scenario3_repeated_spike,RANDOM,150,105.56044730964031,1,0.14838561720350557,0.23870849376280445,0.5,0.5,-0.193547055483155,,,,,,,spike
1514,10,scenario3_repeated_spike,RANDOM,150,108.00440257867628,1,0.14927432821042774,0.2394194625683422,0.5,0.5,-0.194346895389385,,,,,,,spike
1515,10,scenario3_repeated_spike,RANDOM,150,116.20396232080866,0,0.15262747645050542,0.5442039623208087,0.5,0.5,-0.3484157193856571,,,,,,,spike
1516,10,scenario3_repeated_spike,RANDOM,150,123.58356608872779,0,0.1572397288054549,0.5515835660887278,0.5,0.5,-0.35441164744709136,,,,,,,spike
1517,10,scenario3_repeated_spike,RANDOM,150,124.22520947985501,1,0.15517280344722,0.24413824275777601,0.5,0.5,-0.199655523102498,,,,,,,spike
1518,10,scenario3_repeated_spike,RANDOM,150,130.8026885318695,0,0.16175168033241846,0.5588026885318695,0.5,0.5,-0.360277184432144,,,,,,,spike
1519,10,scenario3_repeated_spike,RANDOM,150,136.72241967868257,0,0.16545151229917662,0.5647224196786826,0.5,0.5,-0.36508696598892965,,,,,,,spike
1520,10,scenario3_repeated_spike,RANDOM,150,136.0501777108143,1,0.15947279189484156,0.24757823351587327,0.5,0.5,-0.2035255127053574,,,,,,,spike
1521,10,scenario3_repeated_spike,RANDOM,150,141.4451599397329,0,0.16840322496233306,0.5694451599397329,0.5,0.5,-0.368924192451033,,,,,,,spike
1522,10,scenario3_repeated_spike,RANDOM,150,140.3006439457596,1,0.16101841598027622,0.248814732784221,0.5,0.5,-0.2049165743822486,,,,,,,spike
1523,10,scenario3_repeated_spike,RANDOM,150,139.27057955118363,1,0.16064384710952134,0.2485150776876171,0.5,0.5,-0.20457946239856922,,,,,,,spike
1524,10,scenario3_repeated_spike,RANDOM,150,138.34352159606527,1,0.16030673512584195,0.2482453881006736,0.5,0.5,-0.2042760616132578,,,,,,,spike
1525,10,scenario3_repeated_spike,RANDOM,150,137.50916943645876,1,0.16000333434053046,0.2480026674724244,0.5,0.5,-0.20400300090647744,,,,,,,spike
1526,10,scenario3_repeated_spike,RANDOM,150,136.7582524928129,1,0.15973027363375014,0.24778421890700014,0.5,0.5,-0.20375724627037514,,,,,,,spike
1527,10,scenario3_repeated_spike,RANDOM,150,142.08242724353158,0,0.16880151702720725,0.5700824272435316,0.5,0.5,-0.36944197213536945,,,,,,,spike
1528,10,scenario3_repeated_spike,RANDOM,150,140.8741845191784,1,0.16122697618879214,0.24898158095103373,0.5,0.5,-0.20510427856991292,,,,,,,spike
1529,10,scenario3_repeated_spike,RANDOM,150,145.78676606726057,0,0.17111672879203788,0.5737867660672606,0.5,0.5,-0.37245174742964926,,,,,,,spike
1530,10,scenario3_repeated_spike,RANDOM,150,144.20808946053452,1,0.1624393052583762,0.24995144420670096,0.5,0.5,-0.20619537473253857,,,,,,,spike
1531,10,scenario3_repeated_spike,RANDOM,150,148.78728051448107,0,0.17299205032155068,0.5767872805144811,0.5,0.5,-0.37488966541801594,,,,,,,spike
1532,10,scenario3_repeated_spike,RANDOM,150,146.90855246303298,1,0.16342129180473927,0.25073703344379145,0.5,0.5,-0.20707916262426534,,,,,,,spike
1533,10,scenario3_repeated_spike,RANDOM,150,151.21769721672968,0,0.17451106076045608,0.5792176972167298,0.5,0.5,-0.37686437898859293,,,,,,,spike
1534,10,scenario3_repeated_spike,RANDOM,150,149.0959274950567,1,0.16421670090729337,0.2513733607258347,0.5,0.5,-0.20779503081656403,,,,,,,spike
1535,10,scenario3_repeated_spike,RANDOM,150,153.18633474555105,0,0.17574145921596943,0.581186334745551,0.5,0.5,-0.3784638969807602,,,,,,,spike
1536,10,scenario3_repeated_spike,RANDOM,150,150.86770127099595,1,0.16486098228036217,0.25188878582428975,0.5,0.5,-0.20837488405232596,,,,,,,spike
1537,10,scenario3_repeated_spike,RANDOM,150,154.78093114389637,0,0.17673808196493523,0.5827809311438964,0.5,0.5,-0.3797595065544158,,,,,,,spike
1538,10,scenario3_repeated_spike,RANDOM,150,158.30283802950674,0,0.17893927376844174,0.5863028380295068,0.5,0.5,-0.38262105589897427,,,,,,,spike
1539,10,scenario3_repeated_spike,RANDOM,150,161.47255422655607,0,0.18092034639159757,0.5894725542265561,0.5,0.5,-0.38519645030907684,,,,,,,spike
1540,10,scenario3_repeated_spike,RANDOM,150,158.32529880390047,1,0.16757283592869107,0.2540582687429529,0.5,0.5,-0.210815552335822,,,,,,,spike
1541,10,scenario3_repeated_spike,RANDOM,150,161.49276892351043,0,0.18093298057719404,0.5894927689235104,0.5,0.5,-0.38521287475035226,,,,,,,spike
1542,10,scenario3_repeated_spike,RANDOM,150,164.3434920311594,0,0.18271468251947465,0.5923434920311594,0.5,0.5,-0.38752908727531704,,,,,,,spike
1543,10,scenario3_repeated_spike,RANDOM,150,160.90914282804346,1,0.16851241557383398,0.2548099324590672,0.5,0.5,-0.21166117401645057,,,,,,,spike
1544,10,scenario3_repeated_spike,RANDOM,150,157.81822854523912,1,0.1673884467437233,0.25391075739497865,0.5,0.5,-0.21064960206935096,,,,,,,spike
1545,10,scenario3_repeated_spike,RANDOM,150,155.0364056907152,1,0.16637687479662372,0.253101499837299,0.5,0.5,-0.20973918731696137,,,,,,,spike
1546,10,scenario3_repeated_spike,RANDOM,150,152.5327651216437,1,0.1654664600442341,0.2523731680353873,0.5,0.5,-0.2089198140398107,,,,,,,spike
1547,10,scenario3_repeated_spike,RANDOM,150,150.27948860947933,1,0.16464708676708342,0.25171766941366674,0.5,0.5,-0.2081823780903751,,,,,,,spike
1548,10,scenario3_repeated_spike,RANDOM,150,154.2515397485314,0,0.17640721234283213,0.5822515397485314,0.5,0.5,-0.37932937604568173,,,,,,,spike
1549,10,scenario3_repeated_spike,RANDOM,150,157.82638577367825,0,0.17864149110854893,0.5858263857736783,0.5,0.5,-0.38223393844111364,,,,,,,spike
1550,10,scenario3_repeated_spike,RANDOM,150,155.04374719631042,1,0.16637954443502195,0.25310363554801757,0.5,0.5,-0.20974158999151976,,,,,,,spike
1551,10,scenario3_repeated_spike,RANDOM,150,152.53937247667938,1,0.16546886271879252,0.252375090175034,0.5,0.5,-0.20892197644691327,,,,,,,spike
1552,10,scenario3_repeated_spike,RANDOM,150,150.28543522901145,1,0.164649249174186,0.25171939933934884,0.5,0.5,-0.20818432425676742,,,,,,,spike
1553,10,scenario3_repeated_spike,RANDOM,150,148.2568917061103,1,0.1639115969840401,0.2511292775872321,0.5,0.5,-0.20752043728563607,,,,,,,spike
1554,10,scenario3_repeated_spike,RANDOM,150,146.4312025354993,1,0.16324771001290883,0.2505981680103271,0.5,0.5,-0.20692293901161796,,,,,,,spike
1555,10,scenario3_repeated_spike,RANDOM,150,144.78808228194936,1,0.1626502117388907,0.2501201693911126,0.5,0.5,-0.20638519056500165,,,,,,,spike
1556,10,scenario3_repeated_spike,RANDOM,150,143.30927405375442,1,0.16211246329227436,0.24968997063381948,0.5,0.5,-0.20590121696304692,,,,,,,spike
1557,10,scenario3_repeated_spike,RANDOM,150,147.978346648379,0,0.1724864666552369,0.575978346648379,0.5,0.5,-0.37423240665180796,,,,,,,spike
1558,10,scenario3_repeated_spike,RANDOM,150,146.1805119835411,1,0.16315654981219677,0.25052523984975744,0.5,0.5,-0.20684089483097712,,,,,,,spike
1559,10,scenario3_repeated_spike,RANDOM,150,144.562460785187,1,0.16256816755824982,0.2500545340465999,0.5,0.5,-0.20631135080242485,,,,,,,spike
1560,10,scenario3_repeated_spike,RANDOM,150,143.1062147066683,1,0.16203862352969758,0.2496308988237581,0.5,0.5,-0.20583476117672783,,,,,,,spike
1561,10,scenario3_repeated_spike,RANDOM,150,147.79559323600148,0,0.17237224577250093,0.5757955932360015,0.5,0.5,-0.37408391950425124,,,,,,,spike
1562,10,scenario3_repeated_spike,RANDOM,150,152.01603391240133,0,0.17501002119525086,0.5800160339124014,0.5,0.5,-0.37751302755382615,,,,,,,spike
1563,10,scenario3_repeated_spike,RANDOM,150,149.8144305211612,1,0.1644779747349677,0.25158237978797415,0.5,0.5,-0.20803017726147094,,,,,,,spike
1564,10,scenario3_repeated_spike,RANDOM,150,147.8329874690451,1,0.16375744998874367,0.25100595999099495,0.5,0.5,-0.2073817049898693,,,,,,,spike
1565,10,scenario3_repeated_spike,RANDOM,150,146.0496887221406,1,0.16310897771714203,0.25048718217371363,0.5,0.5,-0.20679807994542782,,,,,,,spike
1566,10,scenario3_repeated_spike,RANDOM,150,150.44471984992654,0,0.1740279499062041,0.5784447198499265,0.5,0.5,-0.3762363348780653,,,,,,,spike
1567,10,scenario3_repeated_spike,RANDOM,150,148.4002478649339,1,0.1639637264963396,0.2511709811970717,0.5,0.5,-0.20756735384670566,,,,,,,spike
1568,10,scenario3_repeated_spike,RANDOM,150,146.56022307844052,1,0.16329462657397836,0.2506357012591827,0.5,0.5,-0.20696516391658054,,,,,,,spike
1569,10,scenario3_repeated_spike,RANDOM,150,150.90420077059647,0,0.1743151254816228,0.5789042007705965,0.5,0.5,-0.37660966312610966,,,,,,,spike
1570,10,scenario3_repeated_spike,RANDOM,150,148.81378069353684,1,0.16411410207037705,0.25129128165630166,0.5,0.5,-0.20770269186333934,,,,,,,spike
1571,10,scenario3_repeated_spike,RANDOM,150,152.93240262418317,0,0.1755827516401145,0.5809324026241832,0.5,0.5,-0.37825757713214886,,,,,,,spike
1572,10,scenario3_repeated_spike,RANDOM,150,150.63916236176485,1,0.16477787722245996,0.251822301777968,0.5,0.5,-0.20830008950021398,,,,,,,spike
1573,10,scenario3_repeated_spike,RANDOM,150,148.57524612558836,1,0.16402736222748668,0.25122188978198934,0.5,0.5,-0.20762462600473802,,,,,,,spike
1574,10,scenario3_repeated_spike,RANDOM,150,146.71772151302955,1,0.16335189873201075,0.25068151898560864,0.5,0.5,-0.20701670885880968,,,,,,,spike
1575,10,scenario3_repeated_spike,RANDOM,150,145.0459493617266,1,0.1627439815860824,0.2501951852688659,0.5,0.5,-0.20646958342747415,,,,,,,spike
1576,10,scenario3_repeated_spike,RANDOM,150,143.54135442555395,1,0.16219685615474688,0.2497574849237975,0.5,0.5,-0.2059771705392722,,,,,,,spike
1577,10,scenario3_repeated_spike,RANDOM,150,148.18721898299856,0,0.17261701186437411,0.5761872189829986,0.5,0.5,-0.3744021154236864,,,,,,,spike
1578,10,scenario3_repeated_spike,RANDOM,150,152.3684970846987,0,0.1752303106779367,0.5803684970846987,0.5,0.5,-0.3777994038813177,,,,,,,spike
1579,10,scenario3_repeated_spike,RANDOM,150,150.13164737622884,1,0.1645933263186287,0.251674661054903,0.5,0.5,-0.20813399368676583,,,,,,,spike
1580,10,scenario3_repeated_spike,RANDOM,150,148.11848263860597,1,0.16386126641403856,0.2510890131312309,0.5,0.5,-0.2074751397726347,,,,,,,spike
1581,10,scenario3_repeated_spike,RANDOM,150,146.30663437474539,1,0.1632024124999074,0.25056192999992594,0.5,0.5,-0.20688217124991667,,,,,,,spike
1582,10,scenario3_repeated_spike,RANDOM,150,150.67597093727085,0,0.17417248183579428,0.5786759709372709,0.5,0.5,-0.37642422638653256,,,,,,,spike
1583,10,scenario3_repeated_spike,RANDOM,150,154.60837384354377,0,0.17663023365221486,0.5826083738435438,0.5,0.5,-0.37961930374787933,,,,,,,spike
1584,10,scenario3_repeated_spike,RANDOM,150,158.1475364591894,0,0.1788422102869934,0.5861475364591895,0.5,0.5,-0.38249487337309146,,,,,,,spike
1585,10,scenario3_repeated_spike,RANDOM,150,161.33278281327048,0,0.18083298925829405,0.5893327828132705,0.5,0.5,-0.3850828860357823,,,,,,,spike
1586,10,scenario3_repeated_spike,RANDOM,150,158.19950453194343,1,0.16752709255707032,0.2540216740456563,0.5,0.5,-0.2107743833013633,,,,,,,spike
1587,10,scenario3_repeated_spike,RANDOM,150,161.3795540787491,0,0.1808622212992182,0.5893795540787491,0.5,0.5,-0.38512088768898367,,,,,,,spike
1588,10,scenario3_repeated_spike,RANDOM,150,158.2415986708742,1,0.16754239951668154,0.25403391961334526,0.5,0.5,-0.2107881595650134,,,,,,,spike
1589,10,scenario3_repeated_spike,RANDOM,150,155.41743880378678,1,0.16651543229228613,0.2532123458338289,0.5,0.5,-0.20986388906305753,,,,,,,spike
1590,10,scenario3_repeated_spike,RANDOM,150,158.8756949234081,0,0.17929730932713006,0.5868756949234081,0.5,0.5,-0.38308650212526907,,,,,,,spike
1591,10,scenario3_repeated_spike,RANDOM,150,155.9881254310673,1,0.1667229547022063,0.25337836376176504,0.5,0.5,-0.21005065923198568,,,,,,,spike
1592,10,scenario3_repeated_spike,RANDOM,150,159.38931288796056,0,0.17961832055497537,0.5873893128879606,0.5,0.5,-0.383503816721468,,,,,,,spike
1593,10,scenario3_repeated_spike,RANDOM,150,162.4503815991645,0,0.18153148849947784,0.5904503815991645,0.5,0.5,-0.3859909350493212,,,,,,,spike
1594,10,scenario3_repeated_spike,RANDOM,150,165.20534343924805,0,0.18325333964953006,0.5932053434392481,0.5,0.5,-0.3882293415443891,,,,,,,spike
1595,10,scenario3_repeated_spike,RANDOM,150,161.68480909532326,1,0.168794476034663,0.2550355808277304,0.5,0.5,-0.2119150284311967,,,,,,,spike
1596,10,scenario3_repeated_spike,RANDOM,150,164.51632818579094,0,0.18282270511611934,0.5925163281857909,0.5,0.5,-0.3876695166509551,,,,,,,spike
1597,10,scenario3_repeated_spike,RANDOM,150,161.06469536721184,1,0.1685689801335316,0.2548551841068253,0.5,0.5,-0.21171208212017845,,,,,,,spike
1598,10,scenario3_repeated_spike,RANDOM,150,157.95822583049065,1,0.16743935484745115,0.25395148387796096,0.5,0.5,-0.21069541936270605,,,,,,,spike
1599,10,scenario3_repeated_spike,RANDOM,150,155.16240324744157,1,0.16642269208997873,0.253138153671983,0.5,0.5,-0.20978042288098087,,,,,,,spike
1600,10,scenario3_repeated_spike,RANDOM,150,158.6461629226974,0,0.1791538518266859,0.5866461629226974,0.5,0.5,-0.38290000737469165,,,,,,,spike
1601,10,scenario3_repeated_spike,RANDOM,150,161.78154663042767,0,0.1811134666440173,0.5897815466304277,0.5,0.5,-0.3854475066372225,,,,,,,spike
1602,10,scenario3_repeated_spike,RANDOM,150,164.6033919673849,0,0.1828771199796156,0.592603391967385,0.5,0.5,-0.38774025597350026,,,,,,,spike
1603,10,scenario3_repeated_spike,RANDOM,150,161.14305277064642,1,0.1685974737347805,0.25487797898782444,0.5,0.5,-0.21173772636130248,,,,,,,spike
1604,10,scenario3_repeated_spike,RANDOM,150,158.0287474935818,1,0.1674649990885752,0.25397199927086017,0.5,0.5,-0.2107184991797177,,,,,,,spike
1605,10,scenario3_repeated_spike,RANDOM,150,155.2258727442236,1,0.1664457719069904,0.2531566175255923,0.5,0.5,-0.20980119471629136,,,,,,,spike
1606,10,scenario3_repeated_spike,RANDOM,150,152.70328546980124,1,0.1655284674435641,0.2524227739548513,0.5,0.5,-0.2089756206992077,,,,,,,spike
1607,10,scenario3_repeated_spike,RANDOM,150,156.43295692282112,0,0.1777705980767632,0.5844329569228212,0.5,0.5,-0.3811017774997922,,,,,,,spike
1608,10,scenario3_repeated_spike,RANDOM,150,153.78966123053902,1,0.16592351317474147,0.2527388105397932,0.5,0.5,-0.20933116185726733,,,,,,,spike
1609,10,scenario3_repeated_spike,RANDOM,150,151.41069510748514,1,0.16505843458454006,0.2520467476676321,0.5,0.5,-0.20855259112608607,,,,,,,spike
1610,10,scenario3_repeated_spike,RANDOM,150,155.26962559673663,0,0.17704351599796042,0.5832696255967367,0.5,0.5,-0.38015657079734855,,,,,,,spike
1611,10,scenario3_repeated_spike,RANDOM,150,158.74266303706298,0,0.1792141643981644,0.586742663037063,0.5,0.5,-0.3829784137176137,,,,,,,spike
1612,10,scenario3_repeated_spike,RANDOM,150,155.8683967333567,1,0.1666794169939479,0.2533435335951583,0.5,0.5,-0.2100114752945531,,,,,,,spike
1613,10,scenario3_repeated_spike,RANDOM,150,153.28155706002102,1,0.16573874802182584,0.2525909984174607,0.5,0.5,-0.20916487321964328,,,,,,,spike
1614,10,scenario3_repeated_spike,RANDOM,150,150.95340135401892,1,0.16489214594691595,0.25191371675753277,0.5,0.5,-0.20840293135222437,,,,,,,spike
1615,10,scenario3_repeated_spike,RANDOM,150,154.85806121861702,0,0.17678628826163567,0.582858061218617,0.5,0.5,-0.37982217474012636,,,,,,,spike
1616,10,scenario3_repeated_spike,RANDOM,150,152.37225509675534,1,0.1654080927624565,0.25232647420996523,0.5,0.5,-0.20886728348621086,,,,,,,spike
1617,10,scenario3_repeated_spike,RANDOM,150,156.1350295870798,0,0.1775843934919249,0.5841350295870799,0.5,0.5,-0.3808597115395024,,,,,,,spike
1618,10,scenario3_repeated_spike,RANDOM,150,159.52152662837182,0,0.1797009541427324,0.5875215266283719,0.5,0.5,-0.38361124038555217,,,,,,,spike
1619,10,scenario3_repeated_spike,RANDOM,150,156.56937396553465,1,0.16693431780564896,0.2535474542445192,0.5,0.5,-0.21024088602508406,,,,,,,spike
1620,10,scenario3_repeated_spike,RANDOM,150,159.91243656898118,0,0.17994527285561324,0.5879124365689812,0.5,0.5,-0.3839288547122972,,,,,,,spike
1621,10,scenario3_repeated_spike,RANDOM,150,156.92119291208306,1,0.16706225196803018,0.2536498015744242,0.5,0.5,-0.21035602677122717,,,,,,,spike
1622,10,scenario3_repeated_spike,RANDOM,150,160.22907362087474,0,0.18014317101304672,0.5882290736208747,0.5,0.5,-0.3841861223169607,,,,,,,spike
1623,10,scenario3_repeated_spike,RANDOM,150,163.20616625878728,0,0.18200385391174206,0.5912061662587873,0.5,0.5,-0.3866050100852647,,,,,,,spike
1624,10,scenario3_repeated_spike,RANDOM,150,159.88554963290855,1,0.1681401998665122,0.2545121598932098,0.5,0.5,-0.21132617987986102,,,,,,,spike
1625,10,scenario3_repeated_spike,RANDOM,150,156.8969946696177,1,0.16705345260713372,0.253642762085707,0.5,0.5,-0.21034810734642037,,,,,,,spike
1626,10,scenario3_repeated_spike,RANDOM,150,160.20729520265593,0,0.18012955950165999,0.588207295202656,0.5,0.5,-0.384168427352158,,,,,,,spike
1627,10,scenario3_repeated_spike,RANDOM,150,157.18656568239035,1,0.16715875115723286,0.2537270009257863,0.5,0.5,-0.21044287604150957,,,,,,,spike
1628,10,scenario3_repeated_spike,RANDOM,150,154.46790911415133,1,0.1661701487687823,0.2529361190150259,0.5,0.5,-0.2095531338919041,,,,,,,spike
1629,10,scenario3_repeated_spike,RANDOM,150,158.0211182027362,0,0.17876319887671013,0.5860211182027362,0.5,0.5,-0.38239215853972314,,,,,,,spike
1630,10,scenario3_repeated_spike,RANDOM,150,155.2190063824626,1,0.16644327504816822,0.2531546200385346,0.5,0.5,-0.20979894754335143,,,,,,,spike
1631,10,scenario3_repeated_spike,RANDOM,150,152.69710574421634,1,0.16552622027062414,0.25242097621649934,0.5,0.5,-0.20897359824356174,,,,,,,spike
1632,10,scenario3_repeated_spike,RANDOM,150,150.42739516979472,1,0.16470087097083444,0.25176069677666757,0.5,0.5,-0.208230783873751,,,,,,,spike
1633,10,scenario3_repeated_spike,RANDOM,150,154.38465565281524,0,0.17649040978300956,0.5823846556528153,0.5,0.5,-0.3794375327179124,,,,,,,spike
1634,10,scenario3_repeated_spike,RANDOM,150,151.94619008753372,1,0.16525316003183044,0.2522025280254644,0.5,0.5,-0.2087278440286474,,,,,,,spike
1635,10,scenario3_repeated_spike,RANDOM,150,155.75157107878036,0,0.17734473192423772,0.5837515710787804,0.5,0.5,-0.38054815150150906,,,,,,,spike
1636,10,scenario3_repeated_spike,RANDOM,150,159.17641397090233,0,0.17948525873181398,0.5871764139709024,0.5,0.5,-0.3833308363513582,,,,,,,spike
1637,10,scenario3_repeated_spike,RANDOM,150,162.2587725738121,0,0.18141173285863257,0.5902587725738121,0.5,0.5,-0.3858352527162223,,,,,,,spike
1638,10,scenario3_repeated_spike,RANDOM,150,159.0328953164309,1,0.1678301437514294,0.25426411500114354,0.5,0.5,-0.21104712937628647,,,,,,,spike
1639,10,scenario3_repeated_spike,RANDOM,150,162.12960578478783,0,0.1813310036154924,0.5901296057847878,0.5,0.5,-0.3857303047001401,,,,,,,spike
1640,10,scenario3_repeated_spike,RANDOM,150,158.91664520630906,1,0.1677878709841124,0.2542302967872899,0.5,0.5,-0.21100908388570117,,,,,,,spike
1641,10,scenario3_repeated_spike,RANDOM,150,156.02498068567814,1,0.1667363566129739,0.2533890852903791,0.5,0.5,-0.2100627209516765,,,,,,,spike
1642,10,scenario3_repeated_spike,RANDOM,150,159.42248261711035,0,0.179639051635694,0.5874224826171104,0.5,0.5,-0.3835307671264022,,,,,,,spike
1643,10,scenario3_repeated_spike,RANDOM,150,162.48023435539932,0,0.18155014647212459,0.5904802343553993,0.5,0.5,-0.386015190413762,,,,,,,spike
1644,10,scenario3_repeated_spike,RANDOM,150,159.2322109198594,1,0.16790262215267615,0.2543220977221409,0.5,0.5,-0.21111235993740854,,,,,,,spike
1645,10,scenario3_repeated_spike,RANDOM,150,156.30898982787346,1,0.16683963266468127,0.253471706131745,0.5,0.5,-0.21015566939821315,,,,,,,spike
1646,10,scenario3_repeated_spike,RANDOM,150,153.67809084508613,1,0.16588294212548588,0.25270635370038874,0.5,0.5,-0.2092946479129373,,,,,,,spike
1647,10,scenario3_repeated_spike,RANDOM,150,151.3102817605775,1,0.16502192064020998,0.252017536512168,0.5,0.5,-0.208519728576189,,,,,,,spike
1648,10,scenario3_repeated_spike,RANDOM,150,155.17925358451976,0,0.17698703349032485,0.5831792535845197,0.5,0.5,-0.3800831435374223,,,,,,,spike
1649,10,scenario3_repeated_spike,RANDOM,150,158.66132822606778,0,0.17916333014129238,0.5866613282260678,0.5,0.5,-0.38291232918368007,,,,,,,spike
1650,10,scenario3_repeated_spike,RANDOM,150,155.795195403461,1,0.16665279832853128,0.25332223866282505,0.5,0.5,-0.20998751849567815,,,,,,,spike
1651,10,scenario3_repeated_spike,RANDOM,150,153.2156758631149,1,0.16571479122295088,0.2525718329783607,0.5,0.5,-0.2091433121006558,,,,,,,spike
1652,10,scenario3_repeated_spike,RANDOM,150,156.89410827680342,0,0.17805881767300213,0.5848941082768034,0.5,0.5,-0.3814764629749028,,,,,,,spike
1653,10,scenario3_repeated_spike,RANDOM,150,154.20469744912307,1,0.16607443543604475,0.25285954834883584,0.5,0.5,-0.20946699189244028,,,,,,,spike
1654,10,scenario3_repeated_spike,RANDOM,150,151.78422770421076,1,0.165194264619713,0.25215541169577044,0.5,0.5,-0.20867483815774174,,,,,,,spike
1655,10,scenario3_repeated_spike,RANDOM,150,155.6058049337897,0,0.17725362808361858,0.5836058049337898,0.5,0.5,-0.38042971650870416,,,,,,,spike
1656,10,scenario3_repeated_spike,RANDOM,150,159.04522444041072,0,0.1794032652752567,0.5870452244404107,0.5,0.5,-0.38322424485783374,,,,,,,spike
1657,10,scenario3_repeated_spike,RANDOM,150,156.14070199636964,1,0.16677843708958898,0.2534227496716712,0.5,0.5,-0.21010059338063009,,,,,,,spike
1658,10,scenario3_repeated_spike,RANDOM,150,153.5266317967327,1,0.1658278661079028,0.25266229288632225,0.5,0.5,-0.20924507949711252,,,,,,,spike
1659,10,scenario3_repeated_spike,RANDOM,150,151.17396861705942,1,0.16497235222438528,0.25197788177950825,0.5,0.5,-0.20847511700194676,,,,,,,spike
1660,10,scenario3_repeated_spike,RANDOM,150,149.05657175535347,1,0.16420238972921944,0.2513619117833756,0.5,0.5,-0.20778215075629752,,,,,,,spike
1661,10,scenario3_repeated_spike,RANDOM,150,147.15091457981814,1,0.16350942348357023,0.2508075387868562,0.5,0.5,-0.2071584811352132,,,,,,,spike
1662,10,scenario3_repeated_spike,RANDOM,150,151.43582312183634,0,0.17464738945114772,0.5794358231218364,0.5,0.5,-0.3770416062864921,,,,,,,spike
1663,10,scenario3_repeated_spike,RANDOM,150,149.2922408096527,1,0.16428808756714644,0.25143047005371716,0.5,0.5,-0.2078592788104318,,,,,,,spike
1664,10,scenario3_repeated_spike,RANDOM,150,147.36301672868743,1,0.16358655153770454,0.25086924123016363,0.5,0.5,-0.20722789638393407,,,,,,,spike
1665,10,scenario3_repeated_spike,RANDOM,150,145.6267150558187,1,0.16295516911120678,0.25036413528896545,0.5,0.5,-0.2066596522000861,,,,,,,spike
1666,10,scenario3_repeated_spike,RANDOM,150,144.06404355023682,1,0.16238692492735887,0.24990953994188714,0.5,0.5,-0.206148232434623,,,,,,,spike
1667,10,scenario3_repeated_spike,RANDOM,150,148.65763919521314,0,0.17291102449700824,0.5766576391952132,0.5,0.5,-0.3747843318461107,,,,,,,spike
1668,10,scenario3_repeated_spike,RANDOM,150,146.79187527569184,1,0.16337886373661523,0.2507030909892922,0.5,0.5,-0.20704097736295374,,,,,,,spike
1669,10,scenario3_repeated_spike,RANDOM,150,145.11268774812265,1,0.1627682500902264,0.25021460007218116,0.5,0.5,-0.20649142508120377,,,,,,,spike
1670,10,scenario3_repeated_spike,RANDOM,150,149.6014189733104,0,0.173500886858319,0.5776014189733104,0.5,0.5,-0.3755511529158147,,,,,,,spike
1671,10,scenario3_repeated_spike,RANDOM,150,153.64127707597936,0,0.17602579817248712,0.5816412770759793,0.5,0.5,-0.3788335376242332,,,,,,,spike
1672,10,scenario3_repeated_spike,RANDOM,150,157.27714936838143,0,0.1782982183552384,0.5852771493683815,0.5,0.5,-0.38178768386180995,,,,,,,spike
1673,10,scenario3_repeated_spike,RANDOM,150,160.5494344315433,0,0.18034339651971457,0.5885494344315433,0.5,0.5,-0.3844464154756289,,,,,,,spike
1674,10,scenario3_repeated_spike,RANDOM,150,157.49449098838897,1,0.16727072399577783,0.25381657919662226,0.5,0.5,-0.21054365159620003,,,,,,,spike
1675,10,scenario3_repeated_spike,RANDOM,150,154.7450418895501,1,0.16627092432347276,0.25301673945877823,0.5,0.5,-0.2096438318911255,,,,,,,spike
1676,10,scenario3_repeated_spike,RANDOM,150,152.2705377005951,1,0.16537110461839824,0.2522968836947186,0.5,0.5,-0.2088339941565584,,,,,,,spike
1677,10,scenario3_repeated_spike,RANDOM,150,150.0434839305356,1,0.16456126688383113,0.2516490135070649,0.5,0.5,-0.208105140195448,,,,,,,spike
1678,10,scenario3_repeated_spike,RANDOM,150,148.03913553748203,1,0.16383241292272074,0.2510659303381766,0.5,0.5,-0.20744917163044868,,,,,,,spike
1679,10,scenario3_repeated_spike,RANDOM,150,152.23522198373382,0,0.17514701373983366,0.5802352219837339,0.5,0.5,-0.3776911178617838,,,,,,,spike
1680,10,scenario3_repeated_spike,RANDOM,150,156.01169978536043,0,0.17750731236585027,0.5840116997853604,0.5,0.5,-0.3807595060756053,,,,,,,spike
1681,10,scenario3_repeated_spike,RANDOM,150,159.4105298068244,0,0.17963158112926525,0.5874105298068244,0.5,0.5,-0.3835210554680448,,,,,,,spike
1682,10,scenario3_repeated_spike,RANDOM,150,156.46947682614197,1,0.16689799157314256,0.25351839325851405,0.5,0.5,-0.2102081924158283,,,,,,,spike
1683,10,scenario3_repeated_spike,RANDOM,150,159.8225291435278,0,0.17988908071470489,0.5878225291435278,0.5,0.5,-0.38385580492911636,,,,,,,spike
1684,10,scenario3_repeated_spike,RANDOM,150,162.840276229175,0,0.1817751726432344,0.590840276229175,0.5,0.5,-0.3863077244362047,,,,,,,spike
1685,10,scenario3_repeated_spike,RANDOM,150,165.5562486062575,0,0.18347265537891094,0.5935562486062576,0.5,0.5,-0.3885144519925843,,,,,,,spike
1686,10,scenario3_repeated_spike,RANDOM,150,168.00062374563174,0,0.18500038984101985,0.5960006237456318,0.5,0.5,-0.3905005067933258,,,,,,,spike
1687,10,scenario3_repeated_spike,RANDOM,150,164.20056137106857,1,0.16970929504402496,0.25576743603522,0.5,0.5,-0.2127383655396225,,,,,,,spike
1688,10,scenario3_repeated_spike,RANDOM,150,160.78050523396172,1,0.16846563826689517,0.25477251061351613,0.5,0.5,-0.21161907444020567,,,,,,,spike
1689,10,scenario3_repeated_spike,RANDOM,150,157.70245471056555,1,0.16734634716747837,0.2538770777339827,0.5,0.5,-0.21061171245073054,,,,,,,spike
1690,10,scenario3_repeated_spike,RANDOM,150,154.932209239509,1,0.16633898517800325,0.2530711881424026,0.5,0.5,-0.20970508666020293,,,,,,,spike
1691,10,scenario3_repeated_spike,RANDOM,150,152.4389883155581,1,0.1654323593874757,0.25234588750998055,0.5,0.5,-0.20888912344872812,,,,,,,spike
1692,10,scenario3_repeated_spike,RANDOM,150,156.1950894840023,0,0.17762193092750145,0.5841950894840023,0.5,0.5,-0.3809085102057519,,,,,,,spike
1693,10,scenario3_repeated_spike,RANDOM,150,153.57558053560206,1,0.16584566564930986,0.2526765325194479,0.5,0.5,-0.20926109908437887,,,,,,,spike
1694,10,scenario3_repeated_spike,RANDOM,150,157.21802248204185,0,0.17826126405127618,0.5852180224820419,0.5,0.5,-0.38173964326665905,,,,,,,spike
1695,10,scenario3_repeated_spike,RANDOM,150,154.49622023383768,1,0.1661804437213955,0.2529443549771164,0.5,0.5,-0.20956239934925597,,,,,,,spike
1696,10,scenario3_repeated_spike,RANDOM,150,158.0465982104539,0,0.17877912388153372,0.5860465982104539,0.5,0.5,-0.3824128610459938,,,,,,,spike
1697,10,scenario3_repeated_spike,RANDOM,150,155.24193838940852,1,0.16645161395978492,0.25316129116782793,0.5,0.5,-0.20980645256380642,,,,,,,spike
1698,10,scenario3_repeated_spike,RANDOM,150,152.71774455046767,1,0.16553372529107915,0.25242698023286336,0.5,0.5,-0.20898035276197124,,,,,,,spike
1699,10,scenario3_repeated_spike,RANDOM,150,150.4459700954209,1,0.16470762548924398,0.2517661003913952,0.5,0.5,-0.20823686294031957,,,,,,,spike
1700,10,scenario3_repeated_spike,RANDOM,150,148.40137308587882,1,0.1639641356675923,0.2511713085340739,0.5,0.5,-0.20756772210083307,,,,,,,spike
1701,10,scenario3_repeated_spike,RANDOM,150,146.56123577729093,1,0.1632949948281058,0.25063599586248464,0.5,0.5,-0.20696549534529524,,,,,,,spike
1702,10,scenario3_repeated_spike,RANDOM,150,150.90511219956184,0,0.17431569512472617,0.5789051121995619,0.5,0.5,-0.37661040366214404,,,,,,,spike
1703,10,scenario3_repeated_spike,RANDOM,150,154.81460097960567,0,0.17675912561225357,0.5828146009796057,0.5,0.5,-0.37978686329592964,,,,,,,spike
1704,10,scenario3_repeated_spike,RANDOM,150,152.3331408816451,1,0.16539386941150733,0.2523150955292059,0.5,0.5,-0.2088544824703566,,,,,,,spike
1705,10,scenario3_repeated_spike,RANDOM,150,156.0998267934806,0,0.17756239174592536,0.5840998267934806,0.5,0.5,-0.380831109269703,,,,,,,spike
1706,10,scenario3_repeated_spike,RANDOM,150,159.48984411413252,0,0.17968115257133285,0.5874898441141325,0.5,0.5,-0.3835854983427327,,,,,,,spike
1707,10,scenario3_repeated_spike,RANDOM,150,162.54085970271927,0,0.18158803731419956,0.5905408597027193,0.5,0.5,-0.38606444850845945,,,,,,,spike
1708,10,scenario3_repeated_spike,RANDOM,150,159.28677373244736,1,0.1679224631754354,0.25433797054034835,0.5,0.5,-0.21113021685789188,,,,,,,spike
1709,10,scenario3_repeated_spike,RANDOM,150,156.35809635920262,1,0.1668574895851646,0.2534859916681317,0.5,0.5,-0.21017174062664815,,,,,,,spike
1710,10,scenario3_repeated_spike,RANDOM,150,153.72228672328237,1,0.16589901335392085,0.2527192106831367,0.5,0.5,-0.20930911201852875,,,,,,,spike
1711,10,scenario3_repeated_spike,RANDOM,150,157.35005805095415,0,0.17834378628184636,0.5853500580509542,0.5,0.5,-0.38184692216640026,,,,,,,spike
1712,10,scenario3_repeated_spike,RANDOM,150,154.61505224585875,1,0.16622365536213046,0.25297892428970437,0.5,0.5,-0.20960128982591741,,,,,,,spike
1713,10,scenario3_repeated_spike,RANDOM,150,152.15354702127289,1,0.16532856255319014,0.2522628500425521,0.5,0.5,-0.20879570629787114,,,,,,,spike
1714,10,scenario3_repeated_spike,RANDOM,150,149.9381923191456,1,0.16452297902514385,0.2516183832201151,0.5,0.5,-0.20807068112262947,,,,,,,spike
1715,10,scenario3_repeated_spike,RANDOM,150,147.94437308723104,1,0.1637979538499022,0.2510383630799218,0.5,0.5,-0.207418158464912,,,,,,,spike
1716,10,scenario3_repeated_spike,RANDOM,150,146.14993577850794,1,0.1631454311921847,0.25051634495374775,0.5,0.5,-0.20683088807296623,,,,,,,spike
1717,10,scenario3_repeated_spike,RANDOM,150,144.53494220065716,1,0.162558160800239,0.2500465286401912,0.5,0.5,-0.2063023447202151,,,,,,,spike
1718,10,scenario3_repeated_spike,RANDOM,150,149.08144798059143,0,0.17317590498786967,0.5770814479805915,0.5,0.5,-0.37512867648423054,,,,,,,spike
1719,10,scenario3_repeated_spike,RANDOM,150,147.1733031825323,1,0.1635175647936481,0.2508140518349185,0.5,0.5,-0.2071658083142833,,,,,,,spike
1720,10,scenario3_repeated_spike,RANDOM,150,151.45597286427906,0,0.17465998304017444,0.5794559728642791,0.5,0.5,-0.37705797795222673,,,,,,,spike
1721,10,scenario3_repeated_spike,RANDOM,150,155.31037557785115,0,0.17706898473615698,0.5833103755778511,0.5,0.5,-0.38018968015700405,,,,,,,spike
1722,10,scenario3_repeated_spike,RANDOM,150,158.77933802006604,0,0.17923708626254128,0.5867793380200661,0.5,0.5,-0.3830082121413037,,,,,,,spike
1723,10,scenario3_repeated_spike,RANDOM,150,161.90140421805944,0,0.18118837763628715,0.5899014042180595,0.5,0.5,-0.3855448909271733,,,,,,,spike
1724,10,scenario3_repeated_spike,RANDOM,150,164.7112637962535,0,0.18294453987265846,0.5927112637962535,0.5,0.5,-0.387827901834456,,,,,,,spike
1725,10,scenario3_repeated_spike,RANDOM,150,167.24013741662816,0,0.18452508588539263,0.5952401374166282,0.5,0.5,-0.3898826116510104,,,,,,,spike
1726,10,scenario3_repeated_spike,RANDOM,150,163.51612367496534,1,0.1694604086090783,0.25556832688726266,0.5,0.5,-0.21251436774817048,,,,,,,spike
1727,10,scenario3_repeated_spike,RANDOM,150,166.1645113074688,0,0.18385281956716804,0.5941645113074688,0.5,0.5,-0.38900866543731843,,,,,,,spike
1728,10,scenario3_repeated_spike,RANDOM,150,168.54806017672195,0,0.18534253761045125,0.596548060176722,0.5,0.5,-0.39094529889358665,,,,,,,spike
1729,10,scenario3_repeated_spike,RANDOM,150,164.69325415904976,1,0.16988845605783628,0.25591076484626907,0.5,0.5,-0.2128996104520527,,,,,,,spike
1730,10,scenario3_repeated_spike,RANDOM,150,161.2239287431448,1,0.16862688317932537,0.25490150654346033,0.5,0.5,-0.21176419486139286,,,,,,,spike
1731,10,scenario3_repeated_spike,RANDOM,150,158.10153586883033,1,0.1674914675886656,0.25399317407093247,0.5,0.5,-0.21074232082979905,,,,,,,spike
1732,10,scenario3_repeated_spike,RANDOM,150,161.2913822819473,0,0.18080711392621707,0.5892913822819473,0.5,0.5,-0.3850492481040822,,,,,,,spike
1733,10,scenario3_repeated_spike,RANDOM,150,164.16224405375257,0,0.18260140253359536,0.5921622440537526,0.5,0.5,-0.387381823293674,,,,,,,spike
1734,10,scenario3_repeated_spike,RANDOM,150,166.7460196483773,0,0.18421626228023583,0.5947460196483774,0.5,0.5,-0.3894811409643066,,,,,,,spike
1735,10,scenario3_repeated_spike,RANDOM,150,169.07141768353958,0,0.18566963605221226,0.5970714176835397,0.5,0.5,-0.391370526867876,,,,,,,spike
1736,10,scenario3_repeated_spike,RANDOM,150,171.1642759151856,0,0.18697767244699104,0.5991642759151856,0.5,0.5,-0.39307097418108833,,,,,,,spike
1737,10,scenario3_repeated_spike,RANDOM,150,173.04784832366707,0,0.18815490520229194,0.6010478483236672,0.5,0.5,-0.39460137676297957,,,,,,,spike
1738,10,scenario3_repeated_spike,RANDOM,150,174.74306349130038,0,0.18921441468206276,0.6027430634913005,0.5,0.5,-0.39597873908668163,,,,,,,spike
1739,10,scenario3_repeated_spike,RANDOM,150,170.26875714217033,1,0.17191591168806195,0.2575327293504496,0.5,0.5,-0.21472432051925577,,,,,,,spike
1740,10,scenario3_repeated_spike,RANDOM,150,166.2418814279533,1,0.17045159324652848,0.2563612745972228,0.5,0.5,-0.21340643392187564,,,,,,,spike
1741,10,scenario3_repeated_spike,RANDOM,150,168.61769328515797,0,0.18538605830322374,0.596617693285158,0.5,0.5,-0.3910018757941909,,,,,,,spike
1742,10,scenario3_repeated_spike,RANDOM,150,170.75592395664216,0,0.18672245247290137,0.5987559239566422,0.5,0.5,-0.39273918821477183,,,,,,,spike
1743,10,scenario3_repeated_spike,RANDOM,150,166.68033156097795,1,0.17061102965853742,0.25648882372682996,0.5,0.5,-0.2135499266926837,,,,,,,spike
1744,10,scenario3_repeated_spike,RANDOM,150,169.01229840488017,0,0.18563268650305012,0.5970122984048802,0.5,0.5,-0.39132249245396517,,,,,,,spike
1745,10,scenario3_repeated_spike,RANDOM,150,171.11106856439216,0,0.1869444178527451,0.5991110685643921,0.5,0.5,-0.3930277432085686,,,,,,,spike
1746,10,scenario3_repeated_spike,RANDOM,150,166.99996170795293,1,0.170727258802892,0.2565818070423136,0.5,0.5,-0.21365453292260278,,,,,,,spike
1747,10,scenario3_repeated_spike,RANDOM,150,169.29996553715765,0,0.18581247846072355,0.5972999655371577,0.5,0.5,-0.39155622199894063,,,,,,,spike
1748,10,scenario3_repeated_spike,RANDOM,150,171.36996898344188,0,0.18710623061465118,0.5993699689834419,0.5,0.5,-0.3932380997990465,,,,,,,spike
1749,10,scenario3_repeated_spike,RANDOM,150,167.23297208509769,1,0.17081198984912643,0.25664959187930114,0.5,0.5,-0.2137307908642138,,,,,,,spike
1750,10,scenario3_repeated_spike,RANDOM,150,163.50967487658792,1,0.16945806359148652,0.25556645087318924,0.5,0.5,-0.21251225723233788,,,,,,,spike
1751,10,scenario3_repeated_spike,RANDOM,150,166.15870738892914,0,0.18384919211808073,0.5941587073889292,0.5,0.5,-0.38900394975350494,,,,,,,spike
1752,10,scenario3_repeated_spike,RANDOM,150,168.54283665003624,0,0.18533927290627267,0.5965428366500363,0.5,0.5,-0.39094105477815444,,,,,,,spike
1753,10,scenario3_repeated_spike,RANDOM,150,170.68855298503263,0,0.1866803456156454,0.5986885529850327,0.5,0.5,-0.392684449300339,,,,,,,spike
1754,10,scenario3_repeated_spike,RANDOM,150,166.61969768652938,1,0.17058898097691977,0.25647118478153585,0.5,0.5,-0.2135300828792278,,,,,,,spike
1755,10,scenario3_repeated_spike,RANDOM,150,162.95772791787644,1,0.16925735560650054,0.25540588448520046,0.5,0.5,-0.2123316200458505,,,,,,,spike
1756,10,scenario3_repeated_spike,RANDOM,150,165.6619551260888,0,0.1835387219538055,0.5936619551260888,0.5,0.5,-0.38860033853994713,,,,,,,spike
1757,10,scenario3_repeated_spike,RANDOM,150,168.0957596134799,0,0.18505984975842496,0.5960957596134799,0.5,0.5,-0.39057780468595243,,,,,,,spike
1758,10,scenario3_repeated_spike,RANDOM,150,164.28618365213194,1,0.16974043041895706,0.2557923443351657,0.5,0.5,-0.21276638737706138,,,,,,,spike
1759,10,scenario3_repeated_spike,RANDOM,150,160.85756528691874,1,0.16849366010433406,0.25479492808346726,0.5,0.5,-0.21164429409390068,,,,,,,spike
1760,10,scenario3_repeated_spike,RANDOM,150,157.77180875822688,1,0.1673715668211734,0.25389725345693875,0.5,0.5,-0.2106344101390561,,,,,,,spike
1761,10,scenario3_repeated_spike,RANDOM,150,160.9946278824042,0,0.18062164242650264,0.5889946278824042,0.5,0.5,-0.38480813515445345,,,,,,,spike
1762,10,scenario3_repeated_spike,RANDOM,150,157.8951650941638,1,0.167416423670605,0.253933138936484,0.5,0.5,-0.2106747813035445,,,,,,,spike
1763,10,scenario3_repeated_spike,RANDOM,150,155.1056485847474,1,0.16640205403081723,0.2531216432246538,0.5,0.5,-0.2097618486277355,,,,,,,spike
1764,10,scenario3_repeated_spike,RANDOM,150,152.59508372627266,1,0.16548912135500823,0.2523912970840066,0.5,0.5,-0.2089402092195074,,,,,,,spike
1765,10,scenario3_repeated_spike,RANDOM,150,156.3355753536454,0,0.17770973459602837,0.5843355753536454,0.5,0.5,-0.3810226549748369,,,,,,,spike
1766,10,scenario3_repeated_spike,RANDOM,150,159.70201781828086,0,0.17981376113642555,0.5877020178182809,0.5,0.5,-0.38375788947735323,,,,,,,spike
1767,10,scenario3_repeated_spike,RANDOM,150,156.73181603645278,1,0.16699338764961918,0.25359471011969537,0.5,0.5,-0.21029404888465728,,,,,,,spike
1768,10,scenario3_repeated_spike,RANDOM,150,160.0586344328075,0,0.18003664652050472,0.5880586344328076,0.5,0.5,-0.3840476404766562,,,,,,,spike
1769,10,scenario3_repeated_spike,RANDOM,150,163.05277098952675,0,0.18190798186845425,0.5910527709895268,0.5,0.5,-0.3864803764289905,,,,,,,spike
1770,10,scenario3_repeated_spike,RANDOM,150,165.74749389057408,0,0.18359218368160882,0.5937474938905741,0.5,0.5,-0.38866983878609146,,,,,,,spike
1771,10,scenario3_repeated_spike,RANDOM,150,168.17274450151666,0,0.18510796531344792,0.5961727445015167,0.5,0.5,-0.3906403549074823,,,,,,,spike
1772,10,scenario3_repeated_spike,RANDOM,150,164.355470051365,1,0.16976562547322363,0.25581250037857894,0.5,0.5,-0.21278906292590127,,,,,,,spike
1773,10,scenario3_repeated_spike,RANDOM,150,160.9199230462285,1,0.168516335653174,0.2548130685225392,0.5,0.5,-0.2116647020878566,,,,,,,spike
1774,10,scenario3_repeated_spike,RANDOM,150,157.82793074160566,1,0.16739197481512932,0.2539135798521035,0.5,0.5,-0.21065277733361643,,,,,,,spike
1775,10,scenario3_repeated_spike,RANDOM,150,161.0451376674451,0,0.1806532110421532,0.5890451376674452,0.5,0.5,-0.38484917435479915,,,,,,,spike
1776,10,scenario3_repeated_spike,RANDOM,150,163.9406239007006,0,0.18246288993793788,0.5919406239007006,0.5,0.5,-0.38720175691931924,,,,,,,spike
1777,10,scenario3_repeated_spike,RANDOM,150,160.54656151063054,1,0.16838056782204747,0.254704454257638,0.5,0.5,-0.21154251103984273,,,,,,,spike
1778,10,scenario3_repeated_spike,RANDOM,150,163.49190535956748,0,0.18218244084972968,0.5914919053595675,0.5,0.5,-0.3868371731046486,,,,,,,spike
1779,10,scenario3_repeated_spike,RANDOM,150,166.14271482361073,0,0.1838391967647567,0.5941427148236107,0.5,0.5,-0.3889909557941837,,,,,,,spike
1780,10,scenario3_repeated_spike,RANDOM,150,162.52844334124967,1,0.16910125212409077,0.25528100169927265,0.5,0.5,-0.2121911269116817,,,,,,,spike
1781,10,scenario3_repeated_spike,RANDOM,150,159.2755990071247,1,0.16791839963895444,0.25433471971116356,0.5,0.5,-0.211126559675059,,,,,,,spike
1782,10,scenario3_repeated_spike,RANDOM,150,162.34803910641224,0,0.18146752444150768,0.5903480391064123,0.5,0.5,-0.38590778177396,,,,,,,spike
1783,10,scenario3_repeated_spike,RANDOM,150,159.113235195771,1,0.16785935825300766,0.25428748660240613,0.5,0.5,-0.21107342242770688,,,,,,,spike
1784,10,scenario3_repeated_spike,RANDOM,150,162.2019116761939,0,0.1813761947976212,0.590201911676194,0.5,0.5,-0.3857890532369076,,,,,,,spike
1785,10,scenario3_repeated_spike,RANDOM,150,158.9817205085745,1,0.16781153473039073,0.2542492277843126,0.5,0.5,-0.21103038125735166,,,,,,,spike
1786,10,scenario3_repeated_spike,RANDOM,150,156.08354845771706,1,0.1667576539846244,0.2534061231876995,0.5,0.5,-0.21008188858616195,,,,,,,spike
1787,10,scenario3_repeated_spike,RANDOM,150,159.47519361194534,0,0.17967199600746586,0.5874751936119453,0.5,0.5,-0.3835735948097056,,,,,,,spike
1788,10,scenario3_repeated_spike,RANDOM,150,162.5276742507508,0,0.18157979640671928,0.5905276742507508,0.5,0.5,-0.38605373532873505,,,,,,,spike
1789,10,scenario3_repeated_spike,RANDOM,150,159.27490682567574,1,0.16791814793660936,0.2543345183492875,0.5,0.5,-0.21112633314294843,,,,,,,spike
1790,10,scenario3_repeated_spike,RANDOM,150,162.34741614310818,0,0.18146713508944262,0.5903474161431082,0.5,0.5,-0.38590727561627536,,,,,,,spike
1791,10,scenario3_repeated_spike,RANDOM,150,159.11267452879736,1,0.16785915437410814,0.2542873234992865,0.5,0.5,-0.21107323893669733,,,,,,,spike
1792,10,scenario3_repeated_spike,RANDOM,150,162.20140707591761,0,0.1813758794224485,0.5902014070759176,0.5,0.5,-0.38578864324918305,,,,,,,spike
1793,10,scenario3_repeated_spike,RANDOM,150,158.98126636832586,1,0.16781136958848217,0.25424909567078574,0.5,0.5,-0.21103023262963394,,,,,,,spike
1794,10,scenario3_repeated_spike,RANDOM,150,156.08313973149328,1,0.16675750535690664,0.25340600428552534,0.5,0.5,-0.210081754821216,,,,,,,spike
1795,10,scenario3_repeated_spike,RANDOM,150,153.47482575834394,1,0.16580902754848872,0.252647222038791,0.5,0.5,-0.20922812479363984,,,,,,,spike
1796,10,scenario3_repeated_spike,RANDOM,150,157.12734318250955,0,0.17820458948906848,0.5851273431825096,0.5,0.5,-0.38166596633578903,,,,,,,spike
1797,10,scenario3_repeated_spike,RANDOM,150,154.4146088642586,1,0.1661507668597304,0.25292061348778433,0.5,0.5,-0.20953569017375737,,,,,,,spike
1798,10,scenario3_repeated_spike,RANDOM,150,151.97314797783275,1,0.1652629629010301,0.2522103703208241,0.5,0.5,-0.2087366666109271,,,,,,,spike
1799,10,scenario3_repeated_spike,RANDOM,150,155.7758331800495,0,0.17735989573753094,0.5837758331800496,0.5,0.5,-0.38056786445879026,,,,,,,spike
1800,10,scenario3_repeated_spike,RANDOM,50,135.19824986204455,1,0.1391629999498344,0.15133039995986752,0.5,0.5,-0.14524669995485096,,,,,,,normal
1801,10,scenario3_repeated_spike,RANDOM,50,122.67842487584011,0,0.13667401554740008,0.31867842487584014,0.5,0.5,-0.2276762202116201,,,,,,,normal
1802,10,scenario3_repeated_spike,RANDOM,50,111.4105823882561,0,0.12963161399266007,0.30741058238825614,0.5,0.5,-0.21852109819045812,,,,,,,normal
1803,10,scenario3_repeated_spike,RANDOM,50,101.2695241494305,0,0.12329345259339407,0.29726952414943053,0.5,0.5,-0.2102814883714123,,,,,,,normal
1804,10,scenario3_repeated_spike,RANDOM,50,86.14257173448745,1,0.12132457153981362,0.1370596572318509,0.5,0.5,-0.12919211438583225,,,,,,,normal
1805,10,scenario3_repeated_spike,RANDOM,50,78.5283145610387,0,0.10908019660064919,0.2745283145610387,0.5,0.5,-0.19180425558084396,,,,,,,normal
1806,10,scenario3_repeated_spike,RANDOM,50,65.67548310493483,1,0.11388199385633994,0.13110559508507197,0.5,0.5,-0.12249379447070596,,,,,,,normal
1807,10,scenario3_repeated_spike,RANDOM,50,60.10793479444135,0,0.09756745924652585,0.2561079347944414,0.5,0.5,-0.17683769702048363,,,,,,,normal
1808,10,scenario3_repeated_spike,RANDOM,50,49.09714131499722,1,0.10785350593272627,0.12628280474618103,0.5,0.5,-0.11706815533945365,,,,,,,normal
1809,10,scenario3_repeated_spike,RANDOM,50,45.1874271834975,0,0.08824214198968594,0.2411874271834975,0.5,0.5,-0.16471478458659172,,,,,,,normal
1810,10,scenario3_repeated_spike,RANDOM,50,41.66868446514775,0,0.08604292779071734,0.23766868446514777,0.5,0.5,-0.16185580612793254,,,,,,,normal
1811,10,scenario3_repeated_spike,RANDOM,50,32.50181601863297,1,0.10181884218859381,0.12145507375087505,0.5,0.5,-0.11163695796973444,,,,,,,normal
1812,10,scenario3_repeated_spike,RANDOM,50,30.251634416769676,0,0.07890727151048105,0.22625163441676968,0.5,0.5,-0.15257945296362535,,,,,,,normal
1813,10,scenario3_repeated_spike,RANDOM,50,22.22647097509271,1,0.0980823530818519,0.11846588246548154,0.5,0.5,-0.10827411777366672,,,,,,,normal
1814,10,scenario3_repeated_spike,RANDOM,50,21.00382387758344,0,0.07312738992348965,0.21700382387758343,0.5,0.5,-0.14506560690053655,,,,,,,normal
1815,10,scenario3_repeated_spike,RANDOM,50,19.903441489825095,0,0.07243965093114069,0.2159034414898251,0.5,0.5,-0.1441715462104829,,,,,,,normal
1816,10,scenario3_repeated_spike,RANDOM,50,18.913097340842587,0,0.07182068583802662,0.2149130973408426,0.5,0.5,-0.1433668915894346,,,,,,,normal
1817,10,scenario3_repeated_spike,RANDOM,50,12.021787606758327,1,0.09437155912973029,0.11549724730378425,0.5,0.5,-0.10493440321675726,,,,,,,normal
1818,10,scenario3_repeated_spike,RANDOM,50,5.819608846082495,1,0.09211622139857545,0.11369297711886037,0.5,0.5,-0.10290459925871791,,,,,,,normal
1819,10,scenario3_repeated_spike,RANDOM,50,6.237647961474245,0,0.06389852997592141,0.20223764796147425,0.5,0.5,-0.13306808896869782,,,,,,,normal
1820,10,scenario3_repeated_spike,RANDOM,50,6.613883165326822,0,0.06413367697832927,0.20261388316532683,0.5,0.5,-0.13337378007182804,,,,,,,normal
1821,10,scenario3_repeated_spike,RANDOM,50,0.9524948487941387,1,0.09034636176319787,0.1122770894105583,0.5,0.5,-0.10131172558687809,,,,,,,normal
1822,10,scenario3_repeated_spike,RANDOM,50,1.8572453639147248,0,0.0611607783524467,0.19785724536391475,0.5,0.5,-0.12950901185818073,,,,,,,normal
1823,10,scenario3_repeated_spike,RANDOM,50,2.6715208275232527,0,0.06166970051720203,0.19867152082752326,0.5,0.5,-0.13017061067236266,,,,,,,normal
1824,10,scenario3_repeated_spike,RANDOM,50,3.4043687447709274,0,0.062127730465481826,0.19940436874477094,0.5,0.5,-0.1307660496051264,,,,,,,normal
1825,10,scenario3_repeated_spike,RANDOM,50,0.0,1,0.09,0.11199999999999999,0.5,0.5,-0.10099999999999999,,,,,,,normal
1826,10,scenario3_repeated_spike,RANDOM,50,1.0,0,0.060625,0.197,0.5,0.5,-0.1288125,,,,,,,normal
1827,10,scenario3_repeated_spike,RANDOM,50,1.9000000000000004,0,0.0611875,0.19790000000000002,0.5,0.5,-0.12954375,,,,,,,normal
1828,10,scenario3_repeated_spike,RANDOM,50,0.0,1,0.09,0.11199999999999999,0.5,0.5,-0.10099999999999999,,,,,,,normal
1829,10,scenario3_repeated_spike,RANDOM,50,1.0,0,0.060625,0.197,0.5,0.5,-0.1288125,,,,,,,normal
1830,10,scenario3_repeated_spike,RANDOM,50,1.9000000000000004,0,0.0611875,0.19790000000000002,0.5,0.5,-0.12954375,,,,,,,normal
1831,10,scenario3_repeated_spike,RANDOM,50,0.0,1,0.09,0.11199999999999999,0.5,0.5,-0.10099999999999999,,,,,,,normal
1832,10,scenario3_repeated_spike,RANDOM,50,0.0,1,0.09,0.11199999999999999,0.5,0.5,-0.10099999999999999,,,,,,,normal
1833,10,scenario3_repeated_spike,RANDOM,50,1.0,0,0.060625,0.197,0.5,0.5,-0.1288125,,,,,,,normal
1834,10,scenario3_repeated_spike,RANDOM,50,1.9000000000000004,0,0.0611875,0.19790000000000002,0.5,0.5,-0.12954375,,,,,,,normal
1835,10,scenario3_repeated_spike,RANDOM,50,2.710000000000001,0,0.061693750000000006,0.19871000000000003,0.5,0.5,-0.13020187500000002,,,,,,,normal
1836,10,scenario3_repeated_spike,RANDOM,50,3.439,0,0.062149375,0.199439,0.5,0.5,-0.1307941875,,,,,,,normal
1837,10,scenario3_repeated_spike,RANDOM,50,4.0951,0,0.06255943750000001,0.20009510000000003,0.5,0.5,-0.13132726875,,,,,,,normal
1838,10,scenario3_repeated_spike,RANDOM,50,4.685590000000001,0,0.06292849375000001,0.20068559000000002,0.5,0.5,-0.13180704187500003,,,,,,,normal
1839,10,scenario3_repeated_spike,RANDOM,50,0.0,1,0.09,0.11199999999999999,0.5,0.5,-0.10099999999999999,,,,,,,normal
1840,10,scenario3_repeated_spike,RANDOM,50,1.0,0,0.060625,0.197,0.5,0.5,-0.1288125,,,,,,,normal
1841,10,scenario3_repeated_spike,RANDOM,50,0.0,1,0.09,0.11199999999999999,0.5,0.5,-0.10099999999999999,,,,,,,normal
1842,10,scenario3_repeated_spike,RANDOM,50,0.0,1,0.09,0.11199999999999999,0.5,0.5,-0.10099999999999999,,,,,,,normal
1843,10,scenario3_repeated_spike,RANDOM,50,0.0,1,0.09,0.11199999999999999,0.5,0.5,-0.10099999999999999,,,,,,,normal
1844,10,scenario3_repeated_spike,RANDOM,50,0.0,1,0.09,0.11199999999999999,0.5,0.5,-0.10099999999999999,,,,,,,normal
1845,10,scenario3_repeated_spike,RANDOM,50,1.0,0,0.060625,0.197,0.5,0.5,-0.1288125,,,,,,,normal
1846,10,scenario3_repeated_spike,RANDOM,50,0.0,1,0.09,0.11199999999999999,0.5,0.5,-0.10099999999999999,,,,,,,normal
1847,10,scenario3_repeated_spike,RANDOM,50,0.0,1,0.09,0.11199999999999999,0.5,0.5,-0.10099999999999999,,,,,,,normal
1848,10,scenario3_repeated_spike,RANDOM,50,0.0,1,0.09,0.11199999999999999,0.5,0.5,-0.10099999999999999,,,,,,,normal
1849,10,scenario3_repeated_spike,RANDOM,50,1.0,0,0.060625,0.197,0.5,0.5,-0.1288125,,,,,,,normal
1850,10,scenario3_repeated_spike,RANDOM,50,1.9000000000000004,0,0.0611875,0.19790000000000002,0.5,0.5,-0.12954375,,,,,,,normal
1851,10,scenario3_repeated_spike,RANDOM,50,2.710000000000001,0,0.061693750000000006,0.19871000000000003,0.5,0.5,-0.13020187500000002,,,,,,,normal
1852,10,scenario3_repeated_spike,RANDOM,50,3.439,0,0.062149375,0.199439,0.5,0.5,-0.1307941875,,,,,,,normal
1853,10,scenario3_repeated_spike,RANDOM,50,4.0951,0,0.06255943750000001,0.20009510000000003,0.5,0.5,-0.13132726875,,,,,,,normal
1854,10,scenario3_repeated_spike,RANDOM,50,4.685590000000001,0,0.06292849375000001,0.20068559000000002,0.5,0.5,-0.13180704187500003,,,,,,,normal
1855,10,scenario3_repeated_spike,RANDOM,50,0.0,1,0.09,0.11199999999999999,0.5,0.5,-0.10099999999999999,,,,,,,normal
1856,10,scenario3_repeated_spike,RANDOM,50,0.0,1,0.09,0.11199999999999999,0.5,0.5,-0.10099999999999999,,,,,,,normal
1857,10,scenario3_repeated_spike,RANDOM,50,0.0,1,0.09,0.11199999999999999,0.5,0.5,-0.10099999999999999,,,,,,,normal
1858,10,scenario3_repeated_spike,RANDOM,50,0.0,1,0.09,0.11199999999999999,0.5,0.5,-0.10099999999999999,,,,,,,normal
1859,10,scenario3_repeated_spike,RANDOM,50,1.0,0,0.060625,0.197,0.5,0.5,-0.1288125,,,,,,,normal
1860,10,scenario3_repeated_spike,RANDOM,50,1.9000000000000004,0,0.0611875,0.19790000000000002,0.5,0.5,-0.12954375,,,,,,,normal
1861,10,scenario3_repeated_spike,RANDOM,50,0.0,1,0.09,0.11199999999999999,0.5,0.5,-0.10099999999999999,,,,,,,normal
1862,10,scenario3_repeated_spike,RANDOM,50,1.0,0,0.060625,0.197,0.5,0.5,-0.1288125,,,,,,,normal
1863,10,scenario3_repeated_spike,RANDOM,50,0.0,1,0.09,0.11199999999999999,0.5,0.5,-0.10099999999999999,,,,,,,normal
1864,10,scenario3_repeated_spike,RANDOM,50,1.0,0,0.060625,0.197,0.5,0.5,-0.1288125,,,,,,,normal
1865,10,scenario3_repeated_spike,RANDOM,50,1.9000000000000004,0,0.0611875,0.19790000000000002,0.5,0.5,-0.12954375,,,,,,,normal
1866,10,scenario3_repeated_spike,RANDOM,50,2.710000000000001,0,0.061693750000000006,0.19871000000000003,0.5,0.5,-0.13020187500000002,,,,,,,normal
1867,10,scenario3_repeated_spike,RANDOM,50,0.0,1,0.09,0.11199999999999999,0.5,0.5,-0.10099999999999999,,,,,,,normal
1868,10,scenario3_repeated_spike,RANDOM,50,1.0,0,0.060625,0.197,0.5,0.5,-0.1288125,,,,,,,normal
1869,10,scenario3_repeated_spike,RANDOM,50,1.9000000000000004,0,0.0611875,0.19790000000000002,0.5,0.5,-0.12954375,,,,,,,normal
1870,10,scenario3_repeated_spike,RANDOM,50,0.0,1,0.09,0.11199999999999999,0.5,0.5,-0.10099999999999999,,,,,,,normal
1871,10,scenario3_repeated_spike,RANDOM,50,0.0,1,0.09,0.11199999999999999,0.5,0.5,-0.10099999999999999,,,,,,,normal
1872,10,scenario3_repeated_spike,RANDOM,50,1.0,0,0.060625,0.197,0.5,0.5,-0.1288125,,,,,,,normal
1873,10,scenario3_repeated_spike,RANDOM,50,1.9000000000000004,0,0.0611875,0.19790000000000002,0.5,0.5,-0.12954375,,,,,,,normal
1874,10,scenario3_repeated_spike,RANDOM,50,2.710000000000001,0,0.061693750000000006,0.19871000000000003,0.5,0.5,-0.13020187500000002,,,,,,,normal
1875,10,scenario3_repeated_spike,RANDOM,50,3.439,0,0.062149375,0.199439,0.5,0.5,-0.1307941875,,,,,,,normal
1876,10,scenario3_repeated_spike,RANDOM,50,4.0951,0,0.06255943750000001,0.20009510000000003,0.5,0.5,-0.13132726875,,,,,,,normal
1877,10,scenario3_repeated_spike,RANDOM,50,4.685590000000001,0,0.06292849375000001,0.20068559000000002,0.5,0.5,-0.13180704187500003,,,,,,,normal
1878,10,scenario3_repeated_spike,RANDOM,50,0.0,1,0.09,0.11199999999999999,0.5,0.5,-0.10099999999999999,,,,,,,normal
1879,10,scenario3_repeated_spike,RANDOM,50,0.0,1,0.09,0.11199999999999999,0.5,0.5,-0.10099999999999999,,,,,,,normal
1880,10,scenario3_repeated_spike,RANDOM,50,0.0,1,0.09,0.11199999999999999,0.5,0.5,-0.10099999999999999,,,,,,,normal
1881,10,scenario3_repeated_spike,RANDOM,50,1.0,0,0.060625,0.197,0.5,0.5,-0.1288125,,,,,,,normal
1882,10,scenario3_repeated_spike,RANDOM,50,1.9000000000000004,0,0.0611875,0.19790000000000002,0.5,0.5,-0.12954375,,,,,,,normal
1883,10,scenario3_repeated_spike,RANDOM,50,2.710000000000001,0,0.061693750000000006,0.19871000000000003,0.5,0.5,-0.13020187500000002,,,,,,,normal
1884,10,scenario3_repeated_spike,RANDOM,50,3.439,0,0.062149375,0.199439,0.5,0.5,-0.1307941875,,,,,,,normal
1885,10,scenario3_repeated_spike,RANDOM,50,4.0951,0,0.06255943750000001,0.20009510000000003,0.5,0.5,-0.13132726875,,,,,,,normal
1886,10,scenario3_repeated_spike,RANDOM,50,4.685590000000001,0,0.06292849375000001,0.20068559000000002,0.5,0.5,-0.13180704187500003,,,,,,,normal
1887,10,scenario3_repeated_spike,RANDOM,50,0.0,1,0.09,0.11199999999999999,0.5,0.5,-0.10099999999999999,,,,,,,normal
1888,10,scenario3_repeated_spike,RANDOM,50,0.0,1,0.09,0.11199999999999999,0.5,0.5,-0.10099999999999999,,,,,,,normal
1889,10,scenario3_repeated_spike,RANDOM,50,0.0,1,0.09,0.11199999999999999,0.5,0.5,-0.10099999999999999,,,,,,,normal
1890,10,scenario3_repeated_spike,RANDOM,50,0.0,1,0.09,0.11199999999999999,0.5,0.5,-0.10099999999999999,,,,,,,normal
1891,10,scenario3_repeated_spike,RANDOM,50,0.0,1,0.09,0.11199999999999999,0.5,0.5,-0.10099999999999999,,,,,,,normal
1892,10,scenario3_repeated_spike,RANDOM,50,1.0,0,0.060625,0.197,0.5,0.5,-0.1288125,,,,,,,normal
1893,10,scenario3_repeated_spike,RANDOM,50,1.9000000000000004,0,0.0611875,0.19790000000000002,0.5,0.5,-0.12954375,,,,,,,normal
1894,10,scenario3_repeated_spike,RANDOM,50,2.710000000000001,0,0.061693750000000006,0.19871000000000003,0.5,0.5,-0.13020187500000002,,,,,,,normal
1895,10,scenario3_repeated_spike,RANDOM,50,3.439,0,0.062149375,0.199439,0.5,0.5,-0.1307941875,,,,,,,normal
1896,10,scenario3_repeated_spike,RANDOM,50,0.0,1,0.09,0.11199999999999999,0.5,0.5,-0.10099999999999999,,,,,,,normal
1897,10,scenario3_repeated_spike,RANDOM,50,0.0,1,0.09,0.11199999999999999,0.5,0.5,-0.10099999999999999,,,,,,,normal
1898,10,scenario3_repeated_spike,RANDOM,50,1.0,0,0.060625,0.197,0.5,0.5,-0.1288125,,,,,,,normal
1899,10,scenario3_repeated_spike,RANDOM,50,0.0,1,0.09,0.11199999999999999,0.5,0.5,-0.10099999999999999,,,,,,,normal
1900,10,scenario3_repeated_spike,RANDOM,50,0.0,1,0.09,0.11199999999999999,0.5,0.5,-0.10099999999999999,,,,,,,normal
1901,10,scenario3_repeated_spike,RANDOM,50,0.0,1,0.09,0.11199999999999999,0.5,0.5,-0.10099999999999999,,,,,,,normal
1902,10,scenario3_repeated_spike,RANDOM,50,0.0,1,0.09,0.11199999999999999,0.5,0.5,-0.10099999999999999,,,,,,,normal
1903,10,scenario3_repeated_spike,RANDOM,50,1.0,0,0.060625,0.197,0.5,0.5,-0.1288125,,,,,,,normal
1904,10,scenario3_repeated_spike,RANDOM,50,1.9000000000000004,0,0.0611875,0.19790000000000002,0.5,0.5,-0.12954375,,,,,,,normal
1905,10,scenario3_repeated_spike,RANDOM,50,2.710000000000001,0,0.061693750000000006,0.19871000000000003,0.5,0.5,-0.13020187500000002,,,,,,,normal
1906,10,scenario3_repeated_spike,RANDOM,50,3.439,0,0.062149375,0.199439,0.5,0.5,-0.1307941875,,,,,,,normal
1907,10,scenario3_repeated_spike,RANDOM,50,4.0951,0,0.06255943750000001,0.20009510000000003,0.5,0.5,-0.13132726875,,,,,,,normal
1908,10,scenario3_repeated_spike,RANDOM,50,0.0,1,0.09,0.11199999999999999,0.5,0.5,-0.10099999999999999,,,,,,,normal
1909,10,scenario3_repeated_spike,RANDOM,50,0.0,1,0.09,0.11199999999999999,0.5,0.5,-0.10099999999999999,,,,,,,normal
1910,10,scenario3_repeated_spike,RANDOM,50,0.0,1,0.09,0.11199999999999999,0.5,0.5,-0.10099999999999999,,,,,,,normal
1911,10,scenario3_repeated_spike,RANDOM,50,1.0,0,0.060625,0.197,0.5,0.5,-0.1288125,,,,,,,normal
1912,10,scenario3_repeated_spike,RANDOM,50,1.9000000000000004,0,0.0611875,0.19790000000000002,0.5,0.5,-0.12954375,,,,,,,normal
1913,10,scenario3_repeated_spike,RANDOM,50,0.0,1,0.09,0.11199999999999999,0.5,0.5,-0.10099999999999999,,,,,,,normal
1914,10,scenario3_repeated_spike,RANDOM,50,0.0,1,0.09,0.11199999999999999,0.5,0.5,-0.10099999999999999,,,,,,,normal
1915,10,scenario3_repeated_spike,RANDOM,50,0.0,1,0.09,0.11199999999999999,0.5,0.5,-0.10099999999999999,,,,,,,normal
1916,10,scenario3_repeated_spike,RANDOM,50,0.0,1,0.09,0.11199999999999999,0.5,0.5,-0.10099999999999999,,,,,,,normal
1917,10,scenario3_repeated_spike,RANDOM,50,1.0,0,0.060625,0.197,0.5,0.5,-0.1288125,,,,,,,normal
1918,10,scenario3_repeated_spike,RANDOM,50,1.9000000000000004,0,0.0611875,0.19790000000000002,0.5,0.5,-0.12954375,,,,,,,normal
1919,10,scenario3_repeated_spike,RANDOM,50,2.710000000000001,0,0.061693750000000006,0.19871000000000003,0.5,0.5,-0.13020187500000002,,,,,,,normal
1920,10,scenario3_repeated_spike,RANDOM,50,0.0,1,0.09,0.11199999999999999,0.5,0.5,-0.10099999999999999,,,,,,,normal
1921,10,scenario3_repeated_spike,RANDOM,50,0.0,1,0.09,0.11199999999999999,0.5,0.5,-0.10099999999999999,,,,,,,normal
1922,10,scenario3_repeated_spike,RANDOM,50,0.0,1,0.09,0.11199999999999999,0.5,0.5,-0.10099999999999999,,,,,,,normal
1923,10,scenario3_repeated_spike,RANDOM,50,1.0,0,0.060625,0.197,0.5,0.5,-0.1288125,,,,,,,normal
1924,10,scenario3_repeated_spike,RANDOM,50,0.0,1,0.09,0.11199999999999999,0.5,0.5,-0.10099999999999999,,,,,,,normal
1925,10,scenario3_repeated_spike,RANDOM,50,0.0,1,0.09,0.11199999999999999,0.5,0.5,-0.10099999999999999,,,,,,,normal
1926,10,scenario3_repeated_spike,RANDOM,50,1.0,0,0.060625,0.197,0.5,0.5,-0.1288125,,,,,,,normal
1927,10,scenario3_repeated_spike,RANDOM,50,1.9000000000000004,0,0.0611875,0.19790000000000002,0.5,0.5,-0.12954375,,,,,,,normal
1928,10,scenario3_repeated_spike,RANDOM,50,0.0,1,0.09,0.11199999999999999,0.5,0.5,-0.10099999999999999,,,,,,,normal
1929,10,scenario3_repeated_spike,RANDOM,50,0.0,1,0.09,0.11199999999999999,0.5,0.5,-0.10099999999999999,,,,,,,normal
1930,10,scenario3_repeated_spike,RANDOM,50,1.0,0,0.060625,0.197,0.5,0.5,-0.1288125,,,,,,,normal
1931,10,scenario3_repeated_spike,RANDOM,50,1.9000000000000004,0,0.0611875,0.19790000000000002,0.5,0.5,-0.12954375,,,,,,,normal
1932,10,scenario3_repeated_spike,RANDOM,50,2.710000000000001,0,0.061693750000000006,0.19871000000000003,0.5,0.5,-0.13020187500000002,,,,,,,normal
1933,10,scenario3_repeated_spike,RANDOM,50,3.439,0,0.062149375,0.199439,0.5,0.5,-0.1307941875,,,,,,,normal
1934,10,scenario3_repeated_spike,RANDOM,50,0.0,1,0.09,0.11199999999999999,0.5,0.5,-0.10099999999999999,,,,,,,normal
1935,10,scenario3_repeated_spike,RANDOM,50,1.0,0,0.060625,0.197,0.5,0.5,-0.1288125,,,,,,,normal
1936,10,scenario3_repeated_spike,RANDOM,50,0.0,1,0.09,0.11199999999999999,0.5,0.5,-0.10099999999999999,,,,,,,normal
1937,10,scenario3_repeated_spike,RANDOM,50,1.0,0,0.060625,0.197,0.5,0.5,-0.1288125,,,,,,,normal
1938,10,scenario3_repeated_spike,RANDOM,50,0.0,1,0.09,0.11199999999999999,0.5,0.5,-0.10099999999999999,,,,,,,normal
1939,10,scenario3_repeated_spike,RANDOM,50,1.0,0,0.060625,0.197,0.5,0.5,-0.1288125,,,,,,,normal
1940,10,scenario3_repeated_spike,RANDOM,50,0.0,1,0.09,0.11199999999999999,0.5,0.5,-0.10099999999999999,,,,,,,normal
1941,10,scenario3_repeated_spike,RANDOM,50,0.0,1,0.09,0.11199999999999999,0.5,0.5,-0.10099999999999999,,,,,,,normal
1942,10,scenario3_repeated_spike,RANDOM,50,0.0,1,0.09,0.11199999999999999,0.5,0.5,-0.10099999999999999,,,,,,,normal
1943,10,scenario3_repeated_spike,RANDOM,50,1.0,0,0.060625,0.197,0.5,0.5,-0.1288125,,,,,,,normal
1944,10,scenario3_repeated_spike,RANDOM,50,1.9000000000000004,0,0.0611875,0.19790000000000002,0.5,0.5,-0.12954375,,,,,,,normal
1945,10,scenario3_repeated_spike,RANDOM,50,0.0,1,0.09,0.11199999999999999,0.5,0.5,-0.10099999999999999,,,,,,,normal
1946,10,scenario3_repeated_spike,RANDOM,50,0.0,1,0.09,0.11199999999999999,0.5,0.5,-0.10099999999999999,,,,,,,normal
1947,10,scenario3_repeated_spike,RANDOM,50,0.0,1,0.09,0.11199999999999999,0.5,0.5,-0.10099999999999999,,,,,,,normal
1948,10,scenario3_repeated_spike,RANDOM,50,1.0,0,0.060625,0.197,0.5,0.5,-0.1288125,,,,,,,normal
1949,10,scenario3_repeated_spike,RANDOM,50,0.0,1,0.09,0.11199999999999999,0.5,0.5,-0.10099999999999999,,,,,,,normal
1950,10,scenario3_repeated_spike,RANDOM,50,0.0,1,0.09,0.11199999999999999,0.5,0.5,-0.10099999999999999,,,,,,,normal
1951,10,scenario3_repeated_spike,RANDOM,50,0.0,1,0.09,0.11199999999999999,0.5,0.5,-0.10099999999999999,,,,,,,normal
1952,10,scenario3_repeated_spike,RANDOM,50,0.0,1,0.09,0.11199999999999999,0.5,0.5,-0.10099999999999999,,,,,,,normal
1953,10,scenario3_repeated_spike,RANDOM,50,0.0,1,0.09,0.11199999999999999,0.5,0.5,-0.10099999999999999,,,,,,,normal
1954,10,scenario3_repeated_spike,RANDOM,50,1.0,0,0.060625,0.197,0.5,0.5,-0.1288125,,,,,,,normal
1955,10,scenario3_repeated_spike,RANDOM,50,0.0,1,0.09,0.11199999999999999,0.5,0.5,-0.10099999999999999,,,,,,,normal
1956,10,scenario3_repeated_spike,RANDOM,50,0.0,1,0.09,0.11199999999999999,0.5,0.5,-0.10099999999999999,,,,,,,normal
1957,10,scenario3_repeated_spike,RANDOM,50,1.0,0,0.060625,0.197,0.5,0.5,-0.1288125,,,,,,,normal
1958,10,scenario3_repeated_spike,RANDOM,50,1.9000000000000004,0,0.0611875,0.19790000000000002,0.5,0.5,-0.12954375,,,,,,,normal
1959,10,scenario3_repeated_spike,RANDOM,50,2.710000000000001,0,0.061693750000000006,0.19871000000000003,0.5,0.5,-0.13020187500000002,,,,,,,normal
1960,10,scenario3_repeated_spike,RANDOM,50,3.439,0,0.062149375,0.199439,0.5,0.5,-0.1307941875,,,,,,,normal
1961,10,scenario3_repeated_spike,RANDOM,50,4.0951,0,0.06255943750000001,0.20009510000000003,0.5,0.5,-0.13132726875,,,,,,,normal
1962,10,scenario3_repeated_spike,RANDOM,50,4.685590000000001,0,0.06292849375000001,0.20068559000000002,0.5,0.5,-0.13180704187500003,,,,,,,normal
1963,10,scenario3_repeated_spike,RANDOM,50,5.217031000000002,0,0.063260644375,0.201217031,0.5,0.5,-0.1322388376875,,,,,,,normal
1964,10,scenario3_repeated_spike,RANDOM,50,5.695327900000002,0,0.0635595799375,0.2016953279,0.5,0.5,-0.13262745391875,,,,,,,normal
1965,10,scenario3_repeated_spike,RANDOM,50,6.125795110000002,0,0.06382862194375,0.20212579511,0.5,0.5,-0.132977208526875,,,,,,,normal
1966,10,scenario3_repeated_spike,RANDOM,50,0.5132155990000022,1,0.09018662385418182,0.11214929908334545,0.5,0.5,-0.10116796146876364,,,,,,,normal
1967,10,scenario3_repeated_spike,RANDOM,50,0.0,1,0.09,0.11199999999999999,0.5,0.5,-0.10099999999999999,,,,,,,normal
1968,10,scenario3_repeated_spike,RANDOM,50,0.0,1,0.09,0.11199999999999999,0.5,0.5,-0.10099999999999999,,,,,,,normal
1969,10,scenario3_repeated_spike,RANDOM,50,0.0,1,0.09,0.11199999999999999,0.5,0.5,-0.10099999999999999,,,,,,,normal
1970,10,scenario3_repeated_spike,RANDOM,50,0.0,1,0.09,0.11199999999999999,0.5,0.5,-0.10099999999999999,,,,,,,normal
1971,10,scenario3_repeated_spike,RANDOM,50,0.0,1,0.09,0.11199999999999999,0.5,0.5,-0.10099999999999999,,,,,,,normal
1972,10,scenario3_repeated_spike,RANDOM,50,0.0,1,0.09,0.11199999999999999,0.5,0.5,-0.10099999999999999,,,,,,,normal
1973,10,scenario3_repeated_spike,RANDOM,50,1.0,0,0.060625,0.197,0.5,0.5,-0.1288125,,,,,,,normal
1974,10,scenario3_repeated_spike,RANDOM,50,0.0,1,0.09,0.11199999999999999,0.5,0.5,-0.10099999999999999,,,,,,,normal
1975,10,scenario3_repeated_spike,RANDOM,50,1.0,0,0.060625,0.197,0.5,0.5,-0.1288125,,,,,,,normal
1976,10,scenario3_repeated_spike,RANDOM,50,1.9000000000000004,0,0.0611875,0.19790000000000002,0.5,0.5,-0.12954375,,,,,,,normal
1977,10,scenario3_repeated_spike,RANDOM,50,0.0,1,0.09,0.11199999999999999,0.5,0.5,-0.10099999999999999,,,,,,,normal
1978,10,scenario3_repeated_spike,RANDOM,50,0.0,1,0.09,0.11199999999999999,0.5,0.5,-0.10099999999999999,,,,,,,normal
1979,10,scenario3_repeated_spike,RANDOM,50,0.0,1,0.09,0.11199999999999999,0.5,0.5,-0.10099999999999999,,,,,,,normal
1980,10,scenario3_repeated_spike,RANDOM,50,0.0,1,0.09,0.11199999999999999,0.5,0.5,-0.10099999999999999,,,,,,,normal
1981,10,scenario3_repeated_spike,RANDOM,50,0.0,1,0.09,0.11199999999999999,0.5,0.5,-0.10099999999999999,,,,,,,normal
1982,10,scenario3_repeated_spike,RANDOM,50,1.0,0,0.060625,0.197,0.5,0.5,-0.1288125,,,,,,,normal
1983,10,scenario3_repeated_spike,RANDOM,50,0.0,1,0.09,0.11199999999999999,0.5,0.5,-0.10099999999999999,,,,,,,normal
1984,10,scenario3_repeated_spike,RANDOM,50,1.0,0,0.060625,0.197,0.5,0.5,-0.1288125,,,,,,,normal
1985,10,scenario3_repeated_spike,RANDOM,50,1.9000000000000004,0,0.0611875,0.19790000000000002,0.5,0.5,-0.12954375,,,,,,,normal
1986,10,scenario3_repeated_spike,RANDOM,50,2.710000000000001,0,0.061693750000000006,0.19871000000000003,0.5,0.5,-0.13020187500000002,,,,,,,normal
1987,10,scenario3_repeated_spike,RANDOM,50,0.0,1,0.09,0.11199999999999999,0.5,0.5,-0.10099999999999999,,,,,,,normal
1988,10,scenario3_repeated_spike,RANDOM,50,1.0,0,0.060625,0.197,0.5,0.5,-0.1288125,,,,,,,normal
1989,10,scenario3_repeated_spike,RANDOM,50,0.0,1,0.09,0.11199999999999999,0.5,0.5,-0.10099999999999999,,,,,,,normal
1990,10,scenario3_repeated_spike,RANDOM,50,1.0,0,0.060625,0.197,0.5,0.5,-0.1288125,,,,,,,normal
1991,10,scenario3_repeated_spike,RANDOM,50,1.9000000000000004,0,0.0611875,0.19790000000000002,0.5,0.5,-0.12954375,,,,,,,normal
1992,10,scenario3_repeated_spike,RANDOM,50,2.710000000000001,0,0.061693750000000006,0.19871000000000003,0.5,0.5,-0.13020187500000002,,,,,,,normal
1993,10,scenario3_repeated_spike,RANDOM,50,0.0,1,0.09,0.11199999999999999,0.5,0.5,-0.10099999999999999,,,,,,,normal
1994,10,scenario3_repeated_spike,RANDOM,50,1.0,0,0.060625,0.197,0.5,0.5,-0.1288125,,,,,,,normal
1995,10,scenario3_repeated_spike,RANDOM,50,1.9000000000000004,0,0.0611875,0.19790000000000002,0.5,0.5,-0.12954375,,,,,,,normal
1996,10,scenario3_repeated_spike,RANDOM,50,0.0,1,0.09,0.11199999999999999,0.5,0.5,-0.10099999999999999,,,,,,,normal
1997,10,scenario3_repeated_spike,RANDOM,50,1.0,0,0.060625,0.197,0.5,0.5,-0.1288125,,,,,,,normal
1998,10,scenario3_repeated_spike,RANDOM,50,0.0,1,0.09,0.11199999999999999,0.5,0.5,-0.10099999999999999,,,,,,,normal
1999,10,scenario3_repeated_spike,RANDOM,50,1.0,0,0.060625,0.197,0.5,0.5,-0.1288125,,,,,,,normal
2000,10,scenario3_repeated_spike,RANDOM,50,0.0,1,0.09,0.11199999999999999,0.5,0.5,-0.10099999999999999,,,,,,,normal
2001,10,scenario3_repeated_spike,RANDOM,50,0.0,1,0.09,0.11199999999999999,0.5,0.5,-0.10099999999999999,,,,,,,normal
2002,10,scenario3_repeated_spike,RANDOM,50,1.0,0,0.060625,0.197,0.5,0.5,-0.1288125,,,,,,,normal
2003,10,scenario3_repeated_spike,RANDOM,50,1.9000000000000004,0,0.0611875,0.19790000000000002,0.5,0.5,-0.12954375,,,,,,,normal
2004,10,scenario3_repeated_spike,RANDOM,50,0.0,1,0.09,0.11199999999999999,0.5,0.5,-0.10099999999999999,,,,,,,normal
2005,10,scenario3_repeated_spike,RANDOM,50,0.0,1,0.09,0.11199999999999999,0.5,0.5,-0.10099999999999999,,,,,,,normal
2006,10,scenario3_repeated_spike,RANDOM,50,1.0,0,0.060625,0.197,0.5,0.5,-0.1288125,,,,,,,normal
2007,10,scenario3_repeated_spike,RANDOM,50,0.0,1,0.09,0.11199999999999999,0.5,0.5,-0.10099999999999999,,,,,,,normal
2008,10,scenario3_repeated_spike,RANDOM,50,0.0,1,0.09,0.11199999999999999,0.5,0.5,-0.10099999999999999,,,,,,,normal
2009,10,scenario3_repeated_spike,RANDOM,50,0.0,1,0.09,0.11199999999999999,0.5,0.5,-0.10099999999999999,,,,,,,normal
2010,10,scenario3_repeated_spike,RANDOM,50,1.0,0,0.060625,0.197,0.5,0.5,-0.1288125,,,,,,,normal
2011,10,scenario3_repeated_spike,RANDOM,50,1.9000000000000004,0,0.0611875,0.19790000000000002,0.5,0.5,-0.12954375,,,,,,,normal
2012,10,scenario3_repeated_spike,RANDOM,50,0.0,1,0.09,0.11199999999999999,0.5,0.5,-0.10099999999999999,,,,,,,normal
2013,10,scenario3_repeated_spike,RANDOM,50,0.0,1,0.09,0.11199999999999999,0.5,0.5,-0.10099999999999999,,,,,,,normal
2014,10,scenario3_repeated_spike,RANDOM,50,1.0,0,0.060625,0.197,0.5,0.5,-0.1288125,,,,,,,normal
2015,10,scenario3_repeated_spike,RANDOM,50,0.0,1,0.09,0.11199999999999999,0.5,0.5,-0.10099999999999999,,,,,,,normal
2016,10,scenario3_repeated_spike,RANDOM,50,1.0,0,0.060625,0.197,0.5,0.5,-0.1288125,,,,,,,normal
2017,10,scenario3_repeated_spike,RANDOM,50,0.0,1,0.09,0.11199999999999999,0.5,0.5,-0.10099999999999999,,,,,,,normal
2018,10,scenario3_repeated_spike,RANDOM,50,0.0,1,0.09,0.11199999999999999,0.5,0.5,-0.10099999999999999,,,,,,,normal
2019,10,scenario3_repeated_spike,RANDOM,50,1.0,0,0.060625,0.197,0.5,0.5,-0.1288125,,,,,,,normal
2020,10,scenario3_repeated_spike,RANDOM,50,1.9000000000000004,0,0.0611875,0.19790000000000002,0.5,0.5,-0.12954375,,,,,,,normal
2021,10,scenario3_repeated_spike,RANDOM,50,0.0,1,0.09,0.11199999999999999,0.5,0.5,-0.10099999999999999,,,,,,,normal
2022,10,scenario3_repeated_spike,RANDOM,50,0.0,1,0.09,0.11199999999999999,0.5,0.5,-0.10099999999999999,,,,,,,normal
2023,10,scenario3_repeated_spike,RANDOM,50,0.0,1,0.09,0.11199999999999999,0.5,0.5,-0.10099999999999999,,,,,,,normal
2024,10,scenario3_repeated_spike,RANDOM,50,0.0,1,0.09,0.11199999999999999,0.5,0.5,-0.10099999999999999,,,,,,,normal
2025,10,scenario3_repeated_spike,RANDOM,50,0.0,1,0.09,0.11199999999999999,0.5,0.5,-0.10099999999999999,,,,,,,normal
2026,10,scenario3_repeated_spike,RANDOM,50,0.0,1,0.09,0.11199999999999999,0.5,0.5,-0.10099999999999999,,,,,,,normal
2027,10,scenario3_repeated_spike,RANDOM,50,1.0,0,0.060625,0.197,0.5,0.5,-0.1288125,,,,,,,normal
2028,10,scenario3_repeated_spike,RANDOM,50,0.0,1,0.09,0.11199999999999999,0.5,0.5,-0.10099999999999999,,,,,,,normal
2029,10,scenario3_repeated_spike,RANDOM,50,1.0,0,0.060625,0.197,0.5,0.5,-0.1288125,,,,,,,normal
2030,10,scenario3_repeated_spike,RANDOM,50,1.9000000000000004,0,0.0611875,0.19790000000000002,0.5,0.5,-0.12954375,,,,,,,normal
2031,10,scenario3_repeated_spike,RANDOM,50,2.710000000000001,0,0.061693750000000006,0.19871000000000003,0.5,0.5,-0.13020187500000002,,,,,,,normal
2032,10,scenario3_repeated_spike,RANDOM,50,0.0,1,0.09,0.11199999999999999,0.5,0.5,-0.10099999999999999,,,,,,,normal
2033,10,scenario3_repeated_spike,RANDOM,50,1.0,0,0.060625,0.197,0.5,0.5,-0.1288125,,,,,,,normal
2034,10,scenario3_repeated_spike,RANDOM,50,0.0,1,0.09,0.11199999999999999,0.5,0.5,-0.10099999999999999,,,,,,,normal
2035,10,scenario3_repeated_spike,RANDOM,50,0.0,1,0.09,0.11199999999999999,0.5,0.5,-0.10099999999999999,,,,,,,normal
2036,10,scenario3_repeated_spike,RANDOM,50,1.0,0,0.060625,0.197,0.5,0.5,-0.1288125,,,,,,,normal
2037,10,scenario3_repeated_spike,RANDOM,50,1.9000000000000004,0,0.0611875,0.19790000000000002,0.5,0.5,-0.12954375,,,,,,,normal
2038,10,scenario3_repeated_spike,RANDOM,50,2.710000000000001,0,0.061693750000000006,0.19871000000000003,0.5,0.5,-0.13020187500000002,,,,,,,normal
2039,10,scenario3_repeated_spike,RANDOM,50,3.439,0,0.062149375,0.199439,0.5,0.5,-0.1307941875,,,,,,,normal
2040,10,scenario3_repeated_spike,RANDOM,50,4.0951,0,0.06255943750000001,0.20009510000000003,0.5,0.5,-0.13132726875,,,,,,,normal
2041,10,scenario3_repeated_spike,RANDOM,50,0.0,1,0.09,0.11199999999999999,0.5,0.5,-0.10099999999999999,,,,,,,normal
2042,10,scenario3_repeated_spike,RANDOM,50,1.0,0,0.060625,0.197,0.5,0.5,-0.1288125,,,,,,,normal
2043,10,scenario3_repeated_spike,RANDOM,50,0.0,1,0.09,0.11199999999999999,0.5,0.5,-0.10099999999999999,,,,,,,normal
2044,10,scenario3_repeated_spike,RANDOM,50,1.0,0,0.060625,0.197,0.5,0.5,-0.1288125,,,,,,,normal
2045,10,scenario3_repeated_spike,RANDOM,50,0.0,1,0.09,0.11199999999999999,0.5,0.5,-0.10099999999999999,,,,,,,normal
2046,10,scenario3_repeated_spike,RANDOM,50,1.0,0,0.060625,0.197,0.5,0.5,-0.1288125,,,,,,,normal
2047,10,scenario3_repeated_spike,RANDOM,50,1.9000000000000004,0,0.0611875,0.19790000000000002,0.5,0.5,-0.12954375,,,,,,,normal
2048,10,scenario3_repeated_spike,RANDOM,50,0.0,1,0.09,0.11199999999999999,0.5,0.5,-0.10099999999999999,,,,,,,normal
2049,10,scenario3_repeated_spike,RANDOM,50,0.0,1,0.09,0.11199999999999999,0.5,0.5,-0.10099999999999999,,,,,,,normal
2050,10,scenario3_repeated_spike,RANDOM,50,0.0,1,0.09,0.11199999999999999,0.5,0.5,-0.10099999999999999,,,,,,,normal
2051,10,scenario3_repeated_spike,RANDOM,50,1.0,0,0.060625,0.197,0.5,0.5,-0.1288125,,,,,,,normal
2052,10,scenario3_repeated_spike,RANDOM,50,1.9000000000000004,0,0.0611875,0.19790000000000002,0.5,0.5,-0.12954375,,,,,,,normal
2053,10,scenario3_repeated_spike,RANDOM,50,0.0,1,0.09,0.11199999999999999,0.5,0.5,-0.10099999999999999,,,,,,,normal
2054,10,scenario3_repeated_spike,RANDOM,50,1.0,0,0.060625,0.197,0.5,0.5,-0.1288125,,,,,,,normal
2055,10,scenario3_repeated_spike,RANDOM,50,0.0,1,0.09,0.11199999999999999,0.5,0.5,-0.10099999999999999,,,,,,,normal
2056,10,scenario3_repeated_spike,RANDOM,50,1.0,0,0.060625,0.197,0.5,0.5,-0.1288125,,,,,,,normal
2057,10,scenario3_repeated_spike,RANDOM,50,0.0,1,0.09,0.11199999999999999,0.5,0.5,-0.10099999999999999,,,,,,,normal
2058,10,scenario3_repeated_spike,RANDOM,50,1.0,0,0.060625,0.197,0.5,0.5,-0.1288125,,,,,,,normal
2059,10,scenario3_repeated_spike,RANDOM,50,0.0,1,0.09,0.11199999999999999,0.5,0.5,-0.10099999999999999,,,,,,,normal
2060,10,scenario3_repeated_spike,RANDOM,50,1.0,0,0.060625,0.197,0.5,0.5,-0.1288125,,,,,,,normal
2061,10,scenario3_repeated_spike,RANDOM,50,1.9000000000000004,0,0.0611875,0.19790000000000002,0.5,0.5,-0.12954375,,,,,,,normal
2062,10,scenario3_repeated_spike,RANDOM,50,0.0,1,0.09,0.11199999999999999,0.5,0.5,-0.10099999999999999,,,,,,,normal
2063,10,scenario3_repeated_spike,RANDOM,50,0.0,1,0.09,0.11199999999999999,0.5,0.5,-0.10099999999999999,,,,,,,normal
2064,10,scenario3_repeated_spike,RANDOM,50,1.0,0,0.060625,0.197,0.5,0.5,-0.1288125,,,,,,,normal
2065,10,scenario3_repeated_spike,RANDOM,50,0.0,1,0.09,0.11199999999999999,0.5,0.5,-0.10099999999999999,,,,,,,normal
2066,10,scenario3_repeated_spike,RANDOM,50,0.0,1,0.09,0.11199999999999999,0.5,0.5,-0.10099999999999999,,,,,,,normal
2067,10,scenario3_repeated_spike,RANDOM,50,1.0,0,0.060625,0.197,0.5,0.5,-0.1288125,,,,,,,normal
2068,10,scenario3_repeated_spike,RANDOM,50,1.9000000000000004,0,0.0611875,0.19790000000000002,0.5,0.5,-0.12954375,,,,,,,normal
2069,10,scenario3_repeated_spike,RANDOM,50,0.0,1,0.09,0.11199999999999999,0.5,0.5,-0.10099999999999999,,,,,,,normal
2070,10,scenario3_repeated_spike,RANDOM,50,0.0,1,0.09,0.11199999999999999,0.5,0.5,-0.10099999999999999,,,,,,,normal
2071,10,scenario3_repeated_spike,RANDOM,50,0.0,1,0.09,0.11199999999999999,0.5,0.5,-0.10099999999999999,,,,,,,normal
2072,10,scenario3_repeated_spike,RANDOM,50,0.0,1,0.09,0.11199999999999999,0.5,0.5,-0.10099999999999999,,,,,,,normal
2073,10,scenario3_repeated_spike,RANDOM,50,1.0,0,0.060625,0.197,0.5,0.5,-0.1288125,,,,,,,normal
2074,10,scenario3_repeated_spike,RANDOM,50,1.9000000000000004,0,0.0611875,0.19790000000000002,0.5,0.5,-0.12954375,,,,,,,normal
2075,10,scenario3_repeated_spike,RANDOM,50,0.0,1,0.09,0.11199999999999999,0.5,0.5,-0.10099999999999999,,,,,,,normal
2076,10,scenario3_repeated_spike,RANDOM,50,0.0,1,0.09,0.11199999999999999,0.5,0.5,-0.10099999999999999,,,,,,,normal
2077,10,scenario3_repeated_spike,RANDOM,50,0.0,1,0.09,0.11199999999999999,0.5,0.5,-0.10099999999999999,,,,,,,normal
2078,10,scenario3_repeated_spike,RANDOM,50,0.0,1,0.09,0.11199999999999999,0.5,0.5,-0.10099999999999999,,,,,,,normal
2079,10,scenario3_repeated_spike,RANDOM,50,1.0,0,0.060625,0.197,0.5,0.5,-0.1288125,,,,,,,normal
2080,10,scenario3_repeated_spike,RANDOM,50,0.0,1,0.09,0.11199999999999999,0.5,0.5,-0.10099999999999999,,,,,,,normal
2081,10,scenario3_repeated_spike,RANDOM,50,1.0,0,0.060625,0.197,0.5,0.5,-0.1288125,,,,,,,normal
2082,10,scenario3_repeated_spike,RANDOM,50,0.0,1,0.09,0.11199999999999999,0.5,0.5,-0.10099999999999999,,,,,,,normal
2083,10,scenario3_repeated_spike,RANDOM,50,1.0,0,0.060625,0.197,0.5,0.5,-0.1288125,,,,,,,normal
2084,10,scenario3_repeated_spike,RANDOM,50,1.9000000000000004,0,0.0611875,0.19790000000000002,0.5,0.5,-0.12954375,,,,,,,normal
2085,10,scenario3_repeated_spike,RANDOM,50,2.710000000000001,0,0.061693750000000006,0.19871000000000003,0.5,0.5,-0.13020187500000002,,,,,,,normal
2086,10,scenario3_repeated_spike,RANDOM,50,3.439,0,0.062149375,0.199439,0.5,0.5,-0.1307941875,,,,,,,normal
2087,10,scenario3_repeated_spike,RANDOM,50,0.0,1,0.09,0.11199999999999999,0.5,0.5,-0.10099999999999999,,,,,,,normal
2088,10,scenario3_repeated_spike,RANDOM,50,0.0,1,0.09,0.11199999999999999,0.5,0.5,-0.10099999999999999,,,,,,,normal
2089,10,scenario3_repeated_spike,RANDOM,50,1.0,0,0.060625,0.197,0.5,0.5,-0.1288125,,,,,,,normal
2090,10,scenario3_repeated_spike,RANDOM,50,0.0,1,0.09,0.11199999999999999,0.5,0.5,-0.10099999999999999,,,,,,,normal
2091,10,scenario3_repeated_spike,RANDOM,50,0.0,1,0.09,0.11199999999999999,0.5,0.5,-0.10099999999999999,,,,,,,normal
2092,10,scenario3_repeated_spike,RANDOM,50,1.0,0,0.060625,0.197,0.5,0.5,-0.1288125,,,,,,,normal
2093,10,scenario3_repeated_spike,RANDOM,50,1.9000000000000004,0,0.0611875,0.19790000000000002,0.5,0.5,-0.12954375,,,,,,,normal
2094,10,scenario3_repeated_spike,RANDOM,50,2.710000000000001,0,0.061693750000000006,0.19871000000000003,0.5,0.5,-0.13020187500000002,,,,,,,normal
2095,10,scenario3_repeated_spike,RANDOM,50,3.439,0,0.062149375,0.199439,0.5,0.5,-0.1307941875,,,,,,,normal
2096,10,scenario3_repeated_spike,RANDOM,50,0.0,1,0.09,0.11199999999999999,0.5,0.5,-0.10099999999999999,,,,,,,normal
2097,10,scenario3_repeated_spike,RANDOM,50,0.0,1,0.09,0.11199999999999999,0.5,0.5,-0.10099999999999999,,,,,,,normal
2098,10,scenario3_repeated_spike,RANDOM,50,1.0,0,0.060625,0.197,0.5,0.5,-0.1288125,,,,,,,normal
2099,10,scenario3_repeated_spike,RANDOM,50,1.9000000000000004,0,0.0611875,0.19790000000000002,0.5,0.5,-0.12954375,,,,,,,normal
2100,10,scenario3_repeated_spike,RANDOM,50,2.710000000000001,0,0.061693750000000006,0.19871000000000003,0.5,0.5,-0.13020187500000002,,,,,,,normal
2101,10,scenario3_repeated_spike,RANDOM,50,3.439,0,0.062149375,0.199439,0.5,0.5,-0.1307941875,,,,,,,normal
2102,10,scenario3_repeated_spike,RANDOM,50,4.0951,0,0.06255943750000001,0.20009510000000003,0.5,0.5,-0.13132726875,,,,,,,normal
2103,10,scenario3_repeated_spike,RANDOM,50,4.685590000000001,0,0.06292849375000001,0.20068559000000002,0.5,0.5,-0.13180704187500003,,,,,,,normal
2104,10,scenario3_repeated_spike,RANDOM,50,0.0,1,0.09,0.11199999999999999,0.5,0.5,-0.10099999999999999,,,,,,,normal
2105,10,scenario3_repeated_spike,RANDOM,50,0.0,1,0.09,0.11199999999999999,0.5,0.5,-0.10099999999999999,,,,,,,normal
2106,10,scenario3_repeated_spike,RANDOM,50,1.0,0,0.060625,0.197,0.5,0.5,-0.1288125,,,,,,,normal
2107,10,scenario3_repeated_spike,RANDOM,50,0.0,1,0.09,0.11199999999999999,0.5,0.5,-0.10099999999999999,,,,,,,normal
2108,10,scenario3_repeated_spike,RANDOM,50,0.0,1,0.09,0.11199999999999999,0.5,0.5,-0.10099999999999999,,,,,,,normal
2109,10,scenario3_repeated_spike,RANDOM,50,0.0,1,0.09,0.11199999999999999,0.5,0.5,-0.10099999999999999,,,,,,,normal
2110,10,scenario3_repeated_spike,RANDOM,50,0.0,1,0.09,0.11199999999999999,0.5,0.5,-0.10099999999999999,,,,,,,normal
2111,10,scenario3_repeated_spike,RANDOM,50,1.0,0,0.060625,0.197,0.5,0.5,-0.1288125,,,,,,,normal
2112,10,scenario3_repeated_spike,RANDOM,50,1.9000000000000004,0,0.0611875,0.19790000000000002,0.5,0.5,-0.12954375,,,,,,,normal
2113,10,scenario3_repeated_spike,RANDOM,50,0.0,1,0.09,0.11199999999999999,0.5,0.5,-0.10099999999999999,,,,,,,normal
2114,10,scenario3_repeated_spike,RANDOM,50,0.0,1,0.09,0.11199999999999999,0.5,0.5,-0.10099999999999999,,,,,,,normal
2115,10,scenario3_repeated_spike,RANDOM,50,0.0,1,0.09,0.11199999999999999,0.5,0.5,-0.10099999999999999,,,,,,,normal
2116,10,scenario3_repeated_spike,RANDOM,50,0.0,1,0.09,0.11199999999999999,0.5,0.5,-0.10099999999999999,,,,,,,normal
2117,10,scenario3_repeated_spike,RANDOM,50,1.0,0,0.060625,0.197,0.5,0.5,-0.1288125,,,,,,,normal
2118,10,scenario3_repeated_spike,RANDOM,50,1.9000000000000004,0,0.0611875,0.19790000000000002,0.5,0.5,-0.12954375,,,,,,,normal
2119,10,scenario3_repeated_spike,RANDOM,50,2.710000000000001,0,0.061693750000000006,0.19871000000000003,0.5,0.5,-0.13020187500000002,,,,,,,normal
2120,10,scenario3_repeated_spike,RANDOM,50,0.0,1,0.09,0.11199999999999999,0.5,0.5,-0.10099999999999999,,,,,,,normal
2121,10,scenario3_repeated_spike,RANDOM,50,0.0,1,0.09,0.11199999999999999,0.5,0.5,-0.10099999999999999,,,,,,,normal
2122,10,scenario3_repeated_spike,RANDOM,50,1.0,0,0.060625,0.197,0.5,0.5,-0.1288125,,,,,,,normal
2123,10,scenario3_repeated_spike,RANDOM,50,1.9000000000000004,0,0.0611875,0.19790000000000002,0.5,0.5,-0.12954375,,,,,,,normal
2124,10,scenario3_repeated_spike,RANDOM,50,0.0,1,0.09,0.11199999999999999,0.5,0.5,-0.10099999999999999,,,,,,,normal
2125,10,scenario3_repeated_spike,RANDOM,50,0.0,1,0.09,0.11199999999999999,0.5,0.5,-0.10099999999999999,,,,,,,normal
2126,10,scenario3_repeated_spike,RANDOM,50,1.0,0,0.060625,0.197,0.5,0.5,-0.1288125,,,,,,,normal
2127,10,scenario3_repeated_spike,RANDOM,50,1.9000000000000004,0,0.0611875,0.19790000000000002,0.5,0.5,-0.12954375,,,,,,,normal
2128,10,scenario3_repeated_spike,RANDOM,50,2.710000000000001,0,0.061693750000000006,0.19871000000000003,0.5,0.5,-0.13020187500000002,,,,,,,normal
2129,10,scenario3_repeated_spike,RANDOM,50,3.439,0,0.062149375,0.199439,0.5,0.5,-0.1307941875,,,,,,,normal
2130,10,scenario3_repeated_spike,RANDOM,50,0.0,1,0.09,0.11199999999999999,0.5,0.5,-0.10099999999999999,,,,,,,normal
2131,10,scenario3_repeated_spike,RANDOM,50,1.0,0,0.060625,0.197,0.5,0.5,-0.1288125,,,,,,,normal
2132,10,scenario3_repeated_spike,RANDOM,50,1.9000000000000004,0,0.0611875,0.19790000000000002,0.5,0.5,-0.12954375,,,,,,,normal
2133,10,scenario3_repeated_spike,RANDOM,50,2.710000000000001,0,0.061693750000000006,0.19871000000000003,0.5,0.5,-0.13020187500000002,,,,,,,normal
2134,10,scenario3_repeated_spike,RANDOM,50,0.0,1,0.09,0.11199999999999999,0.5,0.5,-0.10099999999999999,,,,,,,normal
2135,10,scenario3_repeated_spike,RANDOM,50,1.0,0,0.060625,0.197,0.5,0.5,-0.1288125,,,,,,,normal
2136,10,scenario3_repeated_spike,RANDOM,50,0.0,1,0.09,0.11199999999999999,0.5,0.5,-0.10099999999999999,,,,,,,normal
2137,10,scenario3_repeated_spike,RANDOM,50,0.0,1,0.09,0.11199999999999999,0.5,0.5,-0.10099999999999999,,,,,,,normal
2138,10,scenario3_repeated_spike,RANDOM,50,1.0,0,0.060625,0.197,0.5,0.5,-0.1288125,,,,,,,normal
2139,10,scenario3_repeated_spike,RANDOM,50,0.0,1,0.09,0.11199999999999999,0.5,0.5,-0.10099999999999999,,,,,,,normal
2140,10,scenario3_repeated_spike,RANDOM,50,0.0,1,0.09,0.11199999999999999,0.5,0.5,-0.10099999999999999,,,,,,,normal
2141,10,scenario3_repeated_spike,RANDOM,50,1.0,0,0.060625,0.197,0.5,0.5,-0.1288125,,,,,,,normal
2142,10,scenario3_repeated_spike,RANDOM,50,1.9000000000000004,0,0.0611875,0.19790000000000002,0.5,0.5,-0.12954375,,,,,,,normal
2143,10,scenario3_repeated_spike,RANDOM,50,0.0,1,0.09,0.11199999999999999,0.5,0.5,-0.10099999999999999,,,,,,,normal
2144,10,scenario3_repeated_spike,RANDOM,50,1.0,0,0.060625,0.197,0.5,0.5,-0.1288125,,,,,,,normal
2145,10,scenario3_repeated_spike,RANDOM,50,0.0,1,0.09,0.11199999999999999,0.5,0.5,-0.10099999999999999,,,,,,,normal
2146,10,scenario3_repeated_spike,RANDOM,50,0.0,1,0.09,0.11199999999999999,0.5,0.5,-0.10099999999999999,,,,,,,normal
2147,10,scenario3_repeated_spike,RANDOM,50,0.0,1,0.09,0.11199999999999999,0.5,0.5,-0.10099999999999999,,,,,,,normal
2148,10,scenario3_repeated_spike,RANDOM,50,0.0,1,0.09,0.11199999999999999,0.5,0.5,-0.10099999999999999,,,,,,,normal
2149,10,scenario3_repeated_spike,RANDOM,50,1.0,0,0.060625,0.197,0.5,0.5,-0.1288125,,,,,,,normal
2150,10,scenario3_repeated_spike,RANDOM,50,0.0,1,0.09,0.11199999999999999,0.5,0.5,-0.10099999999999999,,,,,,,normal
2151,10,scenario3_repeated_spike,RANDOM,50,1.0,0,0.060625,0.197,0.5,0.5,-0.1288125,,,,,,,normal
2152,10,scenario3_repeated_spike,RANDOM,50,1.9000000000000004,0,0.0611875,0.19790000000000002,0.5,0.5,-0.12954375,,,,,,,normal
2153,10,scenario3_repeated_spike,RANDOM,50,2.710000000000001,0,0.061693750000000006,0.19871000000000003,0.5,0.5,-0.13020187500000002,,,,,,,normal
2154,10,scenario3_repeated_spike,RANDOM,50,3.439,0,0.062149375,0.199439,0.5,0.5,-0.1307941875,,,,,,,normal
2155,10,scenario3_repeated_spike,RANDOM,50,0.0,1,0.09,0.11199999999999999,0.5,0.5,-0.10099999999999999,,,,,,,normal
2156,10,scenario3_repeated_spike,RANDOM,50,1.0,0,0.060625,0.197,0.5,0.5,-0.1288125,,,,,,,normal
2157,10,scenario3_repeated_spike,RANDOM,50,0.0,1,0.09,0.11199999999999999,0.5,0.5,-0.10099999999999999,,,,,,,normal
2158,10,scenario3_repeated_spike,RANDOM,50,1.0,0,0.060625,0.197,0.5,0.5,-0.1288125,,,,,,,normal
2159,10,scenario3_repeated_spike,RANDOM,50,1.9000000000000004,0,0.0611875,0.19790000000000002,0.5,0.5,-0.12954375,,,,,,,normal
2160,10,scenario3_repeated_spike,RANDOM,50,2.710000000000001,0,0.061693750000000006,0.19871000000000003,0.5,0.5,-0.13020187500000002,,,,,,,normal
2161,10,scenario3_repeated_spike,RANDOM,50,0.0,1,0.09,0.11199999999999999,0.5,0.5,-0.10099999999999999,,,,,,,normal
2162,10,scenario3_repeated_spike,RANDOM,50,0.0,1,0.09,0.11199999999999999,0.5,0.5,-0.10099999999999999,,,,,,,normal
2163,10,scenario3_repeated_spike,RANDOM,50,1.0,0,0.060625,0.197,0.5,0.5,-0.1288125,,,,,,,normal
2164,10,scenario3_repeated_spike,RANDOM,50,0.0,1,0.09,0.11199999999999999,0.5,0.5,-0.10099999999999999,,,,,,,normal
2165,10,scenario3_repeated_spike,RANDOM,50,1.0,0,0.060625,0.197,0.5,0.5,-0.1288125,,,,,,,normal
2166,10,scenario3_repeated_spike,RANDOM,50,0.0,1,0.09,0.11199999999999999,0.5,0.5,-0.10099999999999999,,,,,,,normal
2167,10,scenario3_repeated_spike,RANDOM,50,1.0,0,0.060625,0.197,0.5,0.5,-0.1288125,,,,,,,normal
2168,10,scenario3_repeated_spike,RANDOM,50,1.9000000000000004,0,0.0611875,0.19790000000000002,0.5,0.5,-0.12954375,,,,,,,normal
2169,10,scenario3_repeated_spike,RANDOM,50,2.710000000000001,0,0.061693750000000006,0.19871000000000003,0.5,0.5,-0.13020187500000002,,,,,,,normal
2170,10,scenario3_repeated_spike,RANDOM,50,0.0,1,0.09,0.11199999999999999,0.5,0.5,-0.10099999999999999,,,,,,,normal
2171,10,scenario3_repeated_spike,RANDOM,50,0.0,1,0.09,0.11199999999999999,0.5,0.5,-0.10099999999999999,,,,,,,normal
2172,10,scenario3_repeated_spike,RANDOM,50,0.0,1,0.09,0.11199999999999999,0.5,0.5,-0.10099999999999999,,,,,,,normal
2173,10,scenario3_repeated_spike,RANDOM,50,1.0,0,0.060625,0.197,0.5,0.5,-0.1288125,,,,,,,normal
2174,10,scenario3_repeated_spike,RANDOM,50,0.0,1,0.09,0.11199999999999999,0.5,0.5,-0.10099999999999999,,,,,,,normal
2175,10,scenario3_repeated_spike,RANDOM,50,0.0,1,0.09,0.11199999999999999,0.5,0.5,-0.10099999999999999,,,,,,,normal
2176,10,scenario3_repeated_spike,RANDOM,50,1.0,0,0.060625,0.197,0.5,0.5,-0.1288125,,,,,,,normal
2177,10,scenario3_repeated_spike,RANDOM,50,1.9000000000000004,0,0.0611875,0.19790000000000002,0.5,0.5,-0.12954375,,,,,,,normal
2178,10,scenario3_repeated_spike,RANDOM,50,0.0,1,0.09,0.11199999999999999,0.5,0.5,-0.10099999999999999,,,,,,,normal
2179,10,scenario3_repeated_spike,RANDOM,50,1.0,0,0.060625,0.197,0.5,0.5,-0.1288125,,,,,,,normal
2180,10,scenario3_repeated_spike,RANDOM,50,0.0,1,0.09,0.11199999999999999,0.5,0.5,-0.10099999999999999,,,,,,,normal
2181,10,scenario3_repeated_spike,RANDOM,50,0.0,1,0.09,0.11199999999999999,0.5,0.5,-0.10099999999999999,,,,,,,normal
2182,10,scenario3_repeated_spike,RANDOM,50,1.0,0,0.060625,0.197,0.5,0.5,-0.1288125,,,,,,,normal
2183,10,scenario3_repeated_spike,RANDOM,50,1.9000000000000004,0,0.0611875,0.19790000000000002,0.5,0.5,-0.12954375,,,,,,,normal
2184,10,scenario3_repeated_spike,RANDOM,50,2.710000000000001,0,0.061693750000000006,0.19871000000000003,0.5,0.5,-0.13020187500000002,,,,,,,normal
2185,10,scenario3_repeated_spike,RANDOM,50,3.439,0,0.062149375,0.199439,0.5,0.5,-0.1307941875,,,,,,,normal
2186,10,scenario3_repeated_spike,RANDOM,50,0.0,1,0.09,0.11199999999999999,0.5,0.5,-0.10099999999999999,,,,,,,normal
2187,10,scenario3_repeated_spike,RANDOM,50,0.0,1,0.09,0.11199999999999999,0.5,0.5,-0.10099999999999999,,,,,,,normal
2188,10,scenario3_repeated_spike,RANDOM,50,0.0,1,0.09,0.11199999999999999,0.5,0.5,-0.10099999999999999,,,,,,,normal
2189,10,scenario3_repeated_spike,RANDOM,50,1.0,0,0.060625,0.197,0.5,0.5,-0.1288125,,,,,,,normal
2190,10,scenario3_repeated_spike,RANDOM,50,0.0,1,0.09,0.11199999999999999,0.5,0.5,-0.10099999999999999,,,,,,,normal
2191,10,scenario3_repeated_spike,RANDOM,50,1.0,0,0.060625,0.197,0.5,0.5,-0.1288125,,,,,,,normal
2192,10,scenario3_repeated_spike,RANDOM,50,0.0,1,0.09,0.11199999999999999,0.5,0.5,-0.10099999999999999,,,,,,,normal
2193,10,scenario3_repeated_spike,RANDOM,50,1.0,0,0.060625,0.197,0.5,0.5,-0.1288125,,,,,,,normal
2194,10,scenario3_repeated_spike,RANDOM,50,0.0,1,0.09,0.11199999999999999,0.5,0.5,-0.10099999999999999,,,,,,,normal
2195,10,scenario3_repeated_spike,RANDOM,50,0.0,1,0.09,0.11199999999999999,0.5,0.5,-0.10099999999999999,,,,,,,normal
2196,10,scenario3_repeated_spike,RANDOM,50,0.0,1,0.09,0.11199999999999999,0.5,0.5,-0.10099999999999999,,,,,,,normal
2197,10,scenario3_repeated_spike,RANDOM,50,1.0,0,0.060625,0.197,0.5,0.5,-0.1288125,,,,,,,normal
2198,10,scenario3_repeated_spike,RANDOM,50,0.0,1,0.09,0.11199999999999999,0.5,0.5,-0.10099999999999999,,,,,,,normal
2199,10,scenario3_repeated_spike,RANDOM,50,1.0,0,0.060625,0.197,0.5,0.5,-0.1288125,,,,,,,normal
2200,10,scenario3_repeated_spike,RANDOM,150,13.899999999999999,1,0.11505454545454546,0.21204363636363638,0.5,0.5,-0.16354909090909092,,,,,,,spike
2201,10,scenario3_repeated_spike,RANDOM,150,31.509999999999998,0,0.09969375000000001,0.45951000000000003,0.5,0.5,-0.279601875,,,,,,,spike
2202,10,scenario3_repeated_spike,RANDOM,150,47.358999999999995,0,0.109599375,0.475359,0.5,0.5,-0.2924791875,,,,,,,spike
2203,10,scenario3_repeated_spike,RANDOM,150,61.623099999999994,0,0.1185144375,0.4896231,0.5,0.5,-0.30406876875,,,,,,,spike
2204,10,scenario3_repeated_spike,RANDOM,150,68.46079,1,0.13489483272727273,0.2279158661818182,0.5,0.5,-0.18140534945454545,,,,,,,spike
2205,10,scenario3_repeated_spike,RANDOM,150,80.614711,0,0.130384194375,0.508614711,0.5,0.5,-0.3194994526875,,,,,,,spike
2206,10,scenario3_repeated_spike,RANDOM,150,91.55323990000001,0,0.1372207749375,0.5195532399,0.5,0.5,-0.32838700741875004,,,,,,,spike
2207,10,scenario3_repeated_spike,RANDOM,150,95.39791591000001,1,0.14469015124,0.23575212099200002,0.5,0.5,-0.190221136116,,,,,,,spike
2208,10,scenario3_repeated_spike,RANDOM,150,104.85812431900001,0,0.14553632769937502,0.532858124319,0.5,0.5,-0.33919722600918756,,,,,,,spike
2209,10,scenario3_repeated_spike,RANDOM,150,113.37231188710001,0,0.1508576949294375,0.5413723118871,0.5,0.5,-0.34611500340826873,,,,,,,spike
2210,10,scenario3_repeated_spike,RANDOM,150,115.03508069839,1,0.1518309384357782,0.24146475074862256,0.5,0.5,-0.19664784459220036,,,,,,,spike
2211,10,scenario3_repeated_spike,RANDOM,150,116.531572628551,1,0.1523751173194731,0.24190009385557848,0.5,0.5,-0.1971376055875258,,,,,,,spike
2212,10,scenario3_repeated_spike,RANDOM,150,117.8784153656959,1,0.15286487831479853,0.24229190265183884,0.5,0.5,-0.19757839048331868,,,,,,,spike
2213,10,scenario3_repeated_spike,RANDOM,150,125.0905738291263,0,0.15818160864320396,0.5530905738291263,0.5,0.5,-0.35563609123616513,,,,,,,spike
2214,10,scenario3_repeated_spike,RANDOM,150,125.58151644621367,1,0.15566600598044134,0.24453280478435307,0.5,0.5,-0.2000994053823972,,,,,,,spike
2215,10,scenario3_repeated_spike,RANDOM,150,132.02336480159232,0,0.1625146030009952,0.5600233648015923,0.5,0.5,-0.36126898390129375,,,,,,,spike
2216,10,scenario3_repeated_spike,RANDOM,150,137.8210283214331,0,0.1661381427008957,0.5658210283214331,0.5,0.5,-0.3659795855111644,,,,,,,spike
2217,10,scenario3_repeated_spike,RANDOM,150,137.0389254892898,1,0.15983233654155993,0.24786586923324794,0.5,0.5,-0.20384910288740393,,,,,,,spike
2218,10,scenario3_repeated_spike,RANDOM,150,142.3350329403608,0,0.16895939558772552,0.5703350329403608,0.5,0.5,-0.3696472142640432,,,,,,,spike
2219,10,scenario3_repeated_spike,RANDOM,150,141.10152964632474,1,0.1613096471441181,0.2490477177152945,0.5,0.5,-0.2051786824297063,,,,,,,spike
2220,10,scenario3_repeated_spike,RANDOM,150,139.99137668169226,1,0.160905955156979,0.2487247641255832,0.5,0.5,-0.20481535964128111,,,,,,,spike
2221,10,scenario3_repeated_spike,RANDOM,150,138.99223901352303,1,0.16054263236855384,0.2484341058948431,0.5,0.5,-0.2044883691316985,,,,,,,spike
2222,10,scenario3_repeated_spike,RANDOM,150,144.09301511217075,0,0.17005813444510673,0.5720930151121708,0.5,0.5,-0.3710755747786388,,,,,,,spike
2223,10,scenario3_repeated_spike,RANDOM,150,142.68371360095367,1,0.16188498676398314,0.24950798941118651,0.5,0.5,-0.20569648808758484,,,,,,,spike
2224,10,scenario3_repeated_spike,RANDOM,150,141.4153422408583,1,0.16142376081485757,0.2491390086518861,0.5,0.5,-0.20528138473337182,,,,,,,spike
2225,10,scenario3_repeated_spike,RANDOM,150,146.27380801677248,0,0.17142113001048281,0.5742738080167725,0.5,0.5,-0.37284746901362764,,,,,,,spike
2226,10,scenario3_repeated_spike,RANDOM,150,150.64642721509523,0,0.17415401700943453,0.5786464272150953,0.5,0.5,-0.3764002221122649,,,,,,,spike
2227,10,scenario3_repeated_spike,RANDOM,150,154.5817844935857,0,0.17661361530849107,0.5825817844935857,0.5,0.5,-0.37959769990103837,,,,,,,spike
2228,10,scenario3_repeated_spike,RANDOM,150,158.12360604422713,0,0.17882725377764197,0.5861236060442272,0.5,0.5,-0.3824754299109346,,,,,,,spike
2229,10,scenario3_repeated_spike,RANDOM,150,155.31124543980442,1,0.16647681652356525,0.2531814532188522,0.5,0.5,-0.20982913487120874,,,,,,,spike
2230,10,scenario3_repeated_spike,RANDOM,150,158.78012089582398,0,0.17923757555989,0.586780120895824,0.5,0.5,-0.38300884822785697,,,,,,,spike
2231,10,scenario3_repeated_spike,RANDOM,150,155.90210880624159,1,0.1666916759295424,0.2533533407436339,0.5,0.5,-0.21002250833658814,,,,,,,spike
2232,10,scenario3_repeated_spike,RANDOM,150,159.31189792561744,0,0.17956993620351092,0.5873118979256174,0.5,0.5,-0.3834409170645642,,,,,,,spike
2233,10,scenario3_repeated_spike,RANDOM,150,156.3807081330557,1,0.16686571204838388,0.25349256963870714,0.5,0.5,-0.2101791408435455,,,,,,,spike
2234,10,scenario3_repeated_spike,RANDOM,150,159.74263731975012,0,0.17983914832484382,0.5877426373197501,0.5,0.5,-0.38379089282229695,,,,,,,spike
2235,10,scenario3_repeated_spike,RANDOM,150,162.7683735877751,0,0.18173023349235945,0.5907683735877751,0.5,0.5,-0.38624930354006726,,,,,,,spike
2236,10,scenario3_repeated_spike,RANDOM,150,165.4915362289976,0,0.1834322101431235,0.5934915362289976,0.5,0.5,-0.38846187318606057,,,,,,,spike
2237,10,scenario3_repeated_spike,RANDOM,150,161.94238260609785,1,0.1688881391294901,0.2551105113035921,0.5,0.5,-0.21199932521654108,,,,,,,spike
2238,10,scenario3_repeated_spike,RANDOM,150,164.74814434548807,0,0.18296759021593006,0.5927481443454881,0.5,0.5,-0.38785786728070903,,,,,,,spike
2239,10,scenario3_repeated_spike,RANDOM,150,167.27332991093928,0,0.18454583119433707,0.5952733299109393,0.5,0.5,-0.3899095805526382,,,,,,,spike
2240,10,scenario3_repeated_spike,RANDOM,150,163.54599691984535,1,0.1694712716072165,0.2555770172857732,0.5,0.5,-0.21252414444649487,,,,,,,spike
2241,10,scenario3_repeated_spike,RANDOM,150,166.19139722786082,0,0.18386962326741302,0.5941913972278609,0.5,0.5,-0.3890305102476369,,,,,,,spike
2242,10,scenario3_repeated_spike,RANDOM,150,162.57225750507473,1,0.1691171845472999,0.25529374763783996,0.5,0.5,-0.21220546609256993,,,,,,,spike
2243,10,scenario3_repeated_spike,RANDOM,150,165.31503175456726,0,0.18332189484660455,0.5933150317545672,0.5,0.5,-0.3883184633005859,,,,,,,spike
2244,10,scenario3_repeated_spike,RANDOM,150,167.78352857911054,0,0.1848647053619441,0.5957835285791105,0.5,0.5,-0.3903241169705273,,,,,,,spike
2245,10,scenario3_repeated_spike,RANDOM,150,164.0051757211995,1,0.16963824571679983,0.25571059657343986,0.5,0.5,-0.21267442114511986,,,,,,,spike
2246,10,scenario3_repeated_spike,RANDOM,150,160.60465814907954,1,0.16840169387239257,0.25472135509791405,0.5,0.5,-0.2115615244851533,,,,,,,spike
2247,10,scenario3_repeated_spike,RANDOM,150,163.54419233417158,0,0.18221512020885725,0.5915441923341715,0.5,0.5,-0.3868796562715144,,,,,,,spike
2248,10,scenario3_repeated_spike,RANDOM,150,166.18977310075442,0,0.18386860818797154,0.5941897731007545,0.5,0.5,-0.38902919064436303,,,,,,,spike
2249,10,scenario3_repeated_spike,RANDOM,150,168.57079579067897,0,0.18535674736917437,0.596570795790679,0.5,0.5,-0.3909637715799267,,,,,,,spike
2250,10,scenario3_repeated_spike,RANDOM,150,170.71371621161109,0,0.18669607263225696,0.5987137162116112,0.5,0.5,-0.39270489442193407,,,,,,,spike
2251,10,scenario3_repeated_spike,RANDOM,150,172.64234459045,0,0.18790146536903127,0.6006423445904501,0.5,0.5,-0.3942719049797407,,,,,,,spike
2252,10,scenario3_repeated_spike,RANDOM,150,174.378110131405,0,0.18898631883212813,0.602378110131405,0.5,0.5,-0.39568221448176655,,,,,,,spike
2253,10,scenario3_repeated_spike,RANDOM,150,175.9402991182645,0,0.18996268694891533,0.6039402991182645,0.5,0.5,-0.3969514930335899,,,,,,,spike
2254,10,scenario3_repeated_spike,RANDOM,150,171.34626920643805,1,0.17230773425688659,0.2578461874055093,0.5,0.5,-0.21507696083119793,,,,,,,spike
2255,10,scenario3_repeated_spike,RANDOM,150,173.21164228579426,0,0.18825727642862145,0.6012116422857943,0.5,0.5,-0.39473445935720786,,,,,,,spike
2256,10,scenario3_repeated_spike,RANDOM,150,168.89047805721484,1,0.17141471929353266,0.2571317754348261,0.5,0.5,-0.2142732473641794,,,,,,,spike
2257,10,scenario3_repeated_spike,RANDOM,150,165.00143025149336,1,0.17000052009145214,0.2560004160731617,0.5,0.5,-0.21300046808230694,,,,,,,spike
2258,10,scenario3_repeated_spike,RANDOM,150,161.50128722634403,1,0.16872774080957964,0.25498219264766375,0.5,0.5,-0.2118549667286217,,,,,,,spike
2259,10,scenario3_repeated_spike,RANDOM,150,158.35115850370963,1,0.16758223945589443,0.25406579156471554,0.5,0.5,-0.210824015510305,,,,,,,spike
2260,10,scenario3_repeated_spike,RANDOM,150,161.51604265333867,0,0.1809475266583367,0.5895160426533387,0.5,0.5,-0.3852317846558377,,,,,,,spike
2261,10,scenario3_repeated_spike,RANDOM,150,158.3644383880048,1,0.16758706850472901,0.25406965480378324,0.5,0.5,-0.2108283616542561,,,,,,,spike
2262,10,scenario3_repeated_spike,RANDOM,150,155.52799454920432,1,0.16655563438152884,0.2532445075052231,0.5,0.5,-0.20990007094337598,,,,,,,spike
2263,10,scenario3_repeated_spike,RANDOM,150,158.9751950942839,0,0.17935949693392744,0.5869751950942839,0.5,0.5,-0.3831673460141056,,,,,,,spike
2264,10,scenario3_repeated_spike,RANDOM,150,156.0776755848555,1,0.1667555183944929,0.25340441471559433,0.5,0.5,-0.21007996655504363,,,,,,,spike
2265,10,scenario3_repeated_spike,RANDOM,150,153.46990802636998,1,0.16580723928231636,0.2526457914258531,0.5,0.5,-0.2092265153540847,,,,,,,spike
2266,10,scenario3_repeated_spike,RANDOM,150,157.122917223733,0,0.17820182326483314,0.585122917223733,0.5,0.5,-0.38166237024428307,,,,,,,spike
2267,10,scenario3_repeated_spike,RANDOM,150,154.4106255013597,1,0.16614931836413083,0.25291945469130467,0.5,0.5,-0.20953438652771775,,,,,,,spike
2268,10,scenario3_repeated_spike,RANDOM,150,157.96956295122374,0,0.17873097684451486,0.5859695629512238,0.5,0.5,-0.38235026989786935,,,,,,,spike
2269,10,scenario3_repeated_spike,RANDOM,150,161.17260665610138,0,0.1807328791600634,0.5891726066561014,0.5,0.5,-0.3849527429080824,,,,,,,spike
2270,10,scenario3_repeated_spike,RANDOM,150,158.05534599049125,1,0.16747467126926957,0.25397973701541565,0.5,0.5,-0.2107272041423426,,,,,,,spike
2271,10,scenario3_repeated_spike,RANDOM,150,155.24981139144214,1,0.16645447686961531,0.2531635814956923,0.5,0.5,-0.20980902918265382,,,,,,,spike
2272,10,scenario3_repeated_spike,RANDOM,150,158.72483025229792,0,0.1792030189076862,0.5867248302522979,0.5,0.5,-0.38296392457999207,,,,,,,spike
2273,10,scenario3_repeated_spike,RANDOM,150,155.85234722706812,1,0.16667358080984293,0.25333886464787436,0.5,0.5,-0.21000622272885866,,,,,,,spike
2274,10,scenario3_repeated_spike,RANDOM,150,159.2671125043613,0,0.17954194531522583,0.5872671125043614,0.5,0.5,-0.3834045289097936,,,,,,,spike
2275,10,scenario3_repeated_spike,RANDOM,150,162.3404012539252,0,0.18146275078370325,0.5903404012539252,0.5,0.5,-0.3859015760188142,,,,,,,spike
2276,10,scenario3_repeated_spike,RANDOM,150,159.10636112853268,1,0.1678568585921937,0.25428548687375496,0.5,0.5,-0.21107117273297432,,,,,,,spike
2277,10,scenario3_repeated_spike,RANDOM,150,162.19572501567941,0,0.18137232813479964,0.5901957250156794,0.5,0.5,-0.3857840265752395,,,,,,,spike
2278,10,scenario3_repeated_spike,RANDOM,150,164.97615251411148,0,0.1831100953213197,0.5929761525141115,0.5,0.5,-0.3880431239177156,,,,,,,spike
2279,10,scenario3_repeated_spike,RANDOM,150,167.47853726270034,0,0.18467408578918773,0.5954785372627004,0.5,0.5,-0.3900763115259441,,,,,,,spike
2280,10,scenario3_repeated_spike,RANDOM,150,169.73068353643032,0,0.18608167721026897,0.5977306835364303,0.5,0.5,-0.3919061803733497,,,,,,,spike
2281,10,scenario3_repeated_spike,RANDOM,150,165.7576151827873,1,0.17027549643010445,0.25622039714408357,0.5,0.5,-0.21324794678709402,,,,,,,spike
2282,10,scenario3_repeated_spike,RANDOM,150,162.18185366450857,1,0.16897521951436675,0.2551801756114934,0.5,0.5,-0.2120776975629301,,,,,,,spike
2283,10,scenario3_repeated_spike,RANDOM,150,158.9636682980577,1,0.16780497029020283,0.25424397623216227,0.5,0.5,-0.21102447326118257,,,,,,,spike
2284,10,scenario3_repeated_spike,RANDOM,150,156.06730146825194,1,0.16675174598845527,0.25340139679076423,0.5,0.5,-0.21007657138960975,,,,,,,spike
2285,10,scenario3_repeated_spike,RANDOM,150,153.46057132142676,1,0.16580384411688248,0.252643075293506,0.5,0.5,-0.20922345970519424,,,,,,,spike
2286,10,scenario3_repeated_spike,RANDOM,150,151.11451418928408,1,0.16495073243246694,0.2519605859459736,0.5,0.5,-0.20845565918922027,,,,,,,spike
2287,10,scenario3_repeated_spike,RANDOM,150,149.00306277035568,1,0.16418293191649297,0.2513463455331944,0.5,0.5,-0.2077646387248437,,,,,,,spike
2288,10,scenario3_repeated_spike,RANDOM,150,147.10275649332013,1,0.16349191145211642,0.2507935291616932,0.5,0.5,-0.20714272030690478,,,,,,,spike
2289,10,scenario3_repeated_spike,RANDOM,150,151.39248084398812,0,0.17462030052749258,0.5793924808439881,0.5,0.5,-0.3770063906857403,,,,,,,spike
2290,10,scenario3_repeated_spike,RANDOM,150,149.2532327595893,1,0.16427390282166884,0.2514191222573351,0.5,0.5,-0.20784651253950198,,,,,,,spike
2291,10,scenario3_repeated_spike,RANDOM,150,147.32790948363038,1,0.16357378526677468,0.25085902821341977,0.5,0.5,-0.20721640674009723,,,,,,,spike
2292,10,scenario3_repeated_spike,RANDOM,150,145.59511853526735,1,0.16294367946736996,0.250354943573896,0.5,0.5,-0.20664931152063298,,,,,,,spike
2293,10,scenario3_repeated_spike,RANDOM,150,144.0356066817406,1,0.16237658424790566,0.24990126739832452,0.5,0.5,-0.2061389258231151,,,,,,,spike
2294,10,scenario3_repeated_spike,RANDOM,150,148.63204601356654,0,0.1728950287584791,0.5766320460135665,0.5,0.5,-0.3747635373860228,,,,,,,spike
2295,10,scenario3_repeated_spike,RANDOM,150,146.7688414122099,1,0.16337048778625815,0.2506963902290065,0.5,0.5,-0.20703343900763232,,,,,,,spike
2296,10,scenario3_repeated_spike,RANDOM,150,151.0919572709889,0,0.17443247329436806,0.5790919572709889,0.5,0.5,-0.3767622152826785,,,,,,,spike
2297,10,scenario3_repeated_spike,RANDOM,150,154.98276154389,0,0.17686422596493126,0.5829827615438901,0.5,0.5,-0.37992349375441065,,,,,,,spike
2298,10,scenario3_repeated_spike,RANDOM,150,158.484485389501,0,0.17905280336843815,0.586484485389501,0.5,0.5,-0.3827686443789696,,,,,,,spike
2299,10,scenario3_repeated_spike,RANDOM,150,155.6360368505509,1,0.1665949224911094,0.25327593799288756,0.5,0.5,-0.20993543024199848,,,,,,,spike
2300,10,scenario3_repeated_spike,RANDOM,150,159.07243316549582,0,0.17942027072843492,0.5870724331654958,0.5,0.5,-0.3832463519469654,,,,,,,spike
2301,10,scenario3_repeated_spike,RANDOM,150,156.16518984894626,1,0.1667873417632532,0.2534298734106026,0.5,0.5,-0.2101086075869279,,,,,,,spike
2302,10,scenario3_repeated_spike,RANDOM,150,159.54867086405164,0,0.1797179192900323,0.5875486708640517,0.5,0.5,-0.383633295077042,,,,,,,spike
2303,10,scenario3_repeated_spike,RANDOM,150,162.59380377764649,0,0.1816211273610291,0.5905938037776466,0.5,0.5,-0.38610746556933784,,,,,,,spike
2304,10,scenario3_repeated_spike,RANDOM,150,159.33442339988184,1,0.16793979032722978,0.2543518322617838,0.5,0.5,-0.2111458112945068,,,,,,,spike
2305,10,scenario3_repeated_spike,RANDOM,150,156.40098105989367,1,0.16687308402177953,0.25349846721742364,0.5,0.5,-0.21018577561960158,,,,,,,spike
2306,10,scenario3_repeated_spike,RANDOM,150,153.76088295390431,1,0.1659130483468743,0.25273043867749945,0.5,0.5,-0.20932174351218685,,,,,,,spike
2307,10,scenario3_repeated_spike,RANDOM,150,151.3847946585139,1,0.1650490162394596,0.25203921299156773,0.5,0.5,-0.20854411461551367,,,,,,,spike
2308,10,scenario3_repeated_spike,RANDOM,150,155.2463151926625,0,0.17702894699541408,0.5832463151926626,0.5,0.5,-0.3801376310940383,,,,,,,spike
2309,10,scenario3_repeated_spike,RANDOM,150,158.72168367339626,0,0.1792010522958727,0.5867216836733963,0.5,0.5,-0.3829613679846345,,,,,,,spike
2310,10,scenario3_repeated_spike,RANDOM,150,161.84951530605665,0,0.18115594706628543,0.5898495153060567,0.5,0.5,-0.38550273118617107,,,,,,,spike
2311,10,scenario3_repeated_spike,RANDOM,150,158.66456377545097,1,0.16769620500925492,0.25415696400740395,0.5,0.5,-0.21092658450832943,,,,,,,spike
2312,10,scenario3_repeated_spike,RANDOM,150,161.79810739790588,0,0.1811238171236912,0.589798107397906,0.5,0.5,-0.38546096226079857,,,,,,,spike
2313,10,scenario3_repeated_spike,RANDOM,150,164.6182966581153,0,0.18288643541132207,0.5926182966581153,0.5,0.5,-0.3877523660347187,,,,,,,spike
2314,10,scenario3_repeated_spike,RANDOM,150,161.15646699230376,1,0.168602351633565,0.254881881306852,0.5,0.5,-0.21174211647020852,,,,,,,spike
2315,10,scenario3_repeated_spike,RANDOM,150,164.04082029307338,0,0.18252551268317088,0.5920408202930734,0.5,0.5,-0.3872831664881221,,,,,,,spike
2316,10,scenario3_repeated_spike,RANDOM,150,166.63673826376603,0,0.1841479614148538,0.5946367382637661,0.5,0.5,-0.3893923498393099,,,,,,,spike
2317,10,scenario3_repeated_spike,RANDOM,150,168.97306443738944,0,0.18560816527336843,0.5969730644373895,0.5,0.5,-0.39129061485537897,,,,,,,spike
2318,10,scenario3_repeated_spike,RANDOM,150,171.0757579936505,0,0.18692234874603159,0.5990757579936505,0.5,0.5,-0.3929990533698411,,,,,,,spike
2319,10,scenario3_repeated_spike,RANDOM,150,172.96818219428548,0,0.18810511387142845,0.6009681821942856,0.5,0.5,-0.39453664803285704,,,,,,,spike
2320,10,scenario3_repeated_spike,RANDOM,150,174.67136397485694,0,0.1891696024842856,0.602671363974857,0.5,0.5,-0.3959204832295713,,,,,,,spike
2321,10,scenario3_repeated_spike,RANDOM,150,176.20422757737126,0,0.19012764223585704,0.6042042275773714,0.5,0.5,-0.3971659349066142,,,,,,,spike
2322,10,scenario3_repeated_spike,RANDOM,150,171.58380481963414,1,0.17239411084350334,0.2579152886748027,0.5,0.5,-0.21515469975915302,,,,,,,spike
2323,10,scenario3_repeated_spike,RANDOM,150,173.42542433767073,0,0.18839089021104422,0.6014254243376708,0.5,0.5,-0.39490815727435746,,,,,,,spike
2324,10,scenario3_repeated_spike,RANDOM,150,169.08288190390365,1,0.17148468432869224,0.2571877474629538,0.5,0.5,-0.21433621589582302,,,,,,,spike
2325,10,scenario3_repeated_spike,RANDOM,150,165.1745937135133,1,0.17006348862309575,0.2560507908984766,0.5,0.5,-0.21305713976078616,,,,,,,spike
2326,10,scenario3_repeated_spike,RANDOM,150,161.65713434216198,1,0.16878441248805892,0.25502752999044714,0.5,0.5,-0.21190597123925303,,,,,,,spike
2327,10,scenario3_repeated_spike,RANDOM,150,158.49142090794578,1,0.16763324396652576,0.25410659517322065,0.5,0.5,-0.21086991956987322,,,,,,,spike
2328,10,scenario3_repeated_spike,RANDOM,150,155.6422788171512,1,0.1665971922971459,0.2532777538377167,0.5,0.5,-0.20993747306743132,,,,,,,spike
2329,10,scenario3_repeated_spike,RANDOM,150,153.0780509354361,1,0.16566474579470403,0.25253179663576325,0.5,0.5,-0.20909827121523364,,,,,,,spike
2330,10,scenario3_repeated_spike,RANDOM,150,150.7702458418925,1,0.16482554394250634,0.2518604351540051,0.5,0.5,-0.2083429895482557,,,,,,,spike
2331,10,scenario3_repeated_spike,RANDOM,150,154.69322125770324,0,0.17668326328606454,0.5826932212577033,0.5,0.5,-0.3796882422718839,,,,,,,spike
2332,10,scenario3_repeated_spike,RANDOM,150,158.2238991319329,0,0.17888993695745808,0.586223899131933,0.5,0.5,-0.3825569180446955,,,,,,,spike
2333,10,scenario3_repeated_spike,RANDOM,150,161.40150921873962,0,0.18087594326171227,0.5894015092187397,0.5,0.5,-0.385138726240226,,,,,,,spike
2334,10,scenario3_repeated_spike,RANDOM,150,164.26135829686567,0,0.18266334893554104,0.5922613582968657,0.5,0.5,-0.38746235361620335,,,,,,,spike
2335,10,scenario3_repeated_spike,RANDOM,150,160.8352224671791,1,0.16848553544261058,0.2547884283540885,0.5,0.5,-0.21163698189834954,,,,,,,spike
2336,10,scenario3_repeated_spike,RANDOM,150,163.7517002204612,0,0.18234481263778826,0.5917517002204612,0.5,0.5,-0.3870482564291247,,,,,,,spike
2337,10,scenario3_repeated_spike,RANDOM,150,166.37653019841508,0,0.18398533137400944,0.5943765301984151,0.5,0.5,-0.38918093078621224,,,,,,,spike
2338,10,scenario3_repeated_spike,RANDOM,150,162.73887717857357,1,0.16917777351948132,0.25534221881558505,0.5,0.5,-0.2122599961675332,,,,,,,spike
2339,10,scenario3_repeated_spike,RANDOM,150,165.46498946071623,0,0.18341561841294765,0.5934649894607162,0.5,0.5,-0.38844030393683193,,,,,,,spike
2340,10,scenario3_repeated_spike,RANDOM,150,167.91849051464462,0,0.1849490565716529,0.5959184905146446,0.5,0.5,-0.3904337735431488,,,,,,,spike
2341,10,scenario3_repeated_spike,RANDOM,150,170.12664146318016,0,0.18632915091448762,0.5981266414631802,0.5,0.5,-0.3922278961888339,,,,,,,spike
2342,10,scenario3_repeated_spike,RANDOM,150,172.11397731686216,0,0.18757123582303886,0.6001139773168622,0.5,0.5,-0.3938426065699505,,,,,,,spike
2343,10,scenario3_repeated_spike,RANDOM,150,173.90257958517594,0,0.18868911224073498,0.601902579585176,0.5,0.5,-0.3952958459129555,,,,,,,spike
2344,10,scenario3_repeated_spike,RANDOM,150,169.51232162665835,1,0.17164084422787576,0.2573126753823006,0.5,0.5,-0.21447675980508818,,,,,,,spike
2345,10,scenario3_repeated_spike,RANDOM,150,171.56108946399252,0,0.18722568091499533,0.5995610894639926,0.5,0.5,-0.39339338518949396,,,,,,,spike
2346,10,scenario3_repeated_spike,RANDOM,150,173.40498051759326,0,0.1883781128234958,0.6014049805175934,0.5,0.5,-0.3948915466705446,,,,,,,spike
2347,10,scenario3_repeated_spike,RANDOM,150,169.06448246583395,1,0.17147799362393962,0.25718239489915173,0.5,0.5,-0.21433019426154568,,,,,,,spike
2348,10,scenario3_repeated_spike,RANDOM,150,165.15803421925057,1,0.1700574669888184,0.25604597359105474,0.5,0.5,-0.21305172028993657,,,,,,,spike
2349,10,scenario3_repeated_spike,RANDOM,150,161.6422307973255,1,0.16877899301720928,0.2550231944137674,0.5,0.5,-0.21190109371548835,,,,,,,spike
2350,10,scenario3_repeated_spike,RANDOM,150,158.47800771759296,1,0.16762836644276108,0.25410269315420886,0.5,0.5,-0.21086552979848497,,,,,,,spike
2351,10,scenario3_repeated_spike,RANDOM,150,155.63020694583366,1,0.1665928025257577,0.25327424202060617,0.5,0.5,-0.20993352227318193,,,,,,,spike
2352,10,scenario3_repeated_spike,RANDOM,150,153.0671862512503,1,0.16566079500045466,0.25252863600036374,0.5,0.5,-0.2090947155004092,,,,,,,spike
2353,10,scenario3_repeated_spike,RANDOM,150,150.76046762612526,1,0.1648219882276819,0.2518575905821455,0.5,0.5,-0.2083397894049137,,,,,,,spike
2354,10,scenario3_repeated_spike,RANDOM,150,148.68442086351274,1,0.16406706213218644,0.25125364970574915,0.5,0.5,-0.2076603559189678,,,,,,,spike
2355,10,scenario3_repeated_spike,RANDOM,150,152.81597877716146,0,0.17550998673572593,0.5808159787771615,0.5,0.5,-0.3781629827564437,,,,,,,spike
2356,10,scenario3_repeated_spike,RANDOM,150,156.53438089944532,0,0.17783398806215334,0.5845343808994453,0.5,0.5,-0.3811841844807993,,,,,,,spike
2357,10,scenario3_repeated_spike,RANDOM,150,159.8809428095008,0,0.17992558925593802,0.5878809428095009,0.5,0.5,-0.38390326603271946,,,,,,,spike
2358,10,scenario3_repeated_spike,RANDOM,150,156.89284852855073,1,0.167051944919473,0.2536415559355784,0.5,0.5,-0.2103467504275257,,,,,,,spike
2359,10,scenario3_repeated_spike,RANDOM,150,154.20356367569565,1,0.1660740231547984,0.25285921852383875,0.5,0.5,-0.20946662083931858,,,,,,,spike
2360,10,scenario3_repeated_spike,RANDOM,150,151.7832073081261,1,0.16519389356659134,0.2521551148532731,0.5,0.5,-0.20867450420993222,,,,,,,spike
2361,10,scenario3_repeated_spike,RANDOM,150,155.6048865773135,0,0.17725305411082093,0.5836048865773135,0.5,0.5,-0.3804289703440672,,,,,,,spike
2362,10,scenario3_repeated_spike,RANDOM,150,159.04439791958214,0,0.17940274869973885,0.5870443979195822,0.5,0.5,-0.3832235733096605,,,,,,,spike
2363,10,scenario3_repeated_spike,RANDOM,150,156.13995812762394,1,0.16677816659186326,0.2534225332734906,0.5,0.5,-0.21010034993267696,,,,,,,spike
2364,10,scenario3_repeated_spike,RANDOM,150,159.52596231486154,0,0.17970372644678848,0.5875259623148615,0.5,0.5,-0.383614844380825,,,,,,,spike
2365,10,scenario3_repeated_spike,RANDOM,150,162.5733660833754,0,0.18160835380210963,0.5905733660833754,0.5,0.5,-0.3860908599427425,,,,,,,spike
2366,10,scenario3_repeated_spike,RANDOM,150,165.31602947503785,0,0.18332251842189867,0.5933160294750379,0.5,0.5,-0.3883192739484683,,,,,,,spike
2367,10,scenario3_repeated_spike,RANDOM,150,161.78442652753407,1,0.16883070055546692,0.25506456044437353,0.5,0.5,-0.21194763049992021,,,,,,,spike
2368,10,scenario3_repeated_spike,RANDOM,150,164.60598387478066,0,0.18287873992173792,0.5926059838747807,0.5,0.5,-0.3877423618982593,,,,,,,spike
2369,10,scenario3_repeated_spike,RANDOM,150,167.1453854873026,0,0.18446586592956415,0.5951453854873027,0.5,0.5,-0.3898056257084334,,,,,,,spike
2370,10,scenario3_repeated_spike,RANDOM,150,163.43084693857236,1,0.1694293988867536,0.2555435191094029,0.5,0.5,-0.21248645899807822,,,,,,,spike
2371,10,scenario3_repeated_spike,RANDOM,150,166.08776224471512,0,0.18380485140294697,0.5940877622447152,0.5,0.5,-0.3889463068238311,,,,,,,spike
2372,10,scenario3_repeated_spike,RANDOM,150,168.4789860202436,0,0.18529936626265228,0.5964789860202436,0.5,0.5,-0.39088917614144797,,,,,,,spike
2373,10,scenario3_repeated_spike,RANDOM,150,170.63108741821927,0,0.18664442963638705,0.5986310874182192,0.5,0.5,-0.39263775852730315,,,,,,,spike
2374,10,scenario3_repeated_spike,RANDOM,150,166.56797867639733,1,0.1705701740641445,0.2564561392513156,0.5,0.5,-0.21351315665773005,,,,,,,spike
2375,10,scenario3_repeated_spike,RANDOM,150,168.9111808087576,0,0.18556948800547352,0.5969111808087576,0.5,0.5,-0.3912403344071156,,,,,,,spike
2376,10,scenario3_repeated_spike,RANDOM,150,165.02006272788185,1,0.1700072955374116,0.2560058364299293,0.5,0.5,-0.21300656598367046,,,,,,,spike
2377,10,scenario3_repeated_spike,RANDOM,150,167.51805645509367,0,0.18469878528443356,0.5955180564550937,0.5,0.5,-0.3901084208697636,,,,,,,spike
2378,10,scenario3_repeated_spike,RANDOM,150,163.7662508095843,1,0.16955136393075795,0.25564109114460637,0.5,0.5,-0.21259622753768215,,,,,,,spike
2379,10,scenario3_repeated_spike,RANDOM,150,160.38962572862587,1,0.16832350026495488,0.2546588002119639,0.5,0.5,-0.21149115023845938,,,,,,,spike
2380,10,scenario3_repeated_spike,RANDOM,150,163.3506631557633,0,0.18209416447235208,0.5913506631557633,0.5,0.5,-0.3867224138140577,,,,,,,spike
2381,10,scenario3_repeated_spike,RANDOM,150,166.015596840187,0,0.18375974802511688,0.594015596840187,0.5,0.5,-0.38888767243265193,,,,,,,spike
2382,10,scenario3_repeated_spike,RANDOM,150,168.4140371561683,0,0.1852587732226052,0.5964140371561684,0.5,0.5,-0.3908364051893868,,,,,,,spike
2383,10,scenario3_repeated_spike,RANDOM,150,170.57263344055147,0,0.18660789590034468,0.5985726334405514,0.5,0.5,-0.39259026467044805,,,,,,,spike
2384,10,scenario3_repeated_spike,RANDOM,150,166.51537009649633,1,0.1705510436714532,0.2564408349371626,0.5,0.5,-0.21349593930430788,,,,,,,spike
2385,10,scenario3_repeated_spike,RANDOM,150,162.8638330868467,1,0.16922321203158064,0.2553785696252645,0.5,0.5,-0.21230089082842257,,,,,,,spike
2386,10,scenario3_repeated_spike,RANDOM,150,165.57744977816205,0,0.1834859061113513,0.5935774497781621,0.5,0.5,-0.3885316779447567,,,,,,,spike
2387,10,scenario3_repeated_spike,RANDOM,150,168.01970480034583,0,0.18501231550021616,0.5960197048003458,0.5,0.5,-0.390516010150281,,,,,,,spike
2388,10,scenario3_repeated_spike,RANDOM,150,164.21773432031125,1,0.16971553975284046,0.2557724318022724,0.5,0.5,-0.21274398577755643,,,,,,,spike
2389,10,scenario3_repeated_spike,RANDOM,150,160.79596088828012,1,0.16847125850482914,0.25477700680386334,0.5,0.5,-0.21162413265434624,,,,,,,spike
2390,10,scenario3_repeated_spike,RANDOM,150,157.71636479945212,1,0.16735140538161894,0.2538811243052952,0.5,0.5,-0.21061626484345708,,,,,,,spike
2391,10,scenario3_repeated_spike,RANDOM,150,160.9447283195069,0,0.18059045519969183,0.588944728319507,0.5,0.5,-0.3847675917595994,,,,,,,spike
2392,10,scenario3_repeated_spike,RANDOM,150,157.8502554875562,1,0.16740009290456592,0.25392007432365277,0.5,0.5,-0.21066008361410934,,,,,,,spike
2393,10,scenario3_repeated_spike,RANDOM,150,161.0652299388006,0,0.18066576871175039,0.5890652299388006,0.5,0.5,-0.3848654993252755,,,,,,,spike
2394,10,scenario3_repeated_spike,RANDOM,150,163.95870694492055,0,0.18247419184057534,0.5919587069449206,0.5,0.5,-0.38721644939274796,,,,,,,spike
2395,10,scenario3_repeated_spike,RANDOM,150,166.5628362504285,0,0.18410177265651784,0.5945628362504285,0.5,0.5,-0.38933230445347317,,,,,,,spike
2396,10,scenario3_repeated_spike,RANDOM,150,168.90655262538564,0,0.18556659539086606,0.5969065526253857,0.5,0.5,-0.3912365740081259,,,,,,,spike
2397,10,scenario3_repeated_spike,RANDOM,150,165.01589736284708,1,0.17000578085921714,0.2560046246873737,0.5,0.5,-0.21300520277329543,,,,,,,spike
2398,10,scenario3_repeated_spike,RANDOM,150,161.51430762656238,1,0.16873247550056814,0.2549859804004545,0.5,0.5,-0.21185922795051132,,,,,,,spike
2399,10,scenario3_repeated_spike,RANDOM,150,164.36287686390614,0,0.18272679803994135,0.5923628768639062,0.5,0.5,-0.3875448374519238,,,,,,,spike
2400,10,scenario3_repeated_spike,RANDOM,150,160.92658917751552,1,0.16851875970091473,0.2548150077607318,0.5,0.5,-0.21166688373082326,,,,,,,spike
2401,10,scenario3_repeated_spike,RANDOM,150,157.83393025976397,1,0.16739415645809602,0.25391532516647686,0.5,0.5,-0.21065474081228644,,,,,,,spike
2402,10,scenario3_repeated_spike,RANDOM,150,161.0505372337876,0,0.18065658577111726,0.5890505372337876,0.5,0.5,-0.3848535615024524,,,,,,,spike
2403,10,scenario3_repeated_spike,RANDOM,150,157.94548351040885,1,0.16743472127651232,0.25394777702120985,0.5,0.5,-0.2106912491488611,,,,,,,spike
2404,10,scenario3_repeated_spike,RANDOM,150,161.15093515936798,0,0.180719334474605,0.589150935159368,0.5,0.5,-0.3849351348169865,,,,,,,spike
2405,10,scenario3_repeated_spike,RANDOM,150,164.03584164343118,0,0.1825224010271445,0.5920358416434313,0.5,0.5,-0.38727912133528786,,,,,,,spike
2406,10,scenario3_repeated_spike,RANDOM,150,160.63225747908808,1,0.16841172999239568,0.25472938399391654,0.5,0.5,-0.2115705569931561,,,,,,,spike
2407,10,scenario3_repeated_spike,RANDOM,150,157.56903173117928,1,0.16729782972042884,0.2538382637763431,0.5,0.5,-0.21056804674838597,,,,,,,spike
2408,10,scenario3_repeated_spike,RANDOM,150,154.81212855806135,1,0.16629531947565865,0.25303625558052695,0.5,0.5,-0.20966578752809278,,,,,,,spike
2409,10,scenario3_repeated_spike,RANDOM,150,152.33091570225523,1,0.16539306025536554,0.25231444820429244,0.5,0.5,-0.208853754229829,,,,,,,spike
2410,10,scenario3_repeated_spike,RANDOM,150,150.0978241320297,1,0.16458102695710172,0.2516648215656814,0.5,0.5,-0.20812292426139156,,,,,,,spike
2411,10,scenario3_repeated_spike,RANDOM,150,148.08804171882673,1,0.16385019698866427,0.25108015759093144,0.5,0.5,-0.20746517728979785,,,,,,,spike
2412,10,scenario3_repeated_spike,RANDOM,150,146.27923754694407,1,0.16319245001707056,0.2505539600136565,0.5,0.5,-0.20687320501536352,,,,,,,spike
2413,10,scenario3_repeated_spike,RANDOM,150,144.65131379224968,1,0.16260047774263625,0.250080382194109,0.5,0.5,-0.20634042996837262,,,,,,,spike
2414,10,scenario3_repeated_spike,RANDOM,150,143.1861824130247,1,0.16206770269564538,0.2496541621565163,0.5,0.5,-0.20586093242608083,,,,,,,spike
2415,10,scenario3_repeated_spike,RANDOM,150,147.86756417172225,0,0.17241722760732642,0.5758675641717222,0.5,0.5,-0.37414239588952436,,,,,,,spike
2416,10,scenario3_repeated_spike,RANDOM,150,146.08080775455002,1,0.16312029372892728,0.25049623498314183,0.5,0.5,-0.20680826435603455,,,,,,,spike
2417,10,scenario3_repeated_spike,RANDOM,150,150.47272697909503,0,0.17404545436193442,0.578472726979095,0.5,0.5,-0.3762590906705147,,,,,,,spike
2418,10,scenario3_repeated_spike,RANDOM,150,148.42545428118552,1,0.16397289246588564,0.2511783139727085,0.5,0.5,-0.20757560321929708,,,,,,,spike
2419,10,scenario3_repeated_spike,RANDOM,150,152.58290885306698,0,0.17536431803316688,0.580582908853067,0.5,0.5,-0.3779736134431169,,,,,,,spike
2420,10,scenario3_repeated_spike,RANDOM,150,150.32461796776028,1,0.1646634974428219,0.25173079795425757,0.5,0.5,-0.20819714769853975,,,,,,,spike
2421,10,scenario3_repeated_spike,RANDOM,150,148.29215617098424,1,0.16392442042581246,0.25113953634065,0.5,0.5,-0.20753197838323123,,,,,,,spike
2422,10,scenario3_repeated_spike,RANDOM,150,146.46294055388583,1,0.16325925111050396,0.25060740088840316,0.5,0.5,-0.20693332599945358,,,,,,,spike
2423,10,scenario3_repeated_spike,RANDOM,150,144.81664649849725,1,0.16266059872672628,0.250128478981381,0.5,0.5,-0.20639453885405365,,,,,,,spike
2424,10,scenario3_repeated_spike,RANDOM,150,149.33498184864752,0,0.17333436365540472,0.5773349818486475,0.5,0.5,-0.37533467275202614,,,,,,,spike
2425,10,scenario3_repeated_spike,RANDOM,150,147.40148366378276,1,0.16360053951410283,0.25088043161128226,0.5,0.5,-0.20724048556269253,,,,,,,spike
2426,10,scenario3_repeated_spike,RANDOM,150,145.6613352974045,1,0.16296775828996526,0.25037420663197224,0.5,0.5,-0.20667098246096877,,,,,,,spike
2427,10,scenario3_repeated_spike,RANDOM,150,144.09520176766404,1,0.16239825518824147,0.2499186041505932,0.5,0.5,-0.20615842966941733,,,,,,,spike
2428,10,scenario3_repeated_spike,RANDOM,150,142.68568159089764,1,0.16188570239669006,0.24950856191735205,0.5,0.5,-0.20569713215702107,,,,,,,spike
2429,10,scenario3_repeated_spike,RANDOM,150,147.41711343180788,0,0.17213569589487995,0.5754171134318079,0.5,0.5,-0.37377640466334394,,,,,,,spike
2430,10,scenario3_repeated_spike,RANDOM,150,145.6754020886271,1,0.1629728734867735,0.2503782987894188,0.5,0.5,-0.20667558613809617,,,,,,,spike
2431,10,scenario3_repeated_spike,RANDOM,150,144.10786187976439,1,0.1624028588653689,0.24992228709229514,0.5,0.5,-0.206162572978832,,,,,,,spike
2432,10,scenario3_repeated_spike,RANDOM,150,148.69707569178794,0,0.17293567230736748,0.576697075691788,0.5,0.5,-0.37481637399957773,,,,,,,spike
2433,10,scenario3_repeated_spike,RANDOM,150,146.82736812260916,1,0.16339177022640336,0.2507134161811227,0.5,0.5,-0.207052593203763,,,,,,,spike
2434,10,scenario3_repeated_spike,RANDOM,150,151.14463131034825,0,0.17446539456896767,0.5791446313103483,0.5,0.5,-0.376805012939658,,,,,,,spike
2435,10,scenario3_repeated_spike,RANDOM,150,155.03016817931342,0,0.1768938551120709,0.5830301681793134,0.5,0.5,-0.37996201164569215,,,,,,,spike
2436,10,scenario3_repeated_spike,RANDOM,150,152.5271513613821,1,0.1654644186768662,0.252371534941493,0.5,0.5,-0.20891797680917962,,,,,,,spike
2437,10,scenario3_repeated_spike,RANDOM,150,150.2744362252439,1,0.16464524953645232,0.25171619962916186,0.5,0.5,-0.2081807245828071,,,,,,,spike
2438,10,scenario3_repeated_spike,RANDOM,150,148.24699260271953,1,0.16390799731007982,0.2511263978480639,0.5,0.5,-0.20751719757907186,,,,,,,spike
2439,10,scenario3_repeated_spike,RANDOM,150,146.42229334244757,1,0.16324447030634456,0.25059557624507567,0.5,0.5,-0.20692002327571013,,,,,,,spike
2440,10,scenario3_repeated_spike,RANDOM,150,150.78006400820283,0,0.17423754000512678,0.5787800640082028,0.5,0.5,-0.3765088020066648,,,,,,,spike
2441,10,scenario3_repeated_spike,RANDOM,150,148.70205760738256,1,0.16407347549359366,0.2512587803948749,0.5,0.5,-0.20766612794423428,,,,,,,spike
2442,10,scenario3_repeated_spike,RANDOM,150,152.8318518466443,0,0.1755199074041527,0.5808318518466443,0.5,0.5,-0.3781758796253985,,,,,,,spike
2443,10,scenario3_repeated_spike,RANDOM,150,150.54866666197987,1,0.16474496969526542,0.2517959757562124,0.5,0.5,-0.2082704727257389,,,,,,,spike
2444,10,scenario3_repeated_spike,RANDOM,150,148.49379999578187,1,0.1639977454530116,0.2511981963624093,0.5,0.5,-0.20759797090771046,,,,,,,spike
2445,10,scenario3_repeated_spike,RANDOM,150,146.64441999620368,1,0.16332524363498316,0.2506601949079865,0.5,0.5,-0.20699271927148483,,,,,,,spike
2446,10,scenario3_repeated_spike,RANDOM,150,150.97997799658333,0,0.1743624862478646,0.5789799779965834,0.5,0.5,-0.376671232122224,,,,,,,spike
2447,10,scenario3_repeated_spike,RANDOM,150,154.881980196925,0,0.17680123762307814,0.582881980196925,0.5,0.5,-0.3798416089100016,,,,,,,spike
2448,10,scenario3_repeated_spike,RANDOM,150,158.3937821772325,0,0.17899611386077033,0.5863937821772325,0.5,0.5,-0.3826949480190014,,,,,,,spike
2449,10,scenario3_repeated_spike,RANDOM,150,155.55440395950927,1,0.16656523780345794,0.25325219024276635,0.5,0.5,-0.20990871402311215,,,,,,,spike
2450,10,scenario3_repeated_spike,RANDOM,150,158.99896356355836,0,0.17937435222722398,0.5869989635635584,0.5,0.5,-0.3831866578953912,,,,,,,spike
2451,10,scenario3_repeated_spike,RANDOM,150,156.09906720720252,1,0.16676329716625546,0.2534106377330044,0.5,0.5,-0.2100869674496299,,,,,,,spike
2452,10,scenario3_repeated_spike,RANDOM,150,159.48916048648226,0,0.17968072530405144,0.5874891604864823,0.5,0.5,-0.38358494289526684,,,,,,,spike
2453,10,scenario3_repeated_spike,RANDOM,150,156.54024443783405,1,0.16692372525012147,0.2535389802000972,0.5,0.5,-0.21023135272510934,,,,,,,spike
2454,10,scenario3_repeated_spike,RANDOM,150,159.88621999405063,0,0.17992888749628166,0.5878862199940507,0.5,0.5,-0.38390755374516616,,,,,,,spike
2455,10,scenario3_repeated_spike,RANDOM,150,162.89759799464557,0,0.1818109987466535,0.5908975979946456,0.5,0.5,-0.38635429837064955,,,,,,,spike
2456,10,scenario3_repeated_spike,RANDOM,150,159.60783819518102,1,0.16803921388915677,0.2544313711113254,0.5,0.5,-0.2112352925002411,,,,,,,spike
2457,10,scenario3_repeated_spike,RANDOM,150,162.64705437566292,0,0.18165440898478935,0.590647054375663,0.5,0.5,-0.3861507316802262,,,,,,,spike
2458,10,scenario3_repeated_spike,RANDOM,150,165.38234893809664,0,0.18336396808631042,0.5933823489380967,0.5,0.5,-0.38837315851220355,,,,,,,spike
2459,10,scenario3_repeated_spike,RANDOM,150,167.84411404428698,0,0.1849025712776794,0.595844114044287,0.5,0.5,-0.3903733426609832,,,,,,,spike
2460,10,scenario3_repeated_spike,RANDOM,150,170.0597026398583,0,0.18628731414991145,0.5980597026398583,0.5,0.5,-0.39217350839488485,,,,,,,spike
2461,10,scenario3_repeated_spike,RANDOM,150,172.05373237587247,0,0.1875335827349203,0.6000537323758726,0.5,0.5,-0.3937936575553964,,,,,,,spike
2462,10,scenario3_repeated_spike,RANDOM,150,173.84835913828522,0,0.18865522446142827,0.6018483591382853,0.5,0.5,-0.39525179179985676,,,,,,,spike
2463,10,scenario3_repeated_spike,RANDOM,150,169.4635232244567,1,0.1716230993543479,0.25729847948347834,0.5,0.5,-0.2144607894189131,,,,,,,spike
2464,10,scenario3_repeated_spike,RANDOM,150,171.51717090201103,0,0.18719823181375692,0.5995171709020111,0.5,0.5,-0.393357701357884,,,,,,,spike
2465,10,scenario3_repeated_spike,RANDOM,150,167.36545381180994,1,0.17086016502247633,0.2566881320179811,0.5,0.5,-0.2137741485202287,,,,,,,spike
2466,10,scenario3_repeated_spike,RANDOM,150,169.62890843062894,0,0.1860180677691431,0.597628908430629,0.5,0.5,-0.39182348809988604,,,,,,,spike
2467,10,scenario3_repeated_spike,RANDOM,150,165.66601758756605,1,0.17024218821366038,0.2561937505709283,0.5,0.5,-0.21321796939229434,,,,,,,spike
2468,10,scenario3_repeated_spike,RANDOM,150,162.09941582880944,1,0.16894524211956707,0.2551561936956537,0.5,0.5,-0.21205071790761038,,,,,,,spike
2469,10,scenario3_repeated_spike,RANDOM,150,158.8894742459285,1,0.1677779906348831,0.2542223925079065,0.5,0.5,-0.21100019157139482,,,,,,,spike
2470,10,scenario3_repeated_spike,RANDOM,150,156.00052682133565,1,0.16672746429866753,0.25338197143893404,0.5,0.5,-0.21005471786880078,,,,,,,spike
2471,10,scenario3_repeated_spike,RANDOM,150,153.4004741392021,1,0.16578199059607351,0.25262559247685884,0.5,0.5,-0.20920379153646618,,,,,,,spike
2472,10,scenario3_repeated_spike,RANDOM,150,151.06042672528187,1,0.16493106426373885,0.2519448514109911,0.5,0.5,-0.20843795783736496,,,,,,,spike
2473,10,scenario3_repeated_spike,RANDOM,150,154.95438405275368,0,0.17684649003297107,0.5829543840527537,0.5,0.5,-0.37990043704286236,,,,,,,spike
2474,10,scenario3_repeated_spike,RANDOM,150,158.45894564747832,0,0.17903684102967396,0.5864589456474784,0.5,0.5,-0.3827478933385762,,,,,,,spike
2475,10,scenario3_repeated_spike,RANDOM,150,155.6130510827305,1,0.16658656403008384,0.25326925122406707,0.5,0.5,-0.20992790762707547,,,,,,,spike
2476,10,scenario3_repeated_spike,RANDOM,150,153.05174597445745,1,0.16565518035434817,0.2525241442834786,0.5,0.5,-0.20908966231891338,,,,,,,spike
2477,10,scenario3_repeated_spike,RANDOM,150,150.74657137701172,1,0.16481693504618608,0.25185354803694887,0.5,0.5,-0.20833524154156746,,,,,,,spike
2478,10,scenario3_repeated_spike,RANDOM,150,154.67191423931055,0,0.17666994639956912,0.5826719142393106,0.5,0.5,-0.3796709303194399,,,,,,,spike
2479,10,scenario3_repeated_spike,RANDOM,150,158.2047228153795,0,0.1788779517596122,0.5862047228153795,0.5,0.5,-0.38254133728749584,,,,,,,spike
2480,10,scenario3_repeated_spike,RANDOM,150,155.38425053384157,1,0.16650336383048786,0.2532026910643903,0.5,0.5,-0.20985302744743908,,,,,,,spike
2481,10,scenario3_repeated_spike,RANDOM,150,158.84582548045742,0,0.1792786409252859,0.5868458254804574,0.5,0.5,-0.38306223320287164,,,,,,,spike
2482,10,scenario3_repeated_spike,RANDOM,150,155.9612429324117,1,0.1667131792481497,0.2533705433985198,0.5,0.5,-0.21004186132333474,,,,,,,spike
2483,10,scenario3_repeated_spike,RANDOM,150,153.36511863917053,1,0.16576913405060748,0.252615307240486,0.5,0.5,-0.2091922206455467,,,,,,,spike
2484,10,scenario3_repeated_spike,RANDOM,150,157.02860677525348,0,0.17814287923453342,0.5850286067752535,0.5,0.5,-0.38158574300489345,,,,,,,spike
2485,10,scenario3_repeated_spike,RANDOM,150,154.32574609772814,1,0.1661184531264466,0.2528947625011573,0.5,0.5,-0.20950660781380193,,,,,,,spike
2486,10,scenario3_repeated_spike,RANDOM,150,157.89317148795533,0,0.1786832321799721,0.5858931714879554,0.5,0.5,-0.3822882018339637,,,,,,,spike
2487,10,scenario3_repeated_spike,RANDOM,150,161.1038543391598,0,0.1806899089619749,0.5891038543391598,0.5,0.5,-0.38489688165056735,,,,,,,spike
2488,10,scenario3_repeated_spike,RANDOM,150,157.99346890524382,1,0.16745217051099776,0.2539617364087982,0.5,0.5,-0.21070695345989798,,,,,,,spike
2489,10,scenario3_repeated_spike,RANDOM,150,155.19412201471943,1,0.1664342261871707,0.25314738094973654,0.5,0.5,-0.20979080356845362,,,,,,,spike
2490,10,scenario3_repeated_spike,RANDOM,150,158.6747098132475,0,0.1791716936332797,0.5866747098132475,0.5,0.5,-0.3829232017232636,,,,,,,spike
2491,10,scenario3_repeated_spike,RANDOM,150,161.80723883192275,0,0.18112952426995174,0.5898072388319228,0.5,0.5,-0.38546838155093727,,,,,,,spike
2492,10,scenario3_repeated_spike,RANDOM,150,158.6265149487305,1,0.16768236907226564,0.2541458952578125,0.5,0.5,-0.21091413216503907,,,,,,,spike
2493,10,scenario3_repeated_spike,RANDOM,150,155.76386345385745,1,0.1666414048923118,0.25331312391384947,0.5,0.5,-0.20997726440308062,,,,,,,spike
2494,10,scenario3_repeated_spike,RANDOM,150,159.1874771084717,0,0.17949217319279484,0.5871874771084717,0.5,0.5,-0.3833398251506333,,,,,,,spike
2495,10,scenario3_repeated_spike,RANDOM,150,156.26872939762455,1,0.16682499250822713,0.2534599940065817,0.5,0.5,-0.21014249325740442,,,,,,,spike
2496,10,scenario3_repeated_spike,RANDOM,150,159.6418564578621,0,0.17977616028616383,0.5876418564578622,0.5,0.5,-0.383709008372013,,,,,,,spike
2497,10,scenario3_repeated_spike,RANDOM,150,162.6776708120759,0,0.18167354425754745,0.5906776708120759,0.5,0.5,-0.38617560753481167,,,,,,,spike
2498,10,scenario3_repeated_spike,RANDOM,150,159.4099037308683,1,0.16796723772031577,0.2543737901762526,0.5,0.5,-0.21117051394828418,,,,,,,spike
2499,10,scenario3_repeated_spike,RANDOM,150,162.46891335778147,0,0.18154307084861343,0.5904689133577815,0.5,0.5,-0.38600599210319747,,,,,,,spike
2500,10,scenario3_repeated_spike,RANDOM,50,147.22202202200333,0,0.15201376376375209,0.34322202202200336,0.5,0.5,-0.24761789289287772,,,,,,,normal
2501,10,scenario3_repeated_spike,RANDOM,50,133.499819819803,0,0.14343738738737688,0.32949981981980303,0.5,0.5,-0.23646860360358996,,,,,,,normal
2502,10,scenario3_repeated_spike,RANDOM,50,115.1498378378227,1,0.1318726683046628,0.14549813464373024,0.5,0.5,-0.1386854014741965,,,,,,,normal
2503,10,scenario3_repeated_spike,RANDOM,50,104.63485405404043,0,0.12539678378377528,0.30063485405404045,0.5,0.5,-0.21301581891890786,,,,,,,normal
2504,10,scenario3_repeated_spike,RANDOM,50,89.17136864863639,1,0.12242595223586777,0.13794076178869422,0.5,0.5,-0.130183357012281,,,,,,,normal
2505,10,scenario3_repeated_spike,RANDOM,50,75.25423178377275,1,0.11736517519409918,0.13389214015527937,0.5,0.5,-0.12562865767468928,,,,,,,normal
2506,10,scenario3_repeated_spike,RANDOM,50,62.728808605395486,1,0.11281047585650746,0.13024838068520597,0.5,0.5,-0.12152942827085672,,,,,,,normal
2507,10,scenario3_repeated_spike,RANDOM,50,51.45592774485594,1,0.1087112464526749,0.1269689971621399,0.5,0.5,-0.11784012180740741,,,,,,,normal
2508,10,scenario3_repeated_spike,RANDOM,50,47.31033497037035,0,0.08956895935648147,0.24331033497037036,0.5,0.5,-0.1664396471634259,,,,,,,normal
2509,10,scenario3_repeated_spike,RANDOM,50,37.57930147333332,1,0.10366520053575756,0.12293216042860605,0.5,0.5,-0.11329868048218181,,,,,,,normal
2510,10,scenario3_repeated_spike,RANDOM,50,28.821371325999984,1,0.100480498664,0.12038439893120001,0.5,0.5,-0.1104324487976,,,,,,,normal
2511,10,scenario3_repeated_spike,RANDOM,50,20.939234193399983,1,0.09761426697941819,0.11809141358353456,0.5,0.5,-0.10785284028147638,,,,,,,normal
2512,10,scenario3_repeated_spike,RANDOM,50,13.845310774059985,1,0.09503465846329455,0.11602772677063564,0.5,0.5,-0.10553119261696509,,,,,,,normal
2513,10,scenario3_repeated_spike,RANDOM,50,7.4607796966539865,1,0.09271301079878327,0.11417040863902661,0.5,0.5,-0.10344170971890494,,,,,,,normal
2514,10,scenario3_repeated_spike,RANDOM,50,7.714701726988588,0,0.06482168857936786,0.20371470172698858,0.5,0.5,-0.13426819515317823,,,,,,,normal
2515,10,scenario3_repeated_spike,RANDOM,50,7.94323155428973,0,0.06496451972143108,0.20394323155428973,0.5,0.5,-0.1344538756378604,,,,,,,normal
2516,10,scenario3_repeated_spike,RANDOM,50,8.148908398860755,0,0.06509306774928797,0.20414890839886077,0.5,0.5,-0.13462098807407435,,,,,,,normal
2517,10,scenario3_repeated_spike,RANDOM,50,8.33401755897468,0,0.06520876097435917,0.20433401755897468,0.5,0.5,-0.13477138926666693,,,,,,,normal
2518,10,scenario3_repeated_spike,RANDOM,50,8.50061580307721,0,0.06531288487692326,0.2045006158030772,0.5,0.5,-0.13490675034000024,,,,,,,normal
2519,10,scenario3_repeated_spike,RANDOM,50,2.6505542227694896,1,0.09096383789918891,0.11277107031935113,0.5,0.5,-0.10186745410927002,,,,,,,normal
2520,10,scenario3_repeated_spike,RANDOM,50,3.3854988004925417,0,0.06211593675030783,0.19938549880049256,0.5,0.5,-0.1307507177754002,,,,,,,normal
2521,10,scenario3_repeated_spike,RANDOM,50,0.0,1,0.09,0.11199999999999999,0.5,0.5,-0.10099999999999999,,,,,,,normal
2522,10,scenario3_repeated_spike,RANDOM,50,0.0,1,0.09,0.11199999999999999,0.5,0.5,-0.10099999999999999,,,,,,,normal
2523,10,scenario3_repeated_spike,RANDOM,50,1.0,0,0.060625,0.197,0.5,0.5,-0.1288125,,,,,,,normal
2524,10,scenario3_repeated_spike,RANDOM,50,0.0,1,0.09,0.11199999999999999,0.5,0.5,-0.10099999999999999,,,,,,,normal
2525,10,scenario3_repeated_spike,RANDOM,50,1.0,0,0.060625,0.197,0.5,0.5,-0.1288125,,,,,,,normal
2526,10,scenario3_repeated_spike,RANDOM,50,0.0,1,0.09,0.11199999999999999,0.5,0.5,-0.10099999999999999,,,,,,,normal
2527,10,scenario3_repeated_spike,RANDOM,50,1.0,0,0.060625,0.197,0.5,0.5,-0.1288125,,,,,,,normal
2528,10,scenario3_repeated_spike,RANDOM,50,0.0,1,0.09,0.11199999999999999,0.5,0.5,-0.10099999999999999,,,,,,,normal
2529,10,scenario3_repeated_spike,RANDOM,50,0.0,1,0.09,0.11199999999999999,0.5,0.5,-0.10099999999999999,,,,,,,normal
2530,10,scenario3_repeated_spike,RANDOM,50,1.0,0,0.060625,0.197,0.5,0.5,-0.1288125,,,,,,,normal
2531,10,scenario3_repeated_spike,RANDOM,50,1.9000000000000004,0,0.0611875,0.19790000000000002,0.5,0.5,-0.12954375,,,,,,,normal
2532,10,scenario3_repeated_spike,RANDOM,50,2.710000000000001,0,0.061693750000000006,0.19871000000000003,0.5,0.5,-0.13020187500000002,,,,,,,normal
2533,10,scenario3_repeated_spike,RANDOM,50,0.0,1,0.09,0.11199999999999999,0.5,0.5,-0.10099999999999999,,,,,,,normal
2534,10,scenario3_repeated_spike,RANDOM,50,1.0,0,0.060625,0.197,0.5,0.5,-0.1288125,,,,,,,normal
2535,10,scenario3_repeated_spike,RANDOM,50,1.9000000000000004,0,0.0611875,0.19790000000000002,0.5,0.5,-0.12954375,,,,,,,normal
2536,10,scenario3_repeated_spike,RANDOM,50,2.710000000000001,0,0.061693750000000006,0.19871000000000003,0.5,0.5,-0.13020187500000002,,,,,,,normal
2537,10,scenario3_repeated_spike,RANDOM,50,3.439,0,0.062149375,0.199439,0.5,0.5,-0.1307941875,,,,,,,normal
2538,10,scenario3_repeated_spike,RANDOM,50,4.0951,0,0.06255943750000001,0.20009510000000003,0.5,0.5,-0.13132726875,,,,,,,normal
2539,10,scenario3_repeated_spike,RANDOM,50,4.685590000000001,0,0.06292849375000001,0.20068559000000002,0.5,0.5,-0.13180704187500003,,,,,,,normal
2540,10,scenario3_repeated_spike,RANDOM,50,0.0,1,0.09,0.11199999999999999,0.5,0.5,-0.10099999999999999,,,,,,,normal
2541,10,scenario3_repeated_spike,RANDOM,50,0.0,1,0.09,0.11199999999999999,0.5,0.5,-0.10099999999999999,,,,,,,normal
2542,10,scenario3_repeated_spike,RANDOM,50,0.0,1,0.09,0.11199999999999999,0.5,0.5,-0.10099999999999999,,,,,,,normal
2543,10,scenario3_repeated_spike,RANDOM,50,0.0,1,0.09,0.11199999999999999,0.5,0.5,-0.10099999999999999,,,,,,,normal
2544,10,scenario3_repeated_spike,RANDOM,50,0.0,1,0.09,0.11199999999999999,0.5,0.5,-0.10099999999999999,,,,,,,normal
2545,10,scenario3_repeated_spike,RANDOM,50,1.0,0,0.060625,0.197,0.5,0.5,-0.1288125,,,,,,,normal
2546,10,scenario3_repeated_spike,RANDOM,50,0.0,1,0.09,0.11199999999999999,0.5,0.5,-0.10099999999999999,,,,,,,normal
2547,10,scenario3_repeated_spike,RANDOM,50,1.0,0,0.060625,0.197,0.5,0.5,-0.1288125,,,,,,,normal
2548,10,scenario3_repeated_spike,RANDOM,50,1.9000000000000004,0,0.0611875,0.19790000000000002,0.5,0.5,-0.12954375,,,,,,,normal
2549,10,scenario3_repeated_spike,RANDOM,50,2.710000000000001,0,0.061693750000000006,0.19871000000000003,0.5,0.5,-0.13020187500000002,,,,,,,normal
2550,10,scenario3_repeated_spike,RANDOM,50,3.439,0,0.062149375,0.199439,0.5,0.5,-0.1307941875,,,,,,,normal
2551,10,scenario3_repeated_spike,RANDOM,50,4.0951,0,0.06255943750000001,0.20009510000000003,0.5,0.5,-0.13132726875,,,,,,,normal
2552,10,scenario3_repeated_spike,RANDOM,50,4.685590000000001,0,0.06292849375000001,0.20068559000000002,0.5,0.5,-0.13180704187500003,,,,,,,normal
2553,10,scenario3_repeated_spike,RANDOM,50,0.0,1,0.09,0.11199999999999999,0.5,0.5,-0.10099999999999999,,,,,,,normal
2554,10,scenario3_repeated_spike,RANDOM,50,0.0,1,0.09,0.11199999999999999,0.5,0.5,-0.10099999999999999,,,,,,,normal
2555,10,scenario3_repeated_spike,RANDOM,50,0.0,1,0.09,0.11199999999999999,0.5,0.5,-0.10099999999999999,,,,,,,normal
2556,10,scenario3_repeated_spike,RANDOM,50,1.0,0,0.060625,0.197,0.5,0.5,-0.1288125,,,,,,,normal
2557,10,scenario3_repeated_spike,RANDOM,50,0.0,1,0.09,0.11199999999999999,0.5,0.5,-0.10099999999999999,,,,,,,normal
2558,10,scenario3_repeated_spike,RANDOM,50,0.0,1,0.09,0.11199999999999999,0.5,0.5,-0.10099999999999999,,,,,,,normal
2559,10,scenario3_repeated_spike,RANDOM,50,1.0,0,0.060625,0.197,0.5,0.5,-0.1288125,,,,,,,normal
2560,10,scenario3_repeated_spike,RANDOM,50,1.9000000000000004,0,0.0611875,0.19790000000000002,0.5,0.5,-0.12954375,,,,,,,normal
2561,10,scenario3_repeated_spike,RANDOM,50,2.710000000000001,0,0.061693750000000006,0.19871000000000003,0.5,0.5,-0.13020187500000002,,,,,,,normal
2562,10,scenario3_repeated_spike,RANDOM,50,0.0,1,0.09,0.11199999999999999,0.5,0.5,-0.10099999999999999,,,,,,,normal
2563,10,scenario3_repeated_spike,RANDOM,50,0.0,1,0.09,0.11199999999999999,0.5,0.5,-0.10099999999999999,,,,,,,normal
2564,10,scenario3_repeated_spike,RANDOM,50,1.0,0,0.060625,0.197,0.5,0.5,-0.1288125,,,,,,,normal
2565,10,scenario3_repeated_spike,RANDOM,50,1.9000000000000004,0,0.0611875,0.19790000000000002,0.5,0.5,-0.12954375,,,,,,,normal
2566,10,scenario3_repeated_spike,RANDOM,50,0.0,1,0.09,0.11199999999999999,0.5,0.5,-0.10099999999999999,,,,,,,normal
2567,10,scenario3_repeated_spike,RANDOM,50,1.0,0,0.060625,0.197,0.5,0.5,-0.1288125,,,,,,,normal
2568,10,scenario3_repeated_spike,RANDOM,50,0.0,1,0.09,0.11199999999999999,0.5,0.5,-0.10099999999999999,,,,,,,normal
2569,10,scenario3_repeated_spike,RANDOM,50,0.0,1,0.09,0.11199999999999999,0.5,0.5,-0.10099999999999999,,,,,,,normal
2570,10,scenario3_repeated_spike,RANDOM,50,1.0,0,0.060625,0.197,0.5,0.5,-0.1288125,,,,,,,normal
2571,10,scenario3_repeated_spike,RANDOM,50,0.0,1,0.09,0.11199999999999999,0.5,0.5,-0.10099999999999999,,,,,,,normal
2572,10,scenario3_repeated_spike,RANDOM,50,0.0,1,0.09,0.11199999999999999,0.5,0.5,-0.10099999999999999,,,,,,,normal
2573,10,scenario3_repeated_spike,RANDOM,50,0.0,1,0.09,0.11199999999999999,0.5,0.5,-0.10099999999999999,,,,,,,normal
2574,10,scenario3_repeated_spike,RANDOM,50,0.0,1,0.09,0.11199999999999999,0.5,0.5,-0.10099999999999999,,,,,,,normal
2575,10,scenario3_repeated_spike,RANDOM,50,1.0,0,0.060625,0.197,0.5,0.5,-0.1288125,,,,,,,normal
2576,10,scenario3_repeated_spike,RANDOM,50,0.0,1,0.09,0.11199999999999999,0.5,0.5,-0.10099999999999999,,,,,,,normal
2577,10,scenario3_repeated_spike,RANDOM,50,1.0,0,0.060625,0.197,0.5,0.5,-0.1288125,,,,,,,normal
2578,10,scenario3_repeated_spike,RANDOM,50,1.9000000000000004,0,0.0611875,0.19790000000000002,0.5,0.5,-0.12954375,,,,,,,normal
2579,10,scenario3_repeated_spike,RANDOM,50,0.0,1,0.09,0.11199999999999999,0.5,0.5,-0.10099999999999999,,,,,,,normal
2580,10,scenario3_repeated_spike,RANDOM,50,0.0,1,0.09,0.11199999999999999,0.5,0.5,-0.10099999999999999,,,,,,,normal
2581,10,scenario3_repeated_spike,RANDOM,50,0.0,1,0.09,0.11199999999999999,0.5,0.5,-0.10099999999999999,,,,,,,normal
2582,10,scenario3_repeated_spike,RANDOM,50,0.0,1,0.09,0.11199999999999999,0.5,0.5,-0.10099999999999999,,,,,,,normal
2583,10,scenario3_repeated_spike,RANDOM,50,0.0,1,0.09,0.11199999999999999,0.5,0.5,-0.10099999999999999,,,,,,,normal
2584,10,scenario3_repeated_spike,RANDOM,50,0.0,1,0.09,0.11199999999999999,0.5,0.5,-0.10099999999999999,,,,,,,normal
2585,10,scenario3_repeated_spike,RANDOM,50,0.0,1,0.09,0.11199999999999999,0.5,0.5,-0.10099999999999999,,,,,,,normal
2586,10,scenario3_repeated_spike,RANDOM,50,0.0,1,0.09,0.11199999999999999,0.5,0.5,-0.10099999999999999,,,,,,,normal
2587,10,scenario3_repeated_spike,RANDOM,50,0.0,1,0.09,0.11199999999999999,0.5,0.5,-0.10099999999999999,,,,,,,normal
2588,10,scenario3_repeated_spike,RANDOM,50,1.0,0,0.060625,0.197,0.5,0.5,-0.1288125,,,,,,,normal
2589,10,scenario3_repeated_spike,RANDOM,50,0.0,1,0.09,0.11199999999999999,0.5,0.5,-0.10099999999999999,,,,,,,normal
2590,10,scenario3_repeated_spike,RANDOM,50,0.0,1,0.09,0.11199999999999999,0.5,0.5,-0.10099999999999999,,,,,,,normal
2591,10,scenario3_repeated_spike,RANDOM,50,0.0,1,0.09,0.11199999999999999,0.5,0.5,-0.10099999999999999,,,,,,,normal
2592,10,scenario3_repeated_spike,RANDOM,50,1.0,0,0.060625,0.197,0.5,0.5,-0.1288125,,,,,,,normal
2593,10,scenario3_repeated_spike,RANDOM,50,1.9000000000000004,0,0.0611875,0.19790000000000002,0.5,0.5,-0.12954375,,,,,,,normal
2594,10,scenario3_repeated_spike,RANDOM,50,2.710000000000001,0,0.061693750000000006,0.19871000000000003,0.5,0.5,-0.13020187500000002,,,,,,,normal
2595,10,scenario3_repeated_spike,RANDOM,50,3.439,0,0.062149375,0.199439,0.5,0.5,-0.1307941875,,,,,,,normal
2596,10,scenario3_repeated_spike,RANDOM,50,4.0951,0,0.06255943750000001,0.20009510000000003,0.5,0.5,-0.13132726875,,,,,,,normal
2597,10,scenario3_repeated_spike,RANDOM,50,4.685590000000001,0,0.06292849375000001,0.20068559000000002,0.5,0.5,-0.13180704187500003,,,,,,,normal
2598,10,scenario3_repeated_spike,RANDOM,50,0.0,1,0.09,0.11199999999999999,0.5,0.5,-0.10099999999999999,,,,,,,normal
2599,10,scenario3_repeated_spike,RANDOM,50,1.0,0,0.060625,0.197,0.5,0.5,-0.1288125,,,,,,,normal
2600,10,scenario3_repeated_spike,RANDOM,50,1.9000000000000004,0,0.0611875,0.19790000000000002,0.5,0.5,-0.12954375,,,,,,,normal
2601,10,scenario3_repeated_spike,RANDOM,50,2.710000000000001,0,0.061693750000000006,0.19871000000000003,0.5,0.5,-0.13020187500000002,,,,,,,normal
2602,10,scenario3_repeated_spike,RANDOM,50,0.0,1,0.09,0.11199999999999999,0.5,0.5,-0.10099999999999999,,,,,,,normal
2603,10,scenario3_repeated_spike,RANDOM,50,0.0,1,0.09,0.11199999999999999,0.5,0.5,-0.10099999999999999,,,,,,,normal
2604,10,scenario3_repeated_spike,RANDOM,50,0.0,1,0.09,0.11199999999999999,0.5,0.5,-0.10099999999999999,,,,,,,normal
2605,10,scenario3_repeated_spike,RANDOM,50,1.0,0,0.060625,0.197,0.5,0.5,-0.1288125,,,,,,,normal
2606,10,scenario3_repeated_spike,RANDOM,50,1.9000000000000004,0,0.0611875,0.19790000000000002,0.5,0.5,-0.12954375,,,,,,,normal
2607,10,scenario3_repeated_spike,RANDOM,50,0.0,1,0.09,0.11199999999999999,0.5,0.5,-0.10099999999999999,,,,,,,normal
2608,10,scenario3_repeated_spike,RANDOM,50,1.0,0,0.060625,0.197,0.5,0.5,-0.1288125,,,,,,,normal
2609,10,scenario3_repeated_spike,RANDOM,50,0.0,1,0.09,0.11199999999999999,0.5,0.5,-0.10099999999999999,,,,,,,normal
2610,10,scenario3_repeated_spike,RANDOM,50,0.0,1,0.09,0.11199999999999999,0.5,0.5,-0.10099999999999999,,,,,,,normal
2611,10,scenario3_repeated_spike,RANDOM,50,1.0,0,0.060625,0.197,0.5,0.5,-0.1288125,,,,,,,normal
2612,10,scenario3_repeated_spike,RANDOM,50,1.9000000000000004,0,0.0611875,0.19790000000000002,0.5,0.5,-0.12954375,,,,,,,normal
2613,10,scenario3_repeated_spike,RANDOM,50,0.0,1,0.09,0.11199999999999999,0.5,0.5,-0.10099999999999999,,,,,,,normal
2614,10,scenario3_repeated_spike,RANDOM,50,1.0,0,0.060625,0.197,0.5,0.5,-0.1288125,,,,,,,normal
2615,10,scenario3_repeated_spike,RANDOM,50,0.0,1,0.09,0.11199999999999999,0.5,0.5,-0.10099999999999999,,,,,,,normal
2616,10,scenario3_repeated_spike,RANDOM,50,1.0,0,0.060625,0.197,0.5,0.5,-0.1288125,,,,,,,normal
2617,10,scenario3_repeated_spike,RANDOM,50,1.9000000000000004,0,0.0611875,0.19790000000000002,0.5,0.5,-0.12954375,,,,,,,normal
2618,10,scenario3_repeated_spike,RANDOM,50,0.0,1,0.09,0.11199999999999999,0.5,0.5,-0.10099999999999999,,,,,,,normal
2619,10,scenario3_repeated_spike,RANDOM,50,1.0,0,0.060625,0.197,0.5,0.5,-0.1288125,,,,,,,normal
2620,10,scenario3_repeated_spike,RANDOM,50,1.9000000000000004,0,0.0611875,0.19790000000000002,0.5,0.5,-0.12954375,,,,,,,normal
2621,10,scenario3_repeated_spike,RANDOM,50,0.0,1,0.09,0.11199999999999999,0.5,0.5,-0.10099999999999999,,,,,,,normal
2622,10,scenario3_repeated_spike,RANDOM,50,0.0,1,0.09,0.11199999999999999,0.5,0.5,-0.10099999999999999,,,,,,,normal
2623,10,scenario3_repeated_spike,RANDOM,50,1.0,0,0.060625,0.197,0.5,0.5,-0.1288125,,,,,,,normal
2624,10,scenario3_repeated_spike,RANDOM,50,1.9000000000000004,0,0.0611875,0.19790000000000002,0.5,0.5,-0.12954375,,,,,,,normal
2625,10,scenario3_repeated_spike,RANDOM,50,0.0,1,0.09,0.11199999999999999,0.5,0.5,-0.10099999999999999,,,,,,,normal
2626,10,scenario3_repeated_spike,RANDOM,50,1.0,0,0.060625,0.197,0.5,0.5,-0.1288125,,,,,,,normal
2627,10,scenario3_repeated_spike,RANDOM,50,1.9000000000000004,0,0.0611875,0.19790000000000002,0.5,0.5,-0.12954375,,,,,,,normal
2628,10,scenario3_repeated_spike,RANDOM,50,2.710000000000001,0,0.061693750000000006,0.19871000000000003,0.5,0.5,-0.13020187500000002,,,,,,,normal
2629,10,scenario3_repeated_spike,RANDOM,50,3.439,0,0.062149375,0.199439,0.5,0.5,-0.1307941875,,,,,,,normal
2630,10,scenario3_repeated_spike,RANDOM,50,0.0,1,0.09,0.11199999999999999,0.5,0.5,-0.10099999999999999,,,,,,,normal
2631,10,scenario3_repeated_spike,RANDOM,50,0.0,1,0.09,0.11199999999999999,0.5,0.5,-0.10099999999999999,,,,,,,normal
2632,10,scenario3_repeated_spike,RANDOM,50,1.0,0,0.060625,0.197,0.5,0.5,-0.1288125,,,,,,,normal
2633,10,scenario3_repeated_spike,RANDOM,50,1.9000000000000004,0,0.0611875,0.19790000000000002,0.5,0.5,-0.12954375,,,,,,,normal
2634,10,scenario3_repeated_spike,RANDOM,50,2.710000000000001,0,0.061693750000000006,0.19871000000000003,0.5,0.5,-0.13020187500000002,,,,,,,normal
2635,10,scenario3_repeated_spike,RANDOM,50,3.439,0,0.062149375,0.199439,0.5,0.5,-0.1307941875,,,,,,,normal
2636,10,scenario3_repeated_spike,RANDOM,50,4.0951,0,0.06255943750000001,0.20009510000000003,0.5,0.5,-0.13132726875,,,,,,,normal
2637,10,scenario3_repeated_spike,RANDOM,50,0.0,1,0.09,0.11199999999999999,0.5,0.5,-0.10099999999999999,,,,,,,normal
2638,10,scenario3_repeated_spike,RANDOM,50,1.0,0,0.060625,0.197,0.5,0.5,-0.1288125,,,,,,,normal
2639,10,scenario3_repeated_spike,RANDOM,50,1.9000000000000004,0,0.0611875,0.19790000000000002,0.5,0.5,-0.12954375,,,,,,,normal
2640,10,scenario3_repeated_spike,RANDOM,50,2.710000000000001,0,0.061693750000000006,0.19871000000000003,0.5,0.5,-0.13020187500000002,,,,,,,normal
2641,10,scenario3_repeated_spike,RANDOM,50,3.439,0,0.062149375,0.199439,0.5,0.5,-0.1307941875,,,,,,,normal
2642,10,scenario3_repeated_spike,RANDOM,50,4.0951,0,0.06255943750000001,0.20009510000000003,0.5,0.5,-0.13132726875,,,,,,,normal
2643,10,scenario3_repeated_spike,RANDOM,50,4.685590000000001,0,0.06292849375000001,0.20068559000000002,0.5,0.5,-0.13180704187500003,,,,,,,normal
2644,10,scenario3_repeated_spike,RANDOM,50,0.0,1,0.09,0.11199999999999999,0.5,0.5,-0.10099999999999999,,,,,,,normal
2645,10,scenario3_repeated_spike,RANDOM,50,0.0,1,0.09,0.11199999999999999,0.5,0.5,-0.10099999999999999,,,,,,,normal
2646,10,scenario3_repeated_spike,RANDOM,50,1.0,0,0.060625,0.197,0.5,0.5,-0.1288125,,,,,,,normal
2647,10,scenario3_repeated_spike,RANDOM,50,1.9000000000000004,0,0.0611875,0.19790000000000002,0.5,0.5,-0.12954375,,,,,,,normal
2648,10,scenario3_repeated_spike,RANDOM,50,2.710000000000001,0,0.061693750000000006,0.19871000000000003,0.5,0.5,-0.13020187500000002,,,,,,,normal
2649,10,scenario3_repeated_spike,RANDOM,50,0.0,1,0.09,0.11199999999999999,0.5,0.5,-0.10099999999999999,,,,,,,normal
2650,10,scenario3_repeated_spike,RANDOM,50,0.0,1,0.09,0.11199999999999999,0.5,0.5,-0.10099999999999999,,,,,,,normal
2651,10,scenario3_repeated_spike,RANDOM,50,1.0,0,0.060625,0.197,0.5,0.5,-0.1288125,,,,,,,normal
2652,10,scenario3_repeated_spike,RANDOM,50,1.9000000000000004,0,0.0611875,0.19790000000000002,0.5,0.5,-0.12954375,,,,,,,normal
2653,10,scenario3_repeated_spike,RANDOM,50,0.0,1,0.09,0.11199999999999999,0.5,0.5,-0.10099999999999999,,,,,,,normal
2654,10,scenario3_repeated_spike,RANDOM,50,1.0,0,0.060625,0.197,0.5,0.5,-0.1288125,,,,,,,normal
2655,10,scenario3_repeated_spike,RANDOM,50,1.9000000000000004,0,0.0611875,0.19790000000000002,0.5,0.5,-0.12954375,,,,,,,normal
2656,10,scenario3_repeated_spike,RANDOM,50,0.0,1,0.09,0.11199999999999999,0.5,0.5,-0.10099999999999999,,,,,,,normal
2657,10,scenario3_repeated_spike,RANDOM,50,1.0,0,0.060625,0.197,0.5,0.5,-0.1288125,,,,,,,normal
2658,10,scenario3_repeated_spike,RANDOM,50,0.0,1,0.09,0.11199999999999999,0.5,0.5,-0.10099999999999999,,,,,,,normal
2659,10,scenario3_repeated_spike,RANDOM,50,1.0,0,0.060625,0.197,0.5,0.5,-0.1288125,,,,,,,normal
2660,10,scenario3_repeated_spike,RANDOM,50,0.0,1,0.09,0.11199999999999999,0.5,0.5,-0.10099999999999999,,,,,,,normal
2661,10,scenario3_repeated_spike,RANDOM,50,1.0,0,0.060625,0.197,0.5,0.5,-0.1288125,,,,,,,normal
2662,10,scenario3_repeated_spike,RANDOM,50,1.9000000000000004,0,0.0611875,0.19790000000000002,0.5,0.5,-0.12954375,,,,,,,normal
2663,10,scenario3_repeated_spike,RANDOM,50,2.710000000000001,0,0.061693750000000006,0.19871000000000003,0.5,0.5,-0.13020187500000002,,,,,,,normal
2664,10,scenario3_repeated_spike,RANDOM,50,3.439,0,0.062149375,0.199439,0.5,0.5,-0.1307941875,,,,,,,normal
2665,10,scenario3_repeated_spike,RANDOM,50,4.0951,0,0.06255943750000001,0.20009510000000003,0.5,0.5,-0.13132726875,,,,,,,normal
2666,10,scenario3_repeated_spike,RANDOM,50,4.685590000000001,0,0.06292849375000001,0.20068559000000002,0.5,0.5,-0.13180704187500003,,,,,,,normal
2667,10,scenario3_repeated_spike,RANDOM,50,0.0,1,0.09,0.11199999999999999,0.5,0.5,-0.10099999999999999,,,,,,,normal
2668,10,scenario3_repeated_spike,RANDOM,50,0.0,1,0.09,0.11199999999999999,0.5,0.5,-0.10099999999999999,,,,,,,normal
2669,10,scenario3_repeated_spike,RANDOM,50,1.0,0,0.060625,0.197,0.5,0.5,-0.1288125,,,,,,,normal
2670,10,scenario3_repeated_spike,RANDOM,50,0.0,1,0.09,0.11199999999999999,0.5,0.5,-0.10099999999999999,,,,,,,normal
2671,10,scenario3_repeated_spike,RANDOM,50,0.0,1,0.09,0.11199999999999999,0.5,0.5,-0.10099999999999999,,,,,,,normal
2672,10,scenario3_repeated_spike,RANDOM,50,0.0,1,0.09,0.11199999999999999,0.5,0.5,-0.10099999999999999,,,,,,,normal
2673,10,scenario3_repeated_spike,RANDOM,50,0.0,1,0.09,0.11199999999999999,0.5,0.5,-0.10099999999999999,,,,,,,normal
2674,10,scenario3_repeated_spike,RANDOM,50,1.0,0,0.060625,0.197,0.5,0.5,-0.1288125,,,,,,,normal
2675,10,scenario3_repeated_spike,RANDOM,50,0.0,1,0.09,0.11199999999999999,0.5,0.5,-0.10099999999999999,,,,,,,normal
2676,10,scenario3_repeated_spike,RANDOM,50,1.0,0,0.060625,0.197,0.5,0.5,-0.1288125,,,,,,,normal
2677,10,scenario3_repeated_spike,RANDOM,50,1.9000000000000004,0,0.0611875,0.19790000000000002,0.5,0.5,-0.12954375,,,,,,,normal
2678,10,scenario3_repeated_spike,RANDOM,50,2.710000000000001,0,0.061693750000000006,0.19871000000000003,0.5,0.5,-0.13020187500000002,,,,,,,normal
2679,10,scenario3_repeated_spike,RANDOM,50,3.439,0,0.062149375,0.199439,0.5,0.5,-0.1307941875,,,,,,,normal
2680,10,scenario3_repeated_spike,RANDOM,50,0.0,1,0.09,0.11199999999999999,0.5,0.5,-0.10099999999999999,,,,,,,normal
2681,10,scenario3_repeated_spike,RANDOM,50,0.0,1,0.09,0.11199999999999999,0.5,0.5,-0.10099999999999999,,,,,,,normal
2682,10,scenario3_repeated_spike,RANDOM,50,1.0,0,0.060625,0.197,0.5,0.5,-0.1288125,,,,,,,normal
2683,10,scenario3_repeated_spike,RANDOM,50,0.0,1,0.09,0.11199999999999999,0.5,0.5,-0.10099999999999999,,,,,,,normal
2684,10,scenario3_repeated_spike,RANDOM,50,1.0,0,0.060625,0.197,0.5,0.5,-0.1288125,,,,,,,normal
2685,10,scenario3_repeated_spike,RANDOM,50,1.9000000000000004,0,0.0611875,0.19790000000000002,0.5,0.5,-0.12954375,,,,,,,normal
2686,10,scenario3_repeated_spike,RANDOM,50,0.0,1,0.09,0.11199999999999999,0.5,0.5,-0.10099999999999999,,,,,,,normal
2687,10,scenario3_repeated_spike,RANDOM,50,1.0,0,0.060625,0.197,0.5,0.5,-0.1288125,,,,,,,normal
2688,10,scenario3_repeated_spike,RANDOM,50,0.0,1,0.09,0.11199999999999999,0.5,0.5,-0.10099999999999999,,,,,,,normal
2689,10,scenario3_repeated_spike,RANDOM,50,0.0,1,0.09,0.11199999999999999,0.5,0.5,-0.10099999999999999,,,,,,,normal
2690,10,scenario3_repeated_spike,RANDOM,50,0.0,1,0.09,0.11199999999999999,0.5,0.5,-0.10099999999999999,,,,,,,normal
2691,10,scenario3_repeated_spike,RANDOM,50,1.0,0,0.060625,0.197,0.5,0.5,-0.1288125,,,,,,,normal
2692,10,scenario3_repeated_spike,RANDOM,50,0.0,1,0.09,0.11199999999999999,0.5,0.5,-0.10099999999999999,,,,,,,normal
2693,10,scenario3_repeated_spike,RANDOM,50,0.0,1,0.09,0.11199999999999999,0.5,0.5,-0.10099999999999999,,,,,,,normal
2694,10,scenario3_repeated_spike,RANDOM,50,1.0,0,0.060625,0.197,0.5,0.5,-0.1288125,,,,,,,normal
2695,10,scenario3_repeated_spike,RANDOM,50,1.9000000000000004,0,0.0611875,0.19790000000000002,0.5,0.5,-0.12954375,,,,,,,normal
2696,10,scenario3_repeated_spike,RANDOM,50,0.0,1,0.09,0.11199999999999999,0.5,0.5,-0.10099999999999999,,,,,,,normal
2697,10,scenario3_repeated_spike,RANDOM,50,1.0,0,0.060625,0.197,0.5,0.5,-0.1288125,,,,,,,normal
2698,10,scenario3_repeated_spike,RANDOM,50,0.0,1,0.09,0.11199999999999999,0.5,0.5,-0.10099999999999999,,,,,,,normal
2699,10,scenario3_repeated_spike,RANDOM,50,1.0,0,0.060625,0.197,0.5,0.5,-0.1288125,,,,,,,normal
2700,10,scenario3_repeated_spike,RANDOM,50,1.9000000000000004,0,0.0611875,0.19790000000000002,0.5,0.5,-0.12954375,,,,,,,normal
2701,10,scenario3_repeated_spike,RANDOM,50,2.710000000000001,0,0.061693750000000006,0.19871000000000003,0.5,0.5,-0.13020187500000002,,,,,,,normal
2702,10,scenario3_repeated_spike,RANDOM,50,3.439,0,0.062149375,0.199439,0.5,0.5,-0.1307941875,,,,,,,normal
2703,10,scenario3_repeated_spike,RANDOM,50,0.0,1,0.09,0.11199999999999999,0.5,0.5,-0.10099999999999999,,,,,,,normal
2704,10,scenario3_repeated_spike,RANDOM,50,1.0,0,0.060625,0.197,0.5,0.5,-0.1288125,,,,,,,normal
2705,10,scenario3_repeated_spike,RANDOM,50,0.0,1,0.09,0.11199999999999999,0.5,0.5,-0.10099999999999999,,,,,,,normal
2706,10,scenario3_repeated_spike,RANDOM,50,0.0,1,0.09,0.11199999999999999,0.5,0.5,-0.10099999999999999,,,,,,,normal
2707,10,scenario3_repeated_spike,RANDOM,50,0.0,1,0.09,0.11199999999999999,0.5,0.5,-0.10099999999999999,,,,,,,normal
2708,10,scenario3_repeated_spike,RANDOM,50,1.0,0,0.060625,0.197,0.5,0.5,-0.1288125,,,,,,,normal
2709,10,scenario3_repeated_spike,RANDOM,50,1.9000000000000004,0,0.0611875,0.19790000000000002,0.5,0.5,-0.12954375,,,,,,,normal
2710,10,scenario3_repeated_spike,RANDOM,50,0.0,1,0.09,0.11199999999999999,0.5,0.5,-0.10099999999999999,,,,,,,normal
2711,10,scenario3_repeated_spike,RANDOM,50,0.0,1,0.09,0.11199999999999999,0.5,0.5,-0.10099999999999999,,,,,,,normal
2712,10,scenario3_repeated_spike,RANDOM,50,0.0,1,0.09,0.11199999999999999,0.5,0.5,-0.10099999999999999,,,,,,,normal
2713,10,scenario3_repeated_spike,RANDOM,50,1.0,0,0.060625,0.197,0.5,0.5,-0.1288125,,,,,,,normal
2714,10,scenario3_repeated_spike,RANDOM,50,1.9000000000000004,0,0.0611875,0.19790000000000002,0.5,0.5,-0.12954375,,,,,,,normal
2715,10,scenario3_repeated_spike,RANDOM,50,2.710000000000001,0,0.061693750000000006,0.19871000000000003,0.5,0.5,-0.13020187500000002,,,,,,,normal
2716,10,scenario3_repeated_spike,RANDOM,50,3.439,0,0.062149375,0.199439,0.5,0.5,-0.1307941875,,,,,,,normal
2717,10,scenario3_repeated_spike,RANDOM,50,0.0,1,0.09,0.11199999999999999,0.5,0.5,-0.10099999999999999,,,,,,,normal
2718,10,scenario3_repeated_spike,RANDOM,50,1.0,0,0.060625,0.197,0.5,0.5,-0.1288125,,,,,,,normal
2719,10,scenario3_repeated_spike,RANDOM,50,1.9000000000000004,0,0.0611875,0.19790000000000002,0.5,0.5,-0.12954375,,,,,,,normal
2720,10,scenario3_repeated_spike,RANDOM,50,0.0,1,0.09,0.11199999999999999,0.5,0.5,-0.10099999999999999,,,,,,,normal
2721,10,scenario3_repeated_spike,RANDOM,50,0.0,1,0.09,0.11199999999999999,0.5,0.5,-0.10099999999999999,,,,,,,normal
2722,10,scenario3_repeated_spike,RANDOM,50,1.0,0,0.060625,0.197,0.5,0.5,-0.1288125,,,,,,,normal
2723,10,scenario3_repeated_spike,RANDOM,50,0.0,1,0.09,0.11199999999999999,0.5,0.5,-0.10099999999999999,,,,,,,normal
2724,10,scenario3_repeated_spike,RANDOM,50,0.0,1,0.09,0.11199999999999999,0.5,0.5,-0.10099999999999999,,,,,,,normal
2725,10,scenario3_repeated_spike,RANDOM,50,1.0,0,0.060625,0.197,0.5,0.5,-0.1288125,,,,,,,normal
2726,10,scenario3_repeated_spike,RANDOM,50,0.0,1,0.09,0.11199999999999999,0.5,0.5,-0.10099999999999999,,,,,,,normal
2727,10,scenario3_repeated_spike,RANDOM,50,1.0,0,0.060625,0.197,0.5,0.5,-0.1288125,,,,,,,normal
2728,10,scenario3_repeated_spike,RANDOM,50,0.0,1,0.09,0.11199999999999999,0.5,0.5,-0.10099999999999999,,,,,,,normal
2729,10,scenario3_repeated_spike,RANDOM,50,0.0,1,0.09,0.11199999999999999,0.5,0.5,-0.10099999999999999,,,,,,,normal
2730,10,scenario3_repeated_spike,RANDOM,50,1.0,0,0.060625,0.197,0.5,0.5,-0.1288125,,,,,,,normal
2731,10,scenario3_repeated_spike,RANDOM,50,0.0,1,0.09,0.11199999999999999,0.5,0.5,-0.10099999999999999,,,,,,,normal
2732,10,scenario3_repeated_spike,RANDOM,50,0.0,1,0.09,0.11199999999999999,0.5,0.5,-0.10099999999999999,,,,,,,normal
2733,10,scenario3_repeated_spike,RANDOM,50,0.0,1,0.09,0.11199999999999999,0.5,0.5,-0.10099999999999999,,,,,,,normal
2734,10,scenario3_repeated_spike,RANDOM,50,0.0,1,0.09,0.11199999999999999,0.5,0.5,-0.10099999999999999,,,,,,,normal
2735,10,scenario3_repeated_spike,RANDOM,50,1.0,0,0.060625,0.197,0.5,0.5,-0.1288125,,,,,,,normal
2736,10,scenario3_repeated_spike,RANDOM,50,0.0,1,0.09,0.11199999999999999,0.5,0.5,-0.10099999999999999,,,,,,,normal
2737,10,scenario3_repeated_spike,RANDOM,50,1.0,0,0.060625,0.197,0.5,0.5,-0.1288125,,,,,,,normal
2738,10,scenario3_repeated_spike,RANDOM,50,1.9000000000000004,0,0.0611875,0.19790000000000002,0.5,0.5,-0.12954375,,,,,,,normal
2739,10,scenario3_repeated_spike,RANDOM,50,2.710000000000001,0,0.061693750000000006,0.19871000000000003,0.5,0.5,-0.13020187500000002,,,,,,,normal
2740,10,scenario3_repeated_spike,RANDOM,50,3.439,0,0.062149375,0.199439,0.5,0.5,-0.1307941875,,,,,,,normal
2741,10,scenario3_repeated_spike,RANDOM,50,4.0951,0,0.06255943750000001,0.20009510000000003,0.5,0.5,-0.13132726875,,,,,,,normal
2742,10,scenario3_repeated_spike,RANDOM,50,0.0,1,0.09,0.11199999999999999,0.5,0.5,-0.10099999999999999,,,,,,,normal
2743,10,scenario3_repeated_spike,RANDOM,50,0.0,1,0.09,0.11199999999999999,0.5,0.5,-0.10099999999999999,,,,,,,normal
2744,10,scenario3_repeated_spike,RANDOM,50,0.0,1,0.09,0.11199999999999999,0.5,0.5,-0.10099999999999999,,,,,,,normal
2745,10,scenario3_repeated_spike,RANDOM,50,1.0,0,0.060625,0.197,0.5,0.5,-0.1288125,,,,,,,normal
2746,10,scenario3_repeated_spike,RANDOM,50,0.0,1,0.09,0.11199999999999999,0.5,0.5,-0.10099999999999999,,,,,,,normal
2747,10,scenario3_repeated_spike,RANDOM,50,1.0,0,0.060625,0.197,0.5,0.5,-0.1288125,,,,,,,normal
2748,10,scenario3_repeated_spike,RANDOM,50,0.0,1,0.09,0.11199999999999999,0.5,0.5,-0.10099999999999999,,,,,,,normal
2749,10,scenario3_repeated_spike,RANDOM,50,1.0,0,0.060625,0.197,0.5,0.5,-0.1288125,,,,,,,normal
2750,10,scenario3_repeated_spike,RANDOM,50,1.9000000000000004,0,0.0611875,0.19790000000000002,0.5,0.5,-0.12954375,,,,,,,normal
2751,10,scenario3_repeated_spike,RANDOM,50,0.0,1,0.09,0.11199999999999999,0.5,0.5,-0.10099999999999999,,,,,,,normal
2752,10,scenario3_repeated_spike,RANDOM,50,1.0,0,0.060625,0.197,0.5,0.5,-0.1288125,,,,,,,normal
2753,10,scenario3_repeated_spike,RANDOM,50,1.9000000000000004,0,0.0611875,0.19790000000000002,0.5,0.5,-0.12954375,,,,,,,normal
2754,10,scenario3_repeated_spike,RANDOM,50,2.710000000000001,0,0.061693750000000006,0.19871000000000003,0.5,0.5,-0.13020187500000002,,,,,,,normal
2755,10,scenario3_repeated_spike,RANDOM,50,3.439,0,0.062149375,0.199439,0.5,0.5,-0.1307941875,,,,,,,normal
2756,10,scenario3_repeated_spike,RANDOM,50,0.0,1,0.09,0.11199999999999999,0.5,0.5,-0.10099999999999999,,,,,,,normal
2757,10,scenario3_repeated_spike,RANDOM,50,0.0,1,0.09,0.11199999999999999,0.5,0.5,-0.10099999999999999,,,,,,,normal
2758,10,scenario3_repeated_spike,RANDOM,50,1.0,0,0.060625,0.197,0.5,0.5,-0.1288125,,,,,,,normal
2759,10,scenario3_repeated_spike,RANDOM,50,0.0,1,0.09,0.11199999999999999,0.5,0.5,-0.10099999999999999,,,,,,,normal
2760,10,scenario3_repeated_spike,RANDOM,50,0.0,1,0.09,0.11199999999999999,0.5,0.5,-0.10099999999999999,,,,,,,normal
2761,10,scenario3_repeated_spike,RANDOM,50,0.0,1,0.09,0.11199999999999999,0.5,0.5,-0.10099999999999999,,,,,,,normal
2762,10,scenario3_repeated_spike,RANDOM,50,1.0,0,0.060625,0.197,0.5,0.5,-0.1288125,,,,,,,normal
2763,10,scenario3_repeated_spike,RANDOM,50,0.0,1,0.09,0.11199999999999999,0.5,0.5,-0.10099999999999999,,,,,,,normal
2764,10,scenario3_repeated_spike,RANDOM,50,1.0,0,0.060625,0.197,0.5,0.5,-0.1288125,,,,,,,normal
2765,10,scenario3_repeated_spike,RANDOM,50,1.9000000000000004,0,0.0611875,0.19790000000000002,0.5,0.5,-0.12954375,,,,,,,normal
2766,10,scenario3_repeated_spike,RANDOM,50,2.710000000000001,0,0.061693750000000006,0.19871000000000003,0.5,0.5,-0.13020187500000002,,,,,,,normal
2767,10,scenario3_repeated_spike,RANDOM,50,3.439,0,0.062149375,0.199439,0.5,0.5,-0.1307941875,,,,,,,normal
2768,10,scenario3_repeated_spike,RANDOM,50,4.0951,0,0.06255943750000001,0.20009510000000003,0.5,0.5,-0.13132726875,,,,,,,normal
2769,10,scenario3_repeated_spike,RANDOM,50,0.0,1,0.09,0.11199999999999999,0.5,0.5,-0.10099999999999999,,,,,,,normal
2770,10,scenario3_repeated_spike,RANDOM,50,0.0,1,0.09,0.11199999999999999,0.5,0.5,-0.10099999999999999,,,,,,,normal
2771,10,scenario3_repeated_spike,RANDOM,50,0.0,1,0.09,0.11199999999999999,0.5,0.5,-0.10099999999999999,,,,,,,normal
2772,10,scenario3_repeated_spike,RANDOM,50,1.0,0,0.060625,0.197,0.5,0.5,-0.1288125,,,,,,,normal
2773,10,scenario3_repeated_spike,RANDOM,50,0.0,1,0.09,0.11199999999999999,0.5,0.5,-0.10099999999999999,,,,,,,normal
2774,10,scenario3_repeated_spike,RANDOM,50,1.0,0,0.060625,0.197,0.5,0.5,-0.1288125,,,,,,,normal
2775,10,scenario3_repeated_spike,RANDOM,50,0.0,1,0.09,0.11199999999999999,0.5,0.5,-0.10099999999999999,,,,,,,normal
2776,10,scenario3_repeated_spike,RANDOM,50,1.0,0,0.060625,0.197,0.5,0.5,-0.1288125,,,,,,,normal
2777,10,scenario3_repeated_spike,RANDOM,50,0.0,1,0.09,0.11199999999999999,0.5,0.5,-0.10099999999999999,,,,,,,normal
2778,10,scenario3_repeated_spike,RANDOM,50,1.0,0,0.060625,0.197,0.5,0.5,-0.1288125,,,,,,,normal
2779,10,scenario3_repeated_spike,RANDOM,50,0.0,1,0.09,0.11199999999999999,0.5,0.5,-0.10099999999999999,,,,,,,normal
2780,10,scenario3_repeated_spike,RANDOM,50,1.0,0,0.060625,0.197,0.5,0.5,-0.1288125,,,,,,,normal
2781,10,scenario3_repeated_spike,RANDOM,50,1.9000000000000004,0,0.0611875,0.19790000000000002,0.5,0.5,-0.12954375,,,,,,,normal
2782,10,scenario3_repeated_spike,RANDOM,50,2.710000000000001,0,0.061693750000000006,0.19871000000000003,0.5,0.5,-0.13020187500000002,,,,,,,normal
2783,10,scenario3_repeated_spike,RANDOM,50,3.439,0,0.062149375,0.199439,0.5,0.5,-0.1307941875,,,,,,,normal
2784,10,scenario3_repeated_spike,RANDOM,50,0.0,1,0.09,0.11199999999999999,0.5,0.5,-0.10099999999999999,,,,,,,normal
2785,10,scenario3_repeated_spike,RANDOM,50,0.0,1,0.09,0.11199999999999999,0.5,0.5,-0.10099999999999999,,,,,,,normal
2786,10,scenario3_repeated_spike,RANDOM,50,0.0,1,0.09,0.11199999999999999,0.5,0.5,-0.10099999999999999,,,,,,,normal
2787,10,scenario3_repeated_spike,RANDOM,50,1.0,0,0.060625,0.197,0.5,0.5,-0.1288125,,,,,,,normal
2788,10,scenario3_repeated_spike,RANDOM,50,0.0,1,0.09,0.11199999999999999,0.5,0.5,-0.10099999999999999,,,,,,,normal
2789,10,scenario3_repeated_spike,RANDOM,50,0.0,1,0.09,0.11199999999999999,0.5,0.5,-0.10099999999999999,,,,,,,normal
2790,10,scenario3_repeated_spike,RANDOM,50,0.0,1,0.09,0.11199999999999999,0.5,0.5,-0.10099999999999999,,,,,,,normal
2791,10,scenario3_repeated_spike,RANDOM,50,0.0,1,0.09,0.11199999999999999,0.5,0.5,-0.10099999999999999,,,,,,,normal
2792,10,scenario3_repeated_spike,RANDOM,50,1.0,0,0.060625,0.197,0.5,0.5,-0.1288125,,,,,,,normal
2793,10,scenario3_repeated_spike,RANDOM,50,0.0,1,0.09,0.11199999999999999,0.5,0.5,-0.10099999999999999,,,,,,,normal
2794,10,scenario3_repeated_spike,RANDOM,50,0.0,1,0.09,0.11199999999999999,0.5,0.5,-0.10099999999999999,,,,,,,normal
2795,10,scenario3_repeated_spike,RANDOM,50,0.0,1,0.09,0.11199999999999999,0.5,0.5,-0.10099999999999999,,,,,,,normal
2796,10,scenario3_repeated_spike,RANDOM,50,0.0,1,0.09,0.11199999999999999,0.5,0.5,-0.10099999999999999,,,,,,,normal
2797,10,scenario3_repeated_spike,RANDOM,50,1.0,0,0.060625,0.197,0.5,0.5,-0.1288125,,,,,,,normal
2798,10,scenario3_repeated_spike,RANDOM,50,1.9000000000000004,0,0.0611875,0.19790000000000002,0.5,0.5,-0.12954375,,,,,,,normal
2799,10,scenario3_repeated_spike,RANDOM,50,0.0,1,0.09,0.11199999999999999,0.5,0.5,-0.10099999999999999,,,,,,,normal
2800,10,scenario3_repeated_spike,RANDOM,50,0.0,1,0.09,0.11199999999999999,0.5,0.5,-0.10099999999999999,,,,,,,normal
2801,10,scenario3_repeated_spike,RANDOM,50,0.0,1,0.09,0.11199999999999999,0.5,0.5,-0.10099999999999999,,,,,,,normal
2802,10,scenario3_repeated_spike,RANDOM,50,0.0,1,0.09,0.11199999999999999,0.5,0.5,-0.10099999999999999,,,,,,,normal
2803,10,scenario3_repeated_spike,RANDOM,50,0.0,1,0.09,0.11199999999999999,0.5,0.5,-0.10099999999999999,,,,,,,normal
2804,10,scenario3_repeated_spike,RANDOM,50,1.0,0,0.060625,0.197,0.5,0.5,-0.1288125,,,,,,,normal
2805,10,scenario3_repeated_spike,RANDOM,50,0.0,1,0.09,0.11199999999999999,0.5,0.5,-0.10099999999999999,,,,,,,normal
2806,10,scenario3_repeated_spike,RANDOM,50,1.0,0,0.060625,0.197,0.5,0.5,-0.1288125,,,,,,,normal
2807,10,scenario3_repeated_spike,RANDOM,50,0.0,1,0.09,0.11199999999999999,0.5,0.5,-0.10099999999999999,,,,,,,normal
2808,10,scenario3_repeated_spike,RANDOM,50,0.0,1,0.09,0.11199999999999999,0.5,0.5,-0.10099999999999999,,,,,,,normal
2809,10,scenario3_repeated_spike,RANDOM,50,0.0,1,0.09,0.11199999999999999,0.5,0.5,-0.10099999999999999,,,,,,,normal
2810,10,scenario3_repeated_spike,RANDOM,50,0.0,1,0.09,0.11199999999999999,0.5,0.5,-0.10099999999999999,,,,,,,normal
2811,10,scenario3_repeated_spike,RANDOM,50,0.0,1,0.09,0.11199999999999999,0.5,0.5,-0.10099999999999999,,,,,,,normal
2812,10,scenario3_repeated_spike,RANDOM,50,1.0,0,0.060625,0.197,0.5,0.5,-0.1288125,,,,,,,normal
2813,10,scenario3_repeated_spike,RANDOM,50,0.0,1,0.09,0.11199999999999999,0.5,0.5,-0.10099999999999999,,,,,,,normal
2814,10,scenario3_repeated_spike,RANDOM,50,0.0,1,0.09,0.11199999999999999,0.5,0.5,-0.10099999999999999,,,,,,,normal
2815,10,scenario3_repeated_spike,RANDOM,50,1.0,0,0.060625,0.197,0.5,0.5,-0.1288125,,,,,,,normal
2816,10,scenario3_repeated_spike,RANDOM,50,1.9000000000000004,0,0.0611875,0.19790000000000002,0.5,0.5,-0.12954375,,,,,,,normal
2817,10,scenario3_repeated_spike,RANDOM,50,0.0,1,0.09,0.11199999999999999,0.5,0.5,-0.10099999999999999,,,,,,,normal
2818,10,scenario3_repeated_spike,RANDOM,50,1.0,0,0.060625,0.197,0.5,0.5,-0.1288125,,,,,,,normal
2819,10,scenario3_repeated_spike,RANDOM,50,0.0,1,0.09,0.11199999999999999,0.5,0.5,-0.10099999999999999,,,,,,,normal
2820,10,scenario3_repeated_spike,RANDOM,50,1.0,0,0.060625,0.197,0.5,0.5,-0.1288125,,,,,,,normal
2821,10,scenario3_repeated_spike,RANDOM,50,0.0,1,0.09,0.11199999999999999,0.5,0.5,-0.10099999999999999,,,,,,,normal
2822,10,scenario3_repeated_spike,RANDOM,50,0.0,1,0.09,0.11199999999999999,0.5,0.5,-0.10099999999999999,,,,,,,normal
2823,10,scenario3_repeated_spike,RANDOM,50,1.0,0,0.060625,0.197,0.5,0.5,-0.1288125,,,,,,,normal
2824,10,scenario3_repeated_spike,RANDOM,50,0.0,1,0.09,0.11199999999999999,0.5,0.5,-0.10099999999999999,,,,,,,normal
2825,10,scenario3_repeated_spike,RANDOM,50,0.0,1,0.09,0.11199999999999999,0.5,0.5,-0.10099999999999999,,,,,,,normal
2826,10,scenario3_repeated_spike,RANDOM,50,1.0,0,0.060625,0.197,0.5,0.5,-0.1288125,,,,,,,normal
2827,10,scenario3_repeated_spike,RANDOM,50,0.0,1,0.09,0.11199999999999999,0.5,0.5,-0.10099999999999999,,,,,,,normal
2828,10,scenario3_repeated_spike,RANDOM,50,0.0,1,0.09,0.11199999999999999,0.5,0.5,-0.10099999999999999,,,,,,,normal
2829,10,scenario3_repeated_spike,RANDOM,50,0.0,1,0.09,0.11199999999999999,0.5,0.5,-0.10099999999999999,,,,,,,normal
2830,10,scenario3_repeated_spike,RANDOM,50,1.0,0,0.060625,0.197,0.5,0.5,-0.1288125,,,,,,,normal
2831,10,scenario3_repeated_spike,RANDOM,50,0.0,1,0.09,0.11199999999999999,0.5,0.5,-0.10099999999999999,,,,,,,normal
2832,10,scenario3_repeated_spike,RANDOM,50,0.0,1,0.09,0.11199999999999999,0.5,0.5,-0.10099999999999999,,,,,,,normal
2833,10,scenario3_repeated_spike,RANDOM,50,0.0,1,0.09,0.11199999999999999,0.5,0.5,-0.10099999999999999,,,,,,,normal
2834,10,scenario3_repeated_spike,RANDOM,50,0.0,1,0.09,0.11199999999999999,0.5,0.5,-0.10099999999999999,,,,,,,normal
2835,10,scenario3_repeated_spike,RANDOM,50,0.0,1,0.09,0.11199999999999999,0.5,0.5,-0.10099999999999999,,,,,,,normal
2836,10,scenario3_repeated_spike,RANDOM,50,0.0,1,0.09,0.11199999999999999,0.5,0.5,-0.10099999999999999,,,,,,,normal
2837,10,scenario3_repeated_spike,RANDOM,50,0.0,1,0.09,0.11199999999999999,0.5,0.5,-0.10099999999999999,,,,,,,normal
2838,10,scenario3_repeated_spike,RANDOM,50,0.0,1,0.09,0.11199999999999999,0.5,0.5,-0.10099999999999999,,,,,,,normal
2839,10,scenario3_repeated_spike,RANDOM,50,1.0,0,0.060625,0.197,0.5,0.5,-0.1288125,,,,,,,normal
2840,10,scenario3_repeated_spike,RANDOM,50,0.0,1,0.09,0.11199999999999999,0.5,0.5,-0.10099999999999999,,,,,,,normal
2841,10,scenario3_repeated_spike,RANDOM,50,1.0,0,0.060625,0.197,0.5,0.5,-0.1288125,,,,,,,normal
2842,10,scenario3_repeated_spike,RANDOM,50,1.9000000000000004,0,0.0611875,0.19790000000000002,0.5,0.5,-0.12954375,,,,,,,normal
2843,10,scenario3_repeated_spike,RANDOM,50,0.0,1,0.09,0.11199999999999999,0.5,0.5,-0.10099999999999999,,,,,,,normal
2844,10,scenario3_repeated_spike,RANDOM,50,1.0,0,0.060625,0.197,0.5,0.5,-0.1288125,,,,,,,normal
2845,10,scenario3_repeated_spike,RANDOM,50,1.9000000000000004,0,0.0611875,0.19790000000000002,0.5,0.5,-0.12954375,,,,,,,normal
2846,10,scenario3_repeated_spike,RANDOM,50,0.0,1,0.09,0.11199999999999999,0.5,0.5,-0.10099999999999999,,,,,,,normal
2847,10,scenario3_repeated_spike,RANDOM,50,0.0,1,0.09,0.11199999999999999,0.5,0.5,-0.10099999999999999,,,,,,,normal
2848,10,scenario3_repeated_spike,RANDOM,50,0.0,1,0.09,0.11199999999999999,0.5,0.5,-0.10099999999999999,,,,,,,normal
2849,10,scenario3_repeated_spike,RANDOM,50,1.0,0,0.060625,0.197,0.5,0.5,-0.1288125,,,,,,,normal
2850,10,scenario3_repeated_spike,RANDOM,50,1.9000000000000004,0,0.0611875,0.19790000000000002,0.5,0.5,-0.12954375,,,,,,,normal
2851,10,scenario3_repeated_spike,RANDOM,50,0.0,1,0.09,0.11199999999999999,0.5,0.5,-0.10099999999999999,,,,,,,normal
2852,10,scenario3_repeated_spike,RANDOM,50,0.0,1,0.09,0.11199999999999999,0.5,0.5,-0.10099999999999999,,,,,,,normal
2853,10,scenario3_repeated_spike,RANDOM,50,0.0,1,0.09,0.11199999999999999,0.5,0.5,-0.10099999999999999,,,,,,,normal
2854,10,scenario3_repeated_spike,RANDOM,50,1.0,0,0.060625,0.197,0.5,0.5,-0.1288125,,,,,,,normal
2855,10,scenario3_repeated_spike,RANDOM,50,1.9000000000000004,0,0.0611875,0.19790000000000002,0.5,0.5,-0.12954375,,,,,,,normal
2856,10,scenario3_repeated_spike,RANDOM,50,0.0,1,0.09,0.11199999999999999,0.5,0.5,-0.10099999999999999,,,,,,,normal
2857,10,scenario3_repeated_spike,RANDOM,50,0.0,1,0.09,0.11199999999999999,0.5,0.5,-0.10099999999999999,,,,,,,normal
2858,10,scenario3_repeated_spike,RANDOM,50,1.0,0,0.060625,0.197,0.5,0.5,-0.1288125,,,,,,,normal
2859,10,scenario3_repeated_spike,RANDOM,50,0.0,1,0.09,0.11199999999999999,0.5,0.5,-0.10099999999999999,,,,,,,normal
2860,10,scenario3_repeated_spike,RANDOM,50,1.0,0,0.060625,0.197,0.5,0.5,-0.1288125,,,,,,,normal
2861,10,scenario3_repeated_spike,RANDOM,50,1.9000000000000004,0,0.0611875,0.19790000000000002,0.5,0.5,-0.12954375,,,,,,,normal
2862,10,scenario3_repeated_spike,RANDOM,50,0.0,1,0.09,0.11199999999999999,0.5,0.5,-0.10099999999999999,,,,,,,normal
2863,10,scenario3_repeated_spike,RANDOM,50,1.0,0,0.060625,0.197,0.5,0.5,-0.1288125,,,,,,,normal
2864,10,scenario3_repeated_spike,RANDOM,50,0.0,1,0.09,0.11199999999999999,0.5,0.5,-0.10099999999999999,,,,,,,normal
2865,10,scenario3_repeated_spike,RANDOM,50,0.0,1,0.09,0.11199999999999999,0.5,0.5,-0.10099999999999999,,,,,,,normal
2866,10,scenario3_repeated_spike,RANDOM,50,1.0,0,0.060625,0.197,0.5,0.5,-0.1288125,,,,,,,normal
2867,10,scenario3_repeated_spike,RANDOM,50,0.0,1,0.09,0.11199999999999999,0.5,0.5,-0.10099999999999999,,,,,,,normal
2868,10,scenario3_repeated_spike,RANDOM,50,0.0,1,0.09,0.11199999999999999,0.5,0.5,-0.10099999999999999,,,,,,,normal
2869,10,scenario3_repeated_spike,RANDOM,50,1.0,0,0.060625,0.197,0.5,0.5,-0.1288125,,,,,,,normal
2870,10,scenario3_repeated_spike,RANDOM,50,1.9000000000000004,0,0.0611875,0.19790000000000002,0.5,0.5,-0.12954375,,,,,,,normal
2871,10,scenario3_repeated_spike,RANDOM,50,0.0,1,0.09,0.11199999999999999,0.5,0.5,-0.10099999999999999,,,,,,,normal
2872,10,scenario3_repeated_spike,RANDOM,50,1.0,0,0.060625,0.197,0.5,0.5,-0.1288125,,,,,,,normal
2873,10,scenario3_repeated_spike,RANDOM,50,0.0,1,0.09,0.11199999999999999,0.5,0.5,-0.10099999999999999,,,,,,,normal
2874,10,scenario3_repeated_spike,RANDOM,50,0.0,1,0.09,0.11199999999999999,0.5,0.5,-0.10099999999999999,,,,,,,normal
2875,10,scenario3_repeated_spike,RANDOM,50,1.0,0,0.060625,0.197,0.5,0.5,-0.1288125,,,,,,,normal
2876,10,scenario3_repeated_spike,RANDOM,50,0.0,1,0.09,0.11199999999999999,0.5,0.5,-0.10099999999999999,,,,,,,normal
2877,10,scenario3_repeated_spike,RANDOM,50,0.0,1,0.09,0.11199999999999999,0.5,0.5,-0.10099999999999999,,,,,,,normal
2878,10,scenario3_repeated_spike,RANDOM,50,1.0,0,0.060625,0.197,0.5,0.5,-0.1288125,,,,,,,normal
2879,10,scenario3_repeated_spike,RANDOM,50,1.9000000000000004,0,0.0611875,0.19790000000000002,0.5,0.5,-0.12954375,,,,,,,normal
2880,10,scenario3_repeated_spike,RANDOM,50,2.710000000000001,0,0.061693750000000006,0.19871000000000003,0.5,0.5,-0.13020187500000002,,,,,,,normal
2881,10,scenario3_repeated_spike,RANDOM,50,0.0,1,0.09,0.11199999999999999,0.5,0.5,-0.10099999999999999,,,,,,,normal
2882,10,scenario3_repeated_spike,RANDOM,50,0.0,1,0.09,0.11199999999999999,0.5,0.5,-0.10099999999999999,,,,,,,normal
2883,10,scenario3_repeated_spike,RANDOM,50,1.0,0,0.060625,0.197,0.5,0.5,-0.1288125,,,,,,,normal
2884,10,scenario3_repeated_spike,RANDOM,50,0.0,1,0.09,0.11199999999999999,0.5,0.5,-0.10099999999999999,,,,,,,normal
2885,10,scenario3_repeated_spike,RANDOM,50,0.0,1,0.09,0.11199999999999999,0.5,0.5,-0.10099999999999999,,,,,,,normal
2886,10,scenario3_repeated_spike,RANDOM,50,1.0,0,0.060625,0.197,0.5,0.5,-0.1288125,,,,,,,normal
2887,10,scenario3_repeated_spike,RANDOM,50,0.0,1,0.09,0.11199999999999999,0.5,0.5,-0.10099999999999999,,,,,,,normal
2888,10,scenario3_repeated_spike,RANDOM,50,1.0,0,0.060625,0.197,0.5,0.5,-0.1288125,,,,,,,normal
2889,10,scenario3_repeated_spike,RANDOM,50,0.0,1,0.09,0.11199999999999999,0.5,0.5,-0.10099999999999999,,,,,,,normal
2890,10,scenario3_repeated_spike,RANDOM,50,1.0,0,0.060625,0.197,0.5,0.5,-0.1288125,,,,,,,normal
2891,10,scenario3_repeated_spike,RANDOM,50,1.9000000000000004,0,0.0611875,0.19790000000000002,0.5,0.5,-0.12954375,,,,,,,normal
2892,10,scenario3_repeated_spike,RANDOM,50,2.710000000000001,0,0.061693750000000006,0.19871000000000003,0.5,0.5,-0.13020187500000002,,,,,,,normal
2893,10,scenario3_repeated_spike,RANDOM,50,3.439,0,0.062149375,0.199439,0.5,0.5,-0.1307941875,,,,,,,normal
2894,10,scenario3_repeated_spike,RANDOM,50,0.0,1,0.09,0.11199999999999999,0.5,0.5,-0.10099999999999999,,,,,,,normal
2895,10,scenario3_repeated_spike,RANDOM,50,0.0,1,0.09,0.11199999999999999,0.5,0.5,-0.10099999999999999,,,,,,,normal
2896,10,scenario3_repeated_spike,RANDOM,50,0.0,1,0.09,0.11199999999999999,0.5,0.5,-0.10099999999999999,,,,,,,normal
2897,10,scenario3_repeated_spike,RANDOM,50,1.0,0,0.060625,0.197,0.5,0.5,-0.1288125,,,,,,,normal
2898,10,scenario3_repeated_spike,RANDOM,50,0.0,1,0.09,0.11199999999999999,0.5,0.5,-0.10099999999999999,,,,,,,normal
2899,10,scenario3_repeated_spike,RANDOM,50,0.0,1,0.09,0.11199999999999999,0.5,0.5,-0.10099999999999999,,,,,,,normal
2900,10,scenario3_repeated_spike,RANDOM,50,1.0,0,0.060625,0.197,0.5,0.5,-0.1288125,,,,,,,normal
2901,10,scenario3_repeated_spike,RANDOM,50,1.9000000000000004,0,0.0611875,0.19790000000000002,0.5,0.5,-0.12954375,,,,,,,normal
2902,10,scenario3_repeated_spike,RANDOM,50,0.0,1,0.09,0.11199999999999999,0.5,0.5,-0.10099999999999999,,,,,,,normal
2903,10,scenario3_repeated_spike,RANDOM,50,0.0,1,0.09,0.11199999999999999,0.5,0.5,-0.10099999999999999,,,,,,,normal
2904,10,scenario3_repeated_spike,RANDOM,50,1.0,0,0.060625,0.197,0.5,0.5,-0.1288125,,,,,,,normal
2905,10,scenario3_repeated_spike,RANDOM,50,0.0,1,0.09,0.11199999999999999,0.5,0.5,-0.10099999999999999,,,,,,,normal
2906,10,scenario3_repeated_spike,RANDOM,50,0.0,1,0.09,0.11199999999999999,0.5,0.5,-0.10099999999999999,,,,,,,normal
2907,10,scenario3_repeated_spike,RANDOM,50,0.0,1,0.09,0.11199999999999999,0.5,0.5,-0.10099999999999999,,,,,,,normal
2908,10,scenario3_repeated_spike,RANDOM,50,0.0,1,0.09,0.11199999999999999,0.5,0.5,-0.10099999999999999,,,,,,,normal
2909,10,scenario3_repeated_spike,RANDOM,50,1.0,0,0.060625,0.197,0.5,0.5,-0.1288125,,,,,,,normal
2910,10,scenario3_repeated_spike,RANDOM,50,1.9000000000000004,0,0.0611875,0.19790000000000002,0.5,0.5,-0.12954375,,,,,,,normal
2911,10,scenario3_repeated_spike,RANDOM,50,0.0,1,0.09,0.11199999999999999,0.5,0.5,-0.10099999999999999,,,,,,,normal
2912,10,scenario3_repeated_spike,RANDOM,50,0.0,1,0.09,0.11199999999999999,0.5,0.5,-0.10099999999999999,,,,,,,normal
2913,10,scenario3_repeated_spike,RANDOM,50,0.0,1,0.09,0.11199999999999999,0.5,0.5,-0.10099999999999999,,,,,,,normal
2914,10,scenario3_repeated_spike,RANDOM,50,0.0,1,0.09,0.11199999999999999,0.5,0.5,-0.10099999999999999,,,,,,,normal
2915,10,scenario3_repeated_spike,RANDOM,50,0.0,1,0.09,0.11199999999999999,0.5,0.5,-0.10099999999999999,,,,,,,normal
2916,10,scenario3_repeated_spike,RANDOM,50,1.0,0,0.060625,0.197,0.5,0.5,-0.1288125,,,,,,,normal
2917,10,scenario3_repeated_spike,RANDOM,50,0.0,1,0.09,0.11199999999999999,0.5,0.5,-0.10099999999999999,,,,,,,normal
2918,10,scenario3_repeated_spike,RANDOM,50,1.0,0,0.060625,0.197,0.5,0.5,-0.1288125,,,,,,,normal
2919,10,scenario3_repeated_spike,RANDOM,50,0.0,1,0.09,0.11199999999999999,0.5,0.5,-0.10099999999999999,,,,,,,normal
2920,10,scenario3_repeated_spike,RANDOM,50,0.0,1,0.09,0.11199999999999999,0.5,0.5,-0.10099999999999999,,,,,,,normal
2921,10,scenario3_repeated_spike,RANDOM,50,1.0,0,0.060625,0.197,0.5,0.5,-0.1288125,,,,,,,normal
2922,10,scenario3_repeated_spike,RANDOM,50,0.0,1,0.09,0.11199999999999999,0.5,0.5,-0.10099999999999999,,,,,,,normal
2923,10,scenario3_repeated_spike,RANDOM,50,1.0,0,0.060625,0.197,0.5,0.5,-0.1288125,,,,,,,normal
2924,10,scenario3_repeated_spike,RANDOM,50,1.9000000000000004,0,0.0611875,0.19790000000000002,0.5,0.5,-0.12954375,,,,,,,normal
2925,10,scenario3_repeated_spike,RANDOM,50,2.710000000000001,0,0.061693750000000006,0.19871000000000003,0.5,0.5,-0.13020187500000002,,,,,,,normal
2926,10,scenario3_repeated_spike,RANDOM,50,0.0,1,0.09,0.11199999999999999,0.5,0.5,-0.10099999999999999,,,,,,,normal
2927,10,scenario3_repeated_spike,RANDOM,50,0.0,1,0.09,0.11199999999999999,0.5,0.5,-0.10099999999999999,,,,,,,normal
2928,10,scenario3_repeated_spike,RANDOM,50,0.0,1,0.09,0.11199999999999999,0.5,0.5,-0.10099999999999999,,,,,,,normal
2929,10,scenario3_repeated_spike,RANDOM,50,1.0,0,0.060625,0.197,0.5,0.5,-0.1288125,,,,,,,normal
2930,10,scenario3_repeated_spike,RANDOM,50,0.0,1,0.09,0.11199999999999999,0.5,0.5,-0.10099999999999999,,,,,,,normal
2931,10,scenario3_repeated_spike,RANDOM,50,1.0,0,0.060625,0.197,0.5,0.5,-0.1288125,,,,,,,normal
2932,10,scenario3_repeated_spike,RANDOM,50,0.0,1,0.09,0.11199999999999999,0.5,0.5,-0.10099999999999999,,,,,,,normal
2933,10,scenario3_repeated_spike,RANDOM,50,0.0,1,0.09,0.11199999999999999,0.5,0.5,-0.10099999999999999,,,,,,,normal
2934,10,scenario3_repeated_spike,RANDOM,50,0.0,1,0.09,0.11199999999999999,0.5,0.5,-0.10099999999999999,,,,,,,normal
2935,10,scenario3_repeated_spike,RANDOM,50,0.0,1,0.09,0.11199999999999999,0.5,0.5,-0.10099999999999999,,,,,,,normal
2936,10,scenario3_repeated_spike,RANDOM,50,1.0,0,0.060625,0.197,0.5,0.5,-0.1288125,,,,,,,normal
2937,10,scenario3_repeated_spike,RANDOM,50,1.9000000000000004,0,0.0611875,0.19790000000000002,0.5,0.5,-0.12954375,,,,,,,normal
2938,10,scenario3_repeated_spike,RANDOM,50,2.710000000000001,0,0.061693750000000006,0.19871000000000003,0.5,0.5,-0.13020187500000002,,,,,,,normal
2939,10,scenario3_repeated_spike,RANDOM,50,0.0,1,0.09,0.11199999999999999,0.5,0.5,-0.10099999999999999,,,,,,,normal
2940,10,scenario3_repeated_spike,RANDOM,50,0.0,1,0.09,0.11199999999999999,0.5,0.5,-0.10099999999999999,,,,,,,normal
2941,10,scenario3_repeated_spike,RANDOM,50,0.0,1,0.09,0.11199999999999999,0.5,0.5,-0.10099999999999999,,,,,,,normal
2942,10,scenario3_repeated_spike,RANDOM,50,0.0,1,0.09,0.11199999999999999,0.5,0.5,-0.10099999999999999,,,,,,,normal
2943,10,scenario3_repeated_spike,RANDOM,50,1.0,0,0.060625,0.197,0.5,0.5,-0.1288125,,,,,,,normal
2944,10,scenario3_repeated_spike,RANDOM,50,1.9000000000000004,0,0.0611875,0.19790000000000002,0.5,0.5,-0.12954375,,,,,,,normal
2945,10,scenario3_repeated_spike,RANDOM,50,2.710000000000001,0,0.061693750000000006,0.19871000000000003,0.5,0.5,-0.13020187500000002,,,,,,,normal
2946,10,scenario3_repeated_spike,RANDOM,50,0.0,1,0.09,0.11199999999999999,0.5,0.5,-0.10099999999999999,,,,,,,normal
2947,10,scenario3_repeated_spike,RANDOM,50,0.0,1,0.09,0.11199999999999999,0.5,0.5,-0.10099999999999999,,,,,,,normal
2948,10,scenario3_repeated_spike,RANDOM,50,1.0,0,0.060625,0.197,0.5,0.5,-0.1288125,,,,,,,normal
2949,10,scenario3_repeated_spike,RANDOM,50,1.9000000000000004,0,0.0611875,0.19790000000000002,0.5,0.5,-0.12954375,,,,,,,normal
2950,10,scenario3_repeated_spike,RANDOM,50,0.0,1,0.09,0.11199999999999999,0.5,0.5,-0.10099999999999999,,,,,,,normal
2951,10,scenario3_repeated_spike,RANDOM,50,0.0,1,0.09,0.11199999999999999,0.5,0.5,-0.10099999999999999,,,,,,,normal
2952,10,scenario3_repeated_spike,RANDOM,50,1.0,0,0.060625,0.197,0.5,0.5,-0.1288125,,,,,,,normal
2953,10,scenario3_repeated_spike,RANDOM,50,1.9000000000000004,0,0.0611875,0.19790000000000002,0.5,0.5,-0.12954375,,,,,,,normal
2954,10,scenario3_repeated_spike,RANDOM,50,2.710000000000001,0,0.061693750000000006,0.19871000000000003,0.5,0.5,-0.13020187500000002,,,,,,,normal
2955,10,scenario3_repeated_spike,RANDOM,50,3.439,0,0.062149375,0.199439,0.5,0.5,-0.1307941875,,,,,,,normal
2956,10,scenario3_repeated_spike,RANDOM,50,4.0951,0,0.06255943750000001,0.20009510000000003,0.5,0.5,-0.13132726875,,,,,,,normal
2957,10,scenario3_repeated_spike,RANDOM,50,4.685590000000001,0,0.06292849375000001,0.20068559000000002,0.5,0.5,-0.13180704187500003,,,,,,,normal
2958,10,scenario3_repeated_spike,RANDOM,50,0.0,1,0.09,0.11199999999999999,0.5,0.5,-0.10099999999999999,,,,,,,normal
2959,10,scenario3_repeated_spike,RANDOM,50,0.0,1,0.09,0.11199999999999999,0.5,0.5,-0.10099999999999999,,,,,,,normal
2960,10,scenario3_repeated_spike,RANDOM,50,0.0,1,0.09,0.11199999999999999,0.5,0.5,-0.10099999999999999,,,,,,,normal
2961,10,scenario3_repeated_spike,RANDOM,50,0.0,1,0.09,0.11199999999999999,0.5,0.5,-0.10099999999999999,,,,,,,normal
2962,10,scenario3_repeated_spike,RANDOM,50,0.0,1,0.09,0.11199999999999999,0.5,0.5,-0.10099999999999999,,,,,,,normal
2963,10,scenario3_repeated_spike,RANDOM,50,1.0,0,0.060625,0.197,0.5,0.5,-0.1288125,,,,,,,normal
2964,10,scenario3_repeated_spike,RANDOM,50,0.0,1,0.09,0.11199999999999999,0.5,0.5,-0.10099999999999999,,,,,,,normal
2965,10,scenario3_repeated_spike,RANDOM,50,0.0,1,0.09,0.11199999999999999,0.5,0.5,-0.10099999999999999,,,,,,,normal
2966,10,scenario3_repeated_spike,RANDOM,50,1.0,0,0.060625,0.197,0.5,0.5,-0.1288125,,,,,,,normal
2967,10,scenario3_repeated_spike,RANDOM,50,1.9000000000000004,0,0.0611875,0.19790000000000002,0.5,0.5,-0.12954375,,,,,,,normal
2968,10,scenario3_repeated_spike,RANDOM,50,0.0,1,0.09,0.11199999999999999,0.5,0.5,-0.10099999999999999,,,,,,,normal
2969,10,scenario3_repeated_spike,RANDOM,50,1.0,0,0.060625,0.197,0.5,0.5,-0.1288125,,,,,,,normal
2970,10,scenario3_repeated_spike,RANDOM,50,1.9000000000000004,0,0.0611875,0.19790000000000002,0.5,0.5,-0.12954375,,,,,,,normal
2971,10,scenario3_repeated_spike,RANDOM,50,2.710000000000001,0,0.061693750000000006,0.19871000000000003,0.5,0.5,-0.13020187500000002,,,,,,,normal
2972,10,scenario3_repeated_spike,RANDOM,50,3.439,0,0.062149375,0.199439,0.5,0.5,-0.1307941875,,,,,,,normal
2973,10,scenario3_repeated_spike,RANDOM,50,0.0,1,0.09,0.11199999999999999,0.5,0.5,-0.10099999999999999,,,,,,,normal
2974,10,scenario3_repeated_spike,RANDOM,50,1.0,0,0.060625,0.197,0.5,0.5,-0.1288125,,,,,,,normal
2975,10,scenario3_repeated_spike,RANDOM,50,0.0,1,0.09,0.11199999999999999,0.5,0.5,-0.10099999999999999,,,,,,,normal
2976,10,scenario3_repeated_spike,RANDOM,50,0.0,1,0.09,0.11199999999999999,0.5,0.5,-0.10099999999999999,,,,,,,normal
2977,10,scenario3_repeated_spike,RANDOM,50,0.0,1,0.09,0.11199999999999999,0.5,0.5,-0.10099999999999999,,,,,,,normal
2978,10,scenario3_repeated_spike,RANDOM,50,0.0,1,0.09,0.11199999999999999,0.5,0.5,-0.10099999999999999,,,,,,,normal
2979,10,scenario3_repeated_spike,RANDOM,50,1.0,0,0.060625,0.197,0.5,0.5,-0.1288125,,,,,,,normal
2980,10,scenario3_repeated_spike,RANDOM,50,1.9000000000000004,0,0.0611875,0.19790000000000002,0.5,0.5,-0.12954375,,,,,,,normal
2981,10,scenario3_repeated_spike,RANDOM,50,0.0,1,0.09,0.11199999999999999,0.5,0.5,-0.10099999999999999,,,,,,,normal
2982,10,scenario3_repeated_spike,RANDOM,50,1.0,0,0.060625,0.197,0.5,0.5,-0.1288125,,,,,,,normal
2983,10,scenario3_repeated_spike,RANDOM,50,1.9000000000000004,0,0.0611875,0.19790000000000002,0.5,0.5,-0.12954375,,,,,,,normal
2984,10,scenario3_repeated_spike,RANDOM,50,2.710000000000001,0,0.061693750000000006,0.19871000000000003,0.5,0.5,-0.13020187500000002,,,,,,,normal
2985,10,scenario3_repeated_spike,RANDOM,50,0.0,1,0.09,0.11199999999999999,0.5,0.5,-0.10099999999999999,,,,,,,normal
2986,10,scenario3_repeated_spike,RANDOM,50,1.0,0,0.060625,0.197,0.5,0.5,-0.1288125,,,,,,,normal
2987,10,scenario3_repeated_spike,RANDOM,50,0.0,1,0.09,0.11199999999999999,0.5,0.5,-0.10099999999999999,,,,,,,normal
2988,10,scenario3_repeated_spike,RANDOM,50,1.0,0,0.060625,0.197,0.5,0.5,-0.1288125,,,,,,,normal
2989,10,scenario3_repeated_spike,RANDOM,50,1.9000000000000004,0,0.0611875,0.19790000000000002,0.5,0.5,-0.12954375,,,,,,,normal
2990,10,scenario3_repeated_spike,RANDOM,50,2.710000000000001,0,0.061693750000000006,0.19871000000000003,0.5,0.5,-0.13020187500000002,,,,,,,normal
2991,10,scenario3_repeated_spike,RANDOM,50,0.0,1,0.09,0.11199999999999999,0.5,0.5,-0.10099999999999999,,,,,,,normal
2992,10,scenario3_repeated_spike,RANDOM,50,1.0,0,0.060625,0.197,0.5,0.5,-0.1288125,,,,,,,normal
2993,10,scenario3_repeated_spike,RANDOM,50,1.9000000000000004,0,0.0611875,0.19790000000000002,0.5,0.5,-0.12954375,,,,,,,normal
2994,10,scenario3_repeated_spike,RANDOM,50,0.0,1,0.09,0.11199999999999999,0.5,0.5,-0.10099999999999999,,,,,,,normal
2995,10,scenario3_repeated_spike,RANDOM,50,1.0,0,0.060625,0.197,0.5,0.5,-0.1288125,,,,,,,normal
2996,10,scenario3_repeated_spike,RANDOM,50,0.0,1,0.09,0.11199999999999999,0.5,0.5,-0.10099999999999999,,,,,,,normal
2997,10,scenario3_repeated_spike,RANDOM,50,0.0,1,0.09,0.11199999999999999,0.5,0.5,-0.10099999999999999,,,,,,,normal
2998,10,scenario3_repeated_spike,RANDOM,50,0.0,1,0.09,0.11199999999999999,0.5,0.5,-0.10099999999999999,,,,,,,normal
2999,10,scenario3_repeated_spike,RANDOM,50,1.0,0,0.060625,0.197,0.5,0.5,-0.1288125,,,,,,,normal
