timestep,seed,scenario,agent,workload_level,queue_avg,action,selected_latency_s,selected_energy_j,latency_weight,energy_weight,reward,actor_loss,critic_loss,td_error,td_lat,td_eng,replay_priority,phase
0,10,scenario2_single_spike,moper,50,10.0,0,0.06625,0.20600000000000002,0.5,0.5,-0.136125,,,,,,,normal
1,10,scenario2_single_spike,moper,50,4.0,1,0.09145454545454544,0.11316363636363636,0.5,0.5,-0.1023090909090909,,,,,,,normal
2,10,scenario2_single_spike,moper,50,0.0,1,0.09,0.11199999999999999,0.5,0.5,-0.10099999999999999,,,,,,,normal
3,10,scenario2_single_spike,moper,50,1.0,0,0.060625,0.197,0.5,0.5,-0.1288125,,,,,,,normal
4,10,scenario2_single_spike,moper,50,1.9000000000000004,0,0.0611875,0.19790000000000002,0.5,0.5,-0.12954375,,,,,,,normal
5,10,scenario2_single_spike,moper,50,0.0,1,0.09,0.11199999999999999,0.5,0.5,-0.10099999999999999,,,,,,,normal
6,10,scenario2_single_spike,moper,50,0.0,1,0.09,0.11199999999999999,0.5,0.5,-0.10099999999999999,,,,,,,normal
7,10,scenario2_single_spike,moper,50,0.0,1,0.09,0.11199999999999999,0.5,0.5,-0.10099999999999999,,,,,,,normal
8,10,scenario2_single_spike,moper,50,1.0,0,0.060625,0.197,0.5,0.5,-0.1288125,,,,,,,normal
9,10,scenario2_single_spike,moper,50,1.9000000000000004,0,0.0611875,0.19790000000000002,0.5,0.5,-0.12954375,,,,,,,normal
10,10,scenario2_single_spike,moper,50,0.0,1,0.09,0.11199999999999999,0.5,0.5,-0.10099999999999999,,,,,,,normal
11,10,scenario2_single_spike,moper,50,0.0,1,0.09,0.11199999999999999,0.5,0.5,-0.10099999999999999,,,,,,,normal
12,10,scenario2_single_spike,moper,50,1.0,0,0.060625,0.197,0.5,0.5,-0.1288125,,,,,,,normal
13,10,scenario2_single_spike,moper,50,1.9000000000000004,0,0.0611875,0.19790000000000002,0.5,0.5,-0.12954375,,,,,,,normal
14,10,scenario2_single_spike,moper,50,0.0,1,0.09,0.11199999999999999,0.5,0.5,-0.10099999999999999,,,,,,,normal
15,10,scenario2_single_spike,moper,50,1.0,0,0.060625,0.197,0.5,0.5,-0.1288125,,,,,,,normal
16,10,scenario2_single_spike,moper,50,0.0,1,0.09,0.11199999999999999,0.5,0.5,-0.10099999999999999,,,,,,,normal
17,10,scenario2_single_spike,moper,50,1.0,0,0.060625,0.197,0.5,0.5,-0.1288125,,,,,,,normal
18,10,scenario2_single_spike,moper,50,0.0,1,0.09,0.11199999999999999,0.5,0.5,-0.10099999999999999,,,,,,,normal
19,10,scenario2_single_spike,moper,50,0.0,1,0.09,0.11199999999999999,0.5,0.5,-0.10099999999999999,,,,,,,normal
20,10,scenario2_single_spike,moper,50,0.0,1,0.09,0.11199999999999999,0.5,0.5,-0.10099999999999999,,,,,,,normal
21,10,scenario2_single_spike,moper,50,0.0,1,0.09,0.11199999999999999,0.5,0.5,-0.10099999999999999,,,,,,,normal
22,10,scenario2_single_spike,moper,50,0.0,1,0.09,0.11199999999999999,0.5,0.5,-0.10099999999999999,,,,,,,normal
23,10,scenario2_single_spike,moper,50,0.0,1,0.09,0.11199999999999999,0.5,0.5,-0.10099999999999999,,,,,,,normal
24,10,scenario2_single_spike,moper,50,1.0,0,0.060625,0.197,0.5,0.5,-0.1288125,,,,,,,normal
25,10,scenario2_single_spike,moper,50,0.0,1,0.09,0.11199999999999999,0.5,0.5,-0.10099999999999999,,,,,,,normal
26,10,scenario2_single_spike,moper,50,0.0,1,0.09,0.11199999999999999,0.5,0.5,-0.10099999999999999,,,,,,,normal
27,10,scenario2_single_spike,moper,50,1.0,0,0.060625,0.197,0.5,0.5,-0.1288125,,,,,,,normal
28,10,scenario2_single_spike,moper,50,0.0,1,0.09,0.11199999999999999,0.5,0.5,-0.10099999999999999,,,,,,,normal
29,10,scenario2_single_spike,moper,50,1.0,0,0.060625,0.197,0.5,0.5,-0.1288125,,,,,,,normal
30,10,scenario2_single_spike,moper,50,0.0,1,0.09,0.11199999999999999,0.5,0.5,-0.10099999999999999,,,,,,,normal
31,10,scenario2_single_spike,moper,50,0.0,1,0.09,0.11199999999999999,0.5,0.5,-0.10099999999999999,,,,,,,normal
32,10,scenario2_single_spike,moper,50,1.0,0,0.060625,0.197,0.5,0.5,-0.1288125,,,,,,,normal
33,10,scenario2_single_spike,moper,50,1.9000000000000004,0,0.0611875,0.19790000000000002,0.5,0.5,-0.12954375,,,,,,,normal
34,10,scenario2_single_spike,moper,50,2.710000000000001,0,0.061693750000000006,0.19871000000000003,0.5,0.5,-0.13020187500000002,,,,,,,normal
35,10,scenario2_single_spike,moper,50,3.439,0,0.062149375,0.199439,0.5,0.5,-0.1307941875,,,,,,,normal
36,10,scenario2_single_spike,moper,50,4.0951,0,0.06255943750000001,0.20009510000000003,0.5,0.5,-0.13132726875,,,,,,,normal
37,10,scenario2_single_spike,moper,50,0.0,1,0.09,0.11199999999999999,0.5,0.5,-0.10099999999999999,,,,,,,normal
38,10,scenario2_single_spike,moper,50,0.0,1,0.09,0.11199999999999999,0.5,0.5,-0.10099999999999999,,,,,,,normal
39,10,scenario2_single_spike,moper,50,1.0,0,0.060625,0.197,0.5,0.5,-0.1288125,,,,,,,normal
40,10,scenario2_single_spike,moper,50,0.0,1,0.09,0.11199999999999999,0.5,0.5,-0.10099999999999999,,,,,,,normal
41,10,scenario2_single_spike,moper,50,0.0,1,0.09,0.11199999999999999,0.5,0.5,-0.10099999999999999,,,,,,,normal
42,10,scenario2_single_spike,moper,50,0.0,1,0.09,0.11199999999999999,0.5,0.5,-0.10099999999999999,,,,,,,normal
43,10,scenario2_single_spike,moper,50,0.0,1,0.09,0.11199999999999999,0.5,0.5,-0.10099999999999999,,,,,,,normal
44,10,scenario2_single_spike,moper,50,1.0,0,0.060625,0.197,0.5,0.5,-0.1288125,,,,,,,normal
45,10,scenario2_single_spike,moper,50,0.0,1,0.09,0.11199999999999999,0.5,0.5,-0.10099999999999999,,,,,,,normal
46,10,scenario2_single_spike,moper,50,1.0,0,0.060625,0.197,0.5,0.5,-0.1288125,,,,,,,normal
47,10,scenario2_single_spike,moper,50,1.9000000000000004,0,0.0611875,0.19790000000000002,0.5,0.5,-0.12954375,,,,,,,normal
48,10,scenario2_single_spike,moper,50,0.0,1,0.09,0.11199999999999999,0.5,0.5,-0.10099999999999999,,,,,,,normal
49,10,scenario2_single_spike,moper,50,1.0,0,0.060625,0.197,0.5,0.5,-0.1288125,,,,,,,normal
50,10,scenario2_single_spike,moper,50,1.9000000000000004,0,0.0611875,0.19790000000000002,0.5,0.5,-0.12954375,,,,,,,normal
51,10,scenario2_single_spike,moper,50,2.710000000000001,0,0.061693750000000006,0.19871000000000003,0.5,0.5,-0.13020187500000002,,,,,,,normal
52,10,scenario2_single_spike,moper,50,0.0,1,0.09,0.11199999999999999,0.5,0.5,-0.10099999999999999,,,,,,,normal
53,10,scenario2_single_spike,moper,50,0.0,1,0.09,0.11199999999999999,0.5,0.5,-0.10099999999999999,,,,,,,normal
54,10,scenario2_single_spike,moper,50,1.0,0,0.060625,0.197,0.5,0.5,-0.1288125,,,,,,,normal
55,10,scenario2_single_spike,moper,50,1.9000000000000004,0,0.0611875,0.19790000000000002,0.5,0.5,-0.12954375,,,,,,,normal
56,10,scenario2_single_spike,moper,50,2.710000000000001,0,0.061693750000000006,0.19871000000000003,0.5,0.5,-0.13020187500000002,,,,,,,normal
57,10,scenario2_single_spike,moper,50,0.0,1,0.09,0.11199999999999999,0.5,0.5,-0.10099999999999999,,,,,,,normal
58,10,scenario2_single_spike,moper,50,0.0,1,0.09,0.11199999999999999,0.5,0.5,-0.10099999999999999,,,,,,,normal
59,10,scenario2_single_spike,moper,50,1.0,0,0.060625,0.197,0.5,0.5,-0.1288125,,,,,,,normal
60,10,scenario2_single_spike,moper,50,1.9000000000000004,0,0.0611875,0.19790000000000002,0.5,0.5,-0.12954375,,,,,,,normal
61,10,scenario2_single_spike,moper,50,2.710000000000001,0,0.061693750000000006,0.19871000000000003,0.5,0.5,-0.13020187500000002,,,,,,,normal
62,10,scenario2_single_spike,moper,50,0.0,1,0.09,0.11199999999999999,0.5,0.5,-0.10099999999999999,,,,,,,normal
63,10,scenario2_single_spike,moper,50,1.0,0,0.060625,0.197,0.5,0.5,-0.1288125,,,,,,,normal
64,10,scenario2_single_spike,moper,50,1.9000000000000004,0,0.0611875,0.19790000000000002,0.5,0.5,-0.12954375,,,,,,,normal
65,10,scenario2_single_spike,moper,50,0.0,1,0.09,0.11199999999999999,0.5,0.5,-0.10099999999999999,,,,,,,normal
66,10,scenario2_single_spike,moper,50,0.0,1,0.09,0.11199999999999999,0.5,0.5,-0.10099999999999999,,,,,,,normal
67,10,scenario2_single_spike,moper,50,0.0,1,0.09,0.11199999999999999,0.5,0.5,-0.10099999999999999,,,,,,,normal
68,10,scenario2_single_spike,moper,50,0.0,1,0.09,0.11199999999999999,0.5,0.5,-0.10099999999999999,,,,,,,normal
69,10,scenario2_single_spike,moper,50,1.0,0,0.060625,0.197,0.5,0.5,-0.1288125,,,,,,,normal
70,10,scenario2_single_spike,moper,50,0.0,1,0.09,0.11199999999999999,0.5,0.5,-0.10099999999999999,,,,,,,normal
71,10,scenario2_single_spike,moper,50,1.0,0,0.060625,0.197,0.5,0.5,-0.1288125,,,,,,,normal
72,10,scenario2_single_spike,moper,50,1.9000000000000004,0,0.0611875,0.19790000000000002,0.5,0.5,-0.12954375,,,,,,,normal
73,10,scenario2_single_spike,moper,50,2.710000000000001,0,0.061693750000000006,0.19871000000000003,0.5,0.5,-0.13020187500000002,,,,,,,normal
74,10,scenario2_single_spike,moper,50,0.0,1,0.09,0.11199999999999999,0.5,0.5,-0.10099999999999999,,,,,,,normal
75,10,scenario2_single_spike,moper,50,0.0,1,0.09,0.11199999999999999,0.5,0.5,-0.10099999999999999,,,,,,,normal
76,10,scenario2_single_spike,moper,50,0.0,1,0.09,0.11199999999999999,0.5,0.5,-0.10099999999999999,,,,,,,normal
77,10,scenario2_single_spike,moper,50,1.0,0,0.060625,0.197,0.5,0.5,-0.1288125,,,,,,,normal
78,10,scenario2_single_spike,moper,50,1.9000000000000004,0,0.0611875,0.19790000000000002,0.5,0.5,-0.12954375,,,,,,,normal
79,10,scenario2_single_spike,moper,50,2.710000000000001,0,0.061693750000000006,0.19871000000000003,0.5,0.5,-0.13020187500000002,,,,,,,normal
80,10,scenario2_single_spike,moper,50,0.0,1,0.09,0.11199999999999999,0.5,0.5,-0.10099999999999999,,,,,,,normal
81,10,scenario2_single_spike,moper,50,0.0,1,0.09,0.11199999999999999,0.5,0.5,-0.10099999999999999,,,,,,,normal
82,10,scenario2_single_spike,moper,50,0.0,1,0.09,0.11199999999999999,0.5,0.5,-0.10099999999999999,,,,,,,normal
83,10,scenario2_single_spike,moper,50,0.0,1,0.09,0.11199999999999999,0.5,0.5,-0.10099999999999999,,,,,,,normal
84,10,scenario2_single_spike,moper,50,1.0,0,0.060625,0.197,0.5,0.5,-0.1288125,,,,,,,normal
85,10,scenario2_single_spike,moper,50,1.9000000000000004,0,0.0611875,0.19790000000000002,0.5,0.5,-0.12954375,,,,,,,normal
86,10,scenario2_single_spike,moper,50,2.710000000000001,0,0.061693750000000006,0.19871000000000003,0.5,0.5,-0.13020187500000002,,,,,,,normal
87,10,scenario2_single_spike,moper,50,0.0,1,0.09,0.11199999999999999,0.5,0.5,-0.10099999999999999,,,,,,,normal
88,10,scenario2_single_spike,moper,50,0.0,1,0.09,0.11199999999999999,0.5,0.5,-0.10099999999999999,,,,,,,normal
89,10,scenario2_single_spike,moper,50,1.0,0,0.060625,0.197,0.5,0.5,-0.1288125,,,,,,,normal
90,10,scenario2_single_spike,moper,50,1.9000000000000004,0,0.0611875,0.19790000000000002,0.5,0.5,-0.12954375,,,,,,,normal
91,10,scenario2_single_spike,moper,50,0.0,1,0.09,0.11199999999999999,0.5,0.5,-0.10099999999999999,,,,,,,normal
92,10,scenario2_single_spike,moper,50,0.0,1,0.09,0.11199999999999999,0.5,0.5,-0.10099999999999999,,,,,,,normal
93,10,scenario2_single_spike,moper,50,0.0,1,0.09,0.11199999999999999,0.5,0.5,-0.10099999999999999,,,,,,,normal
94,10,scenario2_single_spike,moper,50,1.0,0,0.060625,0.197,0.5,0.5,-0.1288125,,,,,,,normal
95,10,scenario2_single_spike,moper,50,0.0,1,0.09,0.11199999999999999,0.5,0.5,-0.10099999999999999,,,,,,,normal
96,10,scenario2_single_spike,moper,50,0.0,1,0.09,0.11199999999999999,0.5,0.5,-0.10099999999999999,,,,,,,normal
97,10,scenario2_single_spike,moper,50,1.0,0,0.060625,0.197,0.5,0.5,-0.1288125,,,,,,,normal
98,10,scenario2_single_spike,moper,50,0.0,1,0.09,0.11199999999999999,0.5,0.5,-0.10099999999999999,,,,,,,normal
99,10,scenario2_single_spike,moper,50,0.0,1,0.09,0.11199999999999999,0.5,0.5,-0.10099999999999999,,,,,,,normal
100,10,scenario2_single_spike,moper,50,0.0,1,0.09,0.11199999999999999,0.5,0.5,-0.10099999999999999,,,,,,,normal
101,10,scenario2_single_spike,moper,50,1.0,0,0.060625,0.197,0.5,0.5,-0.1288125,,,,,,,normal
102,10,scenario2_single_spike,moper,50,1.9000000000000004,0,0.0611875,0.19790000000000002,0.5,0.5,-0.12954375,,,,,,,normal
103,10,scenario2_single_spike,moper,50,0.0,1,0.09,0.11199999999999999,0.5,0.5,-0.10099999999999999,,,,,,,normal
104,10,scenario2_single_spike,moper,50,0.0,1,0.09,0.11199999999999999,0.5,0.5,-0.10099999999999999,,,,,,,normal
105,10,scenario2_single_spike,moper,50,0.0,1,0.09,0.11199999999999999,0.5,0.5,-0.10099999999999999,,,,,,,normal
106,10,scenario2_single_spike,moper,50,1.0,0,0.060625,0.197,0.5,0.5,-0.1288125,,,,,,,normal
107,10,scenario2_single_spike,moper,50,0.0,1,0.09,0.11199999999999999,0.5,0.5,-0.10099999999999999,,,,,,,normal
108,10,scenario2_single_spike,moper,50,0.0,1,0.09,0.11199999999999999,0.5,0.5,-0.10099999999999999,,,,,,,normal
109,10,scenario2_single_spike,moper,50,0.0,1,0.09,0.11199999999999999,0.5,0.5,-0.10099999999999999,,,,,,,normal
110,10,scenario2_single_spike,moper,50,0.0,1,0.09,0.11199999999999999,0.5,0.5,-0.10099999999999999,,,,,,,normal
111,10,scenario2_single_spike,moper,50,1.0,0,0.060625,0.197,0.5,0.5,-0.1288125,,,,,,,normal
112,10,scenario2_single_spike,moper,50,0.0,1,0.09,0.11199999999999999,0.5,0.5,-0.10099999999999999,,,,,,,normal
113,10,scenario2_single_spike,moper,50,1.0,0,0.060625,0.197,0.5,0.5,-0.1288125,,,,,,,normal
114,10,scenario2_single_spike,moper,50,0.0,1,0.09,0.11199999999999999,0.5,0.5,-0.10099999999999999,,,,,,,normal
115,10,scenario2_single_spike,moper,50,1.0,0,0.060625,0.197,0.5,0.5,-0.1288125,,,,,,,normal
116,10,scenario2_single_spike,moper,50,1.9000000000000004,0,0.0611875,0.19790000000000002,0.5,0.5,-0.12954375,,,,,,,normal
117,10,scenario2_single_spike,moper,50,0.0,1,0.09,0.11199999999999999,0.5,0.5,-0.10099999999999999,,,,,,,normal
118,10,scenario2_single_spike,moper,50,1.0,0,0.060625,0.197,0.5,0.5,-0.1288125,,,,,,,normal
119,10,scenario2_single_spike,moper,50,1.9000000000000004,0,0.0611875,0.19790000000000002,0.5,0.5,-0.12954375,,,,,,,normal
120,10,scenario2_single_spike,moper,50,0.0,1,0.09,0.11199999999999999,0.5,0.5,-0.10099999999999999,,,,,,,normal
121,10,scenario2_single_spike,moper,50,1.0,0,0.060625,0.197,0.5,0.5,-0.1288125,,,,,,,normal
122,10,scenario2_single_spike,moper,50,1.9000000000000004,0,0.0611875,0.19790000000000002,0.5,0.5,-0.12954375,,,,,,,normal
123,10,scenario2_single_spike,moper,50,2.710000000000001,0,0.061693750000000006,0.19871000000000003,0.5,0.5,-0.13020187500000002,,,,,,,normal
124,10,scenario2_single_spike,moper,50,0.0,1,0.09,0.11199999999999999,0.5,0.5,-0.10099999999999999,,,,,,,normal
125,10,scenario2_single_spike,moper,50,0.0,1,0.09,0.11199999999999999,0.5,0.5,-0.10099999999999999,,,,,,,normal
126,10,scenario2_single_spike,moper,50,1.0,0,0.060625,0.197,0.5,0.5,-0.1288125,,,,,,,normal
127,10,scenario2_single_spike,moper,50,0.0,1,0.09,0.11199999999999999,0.5,0.5,-0.10099999999999999,,,,,,,normal
128,10,scenario2_single_spike,moper,50,0.0,1,0.09,0.11199999999999999,0.5,0.5,-0.10099999999999999,,,,,,,normal
129,10,scenario2_single_spike,moper,50,0.0,1,0.09,0.11199999999999999,0.5,0.5,-0.10099999999999999,,,,,,,normal
130,10,scenario2_single_spike,moper,50,0.0,1,0.09,0.11199999999999999,0.5,0.5,-0.10099999999999999,,,,,,,normal
131,10,scenario2_single_spike,moper,50,0.0,1,0.09,0.11199999999999999,0.5,0.5,-0.10099999999999999,,,,,,,normal
132,10,scenario2_single_spike,moper,50,0.0,1,0.09,0.11199999999999999,0.5,0.5,-0.10099999999999999,,,,,,,normal
133,10,scenario2_single_spike,moper,50,0.0,1,0.09,0.11199999999999999,0.5,0.5,-0.10099999999999999,,,,,,,normal
134,10,scenario2_single_spike,moper,50,0.0,1,0.09,0.11199999999999999,0.5,0.5,-0.10099999999999999,,,,,,,normal
135,10,scenario2_single_spike,moper,50,1.0,0,0.060625,0.197,0.5,0.5,-0.1288125,,,,,,,normal
136,10,scenario2_single_spike,moper,50,1.9000000000000004,0,0.0611875,0.19790000000000002,0.5,0.5,-0.12954375,,,,,,,normal
137,10,scenario2_single_spike,moper,50,0.0,1,0.09,0.11199999999999999,0.5,0.5,-0.10099999999999999,,,,,,,normal
138,10,scenario2_single_spike,moper,50,1.0,0,0.060625,0.197,0.5,0.5,-0.1288125,,,,,,,normal
139,10,scenario2_single_spike,moper,50,1.9000000000000004,0,0.0611875,0.19790000000000002,0.5,0.5,-0.12954375,,,,,,,normal
140,10,scenario2_single_spike,moper,50,0.0,1,0.09,0.11199999999999999,0.5,0.5,-0.10099999999999999,,,,,,,normal
141,10,scenario2_single_spike,moper,50,1.0,0,0.060625,0.197,0.5,0.5,-0.1288125,,,,,,,normal
142,10,scenario2_single_spike,moper,50,1.9000000000000004,0,0.0611875,0.19790000000000002,0.5,0.5,-0.12954375,,,,,,,normal
143,10,scenario2_single_spike,moper,50,0.0,1,0.09,0.11199999999999999,0.5,0.5,-0.10099999999999999,,,,,,,normal
144,10,scenario2_single_spike,moper,50,0.0,1,0.09,0.11199999999999999,0.5,0.5,-0.10099999999999999,,,,,,,normal
145,10,scenario2_single_spike,moper,50,1.0,0,0.060625,0.197,0.5,0.5,-0.1288125,,,,,,,normal
146,10,scenario2_single_spike,moper,50,0.0,1,0.09,0.11199999999999999,0.5,0.5,-0.10099999999999999,,,,,,,normal
147,10,scenario2_single_spike,moper,50,1.0,0,0.060625,0.197,0.5,0.5,-0.1288125,,,,,,,normal
148,10,scenario2_single_spike,moper,50,1.9000000000000004,0,0.0611875,0.19790000000000002,0.5,0.5,-0.12954375,,,,,,,normal
149,10,scenario2_single_spike,moper,50,2.710000000000001,0,0.061693750000000006,0.19871000000000003,0.5,0.5,-0.13020187500000002,,,,,,,normal
150,10,scenario2_single_spike,moper,50,0.0,1,0.09,0.11199999999999999,0.5,0.5,-0.10099999999999999,,,,,,,normal
151,10,scenario2_single_spike,moper,50,1.0,0,0.060625,0.197,0.5,0.5,-0.1288125,,,,,,,normal
152,10,scenario2_single_spike,moper,50,0.0,1,0.09,0.11199999999999999,0.5,0.5,-0.10099999999999999,,,,,,,normal
153,10,scenario2_single_spike,moper,50,1.0,0,0.060625,0.197,0.5,0.5,-0.1288125,,,,,,,normal
154,10,scenario2_single_spike,moper,50,0.0,1,0.09,0.11199999999999999,0.5,0.5,-0.10099999999999999,,,,,,,normal
155,10,scenario2_single_spike,moper,50,0.0,1,0.09,0.11199999999999999,0.5,0.5,-0.10099999999999999,,,,,,,normal
156,10,scenario2_single_spike,moper,50,1.0,0,0.060625,0.197,0.5,0.5,-0.1288125,,,,,,,normal
157,10,scenario2_single_spike,moper,50,0.0,1,0.09,0.11199999999999999,0.5,0.5,-0.10099999999999999,,,,,,,normal
158,10,scenario2_single_spike,moper,50,1.0,0,0.060625,0.197,0.5,0.5,-0.1288125,,,,,,,normal
159,10,scenario2_single_spike,moper,50,1.9000000000000004,0,0.0611875,0.19790000000000002,0.5,0.5,-0.12954375,,,,,,,normal
160,10,scenario2_single_spike,moper,50,2.710000000000001,0,0.061693750000000006,0.19871000000000003,0.5,0.5,-0.13020187500000002,,,,,,,normal
161,10,scenario2_single_spike,moper,50,0.0,1,0.09,0.11199999999999999,0.5,0.5,-0.10099999999999999,,,,,,,normal
162,10,scenario2_single_spike,moper,50,1.0,0,0.060625,0.197,0.5,0.5,-0.1288125,,,,,,,normal
163,10,scenario2_single_spike,moper,50,1.9000000000000004,0,0.0611875,0.19790000000000002,0.5,0.5,-0.12954375,,,,,,,normal
164,10,scenario2_single_spike,moper,50,0.0,1,0.09,0.11199999999999999,0.5,0.5,-0.10099999999999999,,,,,,,normal
165,10,scenario2_single_spike,moper,50,0.0,1,0.09,0.11199999999999999,0.5,0.5,-0.10099999999999999,,,,,,,normal
166,10,scenario2_single_spike,moper,50,0.0,1,0.09,0.11199999999999999,0.5,0.5,-0.10099999999999999,,,,,,,normal
167,10,scenario2_single_spike,moper,50,0.0,1,0.09,0.11199999999999999,0.5,0.5,-0.10099999999999999,,,,,,,normal
168,10,scenario2_single_spike,moper,50,1.0,0,0.060625,0.197,0.5,0.5,-0.1288125,,,,,,,normal
169,10,scenario2_single_spike,moper,50,0.0,1,0.09,0.11199999999999999,0.5,0.5,-0.10099999999999999,,,,,,,normal
170,10,scenario2_single_spike,moper,50,0.0,1,0.09,0.11199999999999999,0.5,0.5,-0.10099999999999999,,,,,,,normal
171,10,scenario2_single_spike,moper,50,1.0,0,0.060625,0.197,0.5,0.5,-0.1288125,,,,,,,normal
172,10,scenario2_single_spike,moper,50,1.9000000000000004,0,0.0611875,0.19790000000000002,0.5,0.5,-0.12954375,,,,,,,normal
173,10,scenario2_single_spike,moper,50,2.710000000000001,0,0.061693750000000006,0.19871000000000003,0.5,0.5,-0.13020187500000002,,,,,,,normal
174,10,scenario2_single_spike,moper,50,0.0,1,0.09,0.11199999999999999,0.5,0.5,-0.10099999999999999,,,,,,,normal
175,10,scenario2_single_spike,moper,50,0.0,1,0.09,0.11199999999999999,0.5,0.5,-0.10099999999999999,,,,,,,normal
176,10,scenario2_single_spike,moper,50,0.0,1,0.09,0.11199999999999999,0.5,0.5,-0.10099999999999999,,,,,,,normal
177,10,scenario2_single_spike,moper,50,1.0,0,0.060625,0.197,0.5,0.5,-0.1288125,,,,,,,normal
178,10,scenario2_single_spike,moper,50,1.9000000000000004,0,0.0611875,0.19790000000000002,0.5,0.5,-0.12954375,,,,,,,normal
179,10,scenario2_single_spike,moper,50,0.0,1,0.09,0.11199999999999999,0.5,0.5,-0.10099999999999999,,,,,,,normal
180,10,scenario2_single_spike,moper,50,1.0,0,0.060625,0.197,0.5,0.5,-0.1288125,,,,,,,normal
181,10,scenario2_single_spike,moper,50,1.9000000000000004,0,0.0611875,0.19790000000000002,0.5,0.5,-0.12954375,,,,,,,normal
182,10,scenario2_single_spike,moper,50,0.0,1,0.09,0.11199999999999999,0.5,0.5,-0.10099999999999999,,,,,,,normal
183,10,scenario2_single_spike,moper,50,0.0,1,0.09,0.11199999999999999,0.5,0.5,-0.10099999999999999,,,,,,,normal
184,10,scenario2_single_spike,moper,50,0.0,1,0.09,0.11199999999999999,0.5,0.5,-0.10099999999999999,,,,,,,normal
185,10,scenario2_single_spike,moper,50,0.0,1,0.09,0.11199999999999999,0.5,0.5,-0.10099999999999999,,,,,,,normal
186,10,scenario2_single_spike,moper,50,0.0,1,0.09,0.11199999999999999,0.5,0.5,-0.10099999999999999,,,,,,,normal
187,10,scenario2_single_spike,moper,50,1.0,0,0.060625,0.197,0.5,0.5,-0.1288125,,,,,,,normal
188,10,scenario2_single_spike,moper,50,0.0,1,0.09,0.11199999999999999,0.5,0.5,-0.10099999999999999,,,,,,,normal
189,10,scenario2_single_spike,moper,50,0.0,1,0.09,0.11199999999999999,0.5,0.5,-0.10099999999999999,,,,,,,normal
190,10,scenario2_single_spike,moper,50,0.0,1,0.09,0.11199999999999999,0.5,0.5,-0.10099999999999999,,,,,,,normal
191,10,scenario2_single_spike,moper,50,0.0,1,0.09,0.11199999999999999,0.5,0.5,-0.10099999999999999,,,,,,,normal
192,10,scenario2_single_spike,moper,50,0.0,1,0.09,0.11199999999999999,0.5,0.5,-0.10099999999999999,,,,,,,normal
193,10,scenario2_single_spike,moper,50,0.0,1,0.09,0.11199999999999999,0.5,0.5,-0.10099999999999999,,,,,,,normal
194,10,scenario2_single_spike,moper,50,0.0,1,0.09,0.11199999999999999,0.5,0.5,-0.10099999999999999,,,,,,,normal
195,10,scenario2_single_spike,moper,50,0.0,1,0.09,0.11199999999999999,0.5,0.5,-0.10099999999999999,,,,,,,normal
196,10,scenario2_single_spike,moper,50,0.0,1,0.09,0.11199999999999999,0.5,0.5,-0.10099999999999999,,,,,,,normal
197,10,scenario2_single_spike,moper,50,0.0,1,0.09,0.11199999999999999,0.5,0.5,-0.10099999999999999,,,,,,,normal
198,10,scenario2_single_spike,moper,50,0.0,1,0.09,0.11199999999999999,0.5,0.5,-0.10099999999999999,,,,,,,normal
199,10,scenario2_single_spike,moper,50,0.0,1,0.09,0.11199999999999999,0.5,0.5,-0.10099999999999999,,,,,,,normal
200,10,scenario2_single_spike,moper,50,0.0,1,0.09,0.11199999999999999,0.5,0.5,-0.10099999999999999,,,,,,,normal
201,10,scenario2_single_spike,moper,50,0.0,1,0.09,0.11199999999999999,0.5,0.5,-0.10099999999999999,,,,,,,normal
202,10,scenario2_single_spike,moper,50,1.0,0,0.060625,0.197,0.5,0.5,-0.1288125,,,,,,,normal
203,10,scenario2_single_spike,moper,50,0.0,1,0.09,0.11199999999999999,0.5,0.5,-0.10099999999999999,,,,,,,normal
204,10,scenario2_single_spike,moper,50,0.0,1,0.09,0.11199999999999999,0.5,0.5,-0.10099999999999999,,,,,,,normal
205,10,scenario2_single_spike,moper,50,1.0,0,0.060625,0.197,0.5,0.5,-0.1288125,,,,,,,normal
206,10,scenario2_single_spike,moper,50,0.0,1,0.09,0.11199999999999999,0.5,0.5,-0.10099999999999999,,,,,,,normal
207,10,scenario2_single_spike,moper,50,1.0,0,0.060625,0.197,0.5,0.5,-0.1288125,,,,,,,normal
208,10,scenario2_single_spike,moper,50,0.0,1,0.09,0.11199999999999999,0.5,0.5,-0.10099999999999999,,,,,,,normal
209,10,scenario2_single_spike,moper,50,1.0,0,0.060625,0.197,0.5,0.5,-0.1288125,,,,,,,normal
210,10,scenario2_single_spike,moper,50,0.0,1,0.09,0.11199999999999999,0.5,0.5,-0.10099999999999999,,,,,,,normal
211,10,scenario2_single_spike,moper,50,0.0,1,0.09,0.11199999999999999,0.5,0.5,-0.10099999999999999,,,,,,,normal
212,10,scenario2_single_spike,moper,50,1.0,0,0.060625,0.197,0.5,0.5,-0.1288125,,,,,,,normal
213,10,scenario2_single_spike,moper,50,0.0,1,0.09,0.11199999999999999,0.5,0.5,-0.10099999999999999,,,,,,,normal
214,10,scenario2_single_spike,moper,50,0.0,1,0.09,0.11199999999999999,0.5,0.5,-0.10099999999999999,,,,,,,normal
215,10,scenario2_single_spike,moper,50,0.0,1,0.09,0.11199999999999999,0.5,0.5,-0.10099999999999999,,,,,,,normal
216,10,scenario2_single_spike,moper,50,1.0,0,0.060625,0.197,0.5,0.5,-0.1288125,,,,,,,normal
217,10,scenario2_single_spike,moper,50,1.9000000000000004,0,0.0611875,0.19790000000000002,0.5,0.5,-0.12954375,,,,,,,normal
218,10,scenario2_single_spike,moper,50,2.710000000000001,0,0.061693750000000006,0.19871000000000003,0.5,0.5,-0.13020187500000002,,,,,,,normal
219,10,scenario2_single_spike,moper,50,0.0,1,0.09,0.11199999999999999,0.5,0.5,-0.10099999999999999,,,,,,,normal
220,10,scenario2_single_spike,moper,50,1.0,0,0.060625,0.197,0.5,0.5,-0.1288125,,,,,,,normal
221,10,scenario2_single_spike,moper,50,1.9000000000000004,0,0.0611875,0.19790000000000002,0.5,0.5,-0.12954375,,,,,,,normal
222,10,scenario2_single_spike,moper,50,2.710000000000001,0,0.061693750000000006,0.19871000000000003,0.5,0.5,-0.13020187500000002,,,,,,,normal
223,10,scenario2_single_spike,moper,50,3.439,0,0.062149375,0.199439,0.5,0.5,-0.1307941875,,,,,,,normal
224,10,scenario2_single_spike,moper,50,0.0,1,0.09,0.11199999999999999,0.5,0.5,-0.10099999999999999,,,,,,,normal
225,10,scenario2_single_spike,moper,50,1.0,0,0.060625,0.197,0.5,0.5,-0.1288125,,,,,,,normal
226,10,scenario2_single_spike,moper,50,0.0,1,0.09,0.11199999999999999,0.5,0.5,-0.10099999999999999,,,,,,,normal
227,10,scenario2_single_spike,moper,50,1.0,0,0.060625,0.197,0.5,0.5,-0.1288125,,,,,,,normal
228,10,scenario2_single_spike,moper,50,0.0,1,0.09,0.11199999999999999,0.5,0.5,-0.10099999999999999,,,,,,,normal
229,10,scenario2_single_spike,moper,50,1.0,0,0.060625,0.197,0.5,0.5,-0.1288125,,,,,,,normal
230,10,scenario2_single_spike,moper,50,0.0,1,0.09,0.11199999999999999,0.5,0.5,-0.10099999999999999,,,,,,,normal
231,10,scenario2_single_spike,moper,50,1.0,0,0.060625,0.197,0.5,0.5,-0.1288125,,,,,,,normal
232,10,scenario2_single_spike,moper,50,0.0,1,0.09,0.11199999999999999,0.5,0.5,-0.10099999999999999,,,,,,,normal
233,10,scenario2_single_spike,moper,50,1.0,0,0.060625,0.197,0.5,0.5,-0.1288125,,,,,,,normal
234,10,scenario2_single_spike,moper,50,1.9000000000000004,0,0.0611875,0.19790000000000002,0.5,0.5,-0.12954375,,,,,,,normal
235,10,scenario2_single_spike,moper,50,2.710000000000001,0,0.061693750000000006,0.19871000000000003,0.5,0.5,-0.13020187500000002,,,,,,,normal
236,10,scenario2_single_spike,moper,50,0.0,1,0.09,0.11199999999999999,0.5,0.5,-0.10099999999999999,,,,,,,normal
237,10,scenario2_single_spike,moper,50,0.0,1,0.09,0.11199999999999999,0.5,0.5,-0.10099999999999999,,,,,,,normal
238,10,scenario2_single_spike,moper,50,0.0,1,0.09,0.11199999999999999,0.5,0.5,-0.10099999999999999,,,,,,,normal
239,10,scenario2_single_spike,moper,50,1.0,0,0.060625,0.197,0.5,0.5,-0.1288125,,,,,,,normal
240,10,scenario2_single_spike,moper,50,1.9000000000000004,0,0.0611875,0.19790000000000002,0.5,0.5,-0.12954375,,,,,,,normal
241,10,scenario2_single_spike,moper,50,2.710000000000001,0,0.061693750000000006,0.19871000000000003,0.5,0.5,-0.13020187500000002,,,,,,,normal
242,10,scenario2_single_spike,moper,50,0.0,1,0.09,0.11199999999999999,0.5,0.5,-0.10099999999999999,,,,,,,normal
243,10,scenario2_single_spike,moper,50,1.0,0,0.060625,0.197,0.5,0.5,-0.1288125,,,,,,,normal
244,10,scenario2_single_spike,moper,50,1.9000000000000004,0,0.0611875,0.19790000000000002,0.5,0.5,-0.12954375,,,,,,,normal
245,10,scenario2_single_spike,moper,50,0.0,1,0.09,0.11199999999999999,0.5,0.5,-0.10099999999999999,,,,,,,normal
246,10,scenario2_single_spike,moper,50,1.0,0,0.060625,0.197,0.5,0.5,-0.1288125,,,,,,,normal
247,10,scenario2_single_spike,moper,50,0.0,1,0.09,0.11199999999999999,0.5,0.5,-0.10099999999999999,,,,,,,normal
248,10,scenario2_single_spike,moper,50,0.0,1,0.09,0.11199999999999999,0.5,0.5,-0.10099999999999999,,,,,,,normal
249,10,scenario2_single_spike,moper,50,0.0,1,0.09,0.11199999999999999,0.5,0.5,-0.10099999999999999,,,,,,,normal
250,10,scenario2_single_spike,moper,50,1.0,0,0.060625,0.197,0.5,0.5,-0.1288125,,,,,,,normal
251,10,scenario2_single_spike,moper,50,1.9000000000000004,0,0.0611875,0.19790000000000002,0.5,0.5,-0.12954375,,,,,,,normal
252,10,scenario2_single_spike,moper,50,0.0,1,0.09,0.11199999999999999,0.5,0.5,-0.10099999999999999,,,,,,,normal
253,10,scenario2_single_spike,moper,50,0.0,1,0.09,0.11199999999999999,0.5,0.5,-0.10099999999999999,,,,,,,normal
254,10,scenario2_single_spike,moper,50,0.0,1,0.09,0.11199999999999999,0.5,0.5,-0.10099999999999999,,,,,,,normal
255,10,scenario2_single_spike,moper,50,0.0,1,0.09,0.11199999999999999,0.5,0.5,-0.10099999999999999,,,,,,,normal
256,10,scenario2_single_spike,moper,50,1.0,0,0.060625,0.197,0.5,0.5,-0.1288125,,,,,,,normal
257,10,scenario2_single_spike,moper,50,0.0,1,0.09,0.11199999999999999,0.5,0.5,-0.10099999999999999,,,,,,,normal
258,10,scenario2_single_spike,moper,50,0.0,1,0.09,0.11199999999999999,0.5,0.5,-0.10099999999999999,,,,,,,normal
259,10,scenario2_single_spike,moper,50,0.0,1,0.09,0.11199999999999999,0.5,0.5,-0.10099999999999999,,,,,,,normal
260,10,scenario2_single_spike,moper,50,0.0,1,0.09,0.11199999999999999,0.5,0.5,-0.10099999999999999,,,,,,,normal
261,10,scenario2_single_spike,moper,50,0.0,1,0.09,0.11199999999999999,0.5,0.5,-0.10099999999999999,,,,,,,normal
262,10,scenario2_single_spike,moper,50,1.0,0,0.060625,0.197,0.5,0.5,-0.1288125,,,,,,,normal
263,10,scenario2_single_spike,moper,50,1.9000000000000004,0,0.0611875,0.19790000000000002,0.5,0.5,-0.12954375,,,,,,,normal
264,10,scenario2_single_spike,moper,50,0.0,1,0.09,0.11199999999999999,0.5,0.5,-0.10099999999999999,,,,,,,normal
265,10,scenario2_single_spike,moper,50,1.0,0,0.060625,0.197,0.5,0.5,-0.1288125,,,,,,,normal
266,10,scenario2_single_spike,moper,50,1.9000000000000004,0,0.0611875,0.19790000000000002,0.5,0.5,-0.12954375,,,,,,,normal
267,10,scenario2_single_spike,moper,50,2.710000000000001,0,0.061693750000000006,0.19871000000000003,0.5,0.5,-0.13020187500000002,,,,,,,normal
268,10,scenario2_single_spike,moper,50,3.439,0,0.062149375,0.199439,0.5,0.5,-0.1307941875,,,,,,,normal
269,10,scenario2_single_spike,moper,50,0.0,1,0.09,0.11199999999999999,0.5,0.5,-0.10099999999999999,,,,,,,normal
270,10,scenario2_single_spike,moper,50,0.0,1,0.09,0.11199999999999999,0.5,0.5,-0.10099999999999999,,,,,,,normal
271,10,scenario2_single_spike,moper,50,0.0,1,0.09,0.11199999999999999,0.5,0.5,-0.10099999999999999,,,,,,,normal
272,10,scenario2_single_spike,moper,50,1.0,0,0.060625,0.197,0.5,0.5,-0.1288125,,,,,,,normal
273,10,scenario2_single_spike,moper,50,1.9000000000000004,0,0.0611875,0.19790000000000002,0.5,0.5,-0.12954375,,,,,,,normal
274,10,scenario2_single_spike,moper,50,2.710000000000001,0,0.061693750000000006,0.19871000000000003,0.5,0.5,-0.13020187500000002,,,,,,,normal
275,10,scenario2_single_spike,moper,50,0.0,1,0.09,0.11199999999999999,0.5,0.5,-0.10099999999999999,,,,,,,normal
276,10,scenario2_single_spike,moper,50,1.0,0,0.060625,0.197,0.5,0.5,-0.1288125,,,,,,,normal
277,10,scenario2_single_spike,moper,50,1.9000000000000004,0,0.0611875,0.19790000000000002,0.5,0.5,-0.12954375,,,,,,,normal
278,10,scenario2_single_spike,moper,50,2.710000000000001,0,0.061693750000000006,0.19871000000000003,0.5,0.5,-0.13020187500000002,,,,,,,normal
279,10,scenario2_single_spike,moper,50,3.439,0,0.062149375,0.199439,0.5,0.5,-0.1307941875,,,,,,,normal
280,10,scenario2_single_spike,moper,50,0.0,1,0.09,0.11199999999999999,0.5,0.5,-0.10099999999999999,,,,,,,normal
281,10,scenario2_single_spike,moper,50,1.0,0,0.060625,0.197,0.5,0.5,-0.1288125,,,,,,,normal
282,10,scenario2_single_spike,moper,50,0.0,1,0.09,0.11199999999999999,0.5,0.5,-0.10099999999999999,,,,,,,normal
283,10,scenario2_single_spike,moper,50,1.0,0,0.060625,0.197,0.5,0.5,-0.1288125,,,,,,,normal
284,10,scenario2_single_spike,moper,50,0.0,1,0.09,0.11199999999999999,0.5,0.5,-0.10099999999999999,,,,,,,normal
285,10,scenario2_single_spike,moper,50,0.0,1,0.09,0.11199999999999999,0.5,0.5,-0.10099999999999999,,,,,,,normal
286,10,scenario2_single_spike,moper,50,1.0,0,0.060625,0.197,0.5,0.5,-0.1288125,,,,,,,normal
287,10,scenario2_single_spike,moper,50,0.0,1,0.09,0.11199999999999999,0.5,0.5,-0.10099999999999999,,,,,,,normal
288,10,scenario2_single_spike,moper,50,1.0,0,0.060625,0.197,0.5,0.5,-0.1288125,,,,,,,normal
289,10,scenario2_single_spike,moper,50,0.0,1,0.09,0.11199999999999999,0.5,0.5,-0.10099999999999999,,,,,,,normal
290,10,scenario2_single_spike,moper,50,1.0,0,0.060625,0.197,0.5,0.5,-0.1288125,,,,,,,normal
291,10,scenario2_single_spike,moper,50,1.9000000000000004,0,0.0611875,0.19790000000000002,0.5,0.5,-0.12954375,,,,,,,normal
292,10,scenario2_single_spike,moper,50,0.0,1,0.09,0.11199999999999999,0.5,0.5,-0.10099999999999999,,,,,,,normal
293,10,scenario2_single_spike,moper,50,0.0,1,0.09,0.11199999999999999,0.5,0.5,-0.10099999999999999,,,,,,,normal
294,10,scenario2_single_spike,moper,50,0.0,1,0.09,0.11199999999999999,0.5,0.5,-0.10099999999999999,,,,,,,normal
295,10,scenario2_single_spike,moper,50,1.0,0,0.060625,0.197,0.5,0.5,-0.1288125,,,,,,,normal
296,10,scenario2_single_spike,moper,50,1.9000000000000004,0,0.0611875,0.19790000000000002,0.5,0.5,-0.12954375,,,,,,,normal
297,10,scenario2_single_spike,moper,50,2.710000000000001,0,0.061693750000000006,0.19871000000000003,0.5,0.5,-0.13020187500000002,,,,,,,normal
298,10,scenario2_single_spike,moper,50,0.0,1,0.09,0.11199999999999999,0.5,0.5,-0.10099999999999999,,,,,,,normal
299,10,scenario2_single_spike,moper,50,1.0,0,0.060625,0.197,0.5,0.5,-0.1288125,,,,,,,normal
300,10,scenario2_single_spike,moper,50,0.0,1,0.09,0.11199999999999999,0.5,0.5,-0.10099999999999999,,,,,,,normal
301,10,scenario2_single_spike,moper,50,1.0,0,0.060625,0.197,0.5,0.5,-0.1288125,,,,,,,normal
302,10,scenario2_single_spike,moper,50,0.0,1,0.09,0.11199999999999999,0.5,0.5,-0.10099999999999999,,,,,,,normal
303,10,scenario2_single_spike,moper,50,1.0,0,0.060625,0.197,0.5,0.5,-0.1288125,,,,,,,normal
304,10,scenario2_single_spike,moper,50,1.9000000000000004,0,0.0611875,0.19790000000000002,0.5,0.5,-0.12954375,,,,,,,normal
305,10,scenario2_single_spike,moper,50,2.710000000000001,0,0.061693750000000006,0.19871000000000003,0.5,0.5,-0.13020187500000002,,,,,,,normal
306,10,scenario2_single_spike,moper,50,0.0,1,0.09,0.11199999999999999,0.5,0.5,-0.10099999999999999,,,,,,,normal
307,10,scenario2_single_spike,moper,50,0.0,1,0.09,0.11199999999999999,0.5,0.5,-0.10099999999999999,,,,,,,normal
308,10,scenario2_single_spike,moper,50,0.0,1,0.09,0.11199999999999999,0.5,0.5,-0.10099999999999999,,,,,,,normal
309,10,scenario2_single_spike,moper,50,1.0,0,0.060625,0.197,0.5,0.5,-0.1288125,,,,,,,normal
310,10,scenario2_single_spike,moper,50,0.0,1,0.09,0.11199999999999999,0.5,0.5,-0.10099999999999999,,,,,,,normal
311,10,scenario2_single_spike,moper,50,0.0,1,0.09,0.11199999999999999,0.5,0.5,-0.10099999999999999,,,,,,,normal
312,10,scenario2_single_spike,moper,50,1.0,0,0.060625,0.197,0.5,0.5,-0.1288125,,,,,,,normal
313,10,scenario2_single_spike,moper,50,0.0,1,0.09,0.11199999999999999,0.5,0.5,-0.10099999999999999,,,,,,,normal
314,10,scenario2_single_spike,moper,50,1.0,0,0.060625,0.197,0.5,0.5,-0.1288125,,,,,,,normal
315,10,scenario2_single_spike,moper,50,1.9000000000000004,0,0.0611875,0.19790000000000002,0.5,0.5,-0.12954375,,,,,,,normal
316,10,scenario2_single_spike,moper,50,0.0,1,0.09,0.11199999999999999,0.5,0.5,-0.10099999999999999,,,,,,,normal
317,10,scenario2_single_spike,moper,50,1.0,0,0.060625,0.197,0.5,0.5,-0.1288125,,,,,,,normal
318,10,scenario2_single_spike,moper,50,1.9000000000000004,0,0.0611875,0.19790000000000002,0.5,0.5,-0.12954375,,,,,,,normal
319,10,scenario2_single_spike,moper,50,0.0,1,0.09,0.11199999999999999,0.5,0.5,-0.10099999999999999,,,,,,,normal
320,10,scenario2_single_spike,moper,50,1.0,0,0.060625,0.197,0.5,0.5,-0.1288125,,,,,,,normal
321,10,scenario2_single_spike,moper,50,0.0,1,0.09,0.11199999999999999,0.5,0.5,-0.10099999999999999,,,,,,,normal
322,10,scenario2_single_spike,moper,50,1.0,0,0.060625,0.197,0.5,0.5,-0.1288125,,,,,,,normal
323,10,scenario2_single_spike,moper,50,0.0,1,0.09,0.11199999999999999,0.5,0.5,-0.10099999999999999,,,,,,,normal
324,10,scenario2_single_spike,moper,50,0.0,1,0.09,0.11199999999999999,0.5,0.5,-0.10099999999999999,,,,,,,normal
325,10,scenario2_single_spike,moper,50,1.0,0,0.060625,0.197,0.5,0.5,-0.1288125,,,,,,,normal
326,10,scenario2_single_spike,moper,50,1.9000000000000004,0,0.0611875,0.19790000000000002,0.5,0.5,-0.12954375,,,,,,,normal
327,10,scenario2_single_spike,moper,50,2.710000000000001,0,0.061693750000000006,0.19871000000000003,0.5,0.5,-0.13020187500000002,,,,,,,normal
328,10,scenario2_single_spike,moper,50,3.439,0,0.062149375,0.199439,0.5,0.5,-0.1307941875,,,,,,,normal
329,10,scenario2_single_spike,moper,50,0.0,1,0.09,0.11199999999999999,0.5,0.5,-0.10099999999999999,,,,,,,normal
330,10,scenario2_single_spike,moper,50,1.0,0,0.060625,0.197,0.5,0.5,-0.1288125,,,,,,,normal
331,10,scenario2_single_spike,moper,50,1.9000000000000004,0,0.0611875,0.19790000000000002,0.5,0.5,-0.12954375,,,,,,,normal
332,10,scenario2_single_spike,moper,50,0.0,1,0.09,0.11199999999999999,0.5,0.5,-0.10099999999999999,,,,,,,normal
333,10,scenario2_single_spike,moper,50,0.0,1,0.09,0.11199999999999999,0.5,0.5,-0.10099999999999999,,,,,,,normal
334,10,scenario2_single_spike,moper,50,1.0,0,0.060625,0.197,0.5,0.5,-0.1288125,,,,,,,normal
335,10,scenario2_single_spike,moper,50,1.9000000000000004,0,0.0611875,0.19790000000000002,0.5,0.5,-0.12954375,,,,,,,normal
336,10,scenario2_single_spike,moper,50,0.0,1,0.09,0.11199999999999999,0.5,0.5,-0.10099999999999999,,,,,,,normal
337,10,scenario2_single_spike,moper,50,0.0,1,0.09,0.11199999999999999,0.5,0.5,-0.10099999999999999,,,,,,,normal
338,10,scenario2_single_spike,moper,50,0.0,1,0.09,0.11199999999999999,0.5,0.5,-0.10099999999999999,,,,,,,normal
339,10,scenario2_single_spike,moper,50,1.0,0,0.060625,0.197,0.5,0.5,-0.1288125,,,,,,,normal
340,10,scenario2_single_spike,moper,50,1.9000000000000004,0,0.0611875,0.19790000000000002,0.5,0.5,-0.12954375,,,,,,,normal
341,10,scenario2_single_spike,moper,50,2.710000000000001,0,0.061693750000000006,0.19871000000000003,0.5,0.5,-0.13020187500000002,,,,,,,normal
342,10,scenario2_single_spike,moper,50,3.439,0,0.062149375,0.199439,0.5,0.5,-0.1307941875,,,,,,,normal
343,10,scenario2_single_spike,moper,50,0.0,1,0.09,0.11199999999999999,0.5,0.5,-0.10099999999999999,,,,,,,normal
344,10,scenario2_single_spike,moper,50,1.0,0,0.060625,0.197,0.5,0.5,-0.1288125,,,,,,,normal
345,10,scenario2_single_spike,moper,50,1.9000000000000004,0,0.0611875,0.19790000000000002,0.5,0.5,-0.12954375,,,,,,,normal
346,10,scenario2_single_spike,moper,50,2.710000000000001,0,0.061693750000000006,0.19871000000000003,0.5,0.5,-0.13020187500000002,,,,,,,normal
347,10,scenario2_single_spike,moper,50,0.0,1,0.09,0.11199999999999999,0.5,0.5,-0.10099999999999999,,,,,,,normal
348,10,scenario2_single_spike,moper,50,0.0,1,0.09,0.11199999999999999,0.5,0.5,-0.10099999999999999,,,,,,,normal
349,10,scenario2_single_spike,moper,50,1.0,0,0.060625,0.197,0.5,0.5,-0.1288125,,,,,,,normal
350,10,scenario2_single_spike,moper,50,1.9000000000000004,0,0.0611875,0.19790000000000002,0.5,0.5,-0.12954375,,,,,,,normal
351,10,scenario2_single_spike,moper,50,2.710000000000001,0,0.061693750000000006,0.19871000000000003,0.5,0.5,-0.13020187500000002,,,,,,,normal
352,10,scenario2_single_spike,moper,50,3.439,0,0.062149375,0.199439,0.5,0.5,-0.1307941875,,,,,,,normal
353,10,scenario2_single_spike,moper,50,4.0951,0,0.06255943750000001,0.20009510000000003,0.5,0.5,-0.13132726875,,,,,,,normal
354,10,scenario2_single_spike,moper,50,4.685590000000001,0,0.06292849375000001,0.20068559000000002,0.5,0.5,-0.13180704187500003,,,,,,,normal
355,10,scenario2_single_spike,moper,50,5.217031000000002,0,0.063260644375,0.201217031,0.5,0.5,-0.1322388376875,,,,,,,normal
356,10,scenario2_single_spike,moper,50,5.695327900000002,0,0.0635595799375,0.2016953279,0.5,0.5,-0.13262745391875,,,,,,,normal
357,10,scenario2_single_spike,moper,50,0.1257951100000021,1,0.09004574367636364,0.11203659494109092,0.5,0.5,-0.10104116930872728,,,,,,,normal
358,10,scenario2_single_spike,moper,50,1.1132155990000019,0,0.060695759749375,0.19711321559900002,0.5,0.5,-0.12890448767418752,,,,,,,normal
359,10,scenario2_single_spike,moper,50,2.0018940391000015,0,0.0612511837744375,0.1980018940391,0.5,0.5,-0.12962653890676876,,,,,,,normal
360,10,scenario2_single_spike,moper,50,0.0,1,0.09,0.11199999999999999,0.5,0.5,-0.10099999999999999,,,,,,,normal
361,10,scenario2_single_spike,moper,50,1.0,0,0.060625,0.197,0.5,0.5,-0.1288125,,,,,,,normal
362,10,scenario2_single_spike,moper,50,0.0,1,0.09,0.11199999999999999,0.5,0.5,-0.10099999999999999,,,,,,,normal
363,10,scenario2_single_spike,moper,50,1.0,0,0.060625,0.197,0.5,0.5,-0.1288125,,,,,,,normal
364,10,scenario2_single_spike,moper,50,1.9000000000000004,0,0.0611875,0.19790000000000002,0.5,0.5,-0.12954375,,,,,,,normal
365,10,scenario2_single_spike,moper,50,2.710000000000001,0,0.061693750000000006,0.19871000000000003,0.5,0.5,-0.13020187500000002,,,,,,,normal
366,10,scenario2_single_spike,moper,50,0.0,1,0.09,0.11199999999999999,0.5,0.5,-0.10099999999999999,,,,,,,normal
367,10,scenario2_single_spike,moper,50,0.0,1,0.09,0.11199999999999999,0.5,0.5,-0.10099999999999999,,,,,,,normal
368,10,scenario2_single_spike,moper,50,0.0,1,0.09,0.11199999999999999,0.5,0.5,-0.10099999999999999,,,,,,,normal
369,10,scenario2_single_spike,moper,50,0.0,1,0.09,0.11199999999999999,0.5,0.5,-0.10099999999999999,,,,,,,normal
370,10,scenario2_single_spike,moper,50,1.0,0,0.060625,0.197,0.5,0.5,-0.1288125,,,,,,,normal
371,10,scenario2_single_spike,moper,50,1.9000000000000004,0,0.0611875,0.19790000000000002,0.5,0.5,-0.12954375,,,,,,,normal
372,10,scenario2_single_spike,moper,50,0.0,1,0.09,0.11199999999999999,0.5,0.5,-0.10099999999999999,,,,,,,normal
373,10,scenario2_single_spike,moper,50,0.0,1,0.09,0.11199999999999999,0.5,0.5,-0.10099999999999999,,,,,,,normal
374,10,scenario2_single_spike,moper,50,0.0,1,0.09,0.11199999999999999,0.5,0.5,-0.10099999999999999,,,,,,,normal
375,10,scenario2_single_spike,moper,50,0.0,1,0.09,0.11199999999999999,0.5,0.5,-0.10099999999999999,,,,,,,normal
376,10,scenario2_single_spike,moper,50,1.0,0,0.060625,0.197,0.5,0.5,-0.1288125,,,,,,,normal
377,10,scenario2_single_spike,moper,50,1.9000000000000004,0,0.0611875,0.19790000000000002,0.5,0.5,-0.12954375,,,,,,,normal
378,10,scenario2_single_spike,moper,50,0.0,1,0.09,0.11199999999999999,0.5,0.5,-0.10099999999999999,,,,,,,normal
379,10,scenario2_single_spike,moper,50,0.0,1,0.09,0.11199999999999999,0.5,0.5,-0.10099999999999999,,,,,,,normal
380,10,scenario2_single_spike,moper,50,1.0,0,0.060625,0.197,0.5,0.5,-0.1288125,,,,,,,normal
381,10,scenario2_single_spike,moper,50,1.9000000000000004,0,0.0611875,0.19790000000000002,0.5,0.5,-0.12954375,,,,,,,normal
382,10,scenario2_single_spike,moper,50,0.0,1,0.09,0.11199999999999999,0.5,0.5,-0.10099999999999999,,,,,,,normal
383,10,scenario2_single_spike,moper,50,1.0,0,0.060625,0.197,0.5,0.5,-0.1288125,,,,,,,normal
384,10,scenario2_single_spike,moper,50,1.9000000000000004,0,0.0611875,0.19790000000000002,0.5,0.5,-0.12954375,,,,,,,normal
385,10,scenario2_single_spike,moper,50,0.0,1,0.09,0.11199999999999999,0.5,0.5,-0.10099999999999999,,,,,,,normal
386,10,scenario2_single_spike,moper,50,1.0,0,0.060625,0.197,0.5,0.5,-0.1288125,,,,,,,normal
387,10,scenario2_single_spike,moper,50,0.0,1,0.09,0.11199999999999999,0.5,0.5,-0.10099999999999999,,,,,,,normal
388,10,scenario2_single_spike,moper,50,1.0,0,0.060625,0.197,0.5,0.5,-0.1288125,,,,,,,normal
389,10,scenario2_single_spike,moper,50,1.9000000000000004,0,0.0611875,0.19790000000000002,0.5,0.5,-0.12954375,,,,,,,normal
390,10,scenario2_single_spike,moper,50,2.710000000000001,0,0.061693750000000006,0.19871000000000003,0.5,0.5,-0.13020187500000002,,,,,,,normal
391,10,scenario2_single_spike,moper,50,0.0,1,0.09,0.11199999999999999,0.5,0.5,-0.10099999999999999,,,,,,,normal
392,10,scenario2_single_spike,moper,50,0.0,1,0.09,0.11199999999999999,0.5,0.5,-0.10099999999999999,,,,,,,normal
393,10,scenario2_single_spike,moper,50,1.0,0,0.060625,0.197,0.5,0.5,-0.1288125,,,,,,,normal
394,10,scenario2_single_spike,moper,50,0.0,1,0.09,0.11199999999999999,0.5,0.5,-0.10099999999999999,,,,,,,normal
395,10,scenario2_single_spike,moper,50,0.0,1,0.09,0.11199999999999999,0.5,0.5,-0.10099999999999999,,,,,,,normal
396,10,scenario2_single_spike,moper,50,1.0,0,0.060625,0.197,0.5,0.5,-0.1288125,,,,,,,normal
397,10,scenario2_single_spike,moper,50,1.9000000000000004,0,0.0611875,0.19790000000000002,0.5,0.5,-0.12954375,,,,,,,normal
398,10,scenario2_single_spike,moper,50,2.710000000000001,0,0.061693750000000006,0.19871000000000003,0.5,0.5,-0.13020187500000002,,,,,,,normal
399,10,scenario2_single_spike,moper,50,3.439,0,0.062149375,0.199439,0.5,0.5,-0.1307941875,,,,,,,normal
400,10,scenario2_single_spike,moper,50,4.0951,0,0.06255943750000001,0.20009510000000003,0.5,0.5,-0.13132726875,,,,,,,normal
401,10,scenario2_single_spike,moper,50,4.685590000000001,0,0.06292849375000001,0.20068559000000002,0.5,0.5,-0.13180704187500003,,,,,,,normal
402,10,scenario2_single_spike,moper,50,5.217031000000002,0,0.063260644375,0.201217031,0.5,0.5,-0.1322388376875,,,,,,,normal
403,10,scenario2_single_spike,moper,50,5.695327900000002,0,0.0635595799375,0.2016953279,0.5,0.5,-0.13262745391875,,,,,,,normal
404,10,scenario2_single_spike,moper,50,0.1257951100000021,1,0.09004574367636364,0.11203659494109092,0.5,0.5,-0.10104116930872728,,,,,,,normal
405,10,scenario2_single_spike,moper,50,0.0,1,0.09,0.11199999999999999,0.5,0.5,-0.10099999999999999,,,,,,,normal
406,10,scenario2_single_spike,moper,50,1.0,0,0.060625,0.197,0.5,0.5,-0.1288125,,,,,,,normal
407,10,scenario2_single_spike,moper,50,1.9000000000000004,0,0.0611875,0.19790000000000002,0.5,0.5,-0.12954375,,,,,,,normal
408,10,scenario2_single_spike,moper,50,0.0,1,0.09,0.11199999999999999,0.5,0.5,-0.10099999999999999,,,,,,,normal
409,10,scenario2_single_spike,moper,50,1.0,0,0.060625,0.197,0.5,0.5,-0.1288125,,,,,,,normal
410,10,scenario2_single_spike,moper,50,0.0,1,0.09,0.11199999999999999,0.5,0.5,-0.10099999999999999,,,,,,,normal
411,10,scenario2_single_spike,moper,50,0.0,1,0.09,0.11199999999999999,0.5,0.5,-0.10099999999999999,,,,,,,normal
412,10,scenario2_single_spike,moper,50,0.0,1,0.09,0.11199999999999999,0.5,0.5,-0.10099999999999999,,,,,,,normal
413,10,scenario2_single_spike,moper,50,0.0,1,0.09,0.11199999999999999,0.5,0.5,-0.10099999999999999,,,,,,,normal
414,10,scenario2_single_spike,moper,50,1.0,0,0.060625,0.197,0.5,0.5,-0.1288125,,,,,,,normal
415,10,scenario2_single_spike,moper,50,1.9000000000000004,0,0.0611875,0.19790000000000002,0.5,0.5,-0.12954375,,,,,,,normal
416,10,scenario2_single_spike,moper,50,2.710000000000001,0,0.061693750000000006,0.19871000000000003,0.5,0.5,-0.13020187500000002,,,,,,,normal
417,10,scenario2_single_spike,moper,50,0.0,1,0.09,0.11199999999999999,0.5,0.5,-0.10099999999999999,,,,,,,normal
418,10,scenario2_single_spike,moper,50,1.0,0,0.060625,0.197,0.5,0.5,-0.1288125,,,,,,,normal
419,10,scenario2_single_spike,moper,50,0.0,1,0.09,0.11199999999999999,0.5,0.5,-0.10099999999999999,,,,,,,normal
420,10,scenario2_single_spike,moper,50,1.0,0,0.060625,0.197,0.5,0.5,-0.1288125,,,,,,,normal
421,10,scenario2_single_spike,moper,50,0.0,1,0.09,0.11199999999999999,0.5,0.5,-0.10099999999999999,,,,,,,normal
422,10,scenario2_single_spike,moper,50,0.0,1,0.09,0.11199999999999999,0.5,0.5,-0.10099999999999999,,,,,,,normal
423,10,scenario2_single_spike,moper,50,1.0,0,0.060625,0.197,0.5,0.5,-0.1288125,,,,,,,normal
424,10,scenario2_single_spike,moper,50,1.9000000000000004,0,0.0611875,0.19790000000000002,0.5,0.5,-0.12954375,,,,,,,normal
425,10,scenario2_single_spike,moper,50,0.0,1,0.09,0.11199999999999999,0.5,0.5,-0.10099999999999999,,,,,,,normal
426,10,scenario2_single_spike,moper,50,0.0,1,0.09,0.11199999999999999,0.5,0.5,-0.10099999999999999,,,,,,,normal
427,10,scenario2_single_spike,moper,50,1.0,0,0.060625,0.197,0.5,0.5,-0.1288125,,,,,,,normal
428,10,scenario2_single_spike,moper,50,0.0,1,0.09,0.11199999999999999,0.5,0.5,-0.10099999999999999,,,,,,,normal
429,10,scenario2_single_spike,moper,50,0.0,1,0.09,0.11199999999999999,0.5,0.5,-0.10099999999999999,,,,,,,normal
430,10,scenario2_single_spike,moper,50,1.0,0,0.060625,0.197,0.5,0.5,-0.1288125,,,,,,,normal
431,10,scenario2_single_spike,moper,50,0.0,1,0.09,0.11199999999999999,0.5,0.5,-0.10099999999999999,,,,,,,normal
432,10,scenario2_single_spike,moper,50,0.0,1,0.09,0.11199999999999999,0.5,0.5,-0.10099999999999999,,,,,,,normal
433,10,scenario2_single_spike,moper,50,0.0,1,0.09,0.11199999999999999,0.5,0.5,-0.10099999999999999,,,,,,,normal
434,10,scenario2_single_spike,moper,50,1.0,0,0.060625,0.197,0.5,0.5,-0.1288125,,,,,,,normal
435,10,scenario2_single_spike,moper,50,0.0,1,0.09,0.11199999999999999,0.5,0.5,-0.10099999999999999,,,,,,,normal
436,10,scenario2_single_spike,moper,50,0.0,1,0.09,0.11199999999999999,0.5,0.5,-0.10099999999999999,,,,,,,normal
437,10,scenario2_single_spike,moper,50,1.0,0,0.060625,0.197,0.5,0.5,-0.1288125,,,,,,,normal
438,10,scenario2_single_spike,moper,50,1.9000000000000004,0,0.0611875,0.19790000000000002,0.5,0.5,-0.12954375,,,,,,,normal
439,10,scenario2_single_spike,moper,50,0.0,1,0.09,0.11199999999999999,0.5,0.5,-0.10099999999999999,,,,,,,normal
440,10,scenario2_single_spike,moper,50,1.0,0,0.060625,0.197,0.5,0.5,-0.1288125,,,,,,,normal
441,10,scenario2_single_spike,moper,50,0.0,1,0.09,0.11199999999999999,0.5,0.5,-0.10099999999999999,,,,,,,normal
442,10,scenario2_single_spike,moper,50,1.0,0,0.060625,0.197,0.5,0.5,-0.1288125,,,,,,,normal
443,10,scenario2_single_spike,moper,50,0.0,1,0.09,0.11199999999999999,0.5,0.5,-0.10099999999999999,,,,,,,normal
444,10,scenario2_single_spike,moper,50,1.0,0,0.060625,0.197,0.5,0.5,-0.1288125,,,,,,,normal
445,10,scenario2_single_spike,moper,50,1.9000000000000004,0,0.0611875,0.19790000000000002,0.5,0.5,-0.12954375,,,,,,,normal
446,10,scenario2_single_spike,moper,50,2.710000000000001,0,0.061693750000000006,0.19871000000000003,0.5,0.5,-0.13020187500000002,,,,,,,normal
447,10,scenario2_single_spike,moper,50,3.439,0,0.062149375,0.199439,0.5,0.5,-0.1307941875,,,,,,,normal
448,10,scenario2_single_spike,moper,50,4.0951,0,0.06255943750000001,0.20009510000000003,0.5,0.5,-0.13132726875,,,,,,,normal
449,10,scenario2_single_spike,moper,50,0.0,1,0.09,0.11199999999999999,0.5,0.5,-0.10099999999999999,,,,,,,normal
450,10,scenario2_single_spike,moper,50,0.0,1,0.09,0.11199999999999999,0.5,0.5,-0.10099999999999999,,,,,,,normal
451,10,scenario2_single_spike,moper,50,1.0,0,0.060625,0.197,0.5,0.5,-0.1288125,,,,,,,normal
452,10,scenario2_single_spike,moper,50,0.0,1,0.09,0.11199999999999999,0.5,0.5,-0.10099999999999999,,,,,,,normal
453,10,scenario2_single_spike,moper,50,1.0,0,0.060625,0.197,0.5,0.5,-0.1288125,,,,,,,normal
454,10,scenario2_single_spike,moper,50,1.9000000000000004,0,0.0611875,0.19790000000000002,0.5,0.5,-0.12954375,,,,,,,normal
455,10,scenario2_single_spike,moper,50,2.710000000000001,0,0.061693750000000006,0.19871000000000003,0.5,0.5,-0.13020187500000002,,,,,,,normal
456,10,scenario2_single_spike,moper,50,0.0,1,0.09,0.11199999999999999,0.5,0.5,-0.10099999999999999,,,,,,,normal
457,10,scenario2_single_spike,moper,50,0.0,1,0.09,0.11199999999999999,0.5,0.5,-0.10099999999999999,,,,,,,normal
458,10,scenario2_single_spike,moper,50,0.0,1,0.09,0.11199999999999999,0.5,0.5,-0.10099999999999999,,,,,,,normal
459,10,scenario2_single_spike,moper,50,0.0,1,0.09,0.11199999999999999,0.5,0.5,-0.10099999999999999,,,,,,,normal
460,10,scenario2_single_spike,moper,50,1.0,0,0.060625,0.197,0.5,0.5,-0.1288125,,,,,,,normal
461,10,scenario2_single_spike,moper,50,1.9000000000000004,0,0.0611875,0.19790000000000002,0.5,0.5,-0.12954375,,,,,,,normal
462,10,scenario2_single_spike,moper,50,0.0,1,0.09,0.11199999999999999,0.5,0.5,-0.10099999999999999,,,,,,,normal
463,10,scenario2_single_spike,moper,50,1.0,0,0.060625,0.197,0.5,0.5,-0.1288125,,,,,,,normal
464,10,scenario2_single_spike,moper,50,1.9000000000000004,0,0.0611875,0.19790000000000002,0.5,0.5,-0.12954375,,,,,,,normal
465,10,scenario2_single_spike,moper,50,2.710000000000001,0,0.061693750000000006,0.19871000000000003,0.5,0.5,-0.13020187500000002,,,,,,,normal
466,10,scenario2_single_spike,moper,50,0.0,1,0.09,0.11199999999999999,0.5,0.5,-0.10099999999999999,,,,,,,normal
467,10,scenario2_single_spike,moper,50,1.0,0,0.060625,0.197,0.5,0.5,-0.1288125,,,,,,,normal
468,10,scenario2_single_spike,moper,50,0.0,1,0.09,0.11199999999999999,0.5,0.5,-0.10099999999999999,,,,,,,normal
469,10,scenario2_single_spike,moper,50,0.0,1,0.09,0.11199999999999999,0.5,0.5,-0.10099999999999999,,,,,,,normal
470,10,scenario2_single_spike,moper,50,1.0,0,0.060625,0.197,0.5,0.5,-0.1288125,,,,,,,normal
471,10,scenario2_single_spike,moper,50,1.9000000000000004,0,0.0611875,0.19790000000000002,0.5,0.5,-0.12954375,,,,,,,normal
472,10,scenario2_single_spike,moper,50,2.710000000000001,0,0.061693750000000006,0.19871000000000003,0.5,0.5,-0.13020187500000002,,,,,,,normal
473,10,scenario2_single_spike,moper,50,3.439,0,0.062149375,0.199439,0.5,0.5,-0.1307941875,,,,,,,normal
474,10,scenario2_single_spike,moper,50,4.0951,0,0.06255943750000001,0.20009510000000003,0.5,0.5,-0.13132726875,,,,,,,normal
475,10,scenario2_single_spike,moper,50,0.0,1,0.09,0.11199999999999999,0.5,0.5,-0.10099999999999999,,,,,,,normal
476,10,scenario2_single_spike,moper,50,0.0,1,0.09,0.11199999999999999,0.5,0.5,-0.10099999999999999,,,,,,,normal
477,10,scenario2_single_spike,moper,50,1.0,0,0.060625,0.197,0.5,0.5,-0.1288125,,,,,,,normal
478,10,scenario2_single_spike,moper,50,1.9000000000000004,0,0.0611875,0.19790000000000002,0.5,0.5,-0.12954375,,,,,,,normal
479,10,scenario2_single_spike,moper,50,2.710000000000001,0,0.061693750000000006,0.19871000000000003,0.5,0.5,-0.13020187500000002,,,,,,,normal
480,10,scenario2_single_spike,moper,50,0.0,1,0.09,0.11199999999999999,0.5,0.5,-0.10099999999999999,,,,,,,normal
481,10,scenario2_single_spike,moper,50,1.0,0,0.060625,0.197,0.5,0.5,-0.1288125,,,,,,,normal
482,10,scenario2_single_spike,moper,50,1.9000000000000004,0,0.0611875,0.19790000000000002,0.5,0.5,-0.12954375,,,,,,,normal
483,10,scenario2_single_spike,moper,50,0.0,1,0.09,0.11199999999999999,0.5,0.5,-0.10099999999999999,,,,,,,normal
484,10,scenario2_single_spike,moper,50,0.0,1,0.09,0.11199999999999999,0.5,0.5,-0.10099999999999999,,,,,,,normal
485,10,scenario2_single_spike,moper,50,1.0,0,0.060625,0.197,0.5,0.5,-0.1288125,,,,,,,normal
486,10,scenario2_single_spike,moper,50,1.9000000000000004,0,0.0611875,0.19790000000000002,0.5,0.5,-0.12954375,,,,,,,normal
487,10,scenario2_single_spike,moper,50,0.0,1,0.09,0.11199999999999999,0.5,0.5,-0.10099999999999999,,,,,,,normal
488,10,scenario2_single_spike,moper,50,0.0,1,0.09,0.11199999999999999,0.5,0.5,-0.10099999999999999,,,,,,,normal
489,10,scenario2_single_spike,moper,50,0.0,1,0.09,0.11199999999999999,0.5,0.5,-0.10099999999999999,,,,,,,normal
490,10,scenario2_single_spike,moper,50,1.0,0,0.060625,0.197,0.5,0.5,-0.1288125,,,,,,,normal
491,10,scenario2_single_spike,moper,50,1.9000000000000004,0,0.0611875,0.19790000000000002,0.5,0.5,-0.12954375,,,,,,,normal
492,10,scenario2_single_spike,moper,50,0.0,1,0.09,0.11199999999999999,0.5,0.5,-0.10099999999999999,,,,,,,normal
493,10,scenario2_single_spike,moper,50,0.0,1,0.09,0.11199999999999999,0.5,0.5,-0.10099999999999999,,,,,,,normal
494,10,scenario2_single_spike,moper,50,0.0,1,0.09,0.11199999999999999,0.5,0.5,-0.10099999999999999,,,,,,,normal
495,10,scenario2_single_spike,moper,50,0.0,1,0.09,0.11199999999999999,0.5,0.5,-0.10099999999999999,,,,,,,normal
496,10,scenario2_single_spike,moper,50,1.0,0,0.060625,0.197,0.5,0.5,-0.1288125,,,,,,,normal
497,10,scenario2_single_spike,moper,50,0.0,1,0.09,0.11199999999999999,0.5,0.5,-0.10099999999999999,,,,,,,normal
498,10,scenario2_single_spike,moper,50,0.0,1,0.09,0.11199999999999999,0.5,0.5,-0.10099999999999999,,,,,,,normal
499,10,scenario2_single_spike,moper,50,1.0,0,0.060625,0.197,0.5,0.5,-0.1288125,,,,,,,normal
500,10,scenario2_single_spike,moper,50,0.0,1,0.09,0.11199999999999999,0.5,0.5,-0.10099999999999999,,,,,,,normal
501,10,scenario2_single_spike,moper,50,0.0,1,0.09,0.11199999999999999,0.5,0.5,-0.10099999999999999,,,,,,,normal
502,10,scenario2_single_spike,moper,50,0.0,1,0.09,0.11199999999999999,0.5,0.5,-0.10099999999999999,,,,,,,normal
503,10,scenario2_single_spike,moper,50,1.0,0,0.060625,0.197,0.5,0.5,-0.1288125,,,,,,,normal
504,10,scenario2_single_spike,moper,50,1.9000000000000004,0,0.0611875,0.19790000000000002,0.5,0.5,-0.12954375,,,,,,,normal
505,10,scenario2_single_spike,moper,50,0.0,1,0.09,0.11199999999999999,0.5,0.5,-0.10099999999999999,,,,,,,normal
506,10,scenario2_single_spike,moper,50,0.0,1,0.09,0.11199999999999999,0.5,0.5,-0.10099999999999999,,,,,,,normal
507,10,scenario2_single_spike,moper,50,1.0,0,0.060625,0.197,0.5,0.5,-0.1288125,,,,,,,normal
508,10,scenario2_single_spike,moper,50,1.9000000000000004,0,0.0611875,0.19790000000000002,0.5,0.5,-0.12954375,,,,,,,normal
509,10,scenario2_single_spike,moper,50,0.0,1,0.09,0.11199999999999999,0.5,0.5,-0.10099999999999999,,,,,,,normal
510,10,scenario2_single_spike,moper,50,1.0,0,0.060625,0.197,0.5,0.5,-0.1288125,,,,,,,normal
511,10,scenario2_single_spike,moper,50,1.9000000000000004,0,0.0611875,0.19790000000000002,0.5,0.5,-0.12954375,,,,,,,normal
512,10,scenario2_single_spike,moper,50,0.0,1,0.09,0.11199999999999999,0.5,0.5,-0.10099999999999999,,,,,,,normal
513,10,scenario2_single_spike,moper,50,1.0,0,0.060625,0.197,0.5,0.5,-0.1288125,,,,,,,normal
514,10,scenario2_single_spike,moper,50,1.9000000000000004,0,0.0611875,0.19790000000000002,0.5,0.5,-0.12954375,,,,,,,normal
515,10,scenario2_single_spike,moper,50,0.0,1,0.09,0.11199999999999999,0.5,0.5,-0.10099999999999999,,,,,,,normal
516,10,scenario2_single_spike,moper,50,0.0,1,0.09,0.11199999999999999,0.5,0.5,-0.10099999999999999,,,,,,,normal
517,10,scenario2_single_spike,moper,50,1.0,0,0.060625,0.197,0.5,0.5,-0.1288125,,,,,,,normal
518,10,scenario2_single_spike,moper,50,0.0,1,0.09,0.11199999999999999,0.5,0.5,-0.10099999999999999,,,,,,,normal
519,10,scenario2_single_spike,moper,50,1.0,0,0.060625,0.197,0.5,0.5,-0.1288125,,,,,,,normal
520,10,scenario2_single_spike,moper,50,0.0,1,0.09,0.11199999999999999,0.5,0.5,-0.10099999999999999,,,,,,,normal
521,10,scenario2_single_spike,moper,50,0.0,1,0.09,0.11199999999999999,0.5,0.5,-0.10099999999999999,,,,,,,normal
522,10,scenario2_single_spike,moper,50,1.0,0,0.060625,0.197,0.5,0.5,-0.1288125,,,,,,,normal
523,10,scenario2_single_spike,moper,50,0.0,1,0.09,0.11199999999999999,0.5,0.5,-0.10099999999999999,,,,,,,normal
524,10,scenario2_single_spike,moper,50,1.0,0,0.060625,0.197,0.5,0.5,-0.1288125,,,,,,,normal
525,10,scenario2_single_spike,moper,50,0.0,1,0.09,0.11199999999999999,0.5,0.5,-0.10099999999999999,,,,,,,normal
526,10,scenario2_single_spike,moper,50,0.0,1,0.09,0.11199999999999999,0.5,0.5,-0.10099999999999999,,,,,,,normal
527,10,scenario2_single_spike,moper,50,0.0,1,0.09,0.11199999999999999,0.5,0.5,-0.10099999999999999,,,,,,,normal
528,10,scenario2_single_spike,moper,50,0.0,1,0.09,0.11199999999999999,0.5,0.5,-0.10099999999999999,,,,,,,normal
529,10,scenario2_single_spike,moper,50,0.0,1,0.09,0.11199999999999999,0.5,0.5,-0.10099999999999999,,,,,,,normal
530,10,scenario2_single_spike,moper,50,1.0,0,0.060625,0.197,0.5,0.5,-0.1288125,,,,,,,normal
531,10,scenario2_single_spike,moper,50,0.0,1,0.09,0.11199999999999999,0.5,0.5,-0.10099999999999999,,,,,,,normal
532,10,scenario2_single_spike,moper,50,1.0,0,0.060625,0.197,0.5,0.5,-0.1288125,,,,,,,normal
533,10,scenario2_single_spike,moper,50,1.9000000000000004,0,0.0611875,0.19790000000000002,0.5,0.5,-0.12954375,,,,,,,normal
534,10,scenario2_single_spike,moper,50,0.0,1,0.09,0.11199999999999999,0.5,0.5,-0.10099999999999999,,,,,,,normal
535,10,scenario2_single_spike,moper,50,0.0,1,0.09,0.11199999999999999,0.5,0.5,-0.10099999999999999,,,,,,,normal
536,10,scenario2_single_spike,moper,50,0.0,1,0.09,0.11199999999999999,0.5,0.5,-0.10099999999999999,,,,,,,normal
537,10,scenario2_single_spike,moper,50,0.0,1,0.09,0.11199999999999999,0.5,0.5,-0.10099999999999999,,,,,,,normal
538,10,scenario2_single_spike,moper,50,0.0,1,0.09,0.11199999999999999,0.5,0.5,-0.10099999999999999,,,,,,,normal
539,10,scenario2_single_spike,moper,50,0.0,1,0.09,0.11199999999999999,0.5,0.5,-0.10099999999999999,,,,,,,normal
540,10,scenario2_single_spike,moper,50,1.0,0,0.060625,0.197,0.5,0.5,-0.1288125,,,,,,,normal
541,10,scenario2_single_spike,moper,50,0.0,1,0.09,0.11199999999999999,0.5,0.5,-0.10099999999999999,,,,,,,normal
542,10,scenario2_single_spike,moper,50,0.0,1,0.09,0.11199999999999999,0.5,0.5,-0.10099999999999999,,,,,,,normal
543,10,scenario2_single_spike,moper,50,0.0,1,0.09,0.11199999999999999,0.5,0.5,-0.10099999999999999,,,,,,,normal
544,10,scenario2_single_spike,moper,50,1.0,0,0.060625,0.197,0.5,0.5,-0.1288125,,,,,,,normal
545,10,scenario2_single_spike,moper,50,1.9000000000000004,0,0.0611875,0.19790000000000002,0.5,0.5,-0.12954375,,,,,,,normal
546,10,scenario2_single_spike,moper,50,2.710000000000001,0,0.061693750000000006,0.19871000000000003,0.5,0.5,-0.13020187500000002,,,,,,,normal
547,10,scenario2_single_spike,moper,50,0.0,1,0.09,0.11199999999999999,0.5,0.5,-0.10099999999999999,,,,,,,normal
548,10,scenario2_single_spike,moper,50,1.0,0,0.060625,0.197,0.5,0.5,-0.1288125,,,,,,,normal
549,10,scenario2_single_spike,moper,50,1.9000000000000004,0,0.0611875,0.19790000000000002,0.5,0.5,-0.12954375,,,,,,,normal
550,10,scenario2_single_spike,moper,50,2.710000000000001,0,0.061693750000000006,0.19871000000000003,0.5,0.5,-0.13020187500000002,,,,,,,normal
551,10,scenario2_single_spike,moper,50,3.439,0,0.062149375,0.199439,0.5,0.5,-0.1307941875,,,,,,,normal
552,10,scenario2_single_spike,moper,50,4.0951,0,0.06255943750000001,0.20009510000000003,0.5,0.5,-0.13132726875,,,,,,,normal
553,10,scenario2_single_spike,moper,50,0.0,1,0.09,0.11199999999999999,0.5,0.5,-0.10099999999999999,,,,,,,normal
554,10,scenario2_single_spike,moper,50,0.0,1,0.09,0.11199999999999999,0.5,0.5,-0.10099999999999999,,,,,,,normal
555,10,scenario2_single_spike,moper,50,1.0,0,0.060625,0.197,0.5,0.5,-0.1288125,,,,,,,normal
556,10,scenario2_single_spike,moper,50,1.9000000000000004,0,0.0611875,0.19790000000000002,0.5,0.5,-0.12954375,,,,,,,normal
557,10,scenario2_single_spike,moper,50,2.710000000000001,0,0.061693750000000006,0.19871000000000003,0.5,0.5,-0.13020187500000002,,,,,,,normal
558,10,scenario2_single_spike,moper,50,3.439,0,0.062149375,0.199439,0.5,0.5,-0.1307941875,,,,,,,normal
559,10,scenario2_single_spike,moper,50,0.0,1,0.09,0.11199999999999999,0.5,0.5,-0.10099999999999999,,,,,,,normal
560,10,scenario2_single_spike,moper,50,0.0,1,0.09,0.11199999999999999,0.5,0.5,-0.10099999999999999,,,,,,,normal
561,10,scenario2_single_spike,moper,50,1.0,0,0.060625,0.197,0.5,0.5,-0.1288125,,,,,,,normal
562,10,scenario2_single_spike,moper,50,1.9000000000000004,0,0.0611875,0.19790000000000002,0.5,0.5,-0.12954375,,,,,,,normal
563,10,scenario2_single_spike,moper,50,2.710000000000001,0,0.061693750000000006,0.19871000000000003,0.5,0.5,-0.13020187500000002,,,,,,,normal
564,10,scenario2_single_spike,moper,50,3.439,0,0.062149375,0.199439,0.5,0.5,-0.1307941875,,,,,,,normal
565,10,scenario2_single_spike,moper,50,4.0951,0,0.06255943750000001,0.20009510000000003,0.5,0.5,-0.13132726875,,,,,,,normal
566,10,scenario2_single_spike,moper,50,0.0,1,0.09,0.11199999999999999,0.5,0.5,-0.10099999999999999,,,,,,,normal
567,10,scenario2_single_spike,moper,50,0.0,1,0.09,0.11199999999999999,0.5,0.5,-0.10099999999999999,,,,,,,normal
568,10,scenario2_single_spike,moper,50,0.0,1,0.09,0.11199999999999999,0.5,0.5,-0.10099999999999999,,,,,,,normal
569,10,scenario2_single_spike,moper,50,1.0,0,0.060625,0.197,0.5,0.5,-0.1288125,,,,,,,normal
570,10,scenario2_single_spike,moper,50,0.0,1,0.09,0.11199999999999999,0.5,0.5,-0.10099999999999999,,,,,,,normal
571,10,scenario2_single_spike,moper,50,0.0,1,0.09,0.11199999999999999,0.5,0.5,-0.10099999999999999,,,,,,,normal
572,10,scenario2_single_spike,moper,50,0.0,1,0.09,0.11199999999999999,0.5,0.5,-0.10099999999999999,,,,,,,normal
573,10,scenario2_single_spike,moper,50,1.0,0,0.060625,0.197,0.5,0.5,-0.1288125,,,,,,,normal
574,10,scenario2_single_spike,moper,50,1.9000000000000004,0,0.0611875,0.19790000000000002,0.5,0.5,-0.12954375,,,,,,,normal
575,10,scenario2_single_spike,moper,50,0.0,1,0.09,0.11199999999999999,0.5,0.5,-0.10099999999999999,,,,,,,normal
576,10,scenario2_single_spike,moper,50,1.0,0,0.060625,0.197,0.5,0.5,-0.1288125,,,,,,,normal
577,10,scenario2_single_spike,moper,50,1.9000000000000004,0,0.0611875,0.19790000000000002,0.5,0.5,-0.12954375,,,,,,,normal
578,10,scenario2_single_spike,moper,50,2.710000000000001,0,0.061693750000000006,0.19871000000000003,0.5,0.5,-0.13020187500000002,,,,,,,normal
579,10,scenario2_single_spike,moper,50,3.439,0,0.062149375,0.199439,0.5,0.5,-0.1307941875,,,,,,,normal
580,10,scenario2_single_spike,moper,50,0.0,1,0.09,0.11199999999999999,0.5,0.5,-0.10099999999999999,,,,,,,normal
581,10,scenario2_single_spike,moper,50,0.0,1,0.09,0.11199999999999999,0.5,0.5,-0.10099999999999999,,,,,,,normal
582,10,scenario2_single_spike,moper,50,0.0,1,0.09,0.11199999999999999,0.5,0.5,-0.10099999999999999,,,,,,,normal
583,10,scenario2_single_spike,moper,50,0.0,1,0.09,0.11199999999999999,0.5,0.5,-0.10099999999999999,,,,,,,normal
584,10,scenario2_single_spike,moper,50,0.0,1,0.09,0.11199999999999999,0.5,0.5,-0.10099999999999999,,,,,,,normal
585,10,scenario2_single_spike,moper,50,0.0,1,0.09,0.11199999999999999,0.5,0.5,-0.10099999999999999,,,,,,,normal
586,10,scenario2_single_spike,moper,50,0.0,1,0.09,0.11199999999999999,0.5,0.5,-0.10099999999999999,,,,,,,normal
587,10,scenario2_single_spike,moper,50,0.0,1,0.09,0.11199999999999999,0.5,0.5,-0.10099999999999999,,,,,,,normal
588,10,scenario2_single_spike,moper,50,1.0,0,0.060625,0.197,0.5,0.5,-0.1288125,,,,,,,normal
589,10,scenario2_single_spike,moper,50,1.9000000000000004,0,0.0611875,0.19790000000000002,0.5,0.5,-0.12954375,,,,,,,normal
590,10,scenario2_single_spike,moper,50,0.0,1,0.09,0.11199999999999999,0.5,0.5,-0.10099999999999999,,,,,,,normal
591,10,scenario2_single_spike,moper,50,0.0,1,0.09,0.11199999999999999,0.5,0.5,-0.10099999999999999,,,,,,,normal
592,10,scenario2_single_spike,moper,50,0.0,1,0.09,0.11199999999999999,0.5,0.5,-0.10099999999999999,,,,,,,normal
593,10,scenario2_single_spike,moper,50,0.0,1,0.09,0.11199999999999999,0.5,0.5,-0.10099999999999999,,,,,,,normal
594,10,scenario2_single_spike,moper,50,0.0,1,0.09,0.11199999999999999,0.5,0.5,-0.10099999999999999,,,,,,,normal
595,10,scenario2_single_spike,moper,50,0.0,1,0.09,0.11199999999999999,0.5,0.5,-0.10099999999999999,,,,,,,normal
596,10,scenario2_single_spike,moper,50,1.0,0,0.060625,0.197,0.5,0.5,-0.1288125,,,,,,,normal
597,10,scenario2_single_spike,moper,50,1.9000000000000004,0,0.0611875,0.19790000000000002,0.5,0.5,-0.12954375,,,,,,,normal
598,10,scenario2_single_spike,moper,50,2.710000000000001,0,0.061693750000000006,0.19871000000000003,0.5,0.5,-0.13020187500000002,,,,,,,normal
599,10,scenario2_single_spike,moper,50,0.0,1,0.09,0.11199999999999999,0.5,0.5,-0.10099999999999999,,,,,,,normal
600,10,scenario2_single_spike,moper,50,0.0,1,0.09,0.11199999999999999,0.5,0.5,-0.10099999999999999,,,,,,,normal
601,10,scenario2_single_spike,moper,50,1.0,0,0.060625,0.197,0.5,0.5,-0.1288125,,,,,,,normal
602,10,scenario2_single_spike,moper,50,1.9000000000000004,0,0.0611875,0.19790000000000002,0.5,0.5,-0.12954375,,,,,,,normal
603,10,scenario2_single_spike,moper,50,0.0,1,0.09,0.11199999999999999,0.5,0.5,-0.10099999999999999,,,,,,,normal
604,10,scenario2_single_spike,moper,50,1.0,0,0.060625,0.197,0.5,0.5,-0.1288125,,,,,,,normal
605,10,scenario2_single_spike,moper,50,1.9000000000000004,0,0.0611875,0.19790000000000002,0.5,0.5,-0.12954375,,,,,,,normal
606,10,scenario2_single_spike,moper,50,2.710000000000001,0,0.061693750000000006,0.19871000000000003,0.5,0.5,-0.13020187500000002,,,,,,,normal
607,10,scenario2_single_spike,moper,50,0.0,1,0.09,0.11199999999999999,0.5,0.5,-0.10099999999999999,,,,,,,normal
608,10,scenario2_single_spike,moper,50,0.0,1,0.09,0.11199999999999999,0.5,0.5,-0.10099999999999999,,,,,,,normal
609,10,scenario2_single_spike,moper,50,0.0,1,0.09,0.11199999999999999,0.5,0.5,-0.10099999999999999,,,,,,,normal
610,10,scenario2_single_spike,moper,50,1.0,0,0.060625,0.197,0.5,0.5,-0.1288125,,,,,,,normal
611,10,scenario2_single_spike,moper,50,0.0,1,0.09,0.11199999999999999,0.5,0.5,-0.10099999999999999,,,,,,,normal
612,10,scenario2_single_spike,moper,50,1.0,0,0.060625,0.197,0.5,0.5,-0.1288125,,,,,,,normal
613,10,scenario2_single_spike,moper,50,1.9000000000000004,0,0.0611875,0.19790000000000002,0.5,0.5,-0.12954375,,,,,,,normal
614,10,scenario2_single_spike,moper,50,2.710000000000001,0,0.061693750000000006,0.19871000000000003,0.5,0.5,-0.13020187500000002,,,,,,,normal
615,10,scenario2_single_spike,moper,50,0.0,1,0.09,0.11199999999999999,0.5,0.5,-0.10099999999999999,,,,,,,normal
616,10,scenario2_single_spike,moper,50,1.0,0,0.060625,0.197,0.5,0.5,-0.1288125,,,,,,,normal
617,10,scenario2_single_spike,moper,50,0.0,1,0.09,0.11199999999999999,0.5,0.5,-0.10099999999999999,,,,,,,normal
618,10,scenario2_single_spike,moper,50,0.0,1,0.09,0.11199999999999999,0.5,0.5,-0.10099999999999999,,,,,,,normal
619,10,scenario2_single_spike,moper,50,1.0,0,0.060625,0.197,0.5,0.5,-0.1288125,,,,,,,normal
620,10,scenario2_single_spike,moper,50,1.9000000000000004,0,0.0611875,0.19790000000000002,0.5,0.5,-0.12954375,,,,,,,normal
621,10,scenario2_single_spike,moper,50,2.710000000000001,0,0.061693750000000006,0.19871000000000003,0.5,0.5,-0.13020187500000002,,,,,,,normal
622,10,scenario2_single_spike,moper,50,3.439,0,0.062149375,0.199439,0.5,0.5,-0.1307941875,,,,,,,normal
623,10,scenario2_single_spike,moper,50,4.0951,0,0.06255943750000001,0.20009510000000003,0.5,0.5,-0.13132726875,,,,,,,normal
624,10,scenario2_single_spike,moper,50,0.0,1,0.09,0.11199999999999999,0.5,0.5,-0.10099999999999999,,,,,,,normal
625,10,scenario2_single_spike,moper,50,0.0,1,0.09,0.11199999999999999,0.5,0.5,-0.10099999999999999,,,,,,,normal
626,10,scenario2_single_spike,moper,50,1.0,0,0.060625,0.197,0.5,0.5,-0.1288125,,,,,,,normal
627,10,scenario2_single_spike,moper,50,0.0,1,0.09,0.11199999999999999,0.5,0.5,-0.10099999999999999,,,,,,,normal
628,10,scenario2_single_spike,moper,50,1.0,0,0.060625,0.197,0.5,0.5,-0.1288125,,,,,,,normal
629,10,scenario2_single_spike,moper,50,0.0,1,0.09,0.11199999999999999,0.5,0.5,-0.10099999999999999,,,,,,,normal
630,10,scenario2_single_spike,moper,50,0.0,1,0.09,0.11199999999999999,0.5,0.5,-0.10099999999999999,,,,,,,normal
631,10,scenario2_single_spike,moper,50,1.0,0,0.060625,0.197,0.5,0.5,-0.1288125,,,,,,,normal
632,10,scenario2_single_spike,moper,50,1.9000000000000004,0,0.0611875,0.19790000000000002,0.5,0.5,-0.12954375,,,,,,,normal
633,10,scenario2_single_spike,moper,50,0.0,1,0.09,0.11199999999999999,0.5,0.5,-0.10099999999999999,,,,,,,normal
634,10,scenario2_single_spike,moper,50,0.0,1,0.09,0.11199999999999999,0.5,0.5,-0.10099999999999999,,,,,,,normal
635,10,scenario2_single_spike,moper,50,1.0,0,0.060625,0.197,0.5,0.5,-0.1288125,,,,,,,normal
636,10,scenario2_single_spike,moper,50,1.9000000000000004,0,0.0611875,0.19790000000000002,0.5,0.5,-0.12954375,,,,,,,normal
637,10,scenario2_single_spike,moper,50,2.710000000000001,0,0.061693750000000006,0.19871000000000003,0.5,0.5,-0.13020187500000002,,,,,,,normal
638,10,scenario2_single_spike,moper,50,3.439,0,0.062149375,0.199439,0.5,0.5,-0.1307941875,,,,,,,normal
639,10,scenario2_single_spike,moper,50,4.0951,0,0.06255943750000001,0.20009510000000003,0.5,0.5,-0.13132726875,,,,,,,normal
640,10,scenario2_single_spike,moper,50,4.685590000000001,0,0.06292849375000001,0.20068559000000002,0.5,0.5,-0.13180704187500003,,,,,,,normal
641,10,scenario2_single_spike,moper,50,0.0,1,0.09,0.11199999999999999,0.5,0.5,-0.10099999999999999,,,,,,,normal
642,10,scenario2_single_spike,moper,50,1.0,0,0.060625,0.197,0.5,0.5,-0.1288125,,,,,,,normal
643,10,scenario2_single_spike,moper,50,1.9000000000000004,0,0.0611875,0.19790000000000002,0.5,0.5,-0.12954375,,,,,,,normal
644,10,scenario2_single_spike,moper,50,0.0,1,0.09,0.11199999999999999,0.5,0.5,-0.10099999999999999,,,,,,,normal
645,10,scenario2_single_spike,moper,50,0.0,1,0.09,0.11199999999999999,0.5,0.5,-0.10099999999999999,,,,,,,normal
646,10,scenario2_single_spike,moper,50,0.0,1,0.09,0.11199999999999999,0.5,0.5,-0.10099999999999999,,,,,,,normal
647,10,scenario2_single_spike,moper,50,1.0,0,0.060625,0.197,0.5,0.5,-0.1288125,,,,,,,normal
648,10,scenario2_single_spike,moper,50,0.0,1,0.09,0.11199999999999999,0.5,0.5,-0.10099999999999999,,,,,,,normal
649,10,scenario2_single_spike,moper,50,1.0,0,0.060625,0.197,0.5,0.5,-0.1288125,,,,,,,normal
650,10,scenario2_single_spike,moper,50,0.0,1,0.09,0.11199999999999999,0.5,0.5,-0.10099999999999999,,,,,,,normal
651,10,scenario2_single_spike,moper,50,0.0,1,0.09,0.11199999999999999,0.5,0.5,-0.10099999999999999,,,,,,,normal
652,10,scenario2_single_spike,moper,50,0.0,1,0.09,0.11199999999999999,0.5,0.5,-0.10099999999999999,,,,,,,normal
653,10,scenario2_single_spike,moper,50,1.0,0,0.060625,0.197,0.5,0.5,-0.1288125,,,,,,,normal
654,10,scenario2_single_spike,moper,50,0.0,1,0.09,0.11199999999999999,0.5,0.5,-0.10099999999999999,,,,,,,normal
655,10,scenario2_single_spike,moper,50,1.0,0,0.060625,0.197,0.5,0.5,-0.1288125,,,,,,,normal
656,10,scenario2_single_spike,moper,50,1.9000000000000004,0,0.0611875,0.19790000000000002,0.5,0.5,-0.12954375,,,,,,,normal
657,10,scenario2_single_spike,moper,50,2.710000000000001,0,0.061693750000000006,0.19871000000000003,0.5,0.5,-0.13020187500000002,,,,,,,normal
658,10,scenario2_single_spike,moper,50,3.439,0,0.062149375,0.199439,0.5,0.5,-0.1307941875,,,,,,,normal
659,10,scenario2_single_spike,moper,50,4.0951,0,0.06255943750000001,0.20009510000000003,0.5,0.5,-0.13132726875,,,,,,,normal
660,10,scenario2_single_spike,moper,50,0.0,1,0.09,0.11199999999999999,0.5,0.5,-0.10099999999999999,,,,,,,normal
661,10,scenario2_single_spike,moper,50,1.0,0,0.060625,0.197,0.5,0.5,-0.1288125,,,,,,,normal
662,10,scenario2_single_spike,moper,50,0.0,1,0.09,0.11199999999999999,0.5,0.5,-0.10099999999999999,,,,,,,normal
663,10,scenario2_single_spike,moper,50,0.0,1,0.09,0.11199999999999999,0.5,0.5,-0.10099999999999999,,,,,,,normal
664,10,scenario2_single_spike,moper,50,0.0,1,0.09,0.11199999999999999,0.5,0.5,-0.10099999999999999,,,,,,,normal
665,10,scenario2_single_spike,moper,50,0.0,1,0.09,0.11199999999999999,0.5,0.5,-0.10099999999999999,,,,,,,normal
666,10,scenario2_single_spike,moper,50,1.0,0,0.060625,0.197,0.5,0.5,-0.1288125,,,,,,,normal
667,10,scenario2_single_spike,moper,50,0.0,1,0.09,0.11199999999999999,0.5,0.5,-0.10099999999999999,,,,,,,normal
668,10,scenario2_single_spike,moper,50,1.0,0,0.060625,0.197,0.5,0.5,-0.1288125,,,,,,,normal
669,10,scenario2_single_spike,moper,50,1.9000000000000004,0,0.0611875,0.19790000000000002,0.5,0.5,-0.12954375,,,,,,,normal
670,10,scenario2_single_spike,moper,50,2.710000000000001,0,0.061693750000000006,0.19871000000000003,0.5,0.5,-0.13020187500000002,,,,,,,normal
671,10,scenario2_single_spike,moper,50,0.0,1,0.09,0.11199999999999999,0.5,0.5,-0.10099999999999999,,,,,,,normal
672,10,scenario2_single_spike,moper,50,1.0,0,0.060625,0.197,0.5,0.5,-0.1288125,,,,,,,normal
673,10,scenario2_single_spike,moper,50,0.0,1,0.09,0.11199999999999999,0.5,0.5,-0.10099999999999999,,,,,,,normal
674,10,scenario2_single_spike,moper,50,1.0,0,0.060625,0.197,0.5,0.5,-0.1288125,,,,,,,normal
675,10,scenario2_single_spike,moper,50,1.9000000000000004,0,0.0611875,0.19790000000000002,0.5,0.5,-0.12954375,,,,,,,normal
676,10,scenario2_single_spike,moper,50,2.710000000000001,0,0.061693750000000006,0.19871000000000003,0.5,0.5,-0.13020187500000002,,,,,,,normal
677,10,scenario2_single_spike,moper,50,0.0,1,0.09,0.11199999999999999,0.5,0.5,-0.10099999999999999,,,,,,,normal
678,10,scenario2_single_spike,moper,50,1.0,0,0.060625,0.197,0.5,0.5,-0.1288125,,,,,,,normal
679,10,scenario2_single_spike,moper,50,0.0,1,0.09,0.11199999999999999,0.5,0.5,-0.10099999999999999,,,,,,,normal
680,10,scenario2_single_spike,moper,50,0.0,1,0.09,0.11199999999999999,0.5,0.5,-0.10099999999999999,,,,,,,normal
681,10,scenario2_single_spike,moper,50,1.0,0,0.060625,0.197,0.5,0.5,-0.1288125,,,,,,,normal
682,10,scenario2_single_spike,moper,50,1.9000000000000004,0,0.0611875,0.19790000000000002,0.5,0.5,-0.12954375,,,,,,,normal
683,10,scenario2_single_spike,moper,50,2.710000000000001,0,0.061693750000000006,0.19871000000000003,0.5,0.5,-0.13020187500000002,,,,,,,normal
684,10,scenario2_single_spike,moper,50,0.0,1,0.09,0.11199999999999999,0.5,0.5,-0.10099999999999999,,,,,,,normal
685,10,scenario2_single_spike,moper,50,0.0,1,0.09,0.11199999999999999,0.5,0.5,-0.10099999999999999,,,,,,,normal
686,10,scenario2_single_spike,moper,50,1.0,0,0.060625,0.197,0.5,0.5,-0.1288125,,,,,,,normal
687,10,scenario2_single_spike,moper,50,1.9000000000000004,0,0.0611875,0.19790000000000002,0.5,0.5,-0.12954375,,,,,,,normal
688,10,scenario2_single_spike,moper,50,0.0,1,0.09,0.11199999999999999,0.5,0.5,-0.10099999999999999,,,,,,,normal
689,10,scenario2_single_spike,moper,50,1.0,0,0.060625,0.197,0.5,0.5,-0.1288125,,,,,,,normal
690,10,scenario2_single_spike,moper,50,1.9000000000000004,0,0.0611875,0.19790000000000002,0.5,0.5,-0.12954375,,,,,,,normal
691,10,scenario2_single_spike,moper,50,2.710000000000001,0,0.061693750000000006,0.19871000000000003,0.5,0.5,-0.13020187500000002,,,,,,,normal
692,10,scenario2_single_spike,moper,50,0.0,1,0.09,0.11199999999999999,0.5,0.5,-0.10099999999999999,,,,,,,normal
693,10,scenario2_single_spike,moper,50,0.0,1,0.09,0.11199999999999999,0.5,0.5,-0.10099999999999999,,,,,,,normal
694,10,scenario2_single_spike,moper,50,0.0,1,0.09,0.11199999999999999,0.5,0.5,-0.10099999999999999,,,,,,,normal
695,10,scenario2_single_spike,moper,50,0.0,1,0.09,0.11199999999999999,0.5,0.5,-0.10099999999999999,,,,,,,normal
696,10,scenario2_single_spike,moper,50,0.0,1,0.09,0.11199999999999999,0.5,0.5,-0.10099999999999999,,,,,,,normal
697,10,scenario2_single_spike,moper,50,1.0,0,0.060625,0.197,0.5,0.5,-0.1288125,,,,,,,normal
698,10,scenario2_single_spike,moper,50,0.0,1,0.09,0.11199999999999999,0.5,0.5,-0.10099999999999999,,,,,,,normal
699,10,scenario2_single_spike,moper,50,0.0,1,0.09,0.11199999999999999,0.5,0.5,-0.10099999999999999,,,,,,,normal
700,10,scenario2_single_spike,moper,50,0.0,1,0.09,0.11199999999999999,0.5,0.5,-0.10099999999999999,,,,,,,normal
701,10,scenario2_single_spike,moper,50,1.0,0,0.060625,0.197,0.5,0.5,-0.1288125,,,,,,,normal
702,10,scenario2_single_spike,moper,50,0.0,1,0.09,0.11199999999999999,0.5,0.5,-0.10099999999999999,,,,,,,normal
703,10,scenario2_single_spike,moper,50,0.0,1,0.09,0.11199999999999999,0.5,0.5,-0.10099999999999999,,,,,,,normal
704,10,scenario2_single_spike,moper,50,0.0,1,0.09,0.11199999999999999,0.5,0.5,-0.10099999999999999,,,,,,,normal
705,10,scenario2_single_spike,moper,50,1.0,0,0.060625,0.197,0.5,0.5,-0.1288125,,,,,,,normal
706,10,scenario2_single_spike,moper,50,0.0,1,0.09,0.11199999999999999,0.5,0.5,-0.10099999999999999,,,,,,,normal
707,10,scenario2_single_spike,moper,50,0.0,1,0.09,0.11199999999999999,0.5,0.5,-0.10099999999999999,,,,,,,normal
708,10,scenario2_single_spike,moper,50,0.0,1,0.09,0.11199999999999999,0.5,0.5,-0.10099999999999999,,,,,,,normal
709,10,scenario2_single_spike,moper,50,0.0,1,0.09,0.11199999999999999,0.5,0.5,-0.10099999999999999,,,,,,,normal
710,10,scenario2_single_spike,moper,50,0.0,1,0.09,0.11199999999999999,0.5,0.5,-0.10099999999999999,,,,,,,normal
711,10,scenario2_single_spike,moper,50,0.0,1,0.09,0.11199999999999999,0.5,0.5,-0.10099999999999999,,,,,,,normal
712,10,scenario2_single_spike,moper,50,1.0,0,0.060625,0.197,0.5,0.5,-0.1288125,,,,,,,normal
713,10,scenario2_single_spike,moper,50,0.0,1,0.09,0.11199999999999999,0.5,0.5,-0.10099999999999999,,,,,,,normal
714,10,scenario2_single_spike,moper,50,1.0,0,0.060625,0.197,0.5,0.5,-0.1288125,,,,,,,normal
715,10,scenario2_single_spike,moper,50,1.9000000000000004,0,0.0611875,0.19790000000000002,0.5,0.5,-0.12954375,,,,,,,normal
716,10,scenario2_single_spike,moper,50,2.710000000000001,0,0.061693750000000006,0.19871000000000003,0.5,0.5,-0.13020187500000002,,,,,,,normal
717,10,scenario2_single_spike,moper,50,3.439,0,0.062149375,0.199439,0.5,0.5,-0.1307941875,,,,,,,normal
718,10,scenario2_single_spike,moper,50,0.0,1,0.09,0.11199999999999999,0.5,0.5,-0.10099999999999999,,,,,,,normal
719,10,scenario2_single_spike,moper,50,0.0,1,0.09,0.11199999999999999,0.5,0.5,-0.10099999999999999,,,,,,,normal
720,10,scenario2_single_spike,moper,50,0.0,1,0.09,0.11199999999999999,0.5,0.5,-0.10099999999999999,,,,,,,normal
721,10,scenario2_single_spike,moper,50,0.0,1,0.09,0.11199999999999999,0.5,0.5,-0.10099999999999999,,,,,,,normal
722,10,scenario2_single_spike,moper,50,1.0,0,0.060625,0.197,0.5,0.5,-0.1288125,,,,,,,normal
723,10,scenario2_single_spike,moper,50,0.0,1,0.09,0.11199999999999999,0.5,0.5,-0.10099999999999999,,,,,,,normal
724,10,scenario2_single_spike,moper,50,1.0,0,0.060625,0.197,0.5,0.5,-0.1288125,,,,,,,normal
725,10,scenario2_single_spike,moper,50,1.9000000000000004,0,0.0611875,0.19790000000000002,0.5,0.5,-0.12954375,,,,,,,normal
726,10,scenario2_single_spike,moper,50,2.710000000000001,0,0.061693750000000006,0.19871000000000003,0.5,0.5,-0.13020187500000002,,,,,,,normal
727,10,scenario2_single_spike,moper,50,3.439,0,0.062149375,0.199439,0.5,0.5,-0.1307941875,,,,,,,normal
728,10,scenario2_single_spike,moper,50,4.0951,0,0.06255943750000001,0.20009510000000003,0.5,0.5,-0.13132726875,,,,,,,normal
729,10,scenario2_single_spike,moper,50,4.685590000000001,0,0.06292849375000001,0.20068559000000002,0.5,0.5,-0.13180704187500003,,,,,,,normal
730,10,scenario2_single_spike,moper,50,5.217031000000002,0,0.063260644375,0.201217031,0.5,0.5,-0.1322388376875,,,,,,,normal
731,10,scenario2_single_spike,moper,50,0.0,1,0.09,0.11199999999999999,0.5,0.5,-0.10099999999999999,,,,,,,normal
732,10,scenario2_single_spike,moper,50,0.0,1,0.09,0.11199999999999999,0.5,0.5,-0.10099999999999999,,,,,,,normal
733,10,scenario2_single_spike,moper,50,0.0,1,0.09,0.11199999999999999,0.5,0.5,-0.10099999999999999,,,,,,,normal
734,10,scenario2_single_spike,moper,50,0.0,1,0.09,0.11199999999999999,0.5,0.5,-0.10099999999999999,,,,,,,normal
735,10,scenario2_single_spike,moper,50,0.0,1,0.09,0.11199999999999999,0.5,0.5,-0.10099999999999999,,,,,,,normal
736,10,scenario2_single_spike,moper,50,0.0,1,0.09,0.11199999999999999,0.5,0.5,-0.10099999999999999,,,,,,,normal
737,10,scenario2_single_spike,moper,50,1.0,0,0.060625,0.197,0.5,0.5,-0.1288125,,,,,,,normal
738,10,scenario2_single_spike,moper,50,1.9000000000000004,0,0.0611875,0.19790000000000002,0.5,0.5,-0.12954375,,,,,,,normal
739,10,scenario2_single_spike,moper,50,0.0,1,0.09,0.11199999999999999,0.5,0.5,-0.10099999999999999,,,,,,,normal
740,10,scenario2_single_spike,moper,50,1.0,0,0.060625,0.197,0.5,0.5,-0.1288125,,,,,,,normal
741,10,scenario2_single_spike,moper,50,1.9000000000000004,0,0.0611875,0.19790000000000002,0.5,0.5,-0.12954375,,,,,,,normal
742,10,scenario2_single_spike,moper,50,2.710000000000001,0,0.061693750000000006,0.19871000000000003,0.5,0.5,-0.13020187500000002,,,,,,,normal
743,10,scenario2_single_spike,moper,50,0.0,1,0.09,0.11199999999999999,0.5,0.5,-0.10099999999999999,,,,,,,normal
744,10,scenario2_single_spike,moper,50,1.0,0,0.060625,0.197,0.5,0.5,-0.1288125,,,,,,,normal
745,10,scenario2_single_spike,moper,50,0.0,1,0.09,0.11199999999999999,0.5,0.5,-0.10099999999999999,,,,,,,normal
746,10,scenario2_single_spike,moper,50,0.0,1,0.09,0.11199999999999999,0.5,0.5,-0.10099999999999999,,,,,,,normal
747,10,scenario2_single_spike,moper,50,1.0,0,0.060625,0.197,0.5,0.5,-0.1288125,,,,,,,normal
748,10,scenario2_single_spike,moper,50,0.0,1,0.09,0.11199999999999999,0.5,0.5,-0.10099999999999999,,,,,,,normal
749,10,scenario2_single_spike,moper,50,0.0,1,0.09,0.11199999999999999,0.5,0.5,-0.10099999999999999,,,,,,,normal
750,10,scenario2_single_spike,moper,50,0.0,1,0.09,0.11199999999999999,0.5,0.5,-0.10099999999999999,,,,,,,normal
751,10,scenario2_single_spike,moper,50,1.0,0,0.060625,0.197,0.5,0.5,-0.1288125,,,,,,,normal
752,10,scenario2_single_spike,moper,50,0.0,1,0.09,0.11199999999999999,0.5,0.5,-0.10099999999999999,,,,,,,normal
753,10,scenario2_single_spike,moper,50,0.0,1,0.09,0.11199999999999999,0.5,0.5,-0.10099999999999999,,,,,,,normal
754,10,scenario2_single_spike,moper,50,0.0,1,0.09,0.11199999999999999,0.5,0.5,-0.10099999999999999,,,,,,,normal
755,10,scenario2_single_spike,moper,50,0.0,1,0.09,0.11199999999999999,0.5,0.5,-0.10099999999999999,,,,,,,normal
756,10,scenario2_single_spike,moper,50,0.0,1,0.09,0.11199999999999999,0.5,0.5,-0.10099999999999999,,,,,,,normal
757,10,scenario2_single_spike,moper,50,0.0,1,0.09,0.11199999999999999,0.5,0.5,-0.10099999999999999,,,,,,,normal
758,10,scenario2_single_spike,moper,50,1.0,0,0.060625,0.197,0.5,0.5,-0.1288125,,,,,,,normal
759,10,scenario2_single_spike,moper,50,0.0,1,0.09,0.11199999999999999,0.5,0.5,-0.10099999999999999,,,,,,,normal
760,10,scenario2_single_spike,moper,50,0.0,1,0.09,0.11199999999999999,0.5,0.5,-0.10099999999999999,,,,,,,normal
761,10,scenario2_single_spike,moper,50,0.0,1,0.09,0.11199999999999999,0.5,0.5,-0.10099999999999999,,,,,,,normal
762,10,scenario2_single_spike,moper,50,1.0,0,0.060625,0.197,0.5,0.5,-0.1288125,,,,,,,normal
763,10,scenario2_single_spike,moper,50,1.9000000000000004,0,0.0611875,0.19790000000000002,0.5,0.5,-0.12954375,,,,,,,normal
764,10,scenario2_single_spike,moper,50,0.0,1,0.09,0.11199999999999999,0.5,0.5,-0.10099999999999999,,,,,,,normal
765,10,scenario2_single_spike,moper,50,0.0,1,0.09,0.11199999999999999,0.5,0.5,-0.10099999999999999,,,,,,,normal
766,10,scenario2_single_spike,moper,50,0.0,1,0.09,0.11199999999999999,0.5,0.5,-0.10099999999999999,,,,,,,normal
767,10,scenario2_single_spike,moper,50,0.0,1,0.09,0.11199999999999999,0.5,0.5,-0.10099999999999999,,,,,,,normal
768,10,scenario2_single_spike,moper,50,1.0,0,0.060625,0.197,0.5,0.5,-0.1288125,,,,,,,normal
769,10,scenario2_single_spike,moper,50,0.0,1,0.09,0.11199999999999999,0.5,0.5,-0.10099999999999999,,,,,,,normal
770,10,scenario2_single_spike,moper,50,1.0,0,0.060625,0.197,0.5,0.5,-0.1288125,,,,,,,normal
771,10,scenario2_single_spike,moper,50,1.9000000000000004,0,0.0611875,0.19790000000000002,0.5,0.5,-0.12954375,,,,,,,normal
772,10,scenario2_single_spike,moper,50,2.710000000000001,0,0.061693750000000006,0.19871000000000003,0.5,0.5,-0.13020187500000002,,,,,,,normal
773,10,scenario2_single_spike,moper,50,0.0,1,0.09,0.11199999999999999,0.5,0.5,-0.10099999999999999,,,,,,,normal
774,10,scenario2_single_spike,moper,50,0.0,1,0.09,0.11199999999999999,0.5,0.5,-0.10099999999999999,,,,,,,normal
775,10,scenario2_single_spike,moper,50,1.0,0,0.060625,0.197,0.5,0.5,-0.1288125,,,,,,,normal
776,10,scenario2_single_spike,moper,50,1.9000000000000004,0,0.0611875,0.19790000000000002,0.5,0.5,-0.12954375,,,,,,,normal
777,10,scenario2_single_spike,moper,50,2.710000000000001,0,0.061693750000000006,0.19871000000000003,0.5,0.5,-0.13020187500000002,,,,,,,normal
778,10,scenario2_single_spike,moper,50,3.439,0,0.062149375,0.199439,0.5,0.5,-0.1307941875,,,,,,,normal
779,10,scenario2_single_spike,moper,50,0.0,1,0.09,0.11199999999999999,0.5,0.5,-0.10099999999999999,,,,,,,normal
780,10,scenario2_single_spike,moper,50,1.0,0,0.060625,0.197,0.5,0.5,-0.1288125,,,,,,,normal
781,10,scenario2_single_spike,moper,50,0.0,1,0.09,0.11199999999999999,0.5,0.5,-0.10099999999999999,,,,,,,normal
782,10,scenario2_single_spike,moper,50,1.0,0,0.060625,0.197,0.5,0.5,-0.1288125,,,,,,,normal
783,10,scenario2_single_spike,moper,50,1.9000000000000004,0,0.0611875,0.19790000000000002,0.5,0.5,-0.12954375,,,,,,,normal
784,10,scenario2_single_spike,moper,50,2.710000000000001,0,0.061693750000000006,0.19871000000000003,0.5,0.5,-0.13020187500000002,,,,,,,normal
785,10,scenario2_single_spike,moper,50,0.0,1,0.09,0.11199999999999999,0.5,0.5,-0.10099999999999999,,,,,,,normal
786,10,scenario2_single_spike,moper,50,1.0,0,0.060625,0.197,0.5,0.5,-0.1288125,,,,,,,normal
787,10,scenario2_single_spike,moper,50,0.0,1,0.09,0.11199999999999999,0.5,0.5,-0.10099999999999999,,,,,,,normal
788,10,scenario2_single_spike,moper,50,0.0,1,0.09,0.11199999999999999,0.5,0.5,-0.10099999999999999,,,,,,,normal
789,10,scenario2_single_spike,moper,50,1.0,0,0.060625,0.197,0.5,0.5,-0.1288125,,,,,,,normal
790,10,scenario2_single_spike,moper,50,0.0,1,0.09,0.11199999999999999,0.5,0.5,-0.10099999999999999,,,,,,,normal
791,10,scenario2_single_spike,moper,50,1.0,0,0.060625,0.197,0.5,0.5,-0.1288125,,,,,,,normal
792,10,scenario2_single_spike,moper,50,0.0,1,0.09,0.11199999999999999,0.5,0.5,-0.10099999999999999,,,,,,,normal
793,10,scenario2_single_spike,moper,50,1.0,0,0.060625,0.197,0.5,0.5,-0.1288125,,,,,,,normal
794,10,scenario2_single_spike,moper,50,1.9000000000000004,0,0.0611875,0.19790000000000002,0.5,0.5,-0.12954375,,,,,,,normal
795,10,scenario2_single_spike,moper,50,0.0,1,0.09,0.11199999999999999,0.5,0.5,-0.10099999999999999,,,,,,,normal
796,10,scenario2_single_spike,moper,50,1.0,0,0.060625,0.197,0.5,0.5,-0.1288125,,,,,,,normal
797,10,scenario2_single_spike,moper,50,1.9000000000000004,0,0.0611875,0.19790000000000002,0.5,0.5,-0.12954375,,,,,,,normal
798,10,scenario2_single_spike,moper,50,2.710000000000001,0,0.061693750000000006,0.19871000000000003,0.5,0.5,-0.13020187500000002,,,,,,,normal
799,10,scenario2_single_spike,moper,50,0.0,1,0.09,0.11199999999999999,0.5,0.5,-0.10099999999999999,,,,,,,normal
800,10,scenario2_single_spike,moper,150,13.0,1,0.11472727272727273,0.21178181818181818,0.5,0.5,-0.16325454545454546,,,,,,,spike
801,10,scenario2_single_spike,moper,150,24.700000000000003,1,0.11898181818181819,0.21518545454545457,0.5,0.5,-0.16708363636363638,,,,,,,spike
802,10,scenario2_single_spike,moper,150,41.230000000000004,0,0.10576875000000002,0.46923000000000004,0.5,0.5,-0.287499375,,,,,,,spike
803,10,scenario2_single_spike,moper,150,50.107,1,0.1282207272727273,0.22257658181818185,0.5,0.5,-0.17539865454545456,,,,,,,spike
804,10,scenario2_single_spike,moper,150,64.0963,0,0.12006018750000001,0.49209630000000004,0.5,0.5,-0.30607824375000003,,,,,,,spike
805,10,scenario2_single_spike,moper,150,76.68666999999999,0,0.12792916875000002,0.50468667,0.5,0.5,-0.316307919375,,,,,,,spike
806,10,scenario2_single_spike,moper,150,82.018003,1,0.13982472836363635,0.2318597826909091,0.5,0.5,-0.18584225552727274,,,,,,,spike
807,10,scenario2_single_spike,moper,150,92.81620269999999,0,0.13801012668749998,0.5208162027,0.5,0.5,-0.32941316469375,,,,,,,spike
808,10,scenario2_single_spike,moper,150,96.53458243,1,0.14510348452000002,0.23608278761600004,0.5,0.5,-0.19059313606800005,,,,,,,spike
809,10,scenario2_single_spike,moper,150,99.881124187,1,0.14632040879527272,0.2370563270362182,0.5,0.5,-0.19168836791574545,,,,,,,spike
810,10,scenario2_single_spike,moper,150,102.8930117683,1,0.14741564064301818,0.23793251251441455,0.5,0.5,-0.19267407657871638,,,,,,,spike
811,10,scenario2_single_spike,moper,150,111.60371059147,0,0.14975231911966877,0.53960371059147,0.5,0.5,-0.3446780148555694,,,,,,,spike
812,10,scenario2_single_spike,moper,150,119.44333953232301,0,0.1546520872077019,0.547443339532323,0.5,0.5,-0.3510477133700125,,,,,,,spike
813,10,scenario2_single_spike,moper,150,126.49900557909069,0,0.1590618784869317,0.5544990055790907,0.5,0.5,-0.3567804420330112,,,,,,,spike
814,10,scenario2_single_spike,moper,150,126.84910502118163,1,0.15612694728042967,0.24490155782434375,0.5,0.5,-0.2005142525523867,,,,,,,spike
815,10,scenario2_single_spike,moper,150,127.16419451906347,1,0.15624152527965943,0.24499322022372755,0.5,0.5,-0.2006173727516935,,,,,,,spike
816,10,scenario2_single_spike,moper,150,133.44777506715712,0,0.16340485941697322,0.5614477750671572,0.5,0.5,-0.3624263172420652,,,,,,,spike
817,10,scenario2_single_spike,moper,150,133.1029975604414,1,0.1584010900219787,0.24672087201758297,0.5,0.5,-0.20256098101978082,,,,,,,spike
818,10,scenario2_single_spike,moper,150,132.79269780439728,1,0.15828825374705358,0.2466306029976429,0.5,0.5,-0.20245942837234823,,,,,,,spike
819,10,scenario2_single_spike,moper,150,138.51342802395754,0,0.16657089251497348,0.5665134280239575,0.5,0.5,-0.3665421602694655,,,,,,,spike
820,10,scenario2_single_spike,moper,150,137.6620852215618,1,0.16005894008056792,0.24804715206445438,0.5,0.5,-0.20405304607251115,,,,,,,spike
821,10,scenario2_single_spike,moper,150,142.89587669940562,0,0.16930992293712854,0.5708958766994057,0.5,0.5,-0.3701028998182671,,,,,,,spike
822,10,scenario2_single_spike,moper,150,141.60628902946507,1,0.16149319601071457,0.24919455680857167,0.5,0.5,-0.20534387640964313,,,,,,,spike
823,10,scenario2_single_spike,moper,150,146.4456601265186,0,0.17152853757907413,0.5744456601265187,0.5,0.5,-0.3729870988527964,,,,,,,spike
824,10,scenario2_single_spike,moper,150,150.80109411386672,0,0.1742506838211667,0.5788010941138667,0.5,0.5,-0.3765258889675167,,,,,,,spike
825,10,scenario2_single_spike,moper,150,154.72098470248005,0,0.17670061543905005,0.5827209847024801,0.5,0.5,-0.3797108000707651,,,,,,,spike
826,10,scenario2_single_spike,moper,150,158.24888623223205,0,0.17890555389514506,0.5862488862322321,0.5,0.5,-0.3825772200636886,,,,,,,spike
827,10,scenario2_single_spike,moper,150,161.42399760900886,0,0.18088999850563056,0.5894239976090089,0.5,0.5,-0.38515699805731973,,,,,,,spike
828,10,scenario2_single_spike,moper,150,164.281597848108,0,0.1826759986550675,0.592281597848108,0.5,0.5,-0.3874787982515877,,,,,,,spike
829,10,scenario2_single_spike,moper,150,160.8534380632972,1,0.16849215929574446,0.25479372743659556,0.5,0.5,-0.21164294336617,,,,,,,spike
830,10,scenario2_single_spike,moper,150,163.7680942569675,0,0.1823550589106047,0.5917680942569675,0.5,0.5,-0.3870615765837861,,,,,,,spike
831,10,scenario2_single_spike,moper,150,166.39128483127075,0,0.18399455301954423,0.5943912848312708,0.5,0.5,-0.3891929189254075,,,,,,,spike
832,10,scenario2_single_spike,moper,150,162.75215634814367,1,0.1691826023084159,0.25534608184673274,0.5,0.5,-0.21226434207757433,,,,,,,spike
833,10,scenario2_single_spike,moper,150,159.4769407133293,1,0.16799161480484703,0.25439329184387766,0.5,0.5,-0.21119245332436234,,,,,,,spike
834,10,scenario2_single_spike,moper,150,162.52924664199637,0,0.18158077915124773,0.5905292466419964,0.5,0.5,-0.38605501289662203,,,,,,,spike
835,10,scenario2_single_spike,moper,150,159.27632197779673,1,0.16791866253738064,0.25433493002990454,0.5,0.5,-0.2111267962836426,,,,,,,spike
836,10,scenario2_single_spike,moper,150,156.34868978001705,1,0.1668540690109153,0.25348325520873227,0.5,0.5,-0.21016866210982377,,,,,,,spike
837,10,scenario2_single_spike,moper,150,159.71382080201536,0,0.17982113800125962,0.5877138208020154,0.5,0.5,-0.3837674794016375,,,,,,,spike
838,10,scenario2_single_spike,moper,150,162.74243872181384,0,0.18171402420113367,0.5907424387218139,0.5,0.5,-0.3862282314614738,,,,,,,spike
839,10,scenario2_single_spike,moper,150,165.46819484963245,0,0.18341762178102028,0.5934681948496324,0.5,0.5,-0.38844290831532635,,,,,,,spike
840,10,scenario2_single_spike,moper,150,167.92137536466922,0,0.18495085960291827,0.5959213753646693,0.5,0.5,-0.39043611748379375,,,,,,,spike
841,10,scenario2_single_spike,moper,150,164.1292378282023,1,0.16968335921025537,0.25574668736820433,0.5,0.5,-0.21271502328922987,,,,,,,spike
842,10,scenario2_single_spike,moper,150,166.71631404538206,0,0.1841976962783638,0.594716314045382,0.5,0.5,-0.3894570051618729,,,,,,,spike
843,10,scenario2_single_spike,moper,150,163.04468264084386,1,0.16928897550576139,0.2554311804046091,0.5,0.5,-0.21236007795518524,,,,,,,spike
844,10,scenario2_single_spike,moper,150,165.74021437675947,0,0.18358763398547467,0.5937402143767595,0.5,0.5,-0.38866392418111706,,,,,,,spike
845,10,scenario2_single_spike,moper,150,162.16619293908352,1,0.16896952470512125,0.25517561976409703,0.5,0.5,-0.21207257223460912,,,,,,,spike
846,10,scenario2_single_spike,moper,150,158.94957364517518,1,0.16779984496188188,0.25423987596950554,0.5,0.5,-0.2110198604656937,,,,,,,spike
847,10,scenario2_single_spike,moper,150,162.05461628065765,0,0.18128413517541106,0.5900546162806577,0.5,0.5,-0.3856693757280344,,,,,,,spike
848,10,scenario2_single_spike,moper,150,164.8491546525919,0,0.18303072165786993,0.5928491546525919,0.5,0.5,-0.3879399381552309,,,,,,,spike
849,10,scenario2_single_spike,moper,150,161.3642391873327,1,0.16867790515903008,0.25494232412722406,0.5,0.5,-0.21181011464312707,,,,,,,spike
850,10,scenario2_single_spike,moper,150,164.22781526859944,0,0.18264238454287465,0.5922278152685995,0.5,0.5,-0.38743509990573705,,,,,,,spike
851,10,scenario2_single_spike,moper,150,160.8050337417395,1,0.16847455772426892,0.2547796461794152,0.5,0.5,-0.21162710195184203,,,,,,,spike
852,10,scenario2_single_spike,moper,150,163.72453036756554,0,0.18232783147972847,0.5917245303675656,0.5,0.5,-0.38702618092364705,,,,,,,spike
853,10,scenario2_single_spike,moper,150,160.35207733080898,1,0.16830984630211238,0.2546478770416899,0.5,0.5,-0.21147886167190114,,,,,,,spike
854,10,scenario2_single_spike,moper,150,157.3168695977281,1,0.16720613439917387,0.2537649075193391,0.5,0.5,-0.2104855209592565,,,,,,,spike
855,10,scenario2_single_spike,moper,150,154.58518263795528,1,0.16621279368652922,0.2529702349492234,0.5,0.5,-0.20959151431787632,,,,,,,spike
856,10,scenario2_single_spike,moper,150,158.12666437415976,0,0.17882916523384987,0.5861266643741598,0.5,0.5,-0.38247791480400484,,,,,,,spike
857,10,scenario2_single_spike,moper,150,155.3139979367438,1,0.1664778174315432,0.2531822539452346,0.5,0.5,-0.20983003568838887,,,,,,,spike
858,10,scenario2_single_spike,moper,150,152.7825981430694,1,0.1655573084156616,0.2524458467325293,0.5,0.5,-0.20900157757409543,,,,,,,spike
859,10,scenario2_single_spike,moper,150,156.50433832876246,0,0.17781521145547655,0.5845043383287625,0.5,0.5,-0.3811597748921195,,,,,,,spike
860,10,scenario2_single_spike,moper,150,153.8539044958862,1,0.16594687436214045,0.2527574994897124,0.5,0.5,-0.20935218692592641,,,,,,,spike
861,10,scenario2_single_spike,moper,150,157.4685140462976,0,0.17841782127893602,0.5854685140462976,0.5,0.5,-0.3819431676626168,,,,,,,spike
862,10,scenario2_single_spike,moper,150,160.72166264166785,0,0.18045103915104244,0.5887216626416679,0.5,0.5,-0.3845863508963552,,,,,,,spike
863,10,scenario2_single_spike,moper,150,157.64949637750107,1,0.16732708959181858,0.25386167167345486,0.5,0.5,-0.21059438063263672,,,,,,,spike
864,10,scenario2_single_spike,moper,150,154.88454673975096,1,0.16632165335990945,0.2530573226879276,0.5,0.5,-0.2096894880239185,,,,,,,spike
865,10,scenario2_single_spike,moper,150,158.39609206577586,0,0.1789975575411099,0.5863960920657758,0.5,0.5,-0.38269682480344286,,,,,,,spike
866,10,scenario2_single_spike,moper,150,161.55648285919827,0,0.18097280178699893,0.5895564828591983,0.5,0.5,-0.3852646423230986,,,,,,,spike
867,10,scenario2_single_spike,moper,150,164.40083457327844,0,0.18275052160829905,0.5924008345732785,0.5,0.5,-0.3875756780907888,,,,,,,spike
868,10,scenario2_single_spike,moper,150,166.96075111595061,0,0.18435046944746913,0.5949607511159506,0.5,0.5,-0.38965561028170986,,,,,,,spike
869,10,scenario2_single_spike,moper,150,169.26467600435555,0,0.18579042250272224,0.5972646760043556,0.5,0.5,-0.39152754925353894,,,,,,,spike
870,10,scenario2_single_spike,moper,150,171.33820840392,0,0.18708638025245,0.59933820840392,0.5,0.5,-0.39321229432818505,,,,,,,spike
871,10,scenario2_single_spike,moper,150,167.204387563528,1,0.17080159547764656,0.25664127638211726,0.5,0.5,-0.2137214359298819,,,,,,,spike
872,10,scenario2_single_spike,moper,150,169.4839488071752,0,0.18592746800448454,0.5974839488071753,0.5,0.5,-0.3917057084058299,,,,,,,spike
873,10,scenario2_single_spike,moper,150,171.53555392645768,0,0.18720972120403606,0.5995355539264577,0.5,0.5,-0.3933726375652469,,,,,,,spike
874,10,scenario2_single_spike,moper,150,167.38199853381192,1,0.1708661812850225,0.25669294502801804,0.5,0.5,-0.21377956315652027,,,,,,,spike
875,10,scenario2_single_spike,moper,150,169.64379868043073,0,0.18602737417526924,0.5976437986804308,0.5,0.5,-0.39183558642785005,,,,,,,spike
876,10,scenario2_single_spike,moper,150,165.67941881238767,1,0.17024706138632278,0.25619764910905823,0.5,0.5,-0.2132223552476905,,,,,,,spike
877,10,scenario2_single_spike,moper,150,162.1114769311489,1,0.16894962797496324,0.2551597023799706,0.5,0.5,-0.2120546651774669,,,,,,,spike
878,10,scenario2_single_spike,moper,150,158.900329238034,1,0.16778193790473964,0.25422555032379174,0.5,0.5,-0.2110037441142657,,,,,,,spike
879,10,scenario2_single_spike,moper,150,156.0102963142306,1,0.16673101684153843,0.2533848134732308,0.5,0.5,-0.2100579151573846,,,,,,,spike
880,10,scenario2_single_spike,moper,150,153.40926668280756,1,0.1657851878846573,0.25262815030772584,0.5,0.5,-0.20920666909619157,,,,,,,spike
881,10,scenario2_single_spike,moper,150,151.0683400145268,1,0.1649339418234643,0.25194715345877144,0.5,0.5,-0.20844054764111786,,,,,,,spike
882,10,scenario2_single_spike,moper,150,148.9615060130741,1,0.1641678203683906,0.2513342562947125,0.5,0.5,-0.20775103833155156,,,,,,,spike
883,10,scenario2_single_spike,moper,150,153.06535541176672,0,0.17566584713235422,0.5810653554117667,0.5,0.5,-0.3783656012720605,,,,,,,spike
884,10,scenario2_single_spike,moper,150,156.75881987059006,0,0.17797426241911882,0.5847588198705901,0.5,0.5,-0.38136654114485447,,,,,,,spike
885,10,scenario2_single_spike,moper,150,154.08293788353106,1,0.16603015923037492,0.25282412738429993,0.5,0.5,-0.20942714330733742,,,,,,,spike
886,10,scenario2_single_spike,moper,150,157.67464409517797,0,0.17854665255948624,0.585674644095178,0.5,0.5,-0.3821106483273321,,,,,,,spike
887,10,scenario2_single_spike,moper,150,160.90717968566017,0,0.18056698730353762,0.5889071796856602,0.5,0.5,-0.3847370834945989,,,,,,,spike
888,10,scenario2_single_spike,moper,150,157.81646171709414,1,0.1673878042607615,0.25391024340860924,0.5,0.5,-0.21064902383468537,,,,,,,spike
889,10,scenario2_single_spike,moper,150,155.03481554538473,1,0.1663762965619581,0.2531010372495665,0.5,0.5,-0.20973866690576232,,,,,,,spike
890,10,scenario2_single_spike,moper,150,152.53133399084626,1,0.16546593963303502,0.25237275170642803,0.5,0.5,-0.20891934566973153,,,,,,,spike
891,10,scenario2_single_spike,moper,150,156.27820059176165,0,0.17767387536985105,0.5842782005917617,0.5,0.5,-0.38097603798080637,,,,,,,spike
892,10,scenario2_single_spike,moper,150,159.65038053258547,0,0.17978148783286593,0.5876503805325854,0.5,0.5,-0.3837159341827257,,,,,,,spike
893,10,scenario2_single_spike,moper,150,156.68534247932692,1,0.16697648817430072,0.2535811905394406,0.5,0.5,-0.21027883935687067,,,,,,,spike
894,10,scenario2_single_spike,moper,150,154.01680823139424,1,0.16600611208414337,0.25280488966731474,0.5,0.5,-0.20940550087572907,,,,,,,spike
895,10,scenario2_single_spike,moper,150,151.6151274082548,1,0.16513277360300177,0.2521062188824014,0.5,0.5,-0.2086194962427016,,,,,,,spike
896,10,scenario2_single_spike,moper,150,149.45361466742932,1,0.1643467689699743,0.25147741517597944,0.5,0.5,-0.20791209207297687,,,,,,,spike
897,10,scenario2_single_spike,moper,150,153.5082532006864,0,0.175942658250429,0.5815082532006864,0.5,0.5,-0.3787254557255577,,,,,,,spike
898,10,scenario2_single_spike,moper,150,157.15742788061777,0,0.17822339242538612,0.5851574278806178,0.5,0.5,-0.3816904101530019,,,,,,,spike
899,10,scenario2_single_spike,moper,150,154.441685092556,1,0.16616061276092947,0.2529284902087436,0.5,0.5,-0.20954455148483653,,,,,,,spike
900,10,scenario2_single_spike,moper,150,151.9975165833004,1,0.16527182421210923,0.2522174593696874,0.5,0.5,-0.20874464179089833,,,,,,,spike
901,10,scenario2_single_spike,moper,150,155.79776492497038,0,0.1773736030781065,0.5837977649249704,0.5,0.5,-0.38058568400153847,,,,,,,spike
902,10,scenario2_single_spike,moper,150,153.21798843247333,1,0.16571563215726304,0.25257250572581047,0.5,0.5,-0.20914406894153675,,,,,,,spike
903,10,scenario2_single_spike,moper,150,156.896189589226,0,0.17806011849326628,0.5848961895892261,0.5,0.5,-0.3814781540412462,,,,,,,spike
904,10,scenario2_single_spike,moper,150,154.2065706303034,1,0.16607511659283758,0.25286009327427006,0.5,0.5,-0.20946760493355382,,,,,,,spike
905,10,scenario2_single_spike,moper,150,157.78591356727304,0,0.17861619597954567,0.585785913567273,0.5,0.5,-0.3822010547734094,,,,,,,spike
906,10,scenario2_single_spike,moper,150,155.00732221054574,1,0.166366298985653,0.25309303918852244,0.5,0.5,-0.20972966908708773,,,,,,,spike
907,10,scenario2_single_spike,moper,150,158.50658998949118,0,0.179066618743432,0.5865065899894912,0.5,0.5,-0.3827866043664616,,,,,,,spike
908,10,scenario2_single_spike,moper,150,155.65593099054206,1,0.1666021567238335,0.2532817253790668,0.5,0.5,-0.20994194105145014,,,,,,,spike
909,10,scenario2_single_spike,moper,150,159.09033789148785,0,0.17943146118217992,0.5870903378914879,0.5,0.5,-0.3832608995368339,,,,,,,spike
910,10,scenario2_single_spike,moper,150,156.18130410233906,1,0.16679320149175966,0.25343456119340774,0.5,0.5,-0.21011388134258369,,,,,,,spike
911,10,scenario2_single_spike,moper,150,159.56317369210515,0,0.17972698355756575,0.5875631736921052,0.5,0.5,-0.3836450786248355,,,,,,,spike
912,10,scenario2_single_spike,moper,150,162.60685632289463,0,0.18162928520180915,0.5906068563228947,0.5,0.5,-0.38611807076235194,,,,,,,spike
913,10,scenario2_single_spike,moper,150,165.34617069060516,0,0.18334135668162824,0.5933461706906051,0.5,0.5,-0.38834376368611667,,,,,,,spike
914,10,scenario2_single_spike,moper,150,161.81155362154465,1,0.16884056495328895,0.2550724519626312,0.5,0.5,-0.21195650845796005,,,,,,,spike
915,10,scenario2_single_spike,moper,150,164.63039825939018,0,0.18289399891211888,0.5926303982593902,0.5,0.5,-0.38776219858575456,,,,,,,spike
916,10,scenario2_single_spike,moper,150,161.16735843345117,1,0.1686063121576186,0.2548850497260949,0.5,0.5,-0.21174568094185675,,,,,,,spike
917,10,scenario2_single_spike,moper,150,164.05062259010606,0,0.1825316391188163,0.5920506225901061,0.5,0.5,-0.3872911308544612,,,,,,,spike
918,10,scenario2_single_spike,moper,150,160.64556033109545,1,0.16841656739312563,0.2547332539145005,0.5,0.5,-0.21157491065381306,,,,,,,spike
919,10,scenario2_single_spike,moper,150,157.5810042979859,1,0.1673021833810858,0.25384174670486864,0.5,0.5,-0.2105719650429772,,,,,,,spike
920,10,scenario2_single_spike,moper,150,154.82290386818732,1,0.1662992377702499,0.2530393902161999,0.5,0.5,-0.20966931399322492,,,,,,,spike
921,10,scenario2_single_spike,moper,150,152.3406134813686,1,0.16539658672049767,0.25231726937639815,0.5,0.5,-0.2088569280484479,,,,,,,spike
922,10,scenario2_single_spike,moper,150,150.10655213323173,1,0.16458420077572064,0.25166736062057654,0.5,0.5,-0.20812578069814858,,,,,,,spike
923,10,scenario2_single_spike,moper,150,154.09589691990857,0,0.17630993557494287,0.5820958969199086,0.5,0.5,-0.37920291624742575,,,,,,,spike
924,10,scenario2_single_spike,moper,150,157.68630722791772,0,0.1785539420174486,0.5856863072279177,0.5,0.5,-0.38212012462268313,,,,,,,spike
925,10,scenario2_single_spike,moper,150,154.91767650512597,1,0.16633370054731852,0.2530669604378548,0.5,0.5,-0.20970033049258668,,,,,,,spike
926,10,scenario2_single_spike,moper,150,158.42590885461337,0,0.17901619303413338,0.5864259088546134,0.5,0.5,-0.3827210509443734,,,,,,,spike
927,10,scenario2_single_spike,moper,150,155.58331796915203,1,0.16657575198878255,0.25326060159102604,0.5,0.5,-0.2099181767899043,,,,,,,spike
928,10,scenario2_single_spike,moper,150,153.02498617223682,1,0.16564544951717705,0.25251635961374164,0.5,0.5,-0.20908090456545936,,,,,,,spike
929,10,scenario2_single_spike,moper,150,150.72248755501315,1,0.16480817729273206,0.25184654183418564,0.5,0.5,-0.20832735956345885,,,,,,,spike
930,10,scenario2_single_spike,moper,150,148.65023879951184,1,0.16405463229073156,0.25124370583258526,0.5,0.5,-0.20764916906165842,,,,,,,spike
931,10,scenario2_single_spike,moper,150,152.78521491956067,0,0.17549075932472544,0.5807852149195607,0.5,0.5,-0.3781379871221431,,,,,,,spike
932,10,scenario2_single_spike,moper,150,150.5066934276046,1,0.16472970670094714,0.25178376536075775,0.5,0.5,-0.20825673603085243,,,,,,,spike
933,10,scenario2_single_spike,moper,150,154.45602408484416,0,0.1765350150530276,0.5824560240848442,0.5,0.5,-0.3794955195689359,,,,,,,spike
934,10,scenario2_single_spike,moper,150,158.01042167635975,0,0.17875651354772487,0.5860104216763597,0.5,0.5,-0.38238346761204234,,,,,,,spike
935,10,scenario2_single_spike,moper,150,155.20937950872377,1,0.16643977436680865,0.25315181949344695,0.5,0.5,-0.2097957969301278,,,,,,,spike
936,10,scenario2_single_spike,moper,150,152.6884415578514,1,0.16552306965740052,0.2524184557259204,0.5,0.5,-0.20897076269166048,,,,,,,spike
937,10,scenario2_single_spike,moper,150,150.41959740206627,1,0.16469803541893321,0.2517584283351466,0.5,0.5,-0.20822823187703993,,,,,,,spike
938,10,scenario2_single_spike,moper,150,154.37763766185964,0,0.17648602353866227,0.5823776376618597,0.5,0.5,-0.379431830600261,,,,,,,spike
939,10,scenario2_single_spike,moper,150,151.93987389567368,1,0.16525086323479043,0.25220069058783234,0.5,0.5,-0.2087257769113114,,,,,,,spike
940,10,scenario2_single_spike,moper,150,155.74588650610633,0,0.17734117906631647,0.5837458865061064,0.5,0.5,-0.38054353278621145,,,,,,,spike
941,10,scenario2_single_spike,moper,150,159.1712978554957,0,0.17948206115968482,0.5871712978554957,0.5,0.5,-0.38332667950759025,,,,,,,spike
942,10,scenario2_single_spike,moper,150,162.25416806994613,0,0.18140885504371634,0.5902541680699461,0.5,0.5,-0.38583151155683126,,,,,,,spike
943,10,scenario2_single_spike,moper,150,159.02875126295152,1,0.16782863682289148,0.2542629094583132,0.5,0.5,-0.21104577314060236,,,,,,,spike
944,10,scenario2_single_spike,moper,150,162.12587613665636,0,0.18132867258541024,0.5901258761366563,0.5,0.5,-0.38572727436103327,,,,,,,spike
945,10,scenario2_single_spike,moper,150,164.91328852299074,0,0.18307080532686923,0.5929132885229907,0.5,0.5,-0.38799204692493,,,,,,,spike
946,10,scenario2_single_spike,moper,150,167.42195967069168,0,0.1846387247941823,0.5954219596706917,0.5,0.5,-0.390030342232437,,,,,,,spike
947,10,scenario2_single_spike,moper,150,169.6797637036225,0,0.1860498523147641,0.5976797637036225,0.5,0.5,-0.3918648080091933,,,,,,,spike
948,10,scenario2_single_spike,moper,150,165.71178733326028,1,0.17025883175754922,0.2562070654060394,0.5,0.5,-0.2132329485817943,,,,,,,spike
949,10,scenario2_single_spike,moper,150,162.14060859993424,1,0.16896022130906702,0.25516817704725364,0.5,0.5,-0.21206419917816033,,,,,,,spike
950,10,scenario2_single_spike,moper,150,164.92654773994082,0,0.18307909233746303,0.5929265477399408,0.5,0.5,-0.3880028200387019,,,,,,,spike
951,10,scenario2_single_spike,moper,150,167.43389296594674,0,0.18464618310371672,0.5954338929659467,0.5,0.5,-0.3900400380348317,,,,,,,spike
952,10,scenario2_single_spike,moper,150,169.69050366935207,0,0.18605656479334506,0.5976905036693521,0.5,0.5,-0.3918735342313486,,,,,,,spike
953,10,scenario2_single_spike,moper,150,171.72145330241688,0,0.18732590831401055,0.5997214533024169,0.5,0.5,-0.3935236808082137,,,,,,,spike
954,10,scenario2_single_spike,moper,150,173.5493079721752,0,0.1884683174826095,0.6015493079721752,0.5,0.5,-0.39500881272739236,,,,,,,spike
955,10,scenario2_single_spike,moper,150,169.19437717495768,1,0.17152522806362097,0.2572201824508968,0.5,0.5,-0.21437270525725888,,,,,,,spike
956,10,scenario2_single_spike,moper,150,171.27493945746193,0,0.18704683716091372,0.5992749394574619,0.5,0.5,-0.39316088830918783,,,,,,,spike
957,10,scenario2_single_spike,moper,150,173.14744551171574,0,0.18821715344482237,0.6011474455117158,0.5,0.5,-0.3946822994782691,,,,,,,spike
958,10,scenario2_single_spike,moper,150,168.83270096054417,1,0.17139370944019788,0.25711496755215835,0.5,0.5,-0.21425433849617811,,,,,,,spike
959,10,scenario2_single_spike,moper,150,164.94943086448976,1,0.16998161122345082,0.25598528897876066,0.5,0.5,-0.21298345010110575,,,,,,,spike
960,10,scenario2_single_spike,moper,150,161.45448777804077,1,0.16871072282837848,0.2549685782627028,0.5,0.5,-0.21183965054554066,,,,,,,spike
961,10,scenario2_single_spike,moper,150,164.3090390002367,0,0.18269314937514797,0.5923090390002368,0.5,0.5,-0.3875010941876924,,,,,,,spike
962,10,scenario2_single_spike,moper,150,166.87813510021303,0,0.18429883443763317,0.594878135100213,0.5,0.5,-0.3895884847689231,,,,,,,spike
963,10,scenario2_single_spike,moper,150,169.19032159019173,0,0.18574395099386987,0.5971903215901918,0.5,0.5,-0.39146713629203084,,,,,,,spike
964,10,scenario2_single_spike,moper,150,171.27128943117256,0,0.18704455589448288,0.5992712894311726,0.5,0.5,-0.39315792266282773,,,,,,,spike
965,10,scenario2_single_spike,moper,150,173.14416048805532,0,0.1882151003050346,0.6011441604880554,0.5,0.5,-0.394679630396545,,,,,,,spike
966,10,scenario2_single_spike,moper,150,168.8297444392498,1,0.17139263434154536,0.2571141074732363,0.5,0.5,-0.21425337090739083,,,,,,,spike
967,10,scenario2_single_spike,moper,150,164.94676999532481,1,0.16998064363466356,0.2559845149077309,0.5,0.5,-0.21298257927119724,,,,,,,spike
968,10,scenario2_single_spike,moper,150,167.45209299579233,0,0.18465755812237022,0.5954520929957924,0.5,0.5,-0.39005482555908133,,,,,,,spike
969,10,scenario2_single_spike,moper,150,163.7068836962131,1,0.16952977588953203,0.25562382071162565,0.5,0.5,-0.21257679830057885,,,,,,,spike
970,10,scenario2_single_spike,moper,150,166.3361953265918,0,0.18396012207911988,0.5943361953265918,0.5,0.5,-0.3891481587028558,,,,,,,spike
971,10,scenario2_single_spike,moper,150,162.70257579393262,1,0.1691645730159755,0.25533165841278044,0.5,0.5,-0.21224811571437796,,,,,,,spike
972,10,scenario2_single_spike,moper,150,165.43231821453938,0,0.18339519888408712,0.5934323182145393,0.5,0.5,-0.38841375854931326,,,,,,,spike
973,10,scenario2_single_spike,moper,150,167.88908639308545,0,0.18493067899567842,0.5958890863930855,0.5,0.5,-0.3904098826943819,,,,,,,spike
974,10,scenario2_single_spike,moper,150,164.1001777537769,1,0.16967279191046433,0.2557382335283715,0.5,0.5,-0.2127055127194179,,,,,,,spike
975,10,scenario2_single_spike,moper,150,166.6901599783992,0,0.18418134998649952,0.5946901599783992,0.5,0.5,-0.38943575498244937,,,,,,,spike
976,10,scenario2_single_spike,moper,150,163.0211439805593,1,0.16928041599293067,0.25542433279434457,0.5,0.5,-0.21235237439363763,,,,,,,spike
977,10,scenario2_single_spike,moper,150,159.71902958250337,1,0.1680796471209103,0.25446371769672826,0.5,0.5,-0.21127168240881927,,,,,,,spike
978,10,scenario2_single_spike,moper,150,156.74712662425304,1,0.166998955136092,0.2535991641088736,0.5,0.5,-0.2102990596224828,,,,,,,spike
979,10,scenario2_single_spike,moper,150,160.07241396182775,0,0.18004525872614235,0.5880724139618277,0.5,0.5,-0.3840588363439851,,,,,,,spike
980,10,scenario2_single_spike,moper,150,157.06517256564499,1,0.1671146082056891,0.2536916865645513,0.5,0.5,-0.21040314738512023,,,,,,,spike
981,10,scenario2_single_spike,moper,150,160.3586553090805,0,0.1802241595681753,0.5883586553090805,0.5,0.5,-0.3842914074386279,,,,,,,spike
982,10,scenario2_single_spike,moper,150,157.32278977817245,1,0.1672082871920627,0.25376662975365016,0.5,0.5,-0.21048745847285644,,,,,,,spike
983,10,scenario2_single_spike,moper,150,160.59051080035522,0,0.18036906925022203,0.5885905108003553,0.5,0.5,-0.38447979002528865,,,,,,,spike
984,10,scenario2_single_spike,moper,150,157.5314597203197,1,0.16728416717102534,0.2538273337368203,0.5,0.5,-0.21055575045392283,,,,,,,spike
985,10,scenario2_single_spike,moper,150,154.77831374828773,1,0.16628302318119553,0.25302641854495644,0.5,0.5,-0.209654720863076,,,,,,,spike
986,10,scenario2_single_spike,moper,150,158.30048237345895,0,0.17893780148341187,0.586300482373459,0.5,0.5,-0.38261914192843544,,,,,,,spike
987,10,scenario2_single_spike,moper,150,155.47043413611306,1,0.16653470332222292,0.25322776265777835,0.5,0.5,-0.20988123299000064,,,,,,,spike
988,10,scenario2_single_spike,moper,150,158.92339072250175,0,0.1793271192015636,0.5869233907225018,0.5,0.5,-0.3831252549620327,,,,,,,spike
989,10,scenario2_single_spike,moper,150,156.03105165025158,1,0.1667385642364551,0.2533908513891641,0.5,0.5,-0.21006470781280961,,,,,,,spike
990,10,scenario2_single_spike,moper,150,153.42794648522644,1,0.16579198054008235,0.2526335844320659,0.5,0.5,-0.2092127824860741,,,,,,,spike
991,10,scenario2_single_spike,moper,150,157.0851518367038,0,0.1781782198979399,0.5850851518367038,0.5,0.5,-0.3816316858673219,,,,,,,spike
992,10,scenario2_single_spike,moper,150,154.37663665303342,1,0.16613695878292123,0.252909567026337,0.5,0.5,-0.2095232629046291,,,,,,,spike
993,10,scenario2_single_spike,moper,150,151.93897298773007,1,0.16525053563190184,0.2522004285055215,0.5,0.5,-0.20872548206871167,,,,,,,spike
994,10,scenario2_single_spike,moper,150,155.74507568895706,0,0.17734067230559816,0.5837450756889571,0.5,0.5,-0.3805428739972776,,,,,,,spike
995,10,scenario2_single_spike,moper,150,153.17056812006135,1,0.16569838840729503,0.252558710725836,0.5,0.5,-0.2091285495665655,,,,,,,spike
996,10,scenario2_single_spike,moper,150,156.8535113080552,0,0.17803344456753453,0.5848535113080553,0.5,0.5,-0.38144347793779493,,,,,,,spike
997,10,scenario2_single_spike,moper,150,160.1681601772497,0,0.18010510011078107,0.5881681601772497,0.5,0.5,-0.3841366301440154,,,,,,,spike
998,10,scenario2_single_spike,moper,150,157.1513441595247,1,0.16714594333073626,0.25371675466458904,0.5,0.5,-0.21043134899766264,,,,,,,spike
999,10,scenario2_single_spike,moper,150,160.43620974357225,0,0.18027263108973268,0.5884362097435722,0.5,0.5,-0.38435442041665246,,,,,,,spike
1000,10,scenario2_single_spike,moper,150,163.39258876921502,0,0.1821203679807594,0.5913925887692151,0.5,0.5,-0.3867564783749872,,,,,,,spike
1001,10,scenario2_single_spike,moper,150,166.05332989229353,0,0.18378333118268347,0.5940533298922935,0.5,0.5,-0.3889183305374885,,,,,,,spike
1002,10,scenario2_single_spike,moper,150,162.4479969030642,1,0.16907199887384153,0.25525759909907325,0.5,0.5,-0.2121647989864574,,,,,,,spike
1003,10,scenario2_single_spike,moper,150,165.20319721275777,0,0.18325199825797361,0.5932031972127578,0.5,0.5,-0.38822759773536575,,,,,,,spike
1004,10,scenario2_single_spike,moper,150,167.682877491482,0,0.18480179843217626,0.595682877491482,0.5,0.5,-0.3902423379618291,,,,,,,spike
1005,10,scenario2_single_spike,moper,150,169.91458974233382,0,0.18619661858895864,0.5979145897423338,0.5,0.5,-0.3920556041656462,,,,,,,spike
1006,10,scenario2_single_spike,moper,150,171.92313076810044,0,0.1874519567300628,0.5999231307681004,0.5,0.5,-0.3936875437490816,,,,,,,spike
1007,10,scenario2_single_spike,moper,150,167.73081769129038,1,0.1709930246150147,0.2567944196920118,0.5,0.5,-0.21389372215351324,,,,,,,spike
1008,10,scenario2_single_spike,moper,150,163.95773592216136,1,0.16962099488078594,0.2556967959046288,0.5,0.5,-0.21265889539270738,,,,,,,spike
1009,10,scenario2_single_spike,moper,150,166.56196232994523,0,0.1841012264562158,0.5945619623299453,0.5,0.5,-0.3893315943930805,,,,,,,spike
1010,10,scenario2_single_spike,moper,150,168.9057660969507,0,0.1855661038105942,0.5969057660969508,0.5,0.5,-0.3912359349537725,,,,,,,spike
1011,10,scenario2_single_spike,moper,150,171.01518948725564,0,0.18688449342953478,0.5990151894872556,0.5,0.5,-0.3929498414583952,,,,,,,spike
1012,10,scenario2_single_spike,moper,150,166.91367053853008,1,0.17069588019582912,0.2565567041566633,0.5,0.5,-0.21362629217624624,,,,,,,spike
1013,10,scenario2_single_spike,moper,150,163.22230348467707,1,0.16935356490351894,0.25548285192281517,0.5,0.5,-0.21241820841316705,,,,,,,spike
1014,10,scenario2_single_spike,moper,150,165.90007313620936,0,0.18368754571013088,0.5939000731362094,0.5,0.5,-0.38879380942317016,,,,,,,spike
1015,10,scenario2_single_spike,moper,150,168.31006582258843,0,0.1851937911391178,0.5963100658225885,0.5,0.5,-0.39075192848085316,,,,,,,spike
1016,10,scenario2_single_spike,moper,150,164.47905924032958,1,0.1698105669964835,0.25584845359718683,0.5,0.5,-0.21282951029683517,,,,,,,spike
1017,10,scenario2_single_spike,moper,150,161.0311533162966,1,0.16855678302410787,0.2548454264192863,0.5,0.5,-0.2117011047216971,,,,,,,spike
1018,10,scenario2_single_spike,moper,150,157.92803798466696,1,0.16742837744896982,0.2539427019591759,0.5,0.5,-0.21068553970407286,,,,,,,spike
1019,10,scenario2_single_spike,moper,150,155.13523418620028,1,0.16641281243134556,0.2531302499450765,0.5,0.5,-0.209771531188211,,,,,,,spike
1020,10,scenario2_single_spike,moper,150,152.62171076758025,1,0.16549880391548374,0.25239904313238704,0.5,0.5,-0.2089489235239354,,,,,,,spike
1021,10,scenario2_single_spike,moper,150,156.35953969082223,0,0.1777247123067639,0.5843595396908222,0.5,0.5,-0.38104212599879306,,,,,,,spike
1022,10,scenario2_single_spike,moper,150,159.72358572174002,0,0.17982724107608752,0.58772358572174,0.5,0.5,-0.38377541339891375,,,,,,,spike
1023,10,scenario2_single_spike,moper,150,162.75122714956603,0,0.18171951696847877,0.5907512271495661,0.5,0.5,-0.3862353720590224,,,,,,,spike
1024,10,scenario2_single_spike,moper,150,165.47610443460943,0,0.18342256527163092,0.5934761044346095,0.5,0.5,-0.3884493348531202,,,,,,,spike
1025,10,scenario2_single_spike,moper,150,167.92849399114849,0,0.18495530874446783,0.5959284939911486,0.5,0.5,-0.3904419013678082,,,,,,,spike
1026,10,scenario2_single_spike,moper,150,170.13564459203363,0,0.18633477787002103,0.5981356445920336,0.5,0.5,-0.39223521123102734,,,,,,,spike
1027,10,scenario2_single_spike,moper,150,172.12208013283026,0,0.18757630008301893,0.6001220801328303,0.5,0.5,-0.39384919010792463,,,,,,,spike
1028,10,scenario2_single_spike,moper,150,167.90987211954723,1,0.171058135316199,0.25684650825295924,0.5,0.5,-0.21395232178457912,,,,,,,spike
1029,10,scenario2_single_spike,moper,150,164.1188849075925,1,0.1696795945118518,0.25574367560948147,0.5,0.5,-0.21271163506066665,,,,,,,spike
1030,10,scenario2_single_spike,moper,150,160.70699641683325,1,0.16843890778793935,0.2547511262303515,0.5,0.5,-0.21159501700914543,,,,,,,spike
1031,10,scenario2_single_spike,moper,150,157.63629677514993,1,0.16732228973641816,0.25385783178913457,0.5,0.5,-0.21059006076277637,,,,,,,spike
1032,10,scenario2_single_spike,moper,150,160.87266709763495,0,0.18054541693602186,0.588872667097635,0.5,0.5,-0.38470904201682843,,,,,,,spike
1033,10,scenario2_single_spike,moper,150,163.78540038787145,0,0.18236587524241965,0.5917854003878714,0.5,0.5,-0.38707563781514553,,,,,,,spike
1034,10,scenario2_single_spike,moper,150,166.4068603490843,0,0.1840042877181777,0.5944068603490843,0.5,0.5,-0.389205574033631,,,,,,,spike
1035,10,scenario2_single_spike,moper,150,162.76617431417588,1,0.1691876997506094,0.25535015980048753,0.5,0.5,-0.21226892977554845,,,,,,,spike
1036,10,scenario2_single_spike,moper,150,159.4895568827583,1,0.1679962025028212,0.254396962002257,0.5,0.5,-0.2111965822525391,,,,,,,spike
1037,10,scenario2_single_spike,moper,150,156.5406011944825,1,0.16692385497981183,0.2535390839838495,0.5,0.5,-0.21023146948183066,,,,,,,spike
1038,10,scenario2_single_spike,moper,150,153.88654107503424,1,0.16595874220910337,0.25276699376728273,0.5,0.5,-0.20936286798819304,,,,,,,spike
1039,10,scenario2_single_spike,moper,150,151.49788696753083,1,0.16509014071546574,0.2520721125723726,0.5,0.5,-0.20858112664391917,,,,,,,spike
1040,10,scenario2_single_spike,moper,150,149.34809827077774,1,0.16430839937119193,0.2514467194969536,0.5,0.5,-0.20787755943407277,,,,,,,spike
1041,10,scenario2_single_spike,moper,150,147.41328844369997,1,0.16360483216134544,0.2508838657290764,0.5,0.5,-0.20724434894521093,,,,,,,spike
1042,10,scenario2_single_spike,moper,150,145.67195959932997,1,0.16297162167248364,0.2503772973379869,0.5,0.5,-0.20667445950523528,,,,,,,spike
1043,10,scenario2_single_spike,moper,150,144.10476363939696,1,0.162401732232508,0.24992138578600642,0.5,0.5,-0.2061615590092572,,,,,,,spike
1044,10,scenario2_single_spike,moper,150,148.69428727545727,0,0.1729339295471608,0.5766942872754572,0.5,0.5,-0.374814108411309,,,,,,,spike
1045,10,scenario2_single_spike,moper,150,146.82485854791156,1,0.16339085765378603,0.2507126861230288,0.5,0.5,-0.20705177188840743,,,,,,,spike
1046,10,scenario2_single_spike,moper,150,145.14237269312042,1,0.16277904461568013,0.2502232356925441,0.5,0.5,-0.20650114015411214,,,,,,,spike
1047,10,scenario2_single_spike,moper,150,149.62813542380837,0,0.17351758463988023,0.5776281354238084,0.5,0.5,-0.3755728600318443,,,,,,,spike
1048,10,scenario2_single_spike,moper,150,153.66532188142753,0,0.17604082617589223,0.5816653218814276,0.5,0.5,-0.3788530740286599,,,,,,,spike
1049,10,scenario2_single_spike,moper,150,151.2987896932848,1,0.165017741706649,0.2520141933653192,0.5,0.5,-0.20851596753598411,,,,,,,spike
1050,10,scenario2_single_spike,moper,150,149.16891072395632,1,0.16424324026325685,0.2513945922106055,0.5,0.5,-0.20781891623693116,,,,,,,spike
1051,10,scenario2_single_spike,moper,150,153.2520196515607,0,0.17578251228222544,0.5812520196515607,0.5,0.5,-0.37851726596689306,,,,,,,spike
1052,10,scenario2_single_spike,moper,150,156.92681768640463,0,0.1780792610540029,0.5849268176864046,0.5,0.5,-0.3815030393702038,,,,,,,spike
1053,10,scenario2_single_spike,moper,150,154.23413591776418,1,0.16608514033373242,0.25286811226698597,0.5,0.5,-0.20947662630035918,,,,,,,spike
1054,10,scenario2_single_spike,moper,150,157.81072232598777,0,0.17863170145374238,0.5858107223259879,0.5,0.5,-0.38222121188986513,,,,,,,spike
1055,10,scenario2_single_spike,moper,150,161.029650093389,0,0.18064353130836813,0.589029650093389,0.5,0.5,-0.3848365907008786,,,,,,,spike
1056,10,scenario2_single_spike,moper,150,157.9266850840501,1,0.16742788548510912,0.2539423083880873,0.5,0.5,-0.2106850969365982,,,,,,,spike
1057,10,scenario2_single_spike,moper,150,161.1340165756451,0,0.1807087603597782,0.5891340165756451,0.5,0.5,-0.3849213884677117,,,,,,,spike
1058,10,scenario2_single_spike,moper,150,164.02061491808058,0,0.1825128843238004,0.5920206149180807,0.5,0.5,-0.38726674962094054,,,,,,,spike
1059,10,scenario2_single_spike,moper,150,166.61855342627254,0,0.18413659589142037,0.5946185534262726,0.5,0.5,-0.3893775746588465,,,,,,,spike
1060,10,scenario2_single_spike,moper,150,168.95669808364528,0,0.1855979363022783,0.5969566980836453,0.5,0.5,-0.39127731719296177,,,,,,,spike
1061,10,scenario2_single_spike,moper,150,171.06102827528076,0,0.1869131426720505,0.5990610282752808,0.5,0.5,-0.3929870854736657,,,,,,,spike
1062,10,scenario2_single_spike,moper,150,172.9549254477527,0,0.18809682840484543,0.6009549254477526,0.5,0.5,-0.39452587692629904,,,,,,,spike
1063,10,scenario2_single_spike,moper,150,168.65943290297741,1,0.17133070287380997,0.257064562299048,0.5,0.5,-0.214197632586429,,,,,,,spike
1064,10,scenario2_single_spike,moper,150,170.79348961267968,0,0.1867459310079248,0.5987934896126796,0.5,0.5,-0.3927697103103022,,,,,,,spike
1065,10,scenario2_single_spike,moper,150,172.71414065141173,0,0.18794633790713233,0.6007141406514118,0.5,0.5,-0.3943302392792721,,,,,,,spike
1066,10,scenario2_single_spike,moper,150,168.44272658627057,1,0.17125190057682566,0.2570015204614605,0.5,0.5,-0.2141267105191431,,,,,,,spike
1067,10,scenario2_single_spike,moper,150,170.5984539276435,0,0.1866240337047772,0.5985984539276435,0.5,0.5,-0.3926112438162104,,,,,,,spike
1068,10,scenario2_single_spike,moper,150,172.53860853487916,0,0.18783663033429948,0.6005386085348792,0.5,0.5,-0.39418761943458935,,,,,,,spike
1069,10,scenario2_single_spike,moper,150,168.28474768139125,1,0.17119445370232408,0.2569555629618593,0.5,0.5,-0.2140750083320917,,,,,,,spike
1070,10,scenario2_single_spike,moper,150,170.45627291325212,0,0.1865351705707826,0.5984562729132521,0.5,0.5,-0.39249572174201736,,,,,,,spike
1071,10,scenario2_single_spike,moper,150,172.4106456219269,0,0.18775665351370432,0.6004106456219269,0.5,0.5,-0.3940836495678156,,,,,,,spike
1072,10,scenario2_single_spike,moper,150,168.1695810597342,1,0.17115257493081246,0.25692205994465,0.5,0.5,-0.21403731743773124,,,,,,,spike
1073,10,scenario2_single_spike,moper,150,170.3526229537608,0,0.1864703893461005,0.5983526229537608,0.5,0.5,-0.39241150614993064,,,,,,,spike
1074,10,scenario2_single_spike,moper,150,172.31736065838473,0,0.18769835041149047,0.6003173606583847,0.5,0.5,-0.39400785553493756,,,,,,,spike
1075,10,scenario2_single_spike,moper,150,174.08562459254625,0,0.18880351537034143,0.6020856245925463,0.5,0.5,-0.3954445699814439,,,,,,,spike
1076,10,scenario2_single_spike,moper,150,175.67706213329163,0,0.18979816383330728,0.6036770621332916,0.5,0.5,-0.39673761298329946,,,,,,,spike
1077,10,scenario2_single_spike,moper,150,177.10935591996247,0,0.19069334744997657,0.6051093559199625,0.5,0.5,-0.39790135168496954,,,,,,,spike
1078,10,scenario2_single_spike,moper,150,178.39842032796622,0,0.1914990127049789,0.6063984203279662,0.5,0.5,-0.39894871651647257,,,,,,,spike
1079,10,scenario2_single_spike,moper,150,179.5585782951696,0,0.19222411143448104,0.6075585782951697,0.5,0.5,-0.39989134486482536,,,,,,,spike
1080,10,scenario2_single_spike,moper,150,174.60272046565265,1,0.17349189835114642,0.25879351868091716,0.5,0.5,-0.2161427085160318,,,,,,,spike
1081,10,scenario2_single_spike,moper,150,176.1424484190874,0,0.19008903026192964,0.6041424484190874,0.5,0.5,-0.3971157393405085,,,,,,,spike
1082,10,scenario2_single_spike,moper,150,177.52820357717866,0,0.19095512723573668,0.6055282035771787,0.5,0.5,-0.3982416654064577,,,,,,,spike
1083,10,scenario2_single_spike,moper,150,178.7753832194608,0,0.191734614512163,0.6067753832194609,0.5,0.5,-0.39925499886581195,,,,,,,spike
1084,10,scenario2_single_spike,moper,150,179.89784489751472,0,0.19243615306094672,0.6078978448975147,0.5,0.5,-0.40016699897923075,,,,,,,spike
1085,10,scenario2_single_spike,moper,150,180.90806040776326,0,0.19306753775485205,0.6089080604077632,0.5,0.5,-0.40098779908130766,,,,,,,spike
1086,10,scenario2_single_spike,moper,150,181.81725436698693,0,0.19363578397936684,0.609817254366987,0.5,0.5,-0.4017265191731769,,,,,,,spike
1087,10,scenario2_single_spike,moper,150,176.63552893028825,1,0.17423110142919573,0.2593848811433566,0.5,0.5,-0.21680799128627617,,,,,,,spike
1088,10,scenario2_single_spike,moper,150,171.97197603725942,1,0.1725352640135489,0.25802821121083913,0.5,0.5,-0.21528173761219402,,,,,,,spike
1089,10,scenario2_single_spike,moper,150,173.7747784335335,0,0.18860923652095846,0.6017747784335336,0.5,0.5,-0.39519200747724603,,,,,,,spike
1090,10,scenario2_single_spike,moper,150,175.39730059018015,0,0.1896233128688626,0.6033973005901803,0.5,0.5,-0.3965103067295214,,,,,,,spike
1091,10,scenario2_single_spike,moper,150,176.85757053116214,0,0.19053598158197635,0.6048575705311622,0.5,0.5,-0.3976967760565693,,,,,,,spike
1092,10,scenario2_single_spike,moper,150,178.17181347804592,0,0.19135738342377873,0.606171813478046,0.5,0.5,-0.3987645984509124,,,,,,,spike
1093,10,scenario2_single_spike,moper,150,179.35463213024133,0,0.19209664508140084,0.6073546321302414,0.5,0.5,-0.3997256386058211,,,,,,,spike
1094,10,scenario2_single_spike,moper,150,174.4191689172172,1,0.17342515233353353,0.2587401218668268,0.5,0.5,-0.21608263710018016,,,,,,,spike
1095,10,scenario2_single_spike,moper,150,175.9772520254955,0,0.18998578251593468,0.6039772520254956,0.5,0.5,-0.3969815172707151,,,,,,,spike
1096,10,scenario2_single_spike,moper,150,171.37952682294593,1,0.1723198279356167,0.2578558623484934,0.5,0.5,-0.21508784514205503,,,,,,,spike
1097,10,scenario2_single_spike,moper,150,167.24157414065135,1,0.17081511786932776,0.2566520942954622,0.5,0.5,-0.213733606082395,,,,,,,spike
1098,10,scenario2_single_spike,moper,150,169.51741672658622,0,0.1859483854541164,0.5975174167265862,0.5,0.5,-0.3917329010903513,,,,,,,spike
1099,10,scenario2_single_spike,moper,150,171.5656750539276,0,0.18722854690870477,0.5995656750539277,0.5,0.5,-0.39339711098131624,,,,,,,spike
1100,10,scenario2_single_spike,moper,150,167.40910754853485,1,0.17087603910855811,0.2567008312868465,0.5,0.5,-0.2137884351977023,,,,,,,spike
1101,10,scenario2_single_spike,moper,150,169.66819679368137,0,0.18604262299605087,0.5976681967936814,0.5,0.5,-0.39185540989486617,,,,,,,spike
1102,10,scenario2_single_spike,moper,150,165.70137711431323,1,0.17025504622338664,0.2562040369787093,0.5,0.5,-0.21322954160104796,,,,,,,spike
1103,10,scenario2_single_spike,moper,150,162.1312394028819,1,0.16895681432832071,0.25516545146265657,0.5,0.5,-0.21206113289548864,,,,,,,spike
1104,10,scenario2_single_spike,moper,150,158.9181154625937,1,0.16778840562276134,0.2542307244982091,0.5,0.5,-0.21100956506048524,,,,,,,spike
1105,10,scenario2_single_spike,moper,150,156.02630391633434,1,0.16673683778775797,0.2533894702302064,0.5,0.5,-0.21006315400898218,,,,,,,spike
1106,10,scenario2_single_spike,moper,150,159.42367352470092,0,0.1796397959529381,0.5874236735247009,0.5,0.5,-0.3835317347388195,,,,,,,spike
1107,10,scenario2_single_spike,moper,150,156.48130617223083,1,0.16690229315353847,0.2535218345228308,0.5,0.5,-0.21021206383818464,,,,,,,spike
1108,10,scenario2_single_spike,moper,150,159.83317555500776,0,0.17989573472187986,0.5878331755550078,0.5,0.5,-0.3838644551384438,,,,,,,spike
1109,10,scenario2_single_spike,moper,150,156.84985799950698,1,0.16703631199982075,0.2536290495998566,0.5,0.5,-0.2103326807998387,,,,,,,spike
1110,10,scenario2_single_spike,moper,150,154.1648721995563,1,0.16605995352711142,0.25284796282168914,0.5,0.5,-0.20945395817440027,,,,,,,spike
1111,10,scenario2_single_spike,moper,150,157.74838497960067,0,0.17859274061225044,0.5857483849796007,0.5,0.5,-0.38217056279592554,,,,,,,spike
1112,10,scenario2_single_spike,moper,150,154.9735464816406,1,0.16635401690241478,0.25308321352193186,0.5,0.5,-0.20971861521217333,,,,,,,spike
1113,10,scenario2_single_spike,moper,150,152.47619183347655,1,0.165445887939446,0.2523567103515568,0.5,0.5,-0.20890129914550143,,,,,,,spike
1114,10,scenario2_single_spike,moper,150,150.2285726501289,1,0.16462857187277416,0.25170285749821936,0.5,0.5,-0.20816571468549677,,,,,,,spike
1115,10,scenario2_single_spike,moper,150,148.20571538511604,1,0.16389298741276945,0.25111438993021556,0.5,0.5,-0.2075036886714925,,,,,,,spike
1116,10,scenario2_single_spike,moper,150,152.38514384660445,0,0.1752407149041278,0.5803851438466044,0.5,0.5,-0.37781292937536615,,,,,,,spike
1117,10,scenario2_single_spike,moper,150,150.146629461944,1,0.1645987743497978,0.2516790194798383,0.5,0.5,-0.20813889691481804,,,,,,,spike
1118,10,scenario2_single_spike,moper,150,154.1319665157496,0,0.1763324790723435,0.5821319665157496,0.5,0.5,-0.37923222279404656,,,,,,,spike
1119,10,scenario2_single_spike,moper,150,151.71876986417465,1,0.16517046176879077,0.25213636941503265,0.5,0.5,-0.2086534155919117,,,,,,,spike
1120,10,scenario2_single_spike,moper,150,155.5468928777572,0,0.17721680804859827,0.5835468928777572,0.5,0.5,-0.38038185046317774,,,,,,,spike
1121,10,scenario2_single_spike,moper,150,158.99220358998147,0,0.17937012724373844,0.5869922035899815,0.5,0.5,-0.38318116541686,,,,,,,spike
1122,10,scenario2_single_spike,moper,150,162.09298323098332,0,0.18130811451936457,0.5900929832309834,0.5,0.5,-0.38570054887517397,,,,,,,spike
1123,10,scenario2_single_spike,moper,150,158.883684907885,1,0.1677758854210491,0.2542207083368393,0.5,0.5,-0.2109982968789442,,,,,,,spike
1124,10,scenario2_single_spike,moper,150,155.9953164170965,1,0.1667255696062169,0.2533804556849735,0.5,0.5,-0.21005301264559523,,,,,,,spike
1125,10,scenario2_single_spike,moper,150,159.39578477538686,0,0.1796223654846168,0.5873957847753869,0.5,0.5,-0.3835090751300019,,,,,,,spike
1126,10,scenario2_single_spike,moper,150,162.45620629784818,0,0.18153512893615512,0.5904562062978482,0.5,0.5,-0.38599566761700166,,,,,,,spike
1127,10,scenario2_single_spike,moper,150,165.21058566806337,0,0.18325661604253962,0.5932105856680634,0.5,0.5,-0.3882336008553015,,,,,,,spike
1128,10,scenario2_single_spike,moper,150,161.68952710125703,1,0.16879619167318438,0.25503695333854753,0.5,0.5,-0.21191657250586596,,,,,,,spike
1129,10,scenario2_single_spike,moper,150,158.52057439113133,1,0.16764384523313866,0.25411507618651097,0.5,0.5,-0.21087946070982483,,,,,,,spike
1130,10,scenario2_single_spike,moper,150,155.6685169520182,1,0.16660673343709753,0.25328538674967804,0.5,0.5,-0.2099460600933878,,,,,,,spike
1131,10,scenario2_single_spike,moper,150,153.10166525681637,1,0.16567333282066052,0.25253866625652843,0.5,0.5,-0.2091059995385945,,,,,,,spike
1132,10,scenario2_single_spike,moper,150,156.79149873113474,0,0.17799468670695923,0.5847914987311348,0.5,0.5,-0.381393092719047,,,,,,,spike
1133,10,scenario2_single_spike,moper,150,154.11234885802128,1,0.16604085413018957,0.25283268330415165,0.5,0.5,-0.2094367687171706,,,,,,,spike
1134,10,scenario2_single_spike,moper,150,151.70111397221916,1,0.16516404144444333,0.2521312331555547,0.5,0.5,-0.20864763729999902,,,,,,,spike
1135,10,scenario2_single_spike,moper,150,149.53100257499725,1,0.16437491002727173,0.2514999280218174,0.5,0.5,-0.20793741902454457,,,,,,,spike
1136,10,scenario2_single_spike,moper,150,153.57790231749752,0,0.17598618894843598,0.5815779023174976,0.5,0.5,-0.3787820456329668,,,,,,,spike
1137,10,scenario2_single_spike,moper,150,157.22011208574776,0,0.17826257005359236,0.5852201120857478,0.5,0.5,-0.38174134106967006,,,,,,,spike
1138,10,scenario2_single_spike,moper,150,154.498100877173,1,0.16618112759169926,0.2529449020733594,0.5,0.5,-0.20956301483252932,,,,,,,spike
1139,10,scenario2_single_spike,moper,150,158.0482907894557,0,0.17878018174340982,0.5860482907894558,0.5,0.5,-0.3824142362664328,,,,,,,spike
1140,10,scenario2_single_spike,moper,150,155.24346171051013,1,0.16645216789473097,0.2531617343157848,0.5,0.5,-0.20980695110525788,,,,,,,spike
1141,10,scenario2_single_spike,moper,150,158.71911553945912,0,0.17919944721216197,0.5867191155394591,0.5,0.5,-0.38295928137581053,,,,,,,spike
1142,10,scenario2_single_spike,moper,150,161.8472039855132,0,0.18115450249094578,0.5898472039855133,0.5,0.5,-0.3855008532382295,,,,,,,spike
1143,10,scenario2_single_spike,moper,150,164.66248358696188,0,0.1829140522418512,0.5926624835869619,0.5,0.5,-0.38778826791440657,,,,,,,spike
1144,10,scenario2_single_spike,moper,150,167.1962352282657,0,0.18449764701766608,0.5951962352282657,0.5,0.5,-0.3898469411229659,,,,,,,spike
1145,10,scenario2_single_spike,moper,150,169.47661170543913,0,0.18592288231589948,0.5974766117054392,0.5,0.5,-0.39169974701066934,,,,,,,spike
1146,10,scenario2_single_spike,moper,150,171.52895053489522,0,0.18720559408430953,0.5995289505348953,0.5,0.5,-0.39336727230960244,,,,,,,spike
1147,10,scenario2_single_spike,moper,150,173.3760554814057,0,0.18836003467587858,0.6013760554814058,0.5,0.5,-0.3948680450786422,,,,,,,spike
1148,10,scenario2_single_spike,moper,150,169.03844993326513,1,0.17146852724846007,0.25717482179876805,0.5,0.5,-0.21432167452361406,,,,,,,spike
1149,10,scenario2_single_spike,moper,150,165.1346049399386,1,0.17004894725088676,0.2560391578007094,0.5,0.5,-0.21304405252579808,,,,,,,spike
1150,10,scenario2_single_spike,moper,150,161.62114444594476,1,0.16877132525307084,0.2550170602024567,0.5,0.5,-0.21189419272776377,,,,,,,spike
1151,10,scenario2_single_spike,moper,150,164.4590300013503,0,0.18278689375084395,0.5924590300013504,0.5,0.5,-0.3876229618760971,,,,,,,spike
1152,10,scenario2_single_spike,moper,150,161.01312700121528,1,0.16855022800044192,0.25484018240035355,0.5,0.5,-0.21169520520039775,,,,,,,spike
1153,10,scenario2_single_spike,moper,150,163.91181430109376,0,0.18244488393818362,0.5919118143010937,0.5,0.5,-0.38717834911963867,,,,,,,spike
1154,10,scenario2_single_spike,moper,150,160.52063287098437,1,0.16837113922581248,0.25469691138065,0.5,0.5,-0.21153402530323123,,,,,,,spike
1155,10,scenario2_single_spike,moper,150,157.46856958388594,1,0.167261298030504,0.2538090384244032,0.5,0.5,-0.2105351682274536,,,,,,,spike
1156,10,scenario2_single_spike,moper,150,160.72171262549736,0,0.18045107039093589,0.5887217126254974,0.5,0.5,-0.38458639150821666,,,,,,,spike
1157,10,scenario2_single_spike,moper,150,157.64954136294762,1,0.16732710595016279,0.25386168476013027,0.5,0.5,-0.2105943953551465,,,,,,,spike
1158,10,scenario2_single_spike,moper,150,154.88458722665285,1,0.16632166808241924,0.2530573344659354,0.5,0.5,-0.20968950127417735,,,,,,,spike
1159,10,scenario2_single_spike,moper,150,152.39612850398757,1,0.16541677400145002,0.25233341920116004,0.5,0.5,-0.20887509660130504,,,,,,,spike
1160,10,scenario2_single_spike,moper,150,150.15651565358883,1,0.16460236932857775,0.25168189546286224,0.5,0.5,-0.20814213239572,,,,,,,spike
1161,10,scenario2_single_spike,moper,150,154.14086408822996,0,0.17633804005514375,0.58214086408823,0.5,0.5,-0.37923945207168686,,,,,,,spike
1162,10,scenario2_single_spike,moper,150,151.72677767940698,1,0.16517337370160257,0.25213869896128205,0.5,0.5,-0.2086560363314423,,,,,,,spike
1163,10,scenario2_single_spike,moper,150,149.5540999114663,1,0.16438330905871504,0.251506647246972,0.5,0.5,-0.20794497815284352,,,,,,,spike
1164,10,scenario2_single_spike,moper,150,153.59868992031966,0,0.1759991812001998,0.5815986899203197,0.5,0.5,-0.3787989355602598,,,,,,,spike
1165,10,scenario2_single_spike,moper,150,157.2388209282877,0,0.17827426308017982,0.5852388209282877,0.5,0.5,-0.38175654200423376,,,,,,,spike
1166,10,scenario2_single_spike,moper,150,154.51493883545893,1,0.16618725048562144,0.2529498003884972,0.5,0.5,-0.2095685254370593,,,,,,,spike
1167,10,scenario2_single_spike,moper,150,158.06344495191306,0,0.17878965309494566,0.5860634449519131,0.5,0.5,-0.3824265490234294,,,,,,,spike
1168,10,scenario2_single_spike,moper,150,155.25710045672176,1,0.16645712743880794,0.2531657019510464,0.5,0.5,-0.20981141469492715,,,,,,,spike
1169,10,scenario2_single_spike,moper,150,158.73139041104957,0,0.179207119006906,0.5867313904110496,0.5,0.5,-0.3829692547089778,,,,,,,spike
1170,10,scenario2_single_spike,moper,150,155.8582513699446,1,0.16667572777088896,0.2533405822167112,0.5,0.5,-0.21000815499380007,,,,,,,spike
1171,10,scenario2_single_spike,moper,150,159.27242623295015,0,0.17954526639559387,0.5872724262329502,0.5,0.5,-0.383408846314272,,,,,,,spike
1172,10,scenario2_single_spike,moper,150,156.34518360965515,1,0.16685279403987457,0.25348223523189967,0.5,0.5,-0.21016751463588712,,,,,,,spike
1173,10,scenario2_single_spike,moper,150,159.71066524868965,0,0.17981916578043106,0.5877106652486896,0.5,0.5,-0.3837649155145604,,,,,,,spike
1174,10,scenario2_single_spike,moper,150,156.73959872382068,1,0.166996217717753,0.2535969741742024,0.5,0.5,-0.21029659594597772,,,,,,,spike
1175,10,scenario2_single_spike,moper,150,160.06563885143862,0,0.18004102428214916,0.5880656388514387,0.5,0.5,-0.38405333156679394,,,,,,,spike
1176,10,scenario2_single_spike,moper,150,163.05907496629476,0,0.18191192185393423,0.5910590749662947,0.5,0.5,-0.3864854984101145,,,,,,,spike
1177,10,scenario2_single_spike,moper,150,159.7531674696653,1,0.1680920608980601,0.25447364871844813,0.5,0.5,-0.21128285480825412,,,,,,,spike
1178,10,scenario2_single_spike,moper,150,156.7778507226988,1,0.16701012753552683,0.2536081020284215,0.5,0.5,-0.21030911478197417,,,,,,,spike
1179,10,scenario2_single_spike,moper,150,154.10006565042892,1,0.16603638750924687,0.2528291100073975,0.5,0.5,-0.20943274875832218,,,,,,,spike
1180,10,scenario2_single_spike,moper,150,157.69005908538603,0,0.17855628692836628,0.5856900590853861,0.5,0.5,-0.38212317300687615,,,,,,,spike
1181,10,scenario2_single_spike,moper,150,160.92105317684744,0,0.18057565823552968,0.5889210531768475,0.5,0.5,-0.3847483557061886,,,,,,,spike
1182,10,scenario2_single_spike,moper,150,157.8289478591627,1,0.16739234467605918,0.25391387574084734,0.5,0.5,-0.21065311020845326,,,,,,,spike
1183,10,scenario2_single_spike,moper,150,155.04605307324644,1,0.166380382935726,0.25310430634858083,0.5,0.5,-0.2097423446421534,,,,,,,spike
1184,10,scenario2_single_spike,moper,150,152.5414477659218,1,0.1654696173694261,0.2523756938955409,0.5,0.5,-0.20892265563248347,,,,,,,spike
1185,10,scenario2_single_spike,moper,150,156.28730298932962,0,0.17767956436833102,0.5842873029893296,0.5,0.5,-0.3809834336788303,,,,,,,spike
1186,10,scenario2_single_spike,moper,150,153.65857269039665,1,0.1658758446146897,0.2527006756917518,0.5,0.5,-0.20928826015322077,,,,,,,spike
1187,10,scenario2_single_spike,moper,150,157.292715421357,0,0.17830794713834813,0.585292715421357,0.5,0.5,-0.3818003312798526,,,,,,,spike
1188,10,scenario2_single_spike,moper,150,154.5634438792213,1,0.16620488868335323,0.2529639109466826,0.5,0.5,-0.20958439981501792,,,,,,,spike
1189,10,scenario2_single_spike,moper,150,158.10709949129918,0,0.178816937182062,0.5861070994912992,0.5,0.5,-0.38246201833668064,,,,,,,spike
1190,10,scenario2_single_spike,moper,150,161.29638954216927,0,0.1808102434638558,0.5892963895421692,0.5,0.5,-0.3850533165030125,,,,,,,spike
1191,10,scenario2_single_spike,moper,150,158.16675058795235,1,0.16751518203198265,0.25401214562558616,0.5,0.5,-0.21076366382878442,,,,,,,spike
1192,10,scenario2_single_spike,moper,150,155.35007552915712,1,0.16649093655605715,0.25319274924484575,0.5,0.5,-0.20984184290045144,,,,,,,spike
1193,10,scenario2_single_spike,moper,150,152.8150679762414,1,0.16556911562772414,0.25245529250217935,0.5,0.5,-0.20901220406495175,,,,,,,spike
1194,10,scenario2_single_spike,moper,150,150.53356117861728,1,0.16473947679222448,0.2517915814337796,0.5,0.5,-0.20826552911300206,,,,,,,spike
1195,10,scenario2_single_spike,moper,150,154.48020506075557,0,0.17655012816297225,0.5824802050607556,0.5,0.5,-0.3795151666118639,,,,,,,spike
1196,10,scenario2_single_spike,moper,150,158.03218455468001,0,0.17877011534667503,0.5860321845546801,0.5,0.5,-0.38240114995067753,,,,,,,spike
1197,10,scenario2_single_spike,moper,150,161.22896609921202,0,0.18076810381200753,0.589228966099212,0.5,0.5,-0.38499853495560976,,,,,,,spike
1198,10,scenario2_single_spike,moper,150,158.10606948929083,1,0.16749311617792395,0.25399449294233917,0.5,0.5,-0.21074380456013156,,,,,,,spike
1199,10,scenario2_single_spike,moper,150,155.29546254036174,1,0.16647107728740426,0.25317686182992344,0.5,0.5,-0.20982396955866384,,,,,,,spike
1200,10,scenario2_single_spike,moper,150,152.76591628632556,1,0.16555124228593657,0.2524409938287493,0.5,0.5,-0.20899611805734292,,,,,,,spike
1201,10,scenario2_single_spike,moper,150,150.489324657693,1,0.16472339078461568,0.2517787126276926,0.5,0.5,-0.20825105170615413,,,,,,,spike
1202,10,scenario2_single_spike,moper,150,154.4403921919237,0,0.17652524511995232,0.5824403921919237,0.5,0.5,-0.379482818655938,,,,,,,spike
1203,10,scenario2_single_spike,moper,150,157.99635297273133,0,0.1787477206079571,0.5859963529727313,0.5,0.5,-0.3823720367903442,,,,,,,spike
1204,10,scenario2_single_spike,moper,150,155.1967176754582,1,0.166435170063803,0.2531481360510424,0.5,0.5,-0.2097916530574227,,,,,,,spike
1205,10,scenario2_single_spike,moper,150,152.67704590791237,1,0.1655189257846954,0.25241514062775633,0.5,0.5,-0.20896703320622587,,,,,,,spike
1206,10,scenario2_single_spike,moper,150,156.40934131712115,0,0.17775583832320074,0.5844093413171212,0.5,0.5,-0.38108258982016097,,,,,,,spike
1207,10,scenario2_single_spike,moper,150,153.76840718540905,1,0.1659157844310578,0.25273262754484627,0.5,0.5,-0.20932420598795204,,,,,,,spike
1208,10,scenario2_single_spike,moper,150,151.39156646686814,1,0.1650514787152248,0.25204118297217987,0.5,0.5,-0.20854633084370233,,,,,,,spike
1209,10,scenario2_single_spike,moper,150,149.25240982018133,1,0.16427360357097504,0.25141888285678005,0.5,0.5,-0.20784624321387754,,,,,,,spike
1210,10,scenario2_single_spike,moper,150,147.3271688381632,1,0.16357351594115024,0.2508588127529202,0.5,0.5,-0.20721616434703521,,,,,,,spike
1211,10,scenario2_single_spike,moper,150,151.59445195434688,0,0.17474653247146682,0.5795944519543469,0.5,0.5,-0.3771704922129069,,,,,,,spike
1212,10,scenario2_single_spike,moper,150,149.4350067589122,1,0.16434000245778627,0.25147200196622904,0.5,0.5,-0.20790600221200767,,,,,,,spike
1213,10,scenario2_single_spike,moper,150,153.491506083021,0,0.17593219130188814,0.581491506083021,0.5,0.5,-0.37871184869245456,,,,,,,spike
1214,10,scenario2_single_spike,moper,150,151.1423554747189,1,0.16496085653626144,0.25196868522900917,0.5,0.5,-0.20846477088263532,,,,,,,spike
1215,10,scenario2_single_spike,moper,150,155.02811992724702,0,0.1768925749545294,0.583028119927247,0.5,0.5,-0.3799603474408882,,,,,,,spike
1216,10,scenario2_single_spike,moper,150,158.52530793452232,0,0.17907831745907646,0.5865253079345223,0.5,0.5,-0.38280181269679936,,,,,,,spike
1217,10,scenario2_single_spike,moper,150,161.6727771410701,0,0.1810454857131688,0.5896727771410701,0.5,0.5,-0.3853591314271195,,,,,,,spike
1218,10,scenario2_single_spike,moper,150,164.5054994269631,0,0.18281593714185196,0.5925054994269632,0.5,0.5,-0.38766071828440757,,,,,,,spike
1219,10,scenario2_single_spike,moper,150,167.05494948426679,0,0.18440934342766677,0.5950549494842668,0.5,0.5,-0.3897321464559668,,,,,,,spike
1220,10,scenario2_single_spike,moper,150,169.34945453584012,0,0.1858434090849001,0.5973494545358402,0.5,0.5,-0.3915964318103702,,,,,,,spike
1221,10,scenario2_single_spike,moper,150,165.4145090822561,1,0.17015073057536587,0.25612058446029273,0.5,0.5,-0.2131356575178293,,,,,,,spike
1222,10,scenario2_single_spike,moper,150,161.8730581740305,1,0.168862930245102,0.2550903441960816,0.5,0.5,-0.2119766372205918,,,,,,,spike
1223,10,scenario2_single_spike,moper,150,158.68575235662743,1,0.16770390994786452,0.25416312795829166,0.5,0.5,-0.2109335189530781,,,,,,,spike
1224,10,scenario2_single_spike,moper,150,155.8171771209647,1,0.1666607916803508,0.2533286333442807,0.5,0.5,-0.20999471251231575,,,,,,,spike
1225,10,scenario2_single_spike,moper,150,153.23545940886822,1,0.16572198523958848,0.2525775881916708,0.5,0.5,-0.20914978671562964,,,,,,,spike
1226,10,scenario2_single_spike,moper,150,156.9119134679814,0,0.1780699459174884,0.5849119134679814,0.5,0.5,-0.3814909296927349,,,,,,,spike
1227,10,scenario2_single_spike,moper,150,154.22072212118326,1,0.1660802625895212,0.25286421007161697,0.5,0.5,-0.20947223633056908,,,,,,,spike
1228,10,scenario2_single_spike,moper,150,157.79864990906495,0,0.17862415619316563,0.585798649909065,0.5,0.5,-0.38221140305111534,,,,,,,spike
1229,10,scenario2_single_spike,moper,150,161.01878491815845,0,0.18063674057384904,0.5890187849181585,0.5,0.5,-0.3848277627460038,,,,,,,spike
1230,10,scenario2_single_spike,moper,150,163.9169064263426,0,0.18244806651646414,0.5919169064263426,0.5,0.5,-0.3871824864714034,,,,,,,spike
1231,10,scenario2_single_spike,moper,150,160.52521578370835,1,0.1683728057395303,0.25469824459162427,0.5,0.5,-0.21153552516557728,,,,,,,spike
1232,10,scenario2_single_spike,moper,150,163.47269420533752,0,0.18217043387833598,0.5914726942053375,0.5,0.5,-0.38682156404183676,,,,,,,spike
1233,10,scenario2_single_spike,moper,150,160.12542478480378,1,0.16822742719447412,0.2545819417555793,0.5,0.5,-0.2114046844750267,,,,,,,spike
1234,10,scenario2_single_spike,moper,150,157.1128823063234,1,0.1671319572022994,0.25370556576183956,0.5,0.5,-0.21041876148206948,,,,,,,spike
1235,10,scenario2_single_spike,moper,150,154.40159407569107,1,0.1661460342093422,0.2529168273674738,0.5,0.5,-0.209531430788408,,,,,,,spike
1236,10,scenario2_single_spike,moper,150,157.96143466812197,0,0.17872589666757624,0.585961434668122,0.5,0.5,-0.3823436656678491,,,,,,,spike
1237,10,scenario2_single_spike,moper,150,155.16529120130977,1,0.16642374225502174,0.2531389938040174,0.5,0.5,-0.20978136802951958,,,,,,,spike
1238,10,scenario2_single_spike,moper,150,158.6487620811788,0,0.17915547630073678,0.5866487620811789,0.5,0.5,-0.38290211919095785,,,,,,,spike
1239,10,scenario2_single_spike,moper,150,155.78388587306094,1,0.16664868577202216,0.2533189486176177,0.5,0.5,-0.20998381719481995,,,,,,,spike
1240,10,scenario2_single_spike,moper,150,153.20549728575486,1,0.16571108992209269,0.2525688719376742,0.5,0.5,-0.20913998092988345,,,,,,,spike
1241,10,scenario2_single_spike,moper,150,150.88494755717937,1,0.16486725365715615,0.25189380292572494,0.5,0.5,-0.20838052829144055,,,,,,,spike
1242,10,scenario2_single_spike,moper,150,148.79645280146144,1,0.16410780101871325,0.25128624081497064,0.5,0.5,-0.20769702091684195,,,,,,,spike
1243,10,scenario2_single_spike,moper,150,152.9168075213153,0,0.17557300470082207,0.5809168075213154,0.5,0.5,-0.3782449061110687,,,,,,,spike
1244,10,scenario2_single_spike,moper,150,156.62512676918377,0,0.17789070423073985,0.5846251267691838,0.5,0.5,-0.3812579154999618,,,,,,,spike
1245,10,scenario2_single_spike,moper,150,153.9626140922654,1,0.16598640512446014,0.2527891240995681,0.5,0.5,-0.20938776461201414,,,,,,,spike
1246,10,scenario2_single_spike,moper,150,151.56635268303887,1,0.16511503733928684,0.2520920298714295,0.5,0.5,-0.20860353360535816,,,,,,,spike
1247,10,scenario2_single_spike,moper,150,149.40971741473498,1,0.1643308063326309,0.2514646450661047,0.5,0.5,-0.20789772569936782,,,,,,,spike
1248,10,scenario2_single_spike,moper,150,147.46874567326148,1,0.16362499842664055,0.25089999874131247,0.5,0.5,-0.2072624985839765,,,,,,,spike
1249,10,scenario2_single_spike,moper,150,145.72187110593535,1,0.16298977131124923,0.2503918170489994,0.5,0.5,-0.20669079418012432,,,,,,,spike
1250,10,scenario2_single_spike,moper,150,150.14968399534183,0,0.17384355249708866,0.5781496839953418,0.5,0.5,-0.3759966182462152,,,,,,,spike
1251,10,scenario2_single_spike,moper,150,148.13471559580765,1,0.16386716930756642,0.2510937354460532,0.5,0.5,-0.2074804523768098,,,,,,,spike
1252,10,scenario2_single_spike,moper,150,152.3212440362269,0,0.17520077752264182,0.5803212440362269,0.5,0.5,-0.37776101077943436,,,,,,,spike
1253,10,scenario2_single_spike,moper,150,156.0891196326042,0,0.17755569977037763,0.5840891196326042,0.5,0.5,-0.38082240970149095,,,,,,,spike
1254,10,scenario2_single_spike,moper,150,159.48020766934377,0,0.17967512979333988,0.5874802076693438,0.5,0.5,-0.38357766873134186,,,,,,,spike
1255,10,scenario2_single_spike,moper,150,156.5321869024094,1,0.16692079523723977,0.25353663618979183,0.5,0.5,-0.2102287157135158,,,,,,,spike
1256,10,scenario2_single_spike,moper,150,159.87896821216845,0,0.1799243551326053,0.5878789682121685,0.5,0.5,-0.3839016616723869,,,,,,,spike
1257,10,scenario2_single_spike,moper,150,162.8910713909516,0,0.18180691961934475,0.5908910713909516,0.5,0.5,-0.38634899550514823,,,,,,,spike
1258,10,scenario2_single_spike,moper,150,165.60196425185643,0,0.18350122765741028,0.5936019642518564,0.5,0.5,-0.38855159595463334,,,,,,,spike
1259,10,scenario2_single_spike,moper,150,168.0417678266708,0,0.18502610489166926,0.5960417678266708,0.5,0.5,-0.39053393635917005,,,,,,,spike
1260,10,scenario2_single_spike,moper,150,164.23759104400372,1,0.16972276037963774,0.25577820830371023,0.5,0.5,-0.21275048434167398,,,,,,,spike
1261,10,scenario2_single_spike,moper,150,160.81383193960335,1,0.16847775706894666,0.25478220565515736,0.5,0.5,-0.21162998136205202,,,,,,,spike
1262,10,scenario2_single_spike,moper,150,157.732448745643,1,0.16735725408932475,0.2538858032714598,0.5,0.5,-0.2106215286803923,,,,,,,spike
1263,10,scenario2_single_spike,moper,150,160.95920387107873,0,0.18059950241942424,0.5889592038710788,0.5,0.5,-0.3847793531452515,,,,,,,spike
1264,10,scenario2_single_spike,moper,150,157.86328348397086,1,0.1674048303578076,0.2539238642862461,0.5,0.5,-0.21066434732202682,,,,,,,spike
1265,10,scenario2_single_spike,moper,150,155.07695513557377,1,0.16639162004929955,0.25311329603943966,0.5,0.5,-0.2097524580443696,,,,,,,spike
1266,10,scenario2_single_spike,moper,150,158.5692596220164,0,0.17910578726376025,0.5865692596220164,0.5,0.5,-0.38283752344288835,,,,,,,spike
1267,10,scenario2_single_spike,moper,150,161.71233365981476,0,0.18107020853738423,0.5897123336598148,0.5,0.5,-0.3853912710985995,,,,,,,spike
1268,10,scenario2_single_spike,moper,150,158.5411002938333,1,0.1676513091977576,0.25412104735820606,0.5,0.5,-0.21088617827798184,,,,,,,spike
1269,10,scenario2_single_spike,moper,150,155.68699026444997,1,0.16661345100525451,0.25329076080420365,0.5,0.5,-0.20995210590472907,,,,,,,spike
1270,10,scenario2_single_spike,moper,150,159.11829123800499,0,0.17944893202375312,0.587118291238005,0.5,0.5,-0.38328361163087904,,,,,,,spike
1271,10,scenario2_single_spike,moper,150,162.2064621142045,0,0.18137903882137785,0.5902064621142046,0.5,0.5,-0.3857927504677912,,,,,,,spike
1272,10,scenario2_single_spike,moper,150,158.98581590278405,1,0.16781302396464873,0.254250419171719,0.5,0.5,-0.21103172156818384,,,,,,,spike
1273,10,scenario2_single_spike,moper,150,156.08723431250564,1,0.1667589942954566,0.2534071954363653,0.5,0.5,-0.21008309486591095,,,,,,,spike
1274,10,scenario2_single_spike,moper,150,159.4785108812551,0,0.17967406930078444,0.5874785108812551,0.5,0.5,-0.3835762900910198,,,,,,,spike
1275,10,scenario2_single_spike,moper,150,162.5306597931296,0,0.181581662370706,0.5905306597931296,0.5,0.5,-0.38605616108191776,,,,,,,spike
1276,10,scenario2_single_spike,moper,150,165.27759381381662,0,0.1832984961336354,0.5932775938138166,0.5,0.5,-0.38828804497372604,,,,,,,spike
1277,10,scenario2_single_spike,moper,150,161.74983443243497,1,0.16881812161179455,0.25505449728943563,0.5,0.5,-0.2119363094506151,,,,,,,spike
1278,10,scenario2_single_spike,moper,150,158.57485098919148,1,0.16766358217788782,0.25413086574231025,0.5,0.5,-0.21089722396009902,,,,,,,spike
1279,10,scenario2_single_spike,moper,150,155.71736589027233,1,0.16662449668737175,0.25329959734989743,0.5,0.5,-0.20996204701863458,,,,,,,spike
1280,10,scenario2_single_spike,moper,150,153.1456293012451,1,0.16568931974590734,0.2525514557967259,0.5,0.5,-0.2091203877713166,,,,,,,spike
1281,10,scenario2_single_spike,moper,150,156.83106637112058,0,0.17801941648195038,0.5848310663711206,0.5,0.5,-0.3814252414265355,,,,,,,spike
1282,10,scenario2_single_spike,moper,150,160.14795973400854,0,0.18009247483375534,0.5881479597340086,0.5,0.5,-0.38412021728388196,,,,,,,spike
1283,10,scenario2_single_spike,moper,150,163.1331637606077,0,0.1819582273503798,0.5911331637606076,0.5,0.5,-0.38654569555549373,,,,,,,spike
1284,10,scenario2_single_spike,moper,150,165.81984738454693,0,0.18363740461534184,0.593819847384547,0.5,0.5,-0.3887286259999444,,,,,,,spike
1285,10,scenario2_single_spike,moper,150,168.23786264609225,0,0.18514866415380768,0.5962378626460922,0.5,0.5,-0.39069326339995,,,,,,,spike
1286,10,scenario2_single_spike,moper,150,170.41407638148303,0,0.1865087977384269,0.598414076381483,0.5,0.5,-0.39246143705995495,,,,,,,spike
1287,10,scenario2_single_spike,moper,150,172.37266874333474,0,0.18773291796458424,0.6003726687433348,0.5,0.5,-0.39405279335395954,,,,,,,spike
1288,10,scenario2_single_spike,moper,150,174.13540186900127,0,0.18883462616812582,0.6021354018690013,0.5,0.5,-0.39548501401856356,,,,,,,spike
1289,10,scenario2_single_spike,moper,150,169.72186168210115,1,0.17171704061167314,0.25737363248933853,0.5,0.5,-0.21454533655050584,,,,,,,spike
1290,10,scenario2_single_spike,moper,150,165.74967551389105,1,0.17027260927777857,0.25621808742222285,0.5,0.5,-0.2132453483500007,,,,,,,spike
1291,10,scenario2_single_spike,moper,150,162.17470796250194,1,0.16897262107727343,0.25517809686181875,0.5,0.5,-0.2120753589695461,,,,,,,spike
1292,10,scenario2_single_spike,moper,150,158.95723716625176,1,0.1678026316968188,0.25424210535745506,0.5,0.5,-0.21102236852713693,,,,,,,spike
1293,10,scenario2_single_spike,moper,150,156.06151344962657,1,0.16674964125440966,0.25339971300352776,0.5,0.5,-0.2100746771289687,,,,,,,spike
1294,10,scenario2_single_spike,moper,150,159.45536210466392,0,0.17965960131541497,0.587455362104664,0.5,0.5,-0.38355748171003945,,,,,,,spike
1295,10,scenario2_single_spike,moper,150,162.50982589419752,0,0.18156864118387347,0.5905098258941975,0.5,0.5,-0.3860392335390355,,,,,,,spike
1296,10,scenario2_single_spike,moper,150,159.25884330477777,1,0.16791230665628284,0.2543298453250263,0.5,0.5,-0.21112107599065455,,,,,,,spike
1297,10,scenario2_single_spike,moper,150,156.3329589743,1,0.16684834871792728,0.25347867897434184,0.5,0.5,-0.21016351384613458,,,,,,,spike
1298,10,scenario2_single_spike,moper,150,153.69966307687,1,0.16589078657340728,0.25271262925872584,0.5,0.5,-0.20930170791606656,,,,,,,spike
1299,10,scenario2_single_spike,moper,150,151.329696769183,1,0.16502898064333926,0.25202318451467143,0.5,0.5,-0.20852608257900535,,,,,,,spike
1300,10,scenario2_single_spike,moper,50,131.1967270922647,1,0.13770790076082354,0.15016632060865884,0.5,0.5,-0.1439371106847412,,,,,,,normal
1301,10,scenario2_single_spike,moper,50,113.07705438303823,1,0.13111892886655935,0.1448951430932475,0.5,0.5,-0.13800703597990344,,,,,,,normal
1302,10,scenario2_single_spike,moper,50,96.7693489447344,1,0.1251888541617216,0.14015108332937729,0.5,0.5,-0.13266996874554943,,,,,,,normal
1303,10,scenario2_single_spike,moper,50,88.09241405026097,0,0.11505775878141311,0.284092414050261,0.5,0.5,-0.19957508641583704,,,,,,,normal
1304,10,scenario2_single_spike,moper,50,74.28317264523487,1,0.11701206278008541,0.13360965022406834,0.5,0.5,-0.12531085650207688,,,,,,,normal
1305,10,scenario2_single_spike,moper,50,61.854855380711385,1,0.11249267468389505,0.12999413974711604,0.5,0.5,-0.12124340721550556,,,,,,,normal
1306,10,scenario2_single_spike,moper,50,56.66936984264025,0,0.09541835615165016,0.25266936984264027,0.5,0.5,-0.17404386299714522,,,,,,,normal
1307,10,scenario2_single_spike,moper,50,52.002432858376224,0,0.09250152053648514,0.24800243285837623,0.5,0.5,-0.1702519766974307,,,,,,,normal
1308,10,scenario2_single_spike,moper,50,47.8021895725386,0,0.08987636848283663,0.24380218957253863,0.5,0.5,-0.16683927902768764,,,,,,,normal
1309,10,scenario2_single_spike,moper,50,44.021970615284744,0,0.08751373163455296,0.24002197061528474,0.5,0.5,-0.16376785112491885,,,,,,,normal
1310,10,scenario2_single_spike,moper,50,34.61977355375627,1,0.10258900856500228,0.12207120685200182,0.5,0.5,-0.11233010770850205,,,,,,,normal
1311,10,scenario2_single_spike,moper,50,32.15779619838064,0,0.0800986226239879,0.22815779619838064,0.5,0.5,-0.15412820941118427,,,,,,,normal
1312,10,scenario2_single_spike,moper,50,29.942016578542578,0,0.07871376036158911,0.2259420165785426,0.5,0.5,-0.15232788847006584,,,,,,,normal
1313,10,scenario2_single_spike,moper,50,27.947814920688316,0,0.07746738432543021,0.22394781492068835,0.5,0.5,-0.1507075996230593,,,,,,,normal
1314,10,scenario2_single_spike,moper,50,26.15303342861948,0,0.07634564589288717,0.22215303342861947,0.5,0.5,-0.14924933966075332,,,,,,,normal
1315,10,scenario2_single_spike,moper,50,24.53773008575753,0,0.07533608130359846,0.22053773008575756,0.5,0.5,-0.14793690569467802,,,,,,,normal
1316,10,scenario2_single_spike,moper,50,17.08395707718178,1,0.09621234802806611,0.1169698784224529,0.5,0.5,-0.1065911132252595,,,,,,,normal
1317,10,scenario2_single_spike,moper,50,16.375561369463604,0,0.07023472585591475,0.21237556136946362,0.5,0.5,-0.1413051436126892,,,,,,,normal
1318,10,scenario2_single_spike,moper,50,9.738005232517246,1,0.09354109281182446,0.11483287424945957,0.5,0.5,-0.10418698353064201,,,,,,,normal
1319,10,scenario2_single_spike,moper,50,9.76420470926552,0,0.06610262794329096,0.20576420470926554,0.5,0.5,-0.13593341632627826,,,,,,,normal
1320,10,scenario2_single_spike,moper,50,9.787784238338968,0,0.06611736514896185,0.205787784238339,0.5,0.5,-0.1359525746936504,,,,,,,normal
1321,10,scenario2_single_spike,moper,50,3.8090058145050705,1,0.09138509302345639,0.11310807441876511,0.5,0.5,-0.10224658372111076,,,,,,,normal
1322,10,scenario2_single_spike,moper,50,4.428105233054563,0,0.0627675657706591,0.20042810523305457,0.5,0.5,-0.13159783550185683,,,,,,,normal
1323,10,scenario2_single_spike,moper,50,4.985294709749107,0,0.06311580919359319,0.20098529470974913,0.5,0.5,-0.13205055195167115,,,,,,,normal
1324,10,scenario2_single_spike,moper,50,5.486765238774197,0,0.06342922827423388,0.2014867652387742,0.5,0.5,-0.13245799675650405,,,,,,,normal
1325,10,scenario2_single_spike,moper,50,5.938088714896779,0,0.06371130544681049,0.2019380887148968,0.5,0.5,-0.13282469708085365,,,,,,,normal
1326,10,scenario2_single_spike,moper,50,6.344279843407101,0,0.06396517490212944,0.2023442798434071,0.5,0.5,-0.1331547273727683,,,,,,,normal
1327,10,scenario2_single_spike,moper,50,0.70985185906639,1,0.09025812794875142,0.11220650235900115,0.5,0.5,-0.10123231515387629,,,,,,,normal
1328,10,scenario2_single_spike,moper,50,0.0,1,0.09,0.11199999999999999,0.5,0.5,-0.10099999999999999,,,,,,,normal
1329,10,scenario2_single_spike,moper,50,1.0,0,0.060625,0.197,0.5,0.5,-0.1288125,,,,,,,normal
1330,10,scenario2_single_spike,moper,50,0.0,1,0.09,0.11199999999999999,0.5,0.5,-0.10099999999999999,,,,,,,normal
1331,10,scenario2_single_spike,moper,50,1.0,0,0.060625,0.197,0.5,0.5,-0.1288125,,,,,,,normal
1332,10,scenario2_single_spike,moper,50,1.9000000000000004,0,0.0611875,0.19790000000000002,0.5,0.5,-0.12954375,,,,,,,normal
1333,10,scenario2_single_spike,moper,50,0.0,1,0.09,0.11199999999999999,0.5,0.5,-0.10099999999999999,,,,,,,normal
1334,10,scenario2_single_spike,moper,50,0.0,1,0.09,0.11199999999999999,0.5,0.5,-0.10099999999999999,,,,,,,normal
1335,10,scenario2_single_spike,moper,50,0.0,1,0.09,0.11199999999999999,0.5,0.5,-0.10099999999999999,,,,,,,normal
1336,10,scenario2_single_spike,moper,50,0.0,1,0.09,0.11199999999999999,0.5,0.5,-0.10099999999999999,,,,,,,normal
1337,10,scenario2_single_spike,moper,50,0.0,1,0.09,0.11199999999999999,0.5,0.5,-0.10099999999999999,,,,,,,normal
1338,10,scenario2_single_spike,moper,50,0.0,1,0.09,0.11199999999999999,0.5,0.5,-0.10099999999999999,,,,,,,normal
1339,10,scenario2_single_spike,moper,50,0.0,1,0.09,0.11199999999999999,0.5,0.5,-0.10099999999999999,,,,,,,normal
1340,10,scenario2_single_spike,moper,50,0.0,1,0.09,0.11199999999999999,0.5,0.5,-0.10099999999999999,,,,,,,normal
1341,10,scenario2_single_spike,moper,50,0.0,1,0.09,0.11199999999999999,0.5,0.5,-0.10099999999999999,,,,,,,normal
1342,10,scenario2_single_spike,moper,50,0.0,1,0.09,0.11199999999999999,0.5,0.5,-0.10099999999999999,,,,,,,normal
1343,10,scenario2_single_spike,moper,50,1.0,0,0.060625,0.197,0.5,0.5,-0.1288125,,,,,,,normal
1344,10,scenario2_single_spike,moper,50,1.9000000000000004,0,0.0611875,0.19790000000000002,0.5,0.5,-0.12954375,,,,,,,normal
1345,10,scenario2_single_spike,moper,50,2.710000000000001,0,0.061693750000000006,0.19871000000000003,0.5,0.5,-0.13020187500000002,,,,,,,normal
1346,10,scenario2_single_spike,moper,50,0.0,1,0.09,0.11199999999999999,0.5,0.5,-0.10099999999999999,,,,,,,normal
1347,10,scenario2_single_spike,moper,50,1.0,0,0.060625,0.197,0.5,0.5,-0.1288125,,,,,,,normal
1348,10,scenario2_single_spike,moper,50,1.9000000000000004,0,0.0611875,0.19790000000000002,0.5,0.5,-0.12954375,,,,,,,normal
1349,10,scenario2_single_spike,moper,50,0.0,1,0.09,0.11199999999999999,0.5,0.5,-0.10099999999999999,,,,,,,normal
1350,10,scenario2_single_spike,moper,50,0.0,1,0.09,0.11199999999999999,0.5,0.5,-0.10099999999999999,,,,,,,normal
1351,10,scenario2_single_spike,moper,50,1.0,0,0.060625,0.197,0.5,0.5,-0.1288125,,,,,,,normal
1352,10,scenario2_single_spike,moper,50,0.0,1,0.09,0.11199999999999999,0.5,0.5,-0.10099999999999999,,,,,,,normal
1353,10,scenario2_single_spike,moper,50,1.0,0,0.060625,0.197,0.5,0.5,-0.1288125,,,,,,,normal
1354,10,scenario2_single_spike,moper,50,0.0,1,0.09,0.11199999999999999,0.5,0.5,-0.10099999999999999,,,,,,,normal
1355,10,scenario2_single_spike,moper,50,0.0,1,0.09,0.11199999999999999,0.5,0.5,-0.10099999999999999,,,,,,,normal
1356,10,scenario2_single_spike,moper,50,1.0,0,0.060625,0.197,0.5,0.5,-0.1288125,,,,,,,normal
1357,10,scenario2_single_spike,moper,50,0.0,1,0.09,0.11199999999999999,0.5,0.5,-0.10099999999999999,,,,,,,normal
1358,10,scenario2_single_spike,moper,50,0.0,1,0.09,0.11199999999999999,0.5,0.5,-0.10099999999999999,,,,,,,normal
1359,10,scenario2_single_spike,moper,50,1.0,0,0.060625,0.197,0.5,0.5,-0.1288125,,,,,,,normal
1360,10,scenario2_single_spike,moper,50,1.9000000000000004,0,0.0611875,0.19790000000000002,0.5,0.5,-0.12954375,,,,,,,normal
1361,10,scenario2_single_spike,moper,50,2.710000000000001,0,0.061693750000000006,0.19871000000000003,0.5,0.5,-0.13020187500000002,,,,,,,normal
1362,10,scenario2_single_spike,moper,50,3.439,0,0.062149375,0.199439,0.5,0.5,-0.1307941875,,,,,,,normal
1363,10,scenario2_single_spike,moper,50,4.0951,0,0.06255943750000001,0.20009510000000003,0.5,0.5,-0.13132726875,,,,,,,normal
1364,10,scenario2_single_spike,moper,50,0.0,1,0.09,0.11199999999999999,0.5,0.5,-0.10099999999999999,,,,,,,normal
1365,10,scenario2_single_spike,moper,50,0.0,1,0.09,0.11199999999999999,0.5,0.5,-0.10099999999999999,,,,,,,normal
1366,10,scenario2_single_spike,moper,50,0.0,1,0.09,0.11199999999999999,0.5,0.5,-0.10099999999999999,,,,,,,normal
1367,10,scenario2_single_spike,moper,50,0.0,1,0.09,0.11199999999999999,0.5,0.5,-0.10099999999999999,,,,,,,normal
1368,10,scenario2_single_spike,moper,50,1.0,0,0.060625,0.197,0.5,0.5,-0.1288125,,,,,,,normal
1369,10,scenario2_single_spike,moper,50,0.0,1,0.09,0.11199999999999999,0.5,0.5,-0.10099999999999999,,,,,,,normal
1370,10,scenario2_single_spike,moper,50,0.0,1,0.09,0.11199999999999999,0.5,0.5,-0.10099999999999999,,,,,,,normal
1371,10,scenario2_single_spike,moper,50,0.0,1,0.09,0.11199999999999999,0.5,0.5,-0.10099999999999999,,,,,,,normal
1372,10,scenario2_single_spike,moper,50,0.0,1,0.09,0.11199999999999999,0.5,0.5,-0.10099999999999999,,,,,,,normal
1373,10,scenario2_single_spike,moper,50,1.0,0,0.060625,0.197,0.5,0.5,-0.1288125,,,,,,,normal
1374,10,scenario2_single_spike,moper,50,0.0,1,0.09,0.11199999999999999,0.5,0.5,-0.10099999999999999,,,,,,,normal
1375,10,scenario2_single_spike,moper,50,1.0,0,0.060625,0.197,0.5,0.5,-0.1288125,,,,,,,normal
1376,10,scenario2_single_spike,moper,50,0.0,1,0.09,0.11199999999999999,0.5,0.5,-0.10099999999999999,,,,,,,normal
1377,10,scenario2_single_spike,moper,50,1.0,0,0.060625,0.197,0.5,0.5,-0.1288125,,,,,,,normal
1378,10,scenario2_single_spike,moper,50,1.9000000000000004,0,0.0611875,0.19790000000000002,0.5,0.5,-0.12954375,,,,,,,normal
1379,10,scenario2_single_spike,moper,50,2.710000000000001,0,0.061693750000000006,0.19871000000000003,0.5,0.5,-0.13020187500000002,,,,,,,normal
1380,10,scenario2_single_spike,moper,50,0.0,1,0.09,0.11199999999999999,0.5,0.5,-0.10099999999999999,,,,,,,normal
1381,10,scenario2_single_spike,moper,50,0.0,1,0.09,0.11199999999999999,0.5,0.5,-0.10099999999999999,,,,,,,normal
1382,10,scenario2_single_spike,moper,50,1.0,0,0.060625,0.197,0.5,0.5,-0.1288125,,,,,,,normal
1383,10,scenario2_single_spike,moper,50,1.9000000000000004,0,0.0611875,0.19790000000000002,0.5,0.5,-0.12954375,,,,,,,normal
1384,10,scenario2_single_spike,moper,50,0.0,1,0.09,0.11199999999999999,0.5,0.5,-0.10099999999999999,,,,,,,normal
1385,10,scenario2_single_spike,moper,50,1.0,0,0.060625,0.197,0.5,0.5,-0.1288125,,,,,,,normal
1386,10,scenario2_single_spike,moper,50,0.0,1,0.09,0.11199999999999999,0.5,0.5,-0.10099999999999999,,,,,,,normal
1387,10,scenario2_single_spike,moper,50,1.0,0,0.060625,0.197,0.5,0.5,-0.1288125,,,,,,,normal
1388,10,scenario2_single_spike,moper,50,0.0,1,0.09,0.11199999999999999,0.5,0.5,-0.10099999999999999,,,,,,,normal
1389,10,scenario2_single_spike,moper,50,1.0,0,0.060625,0.197,0.5,0.5,-0.1288125,,,,,,,normal
1390,10,scenario2_single_spike,moper,50,0.0,1,0.09,0.11199999999999999,0.5,0.5,-0.10099999999999999,,,,,,,normal
1391,10,scenario2_single_spike,moper,50,0.0,1,0.09,0.11199999999999999,0.5,0.5,-0.10099999999999999,,,,,,,normal
1392,10,scenario2_single_spike,moper,50,1.0,0,0.060625,0.197,0.5,0.5,-0.1288125,,,,,,,normal
1393,10,scenario2_single_spike,moper,50,0.0,1,0.09,0.11199999999999999,0.5,0.5,-0.10099999999999999,,,,,,,normal
1394,10,scenario2_single_spike,moper,50,1.0,0,0.060625,0.197,0.5,0.5,-0.1288125,,,,,,,normal
1395,10,scenario2_single_spike,moper,50,0.0,1,0.09,0.11199999999999999,0.5,0.5,-0.10099999999999999,,,,,,,normal
1396,10,scenario2_single_spike,moper,50,0.0,1,0.09,0.11199999999999999,0.5,0.5,-0.10099999999999999,,,,,,,normal
1397,10,scenario2_single_spike,moper,50,0.0,1,0.09,0.11199999999999999,0.5,0.5,-0.10099999999999999,,,,,,,normal
1398,10,scenario2_single_spike,moper,50,0.0,1,0.09,0.11199999999999999,0.5,0.5,-0.10099999999999999,,,,,,,normal
1399,10,scenario2_single_spike,moper,50,0.0,1,0.09,0.11199999999999999,0.5,0.5,-0.10099999999999999,,,,,,,normal
1400,10,scenario2_single_spike,moper,50,1.0,0,0.060625,0.197,0.5,0.5,-0.1288125,,,,,,,normal
1401,10,scenario2_single_spike,moper,50,1.9000000000000004,0,0.0611875,0.19790000000000002,0.5,0.5,-0.12954375,,,,,,,normal
1402,10,scenario2_single_spike,moper,50,2.710000000000001,0,0.061693750000000006,0.19871000000000003,0.5,0.5,-0.13020187500000002,,,,,,,normal
1403,10,scenario2_single_spike,moper,50,0.0,1,0.09,0.11199999999999999,0.5,0.5,-0.10099999999999999,,,,,,,normal
1404,10,scenario2_single_spike,moper,50,1.0,0,0.060625,0.197,0.5,0.5,-0.1288125,,,,,,,normal
1405,10,scenario2_single_spike,moper,50,1.9000000000000004,0,0.0611875,0.19790000000000002,0.5,0.5,-0.12954375,,,,,,,normal
1406,10,scenario2_single_spike,moper,50,0.0,1,0.09,0.11199999999999999,0.5,0.5,-0.10099999999999999,,,,,,,normal
1407,10,scenario2_single_spike,moper,50,0.0,1,0.09,0.11199999999999999,0.5,0.5,-0.10099999999999999,,,,,,,normal
1408,10,scenario2_single_spike,moper,50,1.0,0,0.060625,0.197,0.5,0.5,-0.1288125,,,,,,,normal
1409,10,scenario2_single_spike,moper,50,0.0,1,0.09,0.11199999999999999,0.5,0.5,-0.10099999999999999,,,,,,,normal
1410,10,scenario2_single_spike,moper,50,0.0,1,0.09,0.11199999999999999,0.5,0.5,-0.10099999999999999,,,,,,,normal
1411,10,scenario2_single_spike,moper,50,0.0,1,0.09,0.11199999999999999,0.5,0.5,-0.10099999999999999,,,,,,,normal
1412,10,scenario2_single_spike,moper,50,0.0,1,0.09,0.11199999999999999,0.5,0.5,-0.10099999999999999,,,,,,,normal
1413,10,scenario2_single_spike,moper,50,0.0,1,0.09,0.11199999999999999,0.5,0.5,-0.10099999999999999,,,,,,,normal
1414,10,scenario2_single_spike,moper,50,0.0,1,0.09,0.11199999999999999,0.5,0.5,-0.10099999999999999,,,,,,,normal
1415,10,scenario2_single_spike,moper,50,1.0,0,0.060625,0.197,0.5,0.5,-0.1288125,,,,,,,normal
1416,10,scenario2_single_spike,moper,50,0.0,1,0.09,0.11199999999999999,0.5,0.5,-0.10099999999999999,,,,,,,normal
1417,10,scenario2_single_spike,moper,50,1.0,0,0.060625,0.197,0.5,0.5,-0.1288125,,,,,,,normal
1418,10,scenario2_single_spike,moper,50,0.0,1,0.09,0.11199999999999999,0.5,0.5,-0.10099999999999999,,,,,,,normal
1419,10,scenario2_single_spike,moper,50,0.0,1,0.09,0.11199999999999999,0.5,0.5,-0.10099999999999999,,,,,,,normal
1420,10,scenario2_single_spike,moper,50,1.0,0,0.060625,0.197,0.5,0.5,-0.1288125,,,,,,,normal
1421,10,scenario2_single_spike,moper,50,0.0,1,0.09,0.11199999999999999,0.5,0.5,-0.10099999999999999,,,,,,,normal
1422,10,scenario2_single_spike,moper,50,0.0,1,0.09,0.11199999999999999,0.5,0.5,-0.10099999999999999,,,,,,,normal
1423,10,scenario2_single_spike,moper,50,1.0,0,0.060625,0.197,0.5,0.5,-0.1288125,,,,,,,normal
1424,10,scenario2_single_spike,moper,50,0.0,1,0.09,0.11199999999999999,0.5,0.5,-0.10099999999999999,,,,,,,normal
1425,10,scenario2_single_spike,moper,50,1.0,0,0.060625,0.197,0.5,0.5,-0.1288125,,,,,,,normal
1426,10,scenario2_single_spike,moper,50,1.9000000000000004,0,0.0611875,0.19790000000000002,0.5,0.5,-0.12954375,,,,,,,normal
1427,10,scenario2_single_spike,moper,50,0.0,1,0.09,0.11199999999999999,0.5,0.5,-0.10099999999999999,,,,,,,normal
1428,10,scenario2_single_spike,moper,50,1.0,0,0.060625,0.197,0.5,0.5,-0.1288125,,,,,,,normal
1429,10,scenario2_single_spike,moper,50,1.9000000000000004,0,0.0611875,0.19790000000000002,0.5,0.5,-0.12954375,,,,,,,normal
1430,10,scenario2_single_spike,moper,50,0.0,1,0.09,0.11199999999999999,0.5,0.5,-0.10099999999999999,,,,,,,normal
1431,10,scenario2_single_spike,moper,50,1.0,0,0.060625,0.197,0.5,0.5,-0.1288125,,,,,,,normal
1432,10,scenario2_single_spike,moper,50,0.0,1,0.09,0.11199999999999999,0.5,0.5,-0.10099999999999999,,,,,,,normal
1433,10,scenario2_single_spike,moper,50,1.0,0,0.060625,0.197,0.5,0.5,-0.1288125,,,,,,,normal
1434,10,scenario2_single_spike,moper,50,0.0,1,0.09,0.11199999999999999,0.5,0.5,-0.10099999999999999,,,,,,,normal
1435,10,scenario2_single_spike,moper,50,1.0,0,0.060625,0.197,0.5,0.5,-0.1288125,,,,,,,normal
1436,10,scenario2_single_spike,moper,50,0.0,1,0.09,0.11199999999999999,0.5,0.5,-0.10099999999999999,,,,,,,normal
1437,10,scenario2_single_spike,moper,50,1.0,0,0.060625,0.197,0.5,0.5,-0.1288125,,,,,,,normal
1438,10,scenario2_single_spike,moper,50,1.9000000000000004,0,0.0611875,0.19790000000000002,0.5,0.5,-0.12954375,,,,,,,normal
1439,10,scenario2_single_spike,moper,50,0.0,1,0.09,0.11199999999999999,0.5,0.5,-0.10099999999999999,,,,,,,normal
1440,10,scenario2_single_spike,moper,50,0.0,1,0.09,0.11199999999999999,0.5,0.5,-0.10099999999999999,,,,,,,normal
1441,10,scenario2_single_spike,moper,50,0.0,1,0.09,0.11199999999999999,0.5,0.5,-0.10099999999999999,,,,,,,normal
1442,10,scenario2_single_spike,moper,50,1.0,0,0.060625,0.197,0.5,0.5,-0.1288125,,,,,,,normal
1443,10,scenario2_single_spike,moper,50,0.0,1,0.09,0.11199999999999999,0.5,0.5,-0.10099999999999999,,,,,,,normal
1444,10,scenario2_single_spike,moper,50,1.0,0,0.060625,0.197,0.5,0.5,-0.1288125,,,,,,,normal
1445,10,scenario2_single_spike,moper,50,0.0,1,0.09,0.11199999999999999,0.5,0.5,-0.10099999999999999,,,,,,,normal
1446,10,scenario2_single_spike,moper,50,1.0,0,0.060625,0.197,0.5,0.5,-0.1288125,,,,,,,normal
1447,10,scenario2_single_spike,moper,50,0.0,1,0.09,0.11199999999999999,0.5,0.5,-0.10099999999999999,,,,,,,normal
1448,10,scenario2_single_spike,moper,50,1.0,0,0.060625,0.197,0.5,0.5,-0.1288125,,,,,,,normal
1449,10,scenario2_single_spike,moper,50,1.9000000000000004,0,0.0611875,0.19790000000000002,0.5,0.5,-0.12954375,,,,,,,normal
1450,10,scenario2_single_spike,moper,50,2.710000000000001,0,0.061693750000000006,0.19871000000000003,0.5,0.5,-0.13020187500000002,,,,,,,normal
1451,10,scenario2_single_spike,moper,50,0.0,1,0.09,0.11199999999999999,0.5,0.5,-0.10099999999999999,,,,,,,normal
1452,10,scenario2_single_spike,moper,50,0.0,1,0.09,0.11199999999999999,0.5,0.5,-0.10099999999999999,,,,,,,normal
1453,10,scenario2_single_spike,moper,50,1.0,0,0.060625,0.197,0.5,0.5,-0.1288125,,,,,,,normal
1454,10,scenario2_single_spike,moper,50,1.9000000000000004,0,0.0611875,0.19790000000000002,0.5,0.5,-0.12954375,,,,,,,normal
1455,10,scenario2_single_spike,moper,50,2.710000000000001,0,0.061693750000000006,0.19871000000000003,0.5,0.5,-0.13020187500000002,,,,,,,normal
1456,10,scenario2_single_spike,moper,50,0.0,1,0.09,0.11199999999999999,0.5,0.5,-0.10099999999999999,,,,,,,normal
1457,10,scenario2_single_spike,moper,50,0.0,1,0.09,0.11199999999999999,0.5,0.5,-0.10099999999999999,,,,,,,normal
1458,10,scenario2_single_spike,moper,50,1.0,0,0.060625,0.197,0.5,0.5,-0.1288125,,,,,,,normal
1459,10,scenario2_single_spike,moper,50,1.9000000000000004,0,0.0611875,0.19790000000000002,0.5,0.5,-0.12954375,,,,,,,normal
1460,10,scenario2_single_spike,moper,50,2.710000000000001,0,0.061693750000000006,0.19871000000000003,0.5,0.5,-0.13020187500000002,,,,,,,normal
1461,10,scenario2_single_spike,moper,50,3.439,0,0.062149375,0.199439,0.5,0.5,-0.1307941875,,,,,,,normal
1462,10,scenario2_single_spike,moper,50,4.0951,0,0.06255943750000001,0.20009510000000003,0.5,0.5,-0.13132726875,,,,,,,normal
1463,10,scenario2_single_spike,moper,50,0.0,1,0.09,0.11199999999999999,0.5,0.5,-0.10099999999999999,,,,,,,normal
1464,10,scenario2_single_spike,moper,50,0.0,1,0.09,0.11199999999999999,0.5,0.5,-0.10099999999999999,,,,,,,normal
1465,10,scenario2_single_spike,moper,50,0.0,1,0.09,0.11199999999999999,0.5,0.5,-0.10099999999999999,,,,,,,normal
1466,10,scenario2_single_spike,moper,50,1.0,0,0.060625,0.197,0.5,0.5,-0.1288125,,,,,,,normal
1467,10,scenario2_single_spike,moper,50,0.0,1,0.09,0.11199999999999999,0.5,0.5,-0.10099999999999999,,,,,,,normal
1468,10,scenario2_single_spike,moper,50,0.0,1,0.09,0.11199999999999999,0.5,0.5,-0.10099999999999999,,,,,,,normal
1469,10,scenario2_single_spike,moper,50,0.0,1,0.09,0.11199999999999999,0.5,0.5,-0.10099999999999999,,,,,,,normal
1470,10,scenario2_single_spike,moper,50,1.0,0,0.060625,0.197,0.5,0.5,-0.1288125,,,,,,,normal
1471,10,scenario2_single_spike,moper,50,1.9000000000000004,0,0.0611875,0.19790000000000002,0.5,0.5,-0.12954375,,,,,,,normal
1472,10,scenario2_single_spike,moper,50,2.710000000000001,0,0.061693750000000006,0.19871000000000003,0.5,0.5,-0.13020187500000002,,,,,,,normal
1473,10,scenario2_single_spike,moper,50,3.439,0,0.062149375,0.199439,0.5,0.5,-0.1307941875,,,,,,,normal
1474,10,scenario2_single_spike,moper,50,4.0951,0,0.06255943750000001,0.20009510000000003,0.5,0.5,-0.13132726875,,,,,,,normal
1475,10,scenario2_single_spike,moper,50,4.685590000000001,0,0.06292849375000001,0.20068559000000002,0.5,0.5,-0.13180704187500003,,,,,,,normal
1476,10,scenario2_single_spike,moper,50,0.0,1,0.09,0.11199999999999999,0.5,0.5,-0.10099999999999999,,,,,,,normal
1477,10,scenario2_single_spike,moper,50,1.0,0,0.060625,0.197,0.5,0.5,-0.1288125,,,,,,,normal
1478,10,scenario2_single_spike,moper,50,0.0,1,0.09,0.11199999999999999,0.5,0.5,-0.10099999999999999,,,,,,,normal
1479,10,scenario2_single_spike,moper,50,0.0,1,0.09,0.11199999999999999,0.5,0.5,-0.10099999999999999,,,,,,,normal
1480,10,scenario2_single_spike,moper,50,0.0,1,0.09,0.11199999999999999,0.5,0.5,-0.10099999999999999,,,,,,,normal
1481,10,scenario2_single_spike,moper,50,1.0,0,0.060625,0.197,0.5,0.5,-0.1288125,,,,,,,normal
1482,10,scenario2_single_spike,moper,50,0.0,1,0.09,0.11199999999999999,0.5,0.5,-0.10099999999999999,,,,,,,normal
1483,10,scenario2_single_spike,moper,50,1.0,0,0.060625,0.197,0.5,0.5,-0.1288125,,,,,,,normal
1484,10,scenario2_single_spike,moper,50,0.0,1,0.09,0.11199999999999999,0.5,0.5,-0.10099999999999999,,,,,,,normal
1485,10,scenario2_single_spike,moper,50,0.0,1,0.09,0.11199999999999999,0.5,0.5,-0.10099999999999999,,,,,,,normal
1486,10,scenario2_single_spike,moper,50,1.0,0,0.060625,0.197,0.5,0.5,-0.1288125,,,,,,,normal
1487,10,scenario2_single_spike,moper,50,1.9000000000000004,0,0.0611875,0.19790000000000002,0.5,0.5,-0.12954375,,,,,,,normal
1488,10,scenario2_single_spike,moper,50,2.710000000000001,0,0.061693750000000006,0.19871000000000003,0.5,0.5,-0.13020187500000002,,,,,,,normal
1489,10,scenario2_single_spike,moper,50,0.0,1,0.09,0.11199999999999999,0.5,0.5,-0.10099999999999999,,,,,,,normal
1490,10,scenario2_single_spike,moper,50,0.0,1,0.09,0.11199999999999999,0.5,0.5,-0.10099999999999999,,,,,,,normal
1491,10,scenario2_single_spike,moper,50,1.0,0,0.060625,0.197,0.5,0.5,-0.1288125,,,,,,,normal
1492,10,scenario2_single_spike,moper,50,0.0,1,0.09,0.11199999999999999,0.5,0.5,-0.10099999999999999,,,,,,,normal
1493,10,scenario2_single_spike,moper,50,1.0,0,0.060625,0.197,0.5,0.5,-0.1288125,,,,,,,normal
1494,10,scenario2_single_spike,moper,50,1.9000000000000004,0,0.0611875,0.19790000000000002,0.5,0.5,-0.12954375,,,,,,,normal
1495,10,scenario2_single_spike,moper,50,0.0,1,0.09,0.11199999999999999,0.5,0.5,-0.10099999999999999,,,,,,,normal
1496,10,scenario2_single_spike,moper,50,0.0,1,0.09,0.11199999999999999,0.5,0.5,-0.10099999999999999,,,,,,,normal
1497,10,scenario2_single_spike,moper,50,1.0,0,0.060625,0.197,0.5,0.5,-0.1288125,,,,,,,normal
1498,10,scenario2_single_spike,moper,50,0.0,1,0.09,0.11199999999999999,0.5,0.5,-0.10099999999999999,,,,,,,normal
1499,10,scenario2_single_spike,moper,50,1.0,0,0.060625,0.197,0.5,0.5,-0.1288125,,,,,,,normal
1500,10,scenario2_single_spike,moper,50,0.0,1,0.09,0.11199999999999999,0.5,0.5,-0.10099999999999999,,,,,,,normal
1501,10,scenario2_single_spike,moper,50,0.0,1,0.09,0.11199999999999999,0.5,0.5,-0.10099999999999999,,,,,,,normal
1502,10,scenario2_single_spike,moper,50,1.0,0,0.060625,0.197,0.5,0.5,-0.1288125,,,,,,,normal
1503,10,scenario2_single_spike,moper,50,0.0,1,0.09,0.11199999999999999,0.5,0.5,-0.10099999999999999,,,,,,,normal
1504,10,scenario2_single_spike,moper,50,0.0,1,0.09,0.11199999999999999,0.5,0.5,-0.10099999999999999,,,,,,,normal
1505,10,scenario2_single_spike,moper,50,0.0,1,0.09,0.11199999999999999,0.5,0.5,-0.10099999999999999,,,,,,,normal
1506,10,scenario2_single_spike,moper,50,0.0,1,0.09,0.11199999999999999,0.5,0.5,-0.10099999999999999,,,,,,,normal
1507,10,scenario2_single_spike,moper,50,1.0,0,0.060625,0.197,0.5,0.5,-0.1288125,,,,,,,normal
1508,10,scenario2_single_spike,moper,50,0.0,1,0.09,0.11199999999999999,0.5,0.5,-0.10099999999999999,,,,,,,normal
1509,10,scenario2_single_spike,moper,50,0.0,1,0.09,0.11199999999999999,0.5,0.5,-0.10099999999999999,,,,,,,normal
1510,10,scenario2_single_spike,moper,50,0.0,1,0.09,0.11199999999999999,0.5,0.5,-0.10099999999999999,,,,,,,normal
1511,10,scenario2_single_spike,moper,50,0.0,1,0.09,0.11199999999999999,0.5,0.5,-0.10099999999999999,,,,,,,normal
1512,10,scenario2_single_spike,moper,50,0.0,1,0.09,0.11199999999999999,0.5,0.5,-0.10099999999999999,,,,,,,normal
1513,10,scenario2_single_spike,moper,50,0.0,1,0.09,0.11199999999999999,0.5,0.5,-0.10099999999999999,,,,,,,normal
1514,10,scenario2_single_spike,moper,50,0.0,1,0.09,0.11199999999999999,0.5,0.5,-0.10099999999999999,,,,,,,normal
1515,10,scenario2_single_spike,moper,50,1.0,0,0.060625,0.197,0.5,0.5,-0.1288125,,,,,,,normal
1516,10,scenario2_single_spike,moper,50,1.9000000000000004,0,0.0611875,0.19790000000000002,0.5,0.5,-0.12954375,,,,,,,normal
1517,10,scenario2_single_spike,moper,50,0.0,1,0.09,0.11199999999999999,0.5,0.5,-0.10099999999999999,,,,,,,normal
1518,10,scenario2_single_spike,moper,50,1.0,0,0.060625,0.197,0.5,0.5,-0.1288125,,,,,,,normal
1519,10,scenario2_single_spike,moper,50,1.9000000000000004,0,0.0611875,0.19790000000000002,0.5,0.5,-0.12954375,,,,,,,normal
1520,10,scenario2_single_spike,moper,50,0.0,1,0.09,0.11199999999999999,0.5,0.5,-0.10099999999999999,,,,,,,normal
1521,10,scenario2_single_spike,moper,50,1.0,0,0.060625,0.197,0.5,0.5,-0.1288125,,,,,,,normal
1522,10,scenario2_single_spike,moper,50,0.0,1,0.09,0.11199999999999999,0.5,0.5,-0.10099999999999999,,,,,,,normal
1523,10,scenario2_single_spike,moper,50,0.0,1,0.09,0.11199999999999999,0.5,0.5,-0.10099999999999999,,,,,,,normal
1524,10,scenario2_single_spike,moper,50,0.0,1,0.09,0.11199999999999999,0.5,0.5,-0.10099999999999999,,,,,,,normal
1525,10,scenario2_single_spike,moper,50,0.0,1,0.09,0.11199999999999999,0.5,0.5,-0.10099999999999999,,,,,,,normal
1526,10,scenario2_single_spike,moper,50,0.0,1,0.09,0.11199999999999999,0.5,0.5,-0.10099999999999999,,,,,,,normal
1527,10,scenario2_single_spike,moper,50,1.0,0,0.060625,0.197,0.5,0.5,-0.1288125,,,,,,,normal
1528,10,scenario2_single_spike,moper,50,0.0,1,0.09,0.11199999999999999,0.5,0.5,-0.10099999999999999,,,,,,,normal
1529,10,scenario2_single_spike,moper,50,1.0,0,0.060625,0.197,0.5,0.5,-0.1288125,,,,,,,normal
1530,10,scenario2_single_spike,moper,50,0.0,1,0.09,0.11199999999999999,0.5,0.5,-0.10099999999999999,,,,,,,normal
1531,10,scenario2_single_spike,moper,50,1.0,0,0.060625,0.197,0.5,0.5,-0.1288125,,,,,,,normal
1532,10,scenario2_single_spike,moper,50,0.0,1,0.09,0.11199999999999999,0.5,0.5,-0.10099999999999999,,,,,,,normal
1533,10,scenario2_single_spike,moper,50,1.0,0,0.060625,0.197,0.5,0.5,-0.1288125,,,,,,,normal
1534,10,scenario2_single_spike,moper,50,0.0,1,0.09,0.11199999999999999,0.5,0.5,-0.10099999999999999,,,,,,,normal
1535,10,scenario2_single_spike,moper,50,1.0,0,0.060625,0.197,0.5,0.5,-0.1288125,,,,,,,normal
1536,10,scenario2_single_spike,moper,50,0.0,1,0.09,0.11199999999999999,0.5,0.5,-0.10099999999999999,,,,,,,normal
1537,10,scenario2_single_spike,moper,50,1.0,0,0.060625,0.197,0.5,0.5,-0.1288125,,,,,,,normal
1538,10,scenario2_single_spike,moper,50,1.9000000000000004,0,0.0611875,0.19790000000000002,0.5,0.5,-0.12954375,,,,,,,normal
1539,10,scenario2_single_spike,moper,50,2.710000000000001,0,0.061693750000000006,0.19871000000000003,0.5,0.5,-0.13020187500000002,,,,,,,normal
1540,10,scenario2_single_spike,moper,50,0.0,1,0.09,0.11199999999999999,0.5,0.5,-0.10099999999999999,,,,,,,normal
1541,10,scenario2_single_spike,moper,50,1.0,0,0.060625,0.197,0.5,0.5,-0.1288125,,,,,,,normal
1542,10,scenario2_single_spike,moper,50,1.9000000000000004,0,0.0611875,0.19790000000000002,0.5,0.5,-0.12954375,,,,,,,normal
1543,10,scenario2_single_spike,moper,50,0.0,1,0.09,0.11199999999999999,0.5,0.5,-0.10099999999999999,,,,,,,normal
1544,10,scenario2_single_spike,moper,50,0.0,1,0.09,0.11199999999999999,0.5,0.5,-0.10099999999999999,,,,,,,normal
1545,10,scenario2_single_spike,moper,50,0.0,1,0.09,0.11199999999999999,0.5,0.5,-0.10099999999999999,,,,,,,normal
1546,10,scenario2_single_spike,moper,50,0.0,1,0.09,0.11199999999999999,0.5,0.5,-0.10099999999999999,,,,,,,normal
1547,10,scenario2_single_spike,moper,50,0.0,1,0.09,0.11199999999999999,0.5,0.5,-0.10099999999999999,,,,,,,normal
1548,10,scenario2_single_spike,moper,50,1.0,0,0.060625,0.197,0.5,0.5,-0.1288125,,,,,,,normal
1549,10,scenario2_single_spike,moper,50,1.9000000000000004,0,0.0611875,0.19790000000000002,0.5,0.5,-0.12954375,,,,,,,normal
1550,10,scenario2_single_spike,moper,50,0.0,1,0.09,0.11199999999999999,0.5,0.5,-0.10099999999999999,,,,,,,normal
1551,10,scenario2_single_spike,moper,50,0.0,1,0.09,0.11199999999999999,0.5,0.5,-0.10099999999999999,,,,,,,normal
1552,10,scenario2_single_spike,moper,50,0.0,1,0.09,0.11199999999999999,0.5,0.5,-0.10099999999999999,,,,,,,normal
1553,10,scenario2_single_spike,moper,50,0.0,1,0.09,0.11199999999999999,0.5,0.5,-0.10099999999999999,,,,,,,normal
1554,10,scenario2_single_spike,moper,50,0.0,1,0.09,0.11199999999999999,0.5,0.5,-0.10099999999999999,,,,,,,normal
1555,10,scenario2_single_spike,moper,50,0.0,1,0.09,0.11199999999999999,0.5,0.5,-0.10099999999999999,,,,,,,normal
1556,10,scenario2_single_spike,moper,50,0.0,1,0.09,0.11199999999999999,0.5,0.5,-0.10099999999999999,,,,,,,normal
1557,10,scenario2_single_spike,moper,50,1.0,0,0.060625,0.197,0.5,0.5,-0.1288125,,,,,,,normal
1558,10,scenario2_single_spike,moper,50,0.0,1,0.09,0.11199999999999999,0.5,0.5,-0.10099999999999999,,,,,,,normal
1559,10,scenario2_single_spike,moper,50,0.0,1,0.09,0.11199999999999999,0.5,0.5,-0.10099999999999999,,,,,,,normal
1560,10,scenario2_single_spike,moper,50,0.0,1,0.09,0.11199999999999999,0.5,0.5,-0.10099999999999999,,,,,,,normal
1561,10,scenario2_single_spike,moper,50,1.0,0,0.060625,0.197,0.5,0.5,-0.1288125,,,,,,,normal
1562,10,scenario2_single_spike,moper,50,1.9000000000000004,0,0.0611875,0.19790000000000002,0.5,0.5,-0.12954375,,,,,,,normal
1563,10,scenario2_single_spike,moper,50,0.0,1,0.09,0.11199999999999999,0.5,0.5,-0.10099999999999999,,,,,,,normal
1564,10,scenario2_single_spike,moper,50,0.0,1,0.09,0.11199999999999999,0.5,0.5,-0.10099999999999999,,,,,,,normal
1565,10,scenario2_single_spike,moper,50,0.0,1,0.09,0.11199999999999999,0.5,0.5,-0.10099999999999999,,,,,,,normal
1566,10,scenario2_single_spike,moper,50,1.0,0,0.060625,0.197,0.5,0.5,-0.1288125,,,,,,,normal
1567,10,scenario2_single_spike,moper,50,0.0,1,0.09,0.11199999999999999,0.5,0.5,-0.10099999999999999,,,,,,,normal
1568,10,scenario2_single_spike,moper,50,0.0,1,0.09,0.11199999999999999,0.5,0.5,-0.10099999999999999,,,,,,,normal
1569,10,scenario2_single_spike,moper,50,1.0,0,0.060625,0.197,0.5,0.5,-0.1288125,,,,,,,normal
1570,10,scenario2_single_spike,moper,50,0.0,1,0.09,0.11199999999999999,0.5,0.5,-0.10099999999999999,,,,,,,normal
1571,10,scenario2_single_spike,moper,50,1.0,0,0.060625,0.197,0.5,0.5,-0.1288125,,,,,,,normal
1572,10,scenario2_single_spike,moper,50,0.0,1,0.09,0.11199999999999999,0.5,0.5,-0.10099999999999999,,,,,,,normal
1573,10,scenario2_single_spike,moper,50,0.0,1,0.09,0.11199999999999999,0.5,0.5,-0.10099999999999999,,,,,,,normal
1574,10,scenario2_single_spike,moper,50,0.0,1,0.09,0.11199999999999999,0.5,0.5,-0.10099999999999999,,,,,,,normal
1575,10,scenario2_single_spike,moper,50,0.0,1,0.09,0.11199999999999999,0.5,0.5,-0.10099999999999999,,,,,,,normal
1576,10,scenario2_single_spike,moper,50,0.0,1,0.09,0.11199999999999999,0.5,0.5,-0.10099999999999999,,,,,,,normal
1577,10,scenario2_single_spike,moper,50,1.0,0,0.060625,0.197,0.5,0.5,-0.1288125,,,,,,,normal
1578,10,scenario2_single_spike,moper,50,1.9000000000000004,0,0.0611875,0.19790000000000002,0.5,0.5,-0.12954375,,,,,,,normal
1579,10,scenario2_single_spike,moper,50,0.0,1,0.09,0.11199999999999999,0.5,0.5,-0.10099999999999999,,,,,,,normal
1580,10,scenario2_single_spike,moper,50,0.0,1,0.09,0.11199999999999999,0.5,0.5,-0.10099999999999999,,,,,,,normal
1581,10,scenario2_single_spike,moper,50,0.0,1,0.09,0.11199999999999999,0.5,0.5,-0.10099999999999999,,,,,,,normal
1582,10,scenario2_single_spike,moper,50,1.0,0,0.060625,0.197,0.5,0.5,-0.1288125,,,,,,,normal
1583,10,scenario2_single_spike,moper,50,1.9000000000000004,0,0.0611875,0.19790000000000002,0.5,0.5,-0.12954375,,,,,,,normal
1584,10,scenario2_single_spike,moper,50,2.710000000000001,0,0.061693750000000006,0.19871000000000003,0.5,0.5,-0.13020187500000002,,,,,,,normal
1585,10,scenario2_single_spike,moper,50,3.439,0,0.062149375,0.199439,0.5,0.5,-0.1307941875,,,,,,,normal
1586,10,scenario2_single_spike,moper,50,0.0,1,0.09,0.11199999999999999,0.5,0.5,-0.10099999999999999,,,,,,,normal
1587,10,scenario2_single_spike,moper,50,1.0,0,0.060625,0.197,0.5,0.5,-0.1288125,,,,,,,normal
1588,10,scenario2_single_spike,moper,50,0.0,1,0.09,0.11199999999999999,0.5,0.5,-0.10099999999999999,,,,,,,normal
1589,10,scenario2_single_spike,moper,50,0.0,1,0.09,0.11199999999999999,0.5,0.5,-0.10099999999999999,,,,,,,normal
1590,10,scenario2_single_spike,moper,50,1.0,0,0.060625,0.197,0.5,0.5,-0.1288125,,,,,,,normal
1591,10,scenario2_single_spike,moper,50,0.0,1,0.09,0.11199999999999999,0.5,0.5,-0.10099999999999999,,,,,,,normal
1592,10,scenario2_single_spike,moper,50,1.0,0,0.060625,0.197,0.5,0.5,-0.1288125,,,,,,,normal
1593,10,scenario2_single_spike,moper,50,1.9000000000000004,0,0.0611875,0.19790000000000002,0.5,0.5,-0.12954375,,,,,,,normal
1594,10,scenario2_single_spike,moper,50,2.710000000000001,0,0.061693750000000006,0.19871000000000003,0.5,0.5,-0.13020187500000002,,,,,,,normal
1595,10,scenario2_single_spike,moper,50,0.0,1,0.09,0.11199999999999999,0.5,0.5,-0.10099999999999999,,,,,,,normal
1596,10,scenario2_single_spike,moper,50,1.0,0,0.060625,0.197,0.5,0.5,-0.1288125,,,,,,,normal
1597,10,scenario2_single_spike,moper,50,0.0,1,0.09,0.11199999999999999,0.5,0.5,-0.10099999999999999,,,,,,,normal
1598,10,scenario2_single_spike,moper,50,0.0,1,0.09,0.11199999999999999,0.5,0.5,-0.10099999999999999,,,,,,,normal
1599,10,scenario2_single_spike,moper,50,0.0,1,0.09,0.11199999999999999,0.5,0.5,-0.10099999999999999,,,,,,,normal
1600,10,scenario2_single_spike,moper,50,1.0,0,0.060625,0.197,0.5,0.5,-0.1288125,,,,,,,normal
1601,10,scenario2_single_spike,moper,50,1.9000000000000004,0,0.0611875,0.19790000000000002,0.5,0.5,-0.12954375,,,,,,,normal
1602,10,scenario2_single_spike,moper,50,2.710000000000001,0,0.061693750000000006,0.19871000000000003,0.5,0.5,-0.13020187500000002,,,,,,,normal
1603,10,scenario2_single_spike,moper,50,0.0,1,0.09,0.11199999999999999,0.5,0.5,-0.10099999999999999,,,,,,,normal
1604,10,scenario2_single_spike,moper,50,0.0,1,0.09,0.11199999999999999,0.5,0.5,-0.10099999999999999,,,,,,,normal
1605,10,scenario2_single_spike,moper,50,0.0,1,0.09,0.11199999999999999,0.5,0.5,-0.10099999999999999,,,,,,,normal
1606,10,scenario2_single_spike,moper,50,0.0,1,0.09,0.11199999999999999,0.5,0.5,-0.10099999999999999,,,,,,,normal
1607,10,scenario2_single_spike,moper,50,1.0,0,0.060625,0.197,0.5,0.5,-0.1288125,,,,,,,normal
1608,10,scenario2_single_spike,moper,50,0.0,1,0.09,0.11199999999999999,0.5,0.5,-0.10099999999999999,,,,,,,normal
1609,10,scenario2_single_spike,moper,50,0.0,1,0.09,0.11199999999999999,0.5,0.5,-0.10099999999999999,,,,,,,normal
1610,10,scenario2_single_spike,moper,50,1.0,0,0.060625,0.197,0.5,0.5,-0.1288125,,,,,,,normal
1611,10,scenario2_single_spike,moper,50,1.9000000000000004,0,0.0611875,0.19790000000000002,0.5,0.5,-0.12954375,,,,,,,normal
1612,10,scenario2_single_spike,moper,50,0.0,1,0.09,0.11199999999999999,0.5,0.5,-0.10099999999999999,,,,,,,normal
1613,10,scenario2_single_spike,moper,50,0.0,1,0.09,0.11199999999999999,0.5,0.5,-0.10099999999999999,,,,,,,normal
1614,10,scenario2_single_spike,moper,50,0.0,1,0.09,0.11199999999999999,0.5,0.5,-0.10099999999999999,,,,,,,normal
1615,10,scenario2_single_spike,moper,50,1.0,0,0.060625,0.197,0.5,0.5,-0.1288125,,,,,,,normal
1616,10,scenario2_single_spike,moper,50,0.0,1,0.09,0.11199999999999999,0.5,0.5,-0.10099999999999999,,,,,,,normal
1617,10,scenario2_single_spike,moper,50,1.0,0,0.060625,0.197,0.5,0.5,-0.1288125,,,,,,,normal
1618,10,scenario2_single_spike,moper,50,1.9000000000000004,0,0.0611875,0.19790000000000002,0.5,0.5,-0.12954375,,,,,,,normal
1619,10,scenario2_single_spike,moper,50,0.0,1,0.09,0.11199999999999999,0.5,0.5,-0.10099999999999999,,,,,,,normal
1620,10,scenario2_single_spike,moper,50,1.0,0,0.060625,0.197,0.5,0.5,-0.1288125,,,,,,,normal
1621,10,scenario2_single_spike,moper,50,0.0,1,0.09,0.11199999999999999,0.5,0.5,-0.10099999999999999,,,,,,,normal
1622,10,scenario2_single_spike,moper,50,1.0,0,0.060625,0.197,0.5,0.5,-0.1288125,,,,,,,normal
1623,10,scenario2_single_spike,moper,50,1.9000000000000004,0,0.0611875,0.19790000000000002,0.5,0.5,-0.12954375,,,,,,,normal
1624,10,scenario2_single_spike,moper,50,0.0,1,0.09,0.11199999999999999,0.5,0.5,-0.10099999999999999,,,,,,,normal
1625,10,scenario2_single_spike,moper,50,0.0,1,0.09,0.11199999999999999,0.5,0.5,-0.10099999999999999,,,,,,,normal
1626,10,scenario2_single_spike,moper,50,1.0,0,0.060625,0.197,0.5,0.5,-0.1288125,,,,,,,normal
1627,10,scenario2_single_spike,moper,50,0.0,1,0.09,0.11199999999999999,0.5,0.5,-0.10099999999999999,,,,,,,normal
1628,10,scenario2_single_spike,moper,50,0.0,1,0.09,0.11199999999999999,0.5,0.5,-0.10099999999999999,,,,,,,normal
1629,10,scenario2_single_spike,moper,50,1.0,0,0.060625,0.197,0.5,0.5,-0.1288125,,,,,,,normal
1630,10,scenario2_single_spike,moper,50,0.0,1,0.09,0.11199999999999999,0.5,0.5,-0.10099999999999999,,,,,,,normal
1631,10,scenario2_single_spike,moper,50,0.0,1,0.09,0.11199999999999999,0.5,0.5,-0.10099999999999999,,,,,,,normal
1632,10,scenario2_single_spike,moper,50,0.0,1,0.09,0.11199999999999999,0.5,0.5,-0.10099999999999999,,,,,,,normal
1633,10,scenario2_single_spike,moper,50,1.0,0,0.060625,0.197,0.5,0.5,-0.1288125,,,,,,,normal
1634,10,scenario2_single_spike,moper,50,0.0,1,0.09,0.11199999999999999,0.5,0.5,-0.10099999999999999,,,,,,,normal
1635,10,scenario2_single_spike,moper,50,1.0,0,0.060625,0.197,0.5,0.5,-0.1288125,,,,,,,normal
1636,10,scenario2_single_spike,moper,50,1.9000000000000004,0,0.0611875,0.19790000000000002,0.5,0.5,-0.12954375,,,,,,,normal
1637,10,scenario2_single_spike,moper,50,2.710000000000001,0,0.061693750000000006,0.19871000000000003,0.5,0.5,-0.13020187500000002,,,,,,,normal
1638,10,scenario2_single_spike,moper,50,0.0,1,0.09,0.11199999999999999,0.5,0.5,-0.10099999999999999,,,,,,,normal
1639,10,scenario2_single_spike,moper,50,1.0,0,0.060625,0.197,0.5,0.5,-0.1288125,,,,,,,normal
1640,10,scenario2_single_spike,moper,50,0.0,1,0.09,0.11199999999999999,0.5,0.5,-0.10099999999999999,,,,,,,normal
1641,10,scenario2_single_spike,moper,50,0.0,1,0.09,0.11199999999999999,0.5,0.5,-0.10099999999999999,,,,,,,normal
1642,10,scenario2_single_spike,moper,50,1.0,0,0.060625,0.197,0.5,0.5,-0.1288125,,,,,,,normal
1643,10,scenario2_single_spike,moper,50,1.9000000000000004,0,0.0611875,0.19790000000000002,0.5,0.5,-0.12954375,,,,,,,normal
1644,10,scenario2_single_spike,moper,50,0.0,1,0.09,0.11199999999999999,0.5,0.5,-0.10099999999999999,,,,,,,normal
1645,10,scenario2_single_spike,moper,50,0.0,1,0.09,0.11199999999999999,0.5,0.5,-0.10099999999999999,,,,,,,normal
1646,10,scenario2_single_spike,moper,50,0.0,1,0.09,0.11199999999999999,0.5,0.5,-0.10099999999999999,,,,,,,normal
1647,10,scenario2_single_spike,moper,50,0.0,1,0.09,0.11199999999999999,0.5,0.5,-0.10099999999999999,,,,,,,normal
1648,10,scenario2_single_spike,moper,50,1.0,0,0.060625,0.197,0.5,0.5,-0.1288125,,,,,,,normal
1649,10,scenario2_single_spike,moper,50,1.9000000000000004,0,0.0611875,0.19790000000000002,0.5,0.5,-0.12954375,,,,,,,normal
1650,10,scenario2_single_spike,moper,50,0.0,1,0.09,0.11199999999999999,0.5,0.5,-0.10099999999999999,,,,,,,normal
1651,10,scenario2_single_spike,moper,50,0.0,1,0.09,0.11199999999999999,0.5,0.5,-0.10099999999999999,,,,,,,normal
1652,10,scenario2_single_spike,moper,50,1.0,0,0.060625,0.197,0.5,0.5,-0.1288125,,,,,,,normal
1653,10,scenario2_single_spike,moper,50,0.0,1,0.09,0.11199999999999999,0.5,0.5,-0.10099999999999999,,,,,,,normal
1654,10,scenario2_single_spike,moper,50,0.0,1,0.09,0.11199999999999999,0.5,0.5,-0.10099999999999999,,,,,,,normal
1655,10,scenario2_single_spike,moper,50,1.0,0,0.060625,0.197,0.5,0.5,-0.1288125,,,,,,,normal
1656,10,scenario2_single_spike,moper,50,1.9000000000000004,0,0.0611875,0.19790000000000002,0.5,0.5,-0.12954375,,,,,,,normal
1657,10,scenario2_single_spike,moper,50,0.0,1,0.09,0.11199999999999999,0.5,0.5,-0.10099999999999999,,,,,,,normal
1658,10,scenario2_single_spike,moper,50,0.0,1,0.09,0.11199999999999999,0.5,0.5,-0.10099999999999999,,,,,,,normal
1659,10,scenario2_single_spike,moper,50,0.0,1,0.09,0.11199999999999999,0.5,0.5,-0.10099999999999999,,,,,,,normal
1660,10,scenario2_single_spike,moper,50,0.0,1,0.09,0.11199999999999999,0.5,0.5,-0.10099999999999999,,,,,,,normal
1661,10,scenario2_single_spike,moper,50,0.0,1,0.09,0.11199999999999999,0.5,0.5,-0.10099999999999999,,,,,,,normal
1662,10,scenario2_single_spike,moper,50,1.0,0,0.060625,0.197,0.5,0.5,-0.1288125,,,,,,,normal
1663,10,scenario2_single_spike,moper,50,0.0,1,0.09,0.11199999999999999,0.5,0.5,-0.10099999999999999,,,,,,,normal
1664,10,scenario2_single_spike,moper,50,0.0,1,0.09,0.11199999999999999,0.5,0.5,-0.10099999999999999,,,,,,,normal
1665,10,scenario2_single_spike,moper,50,0.0,1,0.09,0.11199999999999999,0.5,0.5,-0.10099999999999999,,,,,,,normal
1666,10,scenario2_single_spike,moper,50,0.0,1,0.09,0.11199999999999999,0.5,0.5,-0.10099999999999999,,,,,,,normal
1667,10,scenario2_single_spike,moper,50,1.0,0,0.060625,0.197,0.5,0.5,-0.1288125,,,,,,,normal
1668,10,scenario2_single_spike,moper,50,0.0,1,0.09,0.11199999999999999,0.5,0.5,-0.10099999999999999,,,,,,,normal
1669,10,scenario2_single_spike,moper,50,0.0,1,0.09,0.11199999999999999,0.5,0.5,-0.10099999999999999,,,,,,,normal
1670,10,scenario2_single_spike,moper,50,1.0,0,0.060625,0.197,0.5,0.5,-0.1288125,,,,,,,normal
1671,10,scenario2_single_spike,moper,50,1.9000000000000004,0,0.0611875,0.19790000000000002,0.5,0.5,-0.12954375,,,,,,,normal
1672,10,scenario2_single_spike,moper,50,2.710000000000001,0,0.061693750000000006,0.19871000000000003,0.5,0.5,-0.13020187500000002,,,,,,,normal
1673,10,scenario2_single_spike,moper,50,3.439,0,0.062149375,0.199439,0.5,0.5,-0.1307941875,,,,,,,normal
1674,10,scenario2_single_spike,moper,50,0.0,1,0.09,0.11199999999999999,0.5,0.5,-0.10099999999999999,,,,,,,normal
1675,10,scenario2_single_spike,moper,50,0.0,1,0.09,0.11199999999999999,0.5,0.5,-0.10099999999999999,,,,,,,normal
1676,10,scenario2_single_spike,moper,50,0.0,1,0.09,0.11199999999999999,0.5,0.5,-0.10099999999999999,,,,,,,normal
1677,10,scenario2_single_spike,moper,50,0.0,1,0.09,0.11199999999999999,0.5,0.5,-0.10099999999999999,,,,,,,normal
1678,10,scenario2_single_spike,moper,50,0.0,1,0.09,0.11199999999999999,0.5,0.5,-0.10099999999999999,,,,,,,normal
1679,10,scenario2_single_spike,moper,50,1.0,0,0.060625,0.197,0.5,0.5,-0.1288125,,,,,,,normal
1680,10,scenario2_single_spike,moper,50,1.9000000000000004,0,0.0611875,0.19790000000000002,0.5,0.5,-0.12954375,,,,,,,normal
1681,10,scenario2_single_spike,moper,50,2.710000000000001,0,0.061693750000000006,0.19871000000000003,0.5,0.5,-0.13020187500000002,,,,,,,normal
1682,10,scenario2_single_spike,moper,50,0.0,1,0.09,0.11199999999999999,0.5,0.5,-0.10099999999999999,,,,,,,normal
1683,10,scenario2_single_spike,moper,50,1.0,0,0.060625,0.197,0.5,0.5,-0.1288125,,,,,,,normal
1684,10,scenario2_single_spike,moper,50,1.9000000000000004,0,0.0611875,0.19790000000000002,0.5,0.5,-0.12954375,,,,,,,normal
1685,10,scenario2_single_spike,moper,50,2.710000000000001,0,0.061693750000000006,0.19871000000000003,0.5,0.5,-0.13020187500000002,,,,,,,normal
1686,10,scenario2_single_spike,moper,50,3.439,0,0.062149375,0.199439,0.5,0.5,-0.1307941875,,,,,,,normal
1687,10,scenario2_single_spike,moper,50,0.0,1,0.09,0.11199999999999999,0.5,0.5,-0.10099999999999999,,,,,,,normal
1688,10,scenario2_single_spike,moper,50,0.0,1,0.09,0.11199999999999999,0.5,0.5,-0.10099999999999999,,,,,,,normal
1689,10,scenario2_single_spike,moper,50,0.0,1,0.09,0.11199999999999999,0.5,0.5,-0.10099999999999999,,,,,,,normal
1690,10,scenario2_single_spike,moper,50,0.0,1,0.09,0.11199999999999999,0.5,0.5,-0.10099999999999999,,,,,,,normal
1691,10,scenario2_single_spike,moper,50,0.0,1,0.09,0.11199999999999999,0.5,0.5,-0.10099999999999999,,,,,,,normal
1692,10,scenario2_single_spike,moper,50,1.0,0,0.060625,0.197,0.5,0.5,-0.1288125,,,,,,,normal
1693,10,scenario2_single_spike,moper,50,0.0,1,0.09,0.11199999999999999,0.5,0.5,-0.10099999999999999,,,,,,,normal
1694,10,scenario2_single_spike,moper,50,1.0,0,0.060625,0.197,0.5,0.5,-0.1288125,,,,,,,normal
1695,10,scenario2_single_spike,moper,50,0.0,1,0.09,0.11199999999999999,0.5,0.5,-0.10099999999999999,,,,,,,normal
1696,10,scenario2_single_spike,moper,50,1.0,0,0.060625,0.197,0.5,0.5,-0.1288125,,,,,,,normal
1697,10,scenario2_single_spike,moper,50,0.0,1,0.09,0.11199999999999999,0.5,0.5,-0.10099999999999999,,,,,,,normal
1698,10,scenario2_single_spike,moper,50,0.0,1,0.09,0.11199999999999999,0.5,0.5,-0.10099999999999999,,,,,,,normal
1699,10,scenario2_single_spike,moper,50,0.0,1,0.09,0.11199999999999999,0.5,0.5,-0.10099999999999999,,,,,,,normal
1700,10,scenario2_single_spike,moper,50,0.0,1,0.09,0.11199999999999999,0.5,0.5,-0.10099999999999999,,,,,,,normal
1701,10,scenario2_single_spike,moper,50,0.0,1,0.09,0.11199999999999999,0.5,0.5,-0.10099999999999999,,,,,,,normal
1702,10,scenario2_single_spike,moper,50,1.0,0,0.060625,0.197,0.5,0.5,-0.1288125,,,,,,,normal
1703,10,scenario2_single_spike,moper,50,1.9000000000000004,0,0.0611875,0.19790000000000002,0.5,0.5,-0.12954375,,,,,,,normal
1704,10,scenario2_single_spike,moper,50,0.0,1,0.09,0.11199999999999999,0.5,0.5,-0.10099999999999999,,,,,,,normal
1705,10,scenario2_single_spike,moper,50,1.0,0,0.060625,0.197,0.5,0.5,-0.1288125,,,,,,,normal
1706,10,scenario2_single_spike,moper,50,1.9000000000000004,0,0.0611875,0.19790000000000002,0.5,0.5,-0.12954375,,,,,,,normal
1707,10,scenario2_single_spike,moper,50,2.710000000000001,0,0.061693750000000006,0.19871000000000003,0.5,0.5,-0.13020187500000002,,,,,,,normal
1708,10,scenario2_single_spike,moper,50,0.0,1,0.09,0.11199999999999999,0.5,0.5,-0.10099999999999999,,,,,,,normal
1709,10,scenario2_single_spike,moper,50,0.0,1,0.09,0.11199999999999999,0.5,0.5,-0.10099999999999999,,,,,,,normal
1710,10,scenario2_single_spike,moper,50,0.0,1,0.09,0.11199999999999999,0.5,0.5,-0.10099999999999999,,,,,,,normal
1711,10,scenario2_single_spike,moper,50,1.0,0,0.060625,0.197,0.5,0.5,-0.1288125,,,,,,,normal
1712,10,scenario2_single_spike,moper,50,0.0,1,0.09,0.11199999999999999,0.5,0.5,-0.10099999999999999,,,,,,,normal
1713,10,scenario2_single_spike,moper,50,0.0,1,0.09,0.11199999999999999,0.5,0.5,-0.10099999999999999,,,,,,,normal
1714,10,scenario2_single_spike,moper,50,0.0,1,0.09,0.11199999999999999,0.5,0.5,-0.10099999999999999,,,,,,,normal
1715,10,scenario2_single_spike,moper,50,0.0,1,0.09,0.11199999999999999,0.5,0.5,-0.10099999999999999,,,,,,,normal
1716,10,scenario2_single_spike,moper,50,0.0,1,0.09,0.11199999999999999,0.5,0.5,-0.10099999999999999,,,,,,,normal
1717,10,scenario2_single_spike,moper,50,0.0,1,0.09,0.11199999999999999,0.5,0.5,-0.10099999999999999,,,,,,,normal
1718,10,scenario2_single_spike,moper,50,1.0,0,0.060625,0.197,0.5,0.5,-0.1288125,,,,,,,normal
1719,10,scenario2_single_spike,moper,50,0.0,1,0.09,0.11199999999999999,0.5,0.5,-0.10099999999999999,,,,,,,normal
1720,10,scenario2_single_spike,moper,50,1.0,0,0.060625,0.197,0.5,0.5,-0.1288125,,,,,,,normal
1721,10,scenario2_single_spike,moper,50,1.9000000000000004,0,0.0611875,0.19790000000000002,0.5,0.5,-0.12954375,,,,,,,normal
1722,10,scenario2_single_spike,moper,50,2.710000000000001,0,0.061693750000000006,0.19871000000000003,0.5,0.5,-0.13020187500000002,,,,,,,normal
1723,10,scenario2_single_spike,moper,50,3.439,0,0.062149375,0.199439,0.5,0.5,-0.1307941875,,,,,,,normal
1724,10,scenario2_single_spike,moper,50,4.0951,0,0.06255943750000001,0.20009510000000003,0.5,0.5,-0.13132726875,,,,,,,normal
1725,10,scenario2_single_spike,moper,50,4.685590000000001,0,0.06292849375000001,0.20068559000000002,0.5,0.5,-0.13180704187500003,,,,,,,normal
1726,10,scenario2_single_spike,moper,50,0.0,1,0.09,0.11199999999999999,0.5,0.5,-0.10099999999999999,,,,,,,normal
1727,10,scenario2_single_spike,moper,50,1.0,0,0.060625,0.197,0.5,0.5,-0.1288125,,,,,,,normal
1728,10,scenario2_single_spike,moper,50,1.9000000000000004,0,0.0611875,0.19790000000000002,0.5,0.5,-0.12954375,,,,,,,normal
1729,10,scenario2_single_spike,moper,50,0.0,1,0.09,0.11199999999999999,0.5,0.5,-0.10099999999999999,,,,,,,normal
1730,10,scenario2_single_spike,moper,50,0.0,1,0.09,0.11199999999999999,0.5,0.5,-0.10099999999999999,,,,,,,normal
1731,10,scenario2_single_spike,moper,50,0.0,1,0.09,0.11199999999999999,0.5,0.5,-0.10099999999999999,,,,,,,normal
1732,10,scenario2_single_spike,moper,50,1.0,0,0.060625,0.197,0.5,0.5,-0.1288125,,,,,,,normal
1733,10,scenario2_single_spike,moper,50,1.9000000000000004,0,0.0611875,0.19790000000000002,0.5,0.5,-0.12954375,,,,,,,normal
1734,10,scenario2_single_spike,moper,50,2.710000000000001,0,0.061693750000000006,0.19871000000000003,0.5,0.5,-0.13020187500000002,,,,,,,normal
1735,10,scenario2_single_spike,moper,50,3.439,0,0.062149375,0.199439,0.5,0.5,-0.1307941875,,,,,,,normal
1736,10,scenario2_single_spike,moper,50,4.0951,0,0.06255943750000001,0.20009510000000003,0.5,0.5,-0.13132726875,,,,,,,normal
1737,10,scenario2_single_spike,moper,50,4.685590000000001,0,0.06292849375000001,0.20068559000000002,0.5,0.5,-0.13180704187500003,,,,,,,normal
1738,10,scenario2_single_spike,moper,50,5.217031000000002,0,0.063260644375,0.201217031,0.5,0.5,-0.1322388376875,,,,,,,normal
1739,10,scenario2_single_spike,moper,50,0.0,1,0.09,0.11199999999999999,0.5,0.5,-0.10099999999999999,,,,,,,normal
1740,10,scenario2_single_spike,moper,50,0.0,1,0.09,0.11199999999999999,0.5,0.5,-0.10099999999999999,,,,,,,normal
1741,10,scenario2_single_spike,moper,50,1.0,0,0.060625,0.197,0.5,0.5,-0.1288125,,,,,,,normal
1742,10,scenario2_single_spike,moper,50,1.9000000000000004,0,0.0611875,0.19790000000000002,0.5,0.5,-0.12954375,,,,,,,normal
1743,10,scenario2_single_spike,moper,50,0.0,1,0.09,0.11199999999999999,0.5,0.5,-0.10099999999999999,,,,,,,normal
1744,10,scenario2_single_spike,moper,50,1.0,0,0.060625,0.197,0.5,0.5,-0.1288125,,,,,,,normal
1745,10,scenario2_single_spike,moper,50,1.9000000000000004,0,0.0611875,0.19790000000000002,0.5,0.5,-0.12954375,,,,,,,normal
1746,10,scenario2_single_spike,moper,50,0.0,1,0.09,0.11199999999999999,0.5,0.5,-0.10099999999999999,,,,,,,normal
1747,10,scenario2_single_spike,moper,50,1.0,0,0.060625,0.197,0.5,0.5,-0.1288125,,,,,,,normal
1748,10,scenario2_single_spike,moper,50,1.9000000000000004,0,0.0611875,0.19790000000000002,0.5,0.5,-0.12954375,,,,,,,normal
1749,10,scenario2_single_spike,moper,50,0.0,1,0.09,0.11199999999999999,0.5,0.5,-0.10099999999999999,,,,,,,normal
1750,10,scenario2_single_spike,moper,50,0.0,1,0.09,0.11199999999999999,0.5,0.5,-0.10099999999999999,,,,,,,normal
1751,10,scenario2_single_spike,moper,50,1.0,0,0.060625,0.197,0.5,0.5,-0.1288125,,,,,,,normal
1752,10,scenario2_single_spike,moper,50,1.9000000000000004,0,0.0611875,0.19790000000000002,0.5,0.5,-0.12954375,,,,,,,normal
1753,10,scenario2_single_spike,moper,50,2.710000000000001,0,0.061693750000000006,0.19871000000000003,0.5,0.5,-0.13020187500000002,,,,,,,normal
1754,10,scenario2_single_spike,moper,50,0.0,1,0.09,0.11199999999999999,0.5,0.5,-0.10099999999999999,,,,,,,normal
1755,10,scenario2_single_spike,moper,50,0.0,1,0.09,0.11199999999999999,0.5,0.5,-0.10099999999999999,,,,,,,normal
1756,10,scenario2_single_spike,moper,50,1.0,0,0.060625,0.197,0.5,0.5,-0.1288125,,,,,,,normal
1757,10,scenario2_single_spike,moper,50,1.9000000000000004,0,0.0611875,0.19790000000000002,0.5,0.5,-0.12954375,,,,,,,normal
1758,10,scenario2_single_spike,moper,50,0.0,1,0.09,0.11199999999999999,0.5,0.5,-0.10099999999999999,,,,,,,normal
1759,10,scenario2_single_spike,moper,50,0.0,1,0.09,0.11199999999999999,0.5,0.5,-0.10099999999999999,,,,,,,normal
1760,10,scenario2_single_spike,moper,50,0.0,1,0.09,0.11199999999999999,0.5,0.5,-0.10099999999999999,,,,,,,normal
1761,10,scenario2_single_spike,moper,50,1.0,0,0.060625,0.197,0.5,0.5,-0.1288125,,,,,,,normal
1762,10,scenario2_single_spike,moper,50,0.0,1,0.09,0.11199999999999999,0.5,0.5,-0.10099999999999999,,,,,,,normal
1763,10,scenario2_single_spike,moper,50,0.0,1,0.09,0.11199999999999999,0.5,0.5,-0.10099999999999999,,,,,,,normal
1764,10,scenario2_single_spike,moper,50,0.0,1,0.09,0.11199999999999999,0.5,0.5,-0.10099999999999999,,,,,,,normal
1765,10,scenario2_single_spike,moper,50,1.0,0,0.060625,0.197,0.5,0.5,-0.1288125,,,,,,,normal
1766,10,scenario2_single_spike,moper,50,1.9000000000000004,0,0.0611875,0.19790000000000002,0.5,0.5,-0.12954375,,,,,,,normal
1767,10,scenario2_single_spike,moper,50,0.0,1,0.09,0.11199999999999999,0.5,0.5,-0.10099999999999999,,,,,,,normal
1768,10,scenario2_single_spike,moper,50,1.0,0,0.060625,0.197,0.5,0.5,-0.1288125,,,,,,,normal
1769,10,scenario2_single_spike,moper,50,1.9000000000000004,0,0.0611875,0.19790000000000002,0.5,0.5,-0.12954375,,,,,,,normal
1770,10,scenario2_single_spike,moper,50,2.710000000000001,0,0.061693750000000006,0.19871000000000003,0.5,0.5,-0.13020187500000002,,,,,,,normal
1771,10,scenario2_single_spike,moper,50,3.439,0,0.062149375,0.199439,0.5,0.5,-0.1307941875,,,,,,,normal
1772,10,scenario2_single_spike,moper,50,0.0,1,0.09,0.11199999999999999,0.5,0.5,-0.10099999999999999,,,,,,,normal
1773,10,scenario2_single_spike,moper,50,0.0,1,0.09,0.11199999999999999,0.5,0.5,-0.10099999999999999,,,,,,,normal
1774,10,scenario2_single_spike,moper,50,0.0,1,0.09,0.11199999999999999,0.5,0.5,-0.10099999999999999,,,,,,,normal
1775,10,scenario2_single_spike,moper,50,1.0,0,0.060625,0.197,0.5,0.5,-0.1288125,,,,,,,normal
1776,10,scenario2_single_spike,moper,50,1.9000000000000004,0,0.0611875,0.19790000000000002,0.5,0.5,-0.12954375,,,,,,,normal
1777,10,scenario2_single_spike,moper,50,0.0,1,0.09,0.11199999999999999,0.5,0.5,-0.10099999999999999,,,,,,,normal
1778,10,scenario2_single_spike,moper,50,1.0,0,0.060625,0.197,0.5,0.5,-0.1288125,,,,,,,normal
1779,10,scenario2_single_spike,moper,50,1.9000000000000004,0,0.0611875,0.19790000000000002,0.5,0.5,-0.12954375,,,,,,,normal
1780,10,scenario2_single_spike,moper,50,0.0,1,0.09,0.11199999999999999,0.5,0.5,-0.10099999999999999,,,,,,,normal
1781,10,scenario2_single_spike,moper,50,0.0,1,0.09,0.11199999999999999,0.5,0.5,-0.10099999999999999,,,,,,,normal
1782,10,scenario2_single_spike,moper,50,1.0,0,0.060625,0.197,0.5,0.5,-0.1288125,,,,,,,normal
1783,10,scenario2_single_spike,moper,50,0.0,1,0.09,0.11199999999999999,0.5,0.5,-0.10099999999999999,,,,,,,normal
1784,10,scenario2_single_spike,moper,50,1.0,0,0.060625,0.197,0.5,0.5,-0.1288125,,,,,,,normal
1785,10,scenario2_single_spike,moper,50,0.0,1,0.09,0.11199999999999999,0.5,0.5,-0.10099999999999999,,,,,,,normal
1786,10,scenario2_single_spike,moper,50,0.0,1,0.09,0.11199999999999999,0.5,0.5,-0.10099999999999999,,,,,,,normal
1787,10,scenario2_single_spike,moper,50,1.0,0,0.060625,0.197,0.5,0.5,-0.1288125,,,,,,,normal
1788,10,scenario2_single_spike,moper,50,1.9000000000000004,0,0.0611875,0.19790000000000002,0.5,0.5,-0.12954375,,,,,,,normal
1789,10,scenario2_single_spike,moper,50,0.0,1,0.09,0.11199999999999999,0.5,0.5,-0.10099999999999999,,,,,,,normal
1790,10,scenario2_single_spike,moper,50,1.0,0,0.060625,0.197,0.5,0.5,-0.1288125,,,,,,,normal
1791,10,scenario2_single_spike,moper,50,0.0,1,0.09,0.11199999999999999,0.5,0.5,-0.10099999999999999,,,,,,,normal
1792,10,scenario2_single_spike,moper,50,1.0,0,0.060625,0.197,0.5,0.5,-0.1288125,,,,,,,normal
1793,10,scenario2_single_spike,moper,50,0.0,1,0.09,0.11199999999999999,0.5,0.5,-0.10099999999999999,,,,,,,normal
1794,10,scenario2_single_spike,moper,50,0.0,1,0.09,0.11199999999999999,0.5,0.5,-0.10099999999999999,,,,,,,normal
1795,10,scenario2_single_spike,moper,50,0.0,1,0.09,0.11199999999999999,0.5,0.5,-0.10099999999999999,,,,,,,normal
1796,10,scenario2_single_spike,moper,50,1.0,0,0.060625,0.197,0.5,0.5,-0.1288125,,,,,,,normal
1797,10,scenario2_single_spike,moper,50,0.0,1,0.09,0.11199999999999999,0.5,0.5,-0.10099999999999999,,,,,,,normal
1798,10,scenario2_single_spike,moper,50,0.0,1,0.09,0.11199999999999999,0.5,0.5,-0.10099999999999999,,,,,,,normal
1799,10,scenario2_single_spike,moper,50,1.0,0,0.060625,0.197,0.5,0.5,-0.1288125,,,,,,,normal
1800,10,scenario2_single_spike,moper,50,0.0,1,0.09,0.11199999999999999,0.5,0.5,-0.10099999999999999,,,,,,,normal
1801,10,scenario2_single_spike,moper,50,1.0,0,0.060625,0.197,0.5,0.5,-0.1288125,,,,,,,normal
1802,10,scenario2_single_spike,moper,50,1.9000000000000004,0,0.0611875,0.19790000000000002,0.5,0.5,-0.12954375,,,,,,,normal
1803,10,scenario2_single_spike,moper,50,2.710000000000001,0,0.061693750000000006,0.19871000000000003,0.5,0.5,-0.13020187500000002,,,,,,,normal
1804,10,scenario2_single_spike,moper,50,0.0,1,0.09,0.11199999999999999,0.5,0.5,-0.10099999999999999,,,,,,,normal
1805,10,scenario2_single_spike,moper,50,1.0,0,0.060625,0.197,0.5,0.5,-0.1288125,,,,,,,normal
1806,10,scenario2_single_spike,moper,50,0.0,1,0.09,0.11199999999999999,0.5,0.5,-0.10099999999999999,,,,,,,normal
1807,10,scenario2_single_spike,moper,50,1.0,0,0.060625,0.197,0.5,0.5,-0.1288125,,,,,,,normal
1808,10,scenario2_single_spike,moper,50,0.0,1,0.09,0.11199999999999999,0.5,0.5,-0.10099999999999999,,,,,,,normal
1809,10,scenario2_single_spike,moper,50,1.0,0,0.060625,0.197,0.5,0.5,-0.1288125,,,,,,,normal
1810,10,scenario2_single_spike,moper,50,1.9000000000000004,0,0.0611875,0.19790000000000002,0.5,0.5,-0.12954375,,,,,,,normal
1811,10,scenario2_single_spike,moper,50,0.0,1,0.09,0.11199999999999999,0.5,0.5,-0.10099999999999999,,,,,,,normal
1812,10,scenario2_single_spike,moper,50,1.0,0,0.060625,0.197,0.5,0.5,-0.1288125,,,,,,,normal
1813,10,scenario2_single_spike,moper,50,0.0,1,0.09,0.11199999999999999,0.5,0.5,-0.10099999999999999,,,,,,,normal
1814,10,scenario2_single_spike,moper,50,1.0,0,0.060625,0.197,0.5,0.5,-0.1288125,,,,,,,normal
1815,10,scenario2_single_spike,moper,50,1.9000000000000004,0,0.0611875,0.19790000000000002,0.5,0.5,-0.12954375,,,,,,,normal
1816,10,scenario2_single_spike,moper,50,2.710000000000001,0,0.061693750000000006,0.19871000000000003,0.5,0.5,-0.13020187500000002,,,,,,,normal
1817,10,scenario2_single_spike,moper,50,0.0,1,0.09,0.11199999999999999,0.5,0.5,-0.10099999999999999,,,,,,,normal
1818,10,scenario2_single_spike,moper,50,0.0,1,0.09,0.11199999999999999,0.5,0.5,-0.10099999999999999,,,,,,,normal
1819,10,scenario2_single_spike,moper,50,1.0,0,0.060625,0.197,0.5,0.5,-0.1288125,,,,,,,normal
1820,10,scenario2_single_spike,moper,50,1.9000000000000004,0,0.0611875,0.19790000000000002,0.5,0.5,-0.12954375,,,,,,,normal
1821,10,scenario2_single_spike,moper,50,0.0,1,0.09,0.11199999999999999,0.5,0.5,-0.10099999999999999,,,,,,,normal
1822,10,scenario2_single_spike,moper,50,1.0,0,0.060625,0.197,0.5,0.5,-0.1288125,,,,,,,normal
1823,10,scenario2_single_spike,moper,50,1.9000000000000004,0,0.0611875,0.19790000000000002,0.5,0.5,-0.12954375,,,,,,,normal
1824,10,scenario2_single_spike,moper,50,2.710000000000001,0,0.061693750000000006,0.19871000000000003,0.5,0.5,-0.13020187500000002,,,,,,,normal
1825,10,scenario2_single_spike,moper,50,0.0,1,0.09,0.11199999999999999,0.5,0.5,-0.10099999999999999,,,,,,,normal
1826,10,scenario2_single_spike,moper,50,1.0,0,0.060625,0.197,0.5,0.5,-0.1288125,,,,,,,normal
1827,10,scenario2_single_spike,moper,50,1.9000000000000004,0,0.0611875,0.19790000000000002,0.5,0.5,-0.12954375,,,,,,,normal
1828,10,scenario2_single_spike,moper,50,0.0,1,0.09,0.11199999999999999,0.5,0.5,-0.10099999999999999,,,,,,,normal
1829,10,scenario2_single_spike,moper,50,1.0,0,0.060625,0.197,0.5,0.5,-0.1288125,,,,,,,normal
1830,10,scenario2_single_spike,moper,50,1.9000000000000004,0,0.0611875,0.19790000000000002,0.5,0.5,-0.12954375,,,,,,,normal
1831,10,scenario2_single_spike,moper,50,0.0,1,0.09,0.11199999999999999,0.5,0.5,-0.10099999999999999,,,,,,,normal
1832,10,scenario2_single_spike,moper,50,0.0,1,0.09,0.11199999999999999,0.5,0.5,-0.10099999999999999,,,,,,,normal
1833,10,scenario2_single_spike,moper,50,1.0,0,0.060625,0.197,0.5,0.5,-0.1288125,,,,,,,normal
1834,10,scenario2_single_spike,moper,50,1.9000000000000004,0,0.0611875,0.19790000000000002,0.5,0.5,-0.12954375,,,,,,,normal
1835,10,scenario2_single_spike,moper,50,2.710000000000001,0,0.061693750000000006,0.19871000000000003,0.5,0.5,-0.13020187500000002,,,,,,,normal
1836,10,scenario2_single_spike,moper,50,3.439,0,0.062149375,0.199439,0.5,0.5,-0.1307941875,,,,,,,normal
1837,10,scenario2_single_spike,moper,50,4.0951,0,0.06255943750000001,0.20009510000000003,0.5,0.5,-0.13132726875,,,,,,,normal
1838,10,scenario2_single_spike,moper,50,4.685590000000001,0,0.06292849375000001,0.20068559000000002,0.5,0.5,-0.13180704187500003,,,,,,,normal
1839,10,scenario2_single_spike,moper,50,0.0,1,0.09,0.11199999999999999,0.5,0.5,-0.10099999999999999,,,,,,,normal
1840,10,scenario2_single_spike,moper,50,1.0,0,0.060625,0.197,0.5,0.5,-0.1288125,,,,,,,normal
1841,10,scenario2_single_spike,moper,50,0.0,1,0.09,0.11199999999999999,0.5,0.5,-0.10099999999999999,,,,,,,normal
1842,10,scenario2_single_spike,moper,50,0.0,1,0.09,0.11199999999999999,0.5,0.5,-0.10099999999999999,,,,,,,normal
1843,10,scenario2_single_spike,moper,50,0.0,1,0.09,0.11199999999999999,0.5,0.5,-0.10099999999999999,,,,,,,normal
1844,10,scenario2_single_spike,moper,50,0.0,1,0.09,0.11199999999999999,0.5,0.5,-0.10099999999999999,,,,,,,normal
1845,10,scenario2_single_spike,moper,50,1.0,0,0.060625,0.197,0.5,0.5,-0.1288125,,,,,,,normal
1846,10,scenario2_single_spike,moper,50,0.0,1,0.09,0.11199999999999999,0.5,0.5,-0.10099999999999999,,,,,,,normal
1847,10,scenario2_single_spike,moper,50,0.0,1,0.09,0.11199999999999999,0.5,0.5,-0.10099999999999999,,,,,,,normal
1848,10,scenario2_single_spike,moper,50,0.0,1,0.09,0.11199999999999999,0.5,0.5,-0.10099999999999999,,,,,,,normal
1849,10,scenario2_single_spike,moper,50,1.0,0,0.060625,0.197,0.5,0.5,-0.1288125,,,,,,,normal
1850,10,scenario2_single_spike,moper,50,1.9000000000000004,0,0.0611875,0.19790000000000002,0.5,0.5,-0.12954375,,,,,,,normal
1851,10,scenario2_single_spike,moper,50,2.710000000000001,0,0.061693750000000006,0.19871000000000003,0.5,0.5,-0.13020187500000002,,,,,,,normal
1852,10,scenario2_single_spike,moper,50,3.439,0,0.062149375,0.199439,0.5,0.5,-0.1307941875,,,,,,,normal
1853,10,scenario2_single_spike,moper,50,4.0951,0,0.06255943750000001,0.20009510000000003,0.5,0.5,-0.13132726875,,,,,,,normal
1854,10,scenario2_single_spike,moper,50,4.685590000000001,0,0.06292849375000001,0.20068559000000002,0.5,0.5,-0.13180704187500003,,,,,,,normal
1855,10,scenario2_single_spike,moper,50,0.0,1,0.09,0.11199999999999999,0.5,0.5,-0.10099999999999999,,,,,,,normal
1856,10,scenario2_single_spike,moper,50,0.0,1,0.09,0.11199999999999999,0.5,0.5,-0.10099999999999999,,,,,,,normal
1857,10,scenario2_single_spike,moper,50,0.0,1,0.09,0.11199999999999999,0.5,0.5,-0.10099999999999999,,,,,,,normal
1858,10,scenario2_single_spike,moper,50,0.0,1,0.09,0.11199999999999999,0.5,0.5,-0.10099999999999999,,,,,,,normal
1859,10,scenario2_single_spike,moper,50,1.0,0,0.060625,0.197,0.5,0.5,-0.1288125,,,,,,,normal
1860,10,scenario2_single_spike,moper,50,1.9000000000000004,0,0.0611875,0.19790000000000002,0.5,0.5,-0.12954375,,,,,,,normal
1861,10,scenario2_single_spike,moper,50,0.0,1,0.09,0.11199999999999999,0.5,0.5,-0.10099999999999999,,,,,,,normal
1862,10,scenario2_single_spike,moper,50,1.0,0,0.060625,0.197,0.5,0.5,-0.1288125,,,,,,,normal
1863,10,scenario2_single_spike,moper,50,0.0,1,0.09,0.11199999999999999,0.5,0.5,-0.10099999999999999,,,,,,,normal
1864,10,scenario2_single_spike,moper,50,1.0,0,0.060625,0.197,0.5,0.5,-0.1288125,,,,,,,normal
1865,10,scenario2_single_spike,moper,50,1.9000000000000004,0,0.0611875,0.19790000000000002,0.5,0.5,-0.12954375,,,,,,,normal
1866,10,scenario2_single_spike,moper,50,2.710000000000001,0,0.061693750000000006,0.19871000000000003,0.5,0.5,-0.13020187500000002,,,,,,,normal
1867,10,scenario2_single_spike,moper,50,0.0,1,0.09,0.11199999999999999,0.5,0.5,-0.10099999999999999,,,,,,,normal
1868,10,scenario2_single_spike,moper,50,1.0,0,0.060625,0.197,0.5,0.5,-0.1288125,,,,,,,normal
1869,10,scenario2_single_spike,moper,50,1.9000000000000004,0,0.0611875,0.19790000000000002,0.5,0.5,-0.12954375,,,,,,,normal
1870,10,scenario2_single_spike,moper,50,0.0,1,0.09,0.11199999999999999,0.5,0.5,-0.10099999999999999,,,,,,,normal
1871,10,scenario2_single_spike,moper,50,0.0,1,0.09,0.11199999999999999,0.5,0.5,-0.10099999999999999,,,,,,,normal
1872,10,scenario2_single_spike,moper,50,1.0,0,0.060625,0.197,0.5,0.5,-0.1288125,,,,,,,normal
1873,10,scenario2_single_spike,moper,50,1.9000000000000004,0,0.0611875,0.19790000000000002,0.5,0.5,-0.12954375,,,,,,,normal
1874,10,scenario2_single_spike,moper,50,2.710000000000001,0,0.061693750000000006,0.19871000000000003,0.5,0.5,-0.13020187500000002,,,,,,,normal
1875,10,scenario2_single_spike,moper,50,3.439,0,0.062149375,0.199439,0.5,0.5,-0.1307941875,,,,,,,normal
1876,10,scenario2_single_spike,moper,50,4.0951,0,0.06255943750000001,0.20009510000000003,0.5,0.5,-0.13132726875,,,,,,,normal
1877,10,scenario2_single_spike,moper,50,4.685590000000001,0,0.06292849375000001,0.20068559000000002,0.5,0.5,-0.13180704187500003,,,,,,,normal
1878,10,scenario2_single_spike,moper,50,0.0,1,0.09,0.11199999999999999,0.5,0.5,-0.10099999999999999,,,,,,,normal
1879,10,scenario2_single_spike,moper,50,0.0,1,0.09,0.11199999999999999,0.5,0.5,-0.10099999999999999,,,,,,,normal
1880,10,scenario2_single_spike,moper,50,0.0,1,0.09,0.11199999999999999,0.5,0.5,-0.10099999999999999,,,,,,,normal
1881,10,scenario2_single_spike,moper,50,1.0,0,0.060625,0.197,0.5,0.5,-0.1288125,,,,,,,normal
1882,10,scenario2_single_spike,moper,50,1.9000000000000004,0,0.0611875,0.19790000000000002,0.5,0.5,-0.12954375,,,,,,,normal
1883,10,scenario2_single_spike,moper,50,2.710000000000001,0,0.061693750000000006,0.19871000000000003,0.5,0.5,-0.13020187500000002,,,,,,,normal
1884,10,scenario2_single_spike,moper,50,3.439,0,0.062149375,0.199439,0.5,0.5,-0.1307941875,,,,,,,normal
1885,10,scenario2_single_spike,moper,50,4.0951,0,0.06255943750000001,0.20009510000000003,0.5,0.5,-0.13132726875,,,,,,,normal
1886,10,scenario2_single_spike,moper,50,4.685590000000001,0,0.06292849375000001,0.20068559000000002,0.5,0.5,-0.13180704187500003,,,,,,,normal
1887,10,scenario2_single_spike,moper,50,0.0,1,0.09,0.11199999999999999,0.5,0.5,-0.10099999999999999,,,,,,,normal
1888,10,scenario2_single_spike,moper,50,0.0,1,0.09,0.11199999999999999,0.5,0.5,-0.10099999999999999,,,,,,,normal
1889,10,scenario2_single_spike,moper,50,0.0,1,0.09,0.11199999999999999,0.5,0.5,-0.10099999999999999,,,,,,,normal
1890,10,scenario2_single_spike,moper,50,0.0,1,0.09,0.11199999999999999,0.5,0.5,-0.10099999999999999,,,,,,,normal
1891,10,scenario2_single_spike,moper,50,0.0,1,0.09,0.11199999999999999,0.5,0.5,-0.10099999999999999,,,,,,,normal
1892,10,scenario2_single_spike,moper,50,1.0,0,0.060625,0.197,0.5,0.5,-0.1288125,,,,,,,normal
1893,10,scenario2_single_spike,moper,50,1.9000000000000004,0,0.0611875,0.19790000000000002,0.5,0.5,-0.12954375,,,,,,,normal
1894,10,scenario2_single_spike,moper,50,2.710000000000001,0,0.061693750000000006,0.19871000000000003,0.5,0.5,-0.13020187500000002,,,,,,,normal
1895,10,scenario2_single_spike,moper,50,3.439,0,0.062149375,0.199439,0.5,0.5,-0.1307941875,,,,,,,normal
1896,10,scenario2_single_spike,moper,50,0.0,1,0.09,0.11199999999999999,0.5,0.5,-0.10099999999999999,,,,,,,normal
1897,10,scenario2_single_spike,moper,50,0.0,1,0.09,0.11199999999999999,0.5,0.5,-0.10099999999999999,,,,,,,normal
1898,10,scenario2_single_spike,moper,50,1.0,0,0.060625,0.197,0.5,0.5,-0.1288125,,,,,,,normal
1899,10,scenario2_single_spike,moper,50,0.0,1,0.09,0.11199999999999999,0.5,0.5,-0.10099999999999999,,,,,,,normal
1900,10,scenario2_single_spike,moper,50,0.0,1,0.09,0.11199999999999999,0.5,0.5,-0.10099999999999999,,,,,,,normal
1901,10,scenario2_single_spike,moper,50,0.0,1,0.09,0.11199999999999999,0.5,0.5,-0.10099999999999999,,,,,,,normal
1902,10,scenario2_single_spike,moper,50,0.0,1,0.09,0.11199999999999999,0.5,0.5,-0.10099999999999999,,,,,,,normal
1903,10,scenario2_single_spike,moper,50,1.0,0,0.060625,0.197,0.5,0.5,-0.1288125,,,,,,,normal
1904,10,scenario2_single_spike,moper,50,1.9000000000000004,0,0.0611875,0.19790000000000002,0.5,0.5,-0.12954375,,,,,,,normal
1905,10,scenario2_single_spike,moper,50,2.710000000000001,0,0.061693750000000006,0.19871000000000003,0.5,0.5,-0.13020187500000002,,,,,,,normal
1906,10,scenario2_single_spike,moper,50,3.439,0,0.062149375,0.199439,0.5,0.5,-0.1307941875,,,,,,,normal
1907,10,scenario2_single_spike,moper,50,4.0951,0,0.06255943750000001,0.20009510000000003,0.5,0.5,-0.13132726875,,,,,,,normal
1908,10,scenario2_single_spike,moper,50,0.0,1,0.09,0.11199999999999999,0.5,0.5,-0.10099999999999999,,,,,,,normal
1909,10,scenario2_single_spike,moper,50,0.0,1,0.09,0.11199999999999999,0.5,0.5,-0.10099999999999999,,,,,,,normal
1910,10,scenario2_single_spike,moper,50,0.0,1,0.09,0.11199999999999999,0.5,0.5,-0.10099999999999999,,,,,,,normal
1911,10,scenario2_single_spike,moper,50,1.0,0,0.060625,0.197,0.5,0.5,-0.1288125,,,,,,,normal
1912,10,scenario2_single_spike,moper,50,1.9000000000000004,0,0.0611875,0.19790000000000002,0.5,0.5,-0.12954375,,,,,,,normal
1913,10,scenario2_single_spike,moper,50,0.0,1,0.09,0.11199999999999999,0.5,0.5,-0.10099999999999999,,,,,,,normal
1914,10,scenario2_single_spike,moper,50,0.0,1,0.09,0.11199999999999999,0.5,0.5,-0.10099999999999999,,,,,,,normal
1915,10,scenario2_single_spike,moper,50,0.0,1,0.09,0.11199999999999999,0.5,0.5,-0.10099999999999999,,,,,,,normal
1916,10,scenario2_single_spike,moper,50,0.0,1,0.09,0.11199999999999999,0.5,0.5,-0.10099999999999999,,,,,,,normal
1917,10,scenario2_single_spike,moper,50,1.0,0,0.060625,0.197,0.5,0.5,-0.1288125,,,,,,,normal
1918,10,scenario2_single_spike,moper,50,1.9000000000000004,0,0.0611875,0.19790000000000002,0.5,0.5,-0.12954375,,,,,,,normal
1919,10,scenario2_single_spike,moper,50,2.710000000000001,0,0.061693750000000006,0.19871000000000003,0.5,0.5,-0.13020187500000002,,,,,,,normal
1920,10,scenario2_single_spike,moper,50,0.0,1,0.09,0.11199999999999999,0.5,0.5,-0.10099999999999999,,,,,,,normal
1921,10,scenario2_single_spike,moper,50,0.0,1,0.09,0.11199999999999999,0.5,0.5,-0.10099999999999999,,,,,,,normal
1922,10,scenario2_single_spike,moper,50,0.0,1,0.09,0.11199999999999999,0.5,0.5,-0.10099999999999999,,,,,,,normal
1923,10,scenario2_single_spike,moper,50,1.0,0,0.060625,0.197,0.5,0.5,-0.1288125,,,,,,,normal
1924,10,scenario2_single_spike,moper,50,0.0,1,0.09,0.11199999999999999,0.5,0.5,-0.10099999999999999,,,,,,,normal
1925,10,scenario2_single_spike,moper,50,0.0,1,0.09,0.11199999999999999,0.5,0.5,-0.10099999999999999,,,,,,,normal
1926,10,scenario2_single_spike,moper,50,1.0,0,0.060625,0.197,0.5,0.5,-0.1288125,,,,,,,normal
1927,10,scenario2_single_spike,moper,50,1.9000000000000004,0,0.0611875,0.19790000000000002,0.5,0.5,-0.12954375,,,,,,,normal
1928,10,scenario2_single_spike,moper,50,0.0,1,0.09,0.11199999999999999,0.5,0.5,-0.10099999999999999,,,,,,,normal
1929,10,scenario2_single_spike,moper,50,0.0,1,0.09,0.11199999999999999,0.5,0.5,-0.10099999999999999,,,,,,,normal
1930,10,scenario2_single_spike,moper,50,1.0,0,0.060625,0.197,0.5,0.5,-0.1288125,,,,,,,normal
1931,10,scenario2_single_spike,moper,50,1.9000000000000004,0,0.0611875,0.19790000000000002,0.5,0.5,-0.12954375,,,,,,,normal
1932,10,scenario2_single_spike,moper,50,2.710000000000001,0,0.061693750000000006,0.19871000000000003,0.5,0.5,-0.13020187500000002,,,,,,,normal
1933,10,scenario2_single_spike,moper,50,3.439,0,0.062149375,0.199439,0.5,0.5,-0.1307941875,,,,,,,normal
1934,10,scenario2_single_spike,moper,50,0.0,1,0.09,0.11199999999999999,0.5,0.5,-0.10099999999999999,,,,,,,normal
1935,10,scenario2_single_spike,moper,50,1.0,0,0.060625,0.197,0.5,0.5,-0.1288125,,,,,,,normal
1936,10,scenario2_single_spike,moper,50,0.0,1,0.09,0.11199999999999999,0.5,0.5,-0.10099999999999999,,,,,,,normal
1937,10,scenario2_single_spike,moper,50,1.0,0,0.060625,0.197,0.5,0.5,-0.1288125,,,,,,,normal
1938,10,scenario2_single_spike,moper,50,0.0,1,0.09,0.11199999999999999,0.5,0.5,-0.10099999999999999,,,,,,,normal
1939,10,scenario2_single_spike,moper,50,1.0,0,0.060625,0.197,0.5,0.5,-0.1288125,,,,,,,normal
1940,10,scenario2_single_spike,moper,50,0.0,1,0.09,0.11199999999999999,0.5,0.5,-0.10099999999999999,,,,,,,normal
1941,10,scenario2_single_spike,moper,50,0.0,1,0.09,0.11199999999999999,0.5,0.5,-0.10099999999999999,,,,,,,normal
1942,10,scenario2_single_spike,moper,50,0.0,1,0.09,0.11199999999999999,0.5,0.5,-0.10099999999999999,,,,,,,normal
1943,10,scenario2_single_spike,moper,50,1.0,0,0.060625,0.197,0.5,0.5,-0.1288125,,,,,,,normal
1944,10,scenario2_single_spike,moper,50,1.9000000000000004,0,0.0611875,0.19790000000000002,0.5,0.5,-0.12954375,,,,,,,normal
1945,10,scenario2_single_spike,moper,50,0.0,1,0.09,0.11199999999999999,0.5,0.5,-0.10099999999999999,,,,,,,normal
1946,10,scenario2_single_spike,moper,50,0.0,1,0.09,0.11199999999999999,0.5,0.5,-0.10099999999999999,,,,,,,normal
1947,10,scenario2_single_spike,moper,50,0.0,1,0.09,0.11199999999999999,0.5,0.5,-0.10099999999999999,,,,,,,normal
1948,10,scenario2_single_spike,moper,50,1.0,0,0.060625,0.197,0.5,0.5,-0.1288125,,,,,,,normal
1949,10,scenario2_single_spike,moper,50,0.0,1,0.09,0.11199999999999999,0.5,0.5,-0.10099999999999999,,,,,,,normal
1950,10,scenario2_single_spike,moper,50,0.0,1,0.09,0.11199999999999999,0.5,0.5,-0.10099999999999999,,,,,,,normal
1951,10,scenario2_single_spike,moper,50,0.0,1,0.09,0.11199999999999999,0.5,0.5,-0.10099999999999999,,,,,,,normal
1952,10,scenario2_single_spike,moper,50,0.0,1,0.09,0.11199999999999999,0.5,0.5,-0.10099999999999999,,,,,,,normal
1953,10,scenario2_single_spike,moper,50,0.0,1,0.09,0.11199999999999999,0.5,0.5,-0.10099999999999999,,,,,,,normal
1954,10,scenario2_single_spike,moper,50,1.0,0,0.060625,0.197,0.5,0.5,-0.1288125,,,,,,,normal
1955,10,scenario2_single_spike,moper,50,0.0,1,0.09,0.11199999999999999,0.5,0.5,-0.10099999999999999,,,,,,,normal
1956,10,scenario2_single_spike,moper,50,0.0,1,0.09,0.11199999999999999,0.5,0.5,-0.10099999999999999,,,,,,,normal
1957,10,scenario2_single_spike,moper,50,1.0,0,0.060625,0.197,0.5,0.5,-0.1288125,,,,,,,normal
1958,10,scenario2_single_spike,moper,50,1.9000000000000004,0,0.0611875,0.19790000000000002,0.5,0.5,-0.12954375,,,,,,,normal
1959,10,scenario2_single_spike,moper,50,2.710000000000001,0,0.061693750000000006,0.19871000000000003,0.5,0.5,-0.13020187500000002,,,,,,,normal
1960,10,scenario2_single_spike,moper,50,3.439,0,0.062149375,0.199439,0.5,0.5,-0.1307941875,,,,,,,normal
1961,10,scenario2_single_spike,moper,50,4.0951,0,0.06255943750000001,0.20009510000000003,0.5,0.5,-0.13132726875,,,,,,,normal
1962,10,scenario2_single_spike,moper,50,4.685590000000001,0,0.06292849375000001,0.20068559000000002,0.5,0.5,-0.13180704187500003,,,,,,,normal
1963,10,scenario2_single_spike,moper,50,5.217031000000002,0,0.063260644375,0.201217031,0.5,0.5,-0.1322388376875,,,,,,,normal
1964,10,scenario2_single_spike,moper,50,5.695327900000002,0,0.0635595799375,0.2016953279,0.5,0.5,-0.13262745391875,,,,,,,normal
1965,10,scenario2_single_spike,moper,50,6.125795110000002,0,0.06382862194375,0.20212579511,0.5,0.5,-0.132977208526875,,,,,,,normal
1966,10,scenario2_single_spike,moper,50,0.5132155990000022,1,0.09018662385418182,0.11214929908334545,0.5,0.5,-0.10116796146876364,,,,,,,normal
1967,10,scenario2_single_spike,moper,50,0.0,1,0.09,0.11199999999999999,0.5,0.5,-0.10099999999999999,,,,,,,normal
1968,10,scenario2_single_spike,moper,50,0.0,1,0.09,0.11199999999999999,0.5,0.5,-0.10099999999999999,,,,,,,normal
1969,10,scenario2_single_spike,moper,50,0.0,1,0.09,0.11199999999999999,0.5,0.5,-0.10099999999999999,,,,,,,normal
1970,10,scenario2_single_spike,moper,50,0.0,1,0.09,0.11199999999999999,0.5,0.5,-0.10099999999999999,,,,,,,normal
1971,10,scenario2_single_spike,moper,50,0.0,1,0.09,0.11199999999999999,0.5,0.5,-0.10099999999999999,,,,,,,normal
1972,10,scenario2_single_spike,moper,50,0.0,1,0.09,0.11199999999999999,0.5,0.5,-0.10099999999999999,,,,,,,normal
1973,10,scenario2_single_spike,moper,50,1.0,0,0.060625,0.197,0.5,0.5,-0.1288125,,,,,,,normal
1974,10,scenario2_single_spike,moper,50,0.0,1,0.09,0.11199999999999999,0.5,0.5,-0.10099999999999999,,,,,,,normal
1975,10,scenario2_single_spike,moper,50,1.0,0,0.060625,0.197,0.5,0.5,-0.1288125,,,,,,,normal
1976,10,scenario2_single_spike,moper,50,1.9000000000000004,0,0.0611875,0.19790000000000002,0.5,0.5,-0.12954375,,,,,,,normal
1977,10,scenario2_single_spike,moper,50,0.0,1,0.09,0.11199999999999999,0.5,0.5,-0.10099999999999999,,,,,,,normal
1978,10,scenario2_single_spike,moper,50,0.0,1,0.09,0.11199999999999999,0.5,0.5,-0.10099999999999999,,,,,,,normal
1979,10,scenario2_single_spike,moper,50,0.0,1,0.09,0.11199999999999999,0.5,0.5,-0.10099999999999999,,,,,,,normal
1980,10,scenario2_single_spike,moper,50,0.0,1,0.09,0.11199999999999999,0.5,0.5,-0.10099999999999999,,,,,,,normal
1981,10,scenario2_single_spike,moper,50,0.0,1,0.09,0.11199999999999999,0.5,0.5,-0.10099999999999999,,,,,,,normal
1982,10,scenario2_single_spike,moper,50,1.0,0,0.060625,0.197,0.5,0.5,-0.1288125,,,,,,,normal
1983,10,scenario2_single_spike,moper,50,0.0,1,0.09,0.11199999999999999,0.5,0.5,-0.10099999999999999,,,,,,,normal
1984,10,scenario2_single_spike,moper,50,1.0,0,0.060625,0.197,0.5,0.5,-0.1288125,,,,,,,normal
1985,10,scenario2_single_spike,moper,50,1.9000000000000004,0,0.0611875,0.19790000000000002,0.5,0.5,-0.12954375,,,,,,,normal
1986,10,scenario2_single_spike,moper,50,2.710000000000001,0,0.061693750000000006,0.19871000000000003,0.5,0.5,-0.13020187500000002,,,,,,,normal
1987,10,scenario2_single_spike,moper,50,0.0,1,0.09,0.11199999999999999,0.5,0.5,-0.10099999999999999,,,,,,,normal
1988,10,scenario2_single_spike,moper,50,1.0,0,0.060625,0.197,0.5,0.5,-0.1288125,,,,,,,normal
1989,10,scenario2_single_spike,moper,50,0.0,1,0.09,0.11199999999999999,0.5,0.5,-0.10099999999999999,,,,,,,normal
1990,10,scenario2_single_spike,moper,50,1.0,0,0.060625,0.197,0.5,0.5,-0.1288125,,,,,,,normal
1991,10,scenario2_single_spike,moper,50,1.9000000000000004,0,0.0611875,0.19790000000000002,0.5,0.5,-0.12954375,,,,,,,normal
1992,10,scenario2_single_spike,moper,50,2.710000000000001,0,0.061693750000000006,0.19871000000000003,0.5,0.5,-0.13020187500000002,,,,,,,normal
1993,10,scenario2_single_spike,moper,50,0.0,1,0.09,0.11199999999999999,0.5,0.5,-0.10099999999999999,,,,,,,normal
1994,10,scenario2_single_spike,moper,50,1.0,0,0.060625,0.197,0.5,0.5,-0.1288125,,,,,,,normal
1995,10,scenario2_single_spike,moper,50,1.9000000000000004,0,0.0611875,0.19790000000000002,0.5,0.5,-0.12954375,,,,,,,normal
1996,10,scenario2_single_spike,moper,50,0.0,1,0.09,0.11199999999999999,0.5,0.5,-0.10099999999999999,,,,,,,normal
1997,10,scenario2_single_spike,moper,50,1.0,0,0.060625,0.197,0.5,0.5,-0.1288125,,,,,,,normal
1998,10,scenario2_single_spike,moper,50,0.0,1,0.09,0.11199999999999999,0.5,0.5,-0.10099999999999999,,,,,,,normal
1999,10,scenario2_single_spike,moper,50,1.0,0,0.060625,0.197,0.5,0.5,-0.1288125,,,,,,,normal
