timestep,seed,scenario,agent,workload_level,queue_avg,action,selected_latency_s,selected_energy_j,latency_weight,energy_weight,reward,actor_loss,critic_loss,td_error,td_lat,td_eng,replay_priority,phase
0,50,ABLATION2_repeated_spike,MOPER_NO_WSHIFT,50,4.0,1,0.09145454545454544,0.11316363636363636,0.5,0.5,-0.1023090909090909,,,,,,,normal
1,50,ABLATION2_repeated_spike,MOPER_NO_WSHIFT,50,4.6,0,0.062875,0.2006,0.5,0.5,-0.1317375,,,,,,,normal
2,50,ABLATION2_repeated_spike,MOPER_NO_WSHIFT,50,5.140000000000001,0,0.06321249999999999,0.20113999999999999,0.5,0.5,-0.13217625,,,,,,,normal
3,50,ABLATION2_repeated_spike,MOPER_NO_WSHIFT,50,0.0,1,0.09,0.11199999999999999,0.5,0.5,-0.10099999999999999,,,,,,,normal
4,50,ABLATION2_repeated_spike,MOPER_NO_WSHIFT,50,1.0,0,0.060625,0.197,0.5,0.5,-0.1288125,,,,,,,normal
5,50,ABLATION2_repeated_spike,MOPER_NO_WSHIFT,50,0.0,1,0.09,0.11199999999999999,0.5,0.5,-0.10099999999999999,,,,,,,normal
6,50,ABLATION2_repeated_spike,MOPER_NO_WSHIFT,50,0.0,1,0.09,0.11199999999999999,0.5,0.5,-0.10099999999999999,,,,,,,normal
7,50,ABLATION2_repeated_spike,MOPER_NO_WSHIFT,50,0.0,1,0.09,0.11199999999999999,0.5,0.5,-0.10099999999999999,,,,,,,normal
8,50,ABLATION2_repeated_spike,MOPER_NO_WSHIFT,50,0.0,1,0.09,0.11199999999999999,0.5,0.5,-0.10099999999999999,,,,,,,normal
9,50,ABLATION2_repeated_spike,MOPER_NO_WSHIFT,50,1.0,0,0.060625,0.197,0.5,0.5,-0.1288125,,,,,,,normal
10,50,ABLATION2_repeated_spike,MOPER_NO_WSHIFT,50,0.0,1,0.09,0.11199999999999999,0.5,0.5,-0.10099999999999999,,,,,,,normal
11,50,ABLATION2_repeated_spike,MOPER_NO_WSHIFT,50,0.0,1,0.09,0.11199999999999999,0.5,0.5,-0.10099999999999999,,,,,,,normal
12,50,ABLATION2_repeated_spike,MOPER_NO_WSHIFT,50,0.0,1,0.09,0.11199999999999999,0.5,0.5,-0.10099999999999999,,,,,,,normal
13,50,ABLATION2_repeated_spike,MOPER_NO_WSHIFT,50,0.0,1,0.09,0.11199999999999999,0.5,0.5,-0.10099999999999999,,,,,,,normal
14,50,ABLATION2_repeated_spike,MOPER_NO_WSHIFT,50,1.0,0,0.060625,0.197,0.5,0.5,-0.1288125,,,,,,,normal
15,50,ABLATION2_repeated_spike,MOPER_NO_WSHIFT,50,1.9000000000000004,0,0.0611875,0.19790000000000002,0.5,0.5,-0.12954375,,,,,,,normal
16,50,ABLATION2_repeated_spike,MOPER_NO_WSHIFT,50,2.710000000000001,0,0.061693750000000006,0.19871000000000003,0.5,0.5,-0.13020187500000002,,,,,,,normal
17,50,ABLATION2_repeated_spike,MOPER_NO_WSHIFT,50,0.0,1,0.09,0.11199999999999999,0.5,0.5,-0.10099999999999999,,,,,,,normal
18,50,ABLATION2_repeated_spike,MOPER_NO_WSHIFT,50,0.0,1,0.09,0.11199999999999999,0.5,0.5,-0.10099999999999999,,,,,,,normal
19,50,ABLATION2_repeated_spike,MOPER_NO_WSHIFT,50,1.0,0,0.060625,0.197,0.5,0.5,-0.1288125,,,,,,,normal
20,50,ABLATION2_repeated_spike,MOPER_NO_WSHIFT,50,0.0,1,0.09,0.11199999999999999,0.5,0.5,-0.10099999999999999,,,,,,,normal
21,50,ABLATION2_repeated_spike,MOPER_NO_WSHIFT,50,1.0,0,0.060625,0.197,0.5,0.5,-0.1288125,,,,,,,normal
22,50,ABLATION2_repeated_spike,MOPER_NO_WSHIFT,50,0.0,1,0.09,0.11199999999999999,0.5,0.5,-0.10099999999999999,,,,,,,normal
23,50,ABLATION2_repeated_spike,MOPER_NO_WSHIFT,50,1.0,0,0.060625,0.197,0.5,0.5,-0.1288125,,,,,,,normal
24,50,ABLATION2_repeated_spike,MOPER_NO_WSHIFT,50,0.0,1,0.09,0.11199999999999999,0.5,0.5,-0.10099999999999999,,,,,,,normal
25,50,ABLATION2_repeated_spike,MOPER_NO_WSHIFT,50,1.0,0,0.060625,0.197,0.5,0.5,-0.1288125,,,,,,,normal
26,50,ABLATION2_repeated_spike,MOPER_NO_WSHIFT,50,1.9000000000000004,0,0.0611875,0.19790000000000002,0.5,0.5,-0.12954375,,,,,,,normal
27,50,ABLATION2_repeated_spike,MOPER_NO_WSHIFT,50,2.710000000000001,0,0.061693750000000006,0.19871000000000003,0.5,0.5,-0.13020187500000002,,,,,,,normal
28,50,ABLATION2_repeated_spike,MOPER_NO_WSHIFT,50,3.439,0,0.062149375,0.199439,0.5,0.5,-0.1307941875,,,,,,,normal
29,50,ABLATION2_repeated_spike,MOPER_NO_WSHIFT,50,4.0951,0,0.06255943750000001,0.20009510000000003,0.5,0.5,-0.13132726875,,,,,,,normal
30,50,ABLATION2_repeated_spike,MOPER_NO_WSHIFT,50,0.0,1,0.09,0.11199999999999999,0.5,0.5,-0.10099999999999999,,,,,,,normal
31,50,ABLATION2_repeated_spike,MOPER_NO_WSHIFT,50,0.0,1,0.09,0.11199999999999999,0.5,0.5,-0.10099999999999999,,,,,,,normal
32,50,ABLATION2_repeated_spike,MOPER_NO_WSHIFT,50,1.0,0,0.060625,0.197,0.5,0.5,-0.1288125,,,,,,,normal
33,50,ABLATION2_repeated_spike,MOPER_NO_WSHIFT,50,1.9000000000000004,0,0.0611875,0.19790000000000002,0.5,0.5,-0.12954375,,,,,,,normal
34,50,ABLATION2_repeated_spike,MOPER_NO_WSHIFT,50,0.0,1,0.09,0.11199999999999999,0.5,0.5,-0.10099999999999999,,,,,,,normal
35,50,ABLATION2_repeated_spike,MOPER_NO_WSHIFT,50,1.0,0,0.060625,0.197,0.5,0.5,-0.1288125,,,,,,,normal
36,50,ABLATION2_repeated_spike,MOPER_NO_WSHIFT,50,0.0,1,0.09,0.11199999999999999,0.5,0.5,-0.10099999999999999,,,,,,,normal
37,50,ABLATION2_repeated_spike,MOPER_NO_WSHIFT,50,0.0,1,0.09,0.11199999999999999,0.5,0.5,-0.10099999999999999,,,,,,,normal
38,50,ABLATION2_repeated_spike,MOPER_NO_WSHIFT,50,0.0,1,0.09,0.11199999999999999,0.5,0.5,-0.10099999999999999,,,,,,,normal
39,50,ABLATION2_repeated_spike,MOPER_NO_WSHIFT,50,1.0,0,0.060625,0.197,0.5,0.5,-0.1288125,,,,,,,normal
40,50,ABLATION2_repeated_spike,MOPER_NO_WSHIFT,50,0.0,1,0.09,0.11199999999999999,0.5,0.5,-0.10099999999999999,,,,,,,normal
41,50,ABLATION2_repeated_spike,MOPER_NO_WSHIFT,50,0.0,1,0.09,0.11199999999999999,0.5,0.5,-0.10099999999999999,,,,,,,normal
42,50,ABLATION2_repeated_spike,MOPER_NO_WSHIFT,50,1.0,0,0.060625,0.197,0.5,0.5,-0.1288125,,,,,,,normal
43,50,ABLATION2_repeated_spike,MOPER_NO_WSHIFT,50,0.0,1,0.09,0.11199999999999999,0.5,0.5,-0.10099999999999999,,,,,,,normal
44,50,ABLATION2_repeated_spike,MOPER_NO_WSHIFT,50,0.0,1,0.09,0.11199999999999999,0.5,0.5,-0.10099999999999999,,,,,,,normal
45,50,ABLATION2_repeated_spike,MOPER_NO_WSHIFT,50,1.0,0,0.060625,0.197,0.5,0.5,-0.1288125,,,,,,,normal
46,50,ABLATION2_repeated_spike,MOPER_NO_WSHIFT,50,1.9000000000000004,0,0.0611875,0.19790000000000002,0.5,0.5,-0.12954375,,,,,,,normal
47,50,ABLATION2_repeated_spike,MOPER_NO_WSHIFT,50,2.710000000000001,0,0.061693750000000006,0.19871000000000003,0.5,0.5,-0.13020187500000002,,,,,,,normal
48,50,ABLATION2_repeated_spike,MOPER_NO_WSHIFT,50,0.0,1,0.09,0.11199999999999999,0.5,0.5,-0.10099999999999999,,,,,,,normal
49,50,ABLATION2_repeated_spike,MOPER_NO_WSHIFT,50,0.0,1,0.09,0.11199999999999999,0.5,0.5,-0.10099999999999999,,,,,,,normal
50,50,ABLATION2_repeated_spike,MOPER_NO_WSHIFT,50,0.0,1,0.09,0.11199999999999999,0.5,0.5,-0.10099999999999999,,,,,,,normal
51,50,ABLATION2_repeated_spike,MOPER_NO_WSHIFT,50,1.0,0,0.060625,0.197,0.5,0.5,-0.1288125,,,,,,,normal
52,50,ABLATION2_repeated_spike,MOPER_NO_WSHIFT,50,0.0,1,0.09,0.11199999999999999,0.5,0.5,-0.10099999999999999,,,,,,,normal
53,50,ABLATION2_repeated_spike,MOPER_NO_WSHIFT,50,0.0,1,0.09,0.11199999999999999,0.5,0.5,-0.10099999999999999,,,,,,,normal
54,50,ABLATION2_repeated_spike,MOPER_NO_WSHIFT,50,0.0,1,0.09,0.11199999999999999,0.5,0.5,-0.10099999999999999,,,,,,,normal
55,50,ABLATION2_repeated_spike,MOPER_NO_WSHIFT,50,0.0,1,0.09,0.11199999999999999,0.5,0.5,-0.10099999999999999,,,,,,,normal
56,50,ABLATION2_repeated_spike,MOPER_NO_WSHIFT,50,0.0,1,0.09,0.11199999999999999,0.5,0.5,-0.10099999999999999,,,,,,,normal
57,50,ABLATION2_repeated_spike,MOPER_NO_WSHIFT,50,0.0,1,0.09,0.11199999999999999,0.5,0.5,-0.10099999999999999,,,,,,,normal
58,50,ABLATION2_repeated_spike,MOPER_NO_WSHIFT,50,0.0,1,0.09,0.11199999999999999,0.5,0.5,-0.10099999999999999,,,,,,,normal
59,50,ABLATION2_repeated_spike,MOPER_NO_WSHIFT,50,1.0,0,0.060625,0.197,0.5,0.5,-0.1288125,,,,,,,normal
60,50,ABLATION2_repeated_spike,MOPER_NO_WSHIFT,50,0.0,1,0.09,0.11199999999999999,0.5,0.5,-0.10099999999999999,,,,,,,normal
61,50,ABLATION2_repeated_spike,MOPER_NO_WSHIFT,50,0.0,1,0.09,0.11199999999999999,0.5,0.5,-0.10099999999999999,,,,,,,normal
62,50,ABLATION2_repeated_spike,MOPER_NO_WSHIFT,50,0.0,1,0.09,0.11199999999999999,0.5,0.5,-0.10099999999999999,,,,,,,normal
63,50,ABLATION2_repeated_spike,MOPER_NO_WSHIFT,50,0.0,1,0.09,0.11199999999999999,0.5,0.5,-0.10099999999999999,-0.08160120248794556,0.021865393966436386,0.10942249000072479,0.10903330892324448,0.15303893387317657,0.19321097433567047,normal
64,50,ABLATION2_repeated_spike,MOPER_NO_WSHIFT,50,0.0,1,0.09,0.11199999999999999,0.5,0.5,-0.10099999999999999,-0.07751066982746124,0.018328920006752014,0.10971008986234665,0.1071537509560585,0.1518123894929886,0.1905212700366974,normal
65,50,ABLATION2_repeated_spike,MOPER_NO_WSHIFT,50,1.0,0,0.060625,0.197,0.5,0.5,-0.1288125,-0.07771434634923935,0.01780184544622898,0.1105109229683876,0.10608877241611481,0.15100149810314178,0.18886934220790863,normal
66,50,ABLATION2_repeated_spike,MOPER_NO_WSHIFT,50,0.0,1,0.09,0.11199999999999999,0.5,0.5,-0.10099999999999999,-0.0775790810585022,0.017336834222078323,0.11076544225215912,0.10358230769634247,0.15069636702537537,0.18719393014907837,normal
67,50,ABLATION2_repeated_spike,MOPER_NO_WSHIFT,50,1.0,0,0.060625,0.197,0.5,0.5,-0.1288125,-0.0771319642663002,0.016771988943219185,0.11079142987728119,0.10184309631586075,0.14899104833602905,0.18464291095733643,normal
68,50,ABLATION2_repeated_spike,MOPER_NO_WSHIFT,50,1.9000000000000004,0,0.0611875,0.19790000000000002,0.5,0.5,-0.12954375,-0.07867656648159027,0.01670381985604763,0.11393100023269653,0.10351717472076416,0.14857296645641327,0.1848536729812622,normal
69,50,ABLATION2_repeated_spike,MOPER_NO_WSHIFT,50,2.710000000000001,0,0.061693750000000006,0.19871000000000003,0.5,0.5,-0.13020187500000002,-0.07783937454223633,0.0164249949157238,0.1138598769903183,0.10201685130596161,0.1478034108877182,0.18345633149147034,normal
70,50,ABLATION2_repeated_spike,MOPER_NO_WSHIFT,50,0.0,1,0.09,0.11199999999999999,0.5,0.5,-0.10099999999999999,-0.07774527370929718,0.016236165538430214,0.11435666680335999,0.09989012777805328,0.1474984735250473,0.18240734934806824,normal
71,50,ABLATION2_repeated_spike,MOPER_NO_WSHIFT,50,1.0,0,0.060625,0.197,0.5,0.5,-0.1288125,-0.07687871158123016,0.016118180006742477,0.1139688789844513,0.09901963174343109,0.14708483219146729,0.18194124102592468,normal
72,50,ABLATION2_repeated_spike,MOPER_NO_WSHIFT,50,1.9000000000000004,0,0.0611875,0.19790000000000002,0.5,0.5,-0.12954375,-0.07745546847581863,0.015977375209331512,0.11570550501346588,0.09705711901187897,0.14623957872390747,0.1808001548051834,normal
73,50,ABLATION2_repeated_spike,MOPER_NO_WSHIFT,50,0.0,1,0.09,0.11199999999999999,0.5,0.5,-0.10099999999999999,-0.07537978142499924,0.015489076264202595,0.1152428388595581,0.09606458991765976,0.1447700560092926,0.1788368821144104,normal
74,50,ABLATION2_repeated_spike,MOPER_NO_WSHIFT,50,0.0,1,0.09,0.11199999999999999,0.5,0.5,-0.10099999999999999,-0.07461459934711456,0.015566338784992695,0.11693824827671051,0.09653200209140778,0.14731188118457794,0.18095064163208008,normal
75,50,ABLATION2_repeated_spike,MOPER_NO_WSHIFT,50,0.0,1,0.09,0.11199999999999999,0.5,0.5,-0.10099999999999999,-0.07283584773540497,0.01516748033463955,0.11704796552658081,0.09573616087436676,0.1464274674654007,0.17959362268447876,normal
76,50,ABLATION2_repeated_spike,MOPER_NO_WSHIFT,50,1.0,0,0.060625,0.197,0.5,0.5,-0.1288125,-0.07072173058986664,0.014677025377750397,0.11635797470808029,0.09366192668676376,0.14593669772148132,0.17762508988380432,normal
77,50,ABLATION2_repeated_spike,MOPER_NO_WSHIFT,50,0.0,1,0.09,0.11199999999999999,0.5,0.5,-0.10099999999999999,-0.06965292990207672,0.014161288738250732,0.11617323756217957,0.08992167562246323,0.1478436440229416,0.17592936754226685,normal
78,50,ABLATION2_repeated_spike,MOPER_NO_WSHIFT,50,0.0,1,0.09,0.11199999999999999,0.5,0.5,-0.10099999999999999,-0.07051938772201538,0.014311540871858597,0.12146181613206863,0.0913475826382637,0.15317444503307343,0.18070727586746216,normal
79,50,ABLATION2_repeated_spike,MOPER_NO_WSHIFT,50,1.0,0,0.060625,0.197,0.5,0.5,-0.1288125,-0.06474997103214264,0.01349751278758049,0.11837330460548401,0.09010007977485657,0.14899687469005585,0.1769169270992279,normal
80,50,ABLATION2_repeated_spike,MOPER_NO_WSHIFT,50,0.0,1,0.09,0.11199999999999999,0.5,0.5,-0.10099999999999999,-0.06530363857746124,0.013562047854065895,0.1211390495300293,0.09060864895582199,0.15358750522136688,0.180509552359581,normal
81,50,ABLATION2_repeated_spike,MOPER_NO_WSHIFT,50,1.0,0,0.060625,0.197,0.5,0.5,-0.1288125,-0.06529609113931656,0.01328680943697691,0.122502401471138,0.08937668800354004,0.15601690113544464,0.18173006176948547,normal
82,50,ABLATION2_repeated_spike,MOPER_NO_WSHIFT,50,0.0,1,0.09,0.11199999999999999,0.5,0.5,-0.10099999999999999,-0.06381385773420334,0.013357231393456459,0.12365037947893143,0.08950164914131165,0.15785259008407593,0.18371236324310303,normal
83,50,ABLATION2_repeated_spike,MOPER_NO_WSHIFT,50,0.0,1,0.09,0.11199999999999999,0.5,0.5,-0.10099999999999999,-0.06529346853494644,0.0143693583086133,0.12782059609889984,0.09127435088157654,0.16436684131622314,0.18969546258449554,normal
84,50,ABLATION2_repeated_spike,MOPER_NO_WSHIFT,50,0.0,1,0.09,0.11199999999999999,0.5,0.5,-0.10099999999999999,-0.06448322534561157,0.013264699839055538,0.12419633567333221,0.08702754229307175,0.16137602925300598,0.18501268327236176,normal
85,50,ABLATION2_repeated_spike,MOPER_NO_WSHIFT,50,1.0,0,0.060625,0.197,0.5,0.5,-0.1288125,-0.0610329806804657,0.013847716152668,0.12672127783298492,0.09034746140241623,0.16309510171413422,0.18808409571647644,normal
86,50,ABLATION2_repeated_spike,MOPER_NO_WSHIFT,50,0.0,1,0.09,0.11199999999999999,0.5,0.5,-0.10099999999999999,-0.06025993824005127,0.013572502881288528,0.1259911209344864,0.08804205805063248,0.16394172608852386,0.18748420476913452,normal
87,50,ABLATION2_repeated_spike,MOPER_NO_WSHIFT,50,1.0,0,0.060625,0.197,0.5,0.5,-0.1288125,-0.059035252779722214,0.013430246151983738,0.1306462287902832,0.08964613080024719,0.1716463565826416,0.194917231798172,normal
88,50,ABLATION2_repeated_spike,MOPER_NO_WSHIFT,50,1.9000000000000004,0,0.0611875,0.19790000000000002,0.5,0.5,-0.12954375,-0.06715866178274155,0.014623710885643959,0.12829133868217468,0.09031791239976883,0.16626477241516113,0.19067373871803284,normal
89,50,ABLATION2_repeated_spike,MOPER_NO_WSHIFT,50,2.710000000000001,0,0.061693750000000006,0.19871000000000003,0.5,0.5,-0.13020187500000002,-0.057342298328876495,0.013283860869705677,0.13084571063518524,0.0880902111530304,0.1736011952161789,0.19593307375907898,normal
90,50,ABLATION2_repeated_spike,MOPER_NO_WSHIFT,50,0.0,1,0.09,0.11199999999999999,0.5,0.5,-0.10099999999999999,-0.0532127283513546,0.012585867196321487,0.13354891538619995,0.09012801945209503,0.17696984112262726,0.19987815618515015,normal
91,50,ABLATION2_repeated_spike,MOPER_NO_WSHIFT,50,0.0,1,0.09,0.11199999999999999,0.5,0.5,-0.10099999999999999,-0.0503821037709713,0.011075659655034542,0.12680044770240784,0.08594319224357605,0.16765770316123962,0.1897188276052475,normal
92,50,ABLATION2_repeated_spike,MOPER_NO_WSHIFT,50,0.0,1,0.09,0.11199999999999999,0.5,0.5,-0.10099999999999999,-0.04936046525835991,0.010358591563999653,0.12795132398605347,0.08643658459186554,0.169466033577919,0.19162285327911377,normal
93,50,ABLATION2_repeated_spike,MOPER_NO_WSHIFT,50,1.0,0,0.060625,0.197,0.5,0.5,-0.1288125,-0.08013951033353806,0.018432695418596268,0.13154646754264832,0.09211739152669907,0.17097553610801697,0.1957642138004303,normal
94,50,ABLATION2_repeated_spike,MOPER_NO_WSHIFT,50,1.9000000000000004,0,0.0611875,0.19790000000000002,0.5,0.5,-0.12954375,-0.07409937679767609,0.016816051676869392,0.13103429973125458,0.08847902715206146,0.1735895872116089,0.19630557298660278,normal
95,50,ABLATION2_repeated_spike,MOPER_NO_WSHIFT,50,0.0,1,0.09,0.11199999999999999,0.5,0.5,-0.10099999999999999,-0.05546876788139343,0.012473508715629578,0.1304841935634613,0.0886547714471817,0.1723136007785797,0.1953105926513672,normal
96,50,ABLATION2_repeated_spike,MOPER_NO_WSHIFT,50,0.0,1,0.09,0.11199999999999999,0.5,0.5,-0.10099999999999999,-0.0770772323012352,0.019594993442296982,0.13616201281547546,0.09349370002746582,0.1788303405046463,0.2033153921365738,normal
97,50,ABLATION2_repeated_spike,MOPER_NO_WSHIFT,50,1.0,0,0.060625,0.197,0.5,0.5,-0.1288125,-0.07249636203050613,0.019007066264748573,0.13442222774028778,0.09238196909427643,0.17646250128746033,0.2006409764289856,normal
98,50,ABLATION2_repeated_spike,MOPER_NO_WSHIFT,50,0.0,1,0.09,0.11199999999999999,0.5,0.5,-0.10099999999999999,-0.034037232398986816,0.006790975108742714,0.13883554935455322,0.09222506731748581,0.18544599413871765,0.208614781498909,normal
99,50,ABLATION2_repeated_spike,MOPER_NO_WSHIFT,50,0.0,1,0.09,0.11199999999999999,0.5,0.5,-0.10099999999999999,-0.03003816120326519,0.006464201956987381,0.13402076065540314,0.0917639210820198,0.17627759277820587,0.20019686222076416,normal
100,50,ABLATION2_repeated_spike,MOPER_NO_WSHIFT,50,0.0,1,0.09,0.11199999999999999,0.5,0.5,-0.10099999999999999,-0.07602140307426453,0.019503064453601837,0.13420137763023376,0.09236487746238708,0.17603786289691925,0.20035067200660706,normal
101,50,ABLATION2_repeated_spike,MOPER_NO_WSHIFT,50,0.0,1,0.09,0.11199999999999999,0.5,0.5,-0.10099999999999999,-0.04590971767902374,0.010912389494478703,0.13456793129444122,0.0902135819196701,0.17892234027385712,0.20167778432369232,normal
102,50,ABLATION2_repeated_spike,MOPER_NO_WSHIFT,50,1.0,0,0.060625,0.197,0.5,0.5,-0.1288125,-0.04765677452087402,0.010751834139227867,0.13057765364646912,0.08811703324317932,0.1730382740497589,0.19556459784507751,normal
103,50,ABLATION2_repeated_spike,MOPER_NO_WSHIFT,50,1.9000000000000004,0,0.0611875,0.19790000000000002,0.5,0.5,-0.12954375,-0.08606179058551788,0.018706675618886948,0.13374753296375275,0.09024830162525177,0.17724677920341492,0.20036594569683075,normal
104,50,ABLATION2_repeated_spike,MOPER_NO_WSHIFT,50,0.0,1,0.09,0.11199999999999999,0.5,0.5,-0.10099999999999999,-0.07940404117107391,0.020932983607053757,0.13854600489139557,0.09379138797521591,0.18330064415931702,0.20733389258384705,normal
105,50,ABLATION2_repeated_spike,MOPER_NO_WSHIFT,50,1.0,0,0.060625,0.197,0.5,0.5,-0.1288125,-0.08827678114175797,0.02071673423051834,0.13904649019241333,0.09327196329832077,0.1848210096359253,0.20850273966789246,normal
106,50,ABLATION2_repeated_spike,MOPER_NO_WSHIFT,50,0.0,1,0.09,0.11199999999999999,0.5,0.5,-0.10099999999999999,-0.05333563685417175,0.013144345954060555,0.13723060488700867,0.09375973045825958,0.18070146441459656,0.2050543874502182,normal
107,50,ABLATION2_repeated_spike,MOPER_NO_WSHIFT,50,0.0,1,0.09,0.11199999999999999,0.5,0.5,-0.10099999999999999,-0.05191924050450325,0.01251270342618227,0.13645650446414948,0.09228186309337616,0.18063116073608398,0.204237163066864,normal
108,50,ABLATION2_repeated_spike,MOPER_NO_WSHIFT,50,0.0,1,0.09,0.11199999999999999,0.5,0.5,-0.10099999999999999,-0.08826673775911331,0.02211245894432068,0.14384302496910095,0.09695793688297272,0.1907281130552292,0.21539267897605896,normal
109,50,ABLATION2_repeated_spike,MOPER_NO_WSHIFT,50,1.0,0,0.060625,0.197,0.5,0.5,-0.1288125,-0.08876105397939682,0.02271876111626625,0.14622092247009277,0.09820199012756348,0.19423985481262207,0.21906223893165588,normal
110,50,ABLATION2_repeated_spike,MOPER_NO_WSHIFT,50,0.0,1,0.09,0.11199999999999999,0.5,0.5,-0.10099999999999999,-0.08215563744306564,0.02157915197312832,0.14069336652755737,0.09525256603956223,0.18613415956497192,0.21036669611930847,normal
111,50,ABLATION2_repeated_spike,MOPER_NO_WSHIFT,50,1.0,0,0.060625,0.197,0.5,0.5,-0.1288125,-0.06098685786128044,0.014717045240104198,0.1426069289445877,0.09597466140985489,0.18923920392990112,0.21351443231105804,normal
112,50,ABLATION2_repeated_spike,MOPER_NO_WSHIFT,50,1.9000000000000004,0,0.0611875,0.19790000000000002,0.5,0.5,-0.12954375,-0.0902075245976448,0.02096652239561081,0.14039938151836395,0.09562331438064575,0.18517544865608215,0.20990580320358276,normal
113,50,ABLATION2_repeated_spike,MOPER_NO_WSHIFT,50,0.0,1,0.09,0.11199999999999999,0.5,0.5,-0.10099999999999999,-0.0542178601026535,0.012871750630438328,0.1387982964515686,0.09488262981176376,0.18271395564079285,0.20733168721199036,normal
114,50,ABLATION2_repeated_spike,MOPER_NO_WSHIFT,50,0.0,1,0.09,0.11199999999999999,0.5,0.5,-0.10099999999999999,-0.05527561157941818,0.01345653086900711,0.1433805525302887,0.0975770652294159,0.1891840547323227,0.21434460580348969,normal
115,50,ABLATION2_repeated_spike,MOPER_NO_WSHIFT,50,0.0,1,0.09,0.11199999999999999,0.5,0.5,-0.10099999999999999,-0.09375414997339249,0.023003820329904556,0.1467912793159485,0.098785899579525,0.194796621799469,0.2198556363582611,normal
116,50,ABLATION2_repeated_spike,MOPER_NO_WSHIFT,50,0.0,1,0.09,0.11199999999999999,0.5,0.5,-0.10099999999999999,-0.06005622819066048,0.014884676784276962,0.14195826649665833,0.09618638455867767,0.18773014843463898,0.2123139649629593,normal
117,50,ABLATION2_repeated_spike,MOPER_NO_WSHIFT,50,1.0,0,0.060625,0.197,0.5,0.5,-0.1288125,-0.06376836448907852,0.014668013900518417,0.14060840010643005,0.09499158710241318,0.18622520565986633,0.2105262279510498,normal
118,50,ABLATION2_repeated_spike,MOPER_NO_WSHIFT,50,0.0,1,0.09,0.11199999999999999,0.5,0.5,-0.10099999999999999,-0.056759513914585114,0.013054431416094303,0.1311865895986557,0.08847686648368835,0.17389632761478424,0.19637009501457214,normal
119,50,ABLATION2_repeated_spike,MOPER_NO_WSHIFT,50,0.0,1,0.09,0.11199999999999999,0.5,0.5,-0.10099999999999999,-0.09087713807821274,0.021376043558120728,0.14033836126327515,0.09453480690717697,0.18614190816879272,0.21020567417144775,normal
120,50,ABLATION2_repeated_spike,MOPER_NO_WSHIFT,50,1.0,0,0.060625,0.197,0.5,0.5,-0.1288125,-0.09080392867326736,0.018598373979330063,0.13249339163303375,0.08998489379882812,0.17500188946723938,0.19825147092342377,normal
121,50,ABLATION2_repeated_spike,MOPER_NO_WSHIFT,50,0.0,1,0.09,0.11199999999999999,0.5,0.5,-0.10099999999999999,-0.08525138348340988,0.02046358585357666,0.1367630511522293,0.0938151404261589,0.1797109842300415,0.20419973134994507,normal
122,50,ABLATION2_repeated_spike,MOPER_NO_WSHIFT,50,0.0,1,0.09,0.11199999999999999,0.5,0.5,-0.10099999999999999,-0.05738004297018051,0.012142491526901722,0.12855921685695648,0.0887819156050682,0.16833654046058655,0.1919020116329193,normal
123,50,ABLATION2_repeated_spike,MOPER_NO_WSHIFT,50,0.0,1,0.09,0.11199999999999999,0.5,0.5,-0.10099999999999999,-0.08632232248783112,0.0204169899225235,0.13519397377967834,0.09321479499340057,0.17717312276363373,0.20177268981933594,normal
124,50,ABLATION2_repeated_spike,MOPER_NO_WSHIFT,50,1.0,0,0.060625,0.197,0.5,0.5,-0.1288125,-0.06067267805337906,0.01191833708435297,0.1313347965478897,0.08776485174894333,0.1749047338962555,0.19722723960876465,normal
125,50,ABLATION2_repeated_spike,MOPER_NO_WSHIFT,50,0.0,1,0.09,0.11199999999999999,0.5,0.5,-0.10099999999999999,-0.09079020470380783,0.018985304981470108,0.13053147494792938,0.08966820687055588,0.1713947355747223,0.19499114155769348,normal
126,50,ABLATION2_repeated_spike,MOPER_NO_WSHIFT,50,1.0,0,0.060625,0.197,0.5,0.5,-0.1288125,-0.09171626716852188,0.02153286524116993,0.1382494419813156,0.09480059146881104,0.18169830739498138,0.20658674836158752,normal
127,50,ABLATION2_repeated_spike,MOPER_NO_WSHIFT,50,0.0,1,0.09,0.11199999999999999,0.5,0.5,-0.10099999999999999,-0.09206973761320114,0.020848143845796585,0.13675333559513092,0.09399066120386124,0.1795160174369812,0.20427541434764862,normal
128,50,ABLATION2_repeated_spike,MOPER_NO_WSHIFT,50,1.0,0,0.060625,0.197,0.5,0.5,-0.1288125,-0.09229284524917603,0.020368337631225586,0.13454055786132812,0.09106132388114929,0.17801980674266815,0.20145323872566223,normal
129,50,ABLATION2_repeated_spike,MOPER_NO_WSHIFT,50,0.0,1,0.09,0.11199999999999999,0.5,0.5,-0.10099999999999999,-0.06103387847542763,0.010292986407876015,0.12587441504001617,0.08428382128477097,0.16754114627838135,0.18902435898780823,normal
130,50,ABLATION2_repeated_spike,MOPER_NO_WSHIFT,50,0.0,1,0.09,0.11199999999999999,0.5,0.5,-0.10099999999999999,-0.09125388413667679,0.02003450132906437,0.1334269940853119,0.09171424061059952,0.17513974010944366,0.19928032159805298,normal
131,50,ABLATION2_repeated_spike,MOPER_NO_WSHIFT,50,1.0,0,0.060625,0.197,0.5,0.5,-0.1288125,-0.06325119733810425,0.011461587622761726,0.12568923830986023,0.08554638922214508,0.1659165769815445,0.18826952576637268,normal
132,50,ABLATION2_repeated_spike,MOPER_NO_WSHIFT,50,0.0,1,0.09,0.11199999999999999,0.5,0.5,-0.10099999999999999,-0.05644708871841431,0.00994124822318554,0.12339212000370026,0.08532159775495529,0.1615379899740219,0.18439066410064697,normal
133,50,ABLATION2_repeated_spike,MOPER_NO_WSHIFT,50,0.0,1,0.09,0.11199999999999999,0.5,0.5,-0.10099999999999999,-0.05761779844760895,0.012233688496053219,0.13307884335517883,0.0906452089548111,0.1755678355693817,0.19910255074501038,normal
134,50,ABLATION2_repeated_spike,MOPER_NO_WSHIFT,50,0.0,1,0.09,0.11199999999999999,0.5,0.5,-0.10099999999999999,-0.10609191656112671,0.01950422115623951,0.13321085274219513,0.0895516648888588,0.17687001824378967,0.19979038834571838,normal
135,50,ABLATION2_repeated_spike,MOPER_NO_WSHIFT,50,0.0,1,0.09,0.11199999999999999,0.5,0.5,-0.10099999999999999,-0.060403913259506226,0.013087797909975052,0.14313246309757233,0.09530889987945557,0.19096313416957855,0.2149704545736313,normal
136,50,ABLATION2_repeated_spike,MOPER_NO_WSHIFT,50,0.0,1,0.09,0.11199999999999999,0.5,0.5,-0.10099999999999999,-0.058384668081998825,0.012671048752963543,0.13748490810394287,0.09418203681707382,0.1807878017425537,0.20543742179870605,normal
137,50,ABLATION2_repeated_spike,MOPER_NO_WSHIFT,50,1.0,0,0.060625,0.197,0.5,0.5,-0.1288125,-0.10914409160614014,0.02407670021057129,0.14529269933700562,0.09659144282341003,0.1939939558506012,0.21818722784519196,normal
138,50,ABLATION2_repeated_spike,MOPER_NO_WSHIFT,50,0.0,1,0.09,0.11199999999999999,0.5,0.5,-0.10099999999999999,-0.05722739174962044,0.011548049747943878,0.13276782631874084,0.09210915863513947,0.17342650890350342,0.19801954925060272,normal
139,50,ABLATION2_repeated_spike,MOPER_NO_WSHIFT,50,0.0,1,0.09,0.11199999999999999,0.5,0.5,-0.10099999999999999,-0.05752573907375336,0.01159155834466219,0.13302494585514069,0.09028744697570801,0.17576245963573456,0.19900694489479065,normal
140,50,ABLATION2_repeated_spike,MOPER_NO_WSHIFT,50,1.0,0,0.060625,0.197,0.5,0.5,-0.1288125,-0.10107258707284927,0.02310209348797798,0.14098729193210602,0.09692764282226562,0.1850469410419464,0.21053379774093628,normal
141,50,ABLATION2_repeated_spike,MOPER_NO_WSHIFT,50,0.0,1,0.09,0.11199999999999999,0.5,0.5,-0.10099999999999999,-0.06406009942293167,0.012588948011398315,0.13974307477474213,0.0931459292769432,0.18634024262428284,0.20979520678520203,normal
142,50,ABLATION2_repeated_spike,MOPER_NO_WSHIFT,50,0.0,1,0.09,0.11199999999999999,0.5,0.5,-0.10099999999999999,-0.06503705680370331,0.013377409428358078,0.13835442066192627,0.0919579491019249,0.18475091457366943,0.20784220099449158,normal
143,50,ABLATION2_repeated_spike,MOPER_NO_WSHIFT,50,1.0,0,0.060625,0.197,0.5,0.5,-0.1288125,-0.05943307653069496,0.011994580738246441,0.12833324074745178,0.08803796768188477,0.16863906383514404,0.1917896866798401,normal
144,50,ABLATION2_repeated_spike,MOPER_NO_WSHIFT,50,0.0,1,0.09,0.11199999999999999,0.5,0.5,-0.10099999999999999,-0.11315923184156418,0.022971371188759804,0.1396632194519043,0.0950104147195816,0.184316024184227,0.20911934971809387,normal
145,50,ABLATION2_repeated_spike,MOPER_NO_WSHIFT,50,0.0,1,0.09,0.11199999999999999,0.5,0.5,-0.10099999999999999,-0.06786203384399414,0.013246797025203705,0.13536471128463745,0.09029689431190491,0.18048372864723206,0.20335569977760315,normal
146,50,ABLATION2_repeated_spike,MOPER_NO_WSHIFT,50,0.0,1,0.09,0.11199999999999999,0.5,0.5,-0.10099999999999999,-0.1031593605875969,0.02231331542134285,0.13692530989646912,0.09460438042879105,0.17924624681472778,0.2043810486793518,normal
147,50,ABLATION2_repeated_spike,MOPER_NO_WSHIFT,50,1.0,0,0.060625,0.197,0.5,0.5,-0.1288125,-0.09494047611951828,0.01960749551653862,0.12775397300720215,0.08853312581777573,0.16697481274604797,0.19067244231700897,normal
148,50,ABLATION2_repeated_spike,MOPER_NO_WSHIFT,50,0.0,1,0.09,0.11199999999999999,0.5,0.5,-0.10099999999999999,-0.10700121521949768,0.019388914108276367,0.1309901773929596,0.08825156092643738,0.1737287938594818,0.1966499239206314,normal
149,50,ABLATION2_repeated_spike,MOPER_NO_WSHIFT,50,1.0,0,0.060625,0.197,0.5,0.5,-0.1288125,-0.06419511139392853,0.013038069941103458,0.1342131346464157,0.09264954924583435,0.1758691668510437,0.2005230039358139,normal
150,50,ABLATION2_repeated_spike,MOPER_NO_WSHIFT,50,0.0,1,0.09,0.11199999999999999,0.5,0.5,-0.10099999999999999,-0.05389457195997238,0.012303721159696579,0.1288357824087143,0.08907957375049591,0.16869673132896423,0.19239792227745056,normal
151,50,ABLATION2_repeated_spike,MOPER_NO_WSHIFT,50,0.0,1,0.09,0.11199999999999999,0.5,0.5,-0.10099999999999999,-0.05684488266706467,0.012514888308942318,0.1300804764032364,0.09311242401599884,0.16718411445617676,0.19308263063430786,normal
152,50,ABLATION2_repeated_spike,MOPER_NO_WSHIFT,50,1.0,0,0.060625,0.197,0.5,0.5,-0.1288125,-0.07105688750743866,0.011969818733632565,0.13034626841545105,0.08785008639097214,0.17301687598228455,0.1957150101661682,normal
153,50,ABLATION2_repeated_spike,MOPER_NO_WSHIFT,50,0.0,1,0.09,0.11199999999999999,0.5,0.5,-0.10099999999999999,-0.06660542637109756,0.011464578099548817,0.1275951862335205,0.08575756847858429,0.16962242126464844,0.191769540309906,normal
154,50,ABLATION2_repeated_spike,MOPER_NO_WSHIFT,50,1.0,0,0.060625,0.197,0.5,0.5,-0.1288125,-0.12769821286201477,0.024637285619974136,0.1431354582309723,0.0955343246459961,0.19073660671710968,0.21508342027664185,normal
155,50,ABLATION2_repeated_spike,MOPER_NO_WSHIFT,50,0.0,1,0.09,0.11199999999999999,0.5,0.5,-0.10099999999999999,-0.06888619065284729,0.013533310033380985,0.13475343585014343,0.09183955937623978,0.177829772233963,0.20189866423606873,normal
156,50,ABLATION2_repeated_spike,MOPER_NO_WSHIFT,50,0.0,1,0.09,0.11199999999999999,0.5,0.5,-0.10099999999999999,-0.07188531011343002,0.01152148749679327,0.12723755836486816,0.08575552701950073,0.16886773705482483,0.19120314717292786,normal
157,50,ABLATION2_repeated_spike,MOPER_NO_WSHIFT,50,0.0,1,0.09,0.11199999999999999,0.5,0.5,-0.10099999999999999,-0.11693065613508224,0.018415985628962517,0.12703761458396912,0.08372405916452408,0.17035117745399475,0.1913909614086151,normal
158,50,ABLATION2_repeated_spike,MOPER_NO_WSHIFT,50,0.0,1,0.09,0.11199999999999999,0.5,0.5,-0.10099999999999999,-0.1020895391702652,0.02215767279267311,0.1330278366804123,0.09192152321338654,0.17413412034511566,0.19873088598251343,normal
159,50,ABLATION2_repeated_spike,MOPER_NO_WSHIFT,50,1.0,0,0.060625,0.197,0.5,0.5,-0.1288125,-0.08608365058898926,0.02070748247206211,0.12753000855445862,0.09169901907444,0.16336101293563843,0.18905037641525269,normal
160,50,ABLATION2_repeated_spike,MOPER_NO_WSHIFT,50,1.9000000000000004,0,0.0611875,0.19790000000000002,0.5,0.5,-0.12954375,-0.11439944803714752,0.023652559146285057,0.13862916827201843,0.09457001090049744,0.18268832564353943,0.20739465951919556,normal
161,50,ABLATION2_repeated_spike,MOPER_NO_WSHIFT,50,0.0,1,0.09,0.11199999999999999,0.5,0.5,-0.10099999999999999,-0.10984361171722412,0.02219894528388977,0.13277539610862732,0.09376543760299683,0.171785369515419,0.19754181802272797,normal
162,50,ABLATION2_repeated_spike,MOPER_NO_WSHIFT,50,0.0,1,0.09,0.11199999999999999,0.5,0.5,-0.10099999999999999,-0.10664823651313782,0.02038734219968319,0.12755592167377472,0.08911654353141785,0.1659952998161316,0.19031153619289398,normal
163,50,ABLATION2_repeated_spike,MOPER_NO_WSHIFT,50,1.0,0,0.060625,0.197,0.5,0.5,-0.1288125,-0.11007477343082428,0.023864779621362686,0.13823635876178741,0.09469078481197357,0.18178191781044006,0.20670977234840393,normal
164,50,ABLATION2_repeated_spike,MOPER_NO_WSHIFT,50,1.9000000000000004,0,0.0611875,0.19790000000000002,0.5,0.5,-0.12954375,-0.09550417959690094,0.023000415414571762,0.13492260873317719,0.09367536753416061,0.17616984248161316,0.20118552446365356,normal
165,50,ABLATION2_repeated_spike,MOPER_NO_WSHIFT,50,0.0,1,0.09,0.11199999999999999,0.5,0.5,-0.10099999999999999,-0.11932376027107239,0.024416955187916756,0.13965176045894623,0.09587790071964264,0.18342562019824982,0.20893797278404236,normal
166,50,ABLATION2_repeated_spike,MOPER_NO_WSHIFT,50,0.0,1,0.09,0.11199999999999999,0.5,0.5,-0.10099999999999999,-0.09599664062261581,0.01701347902417183,0.11999864131212234,0.0836295560002327,0.15644361078739166,0.17921781539916992,normal
167,50,ABLATION2_repeated_spike,MOPER_NO_WSHIFT,50,0.0,1,0.09,0.11199999999999999,0.5,0.5,-0.10099999999999999,-0.07223383337259293,0.012637085281312466,0.12783478200435638,0.08897532522678375,0.16678720712661743,0.19097068905830383,normal
168,50,ABLATION2_repeated_spike,MOPER_NO_WSHIFT,50,0.0,1,0.09,0.11199999999999999,0.5,0.5,-0.10099999999999999,-0.12592701613903046,0.023449072614312172,0.1370248794555664,0.09583407640457153,0.1782156527042389,0.2042667269706726,normal
169,50,ABLATION2_repeated_spike,MOPER_NO_WSHIFT,50,1.0,0,0.060625,0.197,0.5,0.5,-0.1288125,-0.1181635707616806,0.02329566329717636,0.13594499230384827,0.0926266685128212,0.17926330864429474,0.20377226173877716,normal
170,50,ABLATION2_repeated_spike,MOPER_NO_WSHIFT,50,0.0,1,0.09,0.11199999999999999,0.5,0.5,-0.10099999999999999,-0.12628549337387085,0.024830762296915054,0.1417684108018875,0.09732461720705032,0.1862121820449829,0.21188636124134064,normal
171,50,ABLATION2_repeated_spike,MOPER_NO_WSHIFT,50,0.0,1,0.09,0.11199999999999999,0.5,0.5,-0.10099999999999999,-0.10746313631534576,0.02032734826207161,0.12640702724456787,0.08778220415115356,0.16503188014030457,0.18894626200199127,normal
172,50,ABLATION2_repeated_spike,MOPER_NO_WSHIFT,50,0.0,1,0.09,0.11199999999999999,0.5,0.5,-0.10099999999999999,-0.07165388762950897,0.013102222234010696,0.132246732711792,0.0927620381116867,0.1718028038740158,0.19721734523773193,normal
173,50,ABLATION2_repeated_spike,MOPER_NO_WSHIFT,50,1.0,0,0.060625,0.197,0.5,0.5,-0.1288125,-0.06330479681491852,0.011912323534488678,0.12408782541751862,0.08624012768268585,0.1620047688484192,0.18541333079338074,normal
174,50,ABLATION2_repeated_spike,MOPER_NO_WSHIFT,50,0.0,1,0.09,0.11199999999999999,0.5,0.5,-0.10099999999999999,-0.05916690453886986,0.012536092661321163,0.1289733648300171,0.09149942547082901,0.16656449437141418,0.19194874167442322,normal
175,50,ABLATION2_repeated_spike,MOPER_NO_WSHIFT,50,0.0,1,0.09,0.11199999999999999,0.5,0.5,-0.10099999999999999,-0.0725189596414566,0.010260102339088917,0.1191944107413292,0.08219113945960999,0.1562659591436386,0.17865502834320068,normal
176,50,ABLATION2_repeated_spike,MOPER_NO_WSHIFT,50,0.0,1,0.09,0.11199999999999999,0.5,0.5,-0.10099999999999999,-0.0631939023733139,0.012876802124083042,0.13070857524871826,0.09020209312438965,0.17136701941490173,0.19559346139431,normal
177,50,ABLATION2_repeated_spike,MOPER_NO_WSHIFT,50,1.0,0,0.060625,0.197,0.5,0.5,-0.1288125,-0.12530136108398438,0.017604755237698555,0.12194845080375671,0.08072817325592041,0.16316871345043182,0.18414156138896942,normal
178,50,ABLATION2_repeated_spike,MOPER_NO_WSHIFT,50,0.0,1,0.09,0.11199999999999999,0.5,0.5,-0.10099999999999999,-0.08017744868993759,0.01276237890124321,0.1288202702999115,0.08810202777385712,0.16956767439842224,0.19305437803268433,normal
179,50,ABLATION2_repeated_spike,MOPER_NO_WSHIFT,50,1.0,0,0.060625,0.197,0.5,0.5,-0.1288125,-0.07366149127483368,0.010979720391333103,0.12533223628997803,0.08596598356962204,0.16469848155975342,0.1879356950521469,normal
180,50,ABLATION2_repeated_spike,MOPER_NO_WSHIFT,50,0.0,1,0.09,0.11199999999999999,0.5,0.5,-0.10099999999999999,-0.07882433384656906,0.015059101395308971,0.13389639556407928,0.09246028959751129,0.17533251643180847,0.20033368468284607,normal
181,50,ABLATION2_repeated_spike,MOPER_NO_WSHIFT,50,0.0,1,0.09,0.11199999999999999,0.5,0.5,-0.10099999999999999,-0.0819253921508789,0.01339587289839983,0.12847237288951874,0.08618361502885818,0.1707611232995987,0.1933748424053192,normal
182,50,ABLATION2_repeated_spike,MOPER_NO_WSHIFT,50,0.0,1,0.09,0.11199999999999999,0.5,0.5,-0.10099999999999999,-0.06326433271169662,0.013684441335499287,0.1347893923521042,0.09643276780843735,0.17314602434635162,0.20023635029792786,normal
183,50,ABLATION2_repeated_spike,MOPER_NO_WSHIFT,50,0.0,1,0.09,0.11199999999999999,0.5,0.5,-0.10099999999999999,-0.09295651316642761,0.02068212255835533,0.12676268815994263,0.09250765293836594,0.16101773083209991,0.18759295344352722,normal
184,50,ABLATION2_repeated_spike,MOPER_NO_WSHIFT,50,0.0,1,0.09,0.11199999999999999,0.5,0.5,-0.10099999999999999,-0.08394959568977356,0.01126590371131897,0.1254706084728241,0.0858071967959404,0.165133997797966,0.18821996450424194,normal
185,50,ABLATION2_repeated_spike,MOPER_NO_WSHIFT,50,0.0,1,0.09,0.11199999999999999,0.5,0.5,-0.10099999999999999,-0.08311142027378082,0.01665622927248478,0.14212742447853088,0.09930996596813202,0.18494486808776855,0.2120913863182068,normal
186,50,ABLATION2_repeated_spike,MOPER_NO_WSHIFT,50,0.0,1,0.09,0.11199999999999999,0.5,0.5,-0.10099999999999999,-0.1342708021402359,0.026714634150266647,0.14409291744232178,0.09955812990665436,0.18862773478031158,0.21553805470466614,normal
187,50,ABLATION2_repeated_spike,MOPER_NO_WSHIFT,50,0.0,1,0.09,0.11199999999999999,0.5,0.5,-0.10099999999999999,-0.13254818320274353,0.02001722902059555,0.12968286871910095,0.0907227024435997,0.168643057346344,0.19377747178077698,normal
188,50,ABLATION2_repeated_spike,MOPER_NO_WSHIFT,50,0.0,1,0.09,0.11199999999999999,0.5,0.5,-0.10099999999999999,-0.10899069160223007,0.023806080222129822,0.13441482186317444,0.09726022928953171,0.17156942188739777,0.19944444298744202,normal
189,50,ABLATION2_repeated_spike,MOPER_NO_WSHIFT,50,0.0,1,0.09,0.11199999999999999,0.5,0.5,-0.10099999999999999,-0.13193468749523163,0.026963675394654274,0.14434005320072174,0.10004457831382751,0.18863555788993835,0.21591892838478088,normal
190,50,ABLATION2_repeated_spike,MOPER_NO_WSHIFT,50,0.0,1,0.09,0.11199999999999999,0.5,0.5,-0.10099999999999999,-0.15018387138843536,0.019854508340358734,0.12990449368953705,0.09139768034219742,0.1684112846851349,0.19391345977783203,normal
191,50,ABLATION2_repeated_spike,MOPER_NO_WSHIFT,50,0.0,1,0.09,0.11199999999999999,0.5,0.5,-0.10099999999999999,-0.0788297951221466,0.013744184747338295,0.13530923426151276,0.09565213322639465,0.17502498626708984,0.2019088715314865,normal
192,50,ABLATION2_repeated_spike,MOPER_NO_WSHIFT,50,0.0,1,0.09,0.11199999999999999,0.5,0.5,-0.10099999999999999,-0.08677356690168381,0.013700343668460846,0.13296467065811157,0.09340270608663559,0.17258507013320923,0.19870451092720032,normal
193,50,ABLATION2_repeated_spike,MOPER_NO_WSHIFT,50,0.0,1,0.09,0.11199999999999999,0.5,0.5,-0.10099999999999999,-0.12759797275066376,0.021618762984871864,0.1274435967206955,0.08845039457082748,0.1664367914199829,0.19122421741485596,normal
194,50,ABLATION2_repeated_spike,MOPER_NO_WSHIFT,50,0.0,1,0.09,0.11199999999999999,0.5,0.5,-0.10099999999999999,-0.13572092354297638,0.025135604664683342,0.1372249573469162,0.09616643190383911,0.1782834827899933,0.2052251398563385,normal
195,50,ABLATION2_repeated_spike,MOPER_NO_WSHIFT,50,0.0,1,0.09,0.11199999999999999,0.5,0.5,-0.10099999999999999,-0.10269341617822647,0.016006018966436386,0.14296574890613556,0.09746892005205154,0.18846258521080017,0.21478983759880066,normal
196,50,ABLATION2_repeated_spike,MOPER_NO_WSHIFT,50,0.0,1,0.09,0.11199999999999999,0.5,0.5,-0.10099999999999999,-0.06313257664442062,0.009823663160204887,0.11790364980697632,0.08630731701850891,0.14949998259544373,0.1750028133392334,normal
197,50,ABLATION2_repeated_spike,MOPER_NO_WSHIFT,50,0.0,1,0.09,0.11199999999999999,0.5,0.5,-0.10099999999999999,-0.09036646038293839,0.01623087376356125,0.13410145044326782,0.0938958004117012,0.17430710792541504,0.20076245069503784,normal
198,50,ABLATION2_repeated_spike,MOPER_NO_WSHIFT,50,0.0,1,0.09,0.11199999999999999,0.5,0.5,-0.10099999999999999,-0.08976225554943085,0.011382432654500008,0.11630968004465103,0.08279327303171158,0.14982609450817108,0.17371012270450592,normal
199,50,ABLATION2_repeated_spike,MOPER_NO_WSHIFT,50,1.0,0,0.060625,0.197,0.5,0.5,-0.1288125,-0.10567181557416916,0.018233653157949448,0.134250670671463,0.09275932610034943,0.1757420301437378,0.20146623253822327,normal
200,50,ABLATION2_repeated_spike,MOPER_NO_WSHIFT,50,0.0,1,0.09,0.11199999999999999,0.5,0.5,-0.10099999999999999,-0.10445643216371536,0.018561840057373047,0.1377163529396057,0.09816879779100418,0.17726393043994904,0.20514771342277527,normal
201,50,ABLATION2_repeated_spike,MOPER_NO_WSHIFT,50,0.0,1,0.09,0.11199999999999999,0.5,0.5,-0.10099999999999999,-0.12024581432342529,0.017748450860381126,0.13171625137329102,0.08828549087047577,0.17514702677726746,0.19895941019058228,normal
202,50,ABLATION2_repeated_spike,MOPER_NO_WSHIFT,50,0.0,1,0.09,0.11199999999999999,0.5,0.5,-0.10099999999999999,-0.13757553696632385,0.017742758616805077,0.12221761792898178,0.08825578540563583,0.15617945790290833,0.18179598450660706,normal
203,50,ABLATION2_repeated_spike,MOPER_NO_WSHIFT,50,0.0,1,0.09,0.11199999999999999,0.5,0.5,-0.10099999999999999,-0.0965767428278923,0.01339415367692709,0.12627339363098145,0.0904158428311348,0.1621309518814087,0.18810170888900757,normal
204,50,ABLATION2_repeated_spike,MOPER_NO_WSHIFT,50,0.0,1,0.09,0.11199999999999999,0.5,0.5,-0.10099999999999999,-0.12310214340686798,0.01943306252360344,0.1452057957649231,0.10053782165050507,0.1898737996816635,0.21753379702568054,normal
205,50,ABLATION2_repeated_spike,MOPER_NO_WSHIFT,50,0.0,1,0.09,0.11199999999999999,0.5,0.5,-0.10099999999999999,-0.10374071449041367,0.018930386751890182,0.1380525678396225,0.09612210094928741,0.1799830198287964,0.20684833824634552,normal
206,50,ABLATION2_repeated_spike,MOPER_NO_WSHIFT,50,0.0,1,0.09,0.11199999999999999,0.5,0.5,-0.10099999999999999,-0.10904398560523987,0.020265283063054085,0.1406080722808838,0.10085812211036682,0.18035797774791718,0.20923428237438202,normal
207,50,ABLATION2_repeated_spike,MOPER_NO_WSHIFT,50,0.0,1,0.09,0.11199999999999999,0.5,0.5,-0.10099999999999999,-0.1254301518201828,0.02027353085577488,0.13830430805683136,0.09680645912885666,0.17980217933654785,0.20680230855941772,normal
208,50,ABLATION2_repeated_spike,MOPER_NO_WSHIFT,50,0.0,1,0.09,0.11199999999999999,0.5,0.5,-0.10099999999999999,-0.08905267715454102,0.018662093207240105,0.12906426191329956,0.08979598432779312,0.1683325469493866,0.1937837153673172,normal
209,50,ABLATION2_repeated_spike,MOPER_NO_WSHIFT,50,0.0,1,0.09,0.11199999999999999,0.5,0.5,-0.10099999999999999,-0.11258615553379059,0.020351553335785866,0.13398534059524536,0.09440669417381287,0.17356398701667786,0.20053532719612122,normal
210,50,ABLATION2_repeated_spike,MOPER_NO_WSHIFT,50,0.0,1,0.09,0.11199999999999999,0.5,0.5,-0.10099999999999999,-0.17496339976787567,0.02111828327178955,0.13078545033931732,0.0919175073504448,0.16965338587760925,0.19577808678150177,normal
211,50,ABLATION2_repeated_spike,MOPER_NO_WSHIFT,50,0.0,1,0.09,0.11199999999999999,0.5,0.5,-0.10099999999999999,-0.1130371242761612,0.014562294818460941,0.11980932205915451,0.08339010179042816,0.15622855722904205,0.18026868999004364,normal
212,50,ABLATION2_repeated_spike,MOPER_NO_WSHIFT,50,0.0,1,0.09,0.11199999999999999,0.5,0.5,-0.10099999999999999,-0.12201371788978577,0.023285405710339546,0.1273900866508484,0.09092387557029724,0.16385632753372192,0.19052767753601074,normal
213,50,ABLATION2_repeated_spike,MOPER_NO_WSHIFT,50,0.0,1,0.09,0.11199999999999999,0.5,0.5,-0.10099999999999999,-0.11517858505249023,0.02501620538532734,0.13155996799468994,0.09746946394443512,0.16565048694610596,0.1949516236782074,normal
214,50,ABLATION2_repeated_spike,MOPER_NO_WSHIFT,50,0.0,1,0.09,0.11199999999999999,0.5,0.5,-0.10099999999999999,-0.11076157540082932,0.02061891369521618,0.14048472046852112,0.10103791952133179,0.1800648272037506,0.2094632089138031,normal
215,50,ABLATION2_repeated_spike,MOPER_NO_WSHIFT,50,0.0,1,0.09,0.11199999999999999,0.5,0.5,-0.10099999999999999,-0.12338519841432571,0.019531140103936195,0.12962298095226288,0.09269950538873672,0.1667768657207489,0.1942111700773239,normal
216,50,ABLATION2_repeated_spike,MOPER_NO_WSHIFT,50,1.0,0,0.060625,0.197,0.5,0.5,-0.1288125,-0.0892493724822998,0.009246706031262875,0.10183294862508774,0.07234743237495422,0.13195136189460754,0.1538640856742859,normal
217,50,ABLATION2_repeated_spike,MOPER_NO_WSHIFT,50,0.0,1,0.09,0.11199999999999999,0.5,0.5,-0.10099999999999999,-0.10412299633026123,0.01597684435546398,0.12120461463928223,0.08353576064109802,0.160250723361969,0.18445071578025818,normal
218,50,ABLATION2_repeated_spike,MOPER_NO_WSHIFT,50,0.0,1,0.09,0.11199999999999999,0.5,0.5,-0.10099999999999999,-0.13846717774868011,0.025052592158317566,0.12983375787734985,0.08836756646633148,0.17129996418952942,0.19705800712108612,normal
219,50,ABLATION2_repeated_spike,MOPER_NO_WSHIFT,50,0.0,1,0.09,0.11199999999999999,0.5,0.5,-0.10099999999999999,-0.12786684930324554,0.016632217913866043,0.12802357971668243,0.08867882192134857,0.168198823928833,0.1935182362794876,normal
220,50,ABLATION2_repeated_spike,MOPER_NO_WSHIFT,50,0.0,1,0.09,0.11199999999999999,0.5,0.5,-0.10099999999999999,-0.11260585486888885,0.01975579932332039,0.13895119726657867,0.09871000051498413,0.17962807416915894,0.20855385065078735,normal
221,50,ABLATION2_repeated_spike,MOPER_NO_WSHIFT,50,0.0,1,0.09,0.11199999999999999,0.5,0.5,-0.10099999999999999,-0.10035137087106705,0.01619667187333107,0.12288456410169601,0.08892756700515747,0.15826968848705292,0.18498754501342773,normal
222,50,ABLATION2_repeated_spike,MOPER_NO_WSHIFT,50,0.0,1,0.09,0.11199999999999999,0.5,0.5,-0.10099999999999999,-0.14353404939174652,0.021104171872138977,0.11884448677301407,0.08292199671268463,0.1547670066356659,0.1799897402524948,normal
223,50,ABLATION2_repeated_spike,MOPER_NO_WSHIFT,50,0.0,1,0.09,0.11199999999999999,0.5,0.5,-0.10099999999999999,-0.17006725072860718,0.02658773958683014,0.13629797101020813,0.09732212871313095,0.1752738356590271,0.20439106225967407,normal
224,50,ABLATION2_repeated_spike,MOPER_NO_WSHIFT,50,1.0,0,0.060625,0.197,0.5,0.5,-0.1288125,-0.13616986572742462,0.014326847158372402,0.10841153562068939,0.07394126057624817,0.14288179576396942,0.16519802808761597,normal
225,50,ABLATION2_repeated_spike,MOPER_NO_WSHIFT,50,0.0,1,0.09,0.11199999999999999,0.5,0.5,-0.10099999999999999,-0.11217079311609268,0.018883010372519493,0.13674215972423553,0.0984194427728653,0.17560049891471863,0.20496544241905212,normal
226,50,ABLATION2_repeated_spike,MOPER_NO_WSHIFT,50,0.0,1,0.09,0.11199999999999999,0.5,0.5,-0.10099999999999999,-0.1130295917391777,0.01822437345981598,0.13030025362968445,0.09149166941642761,0.1696242243051529,0.19721725583076477,normal
227,50,ABLATION2_repeated_spike,MOPER_NO_WSHIFT,50,0.0,1,0.09,0.11199999999999999,0.5,0.5,-0.10099999999999999,-0.10013187676668167,0.016685105860233307,0.12423007935285568,0.0879046693444252,0.16203339397907257,0.18872077763080597,normal
228,50,ABLATION2_repeated_spike,MOPER_NO_WSHIFT,50,0.0,1,0.09,0.11199999999999999,0.5,0.5,-0.10099999999999999,-0.09956616163253784,0.016643239185214043,0.12976358830928802,0.09436439722776413,0.16561122238636017,0.19416525959968567,normal
229,50,ABLATION2_repeated_spike,MOPER_NO_WSHIFT,50,0.0,1,0.09,0.11199999999999999,0.5,0.5,-0.10099999999999999,-0.08146264404058456,0.015291251242160797,0.11861663311719894,0.08684392273426056,0.15078027546405792,0.17813464999198914,normal
230,50,ABLATION2_repeated_spike,MOPER_NO_WSHIFT,50,0.0,1,0.09,0.11199999999999999,0.5,0.5,-0.10099999999999999,-0.06851181387901306,0.010578718967735767,0.10940448939800262,0.07849444448947906,0.14061720669269562,0.16528627276420593,normal
231,50,ABLATION2_repeated_spike,MOPER_NO_WSHIFT,50,0.0,1,0.09,0.11199999999999999,0.5,0.5,-0.10099999999999999,-0.1093074381351471,0.01768210530281067,0.1365029513835907,0.09939537197351456,0.17384783923625946,0.2041517198085785,normal
232,50,ABLATION2_repeated_spike,MOPER_NO_WSHIFT,50,0.0,1,0.09,0.11199999999999999,0.5,0.5,-0.10099999999999999,-0.13813605904579163,0.013359403237700462,0.1236797347664833,0.08702234923839569,0.1607133150100708,0.18702957034111023,normal
233,50,ABLATION2_repeated_spike,MOPER_NO_WSHIFT,50,0.0,1,0.09,0.11199999999999999,0.5,0.5,-0.10099999999999999,-0.11296683549880981,0.01810295507311821,0.1326724737882614,0.095486119389534,0.17006728053092957,0.19940322637557983,normal
234,50,ABLATION2_repeated_spike,MOPER_NO_WSHIFT,50,0.0,1,0.09,0.11199999999999999,0.5,0.5,-0.10099999999999999,-0.17772048711776733,0.027433086186647415,0.13746583461761475,0.09800654649734497,0.17692510783672333,0.2063986361026764,normal
235,50,ABLATION2_repeated_spike,MOPER_NO_WSHIFT,50,0.0,1,0.09,0.11199999999999999,0.5,0.5,-0.10099999999999999,-0.10342981666326523,0.01707191951572895,0.12694738805294037,0.09287363290786743,0.1611705720424652,0.1900838017463684,normal
236,50,ABLATION2_repeated_spike,MOPER_NO_WSHIFT,50,0.0,1,0.09,0.11199999999999999,0.5,0.5,-0.10099999999999999,-0.17434071004390717,0.018330663442611694,0.12101604044437408,0.08604691922664642,0.15598517656326294,0.18212860822677612,normal
237,50,ABLATION2_repeated_spike,MOPER_NO_WSHIFT,50,0.0,1,0.09,0.11199999999999999,0.5,0.5,-0.10099999999999999,-0.1076299250125885,0.017775079235434532,0.1290247142314911,0.09346389770507812,0.16481134295463562,0.1940222680568695,normal
238,50,ABLATION2_repeated_spike,MOPER_NO_WSHIFT,50,0.0,1,0.09,0.11199999999999999,0.5,0.5,-0.10099999999999999,-0.1173376813530922,0.016178693622350693,0.12426155805587769,0.08815525472164154,0.16073021292686462,0.18791824579238892,normal
239,50,ABLATION2_repeated_spike,MOPER_NO_WSHIFT,50,0.0,1,0.09,0.11199999999999999,0.5,0.5,-0.10099999999999999,-0.1395789235830307,0.01501094363629818,0.11102506518363953,0.08013905584812164,0.14254127442836761,0.1675659418106079,normal
240,50,ABLATION2_repeated_spike,MOPER_NO_WSHIFT,50,1.0,0,0.060625,0.197,0.5,0.5,-0.1288125,-0.13012495636940002,0.022928548976778984,0.12404687702655792,0.09225655347108841,0.15635645389556885,0.1851968765258789,normal
241,50,ABLATION2_repeated_spike,MOPER_NO_WSHIFT,50,0.0,1,0.09,0.11199999999999999,0.5,0.5,-0.10099999999999999,-0.19790597259998322,0.018501318991184235,0.12550795078277588,0.09023742377758026,0.16124601662158966,0.18786181509494781,normal
242,50,ABLATION2_repeated_spike,MOPER_NO_WSHIFT,50,0.0,1,0.09,0.11199999999999999,0.5,0.5,-0.10099999999999999,-0.14179794490337372,0.016921188682317734,0.12744414806365967,0.09094133973121643,0.1646832376718521,0.19259491562843323,normal
243,50,ABLATION2_repeated_spike,MOPER_NO_WSHIFT,50,0.0,1,0.09,0.11199999999999999,0.5,0.5,-0.10099999999999999,-0.13578760623931885,0.023663034662604332,0.1264844536781311,0.09430374205112457,0.15902480483055115,0.18866556882858276,normal
244,50,ABLATION2_repeated_spike,MOPER_NO_WSHIFT,50,0.0,1,0.09,0.11199999999999999,0.5,0.5,-0.10099999999999999,-0.10760652273893356,0.015505751594901085,0.10774322599172592,0.07670404762029648,0.13920505344867706,0.16375017166137695,normal
245,50,ABLATION2_repeated_spike,MOPER_NO_WSHIFT,50,0.0,1,0.09,0.11199999999999999,0.5,0.5,-0.10099999999999999,-0.11162744462490082,0.015548499301075935,0.11843317747116089,0.08519794046878815,0.15215909481048584,0.17880262434482574,normal
246,50,ABLATION2_repeated_spike,MOPER_NO_WSHIFT,50,0.0,1,0.09,0.11199999999999999,0.5,0.5,-0.10099999999999999,-0.12636920809745789,0.01715361699461937,0.1161004826426506,0.08725245296955109,0.145273357629776,0.17291292548179626,normal
247,50,ABLATION2_repeated_spike,MOPER_NO_WSHIFT,50,0.0,1,0.09,0.11199999999999999,0.5,0.5,-0.10099999999999999,-0.13060635328292847,0.017939968034625053,0.1289932131767273,0.09535276889801025,0.163069486618042,0.1927696019411087,normal
248,50,ABLATION2_repeated_spike,MOPER_NO_WSHIFT,50,0.0,1,0.09,0.11199999999999999,0.5,0.5,-0.10099999999999999,-0.13723576068878174,0.016869960352778435,0.11676587164402008,0.08744309842586517,0.1463559865951538,0.17372004687786102,normal
249,50,ABLATION2_repeated_spike,MOPER_NO_WSHIFT,50,0.0,1,0.09,0.11199999999999999,0.5,0.5,-0.10099999999999999,-0.09287533164024353,0.019044138491153717,0.1343405842781067,0.10298339277505875,0.16611604392528534,0.19905388355255127,normal
250,50,ABLATION2_repeated_spike,MOPER_NO_WSHIFT,50,1.0,0,0.060625,0.197,0.5,0.5,-0.1288125,-0.11334571987390518,0.01884867064654827,0.13373948633670807,0.09740125387907028,0.17066173255443573,0.20115754008293152,normal
251,50,ABLATION2_repeated_spike,MOPER_NO_WSHIFT,50,0.0,1,0.09,0.11199999999999999,0.5,0.5,-0.10099999999999999,-0.1456090211868286,0.010187952779233456,0.10841826349496841,0.0779845342040062,0.13960960507392883,0.1637575626373291,normal
252,50,ABLATION2_repeated_spike,MOPER_NO_WSHIFT,50,0.0,1,0.09,0.11199999999999999,0.5,0.5,-0.10099999999999999,-0.1861390471458435,0.025188220664858818,0.12631690502166748,0.09133143723011017,0.16214519739151,0.19007420539855957,normal
253,50,ABLATION2_repeated_spike,MOPER_NO_WSHIFT,50,0.0,1,0.09,0.11199999999999999,0.5,0.5,-0.10099999999999999,-0.12063248455524445,0.026084594428539276,0.1274482011795044,0.09663443267345428,0.15928298234939575,0.18999716639518738,normal
254,50,ABLATION2_repeated_spike,MOPER_NO_WSHIFT,50,0.0,1,0.09,0.11199999999999999,0.5,0.5,-0.10099999999999999,-0.08135094493627548,0.016355974599719048,0.12254598736763,0.09495937079191208,0.15198524296283722,0.18290509283542633,normal
255,50,ABLATION2_repeated_spike,MOPER_NO_WSHIFT,50,0.0,1,0.09,0.11199999999999999,0.5,0.5,-0.10099999999999999,-0.17138680815696716,0.025223292410373688,0.12584763765335083,0.095797598361969,0.15868787467479706,0.18859350681304932,normal
256,50,ABLATION2_repeated_spike,MOPER_NO_WSHIFT,50,0.0,1,0.09,0.11199999999999999,0.5,0.5,-0.10099999999999999,-0.23770175874233246,0.015326233580708504,0.10840822756290436,0.07456107437610626,0.14798733592033386,0.16929170489311218,normal
257,50,ABLATION2_repeated_spike,MOPER_NO_WSHIFT,50,0.0,1,0.09,0.11199999999999999,0.5,0.5,-0.10099999999999999,-0.09359309822320938,0.01730617880821228,0.1208488717675209,0.09345682710409164,0.15238872170448303,0.18193523585796356,normal
258,50,ABLATION2_repeated_spike,MOPER_NO_WSHIFT,50,0.0,1,0.09,0.11199999999999999,0.5,0.5,-0.10099999999999999,-0.10788466781377792,0.01582806557416916,0.12024503946304321,0.09321711957454681,0.15154871344566345,0.18070335686206818,normal
259,50,ABLATION2_repeated_spike,MOPER_NO_WSHIFT,50,0.0,1,0.09,0.11199999999999999,0.5,0.5,-0.10099999999999999,-0.07311569154262543,0.010835690423846245,0.09325407445430756,0.0748152807354927,0.11837349832057953,0.1426914930343628,normal
260,50,ABLATION2_repeated_spike,MOPER_NO_WSHIFT,50,0.0,1,0.09,0.11199999999999999,0.5,0.5,-0.10099999999999999,-0.13646844029426575,0.023385532200336456,0.12621167302131653,0.09842878580093384,0.1575561761856079,0.1882174015045166,normal
261,50,ABLATION2_repeated_spike,MOPER_NO_WSHIFT,50,0.0,1,0.09,0.11199999999999999,0.5,0.5,-0.10099999999999999,-0.11948031932115555,0.014845339581370354,0.10454872995615005,0.0799160897731781,0.13687285780906677,0.16137902438640594,normal
262,50,ABLATION2_repeated_spike,MOPER_NO_WSHIFT,50,0.0,1,0.09,0.11199999999999999,0.5,0.5,-0.10099999999999999,-0.13678546249866486,0.019188247621059418,0.13507312536239624,0.10472926497459412,0.16948692500591278,0.20159019529819489,normal
263,50,ABLATION2_repeated_spike,MOPER_NO_WSHIFT,50,0.0,1,0.09,0.11199999999999999,0.5,0.5,-0.10099999999999999,-0.14822135865688324,0.023385372012853622,0.12329167872667313,0.09865398705005646,0.15168634057044983,0.18283706903457642,normal
264,50,ABLATION2_repeated_spike,MOPER_NO_WSHIFT,50,0.0,1,0.09,0.11199999999999999,0.5,0.5,-0.10099999999999999,-0.0982113629579544,0.016335804015398026,0.1084330677986145,0.08681406080722809,0.14021091163158417,0.1675507128238678,normal
265,50,ABLATION2_repeated_spike,MOPER_NO_WSHIFT,50,0.0,1,0.09,0.11199999999999999,0.5,0.5,-0.10099999999999999,-0.16838417947292328,0.023655854165554047,0.12216693162918091,0.09606069326400757,0.15705497562885284,0.18641744554042816,normal
266,50,ABLATION2_repeated_spike,MOPER_NO_WSHIFT,50,0.0,1,0.09,0.11199999999999999,0.5,0.5,-0.10099999999999999,-0.08326442539691925,0.016945717856287956,0.10771646350622177,0.09024599194526672,0.13234445452690125,0.16191285848617554,normal
267,50,ABLATION2_repeated_spike,MOPER_NO_WSHIFT,50,0.0,1,0.09,0.11199999999999999,0.5,0.5,-0.10099999999999999,-0.15901286900043488,0.0214165598154068,0.1190769150853157,0.09649541974067688,0.1510985642671585,0.18117937445640564,normal
268,50,ABLATION2_repeated_spike,MOPER_NO_WSHIFT,50,0.0,1,0.09,0.11199999999999999,0.5,0.5,-0.10099999999999999,-0.07635041326284409,0.016364451497793198,0.1044766753911972,0.08853057771921158,0.13330858945846558,0.16191235184669495,normal
269,50,ABLATION2_repeated_spike,MOPER_NO_WSHIFT,50,0.0,1,0.09,0.11199999999999999,0.5,0.5,-0.10099999999999999,-0.06219084933400154,0.007714385166764259,0.09412746131420135,0.08161373436450958,0.11843451112508774,0.14553681015968323,normal
270,50,ABLATION2_repeated_spike,MOPER_NO_WSHIFT,50,0.0,1,0.09,0.11199999999999999,0.5,0.5,-0.10099999999999999,-0.1539536416530609,0.02158006653189659,0.11742518097162247,0.09632836282253265,0.14858445525169373,0.17879542708396912,normal
271,50,ABLATION2_repeated_spike,MOPER_NO_WSHIFT,50,0.0,1,0.09,0.11199999999999999,0.5,0.5,-0.10099999999999999,-0.10677250474691391,0.012813339941203594,0.10070738196372986,0.0840228945016861,0.12567436695098877,0.15273752808570862,normal
272,50,ABLATION2_repeated_spike,MOPER_NO_WSHIFT,50,0.0,1,0.09,0.11199999999999999,0.5,0.5,-0.10099999999999999,-0.15302403271198273,0.022917557507753372,0.12505750358104706,0.09865270555019379,0.15775476396083832,0.18819504976272583,normal
273,50,ABLATION2_repeated_spike,MOPER_NO_WSHIFT,50,0.0,1,0.09,0.11199999999999999,0.5,0.5,-0.10099999999999999,-0.12427372485399246,0.013176243752241135,0.10222093760967255,0.08758324384689331,0.13096565008163452,0.15931791067123413,normal
274,50,ABLATION2_repeated_spike,MOPER_NO_WSHIFT,50,0.0,1,0.09,0.11199999999999999,0.5,0.5,-0.10099999999999999,-0.16621096432209015,0.02145911380648613,0.11661051213741302,0.09642110764980316,0.14766570925712585,0.1778024584054947,normal
275,50,ABLATION2_repeated_spike,MOPER_NO_WSHIFT,50,0.0,1,0.09,0.11199999999999999,0.5,0.5,-0.10099999999999999,-0.1288904994726181,0.020113138481974602,0.10824848711490631,0.09224050492048264,0.14069338142871857,0.16971522569656372,normal
276,50,ABLATION2_repeated_spike,MOPER_NO_WSHIFT,50,0.0,1,0.09,0.11199999999999999,0.5,0.5,-0.10099999999999999,-0.1197417601943016,0.01917828992009163,0.11179560422897339,0.09405556321144104,0.13964661955833435,0.17005443572998047,normal
277,50,ABLATION2_repeated_spike,MOPER_NO_WSHIFT,50,0.0,1,0.09,0.11199999999999999,0.5,0.5,-0.10099999999999999,-0.10278037935495377,0.01808915100991726,0.1045750230550766,0.08970167487859726,0.13320103287696838,0.16228634119033813,normal
278,50,ABLATION2_repeated_spike,MOPER_NO_WSHIFT,50,0.0,1,0.09,0.11199999999999999,0.5,0.5,-0.10099999999999999,-0.1530362218618393,0.022766433656215668,0.12573133409023285,0.10297945141792297,0.15785372257232666,0.1903281956911087,normal
279,50,ABLATION2_repeated_spike,MOPER_NO_WSHIFT,50,0.0,1,0.09,0.11199999999999999,0.5,0.5,-0.10099999999999999,-0.13532176613807678,0.01749807596206665,0.09903810918331146,0.08416418731212616,0.129564106464386,0.1558014154434204,normal
280,50,ABLATION2_repeated_spike,MOPER_NO_WSHIFT,50,0.0,1,0.09,0.11199999999999999,0.5,0.5,-0.10099999999999999,-0.10765577852725983,0.010192524641752243,0.09340609610080719,0.08072993159294128,0.1185472309589386,0.14473052322864532,normal
281,50,ABLATION2_repeated_spike,MOPER_NO_WSHIFT,50,0.0,1,0.09,0.11199999999999999,0.5,0.5,-0.10099999999999999,-0.10815935581922531,0.017246510833501816,0.10224463045597076,0.08754638582468033,0.12817376852035522,0.15660682320594788,normal
282,50,ABLATION2_repeated_spike,MOPER_NO_WSHIFT,50,0.0,1,0.09,0.11199999999999999,0.5,0.5,-0.10099999999999999,-0.09504800289869308,0.01752183586359024,0.10316632688045502,0.09065514802932739,0.12947960197925568,0.15935656428337097,normal
283,50,ABLATION2_repeated_spike,MOPER_NO_WSHIFT,50,0.0,1,0.09,0.11199999999999999,0.5,0.5,-0.10099999999999999,-0.15987341105937958,0.011729318648576736,0.10861405730247498,0.08933937549591064,0.13545328378677368,0.1640440821647644,normal
284,50,ABLATION2_repeated_spike,MOPER_NO_WSHIFT,50,0.0,1,0.09,0.11199999999999999,0.5,0.5,-0.10099999999999999,-0.13868454098701477,0.01225094310939312,0.10109350085258484,0.08526443690061569,0.1279676854610443,0.15526778995990753,normal
285,50,ABLATION2_repeated_spike,MOPER_NO_WSHIFT,50,0.0,1,0.09,0.11199999999999999,0.5,0.5,-0.10099999999999999,-0.13751709461212158,0.021090025082230568,0.11899834871292114,0.09857065975666046,0.14878344535827637,0.18013456463813782,normal
286,50,ABLATION2_repeated_spike,MOPER_NO_WSHIFT,50,0.0,1,0.09,0.11199999999999999,0.5,0.5,-0.10099999999999999,-0.15541405975818634,0.018115326762199402,0.10178935527801514,0.08480772376060486,0.13245205581188202,0.15887267887592316,normal
287,50,ABLATION2_repeated_spike,MOPER_NO_WSHIFT,50,0.0,1,0.09,0.11199999999999999,0.5,0.5,-0.10099999999999999,-0.15227319300174713,0.017912982031702995,0.1071072518825531,0.08777602016925812,0.13315141201019287,0.1609334945678711,normal
288,50,ABLATION2_repeated_spike,MOPER_NO_WSHIFT,50,0.0,1,0.09,0.11199999999999999,0.5,0.5,-0.10099999999999999,-0.0874914601445198,0.014844902791082859,0.11530111730098724,0.09781956672668457,0.14161720871925354,0.17354853451251984,normal
289,50,ABLATION2_repeated_spike,MOPER_NO_WSHIFT,50,0.0,1,0.09,0.11199999999999999,0.5,0.5,-0.10099999999999999,-0.23830141127109528,0.02436482347548008,0.12950365245342255,0.1031198501586914,0.1635524332523346,0.19543668627738953,normal
290,50,ABLATION2_repeated_spike,MOPER_NO_WSHIFT,50,0.0,1,0.09,0.11199999999999999,0.5,0.5,-0.10099999999999999,-0.16884875297546387,0.01334674283862114,0.10511558502912521,0.08687860518693924,0.12982575595378876,0.1577293425798416,normal
291,50,ABLATION2_repeated_spike,MOPER_NO_WSHIFT,50,0.0,1,0.09,0.11199999999999999,0.5,0.5,-0.10099999999999999,-0.1896543949842453,0.013472482562065125,0.10381871461868286,0.0841761901974678,0.13480022549629211,0.16100922226905823,normal
292,50,ABLATION2_repeated_spike,MOPER_NO_WSHIFT,50,0.0,1,0.09,0.11199999999999999,0.5,0.5,-0.10099999999999999,-0.186648890376091,0.019390586763620377,0.10115557909011841,0.08324774354696274,0.13339678943157196,0.1591036021709442,normal
293,50,ABLATION2_repeated_spike,MOPER_NO_WSHIFT,50,0.0,1,0.09,0.11199999999999999,0.5,0.5,-0.10099999999999999,-0.1987808644771576,0.021284189075231552,0.11405046284198761,0.09105284512042999,0.14598408341407776,0.1740862876176834,normal
294,50,ABLATION2_repeated_spike,MOPER_NO_WSHIFT,50,0.0,1,0.09,0.11199999999999999,0.5,0.5,-0.10099999999999999,-0.1091984212398529,0.0183210838586092,0.09728894382715225,0.08079938590526581,0.12462936341762543,0.15062320232391357,normal
295,50,ABLATION2_repeated_spike,MOPER_NO_WSHIFT,50,0.0,1,0.09,0.11199999999999999,0.5,0.5,-0.10099999999999999,-0.16889037191867828,0.010512161068618298,0.09150713682174683,0.07294045388698578,0.11972618103027344,0.14228913187980652,normal
296,50,ABLATION2_repeated_spike,MOPER_NO_WSHIFT,50,0.0,1,0.09,0.11199999999999999,0.5,0.5,-0.10099999999999999,-0.14837482571601868,0.021375417709350586,0.11156834661960602,0.09006974846124649,0.13903963565826416,0.16770267486572266,normal
297,50,ABLATION2_repeated_spike,MOPER_NO_WSHIFT,50,0.0,1,0.09,0.11199999999999999,0.5,0.5,-0.10099999999999999,-0.1021399050951004,0.01898730732500553,0.102918840944767,0.0841408371925354,0.1252892017364502,0.15276479721069336,normal
298,50,ABLATION2_repeated_spike,MOPER_NO_WSHIFT,50,0.0,1,0.09,0.11199999999999999,0.5,0.5,-0.10099999999999999,-0.1701349914073944,0.012970943935215473,0.1063462644815445,0.0842287689447403,0.13063323497772217,0.15706545114517212,normal
299,50,ABLATION2_repeated_spike,MOPER_NO_WSHIFT,50,0.0,1,0.09,0.11199999999999999,0.5,0.5,-0.10099999999999999,-0.18724104762077332,0.011258273385465145,0.09328164160251617,0.07409645617008209,0.12164022773504257,0.14475642144680023,normal
300,50,ABLATION2_repeated_spike,MOPER_NO_WSHIFT,50,0.0,1,0.09,0.11199999999999999,0.5,0.5,-0.10099999999999999,-0.11152457445859909,0.00920272059738636,0.08534220606088638,0.067680224776268,0.11089615523815155,0.1321755349636078,normal
301,50,ABLATION2_repeated_spike,MOPER_NO_WSHIFT,50,0.0,1,0.09,0.11199999999999999,0.5,0.5,-0.10099999999999999,-0.17143405973911285,0.02172708511352539,0.11437386274337769,0.09272386133670807,0.13782471418380737,0.1676885336637497,normal
302,50,ABLATION2_repeated_spike,MOPER_NO_WSHIFT,50,0.0,1,0.09,0.11199999999999999,0.5,0.5,-0.10099999999999999,-0.15484637022018433,0.022870227694511414,0.11535285413265228,0.0933535248041153,0.14013062417507172,0.1700700968503952,normal
303,50,ABLATION2_repeated_spike,MOPER_NO_WSHIFT,50,0.0,1,0.09,0.11199999999999999,0.5,0.5,-0.10099999999999999,-0.0743502676486969,0.012202034704387188,0.09107625484466553,0.07476949691772461,0.11267443001270294,0.13721436262130737,normal
304,50,ABLATION2_repeated_spike,MOPER_NO_WSHIFT,50,0.0,1,0.09,0.11199999999999999,0.5,0.5,-0.10099999999999999,-0.24919529259204865,0.023653894662857056,0.11717236042022705,0.08977166563272476,0.15075735747814178,0.17833459377288818,normal
305,50,ABLATION2_repeated_spike,MOPER_NO_WSHIFT,50,0.0,1,0.09,0.11199999999999999,0.5,0.5,-0.10099999999999999,-0.18838316202163696,0.024113252758979797,0.11508993804454803,0.08935725688934326,0.14484387636184692,0.17276352643966675,normal
306,50,ABLATION2_repeated_spike,MOPER_NO_WSHIFT,50,0.0,1,0.09,0.11199999999999999,0.5,0.5,-0.10099999999999999,-0.11976352334022522,0.010659459978342056,0.09045247733592987,0.07100836932659149,0.11625986546278,0.13890933990478516,normal
307,50,ABLATION2_repeated_spike,MOPER_NO_WSHIFT,50,0.0,1,0.09,0.11199999999999999,0.5,0.5,-0.10099999999999999,-0.21311312913894653,0.02399970404803753,0.12084642052650452,0.0947875827550888,0.1507333666086197,0.18056629598140717,normal
308,50,ABLATION2_repeated_spike,MOPER_NO_WSHIFT,50,0.0,1,0.09,0.11199999999999999,0.5,0.5,-0.10099999999999999,-0.15645325183868408,0.02231261320412159,0.1096419095993042,0.0883539691567421,0.13326354324817657,0.1615920066833496,normal
309,50,ABLATION2_repeated_spike,MOPER_NO_WSHIFT,50,0.0,1,0.09,0.11199999999999999,0.5,0.5,-0.10099999999999999,-0.1829168200492859,0.02298937365412712,0.11322556436061859,0.0898430198431015,0.14105144143104553,0.16950470209121704,normal
310,50,ABLATION2_repeated_spike,MOPER_NO_WSHIFT,50,0.0,1,0.09,0.11199999999999999,0.5,0.5,-0.10099999999999999,-0.2176569402217865,0.025078577920794487,0.12445017695426941,0.09941741824150085,0.15513770282268524,0.18640634417533875,normal
311,50,ABLATION2_repeated_spike,MOPER_NO_WSHIFT,50,0.0,1,0.09,0.11199999999999999,0.5,0.5,-0.10099999999999999,-0.12986168265342712,0.025541607290506363,0.11314187198877335,0.09128198027610779,0.1436925083398819,0.17247147858142853,normal
312,50,ABLATION2_repeated_spike,MOPER_NO_WSHIFT,50,0.0,1,0.09,0.11199999999999999,0.5,0.5,-0.10099999999999999,-0.12435167282819748,0.010097646154463291,0.08519917726516724,0.07009582966566086,0.11162249743938446,0.1336086541414261,normal
313,50,ABLATION2_repeated_spike,MOPER_NO_WSHIFT,50,0.0,1,0.09,0.11199999999999999,0.5,0.5,-0.10099999999999999,-0.14208684861660004,0.021193427965044975,0.10547007620334625,0.08767995238304138,0.13074654340744019,0.15895982086658478,normal
314,50,ABLATION2_repeated_spike,MOPER_NO_WSHIFT,50,0.0,1,0.09,0.11199999999999999,0.5,0.5,-0.10099999999999999,-0.20644646883010864,0.009083190932869911,0.08831556141376495,0.07128961384296417,0.1161244586110115,0.13836239278316498,normal
315,50,ABLATION2_repeated_spike,MOPER_NO_WSHIFT,50,0.0,1,0.09,0.11199999999999999,0.5,0.5,-0.10099999999999999,-0.17483249306678772,0.023324163630604744,0.10704006254673004,0.09058238565921783,0.1387319564819336,0.16722393035888672,normal
316,50,ABLATION2_repeated_spike,MOPER_NO_WSHIFT,50,0.0,1,0.09,0.11199999999999999,0.5,0.5,-0.10099999999999999,-0.17802412807941437,0.019207866862416267,0.1063433513045311,0.09074248373508453,0.13288840651512146,0.1624162197113037,normal
317,50,ABLATION2_repeated_spike,MOPER_NO_WSHIFT,50,0.0,1,0.09,0.11199999999999999,0.5,0.5,-0.10099999999999999,-0.09985916316509247,0.021440504118800163,0.10320340096950531,0.09157682955265045,0.12797453999519348,0.15829923748970032,normal
318,50,ABLATION2_repeated_spike,MOPER_NO_WSHIFT,50,0.0,1,0.09,0.11199999999999999,0.5,0.5,-0.10099999999999999,-0.11458943039178848,0.009604601189494133,0.07745333015918732,0.06839282065629959,0.10396294295787811,0.1261625736951828,normal
319,50,ABLATION2_repeated_spike,MOPER_NO_WSHIFT,50,0.0,1,0.09,0.11199999999999999,0.5,0.5,-0.10099999999999999,-0.14226260781288147,0.01930893585085869,0.09510812163352966,0.0819958820939064,0.12684863805770874,0.15336596965789795,normal
320,50,ABLATION2_repeated_spike,MOPER_NO_WSHIFT,50,0.0,1,0.09,0.11199999999999999,0.5,0.5,-0.10099999999999999,-0.15717902779579163,0.021704616025090218,0.11007380485534668,0.09744870662689209,0.1398278921842575,0.17260318994522095,normal
321,50,ABLATION2_repeated_spike,MOPER_NO_WSHIFT,50,0.0,1,0.09,0.11199999999999999,0.5,0.5,-0.10099999999999999,-0.08778180181980133,0.010072393342852592,0.08960530906915665,0.08219118416309357,0.11134031414985657,0.13991159200668335,normal
322,50,ABLATION2_repeated_spike,MOPER_NO_WSHIFT,50,0.0,1,0.09,0.11199999999999999,0.5,0.5,-0.10099999999999999,-0.1662849485874176,0.01819702982902527,0.09998876601457596,0.08949949592351913,0.12962400913238525,0.16034099459648132,normal
323,50,ABLATION2_repeated_spike,MOPER_NO_WSHIFT,50,0.0,1,0.09,0.11199999999999999,0.5,0.5,-0.10099999999999999,-0.10492437332868576,0.018182598054409027,0.09214605391025543,0.08731260895729065,0.11891790479421616,0.14897049963474274,normal
324,50,ABLATION2_repeated_spike,MOPER_NO_WSHIFT,50,0.0,1,0.09,0.11199999999999999,0.5,0.5,-0.10099999999999999,-0.15109017491340637,0.01902397722005844,0.10508590191602707,0.0897880345582962,0.12806794047355652,0.1589931845664978,normal
325,50,ABLATION2_repeated_spike,MOPER_NO_WSHIFT,50,0.0,1,0.09,0.11199999999999999,0.5,0.5,-0.10099999999999999,-0.1309279203414917,0.01886187493801117,0.10056118667125702,0.09155581146478653,0.1263420283794403,0.15868288278579712,normal
326,50,ABLATION2_repeated_spike,MOPER_NO_WSHIFT,50,0.0,1,0.09,0.11199999999999999,0.5,0.5,-0.10099999999999999,-0.11304409056901932,0.009112952277064323,0.08761469274759293,0.08058743923902512,0.10773607343435287,0.1373147964477539,normal
327,50,ABLATION2_repeated_spike,MOPER_NO_WSHIFT,50,0.0,1,0.09,0.11199999999999999,0.5,0.5,-0.10099999999999999,-0.12669168412685394,0.0178585983812809,0.10215821862220764,0.09421403706073761,0.13022419810295105,0.16386821866035461,normal
328,50,ABLATION2_repeated_spike,MOPER_NO_WSHIFT,50,0.0,1,0.09,0.11199999999999999,0.5,0.5,-0.10099999999999999,-0.13159939646720886,0.016938187181949615,0.095244862139225,0.08881241083145142,0.12306102365255356,0.15554913878440857,normal
329,50,ABLATION2_repeated_spike,MOPER_NO_WSHIFT,50,0.0,1,0.09,0.11199999999999999,0.5,0.5,-0.10099999999999999,-0.026394378393888474,0.007742447312921286,0.07710277289152145,0.08148384839296341,0.09507787972688675,0.1278616487979889,normal
330,50,ABLATION2_repeated_spike,MOPER_NO_WSHIFT,50,0.0,1,0.09,0.11199999999999999,0.5,0.5,-0.10099999999999999,-0.10065486282110214,0.01894601434469223,0.10485286265611649,0.09618419408798218,0.12537258863449097,0.1604941189289093,normal
331,50,ABLATION2_repeated_spike,MOPER_NO_WSHIFT,50,0.0,1,0.09,0.11199999999999999,0.5,0.5,-0.10099999999999999,-0.01042948942631483,0.015057808719575405,0.09164505451917648,0.08738018572330475,0.1075880378484726,0.14123499393463135,normal
332,50,ABLATION2_repeated_spike,MOPER_NO_WSHIFT,50,0.0,1,0.09,0.11199999999999999,0.5,0.5,-0.10099999999999999,-0.08470505475997925,0.017081335186958313,0.09561480581760406,0.09159182012081146,0.1155581995844841,0.15018302202224731,normal
333,50,ABLATION2_repeated_spike,MOPER_NO_WSHIFT,50,0.0,1,0.09,0.11199999999999999,0.5,0.5,-0.10099999999999999,-0.02991926670074463,0.01607566885650158,0.08753860741853714,0.08663821965456009,0.1081400141119957,0.14197102189064026,normal
334,50,ABLATION2_repeated_spike,MOPER_NO_WSHIFT,50,0.0,1,0.09,0.11199999999999999,0.5,0.5,-0.10099999999999999,-0.11249155551195145,0.017427833750844002,0.10925290733575821,0.0979192703962326,0.12897847592830658,0.16494148969650269,normal
335,50,ABLATION2_repeated_spike,MOPER_NO_WSHIFT,50,0.0,1,0.09,0.11199999999999999,0.5,0.5,-0.10099999999999999,-0.11945468187332153,0.016658401116728783,0.10841400921344757,0.09958741068840027,0.12886781990528107,0.16636788845062256,normal
336,50,ABLATION2_repeated_spike,MOPER_NO_WSHIFT,50,0.0,1,0.09,0.11199999999999999,0.5,0.5,-0.10099999999999999,-0.12507915496826172,0.010648084804415703,0.0921197235584259,0.082699716091156,0.11010473221540451,0.14187997579574585,normal
337,50,ABLATION2_repeated_spike,MOPER_NO_WSHIFT,50,0.0,1,0.09,0.11199999999999999,0.5,0.5,-0.10099999999999999,-0.11844245344400406,0.016378259286284447,0.09822878241539001,0.09202012419700623,0.11655321717262268,0.15283280611038208,normal
338,50,ABLATION2_repeated_spike,MOPER_NO_WSHIFT,50,0.0,1,0.09,0.11199999999999999,0.5,0.5,-0.10099999999999999,-0.053946301341056824,0.01625634916126728,0.09748328477144241,0.09213364124298096,0.11563573032617569,0.15199361741542816,normal
339,50,ABLATION2_repeated_spike,MOPER_NO_WSHIFT,50,0.0,1,0.09,0.11199999999999999,0.5,0.5,-0.10099999999999999,0.014587095007300377,0.016300149261951447,0.09806257486343384,0.09988333284854889,0.11174805462360382,0.15384194254875183,normal
340,50,ABLATION2_repeated_spike,MOPER_NO_WSHIFT,50,0.0,1,0.09,0.11199999999999999,0.5,0.5,-0.10099999999999999,-0.10483399033546448,0.009815346449613571,0.09003949165344238,0.08499953150749207,0.10497303307056427,0.13861119747161865,normal
341,50,ABLATION2_repeated_spike,MOPER_NO_WSHIFT,50,0.0,1,0.09,0.11199999999999999,0.5,0.5,-0.10099999999999999,-0.08498732000589371,0.008803245611488819,0.08250303566455841,0.07854034006595612,0.09532114118337631,0.12639909982681274,normal
342,50,ABLATION2_repeated_spike,MOPER_NO_WSHIFT,50,0.0,1,0.09,0.11199999999999999,0.5,0.5,-0.10099999999999999,-0.1083381175994873,0.015622823499143124,0.09762997925281525,0.08995736390352249,0.11496231704950333,0.1492292881011963,normal
343,50,ABLATION2_repeated_spike,MOPER_NO_WSHIFT,50,0.0,1,0.09,0.11199999999999999,0.5,0.5,-0.10099999999999999,-0.04857680946588516,0.008019685745239258,0.07802692800760269,0.0726434513926506,0.09277987480163574,0.12051159143447876,normal
344,50,ABLATION2_repeated_spike,MOPER_NO_WSHIFT,50,0.0,1,0.09,0.11199999999999999,0.5,0.5,-0.10099999999999999,-0.019969088956713676,0.015694081783294678,0.09604118019342422,0.09303075075149536,0.11217435449361801,0.14867398142814636,normal
345,50,ABLATION2_repeated_spike,MOPER_NO_WSHIFT,50,0.0,1,0.09,0.11199999999999999,0.5,0.5,-0.10099999999999999,-0.11358384788036346,0.016389857977628708,0.10012020170688629,0.09360826015472412,0.11841873079538345,0.1537301391363144,normal
346,50,ABLATION2_repeated_spike,MOPER_NO_WSHIFT,50,0.0,1,0.09,0.11199999999999999,0.5,0.5,-0.10099999999999999,-0.11541938781738281,0.016867313534021378,0.1045830249786377,0.09484332799911499,0.12277001142501831,0.15740609169006348,normal
347,50,ABLATION2_repeated_spike,MOPER_NO_WSHIFT,50,0.0,1,0.09,0.11199999999999999,0.5,0.5,-0.10099999999999999,-0.08563053607940674,0.015684138983488083,0.09707240015268326,0.08879208564758301,0.11412569880485535,0.14664675295352936,normal
348,50,ABLATION2_repeated_spike,MOPER_NO_WSHIFT,50,0.0,1,0.09,0.11199999999999999,0.5,0.5,-0.10099999999999999,-0.032721273601055145,0.005833903327584267,0.06865629553794861,0.06283648312091827,0.08080621808767319,0.10368833690881729,normal
349,50,ABLATION2_repeated_spike,MOPER_NO_WSHIFT,50,0.0,1,0.09,0.11199999999999999,0.5,0.5,-0.10099999999999999,-0.053549207746982574,0.007507105357944965,0.07713921368122101,0.07573453336954117,0.09205470979213715,0.12063374370336533,normal
350,50,ABLATION2_repeated_spike,MOPER_NO_WSHIFT,50,0.0,1,0.09,0.11199999999999999,0.5,0.5,-0.10099999999999999,-0.15803568065166473,0.009291231632232666,0.08393058180809021,0.07599595934152603,0.10674210637807846,0.1333579123020172,normal
351,50,ABLATION2_repeated_spike,MOPER_NO_WSHIFT,50,0.0,1,0.09,0.11199999999999999,0.5,0.5,-0.10099999999999999,-0.14322791993618011,0.016638008877635002,0.09408716857433319,0.08402594178915024,0.11818258464336395,0.14715808629989624,normal
352,50,ABLATION2_repeated_spike,MOPER_NO_WSHIFT,50,0.0,1,0.09,0.11199999999999999,0.5,0.5,-0.10099999999999999,-0.045891378074884415,0.005763675551861525,0.0627477765083313,0.06174323707818985,0.0827203020453453,0.10445332527160645,normal
353,50,ABLATION2_repeated_spike,MOPER_NO_WSHIFT,50,0.0,1,0.09,0.11199999999999999,0.5,0.5,-0.10099999999999999,-0.08917111903429031,0.008087057620286942,0.07440254092216492,0.06443629413843155,0.09706149250268936,0.11935578286647797,normal
354,50,ABLATION2_repeated_spike,MOPER_NO_WSHIFT,50,0.0,1,0.09,0.11199999999999999,0.5,0.5,-0.10099999999999999,-0.183345764875412,0.00897428672760725,0.08098673075437546,0.06788485497236252,0.1026177629828453,0.12433631718158722,normal
355,50,ABLATION2_repeated_spike,MOPER_NO_WSHIFT,50,0.0,1,0.09,0.11199999999999999,0.5,0.5,-0.10099999999999999,-0.05420735478401184,0.017318129539489746,0.08461309224367142,0.0756833627820015,0.10481104254722595,0.12997551262378693,normal
356,50,ABLATION2_repeated_spike,MOPER_NO_WSHIFT,50,0.0,1,0.09,0.11199999999999999,0.5,0.5,-0.10099999999999999,-0.2604476511478424,0.01886136457324028,0.0957060232758522,0.07571679353713989,0.12278084456920624,0.1465538591146469,normal
357,50,ABLATION2_repeated_spike,MOPER_NO_WSHIFT,50,0.0,1,0.09,0.11199999999999999,0.5,0.5,-0.10099999999999999,-0.07250799983739853,0.01597406156361103,0.08127784729003906,0.0713079497218132,0.10255534946918488,0.12613093852996826,normal
358,50,ABLATION2_repeated_spike,MOPER_NO_WSHIFT,50,0.0,1,0.09,0.11199999999999999,0.5,0.5,-0.10099999999999999,-0.1581440418958664,0.01781230978667736,0.09534548223018646,0.07898231595754623,0.12075973302125931,0.1459892988204956,normal
359,50,ABLATION2_repeated_spike,MOPER_NO_WSHIFT,50,0.0,1,0.09,0.11199999999999999,0.5,0.5,-0.10099999999999999,-0.07085428386926651,0.005964781157672405,0.06838035583496094,0.057535551488399506,0.08626244962215424,0.10511517524719238,normal
360,50,ABLATION2_repeated_spike,MOPER_NO_WSHIFT,50,0.0,1,0.09,0.11199999999999999,0.5,0.5,-0.10099999999999999,-0.1131533682346344,0.005958124995231628,0.06623286008834839,0.05503661930561066,0.08818019926548004,0.1058119386434555,normal
361,50,ABLATION2_repeated_spike,MOPER_NO_WSHIFT,50,0.0,1,0.09,0.11199999999999999,0.5,0.5,-0.10099999999999999,-0.14594592154026031,0.01833801530301571,0.09129820764064789,0.07818371057510376,0.11272823810577393,0.13866817951202393,normal
362,50,ABLATION2_repeated_spike,MOPER_NO_WSHIFT,50,0.0,1,0.09,0.11199999999999999,0.5,0.5,-0.10099999999999999,-0.057867176830768585,0.014275697991251945,0.08931377530097961,0.07643471658229828,0.10951017588376999,0.13530713319778442,normal
363,50,ABLATION2_repeated_spike,MOPER_NO_WSHIFT,50,0.0,1,0.09,0.11199999999999999,0.5,0.5,-0.10099999999999999,-0.14509600400924683,0.007231924682855606,0.0700967088341713,0.05865390598773956,0.0975140631198883,0.11619854718446732,normal
364,50,ABLATION2_repeated_spike,MOPER_NO_WSHIFT,50,0.0,1,0.09,0.11199999999999999,0.5,0.5,-0.10099999999999999,-0.05640549585223198,0.006957055069506168,0.07135701924562454,0.062095582485198975,0.08767916262149811,0.1084955707192421,normal
365,50,ABLATION2_repeated_spike,MOPER_NO_WSHIFT,50,0.0,1,0.09,0.11199999999999999,0.5,0.5,-0.10099999999999999,-0.10995214432477951,0.01593429408967495,0.0817941203713417,0.07254639267921448,0.10375804454088211,0.1274038851261139,normal
366,50,ABLATION2_repeated_spike,MOPER_NO_WSHIFT,50,0.0,1,0.09,0.11199999999999999,0.5,0.5,-0.10099999999999999,-0.08953040838241577,0.017401551827788353,0.08799957484006882,0.07605108618736267,0.1096072569489479,0.13481417298316956,normal
367,50,ABLATION2_repeated_spike,MOPER_NO_WSHIFT,50,0.0,1,0.09,0.11199999999999999,0.5,0.5,-0.10099999999999999,-0.11963345110416412,0.015555410645902157,0.08109687268733978,0.07268032431602478,0.10369214415550232,0.12803390622138977,normal
368,50,ABLATION2_repeated_spike,MOPER_NO_WSHIFT,50,0.0,1,0.09,0.11199999999999999,0.5,0.5,-0.10099999999999999,-0.026207417249679565,0.01421372964978218,0.07406742870807648,0.07261541485786438,0.09663008898496628,0.12169185280799866,normal
369,50,ABLATION2_repeated_spike,MOPER_NO_WSHIFT,50,0.0,1,0.09,0.11199999999999999,0.5,0.5,-0.10099999999999999,-0.11360369622707367,0.014948130585253239,0.07859030365943909,0.07477525621652603,0.10503432899713516,0.1305137276649475,normal
370,50,ABLATION2_repeated_spike,MOPER_NO_WSHIFT,50,0.0,1,0.09,0.11199999999999999,0.5,0.5,-0.10099999999999999,-0.0028151662554591894,0.003758127335458994,0.05888567119836807,0.061015576124191284,0.07217110693454742,0.09535430371761322,normal
371,50,ABLATION2_repeated_spike,MOPER_NO_WSHIFT,50,0.0,1,0.09,0.11199999999999999,0.5,0.5,-0.10099999999999999,-0.051925256848335266,0.005344978999346495,0.057231102138757706,0.0614769384264946,0.07392571866512299,0.09760965406894684,normal
372,50,ABLATION2_repeated_spike,MOPER_NO_WSHIFT,50,0.0,1,0.09,0.11199999999999999,0.5,0.5,-0.10099999999999999,-0.03791346773505211,0.01149304211139679,0.08558034896850586,0.07975082844495773,0.10163694620132446,0.1303284764289856,normal
373,50,ABLATION2_repeated_spike,MOPER_NO_WSHIFT,50,0.0,1,0.09,0.11199999999999999,0.5,0.5,-0.10099999999999999,-0.0967918261885643,0.006734030321240425,0.06804469972848892,0.06700683385133743,0.08620969206094742,0.11127781867980957,normal
374,50,ABLATION2_repeated_spike,MOPER_NO_WSHIFT,50,0.0,1,0.09,0.11199999999999999,0.5,0.5,-0.10099999999999999,-0.044369664043188095,0.01307134423404932,0.07977554202079773,0.0752703845500946,0.09392105042934418,0.12158947438001633,normal
375,50,ABLATION2_repeated_spike,MOPER_NO_WSHIFT,50,0.0,1,0.09,0.11199999999999999,0.5,0.5,-0.10099999999999999,-0.05685917288064957,0.013353878632187843,0.07761998474597931,0.07548587769269943,0.09804648905992508,0.12526950240135193,normal
376,50,ABLATION2_repeated_spike,MOPER_NO_WSHIFT,50,0.0,1,0.09,0.11199999999999999,0.5,0.5,-0.10099999999999999,-0.12622714042663574,0.014539944007992744,0.08600957691669464,0.0839139074087143,0.10577932000160217,0.13774871826171875,normal
377,50,ABLATION2_repeated_spike,MOPER_NO_WSHIFT,50,0.0,1,0.09,0.11199999999999999,0.5,0.5,-0.10099999999999999,-0.06858008354902267,0.014857525937259197,0.0865553468465805,0.08664370328187943,0.10626769065856934,0.1407495141029358,normal
378,50,ABLATION2_repeated_spike,MOPER_NO_WSHIFT,50,0.0,1,0.09,0.11199999999999999,0.5,0.5,-0.10099999999999999,-0.025021197274327278,0.013336937874555588,0.07828576862812042,0.08403343707323074,0.09495975822210312,0.12944644689559937,normal
379,50,ABLATION2_repeated_spike,MOPER_NO_WSHIFT,50,0.0,1,0.09,0.11199999999999999,0.5,0.5,-0.10099999999999999,0.0014670764794573188,0.01247478649020195,0.08056341111660004,0.07887087017297745,0.09307277202606201,0.1238551139831543,normal
380,50,ABLATION2_repeated_spike,MOPER_NO_WSHIFT,50,0.0,1,0.09,0.11199999999999999,0.5,0.5,-0.10099999999999999,-0.01396152377128601,0.013271372765302658,0.08406639099121094,0.08411692082881927,0.09773189574480057,0.13142678141593933,normal
381,50,ABLATION2_repeated_spike,MOPER_NO_WSHIFT,50,0.0,1,0.09,0.11199999999999999,0.5,0.5,-0.10099999999999999,0.01066747959703207,0.007913886569440365,0.07608338445425034,0.07868778705596924,0.08375263959169388,0.117156982421875,normal
382,50,ABLATION2_repeated_spike,MOPER_NO_WSHIFT,50,0.0,1,0.09,0.11199999999999999,0.5,0.5,-0.10099999999999999,-0.05133672058582306,0.01032748632133007,0.08577407151460648,0.09089448302984238,0.09710144251585007,0.139010488986969,normal
383,50,ABLATION2_repeated_spike,MOPER_NO_WSHIFT,50,0.0,1,0.09,0.11199999999999999,0.5,0.5,-0.10099999999999999,-0.009031135588884354,0.007231820374727249,0.07195490598678589,0.07601110637187958,0.08184733241796494,0.11569271981716156,normal
384,50,ABLATION2_repeated_spike,MOPER_NO_WSHIFT,50,0.0,1,0.09,0.11199999999999999,0.5,0.5,-0.10099999999999999,-0.09039071947336197,0.013823800720274448,0.08988279104232788,0.08966127783060074,0.10581975430250168,0.14303691685199738,normal
385,50,ABLATION2_repeated_spike,MOPER_NO_WSHIFT,50,0.0,1,0.09,0.11199999999999999,0.5,0.5,-0.10099999999999999,-0.11009647697210312,0.0070269908756017685,0.07119899243116379,0.0674852505326271,0.08432839810848236,0.11187489330768585,normal
386,50,ABLATION2_repeated_spike,MOPER_NO_WSHIFT,50,0.0,1,0.09,0.11199999999999999,0.5,0.5,-0.10099999999999999,-0.0758778378367424,0.00896336417645216,0.08223357796669006,0.08094190061092377,0.09599952399730682,0.12877246737480164,normal
387,50,ABLATION2_repeated_spike,MOPER_NO_WSHIFT,50,0.0,1,0.09,0.11199999999999999,0.5,0.5,-0.10099999999999999,0.020327603444457054,0.012358931824564934,0.07659857720136642,0.07847860455513,0.09080392867326736,0.12165903300046921,normal
388,50,ABLATION2_repeated_spike,MOPER_NO_WSHIFT,50,0.0,1,0.09,0.11199999999999999,0.5,0.5,-0.10099999999999999,-0.05940445140004158,0.00706669595092535,0.07296763360500336,0.07259301841259003,0.08530818670988083,0.11402304470539093,normal
389,50,ABLATION2_repeated_spike,MOPER_NO_WSHIFT,50,0.0,1,0.09,0.11199999999999999,0.5,0.5,-0.10099999999999999,-0.03085222840309143,0.005768595263361931,0.06249932944774628,0.06486713886260986,0.07741551101207733,0.10326537489891052,normal
390,50,ABLATION2_repeated_spike,MOPER_NO_WSHIFT,50,0.0,1,0.09,0.11199999999999999,0.5,0.5,-0.10099999999999999,-0.09420274943113327,0.0061911316588521,0.060137927532196045,0.06340616941452026,0.08107905089855194,0.10504055768251419,normal
391,50,ABLATION2_repeated_spike,MOPER_NO_WSHIFT,50,0.0,1,0.09,0.11199999999999999,0.5,0.5,-0.10099999999999999,-0.013937113806605339,0.009936213493347168,0.0631541833281517,0.06344207376241684,0.07959537953138351,0.102675661444664,normal
392,50,ABLATION2_repeated_spike,MOPER_NO_WSHIFT,50,0.0,1,0.09,0.11199999999999999,0.5,0.5,-0.10099999999999999,-0.041985806077718735,0.012490877881646156,0.06778424978256226,0.07170165330171585,0.08997008949518204,0.11668676137924194,normal
393,50,ABLATION2_repeated_spike,MOPER_NO_WSHIFT,50,0.0,1,0.09,0.11199999999999999,0.5,0.5,-0.10099999999999999,-0.09013982117176056,0.01348081137984991,0.07595793902873993,0.07492582499980927,0.09830976277589798,0.12552011013031006,normal
394,50,ABLATION2_repeated_spike,MOPER_NO_WSHIFT,50,0.0,1,0.09,0.11199999999999999,0.5,0.5,-0.10099999999999999,-0.08740225434303284,0.01315316092222929,0.07607760280370712,0.07660537958145142,0.09588403254747391,0.1242421567440033,normal
395,50,ABLATION2_repeated_spike,MOPER_NO_WSHIFT,50,0.0,1,0.09,0.11199999999999999,0.5,0.5,-0.10099999999999999,-0.08458712697029114,0.013295642100274563,0.07815802097320557,0.0726436898112297,0.0980716273188591,0.12361732125282288,normal
396,50,ABLATION2_repeated_spike,MOPER_NO_WSHIFT,50,0.0,1,0.09,0.11199999999999999,0.5,0.5,-0.10099999999999999,-0.05746322125196457,0.012181011959910393,0.07262253761291504,0.07088270038366318,0.09104864299297333,0.11669463664293289,normal
397,50,ABLATION2_repeated_spike,MOPER_NO_WSHIFT,50,0.0,1,0.09,0.11199999999999999,0.5,0.5,-0.10099999999999999,-0.0736423209309578,0.004285871051251888,0.05216402933001518,0.05272214114665985,0.06737283617258072,0.08691111952066422,normal
398,50,ABLATION2_repeated_spike,MOPER_NO_WSHIFT,50,0.0,1,0.09,0.11199999999999999,0.5,0.5,-0.10099999999999999,-0.05436195433139801,0.003956057131290436,0.050514813512563705,0.051582783460617065,0.06465303152799606,0.08441278338432312,normal
399,50,ABLATION2_repeated_spike,MOPER_NO_WSHIFT,50,0.0,1,0.09,0.11199999999999999,0.5,0.5,-0.10099999999999999,-0.07250990718603134,0.013589184731245041,0.084664486348629,0.08200027793645859,0.1043568104505539,0.1350557953119278,normal
400,50,ABLATION2_repeated_spike,MOPER_NO_WSHIFT,50,0.0,1,0.09,0.11199999999999999,0.5,0.5,-0.10099999999999999,-0.02729691006243229,0.004632118623703718,0.05675465241074562,0.0557391420006752,0.0683014839887619,0.08940862864255905,normal
401,50,ABLATION2_repeated_spike,MOPER_NO_WSHIFT,50,0.0,1,0.09,0.11199999999999999,0.5,0.5,-0.10099999999999999,-0.060798272490501404,0.006468369625508785,0.06783027201890945,0.06665237993001938,0.08106064051389694,0.10688364505767822,normal
402,50,ABLATION2_repeated_spike,MOPER_NO_WSHIFT,50,0.0,1,0.09,0.11199999999999999,0.5,0.5,-0.10099999999999999,-0.04401308670639992,0.011442968621850014,0.06925804913043976,0.06810148060321808,0.08534587174654007,0.11039909720420837,normal
403,50,ABLATION2_repeated_spike,MOPER_NO_WSHIFT,50,0.0,1,0.09,0.11199999999999999,0.5,0.5,-0.10099999999999999,-0.08533225208520889,0.012131881900131702,0.07455159723758698,0.06991356611251831,0.09277608245611191,0.11782000958919525,normal
404,50,ABLATION2_repeated_spike,MOPER_NO_WSHIFT,50,0.0,1,0.09,0.11199999999999999,0.5,0.5,-0.10099999999999999,-0.04654162749648094,0.005584569647908211,0.06216500699520111,0.06332123279571533,0.07850421965122223,0.10217254608869553,normal
405,50,ABLATION2_repeated_spike,MOPER_NO_WSHIFT,50,0.0,1,0.09,0.11199999999999999,0.5,0.5,-0.10099999999999999,-0.06623208522796631,0.011814234778285027,0.0691986232995987,0.06649139523506165,0.08873943239450455,0.11234849691390991,normal
406,50,ABLATION2_repeated_spike,MOPER_NO_WSHIFT,50,0.0,1,0.09,0.11199999999999999,0.5,0.5,-0.10099999999999999,-0.07517798244953156,0.012001573108136654,0.07047504931688309,0.0672365128993988,0.0896529033780098,0.11401344835758209,normal
407,50,ABLATION2_repeated_spike,MOPER_NO_WSHIFT,50,0.0,1,0.09,0.11199999999999999,0.5,0.5,-0.10099999999999999,-0.08736811578273773,0.005384535063058138,0.05815861374139786,0.058388739824295044,0.0759110301733017,0.09753365814685822,normal
408,50,ABLATION2_repeated_spike,MOPER_NO_WSHIFT,50,0.0,1,0.09,0.11199999999999999,0.5,0.5,-0.10099999999999999,0.01410001516342163,0.004428347107023001,0.052254460752010345,0.05698348581790924,0.0668550431728363,0.08901242911815643,normal
409,50,ABLATION2_repeated_spike,MOPER_NO_WSHIFT,50,0.0,1,0.09,0.11199999999999999,0.5,0.5,-0.10099999999999999,-0.09142015129327774,0.012539051473140717,0.07783541828393936,0.07116499543190002,0.09850975126028061,0.12361246347427368,normal
410,50,ABLATION2_repeated_spike,MOPER_NO_WSHIFT,50,0.0,1,0.09,0.11199999999999999,0.5,0.5,-0.10099999999999999,-0.004386069253087044,0.00420946441590786,0.051109928637742996,0.05668013542890549,0.06559319794178009,0.08769255131483078,normal
411,50,ABLATION2_repeated_spike,MOPER_NO_WSHIFT,50,0.0,1,0.09,0.11199999999999999,0.5,0.5,-0.10099999999999999,-0.03681864216923714,0.012032579630613327,0.07167977094650269,0.07379704713821411,0.09021224081516266,0.1181894987821579,normal
412,50,ABLATION2_repeated_spike,MOPER_NO_WSHIFT,50,0.0,1,0.09,0.11199999999999999,0.5,0.5,-0.10099999999999999,-0.08983612060546875,0.004467840306460857,0.05366639792919159,0.052728429436683655,0.0678422600030899,0.08773403614759445,normal
413,50,ABLATION2_repeated_spike,MOPER_NO_WSHIFT,50,0.0,1,0.09,0.11199999999999999,0.5,0.5,-0.10099999999999999,-0.03440210595726967,0.01042928732931614,0.06169937178492546,0.06188155710697174,0.0783313438296318,0.10144967585802078,normal
414,50,ABLATION2_repeated_spike,MOPER_NO_WSHIFT,50,0.0,1,0.09,0.11199999999999999,0.5,0.5,-0.10099999999999999,-0.028026903048157692,0.010317486710846424,0.06192697584629059,0.06277664005756378,0.07803480327129364,0.10155893862247467,normal
415,50,ABLATION2_repeated_spike,MOPER_NO_WSHIFT,50,0.0,1,0.09,0.11199999999999999,0.5,0.5,-0.10099999999999999,-0.02919391728937626,0.010367006994783878,0.06216298043727875,0.06423027068376541,0.07983710616827011,0.10387401282787323,normal
416,50,ABLATION2_repeated_spike,MOPER_NO_WSHIFT,50,0.0,1,0.09,0.11199999999999999,0.5,0.5,-0.10099999999999999,-0.07307697832584381,0.004752481356263161,0.05703233554959297,0.05291669815778732,0.06981837749481201,0.08987071365118027,normal
417,50,ABLATION2_repeated_spike,MOPER_NO_WSHIFT,50,0.0,1,0.09,0.11199999999999999,0.5,0.5,-0.10099999999999999,-0.0264741200953722,0.004349981434643269,0.0506153367459774,0.05733305215835571,0.06421797722578049,0.08810056000947952,normal
418,50,ABLATION2_repeated_spike,MOPER_NO_WSHIFT,50,0.0,1,0.09,0.11199999999999999,0.5,0.5,-0.10099999999999999,-0.01688605360686779,0.003826685482636094,0.04788556322455406,0.051366135478019714,0.06089373677968979,0.08182750642299652,normal
419,50,ABLATION2_repeated_spike,MOPER_NO_WSHIFT,50,0.0,1,0.09,0.11199999999999999,0.5,0.5,-0.10099999999999999,-0.0585363395512104,0.004410430323332548,0.0536404512822628,0.05346747487783432,0.066682368516922,0.0871974304318428,normal
420,50,ABLATION2_repeated_spike,MOPER_NO_WSHIFT,50,0.0,1,0.09,0.11199999999999999,0.5,0.5,-0.10099999999999999,-0.092025026679039,0.004652892239391804,0.05387631431221962,0.05400514602661133,0.06758379191160202,0.08857422322034836,normal
421,50,ABLATION2_repeated_spike,MOPER_NO_WSHIFT,50,0.0,1,0.09,0.11199999999999999,0.5,0.5,-0.10099999999999999,-0.05537516623735428,0.004334897268563509,0.05657670274376869,0.05307873338460922,0.06773750483989716,0.08694441616535187,normal
422,50,ABLATION2_repeated_spike,MOPER_NO_WSHIFT,50,0.0,1,0.09,0.11199999999999999,0.5,0.5,-0.10099999999999999,-0.025206992402672768,0.010403480380773544,0.06121816858649254,0.059613779187202454,0.0775967463850975,0.09905260801315308,normal
423,50,ABLATION2_repeated_spike,MOPER_NO_WSHIFT,50,0.0,1,0.09,0.11199999999999999,0.5,0.5,-0.10099999999999999,-0.05529602989554405,0.004163186997175217,0.049459755420684814,0.053082652390003204,0.06986314803361893,0.08938160538673401,normal
424,50,ABLATION2_repeated_spike,MOPER_NO_WSHIFT,50,0.0,1,0.09,0.11199999999999999,0.5,0.5,-0.10099999999999999,-0.01562725566327572,0.01092974841594696,0.057551875710487366,0.06352739781141281,0.08021106570959091,0.10310207307338715,normal
425,50,ABLATION2_repeated_spike,MOPER_NO_WSHIFT,50,0.0,1,0.09,0.11199999999999999,0.5,0.5,-0.10099999999999999,-0.04815830662846565,0.003599167801439762,0.04470063000917435,0.044154807925224304,0.061367377638816833,0.07641059160232544,normal
426,50,ABLATION2_repeated_spike,MOPER_NO_WSHIFT,50,0.0,1,0.09,0.11199999999999999,0.5,0.5,-0.10099999999999999,-0.0689365342259407,0.01176518201828003,0.06812125444412231,0.06622140854597092,0.08635874092578888,0.10973082482814789,normal
427,50,ABLATION2_repeated_spike,MOPER_NO_WSHIFT,50,0.0,1,0.09,0.11199999999999999,0.5,0.5,-0.10099999999999999,-0.03806952014565468,0.011547211557626724,0.06653112173080444,0.063276007771492,0.08557473123073578,0.1069771945476532,normal
428,50,ABLATION2_repeated_spike,MOPER_NO_WSHIFT,50,0.0,1,0.09,0.11199999999999999,0.5,0.5,-0.10099999999999999,-0.0527462512254715,0.00325313420034945,0.04363991320133209,0.04628156125545502,0.062037304043769836,0.07817669212818146,normal
429,50,ABLATION2_repeated_spike,MOPER_NO_WSHIFT,50,0.0,1,0.09,0.11199999999999999,0.5,0.5,-0.10099999999999999,-0.07645662873983383,0.0030495559331029654,0.03982827067375183,0.042696788907051086,0.05858026444911957,0.07355700433254242,normal
430,50,ABLATION2_repeated_spike,MOPER_NO_WSHIFT,50,0.0,1,0.09,0.11199999999999999,0.5,0.5,-0.10099999999999999,-0.03409643471240997,0.01138162612915039,0.0647941380739212,0.06384646147489548,0.0808052197098732,0.10366924107074738,normal
431,50,ABLATION2_repeated_spike,MOPER_NO_WSHIFT,50,0.0,1,0.09,0.11199999999999999,0.5,0.5,-0.10099999999999999,-0.01602195017039776,0.011079621501266956,0.05734098702669144,0.05718572437763214,0.0778246819972992,0.09728121757507324,normal
432,50,ABLATION2_repeated_spike,MOPER_NO_WSHIFT,50,0.0,1,0.09,0.11199999999999999,0.5,0.5,-0.10099999999999999,0.003974813036620617,0.011394515633583069,0.06022254005074501,0.06663738191127777,0.08181477338075638,0.10620132088661194,normal
433,50,ABLATION2_repeated_spike,MOPER_NO_WSHIFT,50,0.0,1,0.09,0.11199999999999999,0.5,0.5,-0.10099999999999999,-0.00023037378559820354,0.009837506338953972,0.05545865371823311,0.058231741189956665,0.07245580106973648,0.09408105164766312,normal
434,50,ABLATION2_repeated_spike,MOPER_NO_WSHIFT,50,0.0,1,0.09,0.11199999999999999,0.5,0.5,-0.10099999999999999,-0.05659938603639603,0.009626971557736397,0.05922413617372513,0.054853327572345734,0.07531317323446274,0.095185786485672,normal
435,50,ABLATION2_repeated_spike,MOPER_NO_WSHIFT,50,0.0,1,0.09,0.11199999999999999,0.5,0.5,-0.10099999999999999,0.0068761250004172325,0.003575744805857539,0.04676492512226105,0.0515090748667717,0.05402592569589615,0.07678823173046112,normal
436,50,ABLATION2_repeated_spike,MOPER_NO_WSHIFT,50,0.0,1,0.09,0.11199999999999999,0.5,0.5,-0.10099999999999999,-0.000365080195479095,0.005351026076823473,0.05604367330670357,0.06464442610740662,0.06542748957872391,0.09723448753356934,normal
437,50,ABLATION2_repeated_spike,MOPER_NO_WSHIFT,50,0.0,1,0.09,0.11199999999999999,0.5,0.5,-0.10099999999999999,0.03625375032424927,0.010729022324085236,0.07416990399360657,0.08005443215370178,0.08058473467826843,0.11822953075170517,normal
438,50,ABLATION2_repeated_spike,MOPER_NO_WSHIFT,50,0.0,1,0.09,0.11199999999999999,0.5,0.5,-0.10099999999999999,0.04734331741929054,0.005803032778203487,0.06170888990163803,0.06851355731487274,0.0645190179347992,0.09765104204416275,normal
439,50,ABLATION2_repeated_spike,MOPER_NO_WSHIFT,50,0.0,1,0.09,0.11199999999999999,0.5,0.5,-0.10099999999999999,0.04328595846891403,0.00867113284766674,0.06385624408721924,0.0689205452799797,0.0684548020362854,0.10222557187080383,normal
440,50,ABLATION2_repeated_spike,MOPER_NO_WSHIFT,50,0.0,1,0.09,0.11199999999999999,0.5,0.5,-0.10099999999999999,-0.004892486613243818,0.010228835977613926,0.07320434600114822,0.07507773488759995,0.0784326046705246,0.11361174285411835,normal
441,50,ABLATION2_repeated_spike,MOPER_NO_WSHIFT,50,0.0,1,0.09,0.11199999999999999,0.5,0.5,-0.10099999999999999,-0.011552168056368828,0.011361601762473583,0.08119359612464905,0.08478745818138123,0.08778911083936691,0.1280968189239502,normal
442,50,ABLATION2_repeated_spike,MOPER_NO_WSHIFT,50,0.0,1,0.09,0.11199999999999999,0.5,0.5,-0.10099999999999999,0.01254277117550373,0.006196876522153616,0.06547658890485764,0.06795233488082886,0.06880129873752594,0.0998401939868927,normal
443,50,ABLATION2_repeated_spike,MOPER_NO_WSHIFT,50,0.0,1,0.09,0.11199999999999999,0.5,0.5,-0.10099999999999999,0.003886365331709385,0.0063439118675887585,0.06430048495531082,0.06978059560060501,0.06871313601732254,0.10126709192991257,normal
444,50,ABLATION2_repeated_spike,MOPER_NO_WSHIFT,50,0.0,1,0.09,0.11199999999999999,0.5,0.5,-0.10099999999999999,0.0055101122707128525,0.0055332183837890625,0.05973869562149048,0.06529204547405243,0.06465928256511688,0.09599290788173676,normal
445,50,ABLATION2_repeated_spike,MOPER_NO_WSHIFT,50,0.0,1,0.09,0.11199999999999999,0.5,0.5,-0.10099999999999999,0.023778950795531273,0.008798879571259022,0.06463415920734406,0.06883066892623901,0.07342138141393661,0.1042165756225586,normal
446,50,ABLATION2_repeated_spike,MOPER_NO_WSHIFT,50,0.0,1,0.09,0.11199999999999999,0.5,0.5,-0.10099999999999999,0.018970152363181114,0.007716544903814793,0.05402245745062828,0.05858737975358963,0.0652923434972763,0.09099558740854263,normal
447,50,ABLATION2_repeated_spike,MOPER_NO_WSHIFT,50,0.0,1,0.09,0.11199999999999999,0.5,0.5,-0.10099999999999999,-0.08686904609203339,0.004925308749079704,0.05765308439731598,0.057002633810043335,0.06881575286388397,0.09229405224323273,normal
448,50,ABLATION2_repeated_spike,MOPER_NO_WSHIFT,50,0.0,1,0.09,0.11199999999999999,0.5,0.5,-0.10099999999999999,0.025046464055776596,0.008804818615317345,0.06447918713092804,0.06474306434392929,0.07466620206832886,0.10088388621807098,normal
449,50,ABLATION2_repeated_spike,MOPER_NO_WSHIFT,50,0.0,1,0.09,0.11199999999999999,0.5,0.5,-0.10099999999999999,-0.023254724219441414,0.0032588657923042774,0.04447434842586517,0.04900217056274414,0.05479380488395691,0.07605050504207611,normal
450,50,ABLATION2_repeated_spike,MOPER_NO_WSHIFT,50,0.0,1,0.09,0.11199999999999999,0.5,0.5,-0.10099999999999999,-0.01503056101500988,0.007972605526447296,0.056655727326869965,0.05836869776248932,0.07043588161468506,0.09317168593406677,normal
451,50,ABLATION2_repeated_spike,MOPER_NO_WSHIFT,50,0.0,1,0.09,0.11199999999999999,0.5,0.5,-0.10099999999999999,0.011817707680165768,0.0032905093394219875,0.04268961027264595,0.050359003245830536,0.05354739725589752,0.07454492151737213,normal
452,50,ABLATION2_repeated_spike,MOPER_NO_WSHIFT,50,0.0,1,0.09,0.11199999999999999,0.5,0.5,-0.10099999999999999,0.005067081190645695,0.007108610589057207,0.04712803289294243,0.04854210466146469,0.06014049053192139,0.07793077826499939,normal
453,50,ABLATION2_repeated_spike,MOPER_NO_WSHIFT,50,0.0,1,0.09,0.11199999999999999,0.5,0.5,-0.10099999999999999,-0.030730051919817924,0.0022694708313792944,0.03535252809524536,0.037429213523864746,0.04855614900588989,0.06198339909315109,normal
454,50,ABLATION2_repeated_spike,MOPER_NO_WSHIFT,50,0.0,1,0.09,0.11199999999999999,0.5,0.5,-0.10099999999999999,-0.048597805202007294,0.00756172277033329,0.04932991787791252,0.050750501453876495,0.06767697632312775,0.08568362891674042,normal
455,50,ABLATION2_repeated_spike,MOPER_NO_WSHIFT,50,0.0,1,0.09,0.11199999999999999,0.5,0.5,-0.10099999999999999,0.005724133457988501,0.008673300966620445,0.05879383161664009,0.06287147849798203,0.07781019806861877,0.1010199561715126,normal
456,50,ABLATION2_repeated_spike,MOPER_NO_WSHIFT,50,0.0,1,0.09,0.11199999999999999,0.5,0.5,-0.10099999999999999,0.008547198958694935,0.006804472301155329,0.044091254472732544,0.04824836552143097,0.06041701138019562,0.07792960107326508,normal
457,50,ABLATION2_repeated_spike,MOPER_NO_WSHIFT,50,0.0,1,0.09,0.11199999999999999,0.5,0.5,-0.10099999999999999,-0.01907156966626644,0.006983654573559761,0.0520966537296772,0.048724494874477386,0.06709504127502441,0.08392909169197083,normal
458,50,ABLATION2_repeated_spike,MOPER_NO_WSHIFT,50,0.0,1,0.09,0.11199999999999999,0.5,0.5,-0.10099999999999999,0.00864158384501934,0.0075142281129956245,0.05260516703128815,0.060301005840301514,0.06749367713928223,0.09239493310451508,normal
459,50,ABLATION2_repeated_spike,MOPER_NO_WSHIFT,50,0.0,1,0.09,0.11199999999999999,0.5,0.5,-0.10099999999999999,0.02936922200024128,0.0033062389120459557,0.041752565652132034,0.04653788357973099,0.04904422163963318,0.06900976598262787,normal
460,50,ABLATION2_repeated_spike,MOPER_NO_WSHIFT,50,0.0,1,0.09,0.11199999999999999,0.5,0.5,-0.10099999999999999,-0.008756913244724274,0.007238802500069141,0.05731694772839546,0.05910482257604599,0.06885533034801483,0.09345875680446625,normal
461,50,ABLATION2_repeated_spike,MOPER_NO_WSHIFT,50,0.0,1,0.09,0.11199999999999999,0.5,0.5,-0.10099999999999999,0.012813601642847061,0.006552828010171652,0.05442260578274727,0.05515287071466446,0.06455790996551514,0.08733658492565155,normal
462,50,ABLATION2_repeated_spike,MOPER_NO_WSHIFT,50,0.0,1,0.09,0.11199999999999999,0.5,0.5,-0.10099999999999999,-0.021841267123818398,0.00712623680010438,0.05983694642782211,0.06294265389442444,0.06918595731258392,0.09816796332597733,normal
463,50,ABLATION2_repeated_spike,MOPER_NO_WSHIFT,50,0.0,1,0.09,0.11199999999999999,0.5,0.5,-0.10099999999999999,0.06333934515714645,0.0031635300256311893,0.040814969688653946,0.04999246448278427,0.0430477112531662,0.0688420981168747,normal
464,50,ABLATION2_repeated_spike,MOPER_NO_WSHIFT,50,0.0,1,0.09,0.11199999999999999,0.5,0.5,-0.10099999999999999,0.03604536131024361,0.0023127379827201366,0.03639493137598038,0.04171942174434662,0.0409243106842041,0.06190968304872513,normal
465,50,ABLATION2_repeated_spike,MOPER_NO_WSHIFT,50,0.0,1,0.09,0.11199999999999999,0.5,0.5,-0.10099999999999999,0.03948435187339783,0.005585598759353161,0.04854923114180565,0.05104602128267288,0.05480928719043732,0.07735459506511688,normal
466,50,ABLATION2_repeated_spike,MOPER_NO_WSHIFT,50,0.0,1,0.09,0.11199999999999999,0.5,0.5,-0.10099999999999999,-0.02018589712679386,0.005708090960979462,0.05148324742913246,0.05200130492448807,0.06172621250152588,0.08491319417953491,normal
467,50,ABLATION2_repeated_spike,MOPER_NO_WSHIFT,50,0.0,1,0.09,0.11199999999999999,0.5,0.5,-0.10099999999999999,0.05058100074529648,0.005109486635774374,0.04867712780833244,0.05113524943590164,0.05580438673496246,0.07890526950359344,normal
468,50,ABLATION2_repeated_spike,MOPER_NO_WSHIFT,50,0.0,1,0.09,0.11199999999999999,0.5,0.5,-0.10099999999999999,0.042747288942337036,0.0037568644620478153,0.04577823728322983,0.052427396178245544,0.04864400625228882,0.07420232892036438,normal
469,50,ABLATION2_repeated_spike,MOPER_NO_WSHIFT,50,0.0,1,0.09,0.11199999999999999,0.5,0.5,-0.10099999999999999,0.04653694108128548,0.00598525395616889,0.05347716063261032,0.05997885763645172,0.05930441617965698,0.08909529447555542,normal
470,50,ABLATION2_repeated_spike,MOPER_NO_WSHIFT,50,0.0,1,0.09,0.11199999999999999,0.5,0.5,-0.10099999999999999,0.017475906759500504,0.006251238286495209,0.05478554591536522,0.058293066918849945,0.061306536197662354,0.08816370368003845,normal
471,50,ABLATION2_repeated_spike,MOPER_NO_WSHIFT,50,0.0,1,0.09,0.11199999999999999,0.5,0.5,-0.10099999999999999,0.006506717298179865,0.006774573121219873,0.06312444806098938,0.0636700764298439,0.07140329480171204,0.10006469488143921,normal
472,50,ABLATION2_repeated_spike,MOPER_NO_WSHIFT,50,0.0,1,0.09,0.11199999999999999,0.5,0.5,-0.10099999999999999,0.019806617870926857,0.004642235115170479,0.04431527480483055,0.04469200223684311,0.05131489038467407,0.07106764614582062,normal
473,50,ABLATION2_repeated_spike,MOPER_NO_WSHIFT,50,0.0,1,0.09,0.11199999999999999,0.5,0.5,-0.10099999999999999,-0.019875172525644302,0.002706128405407071,0.04132980853319168,0.03967553377151489,0.048483893275260925,0.06503283977508545,normal
474,50,ABLATION2_repeated_spike,MOPER_NO_WSHIFT,50,0.0,1,0.09,0.11199999999999999,0.5,0.5,-0.10099999999999999,0.018299104645848274,0.005594652146100998,0.051064297556877136,0.05678664147853851,0.0604768842458725,0.08786641061306,normal
475,50,ABLATION2_repeated_spike,MOPER_NO_WSHIFT,50,0.0,1,0.09,0.11199999999999999,0.5,0.5,-0.10099999999999999,0.038234781473875046,0.005118981935083866,0.04599901661276817,0.052345387637615204,0.05648159980773926,0.0795004665851593,normal
476,50,ABLATION2_repeated_spike,MOPER_NO_WSHIFT,50,0.0,1,0.09,0.11199999999999999,0.5,0.5,-0.10099999999999999,0.0008919588290154934,0.0035776805598288774,0.04143477603793144,0.05079605430364609,0.04835227131843567,0.07529795914888382,normal
477,50,ABLATION2_repeated_spike,MOPER_NO_WSHIFT,50,0.0,1,0.09,0.11199999999999999,0.5,0.5,-0.10099999999999999,-0.0022817091085016727,0.0043274532072246075,0.04101664572954178,0.04592284560203552,0.05238001048564911,0.072481170296669,normal
478,50,ABLATION2_repeated_spike,MOPER_NO_WSHIFT,50,0.0,1,0.09,0.11199999999999999,0.5,0.5,-0.10099999999999999,-0.035966143012046814,0.0037663686089217663,0.04225848615169525,0.048135221004486084,0.05476757884025574,0.07601974904537201,normal
479,50,ABLATION2_repeated_spike,MOPER_NO_WSHIFT,50,0.0,1,0.09,0.11199999999999999,0.5,0.5,-0.10099999999999999,-0.007285609375685453,0.005375307518988848,0.049874499440193176,0.05168069899082184,0.0601348876953125,0.08321553468704224,normal
480,50,ABLATION2_repeated_spike,MOPER_NO_WSHIFT,50,0.0,1,0.09,0.11199999999999999,0.5,0.5,-0.10099999999999999,0.005518232472240925,0.0019379120785742998,0.03230830281972885,0.03488706052303314,0.040851593017578125,0.056750476360321045,normal
481,50,ABLATION2_repeated_spike,MOPER_NO_WSHIFT,50,0.0,1,0.09,0.11199999999999999,0.5,0.5,-0.10099999999999999,-0.04141627997159958,0.004746813792735338,0.04098126292228699,0.04309213161468506,0.0578731894493103,0.07509437948465347,normal
482,50,ABLATION2_repeated_spike,MOPER_NO_WSHIFT,50,0.0,1,0.09,0.11199999999999999,0.5,0.5,-0.10099999999999999,-0.010646551847457886,0.002273562829941511,0.03150853514671326,0.03846640884876251,0.04314801096916199,0.060785889625549316,normal
483,50,ABLATION2_repeated_spike,MOPER_NO_WSHIFT,50,0.0,1,0.09,0.11199999999999999,0.5,0.5,-0.10099999999999999,-0.007862202823162079,0.0038204938173294067,0.031160205602645874,0.030229777097702026,0.03992883861064911,0.05193519592285156,normal
484,50,ABLATION2_repeated_spike,MOPER_NO_WSHIFT,50,0.0,1,0.09,0.11199999999999999,0.5,0.5,-0.10099999999999999,-0.06936581432819366,0.0025961254723370075,0.0361255444586277,0.037369243800640106,0.04937708377838135,0.06535263359546661,normal
485,50,ABLATION2_repeated_spike,MOPER_NO_WSHIFT,50,0.0,1,0.09,0.11199999999999999,0.5,0.5,-0.10099999999999999,-0.06168648228049278,0.0017879605293273926,0.026959683746099472,0.025861643254756927,0.04439416527748108,0.053568899631500244,normal
486,50,ABLATION2_repeated_spike,MOPER_NO_WSHIFT,50,0.0,1,0.09,0.11199999999999999,0.5,0.5,-0.10099999999999999,-0.08411475270986557,0.00489379046484828,0.03775971382856369,0.03419938683509827,0.05560384690761566,0.06840614974498749,normal
487,50,ABLATION2_repeated_spike,MOPER_NO_WSHIFT,50,0.0,1,0.09,0.11199999999999999,0.5,0.5,-0.10099999999999999,-0.08249367773532867,0.0048774476163089275,0.037601668387651443,0.031694196164608,0.05560363829135895,0.06725914031267166,normal
488,50,ABLATION2_repeated_spike,MOPER_NO_WSHIFT,50,0.0,1,0.09,0.11199999999999999,0.5,0.5,-0.10099999999999999,-0.07546699792146683,0.0015739711234346032,0.02746972069144249,0.02399361878633499,0.03960135579109192,0.04967822879552841,normal
489,50,ABLATION2_repeated_spike,MOPER_NO_WSHIFT,50,0.0,1,0.09,0.11199999999999999,0.5,0.5,-0.10099999999999999,-0.05736520513892174,0.001433870173059404,0.02360251545906067,0.022943496704101562,0.03690651059150696,0.04646319895982742,normal
490,50,ABLATION2_repeated_spike,MOPER_NO_WSHIFT,50,0.0,1,0.09,0.11199999999999999,0.5,0.5,-0.10099999999999999,-0.05561457946896553,0.001741847605444491,0.025768335908651352,0.02809915691614151,0.03977777063846588,0.05302054435014725,normal
491,50,ABLATION2_repeated_spike,MOPER_NO_WSHIFT,50,0.0,1,0.09,0.11199999999999999,0.5,0.5,-0.10099999999999999,-0.07236102223396301,0.0049387007020413876,0.030655264854431152,0.02512139081954956,0.050378575921058655,0.05824943259358406,normal
492,50,ABLATION2_repeated_spike,MOPER_NO_WSHIFT,50,0.0,1,0.09,0.11199999999999999,0.5,0.5,-0.10099999999999999,-0.08772613853216171,0.005212041083723307,0.03352208808064461,0.028482206165790558,0.054306626319885254,0.06371349841356277,normal
493,50,ABLATION2_repeated_spike,MOPER_NO_WSHIFT,50,0.0,1,0.09,0.11199999999999999,0.5,0.5,-0.10099999999999999,-0.10718733817338943,0.005180251784622669,0.03626890480518341,0.02803836762905121,0.05572758615016937,0.06591369211673737,normal
494,50,ABLATION2_repeated_spike,MOPER_NO_WSHIFT,50,0.0,1,0.09,0.11199999999999999,0.5,0.5,-0.10099999999999999,-0.07971899956464767,0.005010607652366161,0.03220149502158165,0.03033360093832016,0.053511232137680054,0.0637572854757309,normal
495,50,ABLATION2_repeated_spike,MOPER_NO_WSHIFT,50,0.0,1,0.09,0.11199999999999999,0.5,0.5,-0.10099999999999999,-0.11024720221757889,0.004767209757119417,0.03647066652774811,0.027926012873649597,0.05528755486011505,0.06467458605766296,normal
496,50,ABLATION2_repeated_spike,MOPER_NO_WSHIFT,50,0.0,1,0.09,0.11199999999999999,0.5,0.5,-0.10099999999999999,-0.04139982536435127,0.004090518690645695,0.02981393039226532,0.028610512614250183,0.04604785144329071,0.0569048710167408,normal
497,50,ABLATION2_repeated_spike,MOPER_NO_WSHIFT,50,0.0,1,0.09,0.11199999999999999,0.5,0.5,-0.10099999999999999,-0.04561174288392067,0.0012310654856264591,0.01930573582649231,0.02380797266960144,0.033265888690948486,0.04250423237681389,normal
498,50,ABLATION2_repeated_spike,MOPER_NO_WSHIFT,50,0.0,1,0.09,0.11199999999999999,0.5,0.5,-0.10099999999999999,-0.011993201449513435,0.001867231447249651,0.024158388376235962,0.03530392050743103,0.037202924489974976,0.05379008874297142,normal
499,50,ABLATION2_repeated_spike,MOPER_NO_WSHIFT,50,0.0,1,0.09,0.11199999999999999,0.5,0.5,-0.10099999999999999,0.005493884906172752,0.004025714471936226,0.03515176475048065,0.04106421768665314,0.04662652313709259,0.06450985372066498,normal
500,50,ABLATION2_repeated_spike,MOPER_NO_WSHIFT,150,13.0,1,0.11472727272727273,0.21178181818181818,0.5,0.5,-0.16325454545454546,0.0006032745586708188,0.07453112304210663,0.08281579613685608,0.0766783356666565,0.10859216749668121,0.1356893926858902,spike
501,50,ABLATION2_repeated_spike,MOPER_NO_WSHIFT,150,24.700000000000003,1,0.11898181818181819,0.21518545454545457,0.5,0.5,-0.16708363636363638,-0.0017792901489883661,0.09158346056938171,0.1277020275592804,0.1200796365737915,0.162242591381073,0.20641091465950012,spike
502,50,ABLATION2_repeated_spike,MOPER_NO_WSHIFT,150,35.230000000000004,1,0.1228109090909091,0.2182487272727273,0.5,0.5,-0.1705298181818182,-0.011274266988039017,0.16296333074569702,0.20792639255523682,0.18450979888439178,0.2553400993347168,0.32061153650283813,spike
503,50,ABLATION2_repeated_spike,MOPER_NO_WSHIFT,150,44.70700000000001,1,0.1262570909090909,0.22100567272727273,0.5,0.5,-0.17363138181818183,-0.012210022658109665,0.16990430653095245,0.21506477892398834,0.19200526177883148,0.2544642686843872,0.3235390782356262,spike
504,50,ABLATION2_repeated_spike,MOPER_NO_WSHIFT,150,53.2363,1,0.12935865454545456,0.22348692363636366,0.5,0.5,-0.1764227890909091,-0.028259659186005592,0.22064611315727234,0.26299750804901123,0.2274283766746521,0.3153091073036194,0.39196786284446716,spike
505,50,ABLATION2_repeated_spike,MOPER_NO_WSHIFT,150,60.91266999999999,1,0.13215006181818184,0.2257200494545455,0.5,0.5,-0.17893505563636367,0.0104867247864604,0.32344093918800354,0.3918045461177826,0.3351956009864807,0.4640452563762665,0.576130747795105,spike
506,50,ABLATION2_repeated_spike,MOPER_NO_WSHIFT,150,67.821403,1,0.13466232836363637,0.2277298626909091,0.5,0.5,-0.18119609552727273,-0.024471791461110115,0.37629789113998413,0.43817439675331116,0.372582346200943,0.528063178062439,0.6490035057067871,spike
507,50,ABLATION2_repeated_spike,MOPER_NO_WSHIFT,150,74.0392627,1,0.13692336825454546,0.22953869460363638,0.5,0.5,-0.18323103142909092,-0.06819887459278107,0.39429306983947754,0.4622275233268738,0.3872936964035034,0.5564849972724915,0.6812849640846252,spike
508,50,ABLATION2_repeated_spike,MOPER_NO_WSHIFT,150,79.63533643,1,0.13895830415636365,0.23116664332509093,0.5,0.5,-0.1850624737407273,-0.14381039142608643,0.48826295137405396,0.5858014225959778,0.4821372330188751,0.7031462788581848,0.8584650754928589,spike
509,50,ABLATION2_repeated_spike,MOPER_NO_WSHIFT,150,84.671802787,1,0.14078974646800002,0.23263179717440002,0.5,0.5,-0.18671077182120002,-0.17664578557014465,0.539558470249176,0.6362957954406738,0.5167725086212158,0.7596818208694458,0.9246025085449219,spike
510,50,ABLATION2_repeated_spike,MOPER_NO_WSHIFT,150,89.2046225083,1,0.14243804454847273,0.2339504356387782,0.5,0.5,-0.18819424009362545,-0.23452195525169373,0.6170826554298401,0.7397196292877197,0.6011175513267517,0.8816359043121338,1.072292685508728,spike
511,50,ABLATION2_repeated_spike,MOPER_NO_WSHIFT,150,93.28416025747,1,0.14392151282089818,0.23513721025671858,0.5,0.5,-0.1895293615388084,-0.1665962189435959,0.6698062419891357,0.7870988249778748,0.6463195085525513,0.927878201007843,1.1355066299438477,spike
512,50,ABLATION2_repeated_spike,MOPER_NO_WSHIFT,150,96.955744231723,1,0.1452566342660811,0.23620530741286488,0.5,0.5,-0.190730970839473,-0.2680395841598511,0.701023519039154,0.8134282827377319,0.665880560874939,0.9611524343490601,1.1736536026000977,spike
513,50,ABLATION2_repeated_spike,MOPER_NO_WSHIFT,150,100.2601698085507,1,0.1464582435667457,0.23716659485339658,0.5,0.5,-0.19181241921007114,-0.37264612317085266,0.6991474628448486,0.8465383052825928,0.6925919055938721,1.0004847049713135,1.221220850944519,spike
514,50,ABLATION2_repeated_spike,MOPER_NO_WSHIFT,150,103.23415282769564,1,0.14753969193734387,0.2380317535498751,0.5,0.5,-0.1927857227436095,-0.23296120762825012,0.843084454536438,0.9520811438560486,0.7905436754226685,1.1136184930801392,1.3680458068847656,spike
515,50,ABLATION2_repeated_spike,MOPER_NO_WSHIFT,150,105.91073754492608,1,0.1485129954708822,0.23881039637670576,0.5,0.5,-0.19366169592379398,-0.2842647135257721,0.9263137578964233,1.0648306608200073,0.8850013613700867,1.2446599006652832,1.5294815301895142,spike
516,50,ABLATION2_repeated_spike,MOPER_NO_WSHIFT,150,108.31966379043347,1,0.1493889686510667,0.2395111749208534,0.5,0.5,-0.19445007178596005,-0.4367119073867798,0.9773613810539246,1.1267211437225342,0.9324036836624146,1.3210387229919434,1.6197576522827148,spike
517,50,ABLATION2_repeated_spike,MOPER_NO_WSHIFT,150,110.48769741139012,1,0.15017734451323278,0.24014187561058625,0.5,0.5,-0.19515961006190952,-0.41344591975212097,0.8557572960853577,1.0362513065338135,0.861420214176178,1.2110823392868042,1.488584041595459,spike
518,50,ABLATION2_repeated_spike,MOPER_NO_WSHIFT,150,112.4389276702511,1,0.15088688278918225,0.2407095062313458,0.5,0.5,-0.19579819451026403,-0.3725201487541199,1.1606436967849731,1.2921422719955444,1.0828707218170166,1.5014137029647827,1.8530000448226929,spike
519,50,ABLATION2_repeated_spike,MOPER_NO_WSHIFT,150,114.195034903226,1,0.15152546723753674,0.24122037379002942,0.5,0.5,-0.19637292051378308,-0.36757782101631165,1.1727465391159058,1.2357215881347656,1.0395094156265259,1.4319335222244263,1.7709779739379883,spike
520,50,ABLATION2_repeated_spike,MOPER_NO_WSHIFT,150,115.7755314129034,1,0.15210019324105578,0.24168015459284464,0.5,0.5,-0.1968901739169502,-0.39150989055633545,1.2062654495239258,1.339109182357788,1.1329741477966309,1.5452444553375244,1.9175827503204346,spike
521,50,ABLATION2_repeated_spike,MOPER_NO_WSHIFT,150,117.19797827161307,1,0.15261744664422294,0.24209395731537836,0.5,0.5,-0.19735570197980065,-0.5623649954795837,1.521378755569458,1.5257573127746582,1.2890796661376953,1.7624351978302002,2.185220956802368,spike
522,50,ABLATION2_repeated_spike,MOPER_NO_WSHIFT,150,118.47818044445177,1,0.15308297470707338,0.2424663797656587,0.5,0.5,-0.19777467723636605,-0.6394007802009583,1.2282477617263794,1.3505901098251343,1.140477180480957,1.560703158378601,1.9345126152038574,spike
523,50,ABLATION2_repeated_spike,MOPER_NO_WSHIFT,150,119.63036240000659,1,0.15350194996363875,0.24280155997091102,0.5,0.5,-0.19815175496727488,-0.6532773971557617,1.6710386276245117,1.677128791809082,1.4237022399902344,1.930555820465088,2.4001383781433105,spike
524,50,ABLATION2_repeated_spike,MOPER_NO_WSHIFT,150,120.66732616000593,1,0.15387902769454762,0.24310322215563812,0.5,0.5,-0.19849112492509285,-0.6456673741340637,1.7103168964385986,1.7756906747817993,1.5121498107910156,2.039231300354004,2.5400209426879883,spike
525,50,ABLATION2_repeated_spike,MOPER_NO_WSHIFT,150,121.60059354400533,1,0.15421839765236559,0.24337471812189249,0.5,0.5,-0.19879655788712902,-0.5295126438140869,1.3407130241394043,1.5665338039398193,1.3386509418487549,1.7944166660308838,2.240039825439453,spike
526,50,ABLATION2_repeated_spike,MOPER_NO_WSHIFT,150,122.44053418960482,1,0.15452383061440175,0.24361906449152143,0.5,0.5,-0.19907144755296158,-0.5908347964286804,2.0685231685638428,1.8647578954696655,1.601150393486023,2.1283652782440186,2.664262294769287,spike
527,50,ABLATION2_repeated_spike,MOPER_NO_WSHIFT,150,123.19648077064434,1,0.1547987202802343,0.24383897622418746,0.5,0.5,-0.19931884825221088,-0.5415797829627991,1.6898796558380127,1.9170706272125244,1.6495813131332397,2.1845598220825195,2.738215208053589,spike
528,50,ABLATION2_repeated_spike,MOPER_NO_WSHIFT,150,123.8768326935799,1,0.15504612097948361,0.24403689678358692,0.5,0.5,-0.19954150888153527,-0.8708885312080383,2.433368444442749,2.139256477355957,1.841766119003296,2.436746597290039,3.055600643157959,spike
529,50,ABLATION2_repeated_spike,MOPER_NO_WSHIFT,150,124.48914942422192,1,0.155268781608808,0.24421502528704642,0.5,0.5,-0.1997419034479272,-0.5992088317871094,1.6653938293457031,1.8537137508392334,1.598057746887207,2.1093697547912598,2.6475672721862793,spike
530,50,ABLATION2_repeated_spike,MOPER_NO_WSHIFT,150,125.04023448179973,1,0.15546917617519992,0.24437534094015995,0.5,0.5,-0.19992225855767992,-0.7313670516014099,1.5997884273529053,1.7147846221923828,1.4829914569854736,1.946578025817871,2.4482390880584717,spike
531,50,ABLATION2_repeated_spike,MOPER_NO_WSHIFT,150,125.53621103361976,1,0.15564953128495265,0.24451962502796215,0.5,0.5,-0.20008457815645742,-0.6076963543891907,2.7565901279449463,2.276287794113159,1.9795937538146973,2.5729820728302,3.2471871376037598,spike
532,50,ABLATION2_repeated_spike,MOPER_NO_WSHIFT,150,125.9825899302578,1,0.15581185088373012,0.2446494807069841,0.5,0.5,-0.20023066579535712,-0.8061964511871338,1.9167789220809937,1.9207868576049805,1.6678671836853027,2.1737191677093506,2.7409186363220215,spike
533,50,ABLATION2_repeated_spike,MOPER_NO_WSHIFT,150,126.38433093723202,1,0.15595793852262982,0.24476635081810388,0.5,0.5,-0.20036214467036684,-0.8779440522193909,2.644197702407837,2.4538140296936035,2.1308324337005615,2.7767958641052246,3.5012035369873047,spike
534,50,ABLATION2_repeated_spike,MOPER_NO_WSHIFT,150,126.74589784350883,1,0.15608941739763957,0.24487153391811167,0.5,0.5,-0.20048047565787563,-0.7042267322540283,2.9438109397888184,2.505962610244751,2.1848034858703613,2.8271219730377197,3.573599338531494,spike
535,50,ABLATION2_repeated_spike,MOPER_NO_WSHIFT,150,127.07130805915796,1,0.15620774838514834,0.2449661987081187,0.5,0.5,-0.20058697354663352,-0.8514879941940308,3.1781556606292725,2.586230516433716,2.258517026901245,2.9139442443847656,3.687643051147461,spike
536,50,ABLATION2_repeated_spike,MOPER_NO_WSHIFT,150,127.36417725324216,1,0.15631424627390625,0.24505139701912504,0.5,0.5,-0.20068282164651563,-0.5645886063575745,2.1723880767822266,2.66359543800354,2.328960418701172,2.9982309341430664,3.797389268875122,spike
537,50,ABLATION2_repeated_spike,MOPER_NO_WSHIFT,150,127.62775952791793,1,0.15641009437378833,0.2451280754990307,0.5,0.5,-0.20076908493640952,-0.868262529373169,3.4993841648101807,2.7196733951568604,2.3840062618255615,3.0553407669067383,3.876192808151245,spike
538,50,ABLATION2_repeated_spike,MOPER_NO_WSHIFT,150,127.86498357512613,1,0.15649635766368225,0.24519708613094582,0.5,0.5,-0.20084672189731403,-0.5575198531150818,2.0186758041381836,2.627514600753784,2.3043642044067383,2.950664758682251,3.744560718536377,spike
539,50,ABLATION2_repeated_spike,MOPER_NO_WSHIFT,150,128.07848521761352,1,0.15657399462458674,0.24525919569966942,0.5,0.5,-0.20091659516212806,-0.8366508483886719,3.086132049560547,2.8376104831695557,2.494377851486206,3.180842876434326,4.043083667755127,spike
540,50,ABLATION2_repeated_spike,MOPER_NO_WSHIFT,150,128.27063669585218,1,0.1566438678894008,0.24531509431152065,0.5,0.5,-0.2009794811004607,-1.1910738945007324,3.17539644241333,2.5119214057922363,2.2052183151245117,2.818624258041382,3.5795328617095947,spike
541,50,ABLATION2_repeated_spike,MOPER_NO_WSHIFT,150,128.44357302626696,1,0.15670675382773344,0.2453654030621868,0.5,0.5,-0.20103607844496013,-1.1261106729507446,2.8601109981536865,2.424232006072998,2.1338744163513184,2.7145895957946777,3.4535868167877197,spike
542,50,ABLATION2_repeated_spike,MOPER_NO_WSHIFT,150,128.59921572364027,1,0.1567633511722328,0.24541068093778629,0.5,0.5,-0.20108701605500956,-0.8983071446418762,4.537162780761719,3.2550952434539795,2.874350070953369,3.63584041595459,4.635234832763672,spike
543,50,ABLATION2_repeated_spike,MOPER_NO_WSHIFT,150,128.73929415127623,1,0.15681428878228226,0.24545143102582584,0.5,0.5,-0.20113285990405405,-1.4120662212371826,5.420132637023926,3.402918577194214,3.0045554637908936,3.801281452178955,4.845808506011963,spike
544,50,ABLATION2_repeated_spike,MOPER_NO_WSHIFT,150,128.8653647361486,1,0.15686013263132675,0.24548810610506144,0.5,0.5,-0.2011741193681941,-1.3704649209976196,4.787499904632568,3.159930467605591,2.792694568634033,3.5271670818328857,4.499637603759766,spike
545,50,ABLATION2_repeated_spike,MOPER_NO_WSHIFT,150,128.97882826253374,1,0.15690139209546683,0.24552111367637347,0.5,0.5,-0.20121125288592015,-0.5114753842353821,2.0784873962402344,3.445272922515869,3.050511360168457,3.840034008026123,4.90489387512207,spike
546,50,ABLATION2_repeated_spike,MOPER_NO_WSHIFT,150,129.0809454362804,1,0.15693852561319285,0.24555082049055432,0.5,0.5,-0.2012446730518736,-0.8077097535133362,2.977846622467041,2.8801302909851074,2.553774833679199,3.2064859867095947,4.099769592285156,spike
547,50,ABLATION2_repeated_spike,MOPER_NO_WSHIFT,150,129.17285089265235,1,0.1569719457791463,0.24557755662331704,0.5,0.5,-0.20127475120123167,-1.096744179725647,5.6616058349609375,3.735320806503296,3.318519115447998,4.152121543884277,5.315906047821045,spike
548,50,ABLATION2_repeated_spike,MOPER_NO_WSHIFT,150,129.25556580338713,1,0.1570020239285044,0.24560161914280354,0.5,0.5,-0.20130182153565396,-1.3246718645095825,5.429883003234863,3.430455446243286,3.051018714904785,3.8098926544189453,4.88166618347168,spike
549,50,ABLATION2_repeated_spike,MOPER_NO_WSHIFT,150,129.33000922304842,1,0.15702909426292672,0.2456232754103414,0.5,0.5,-0.20132618483663406,-0.8723065257072449,3.581425666809082,3.5198259353637695,3.1341054439544678,3.9055466651916504,5.008212089538574,spike
550,50,ABLATION2_repeated_spike,MOPER_NO_WSHIFT,150,129.39700830074358,1,0.15705345756390676,0.24564276605112545,0.5,0.5,-0.2013481118075161,-1.1759759187698364,4.209201812744141,3.360705852508545,2.98822283744812,3.7331886291503906,4.782435417175293,spike
551,50,ABLATION2_repeated_spike,MOPER_NO_WSHIFT,150,129.4573074706692,1,0.1570753845347888,0.2456603076278311,0.5,0.5,-0.20136784608130995,-0.8256559371948242,3.83756422996521,3.464770555496216,3.0973703861236572,3.8321704864501953,4.927867889404297,spike
552,50,ABLATION2_repeated_spike,MOPER_NO_WSHIFT,150,129.51157672360227,1,0.15709511880858265,0.24567609504686616,0.5,0.5,-0.2013856069277244,-1.6728675365447998,6.3562445640563965,3.6151251792907715,3.228799343109131,4.001450538635254,5.142292022705078,spike
553,50,ABLATION2_repeated_spike,MOPER_NO_WSHIFT,150,129.56041905124204,1,0.15711287965499712,0.2456903037239977,0.5,0.5,-0.2014015916894974,-1.5622433423995972,6.634450912475586,3.8527770042419434,3.4408626556396484,4.2646918296813965,5.480271816253662,spike
554,50,ABLATION2_repeated_spike,MOPER_NO_WSHIFT,150,129.60437714611783,1,0.1571288644167701,0.24570309153341607,0.5,0.5,-0.20141597797509309,-1.7290431261062622,4.064731597900391,2.900336742401123,2.5961496829986572,3.2045235633850098,4.12477445602417,spike
555,50,ABLATION2_repeated_spike,MOPER_NO_WSHIFT,150,129.64393943150606,1,0.15714325070236584,0.2457146005618927,0.5,0.5,-0.20142892563212927,-1.5294760465621948,4.826423168182373,3.4587817192077637,3.0950942039489746,3.822469711303711,4.918946266174316,spike
556,50,ABLATION2_repeated_spike,MOPER_NO_WSHIFT,150,129.67954548835547,1,0.157156198359402,0.24572495868752164,0.5,0.5,-0.2014405785234618,-0.9265506863594055,7.6201252937316895,4.574917316436768,4.107565879821777,5.042267799377441,6.503939628601074,spike
557,50,ABLATION2_repeated_spike,MOPER_NO_WSHIFT,150,129.7115909395199,1,0.1571678512507345,0.24573428100058764,0.5,0.5,-0.20145106612566108,-1.2591975927352905,7.05048131942749,4.114099025726318,3.693795680999756,4.534794330596924,5.849274158477783,spike
558,50,ABLATION2_repeated_spike,MOPER_NO_WSHIFT,150,129.7404318455679,1,0.15717833885293378,0.24574267108234704,0.5,0.5,-0.2014605049676404,-1.2510147094726562,7.7919416427612305,4.065959930419922,3.663043260574341,4.468877792358398,5.7786946296691895,spike
559,50,ABLATION2_repeated_spike,MOPER_NO_WSHIFT,150,129.76638866101112,1,0.15718777769491316,0.24575022215593056,0.5,0.5,-0.20146899992542186,-1.6006065607070923,5.247992992401123,3.6673266887664795,3.293894052505493,4.0407586097717285,5.213811874389648,spike
560,50,ABLATION2_repeated_spike,MOPER_NO_WSHIFT,150,129.78974979491,1,0.15719627265269456,0.24575701812215567,0.5,0.5,-0.2014766453874251,-1.4225314855575562,6.855496406555176,4.299030303955078,3.872537612915039,4.725522518157959,6.110007286071777,spike
561,50,ABLATION2_repeated_spike,MOPER_NO_WSHIFT,150,129.810774815419,1,0.1572039181146978,0.24576313449175824,0.5,0.5,-0.20148352630322802,-1.2665458917617798,5.2821760177612305,4.038743495941162,3.635812282562256,4.441675186157227,5.74044132232666,spike
562,50,ABLATION2_repeated_spike,MOPER_NO_WSHIFT,150,129.8296973338771,1,0.15721079903050078,0.24576863922440062,0.5,0.5,-0.2014897191274507,-1.2780977487564087,5.364136695861816,3.8448596000671387,3.468496799468994,4.221221923828125,5.463899612426758,spike
563,50,ABLATION2_repeated_spike,MOPER_NO_WSHIFT,150,129.8467276004894,1,0.15721699185472343,0.24577359348377875,0.5,0.5,-0.2014952926692511,-1.723615288734436,8.038318634033203,4.079565525054932,3.682960033416748,4.476171016693115,5.796973705291748,spike
564,50,ABLATION2_repeated_spike,MOPER_NO_WSHIFT,150,129.86205484044046,1,0.15722256539652382,0.24577805231721905,0.5,0.5,-0.20150030885687142,-0.8619219660758972,4.567786693572998,4.366546630859375,3.9417974948883057,4.791295051574707,6.20487117767334,spike
565,50,ABLATION2_repeated_spike,MOPER_NO_WSHIFT,150,129.87584935639643,1,0.15722758158414415,0.24578206526731533,0.5,0.5,-0.20150482342572973,-1.5961863994598389,5.096078395843506,3.3769190311431885,3.051636219024658,3.7022016048431396,4.798185348510742,spike
566,50,ABLATION2_repeated_spike,MOPER_NO_WSHIFT,150,129.8882644207568,1,0.15723209615300246,0.245785676922402,0.5,0.5,-0.20150888653770221,-1.5790079832077026,8.353525161743164,4.412765979766846,3.9880547523498535,4.837478160858154,6.269915580749512,spike
567,50,ABLATION2_repeated_spike,MOPER_NO_WSHIFT,150,129.89943797868114,1,0.15723615926497497,0.24578892741198,0.5,0.5,-0.20151254333847748,-1.025877833366394,9.971061706542969,4.772197246551514,4.318472385406494,5.225922584533691,6.779719352722168,spike
568,50,ABLATION2_repeated_spike,MOPER_NO_WSHIFT,150,129.90949418081303,1,0.1572398160657502,0.2457918528526002,0.5,0.5,-0.2015158344591752,-1.6561472415924072,7.771437168121338,4.594117641448975,4.152821063995361,5.035415172576904,6.527408599853516,spike
569,50,ABLATION2_repeated_spike,MOPER_NO_WSHIFT,150,129.91854476273173,1,0.1572431071864479,0.24579448574915835,0.5,0.5,-0.20151879646780313,-1.6876885890960693,8.613636016845703,4.543272972106934,4.107568740844727,4.978977680206299,6.4549970626831055,spike
570,50,ABLATION2_repeated_spike,MOPER_NO_WSHIFT,150,129.92669028645855,1,0.15724606919507583,0.24579685535606066,0.5,0.5,-0.20152146227556825,-5.459934711456299,25.100276947021484,4.743899345397949,4.286020755767822,5.201778411865234,6.740505218505859,spike
571,50,ABLATION2_repeated_spike,MOPER_NO_WSHIFT,150,129.9340212578127,1,0.15724873500284098,0.2457989880022728,0.5,0.5,-0.20152386150255688,-2.1511571407318115,11.315052032470703,5.102395057678223,4.608691215515137,5.596097946166992,7.249944686889648,spike
572,50,ABLATION2_repeated_spike,MOPER_NO_WSHIFT,150,129.94061913203143,1,0.15725113422982961,0.24580090738386373,0.5,0.5,-0.20152602080684667,-0.7164650559425354,7.148617744445801,4.9702606201171875,4.490564346313477,5.44995641708374,7.062000751495361,spike
573,50,ABLATION2_repeated_spike,MOPER_NO_WSHIFT,150,129.94655721882827,1,0.15725329353411938,0.24580263482729553,0.5,0.5,-0.20152796418070745,-1.2619085311889648,10.083480834960938,5.239494323730469,4.732836723327637,5.746152400970459,7.444694519042969,spike
574,50,ABLATION2_repeated_spike,MOPER_NO_WSHIFT,150,129.95190149694545,1,0.15725523690798018,0.24580418952638416,0.5,0.5,-0.20152971321718216,-1.3612611293792725,6.763498306274414,4.368350028991699,3.941538095474243,4.795162200927734,6.207555770874023,spike
575,50,ABLATION2_repeated_spike,MOPER_NO_WSHIFT,150,129.95671134725092,1,0.1572569859444549,0.2458055887555639,0.5,0.5,-0.2015312873500094,-1.9433050155639648,9.967938423156738,4.521749973297119,4.077094078063965,4.96640682220459,6.426001071929932,spike
576,50,ABLATION2_repeated_spike,MOPER_NO_WSHIFT,150,129.96104021252583,1,0.15725856007728212,0.24580684806182573,0.5,0.5,-0.20153270406955393,-1.586021065711975,11.561100006103516,4.732908725738525,4.271949768066406,5.193868160247803,6.725503921508789,spike
577,50,ABLATION2_repeated_spike,MOPER_NO_WSHIFT,150,129.96493619127324,1,0.15725997679682663,0.2458079814374613,0.5,0.5,-0.20153397911714396,-1.0296255350112915,10.542581558227539,4.8346405029296875,4.361026763916016,5.308253765106201,6.870348930358887,spike
578,50,ABLATION2_repeated_spike,MOPER_NO_WSHIFT,150,129.96844257214593,1,0.15726125184441672,0.24580900147553342,0.5,0.5,-0.20153512665997508,-1.0555495023727417,10.101119041442871,5.07073974609375,4.56881856918335,5.572659969329834,7.2064995765686035,spike
579,50,ABLATION2_repeated_spike,MOPER_NO_WSHIFT,150,129.97159831493133,1,0.15726239938724776,0.24580991950979825,0.5,0.5,-0.201536159448523,-1.9876105785369873,8.961679458618164,4.341248989105225,3.905278444290161,4.777220249176025,6.170708656311035,spike
580,50,ABLATION2_repeated_spike,MOPER_NO_WSHIFT,150,129.97443848343818,1,0.15726343217579572,0.2458107457406366,0.5,0.5,-0.20153708895821615,-0.9716190099716187,6.077884197235107,4.163776874542236,3.7472758293151855,4.580277919769287,5.918231964111328,spike
581,50,ABLATION2_repeated_spike,MOPER_NO_WSHIFT,150,129.97699463509434,1,0.15726436168548888,0.24581148934839114,0.5,0.5,-0.20153792551694,-0.85772305727005,5.288833141326904,5.0611653327941895,4.538503646850586,5.583827018737793,7.195980072021484,spike
582,50,ABLATION2_repeated_spike,MOPER_NO_WSHIFT,150,129.9792951715849,1,0.1572651982442127,0.2458121585953702,0.5,0.5,-0.20153867841979145,-1.2503166198730469,7.202430725097656,4.487250804901123,4.025373458862305,4.949128150939941,6.37984561920166,spike
583,50,ABLATION2_repeated_spike,MOPER_NO_WSHIFT,150,129.98136565442644,1,0.15726595114706418,0.24581276091765136,0.5,0.5,-0.20153935603235779,-1.4688584804534912,8.507771492004395,4.701289176940918,4.210224151611328,5.192963123321533,6.685688018798828,spike
584,50,ABLATION2_repeated_spike,MOPER_NO_WSHIFT,150,129.98322908898382,1,0.15726662875963046,0.24581330300770438,0.5,0.5,-0.2015399658836674,-1.427552580833435,7.404167175292969,4.506150722503662,4.034067153930664,4.97823429107666,6.407978057861328,spike
585,50,ABLATION2_repeated_spike,MOPER_NO_WSHIFT,150,129.98490618008543,1,0.15726723861094016,0.24581379088875216,0.5,0.5,-0.20154051474984616,-1.0466585159301758,8.017165184020996,4.314589500427246,3.8649888038635254,4.764189720153809,6.135096073150635,spike
586,50,ABLATION2_repeated_spike,MOPER_NO_WSHIFT,150,129.9864155620769,1,0.15726778747711886,0.2458142299816951,0.5,0.5,-0.201541008729407,-1.208730697631836,9.415778160095215,4.818118095397949,4.306545257568359,5.3296895027160645,6.852529525756836,spike
587,50,ABLATION2_repeated_spike,MOPER_NO_WSHIFT,150,129.9877740058692,1,0.1572682814566797,0.2458146251653438,0.5,0.5,-0.20154145331101175,-0.8710052967071533,6.186549186706543,4.600244522094727,4.107749938964844,5.092738628387451,6.543292999267578,spike
588,50,ABLATION2_repeated_spike,MOPER_NO_WSHIFT,150,129.9889966052823,1,0.15726872603828448,0.24581498083062758,0.5,0.5,-0.20154185343445602,-1.4902795553207397,6.172743797302246,3.9631054401397705,3.530940532684326,4.395270347595215,5.638327598571777,spike
589,50,ABLATION2_repeated_spike,MOPER_NO_WSHIFT,150,129.99009694475407,1,0.15726912616172875,0.24581530092938303,0.5,0.5,-0.2015422135455559,-1.606643795967102,8.539253234863281,4.18001651763916,3.7225341796875,4.63749885559082,5.9470415115356445,spike
590,50,ABLATION2_repeated_spike,MOPER_NO_WSHIFT,150,129.99108725027867,1,0.1572694862728286,0.2458155890182629,0.5,0.5,-0.20154253764554575,-1.5099021196365356,8.380946159362793,3.813762664794922,3.3945820331573486,4.232943058013916,5.4263715744018555,spike
591,50,ABLATION2_repeated_spike,MOPER_NO_WSHIFT,150,129.9919785252508,1,0.15726981037281848,0.2458158482982548,0.5,0.5,-0.20154282933553663,-1.150876522064209,7.584239959716797,4.25677490234375,3.7823569774627686,4.7311930656433105,6.057624816894531,spike
592,50,ABLATION2_repeated_spike,MOPER_NO_WSHIFT,150,129.99278067272573,1,0.15727010206280936,0.2458160816502475,0.5,0.5,-0.2015430918565284,-6.614009857177734,29.026453018188477,4.481347560882568,3.9678196907043457,4.994874954223633,6.379455089569092,spike
593,50,ABLATION2_repeated_spike,MOPER_NO_WSHIFT,150,129.99350260545316,1,0.15727036458380117,0.24581629166704094,0.5,0.5,-0.20154332812542106,-1.2752097845077515,4.587329387664795,3.5058984756469727,3.1040120124816895,3.907785415649414,4.991027355194092,spike
594,50,ABLATION2_repeated_spike,MOPER_NO_WSHIFT,150,129.99415234490783,1,0.15727060085269376,0.245816480682155,0.5,0.5,-0.20154354076742437,-1.5813982486724854,5.9005842208862305,3.6714072227478027,3.2458691596984863,4.096945285797119,5.227344512939453,spike
595,50,ABLATION2_repeated_spike,MOPER_NO_WSHIFT,150,129.99473711041705,1,0.1572708134946971,0.2458166507957577,0.5,0.5,-0.20154373214522742,-1.372841477394104,6.157309532165527,3.909684181213379,3.45074462890625,4.368623733520508,5.567598342895508,spike
596,50,ABLATION2_repeated_spike,MOPER_NO_WSHIFT,150,129.99526339937535,1,0.15727100487250012,0.2458168038980001,0.5,0.5,-0.2015439043852501,-0.7058683037757874,3.3172683715820312,3.667980670928955,3.2354137897491455,4.100547790527344,5.223657608032227,spike
597,50,ABLATION2_repeated_spike,MOPER_NO_WSHIFT,150,129.99573705943783,1,0.15727117711252284,0.24581694169001828,0.5,0.5,-0.20154405940127057,-1.6101174354553223,5.6076765060424805,3.3824942111968994,2.980745792388916,3.7842421531677246,4.817636489868164,spike
598,50,ABLATION2_repeated_spike,MOPER_NO_WSHIFT,150,129.99616335349407,1,0.1572713321285433,0.24581706570283468,0.5,0.5,-0.20154419891568898,-1.0342774391174316,5.755979061126709,4.2376556396484375,3.7238516807556152,4.751460075378418,6.0372467041015625,spike
599,50,ABLATION2_repeated_spike,MOPER_NO_WSHIFT,150,129.99654701814467,1,0.1572714716429617,0.24581717731436936,0.5,0.5,-0.20154432447866555,-0.9051098227500916,5.47158670425415,4.023186206817627,3.5319924354553223,4.514380931854248,5.732276439666748,spike
600,50,ABLATION2_repeated_spike,MOPER_NO_WSHIFT,150,129.99689231633022,1,0.15727159720593825,0.2458172777647506,0.5,0.5,-0.20154443748534442,-0.8798227906227112,4.492671012878418,3.313225746154785,2.909820556640625,3.7166314125061035,4.720600605010986,spike
601,50,ABLATION2_repeated_spike,MOPER_NO_WSHIFT,150,129.99720308469722,1,0.15727171021261718,0.24581736817009375,0.5,0.5,-0.20154453919135545,-0.7489238977432251,3.255070686340332,3.0072124004364014,2.6384377479553223,3.3759877681732178,4.285027027130127,spike
602,50,ABLATION2_repeated_spike,MOPER_NO_WSHIFT,150,129.9974827762275,1,0.15727181191862818,0.2458174495349026,0.5,0.5,-0.20154463072676537,-1.211106538772583,3.866884231567383,3.0208356380462646,2.6356117725372314,3.406059741973877,4.307202339172363,spike
603,50,ABLATION2_repeated_spike,MOPER_NO_WSHIFT,150,129.99773449860476,1,0.1572719034540381,0.2458175227632305,0.5,0.5,-0.2015447131086343,-0.6248597502708435,3.5118024349212646,3.174354314804077,2.7754311561584473,3.573277711868286,4.524872303009033,spike
604,50,ABLATION2_repeated_spike,MOPER_NO_WSHIFT,150,129.9979610487443,1,0.15727198583590704,0.24581758866872566,0.5,0.5,-0.20154478725231634,-2.5416202545166016,18.116846084594727,3.7021448612213135,3.2292232513427734,4.175065994262695,5.278520584106445,spike
605,50,ABLATION2_repeated_spike,MOPER_NO_WSHIFT,150,129.99816494386988,1,0.15727205997958904,0.24581764798367123,0.5,0.5,-0.20154485398163013,-1.1324913501739502,5.946136951446533,3.2067480087280273,2.79227876663208,3.6212174892425537,4.573165416717529,spike
606,50,ABLATION2_repeated_spike,MOPER_NO_WSHIFT,150,129.99834844948288,1,0.15727212670890287,0.24581770136712233,0.5,0.5,-0.2015449140380126,-1.443037986755371,4.473535060882568,2.8640966415405273,2.4862170219421387,3.241976261138916,4.086142539978027,spike
607,50,ABLATION2_repeated_spike,MOPER_NO_WSHIFT,150,129.9985136045346,1,0.1572721867652853,0.24581774941222823,0.5,0.5,-0.20154496808875677,-1.0542865991592407,4.219403266906738,2.8022708892822266,2.4325778484344482,3.1719634532928467,3.9977402687072754,spike
608,50,ABLATION2_repeated_spike,MOPER_NO_WSHIFT,150,129.99866224408112,1,0.1572722408160295,0.2458177926528236,0.5,0.5,-0.20154501673442654,-1.0620695352554321,5.075077533721924,3.089524269104004,2.673285722732544,3.505763292312622,4.409298896789551,spike
609,50,ABLATION2_repeated_spike,MOPER_NO_WSHIFT,150,129.99879601967302,1,0.1572722894616993,0.24581783156935944,0.5,0.5,-0.20154506051552937,-0.5497604608535767,2.535648822784424,2.476715564727783,2.145812511444092,2.807619094848633,3.534088373184204,spike
610,50,ABLATION2_repeated_spike,MOPER_NO_WSHIFT,150,129.99891641770574,1,0.1572723332428021,0.2458178665942417,0.5,0.5,-0.2015450999185219,-0.5740746855735779,2.094197988510132,2.984192371368408,2.5729048252105713,3.395480155944824,4.260775566101074,spike
611,50,ABLATION2_repeated_spike,MOPER_NO_WSHIFT,150,129.99902477593517,1,0.1572723726457946,0.24581789811663568,0.5,0.5,-0.20154513538121516,-3.7711760997772217,12.232088088989258,2.8442087173461914,2.4493489265441895,3.2390682697296143,4.061396598815918,spike
612,50,ABLATION2_repeated_spike,MOPER_NO_WSHIFT,150,129.99912229834166,1,0.1572724081084879,0.24581792648679035,0.5,0.5,-0.2015451672976391,-0.775875449180603,4.794044494628906,3.1663503646850586,2.728097677230835,3.6046032905578613,4.52109432220459,spike
613,50,ABLATION2_repeated_spike,MOPER_NO_WSHIFT,150,129.9992100685075,1,0.1572724400249118,0.24581795201992945,0.5,0.5,-0.20154519602242063,-0.7049151659011841,2.511258602142334,2.528141498565674,2.170428991317749,2.8858542442321777,3.6116299629211426,spike
614,50,ABLATION2_repeated_spike,MOPER_NO_WSHIFT,150,129.99928906165675,1,0.15727246874969336,0.24581797499975472,0.5,0.5,-0.20154522187472404,-0.6372709274291992,3.833299398422241,2.8661563396453857,2.461945056915283,3.2703683376312256,4.093891143798828,spike
615,50,ABLATION2_repeated_spike,MOPER_NO_WSHIFT,150,129.99936015549108,1,0.15727249460199677,0.24581799568159746,0.5,0.5,-0.2015452451417971,-0.622558057308197,1.9001719951629639,2.2784316539764404,1.9535506963729858,2.6033127307891846,3.2553229331970215,spike
616,50,ABLATION2_repeated_spike,MOPER_NO_WSHIFT,150,129.99942413994196,1,0.1572725178690698,0.24581801429525585,0.5,0.5,-0.20154526608216283,-0.8256261348724365,2.82507586479187,2.5413403511047363,2.1718788146972656,2.910802125930786,3.632411479949951,spike
617,50,ABLATION2_repeated_spike,MOPER_NO_WSHIFT,150,129.99948172594776,1,0.15727253880943554,0.24581803104754846,0.5,0.5,-0.201545284928492,-0.8560428619384766,4.038525104522705,2.6534013748168945,2.268456220626831,3.038346290588379,3.792377471923828,spike
618,50,ABLATION2_repeated_spike,MOPER_NO_WSHIFT,150,129.999533553353,1,0.15727255765576473,0.24581804612461178,0.5,0.5,-0.20154530189018827,-0.5968216061592102,2.3101534843444824,2.2221872806549072,1.899219274520874,2.5451555252075195,3.176192283630371,spike
619,50,ABLATION2_repeated_spike,MOPER_NO_WSHIFT,150,129.9995801980177,1,0.157272574617461,0.2458180596939688,0.5,0.5,-0.2015453171557149,-1.784267783164978,10.611268997192383,2.7174923419952393,2.3145158290863037,3.120469570159912,3.8857357501983643,spike
620,50,ABLATION2_repeated_spike,MOPER_NO_WSHIFT,150,129.99962217821593,1,0.15727258988298762,0.2458180719063901,0.5,0.5,-0.20154533089468885,-0.830625057220459,3.21747088432312,2.3581652641296387,2.0047988891601562,2.7115318775177,3.3728060722351074,spike
621,50,ABLATION2_repeated_spike,MOPER_NO_WSHIFT,150,129.99965996039435,1,0.15727260362196158,0.2458180828975693,0.5,0.5,-0.20154534325976542,-0.48579975962638855,2.167419672012329,2.2564303874969482,1.9142718315124512,2.5985889434814453,3.228208065032959,spike
622,50,ABLATION2_repeated_spike,MOPER_NO_WSHIFT,150,129.99969396435492,1,0.15727261598703815,0.24581809278963052,0.5,0.5,-0.20154535438833432,-0.5059652924537659,3.2318532466888428,2.5189132690429688,2.1367030143737793,2.901122808456421,3.603583574295044,spike
623,50,ABLATION2_repeated_spike,MOPER_NO_WSHIFT,150,129.99972456791943,1,0.15727262711560708,0.2458181016924857,0.5,0.5,-0.20154536440404638,-0.5123268365859985,1.7211371660232544,2.0879199504852295,1.766219139099121,2.4096202850341797,2.9883179664611816,spike
624,50,ABLATION2_repeated_spike,MOPER_NO_WSHIFT,150,129.9997521111275,1,0.1572726371313191,0.2458181097050553,0.5,0.5,-0.20154537341818718,-0.5580296516418457,2.4445629119873047,2.334372043609619,1.9706164598464966,2.6981282234191895,3.341857433319092,spike
625,50,ABLATION2_repeated_spike,MOPER_NO_WSHIFT,150,129.99977690001475,1,0.1572726461454599,0.24581811691636796,0.5,0.5,-0.20154538153091395,-0.7806962728500366,2.836897850036621,2.2895970344543457,1.92441725730896,2.6547768115997314,3.2798447608947754,spike
626,50,ABLATION2_repeated_spike,MOPER_NO_WSHIFT,150,129.9997992100133,1,0.15727265425818665,0.24581812340654935,0.5,0.5,-0.201545388832368,-0.729960024356842,1.9714269638061523,2.115525245666504,1.7722117900848389,2.458838939666748,3.0319981575012207,spike
627,50,ABLATION2_repeated_spike,MOPER_NO_WSHIFT,150,129.99981928901195,1,0.1572726615596407,0.24581812924771257,0.5,0.5,-0.20154539540367664,-0.3344307541847229,2.3829922676086426,2.407409191131592,2.0221009254455566,2.792717456817627,3.4485583305358887,spike
628,50,ABLATION2_repeated_spike,MOPER_NO_WSHIFT,150,129.99983736011075,1,0.15727266813094937,0.24581813450475953,0.5,0.5,-0.20154540131785445,-0.5140860080718994,2.3317222595214844,2.0874016284942627,1.747739553451538,2.4270641803741455,2.991644859313965,spike
629,50,ABLATION2_repeated_spike,MOPER_NO_WSHIFT,150,129.99985362409967,1,0.15727267404512715,0.24581813923610174,0.5,0.5,-0.20154540664061443,-0.20905636250972748,0.8332207798957825,1.6673649549484253,1.3937633037567139,1.9409669637680054,2.3902947902679443,spike
630,50,ABLATION2_repeated_spike,MOPER_NO_WSHIFT,150,129.9998682616897,1,0.15727267936788716,0.24581814349430975,0.5,0.5,-0.20154541143109844,-0.4666425883769989,1.3543589115142822,1.5847089290618896,1.3198626041412354,1.849555253982544,2.2730984687805176,spike
631,50,ABLATION2_repeated_spike,MOPER_NO_WSHIFT,150,129.99988143552073,1,0.15727268415837117,0.24581814732669693,0.5,0.5,-0.20154541574253404,-0.3518720865249634,1.4148911237716675,1.6784400939941406,1.3991570472717285,1.9577230215072632,2.407175064086914,spike
632,50,ABLATION2_repeated_spike,MOPER_NO_WSHIFT,150,129.99989329196865,1,0.15727268846980677,0.24581815077584546,0.5,0.5,-0.20154541962282613,-0.2555686831474304,1.118746280670166,1.6637076139450073,1.3809049129486084,1.9465103149414062,2.3875656127929688,spike
633,50,ABLATION2_repeated_spike,MOPER_NO_WSHIFT,150,129.99990396277178,1,0.15727269235009883,0.2458181538800791,0.5,0.5,-0.20154542311508897,-0.27361318469047546,1.4543124437332153,1.6223688125610352,1.3449430465698242,1.899794578552246,2.3284807205200195,spike
634,50,ABLATION2_repeated_spike,MOPER_NO_WSHIFT,150,129.99991356649463,1,0.1572726958423617,0.2458181566738894,0.5,0.5,-0.20154542625812555,-0.2893437147140503,1.1651313304901123,1.3994048833847046,1.1608636379241943,1.637946367263794,2.008373975753784,spike
635,50,ABLATION2_repeated_spike,MOPER_NO_WSHIFT,150,129.99992220984518,1,0.15727269898539825,0.24581815918831862,0.5,0.5,-0.20154542908685844,-0.2604818046092987,1.0107498168945312,1.6446791887283325,1.3513165712356567,1.9380418062210083,2.3638882637023926,spike
636,50,ABLATION2_repeated_spike,MOPER_NO_WSHIFT,150,129.99992998886069,1,0.15727270181413114,0.24581816145130492,0.5,0.5,-0.20154543163271804,-0.4508400857448578,1.205681562423706,1.4714624881744385,1.2020931243896484,1.7408316135406494,2.117079257965088,spike
637,50,ABLATION2_repeated_spike,MOPER_NO_WSHIFT,150,129.99993698997463,1,0.15727270435999077,0.24581816348799262,0.5,0.5,-0.2015454339239917,-0.2558720111846924,1.4215269088745117,1.497978925704956,1.2270455360412598,1.7689125537872314,2.153876781463623,spike
638,50,ABLATION2_repeated_spike,MOPER_NO_WSHIFT,150,129.99994329097717,1,0.15727270665126444,0.24581816532101158,0.5,0.5,-0.201545435986138,-0.30416229367256165,0.9504390954971313,1.4244130849838257,1.159508466720581,1.689318060874939,2.050414800643921,spike
639,50,ABLATION2_repeated_spike,MOPER_NO_WSHIFT,150,129.99994896187945,1,0.1572727087134107,0.24581816697072856,0.5,0.5,-0.20154543784206963,-0.2720736563205719,1.3781806230545044,1.530848503112793,1.2446554899215698,1.8170456886291504,2.203868865966797,spike
640,50,ABLATION2_repeated_spike,MOPER_NO_WSHIFT,150,129.9999540656915,1,0.15727271056934236,0.24581816845547388,0.5,0.5,-0.2015454395124081,-0.28590819239616394,1.3386387825012207,1.4188181161880493,1.1530535221099854,1.684617042541504,2.0428881645202637,spike
641,50,ABLATION2_repeated_spike,MOPER_NO_WSHIFT,150,129.99995865912234,1,0.15727271223968084,0.2458181697917447,0.5,0.5,-0.20154544101571276,-0.2224310338497162,0.4419587254524231,0.9883801341056824,0.7963904142379761,1.18043053150177,1.4258434772491455,spike
642,50,ABLATION2_repeated_spike,MOPER_NO_WSHIFT,150,129.9999627932101,1,0.1572727137429855,0.2458181709943884,0.5,0.5,-0.20154544236868693,-0.26094529032707214,0.44657012820243835,0.912992537021637,0.7328656911849976,1.0932492017745972,1.3181896209716797,spike
643,50,ABLATION2_repeated_spike,MOPER_NO_WSHIFT,150,129.9999665138891,1,0.15727271509595966,0.24581817207676776,0.5,0.5,-0.20154544358636373,-0.11067407578229904,0.7617775797843933,1.3588738441467285,1.09015691280365,1.627675175666809,1.9606809616088867,spike
644,50,ABLATION2_repeated_spike,MOPER_NO_WSHIFT,150,129.99996986250017,1,0.15727271631363643,0.24581817305090914,0.5,0.5,-0.20154544468227278,-0.14609400928020477,0.9983784556388855,1.2527397871017456,1.0005428791046143,1.5050344467163086,1.8093459606170654,spike
645,50,ABLATION2_repeated_spike,MOPER_NO_WSHIFT,150,129.99997287625015,1,0.15727271740954551,0.24581817392763644,0.5,0.5,-0.20154544566859098,-0.22917750477790833,0.5359022617340088,1.042620062828064,0.8240751028060913,1.2612385749816895,1.5099319219589233,spike
646,50,ABLATION2_repeated_spike,MOPER_NO_WSHIFT,150,129.99997558862515,1,0.15727271839586368,0.24581817471669098,0.5,0.5,-0.20154544655627732,-0.12545688450336456,0.5579866766929626,1.0073657035827637,0.7966012358665466,1.2181921005249023,1.458785057067871,spike
647,50,ABLATION2_repeated_spike,MOPER_NO_WSHIFT,150,129.99997802976264,1,0.15727271928355005,0.24581817542684004,0.5,0.5,-0.20154544735519503,-0.15980598330497742,0.7484111785888672,1.1201249361038208,0.8857036232948303,1.354565143585205,1.6209932565689087,spike
648,50,ABLATION2_repeated_spike,MOPER_NO_WSHIFT,150,129.99998022678636,1,0.15727272008246776,0.24581817606597423,0.5,0.5,-0.20154544807422098,-0.18119099736213684,0.42365217208862305,0.8673763871192932,0.6757853627204895,1.0589686632156372,1.260988473892212,spike
649,50,ABLATION2_repeated_spike,MOPER_NO_WSHIFT,150,129.9999822041077,1,0.1572727208014937,0.24581817664119499,0.5,0.5,-0.20154544872134433,-0.11589372903108597,0.5824880003929138,1.0648486614227295,0.838090181350708,1.292744517326355,1.5451548099517822,spike
650,50,ABLATION2_repeated_spike,MOPER_NO_WSHIFT,150,129.99998398369695,1,0.1572727214486171,0.2458181771588937,0.5,0.5,-0.2015454493037554,-0.042006928473711014,0.3970295190811157,0.915188729763031,0.7299257516860962,1.1059341430664062,1.3273146152496338,spike
651,50,ABLATION2_repeated_spike,MOPER_NO_WSHIFT,150,129.99998558532724,1,0.1572727220310281,0.2458181776248225,0.5,0.5,-0.2015454498279253,-0.08323299139738083,0.4967923164367676,0.8741003274917603,0.6829445362091064,1.0748249292373657,1.2767521142959595,spike
652,50,ABLATION2_repeated_spike,MOPER_NO_WSHIFT,150,129.9999870267945,1,0.157272722555198,0.2458181780441584,0.5,0.5,-0.20154545029967819,-0.05398910492658615,0.3793858289718628,0.776238203048706,0.6130538582801819,0.9483629465103149,1.1324334144592285,spike
653,50,ABLATION2_repeated_spike,MOPER_NO_WSHIFT,150,129.99998832411507,1,0.15727272302695094,0.24581817842156078,0.5,0.5,-0.20154545072425586,-0.04787696897983551,0.5240874290466309,0.8405132293701172,0.6655964255332947,1.0303106307983398,1.230025291442871,spike
654,50,ABLATION2_repeated_spike,MOPER_NO_WSHIFT,150,129.99998949170356,1,0.15727272345152857,0.24581817876122286,0.5,0.5,-0.20154545110637573,-0.007724081166088581,0.19374163448810577,0.597747266292572,0.47768494486808777,0.7355924844741821,0.8792799115180969,spike
655,50,ABLATION2_repeated_spike,MOPER_NO_WSHIFT,150,129.99999054253323,1,0.15727272383364846,0.24581817906691877,0.5,0.5,-0.20154545145028363,0.002540877554565668,0.2855567932128906,0.725588858127594,0.5711466670036316,0.89149409532547,1.0634779930114746,spike
656,50,ABLATION2_repeated_spike,MOPER_NO_WSHIFT,150,129.9999914882799,1,0.15727272417755633,0.24581817934204508,0.5,0.5,-0.2015454517598007,0.016266411170363426,0.16690929234027863,0.47919124364852905,0.39267295598983765,0.5738996267318726,0.7041187286376953,spike
657,50,ABLATION2_repeated_spike,MOPER_NO_WSHIFT,150,129.99999233945192,1,0.15727272448707344,0.2458181795896588,0.5,0.5,-0.2015454520383661,0.03313984349370003,0.12211684882640839,0.4565766155719757,0.3643009066581726,0.5584086775779724,0.6747277975082397,spike
658,50,ABLATION2_repeated_spike,MOPER_NO_WSHIFT,150,129.99999310550675,1,0.15727272476563883,0.24581817981251108,0.5,0.5,-0.20154545228907494,0.016056280583143234,0.15348480641841888,0.543197512626648,0.4314994812011719,0.6649004220962524,0.7970715761184692,spike
659,50,ABLATION2_repeated_spike,MOPER_NO_WSHIFT,150,129.99999379495608,1,0.15727272501634768,0.24581818001307815,0.5,0.5,-0.2015454525147129,0.07197262346744537,0.2033623456954956,0.5223355889320374,0.41893771290779114,0.6348433494567871,0.7686346769332886,spike
660,50,ABLATION2_repeated_spike,MOPER_NO_WSHIFT,150,129.9999944154605,1,0.15727272524198563,0.24581818019358853,0.5,0.5,-0.20154545271778707,0.008730504661798477,0.1145351231098175,0.45053696632385254,0.35746368765830994,0.5479629039764404,0.6610596776008606,spike
661,50,ABLATION2_repeated_spike,MOPER_NO_WSHIFT,150,129.99999497391445,1,0.1572727254450598,0.24581818035604786,0.5,0.5,-0.2015454529005538,0.04856928437948227,0.08659563958644867,0.4449767768383026,0.34849900007247925,0.5451816320419312,0.652092695236206,spike
662,50,ABLATION2_repeated_spike,MOPER_NO_WSHIFT,150,129.999995476523,1,0.15727272562782654,0.24581818050226123,0.5,0.5,-0.2015454530650439,0.0311712808907032,0.07423218339681625,0.3604528307914734,0.2860061824321747,0.4350873827934265,0.5241600275039673,spike
663,50,ABLATION2_repeated_spike,MOPER_NO_WSHIFT,150,129.9999959288707,1,0.15727272579231663,0.2458181806338533,0.5,0.5,-0.20154545321308498,0.10238682478666306,0.09370271861553192,0.3548543453216553,0.27606186270713806,0.4336468577384949,0.5225556492805481,spike
664,50,ABLATION2_repeated_spike,MOPER_NO_WSHIFT,150,129.99999633598364,1,0.15727272594035768,0.24581818075228618,0.5,0.5,-0.20154545334632193,0.09637340903282166,0.04973199963569641,0.3685367703437805,0.2976274788379669,0.4394460618495941,0.5419719219207764,spike
665,50,ABLATION2_repeated_spike,MOPER_NO_WSHIFT,150,129.99999670238526,1,0.15727272607359463,0.24581818085887575,0.5,0.5,-0.2015454534662352,0.18389111757278442,0.06692664325237274,0.2975860834121704,0.23037388920783997,0.36479824781417847,0.43877172470092773,spike
666,50,ABLATION2_repeated_spike,MOPER_NO_WSHIFT,150,129.99999703214672,1,0.1572727261935079,0.24581818095480634,0.5,0.5,-0.20154545357415712,0.1128462702035904,0.04128639027476311,0.27176836133003235,0.21562646329402924,0.3330962657928467,0.4047008454799652,spike
667,50,ABLATION2_repeated_spike,MOPER_NO_WSHIFT,150,129.99999732893207,1,0.15727272630142985,0.2458181810411439,0.5,0.5,-0.20154545367128687,0.18637755513191223,0.04290510341525078,0.2746317982673645,0.23323968052864075,0.3183468282222748,0.40302202105522156,spike
668,50,ABLATION2_repeated_spike,MOPER_NO_WSHIFT,150,129.99999759603887,1,0.15727272639855958,0.24581818111884768,0.5,0.5,-0.20154545375870364,0.1689637452363968,0.03661864623427391,0.26675111055374146,0.22266718745231628,0.3220048248767853,0.4016575813293457,spike
669,50,ABLATION2_repeated_spike,MOPER_NO_WSHIFT,150,129.999997836435,1,0.15727272648597637,0.24581818118878113,0.5,0.5,-0.20154545383737876,0.2569843828678131,0.03825979307293892,0.24631434679031372,0.2104683369398117,0.28216034173965454,0.36221808195114136,spike
670,50,ABLATION2_repeated_spike,MOPER_NO_WSHIFT,150,129.9999980527915,1,0.15727272656465147,0.24581818125172117,0.5,0.5,-0.20154545390818632,0.22401371598243713,0.044298067688941956,0.28488725423812866,0.2535189986228943,0.3167271018028259,0.41433608531951904,spike
671,50,ABLATION2_repeated_spike,MOPER_NO_WSHIFT,150,129.99999824751237,1,0.15727272663545905,0.24581818130836725,0.5,0.5,-0.20154545397191315,0.30716824531555176,0.04921059310436249,0.2614556550979614,0.225105881690979,0.3039581775665283,0.3866720199584961,spike
672,50,ABLATION2_repeated_spike,MOPER_NO_WSHIFT,150,129.99999842276114,1,0.15727272669918588,0.24581818135934874,0.5,0.5,-0.20154545402926732,0.18294212222099304,0.021641269326210022,0.18148142099380493,0.1682470738887787,0.20093916356563568,0.2660754323005676,spike
673,50,ABLATION2_repeated_spike,MOPER_NO_WSHIFT,150,129.99999858048503,1,0.15727272675654003,0.24581818140523204,0.5,0.5,-0.20154545408088603,0.28156378865242004,0.040666453540325165,0.3107907474040985,0.28546905517578125,0.33665281534194946,0.4511775076389313,spike
674,50,ABLATION2_repeated_spike,MOPER_NO_WSHIFT,150,129.99999872243654,1,0.15727272680815874,0.245818181446527,0.5,0.5,-0.20154545412734287,0.26194489002227783,0.05515357479453087,0.3169603645801544,0.2855868637561798,0.34833383560180664,0.4581054449081421,spike
675,50,ABLATION2_repeated_spike,MOPER_NO_WSHIFT,150,129.9999988501929,1,0.1572727268546156,0.2458181814836925,0.5,0.5,-0.20154545416915404,0.2849513590335846,0.0326017364859581,0.25344565510749817,0.24031147360801697,0.267081081867218,0.36531051993370056,spike
676,50,ABLATION2_repeated_spike,MOPER_NO_WSHIFT,150,129.9999989651736,1,0.15727272689642677,0.2458181815171414,0.5,0.5,-0.2015454542067841,0.31963852047920227,0.036178261041641235,0.24029038846492767,0.22236794233322144,0.2594159245491028,0.3456055521965027,spike
677,50,ABLATION2_repeated_spike,MOPER_NO_WSHIFT,150,129.99999906865625,1,0.1572727269340568,0.24581818154724544,0.5,0.5,-0.20154545424065112,0.24772179126739502,0.02921062707901001,0.22263656556606293,0.21686773002147675,0.2284054309129715,0.3197605311870575,spike
678,50,ABLATION2_repeated_spike,MOPER_NO_WSHIFT,150,129.99999916179064,1,0.15727272696792388,0.2458181815743391,0.5,0.5,-0.2015454542711315,0.20916695892810822,0.0432790145277977,0.28837355971336365,0.2480563521385193,0.328690767288208,0.417753130197525,spike
679,50,ABLATION2_repeated_spike,MOPER_NO_WSHIFT,150,129.99999924561158,1,0.15727272699840422,0.24581818159872337,0.5,0.5,-0.2015454542985638,0.25711849331855774,0.06637060642242432,0.3277646601200104,0.2875632047653198,0.3695308268070221,0.4741763472557068,spike
680,50,ABLATION2_repeated_spike,MOPER_NO_WSHIFT,150,129.99999932105044,1,0.15727272702583653,0.24581818162066926,0.5,0.5,-0.20154545432325288,0.22192364931106567,0.0432320311665535,0.2458709329366684,0.21547403931617737,0.2762678265571594,0.3558472990989685,spike
681,50,ABLATION2_repeated_spike,MOPER_NO_WSHIFT,150,129.9999993889454,1,0.1572727270505256,0.24581818164042052,0.5,0.5,-0.20154545434547305,0.2137642353773117,0.0425381138920784,0.303842157125473,0.26952263712882996,0.3381616473197937,0.43826019763946533,spike
682,50,ABLATION2_repeated_spike,MOPER_NO_WSHIFT,150,129.9999994500509,1,0.15727272707274578,0.24581818165819663,0.5,0.5,-0.20154545436547122,0.1664324551820755,0.04754272475838661,0.2602955102920532,0.2302645742893219,0.2903265058994293,0.37500470876693726,spike
683,50,ABLATION2_repeated_spike,MOPER_NO_WSHIFT,150,129.99999950504582,1,0.15727272709274392,0.24581818167419517,0.5,0.5,-0.20154545438346955,0.1737518310546875,0.056997284293174744,0.27893537282943726,0.2515321373939514,0.3079107999801636,0.40404853224754333,spike
684,50,ABLATION2_repeated_spike,MOPER_NO_WSHIFT,150,129.99999955454126,1,0.15727272711074228,0.24581818168859382,0.5,0.5,-0.20154545439966803,0.20015466213226318,0.07752371579408646,0.33061322569847107,0.279827356338501,0.3815170228481293,0.48183736205101013,spike
685,50,ABLATION2_repeated_spike,MOPER_NO_WSHIFT,150,129.99999959908712,1,0.15727272712694076,0.24581818170155262,0.5,0.5,-0.2015454544142467,0.10321720689535141,0.05915187671780586,0.2809786796569824,0.2402847409248352,0.3228817880153656,0.4101554751396179,spike
686,50,ABLATION2_repeated_spike,MOPER_NO_WSHIFT,150,129.9999996391784,1,0.15727272714151944,0.24581818171321557,0.5,0.5,-0.2015454544273675,0.1150178387761116,0.0580771304666996,0.27059316635131836,0.2263876497745514,0.31479865312576294,0.39616841077804565,spike
687,50,ABLATION2_repeated_spike,MOPER_NO_WSHIFT,150,129.99999967526057,1,0.15727272715464022,0.24581818172371217,0.5,0.5,-0.2015454544391762,0.11311880499124527,0.06779532134532928,0.29787302017211914,0.25308096408843994,0.34266501665115356,0.433519572019577,spike
688,50,ABLATION2_repeated_spike,MOPER_NO_WSHIFT,150,129.9999997077345,1,0.1572727271664489,0.24581818173315917,0.5,0.5,-0.20154545444980404,0.09789596498012543,0.08940007537603378,0.35389915108680725,0.2973938584327698,0.4120475649833679,0.5161915421485901,spike
689,50,ABLATION2_repeated_spike,MOPER_NO_WSHIFT,150,129.99999973696106,1,0.15727272717707674,0.24581818174166142,0.5,0.5,-0.20154545445936908,0.16002632677555084,0.06895583868026733,0.26631003618240356,0.23047176003456116,0.3021482825279236,0.38801464438438416,spike
690,50,ABLATION2_repeated_spike,MOPER_NO_WSHIFT,150,129.99999976326495,1,0.15727272718664181,0.24581818174931347,0.5,0.5,-0.20154545446797764,0.08961527049541473,0.05324612185359001,0.26539358496665955,0.2174910455942154,0.3132961392402649,0.38575130701065063,spike
691,50,ABLATION2_repeated_spike,MOPER_NO_WSHIFT,150,129.99999978693847,1,0.15727272719525037,0.2458181817562003,0.5,0.5,-0.20154545447572533,0.08035252243280411,0.03448779508471489,0.24852852523326874,0.2124892771244049,0.28456777334213257,0.36237308382987976,spike
692,50,ABLATION2_repeated_spike,MOPER_NO_WSHIFT,150,129.99999980824464,1,0.15727272720299806,0.24581818176239845,0.5,0.5,-0.20154545448269826,0.15092724561691284,0.10089588910341263,0.3648182153701782,0.29897576570510864,0.430660605430603,0.5323992967605591,spike
693,50,ABLATION2_repeated_spike,MOPER_NO_WSHIFT,150,129.9999998274202,1,0.15727272720997099,0.24581818176797682,0.5,0.5,-0.2015454544889739,0.12898798286914825,0.04156903177499771,0.2530047595500946,0.20869243144989014,0.2993775010108948,0.37455064058303833,spike
694,50,ABLATION2_repeated_spike,MOPER_NO_WSHIFT,150,129.9999998446782,1,0.1572727272162466,0.2458181817729973,0.5,0.5,-0.20154545449462197,0.13630720973014832,0.0813869908452034,0.2861931622028351,0.22758659720420837,0.34654003381729126,0.42477500438690186,spike
695,50,ABLATION2_repeated_spike,MOPER_NO_WSHIFT,150,129.99999986021038,1,0.1572727272218947,0.2458181817775158,0.5,0.5,-0.20154545449970523,0.07988432794809341,0.06798259913921356,0.3096449673175812,0.242777019739151,0.37651294469833374,0.45923498272895813,spike
696,50,ABLATION2_repeated_spike,MOPER_NO_WSHIFT,150,129.99999987418934,1,0.15727272722697794,0.24581818178158238,0.5,0.5,-0.20154545450428016,0.06790070235729218,0.04883718863129616,0.28921571373939514,0.2265351116657257,0.3518963158130646,0.4295765459537506,spike
697,50,ABLATION2_repeated_spike,MOPER_NO_WSHIFT,150,129.9999998867704,1,0.1572727272315529,0.24581818178524234,0.5,0.5,-0.20154545450839761,0.0483904667198658,0.04997090622782707,0.24986441433429718,0.19726501405239105,0.3024638295173645,0.36652177572250366,spike
698,50,ABLATION2_repeated_spike,MOPER_NO_WSHIFT,150,129.9999998980934,1,0.15727272723567035,0.24581818178853632,0.5,0.5,-0.20154545451210332,0.1023070365190506,0.06380777060985565,0.24646860361099243,0.19353310763835907,0.30070632696151733,0.3655090928077698,spike
699,50,ABLATION2_repeated_spike,MOPER_NO_WSHIFT,150,129.99999990828405,1,0.15727272723937602,0.24581818179150083,0.5,0.5,-0.20154545451543843,0.08786816149950027,0.04990251362323761,0.2571464478969574,0.20312780141830444,0.314316987991333,0.38717103004455566,spike
700,50,ABLATION2_repeated_spike,MOPER_NO_WSHIFT,150,129.99999991745565,1,0.15727272724271113,0.24581818179416892,0.5,0.5,-0.20154545451844003,0.10272374749183655,0.05067514628171921,0.2536933720111847,0.2023283839225769,0.3050583600997925,0.37641051411628723,spike
701,50,ABLATION2_repeated_spike,MOPER_NO_WSHIFT,150,129.99999992571009,1,0.15727272724571276,0.24581818179657022,0.5,0.5,-0.20154545452114148,0.056676000356674194,0.039451390504837036,0.2011367231607437,0.1561548113822937,0.24611863493919373,0.2974031865596771,spike
702,50,ABLATION2_repeated_spike,MOPER_NO_WSHIFT,150,129.99999993313907,1,0.1572727272484142,0.24581818179873138,0.5,0.5,-0.2015454545235728,0.09337778389453888,0.047549668699502945,0.1959303617477417,0.16564588248729706,0.22621484100818634,0.28601884841918945,spike
703,50,ABLATION2_repeated_spike,MOPER_NO_WSHIFT,150,129.99999993982516,1,0.1572727272508455,0.24581818180067644,0.5,0.5,-0.20154545452576098,0.10678406804800034,0.043487053364515305,0.22325864434242249,0.18302054703235626,0.2634967565536499,0.32711806893348694,spike
704,50,ABLATION2_repeated_spike,MOPER_NO_WSHIFT,150,129.99999994584266,1,0.15727272725303368,0.24581818180242698,0.5,0.5,-0.20154545452773032,0.06670808792114258,0.05122121423482895,0.21747612953186035,0.1687224805355072,0.2662297487258911,0.32030168175697327,spike
705,50,ABLATION2_repeated_spike,MOPER_NO_WSHIFT,150,129.99999995125842,1,0.15727272725500308,0.2458181818040025,0.5,0.5,-0.2015454545295028,0.10805047303438187,0.05027421936392784,0.22065623104572296,0.1818944215774536,0.26133251190185547,0.3249189257621765,spike
706,50,ABLATION2_repeated_spike,MOPER_NO_WSHIFT,150,129.99999995613257,1,0.1572727272567755,0.24581818180542042,0.5,0.5,-0.20154545453109796,0.07999604195356369,0.040394801646471024,0.1832205057144165,0.1540234237909317,0.2136332392692566,0.26786160469055176,spike
707,50,ABLATION2_repeated_spike,MOPER_NO_WSHIFT,150,129.99999996051932,1,0.15727272725837066,0.24581818180669657,0.5,0.5,-0.2015454545325336,0.11748488247394562,0.04359668120741844,0.261141300201416,0.2109450101852417,0.31133759021759033,0.38294899463653564,spike
708,50,ABLATION2_repeated_spike,MOPER_NO_WSHIFT,150,129.9999999644674,1,0.15727272725980634,0.2458181818078451,0.5,0.5,-0.20154545453382572,0.09388752281665802,0.024560699239373207,0.1687062680721283,0.13654159009456635,0.2037748247385025,0.25023335218429565,spike
709,50,ABLATION2_repeated_spike,MOPER_NO_WSHIFT,150,129.9999999680207,1,0.15727272726109845,0.24581818180887877,0.5,0.5,-0.20154545453498862,0.08651460707187653,0.04114043712615967,0.18396137654781342,0.1527225375175476,0.21520023047924042,0.26830434799194336,spike
710,50,ABLATION2_repeated_spike,MOPER_NO_WSHIFT,150,129.99999997121864,1,0.15727272726226132,0.24581818180980908,0.5,0.5,-0.2015454545360352,0.05203751474618912,0.049806147813797,0.24220599234104156,0.19522538781166077,0.29043707251548767,0.35453179478645325,spike
711,50,ABLATION2_repeated_spike,MOPER_NO_WSHIFT,150,129.9999999740968,1,0.15727272726330793,0.24581818181064635,0.5,0.5,-0.20154545453697714,0.0739573985338211,0.05018647015094757,0.24333122372627258,0.1974652111530304,0.2900700569152832,0.35738909244537354,spike
712,50,ABLATION2_repeated_spike,MOPER_NO_WSHIFT,150,129.99999997668712,1,0.15727272726424985,0.24581818181139992,0.5,0.5,-0.20154545453782488,0.08349335938692093,0.05240540951490402,0.21637141704559326,0.17183077335357666,0.2642055153846741,0.32112398743629456,spike
713,50,ABLATION2_repeated_spike,MOPER_NO_WSHIFT,150,129.9999999790184,1,0.1572727272650976,0.2458181818120781,0.5,0.5,-0.20154545453858785,0.09086023271083832,0.05738215893507004,0.1992833912372589,0.1581769436597824,0.24378278851509094,0.29763394594192505,spike
714,50,ABLATION2_repeated_spike,MOPER_NO_WSHIFT,150,129.99999998111656,1,0.15727272726586056,0.24581818181268844,0.5,0.5,-0.2015454545392745,0.033218733966350555,0.04695575684309006,0.20507413148880005,0.16190113127231598,0.25335440039634705,0.3067876994609833,spike
715,50,ABLATION2_repeated_spike,MOPER_NO_WSHIFT,150,129.9999999830049,1,0.15727272726654723,0.24581818181323778,0.5,0.5,-0.2015454545398925,0.03027157299220562,0.04427921772003174,0.19729390740394592,0.1522175669670105,0.24671250581741333,0.2947785258293152,spike
716,50,ABLATION2_repeated_spike,MOPER_NO_WSHIFT,150,129.9999999847044,1,0.15727272726716524,0.24581818181373222,0.5,0.5,-0.20154545454044873,0.027415668591856956,0.046603575348854065,0.19206324219703674,0.15106549859046936,0.2340172678232193,0.2828669548034668,spike
717,50,ABLATION2_repeated_spike,MOPER_NO_WSHIFT,150,129.99999998623395,1,0.15727272726772143,0.24581818181417714,0.5,0.5,-0.2015454545409493,0.07913710176944733,0.04251880571246147,0.1951933354139328,0.1543809026479721,0.24364632368087769,0.29517120122909546,spike
718,50,ABLATION2_repeated_spike,MOPER_NO_WSHIFT,150,129.99999998761055,1,0.15727272726822203,0.24581818181457765,0.5,0.5,-0.20154545454139983,0.03586483746767044,0.055080048739910126,0.22057271003723145,0.16978152096271515,0.27373960614204407,0.32926931977272034,spike
719,50,ABLATION2_repeated_spike,MOPER_NO_WSHIFT,150,129.99999998884948,1,0.15727272726867253,0.24581818181493803,0.5,0.5,-0.20154545454180528,0.050467848777770996,0.04761641100049019,0.22637662291526794,0.17999379336833954,0.27362093329429626,0.33514177799224854,spike
720,50,ABLATION2_repeated_spike,MOPER_NO_WSHIFT,150,129.99999998996452,1,0.157272727269078,0.24581818181526244,0.5,0.5,-0.2015454545421702,0.08741612732410431,0.056724753230810165,0.2087806761264801,0.16074959933757782,0.25886011123657227,0.31216639280319214,spike
721,50,ABLATION2_repeated_spike,MOPER_NO_WSHIFT,150,129.9999999909681,1,0.15727272726944294,0.24581818181555437,0.5,0.5,-0.20154545454249867,0.05454251542687416,0.046643611043691635,0.1997862160205841,0.155086487531662,0.2548603117465973,0.3065449595451355,spike
722,50,ABLATION2_repeated_spike,MOPER_NO_WSHIFT,150,129.99999999187128,1,0.15727272726977137,0.2458181818158171,0.5,0.5,-0.20154545454279424,0.0567740797996521,0.05420174077153206,0.18630458414554596,0.14578008651733398,0.23111651837825775,0.2805410325527191,spike
723,50,ABLATION2_repeated_spike,MOPER_NO_WSHIFT,150,129.99999999268414,1,0.15727272727006697,0.24581818181605358,0.5,0.5,-0.20154545454306028,0.039635613560676575,0.05567348003387451,0.1932554543018341,0.15152348577976227,0.24210719764232635,0.2920568585395813,spike
724,50,ABLATION2_repeated_spike,MOPER_NO_WSHIFT,150,129.9999999934157,1,0.15727272727033298,0.2458181818162664,0.5,0.5,-0.2015454545432997,0.04551702365279198,0.04834222421050072,0.2113112509250641,0.16422739624977112,0.26586607098579407,0.31944960355758667,spike
725,50,ABLATION2_repeated_spike,MOPER_NO_WSHIFT,150,129.99999999407413,1,0.1572727272705724,0.24581818181645793,0.5,0.5,-0.20154545454351516,0.02958066575229168,0.04682723805308342,0.20085346698760986,0.15287438035011292,0.25254958868026733,0.30133727192878723,spike
726,50,ABLATION2_repeated_spike,MOPER_NO_WSHIFT,150,129.99999999466672,1,0.15727272727078792,0.24581818181663034,0.5,0.5,-0.20154545454370915,0.04126192629337311,0.056471675634384155,0.20584261417388916,0.15450190007686615,0.2607231140136719,0.30972421169281006,spike
727,50,ABLATION2_repeated_spike,MOPER_NO_WSHIFT,150,129.99999999520006,1,0.15727272727098185,0.2458181818167855,0.5,0.5,-0.20154545454388367,0.025040006265044212,0.04527110606431961,0.1978519856929779,0.150002121925354,0.2616051435470581,0.3074578046798706,spike
728,50,ABLATION2_repeated_spike,MOPER_NO_WSHIFT,150,129.99999999568007,1,0.1572727272711564,0.24581818181692516,0.5,0.5,-0.20154545454404077,0.03979169577360153,0.03863730654120445,0.1538080871105194,0.1176103949546814,0.19187615811824799,0.23059764504432678,spike
729,50,ABLATION2_repeated_spike,MOPER_NO_WSHIFT,150,129.99999999611208,1,0.15727272727131347,0.24581818181705078,0.5,0.5,-0.20154545454418213,0.03847440332174301,0.047720178961753845,0.19745883345603943,0.15103445947170258,0.24742844700813293,0.29553744196891785,spike
730,50,ABLATION2_repeated_spike,MOPER_NO_WSHIFT,150,129.9999999965009,1,0.15727272727145486,0.24581818181716392,0.5,0.5,-0.2015454545443094,0.028947241604328156,0.023867107927799225,0.1520726978778839,0.11817070841789246,0.20029030740261078,0.23887017369270325,spike
731,50,ABLATION2_repeated_spike,MOPER_NO_WSHIFT,150,129.99999999685082,1,0.15727272727158212,0.24581818181726572,0.5,0.5,-0.2015454545444239,0.04600801318883896,0.05260249227285385,0.19895359873771667,0.15670454502105713,0.25580930709838867,0.30652642250061035,spike
732,50,ABLATION2_repeated_spike,MOPER_NO_WSHIFT,150,129.99999999716573,1,0.15727272727169664,0.24581818181735732,0.5,0.5,-0.201545454544527,0.07027189433574677,0.04233855754137039,0.15116873383522034,0.12320725619792938,0.18439047038555145,0.228418231010437,spike
733,50,ABLATION2_repeated_spike,MOPER_NO_WSHIFT,150,129.99999999744915,1,0.1572727272717997,0.24581818181743975,0.5,0.5,-0.20154545454461972,0.03468111902475357,0.020439473912119865,0.1349446326494217,0.1035362109541893,0.1738671213388443,0.20768016576766968,spike
734,50,ABLATION2_repeated_spike,MOPER_NO_WSHIFT,150,129.99999999770424,1,0.15727272727189245,0.24581818181751397,0.5,0.5,-0.2015454545447032,0.040544647723436356,0.0540878027677536,0.20787082612514496,0.16558003425598145,0.25823867321014404,0.31176793575286865,spike
735,50,ABLATION2_repeated_spike,MOPER_NO_WSHIFT,150,129.9999999979338,1,0.15727272727197594,0.24581818181758075,0.5,0.5,-0.20154545454477835,0.052441295236349106,0.04887484386563301,0.17709732055664062,0.1432354748249054,0.22048239409923553,0.26889339089393616,spike
736,50,ABLATION2_repeated_spike,MOPER_NO_WSHIFT,150,129.99999999814042,1,0.15727272727205108,0.24581818181764087,0.5,0.5,-0.20154545454484596,0.0252180527895689,0.05325218290090561,0.20857083797454834,0.16311229765415192,0.2616731524467468,0.3127802908420563,spike
737,50,ABLATION2_repeated_spike,MOPER_NO_WSHIFT,150,129.9999999983264,1,0.1572727272721187,0.245818181817695,0.5,0.5,-0.20154545454490685,0.027679311111569405,0.059542518109083176,0.20226658880710602,0.15939730405807495,0.2547939121723175,0.3040474057197571,spike
738,50,ABLATION2_repeated_spike,MOPER_NO_WSHIFT,150,129.99999999849376,1,0.15727272727217956,0.24581818181774368,0.5,0.5,-0.20154545454496162,0.014711896888911724,0.0669131800532341,0.22978293895721436,0.180336594581604,0.28595036268234253,0.34251129627227783,spike
739,50,ABLATION2_repeated_spike,MOPER_NO_WSHIFT,150,129.9999999986444,1,0.15727272727223432,0.24581818181778747,0.5,0.5,-0.20154545454501088,0.03220111131668091,0.05406220257282257,0.19718392193317413,0.1552695333957672,0.24182626605033875,0.29309719800949097,spike
740,50,ABLATION2_repeated_spike,MOPER_NO_WSHIFT,150,129.99999999877997,1,0.1572727272722836,0.2458181818178269,0.5,0.5,-0.20154545454505524,0.0233074389398098,0.05790762975811958,0.22832581400871277,0.1777549833059311,0.286995530128479,0.34167611598968506,spike
741,50,ABLATION2_repeated_spike,MOPER_NO_WSHIFT,150,129.99999999890196,1,0.15727272727232797,0.2458181818178624,0.5,0.5,-0.2015454545450952,0.019381549209356308,0.06061341241002083,0.224344864487648,0.16416777670383453,0.2936457097530365,0.3403847813606262,spike
742,50,ABLATION2_repeated_spike,MOPER_NO_WSHIFT,150,129.99999999901178,1,0.1572727272723679,0.24581818181789433,0.5,0.5,-0.20154545454513112,0.02129320055246353,0.05872616171836853,0.2073598951101303,0.15446776151657104,0.2711365818977356,0.3172096908092499,spike
743,50,ABLATION2_repeated_spike,MOPER_NO_WSHIFT,150,129.9999999991106,1,0.15727272727240388,0.24581818181792314,0.5,0.5,-0.2015454545451635,0.010931013152003288,0.05640900507569313,0.19312138855457306,0.15186144411563873,0.24868860840797424,0.29769086837768555,spike
744,50,ABLATION2_repeated_spike,MOPER_NO_WSHIFT,150,129.99999999919953,1,0.15727272727243619,0.24581818181794896,0.5,0.5,-0.20154545454519257,0.02529619075357914,0.05395784601569176,0.18587222695350647,0.13579042255878448,0.23844236135482788,0.27969124913215637,spike
745,50,ABLATION2_repeated_spike,MOPER_NO_WSHIFT,150,129.99999999927957,1,0.1572727272724653,0.24581818181797227,0.5,0.5,-0.20154545454521877,0.008070120587944984,0.01000212412327528,0.10358600318431854,0.0710836872458458,0.1461278200149536,0.16727396845817566,spike
746,50,ABLATION2_repeated_spike,MOPER_NO_WSHIFT,150,129.99999999935162,1,0.1572727272724915,0.2458181818179932,0.5,0.5,-0.20154545454524236,0.044858768582344055,0.04722702130675316,0.1552998423576355,0.12532567977905273,0.20577509701251984,0.24933767318725586,spike
747,50,ABLATION2_repeated_spike,MOPER_NO_WSHIFT,150,129.99999999941645,1,0.15727272727251507,0.24581818181801207,0.5,0.5,-0.20154545454526357,0.0282929465174675,0.014963211491703987,0.11538729071617126,0.08540874719619751,0.1617295742034912,0.1905602514743805,spike
748,50,ABLATION2_repeated_spike,MOPER_NO_WSHIFT,150,129.99999999947482,1,0.1572727272725363,0.24581818181802906,0.5,0.5,-0.20154545454528267,0.00868229754269123,0.003895500907674432,0.05508357658982277,0.0375320240855217,0.07918892800807953,0.09276509284973145,spike
749,50,ABLATION2_repeated_spike,MOPER_NO_WSHIFT,150,129.99999999952735,1,0.1572727272725554,0.24581818181804432,0.5,0.5,-0.20154545454529987,0.02585657127201557,0.0453868992626667,0.1521930992603302,0.11026494204998016,0.20431740581989288,0.2404521405696869,spike
750,50,ABLATION2_repeated_spike,MOPER_NO_WSHIFT,150,129.9999999995746,1,0.15727272727257258,0.2458181818180581,0.5,0.5,-0.20154545454531533,0.013556411489844322,0.039811260998249054,0.1104862317442894,0.08968816697597504,0.15861564874649048,0.18745049834251404,spike
751,50,ABLATION2_repeated_spike,MOPER_NO_WSHIFT,150,129.99999999961716,1,0.15727272727258806,0.24581818181807047,0.5,0.5,-0.20154545454532927,0.018089812248945236,0.04183736443519592,0.12256834656000137,0.09542842209339142,0.15863457322120667,0.18966808915138245,spike
752,50,ABLATION2_repeated_spike,MOPER_NO_WSHIFT,150,129.99999999965544,1,0.15727272727260197,0.24581818181808157,0.5,0.5,-0.20154545454534178,0.017981156706809998,0.048996973782777786,0.15637050569057465,0.11643032729625702,0.21102212369441986,0.24580231308937073,spike
753,50,ABLATION2_repeated_spike,MOPER_NO_WSHIFT,150,129.99999999968992,1,0.15727272727261452,0.24581818181809162,0.5,0.5,-0.20154545454535305,0.0247036200016737,0.049892131239175797,0.17266356945037842,0.13672369718551636,0.2133069932460785,0.25877201557159424,spike
754,50,ABLATION2_repeated_spike,MOPER_NO_WSHIFT,150,129.99999999972093,1,0.1572727272726258,0.24581818181810067,0.5,0.5,-0.20154545454536324,0.022459613159298897,0.04541052132844925,0.1539277285337448,0.12508238852024078,0.1903720200061798,0.2324017584323883,spike
755,50,ABLATION2_repeated_spike,MOPER_NO_WSHIFT,150,129.99999999974884,1,0.15727272727263594,0.24581818181810877,0.5,0.5,-0.20154545454537237,0.009761350229382515,0.04641691967844963,0.20599156618118286,0.15925098955631256,0.260190486907959,0.3077218234539032,spike
756,50,ABLATION2_repeated_spike,MOPER_NO_WSHIFT,150,129.99999999977396,1,0.15727272727264507,0.2458181818181161,0.5,0.5,-0.2015454545453806,-0.003460983047261834,0.05495857074856758,0.19240643084049225,0.15011999011039734,0.24153375625610352,0.2868735194206238,spike
757,50,ABLATION2_repeated_spike,MOPER_NO_WSHIFT,150,129.99999999979656,1,0.1572727272726533,0.24581818181812265,0.5,0.5,-0.20154545454538797,-0.009455552324652672,0.05954651162028313,0.18229526281356812,0.14350460469722748,0.23061949014663696,0.27426818013191223,spike
758,50,ABLATION2_repeated_spike,MOPER_NO_WSHIFT,150,129.9999999998169,1,0.1572727272726607,0.2458181818181286,0.5,0.5,-0.20154545454539463,0.009751340374350548,0.06536360085010529,0.2011411488056183,0.1519218236207962,0.2561410963535309,0.30001765489578247,spike
759,50,ABLATION2_repeated_spike,MOPER_NO_WSHIFT,150,129.9999999998352,1,0.15727272727266736,0.24581818181813392,0.5,0.5,-0.20154545454540063,-0.006738448515534401,0.054386865347623825,0.19767767190933228,0.1533118188381195,0.2529442310333252,0.3003655970096588,spike
760,50,ABLATION2_repeated_spike,MOPER_NO_WSHIFT,150,129.9999999998517,1,0.15727272727267333,0.2458181818181387,0.5,0.5,-0.201545454545406,0.014934603124856949,0.05901318043470383,0.179446280002594,0.13967208564281464,0.22917835414409637,0.27264732122421265,spike
761,50,ABLATION2_repeated_spike,MOPER_NO_WSHIFT,150,129.99999999986653,1,0.15727272727267874,0.24581818181814302,0.5,0.5,-0.2015454545454109,0.02329224720597267,0.05850478261709213,0.16890662908554077,0.13032667338848114,0.2158040851354599,0.25874724984169006,spike
762,50,ABLATION2_repeated_spike,MOPER_NO_WSHIFT,150,129.9999999998799,1,0.1572727272726836,0.2458181818181469,0.5,0.5,-0.20154545454541525,0.008837061002850533,0.05556776747107506,0.17391705513000488,0.12876760959625244,0.23215390741825104,0.27066078782081604,spike
763,50,ABLATION2_repeated_spike,MOPER_NO_WSHIFT,150,129.99999999989188,1,0.15727272727268796,0.2458181818181504,0.5,0.5,-0.20154545454541917,0.006681420840322971,0.05631934851408005,0.16486206650733948,0.11509215831756592,0.2211296111345291,0.2534264326095581,spike
764,50,ABLATION2_repeated_spike,MOPER_NO_WSHIFT,150,129.99999999990268,1,0.1572727272726919,0.2458181818181535,0.5,0.5,-0.20154545454542272,0.014371844008564949,0.05407063290476799,0.15457579493522644,0.1109582930803299,0.2183430790901184,0.25023144483566284,spike
765,50,ABLATION2_repeated_spike,MOPER_NO_WSHIFT,150,129.9999999999124,1,0.15727272727269542,0.24581818181815634,0.5,0.5,-0.20154545454542588,0.017206946387887,0.037851087749004364,0.13341766595840454,0.10221998393535614,0.18089036643505096,0.21439291536808014,spike
766,50,ABLATION2_repeated_spike,MOPER_NO_WSHIFT,150,129.99999999992116,1,0.1572727272726986,0.2458181818181589,0.5,0.5,-0.20154545454542874,0.0112675866112113,0.05154016241431236,0.14062751829624176,0.10783691704273224,0.18637174367904663,0.2211511731147766,spike
767,50,ABLATION2_repeated_spike,MOPER_NO_WSHIFT,150,129.99999999992906,1,0.15727272727270147,0.24581818181816117,0.5,0.5,-0.20154545454543132,0.02162892371416092,0.007304260972887278,0.08665189892053604,0.062359511852264404,0.11682672798633575,0.139722540974617,spike
768,50,ABLATION2_repeated_spike,MOPER_NO_WSHIFT,150,129.99999999993616,1,0.15727272727270408,0.24581818181816328,0.5,0.5,-0.20154545454543368,-0.0069240001030266285,0.040285833179950714,0.13812169432640076,0.10210283100605011,0.18707440793514252,0.21648716926574707,spike
769,50,ABLATION2_repeated_spike,MOPER_NO_WSHIFT,150,129.99999999994253,1,0.1572727272727064,0.24581818181816512,0.5,0.5,-0.20154545454543576,-0.01122981496155262,0.05354578047990799,0.14271703362464905,0.10763601958751678,0.18888968229293823,0.21991918981075287,spike
770,50,ABLATION2_repeated_spike,MOPER_NO_WSHIFT,150,129.99999999994827,1,0.15727272727270847,0.24581818181816678,0.5,0.5,-0.20154545454543762,0.0011752683203667402,0.05479579418897629,0.1547694206237793,0.12147623300552368,0.20512405037879944,0.2432309091091156,spike
771,50,ABLATION2_repeated_spike,MOPER_NO_WSHIFT,150,129.99999999995345,1,0.15727272727271036,0.24581818181816828,0.5,0.5,-0.20154545454543932,0.008445627056062222,0.007779992185533047,0.07749470323324203,0.06248539686203003,0.10188315808773041,0.12422651052474976,spike
772,50,ABLATION2_repeated_spike,MOPER_NO_WSHIFT,150,129.9999999999581,1,0.15727272727271205,0.24581818181816967,0.5,0.5,-0.20154545454544087,-0.02481919527053833,0.061415232717990875,0.16477730870246887,0.12345476448535919,0.21839851140975952,0.25393587350845337,spike
773,50,ABLATION2_repeated_spike,MOPER_NO_WSHIFT,150,129.9999999999623,1,0.15727272727271357,0.2458181818181709,0.5,0.5,-0.20154545454544223,0.0021578974556177855,0.05356878042221069,0.13608479499816895,0.10410293936729431,0.1768607646226883,0.20840045809745789,spike
774,50,ABLATION2_repeated_spike,MOPER_NO_WSHIFT,150,129.99999999996606,1,0.15727272727271494,0.24581818181817194,0.5,0.5,-0.20154545454544343,0.020458852872252464,0.04465160518884659,0.13187175989151,0.10541966557502747,0.1659853309392929,0.2006298452615738,spike
775,50,ABLATION2_repeated_spike,MOPER_NO_WSHIFT,150,129.99999999996948,1,0.15727272727271618,0.24581818181817294,0.5,0.5,-0.20154545454544456,-0.00285150483250618,0.055304475128650665,0.14166870713233948,0.1105271726846695,0.18032445013523102,0.21560260653495789,spike
776,50,ABLATION2_repeated_spike,MOPER_NO_WSHIFT,150,129.99999999997254,1,0.1572727272727173,0.24581818181817383,0.5,0.5,-0.20154545454544556,-0.01785379834473133,0.058865707367658615,0.15356427431106567,0.11181159317493439,0.20404334366321564,0.23621833324432373,spike
777,50,ABLATION2_repeated_spike,MOPER_NO_WSHIFT,150,129.99999999997527,1,0.1572727272727183,0.24581818181817466,0.5,0.5,-0.20154545454544648,-0.005435220431536436,0.051756247878074646,0.11820895224809647,0.0889882743358612,0.15326617658138275,0.1791752427816391,spike
778,50,ABLATION2_repeated_spike,MOPER_NO_WSHIFT,150,129.99999999997775,1,0.15727272727271918,0.24581818181817539,0.5,0.5,-0.20154545454544728,-0.021607322618365288,0.011346369050443172,0.09268981218338013,0.05849774181842804,0.1371299773454666,0.15069587528705597,spike
779,50,ABLATION2_repeated_spike,MOPER_NO_WSHIFT,150,129.99999999998,1,0.15727272727272001,0.24581818181817605,0.5,0.5,-0.20154545454544803,0.015986673533916473,0.05088222399353981,0.1256248503923416,0.09209184348583221,0.16661398112773895,0.19551528990268707,spike
780,50,ABLATION2_repeated_spike,MOPER_NO_WSHIFT,150,129.99999999998198,1,0.15727272727272074,0.2458181818181766,0.5,0.5,-0.20154545454544867,0.01756582409143448,0.003536371048539877,0.04880844056606293,0.040273115038871765,0.06729407608509064,0.0849958285689354,spike
781,50,ABLATION2_repeated_spike,MOPER_NO_WSHIFT,150,129.9999999999838,1,0.15727272727272137,0.2458181818181771,0.5,0.5,-0.20154545454544925,0.009022247977554798,0.05300545319914818,0.12516656517982483,0.09344653785228729,0.1722160428762436,0.20140723884105682,spike
782,50,ABLATION2_repeated_spike,MOPER_NO_WSHIFT,150,129.99999999998542,1,0.15727272727272198,0.2458181818181776,0.5,0.5,-0.2015454545454498,0.009092289954423904,0.05211380496621132,0.13116669654846191,0.10159702599048615,0.16944989562034607,0.20352523028850555,spike
783,50,ABLATION2_repeated_spike,MOPER_NO_WSHIFT,150,129.99999999998687,1,0.1572727272727225,0.24581818181817805,0.5,0.5,-0.20154545454545028,-0.00662714010104537,0.04317357391119003,0.15255391597747803,0.10775011777877808,0.20877332985401154,0.24102802574634552,spike
784,50,ABLATION2_repeated_spike,MOPER_NO_WSHIFT,150,129.99999999998818,1,0.15727272727272298,0.24581818181817838,0.5,0.5,-0.2015454545454507,0.0018037186237052083,0.05885764956474304,0.16152876615524292,0.11502671241760254,0.21473659574985504,0.24886783957481384,spike
785,50,ABLATION2_repeated_spike,MOPER_NO_WSHIFT,150,129.99999999998937,1,0.15727272727272343,0.24581818181817877,0.5,0.5,-0.20154545454545109,-0.01425536535680294,0.05404294282197952,0.13157935440540314,0.09764665365219116,0.17826634645462036,0.20772583782672882,spike
786,50,ABLATION2_repeated_spike,MOPER_NO_WSHIFT,150,129.99999999999045,1,0.15727272727272382,0.24581818181817905,0.5,0.5,-0.20154545454545142,0.007336069829761982,0.05485288053750992,0.1205858588218689,0.08782707154750824,0.15924765169620514,0.1842515468597412,spike
787,50,ABLATION2_repeated_spike,MOPER_NO_WSHIFT,150,129.99999999999142,1,0.15727272727272415,0.24581818181817933,0.5,0.5,-0.20154545454545175,-0.01142002921551466,0.06622285395860672,0.14723259210586548,0.10911545157432556,0.19907349348068237,0.23311354219913483,spike
788,50,ABLATION2_repeated_spike,MOPER_NO_WSHIFT,150,129.99999999999227,1,0.15727272727272446,0.2458181818181796,0.5,0.5,-0.20154545454545203,-0.013358602300286293,0.056628528982400894,0.13802799582481384,0.10603822767734528,0.18247497081756592,0.21633850038051605,spike
789,50,ABLATION2_repeated_spike,MOPER_NO_WSHIFT,150,129.99999999999307,1,0.15727272727272476,0.24581818181817983,0.5,0.5,-0.2015454545454523,-0.014283139258623123,0.054026030004024506,0.12185043096542358,0.09212474524974823,0.1616385132074356,0.18879345059394836,spike
790,50,ABLATION2_repeated_spike,MOPER_NO_WSHIFT,150,129.99999999999375,1,0.15727272727272498,0.24581818181818,0.5,0.5,-0.20154545454545247,-0.010358303785324097,0.060902588069438934,0.16281476616859436,0.11456996202468872,0.21639461815357208,0.25066083669662476,spike
791,50,ABLATION2_repeated_spike,MOPER_NO_WSHIFT,150,129.99999999999437,1,0.15727272727272523,0.24581818181818021,0.5,0.5,-0.20154545454545272,-0.007425929419696331,0.05165184661746025,0.15647195279598236,0.11151474714279175,0.2100711613893509,0.2436772733926773,spike
792,50,ABLATION2_repeated_spike,MOPER_NO_WSHIFT,150,129.99999999999494,1,0.15727272727272543,0.24581818181818038,0.5,0.5,-0.20154545454545292,-0.027274975553154945,0.06525906175374985,0.15884453058242798,0.11121022701263428,0.2171448916196823,0.25054940581321716,spike
793,50,ABLATION2_repeated_spike,MOPER_NO_WSHIFT,150,129.99999999999545,1,0.15727272727272565,0.24581818181818055,0.5,0.5,-0.20154545454545308,-0.013441084884107113,0.0576385073363781,0.14914238452911377,0.10418598353862762,0.20469170808792114,0.23446764051914215,spike
794,50,ABLATION2_repeated_spike,MOPER_NO_WSHIFT,150,129.9999999999959,1,0.1572727272727258,0.24581818181818066,0.5,0.5,-0.20154545454545322,0.021657820791006088,0.06657320261001587,0.15226700901985168,0.10767406225204468,0.20687417685985565,0.23887670040130615,spike
795,50,ABLATION2_repeated_spike,MOPER_NO_WSHIFT,150,129.9999999999963,1,0.15727272727272593,0.24581818181818077,0.5,0.5,-0.20154545454545336,0.0012512125540524721,0.03733542561531067,0.1273212730884552,0.09683993458747864,0.16601108014583588,0.1985231339931488,spike
796,50,ABLATION2_repeated_spike,MOPER_NO_WSHIFT,150,129.99999999999667,1,0.15727272727272607,0.24581818181818088,0.5,0.5,-0.20154545454545347,-0.011536318808794022,0.052389223128557205,0.139492005109787,0.09838931262493134,0.19067907333374023,0.21919593214988708,spike
797,50,ABLATION2_repeated_spike,MOPER_NO_WSHIFT,150,129.99999999999702,1,0.1572727272727262,0.245818181818181,0.5,0.5,-0.20154545454545358,-0.03013644367456436,0.06358207017183304,0.15323206782341003,0.10625502467155457,0.20783278346061707,0.23778612911701202,spike
798,50,ABLATION2_repeated_spike,MOPER_NO_WSHIFT,150,129.99999999999733,1,0.15727272727272631,0.24581818181818105,0.5,0.5,-0.2015454545454537,-0.011715134605765343,0.06658455729484558,0.14816203713417053,0.10985715687274933,0.19329357147216797,0.22879742085933685,spike
799,50,ABLATION2_repeated_spike,MOPER_NO_WSHIFT,150,129.9999999999976,1,0.15727272727272643,0.24581818181818116,0.5,0.5,-0.2015454545454538,-0.010795852169394493,0.059419672936201096,0.12890306115150452,0.0952514111995697,0.1704813539981842,0.20032256841659546,spike
800,50,ABLATION2_repeated_spike,MOPER_NO_WSHIFT,50,111.99999999999785,1,0.13072727272727197,0.1445818181818176,0.5,0.5,-0.13765454545454478,0.009944158606231213,0.1365615278482437,0.20959937572479248,0.16268441081047058,0.2600635290145874,0.3093944489955902,normal
801,50,ABLATION2_repeated_spike,MOPER_NO_WSHIFT,50,95.79999999999806,1,0.12483636363636294,0.13986909090909036,0.5,0.5,-0.13235272727272665,-0.008939660154283047,0.14191986620426178,0.23235026001930237,0.16701072454452515,0.3036704659461975,0.3516817092895508,normal
802,50,ABLATION2_repeated_spike,MOPER_NO_WSHIFT,50,81.21999999999827,1,0.11953454545454482,0.13562763636363587,0.5,0.5,-0.12758109090909034,-0.023609913885593414,0.17326274514198303,0.2197134643793106,0.16361477971076965,0.2816929817199707,0.3328782320022583,normal
803,50,ABLATION2_repeated_spike,MOPER_NO_WSHIFT,50,68.09799999999844,1,0.11476290909090853,0.13181032727272682,0.5,0.5,-0.12328661818181767,-0.01889774762094021,0.12503665685653687,0.228918194770813,0.16784453392028809,0.3028910160064697,0.3518616557121277,normal
804,50,ABLATION2_repeated_spike,MOPER_NO_WSHIFT,50,56.2881999999986,1,0.11046843636363585,0.12837474909090868,0.5,0.5,-0.11942159272727226,0.01929892599582672,0.07361412793397903,0.15961410105228424,0.11577269434928894,0.21693120896816254,0.25795847177505493,normal
805,50,ABLATION2_repeated_spike,MOPER_NO_WSHIFT,50,45.65937999999874,1,0.10660341090909045,0.12528272872727236,0.5,0.5,-0.11594306981818141,0.02110927365720272,0.11046149581670761,0.21756196022033691,0.167984277009964,0.2725892961025238,0.33173492550849915,normal
806,50,ABLATION2_repeated_spike,MOPER_NO_WSHIFT,50,36.093441999998866,1,0.10312488799999958,0.12249991039999966,0.5,0.5,-0.11281239919999962,0.05248742923140526,0.10551892220973969,0.19321265816688538,0.15768031775951385,0.23798426985740662,0.29498833417892456,normal
807,50,ABLATION2_repeated_spike,MOPER_NO_WSHIFT,50,27.484097799998978,1,0.09999421738181781,0.11999537390545426,0.5,0.5,-0.10999479564363604,0.005831902846693993,0.09810633957386017,0.18952065706253052,0.1681412309408188,0.24411725997924805,0.3014477491378784,normal
808,50,ABLATION2_repeated_spike,MOPER_NO_WSHIFT,50,19.73568801999908,1,0.09717661382545421,0.11774129106036338,0.5,0.5,-0.10745895244290879,0.0357685312628746,0.08437331765890121,0.19970479607582092,0.1875455379486084,0.23092122375965118,0.3054667115211487,normal
809,50,ABLATION2_repeated_spike,MOPER_NO_WSHIFT,50,12.762119217999174,1,0.09464077062472698,0.1157126164997816,0.5,0.5,-0.10517669356225429,0.014698612503707409,0.082579605281353,0.20806005597114563,0.18047496676445007,0.23772530257701874,0.3018553853034973,normal
810,50,ABLATION2_repeated_spike,MOPER_NO_WSHIFT,50,6.485907296199258,1,0.09235851174407246,0.11388680939525797,0.5,0.5,-0.10312266056966521,0.03530155494809151,0.08302842080593109,0.2245025634765625,0.2045058012008667,0.25144320726394653,0.33124223351478577,normal
811,50,ABLATION2_repeated_spike,MOPER_NO_WSHIFT,50,0.8373165665793323,1,0.0903044787514834,0.11224358300118673,0.5,0.5,-0.10127403087633506,0.04102596640586853,0.10302432626485825,0.25237035751342773,0.2264733910560608,0.28521227836608887,0.3696269392967224,normal
812,50,ABLATION2_repeated_spike,MOPER_NO_WSHIFT,50,0.0,1,0.09,0.11199999999999999,0.5,0.5,-0.10099999999999999,0.05253402143716812,0.04688475653529167,0.1605825126171112,0.14360511302947998,0.18604251742362976,0.23841345310211182,normal
813,50,ABLATION2_repeated_spike,MOPER_NO_WSHIFT,50,0.0,1,0.09,0.11199999999999999,0.5,0.5,-0.10099999999999999,0.04984394460916519,0.08608730137348175,0.22186416387557983,0.19181743264198303,0.2564088702201843,0.3243333101272583,normal
814,50,ABLATION2_repeated_spike,MOPER_NO_WSHIFT,50,0.0,1,0.09,0.11199999999999999,0.5,0.5,-0.10099999999999999,0.06263647228479385,0.08641393482685089,0.19864864647388458,0.17096658051013947,0.22998560965061188,0.29085224866867065,normal
815,50,ABLATION2_repeated_spike,MOPER_NO_WSHIFT,50,0.0,1,0.09,0.11199999999999999,0.5,0.5,-0.10099999999999999,0.02282804809510708,0.046431198716163635,0.1436503380537033,0.11431816220283508,0.1755644679069519,0.21378639340400696,normal
816,50,ABLATION2_repeated_spike,MOPER_NO_WSHIFT,50,0.0,1,0.09,0.11199999999999999,0.5,0.5,-0.10099999999999999,-0.0038536384236067533,0.11709953099489212,0.20586340129375458,0.16600371897220612,0.2487221658229828,0.3023754954338074,normal
817,50,ABLATION2_repeated_spike,MOPER_NO_WSHIFT,50,0.0,1,0.09,0.11199999999999999,0.5,0.5,-0.10099999999999999,0.010692857205867767,0.12506170570850372,0.22272206842899323,0.18146450817584991,0.2656218111515045,0.3258529305458069,normal
818,50,ABLATION2_repeated_spike,MOPER_NO_WSHIFT,50,0.0,1,0.09,0.11199999999999999,0.5,0.5,-0.10099999999999999,0.06916830688714981,0.07310675829648972,0.12131491303443909,0.10521605610847473,0.13810986280441284,0.1804196536540985,normal
819,50,ABLATION2_repeated_spike,MOPER_NO_WSHIFT,50,0.0,1,0.09,0.11199999999999999,0.5,0.5,-0.10099999999999999,0.0050371624529361725,0.11783391237258911,0.19558042287826538,0.1570015400648117,0.23549960553646088,0.2879778742790222,normal
820,50,ABLATION2_repeated_spike,MOPER_NO_WSHIFT,50,0.0,1,0.09,0.11199999999999999,0.5,0.5,-0.10099999999999999,0.0024235646706074476,0.12009809911251068,0.21366479992866516,0.16635443270206451,0.263791561126709,0.31692540645599365,normal
821,50,ABLATION2_repeated_spike,MOPER_NO_WSHIFT,50,0.0,1,0.09,0.11199999999999999,0.5,0.5,-0.10099999999999999,0.008872662670910358,0.09196335822343826,0.18951234221458435,0.1504632830619812,0.2302982658147812,0.2795846462249756,normal
822,50,ABLATION2_repeated_spike,MOPER_NO_WSHIFT,50,0.0,1,0.09,0.11199999999999999,0.5,0.5,-0.10099999999999999,0.030341343954205513,0.10841725766658783,0.19232164323329926,0.1512405276298523,0.23538148403167725,0.2870156764984131,normal
823,50,ABLATION2_repeated_spike,MOPER_NO_WSHIFT,50,0.0,1,0.09,0.11199999999999999,0.5,0.5,-0.10099999999999999,0.029005389660596848,0.057446543127298355,0.12645214796066284,0.11186698079109192,0.14639221131801605,0.18986919522285461,normal
824,50,ABLATION2_repeated_spike,MOPER_NO_WSHIFT,50,0.0,1,0.09,0.11199999999999999,0.5,0.5,-0.10099999999999999,0.021113691851496696,0.09241937100887299,0.18434777855873108,0.15249405801296234,0.2284170389175415,0.27940264344215393,normal
825,50,ABLATION2_repeated_spike,MOPER_NO_WSHIFT,50,0.0,1,0.09,0.11199999999999999,0.5,0.5,-0.10099999999999999,0.046524349600076675,0.04947232827544212,0.13718393445014954,0.12303537875413895,0.16267497837543488,0.21082861721515656,normal
826,50,ABLATION2_repeated_spike,MOPER_NO_WSHIFT,50,0.0,1,0.09,0.11199999999999999,0.5,0.5,-0.10099999999999999,0.02640656940639019,0.04268363118171692,0.1217435970902443,0.10503645986318588,0.1509694755077362,0.18931441009044647,normal
827,50,ABLATION2_repeated_spike,MOPER_NO_WSHIFT,50,0.0,1,0.09,0.11199999999999999,0.5,0.5,-0.10099999999999999,0.04737746715545654,0.045586854219436646,0.11288105696439743,0.09895545244216919,0.14198939502239227,0.1792203038930893,normal
828,50,ABLATION2_repeated_spike,MOPER_NO_WSHIFT,50,0.0,1,0.09,0.11199999999999999,0.5,0.5,-0.10099999999999999,0.0505351759493351,0.05932455137372017,0.14038506150245667,0.11840027570724487,0.17122025787830353,0.2175096869468689,normal
829,50,ABLATION2_repeated_spike,MOPER_NO_WSHIFT,50,0.0,1,0.09,0.11199999999999999,0.5,0.5,-0.10099999999999999,0.016831938177347183,0.07532567530870438,0.13482126593589783,0.10477672517299652,0.16891877353191376,0.20709367096424103,normal
830,50,ABLATION2_repeated_spike,MOPER_NO_WSHIFT,50,0.0,1,0.09,0.11199999999999999,0.5,0.5,-0.10099999999999999,0.02485591173171997,0.10545982420444489,0.1996147334575653,0.15982457995414734,0.24507151544094086,0.3010832369327545,normal
831,50,ABLATION2_repeated_spike,MOPER_NO_WSHIFT,50,0.0,1,0.09,0.11199999999999999,0.5,0.5,-0.10099999999999999,0.024471139535307884,0.09600735455751419,0.1804337054491043,0.14193910360336304,0.22315606474876404,0.27097320556640625,normal
832,50,ABLATION2_repeated_spike,MOPER_NO_WSHIFT,50,0.0,1,0.09,0.11199999999999999,0.5,0.5,-0.10099999999999999,0.042686477303504944,0.09691086411476135,0.21039599180221558,0.1803780347108841,0.2488146275281906,0.31424111127853394,normal
833,50,ABLATION2_repeated_spike,MOPER_NO_WSHIFT,50,0.0,1,0.09,0.11199999999999999,0.5,0.5,-0.10099999999999999,0.019142096862196922,0.11000188440084457,0.18992088735103607,0.16089048981666565,0.23755963146686554,0.2897523045539856,normal
834,50,ABLATION2_repeated_spike,MOPER_NO_WSHIFT,50,0.0,1,0.09,0.11199999999999999,0.5,0.5,-0.10099999999999999,0.01923924870789051,0.08179159462451935,0.2031973898410797,0.17619818449020386,0.24189873039722443,0.30247393250465393,normal
835,50,ABLATION2_repeated_spike,MOPER_NO_WSHIFT,50,0.0,1,0.09,0.11199999999999999,0.5,0.5,-0.10099999999999999,0.019409235566854477,0.08232056349515915,0.19966547191143036,0.17618504166603088,0.24020753800868988,0.3023661971092224,normal
836,50,ABLATION2_repeated_spike,MOPER_NO_WSHIFT,50,0.0,1,0.09,0.11199999999999999,0.5,0.5,-0.10099999999999999,0.015724612399935722,0.09208676964044571,0.19864240288734436,0.16726244986057281,0.24162696301937103,0.29705584049224854,normal
837,50,ABLATION2_repeated_spike,MOPER_NO_WSHIFT,50,0.0,1,0.09,0.11199999999999999,0.5,0.5,-0.10099999999999999,0.025348477065563202,0.08986350893974304,0.19614891707897186,0.16503924131393433,0.23532748222351074,0.290311336517334,normal
838,50,ABLATION2_repeated_spike,MOPER_NO_WSHIFT,50,0.0,1,0.09,0.11199999999999999,0.5,0.5,-0.10099999999999999,0.009333586320281029,0.09202104806900024,0.18820349872112274,0.16069014370441437,0.22814099490642548,0.28169843554496765,normal
839,50,ABLATION2_repeated_spike,MOPER_NO_WSHIFT,50,0.0,1,0.09,0.11199999999999999,0.5,0.5,-0.10099999999999999,0.0574413426220417,0.14064694941043854,0.20587891340255737,0.17834575474262238,0.24531608819961548,0.30876976251602173,normal
840,50,ABLATION2_repeated_spike,MOPER_NO_WSHIFT,50,0.0,1,0.09,0.11199999999999999,0.5,0.5,-0.10099999999999999,0.022694718092679977,0.049317847937345505,0.12464138865470886,0.1066291332244873,0.14849796891212463,0.1861364245414734,normal
841,50,ABLATION2_repeated_spike,MOPER_NO_WSHIFT,50,0.0,1,0.09,0.11199999999999999,0.5,0.5,-0.10099999999999999,0.012863731011748314,0.11788906157016754,0.19729217886924744,0.16410323977470398,0.2380780428647995,0.2927005887031555,normal
842,50,ABLATION2_repeated_spike,MOPER_NO_WSHIFT,50,0.0,1,0.09,0.11199999999999999,0.5,0.5,-0.10099999999999999,0.039975397288799286,0.109803207218647,0.19764651358127594,0.16616027057170868,0.23129083216190338,0.2894293963909149,normal
843,50,ABLATION2_repeated_spike,MOPER_NO_WSHIFT,50,0.0,1,0.09,0.11199999999999999,0.5,0.5,-0.10099999999999999,0.03251528739929199,0.059780240058898926,0.13603827357292175,0.11868608742952347,0.16207005083560944,0.20665192604064941,normal
844,50,ABLATION2_repeated_spike,MOPER_NO_WSHIFT,50,0.0,1,0.09,0.11199999999999999,0.5,0.5,-0.10099999999999999,0.024521339684724808,0.05184375122189522,0.1312667727470398,0.11894367635250092,0.14832964539527893,0.19597020745277405,normal
845,50,ABLATION2_repeated_spike,MOPER_NO_WSHIFT,50,0.0,1,0.09,0.11199999999999999,0.5,0.5,-0.10099999999999999,0.03404767066240311,0.1054127961397171,0.1861458420753479,0.1549164354801178,0.2280571013689041,0.2824898958206177,normal
846,50,ABLATION2_repeated_spike,MOPER_NO_WSHIFT,50,0.0,1,0.09,0.11199999999999999,0.5,0.5,-0.10099999999999999,0.023817142471671104,0.047943953424692154,0.13151401281356812,0.12205415964126587,0.1451510787010193,0.19759657979011536,normal
847,50,ABLATION2_repeated_spike,MOPER_NO_WSHIFT,50,0.0,1,0.09,0.11199999999999999,0.5,0.5,-0.10099999999999999,0.016694413498044014,0.06588321179151535,0.18876497447490692,0.15812253952026367,0.23143745958805084,0.28868529200553894,normal
848,50,ABLATION2_repeated_spike,MOPER_NO_WSHIFT,50,0.0,1,0.09,0.11199999999999999,0.5,0.5,-0.10099999999999999,0.0191255621612072,0.07179054617881775,0.12986069917678833,0.11131978034973145,0.1513035148382187,0.1938837170600891,normal
849,50,ABLATION2_repeated_spike,MOPER_NO_WSHIFT,50,0.0,1,0.09,0.11199999999999999,0.5,0.5,-0.10099999999999999,0.020826205611228943,0.07838793098926544,0.13112491369247437,0.11694120615720749,0.15078958868980408,0.199102520942688,normal
850,50,ABLATION2_repeated_spike,MOPER_NO_WSHIFT,50,0.0,1,0.09,0.11199999999999999,0.5,0.5,-0.10099999999999999,-0.0016488456167280674,0.10770376026630402,0.19020314514636993,0.15863850712776184,0.23207838833332062,0.2896305322647095,normal
851,50,ABLATION2_repeated_spike,MOPER_NO_WSHIFT,50,0.0,1,0.09,0.11199999999999999,0.5,0.5,-0.10099999999999999,0.01066065113991499,0.06162548437714577,0.1399042159318924,0.11797228455543518,0.17242591083049774,0.216272234916687,normal
852,50,ABLATION2_repeated_spike,MOPER_NO_WSHIFT,50,0.0,1,0.09,0.11199999999999999,0.5,0.5,-0.10099999999999999,0.018925128504633904,0.10364960879087448,0.18821540474891663,0.15495896339416504,0.23237280547618866,0.2834053635597229,normal
853,50,ABLATION2_repeated_spike,MOPER_NO_WSHIFT,50,0.0,1,0.09,0.11199999999999999,0.5,0.5,-0.10099999999999999,0.020873432978987694,0.029340749606490135,0.12130524963140488,0.11372357606887817,0.15457268059253693,0.1956992745399475,normal
854,50,ABLATION2_repeated_spike,MOPER_NO_WSHIFT,50,0.0,1,0.09,0.11199999999999999,0.5,0.5,-0.10099999999999999,0.031683191657066345,0.14300678670406342,0.20378348231315613,0.17472225427627563,0.24205045402050018,0.3031077980995178,normal
855,50,ABLATION2_repeated_spike,MOPER_NO_WSHIFT,50,0.0,1,0.09,0.11199999999999999,0.5,0.5,-0.10099999999999999,0.052588336169719696,0.11940623819828033,0.2088155448436737,0.18256443738937378,0.2377346158027649,0.305285781621933,normal
856,50,ABLATION2_repeated_spike,MOPER_NO_WSHIFT,50,0.0,1,0.09,0.11199999999999999,0.5,0.5,-0.10099999999999999,0.05814037844538689,0.12995532155036926,0.18082183599472046,0.1524350345134735,0.21468274295330048,0.26918935775756836,normal
857,50,ABLATION2_repeated_spike,MOPER_NO_WSHIFT,50,0.0,1,0.09,0.11199999999999999,0.5,0.5,-0.10099999999999999,0.02160048671066761,0.08288603276014328,0.13331621885299683,0.10911516845226288,0.16115348041057587,0.19817830622196198,normal
858,50,ABLATION2_repeated_spike,MOPER_NO_WSHIFT,50,0.0,1,0.09,0.11199999999999999,0.5,0.5,-0.10099999999999999,0.02046963945031166,0.10947289317846298,0.21680966019630432,0.1800883561372757,0.255085289478302,0.316503643989563,normal
859,50,ABLATION2_repeated_spike,MOPER_NO_WSHIFT,50,0.0,1,0.09,0.11199999999999999,0.5,0.5,-0.10099999999999999,0.04456165060400963,0.14909319579601288,0.20780730247497559,0.17714668810367584,0.24140261113643646,0.30407458543777466,normal
860,50,ABLATION2_repeated_spike,MOPER_NO_WSHIFT,50,0.0,1,0.09,0.11199999999999999,0.5,0.5,-0.10099999999999999,0.007758242078125477,0.046571459621191025,0.11914722621440887,0.10006193816661835,0.14033259451389313,0.1762285828590393,normal
861,50,ABLATION2_repeated_spike,MOPER_NO_WSHIFT,50,0.0,1,0.09,0.11199999999999999,0.5,0.5,-0.10099999999999999,0.010467562824487686,0.08460897952318192,0.1236666589975357,0.1047697439789772,0.15752658247947693,0.19399946928024292,normal
862,50,ABLATION2_repeated_spike,MOPER_NO_WSHIFT,50,0.0,1,0.09,0.11199999999999999,0.5,0.5,-0.10099999999999999,0.002646601526066661,0.04980737343430519,0.12300664186477661,0.10633951425552368,0.1515113115310669,0.18895122408866882,normal
863,50,ABLATION2_repeated_spike,MOPER_NO_WSHIFT,50,0.0,1,0.09,0.11199999999999999,0.5,0.5,-0.10099999999999999,0.026882747188210487,0.10667174309492111,0.1863715648651123,0.1543237864971161,0.2293027639389038,0.28060343861579895,normal
864,50,ABLATION2_repeated_spike,MOPER_NO_WSHIFT,50,0.0,1,0.09,0.11199999999999999,0.5,0.5,-0.10099999999999999,0.02317606471478939,0.11011479794979095,0.1971580982208252,0.17351354658603668,0.23632779717445374,0.298519492149353,normal
865,50,ABLATION2_repeated_spike,MOPER_NO_WSHIFT,50,0.0,1,0.09,0.11199999999999999,0.5,0.5,-0.10099999999999999,0.01383071020245552,0.10162342339754105,0.18841499090194702,0.160780131816864,0.23178651928901672,0.28668731451034546,normal
866,50,ABLATION2_repeated_spike,MOPER_NO_WSHIFT,50,0.0,1,0.09,0.11199999999999999,0.5,0.5,-0.10099999999999999,0.016271496191620827,0.05284023657441139,0.12250933796167374,0.1068948432803154,0.15216892957687378,0.19012053310871124,normal
867,50,ABLATION2_repeated_spike,MOPER_NO_WSHIFT,50,0.0,1,0.09,0.11199999999999999,0.5,0.5,-0.10099999999999999,0.018849888816475868,0.07214777171611786,0.12213018536567688,0.11257707327604294,0.1450834423303604,0.18878895044326782,normal
868,50,ABLATION2_repeated_spike,MOPER_NO_WSHIFT,50,0.0,1,0.09,0.11199999999999999,0.5,0.5,-0.10099999999999999,0.01326889730989933,0.11618421226739883,0.20300635695457458,0.1754583716392517,0.2405678927898407,0.30330708622932434,normal
869,50,ABLATION2_repeated_spike,MOPER_NO_WSHIFT,50,0.0,1,0.09,0.11199999999999999,0.5,0.5,-0.10099999999999999,0.008375246077775955,0.11267155408859253,0.20271623134613037,0.16871926188468933,0.243713840842247,0.3011794090270996,normal
870,50,ABLATION2_repeated_spike,MOPER_NO_WSHIFT,50,0.0,1,0.09,0.11199999999999999,0.5,0.5,-0.10099999999999999,0.017273172736167908,0.1008450984954834,0.1877783238887787,0.15417633950710297,0.22693175077438354,0.2798781394958496,normal
871,50,ABLATION2_repeated_spike,MOPER_NO_WSHIFT,50,0.0,1,0.09,0.11199999999999999,0.5,0.5,-0.10099999999999999,0.006617378909140825,0.1038932353258133,0.19418659806251526,0.16102877259254456,0.23215581476688385,0.2868102788925171,normal
872,50,ABLATION2_repeated_spike,MOPER_NO_WSHIFT,50,0.0,1,0.09,0.11199999999999999,0.5,0.5,-0.10099999999999999,0.014377601444721222,0.10324394702911377,0.18662965297698975,0.15860658884048462,0.22538380324840546,0.27838075160980225,normal
873,50,ABLATION2_repeated_spike,MOPER_NO_WSHIFT,50,0.0,1,0.09,0.11199999999999999,0.5,0.5,-0.10099999999999999,0.0050172652117908,0.05046656355261803,0.1178339496254921,0.1071433275938034,0.14386963844299316,0.18292975425720215,normal
874,50,ABLATION2_repeated_spike,MOPER_NO_WSHIFT,50,0.0,1,0.09,0.11199999999999999,0.5,0.5,-0.10099999999999999,0.0021740994416177273,0.09696972370147705,0.1804550737142563,0.1526581048965454,0.21750861406326294,0.26843321323394775,normal
875,50,ABLATION2_repeated_spike,MOPER_NO_WSHIFT,50,0.0,1,0.09,0.11199999999999999,0.5,0.5,-0.10099999999999999,0.04396842047572136,0.057939257472753525,0.11874078214168549,0.1089305728673935,0.14542090892791748,0.18675847351551056,normal
876,50,ABLATION2_repeated_spike,MOPER_NO_WSHIFT,50,0.0,1,0.09,0.11199999999999999,0.5,0.5,-0.10099999999999999,-0.005276376381516457,0.13108313083648682,0.19359849393367767,0.16028137505054474,0.23730094730854034,0.2883297801017761,normal
877,50,ABLATION2_repeated_spike,MOPER_NO_WSHIFT,50,0.0,1,0.09,0.11199999999999999,0.5,0.5,-0.10099999999999999,-0.003964131698012352,0.10398965328931808,0.19799670577049255,0.15871402621269226,0.24152404069900513,0.29132944345474243,normal
878,50,ABLATION2_repeated_spike,MOPER_NO_WSHIFT,50,0.0,1,0.09,0.11199999999999999,0.5,0.5,-0.10099999999999999,0.01005326397716999,0.17005693912506104,0.19116337597370148,0.1564859002828598,0.230378195643425,0.28140777349472046,normal
879,50,ABLATION2_repeated_spike,MOPER_NO_WSHIFT,50,0.0,1,0.09,0.11199999999999999,0.5,0.5,-0.10099999999999999,0.009530262090265751,0.13126039505004883,0.19304606318473816,0.15709204971790314,0.23554033041000366,0.28597256541252136,normal
880,50,ABLATION2_repeated_spike,MOPER_NO_WSHIFT,50,0.0,1,0.09,0.11199999999999999,0.5,0.5,-0.10099999999999999,-0.00810438022017479,0.16787943243980408,0.19022081792354584,0.15446153283119202,0.23431050777435303,0.28273504972457886,normal
881,50,ABLATION2_repeated_spike,MOPER_NO_WSHIFT,50,0.0,1,0.09,0.11199999999999999,0.5,0.5,-0.10099999999999999,-0.010171951726078987,0.11296140402555466,0.19443866610527039,0.16362477838993073,0.23255351185798645,0.2866722643375397,normal
882,50,ABLATION2_repeated_spike,MOPER_NO_WSHIFT,50,0.0,1,0.09,0.11199999999999999,0.5,0.5,-0.10099999999999999,-0.0011016090866178274,0.0838971734046936,0.19234222173690796,0.1549571305513382,0.23547334969043732,0.2869567275047302,normal
883,50,ABLATION2_repeated_spike,MOPER_NO_WSHIFT,50,0.0,1,0.09,0.11199999999999999,0.5,0.5,-0.10099999999999999,0.026607947424054146,0.11603809893131256,0.18992075324058533,0.15533925592899323,0.2305547595024109,0.2834241986274719,normal
884,50,ABLATION2_repeated_spike,MOPER_NO_WSHIFT,50,0.0,1,0.09,0.11199999999999999,0.5,0.5,-0.10099999999999999,0.02030659094452858,0.10543808341026306,0.19986020028591156,0.17234531044960022,0.24561652541160583,0.30448082089424133,normal
885,50,ABLATION2_repeated_spike,MOPER_NO_WSHIFT,50,0.0,1,0.09,0.11199999999999999,0.5,0.5,-0.10099999999999999,0.018212003633379936,0.06779929995536804,0.12317696213722229,0.11265785247087479,0.14689673483371735,0.18923330307006836,normal
886,50,ABLATION2_repeated_spike,MOPER_NO_WSHIFT,50,0.0,1,0.09,0.11199999999999999,0.5,0.5,-0.10099999999999999,0.03952040895819664,0.13602092862129211,0.20214292407035828,0.17902573943138123,0.2295435220003128,0.2974390983581543,normal
887,50,ABLATION2_repeated_spike,MOPER_NO_WSHIFT,50,0.0,1,0.09,0.11199999999999999,0.5,0.5,-0.10099999999999999,0.08167671412229538,0.06906785815954208,0.14814817905426025,0.13989846408367157,0.16446125507354736,0.22118793427944183,normal
888,50,ABLATION2_repeated_spike,MOPER_NO_WSHIFT,50,0.0,1,0.09,0.11199999999999999,0.5,0.5,-0.10099999999999999,0.022074658423662186,0.08407606929540634,0.20917853713035583,0.1890486478805542,0.23811428248882294,0.3104148507118225,normal
889,50,ABLATION2_repeated_spike,MOPER_NO_WSHIFT,50,0.0,1,0.09,0.11199999999999999,0.5,0.5,-0.10099999999999999,0.02328055165708065,0.051479458808898926,0.17132379114627838,0.1585475504398346,0.18703395128250122,0.24983230233192444,normal
890,50,ABLATION2_repeated_spike,MOPER_NO_WSHIFT,50,0.0,1,0.09,0.11199999999999999,0.5,0.5,-0.10099999999999999,0.014054389670491219,0.06848286092281342,0.14927369356155396,0.14018529653549194,0.16436803340911865,0.22102059423923492,normal
891,50,ABLATION2_repeated_spike,MOPER_NO_WSHIFT,50,0.0,1,0.09,0.11199999999999999,0.5,0.5,-0.10099999999999999,0.014712470583617687,0.1300296187400818,0.2271827757358551,0.2014523595571518,0.25925540924072266,0.3328331708908081,normal
892,50,ABLATION2_repeated_spike,MOPER_NO_WSHIFT,50,0.0,1,0.09,0.11199999999999999,0.5,0.5,-0.10099999999999999,0.030399415642023087,0.03822474926710129,0.15806660056114197,0.14502297341823578,0.17663884162902832,0.23278212547302246,normal
893,50,ABLATION2_repeated_spike,MOPER_NO_WSHIFT,50,0.0,1,0.09,0.11199999999999999,0.5,0.5,-0.10099999999999999,0.01851034164428711,0.15454140305519104,0.20017287135124207,0.17415228486061096,0.2373453974723816,0.2973841428756714,normal
894,50,ABLATION2_repeated_spike,MOPER_NO_WSHIFT,50,0.0,1,0.09,0.11199999999999999,0.5,0.5,-0.10099999999999999,0.005298334173858166,0.10138130933046341,0.19480326771736145,0.16971689462661743,0.23716293275356293,0.2939481735229492,normal
895,50,ABLATION2_repeated_spike,MOPER_NO_WSHIFT,50,0.0,1,0.09,0.11199999999999999,0.5,0.5,-0.10099999999999999,0.013226920738816261,0.05384475365281105,0.10706888884305954,0.09115032851696014,0.1290941834449768,0.15994498133659363,normal
896,50,ABLATION2_repeated_spike,MOPER_NO_WSHIFT,50,0.0,1,0.09,0.11199999999999999,0.5,0.5,-0.10099999999999999,0.029571684077382088,0.16625045239925385,0.1979028433561325,0.16761451959609985,0.23644854128360748,0.29447558522224426,normal
897,50,ABLATION2_repeated_spike,MOPER_NO_WSHIFT,50,0.0,1,0.09,0.11199999999999999,0.5,0.5,-0.10099999999999999,0.009061235934495926,0.12343168258666992,0.18253380060195923,0.14622661471366882,0.22318792343139648,0.26954659819602966,normal
898,50,ABLATION2_repeated_spike,MOPER_NO_WSHIFT,50,0.0,1,0.09,0.11199999999999999,0.5,0.5,-0.10099999999999999,0.0030607525259256363,0.02913742884993553,0.1231188178062439,0.1023775190114975,0.15335379540920258,0.18824243545532227,normal
899,50,ABLATION2_repeated_spike,MOPER_NO_WSHIFT,50,0.0,1,0.09,0.11199999999999999,0.5,0.5,-0.10099999999999999,-0.0038473098538815975,0.13154537975788116,0.19992440938949585,0.16985291242599487,0.2402620166540146,0.2988704741001129,normal
900,50,ABLATION2_repeated_spike,MOPER_NO_WSHIFT,50,0.0,1,0.09,0.11199999999999999,0.5,0.5,-0.10099999999999999,0.00018757190264295787,0.07215775549411774,0.11445706337690353,0.10228025913238525,0.13830618560314178,0.17421692609786987,normal
901,50,ABLATION2_repeated_spike,MOPER_NO_WSHIFT,50,0.0,1,0.09,0.11199999999999999,0.5,0.5,-0.10099999999999999,0.0060277217999100685,0.08429136127233505,0.13801690936088562,0.12623301148414612,0.16985344886779785,0.21581393480300903,normal
902,50,ABLATION2_repeated_spike,MOPER_NO_WSHIFT,50,0.0,1,0.09,0.11199999999999999,0.5,0.5,-0.10099999999999999,0.004016983322799206,0.07085347920656204,0.11421369016170502,0.10365128517150879,0.1367456316947937,0.17441736161708832,normal
903,50,ABLATION2_repeated_spike,MOPER_NO_WSHIFT,50,0.0,1,0.09,0.11199999999999999,0.5,0.5,-0.10099999999999999,-0.000978433177806437,0.1528327614068985,0.19493669271469116,0.1720929592847824,0.23764564096927643,0.2962145209312439,normal
904,50,ABLATION2_repeated_spike,MOPER_NO_WSHIFT,50,0.0,1,0.09,0.11199999999999999,0.5,0.5,-0.10099999999999999,0.009663485921919346,0.10420636087656021,0.19467127323150635,0.17301878333091736,0.23444096744060516,0.29440808296203613,normal
905,50,ABLATION2_repeated_spike,MOPER_NO_WSHIFT,50,0.0,1,0.09,0.11199999999999999,0.5,0.5,-0.10099999999999999,0.0032654828391969204,0.1600179374217987,0.1803526133298874,0.15072859823703766,0.22409184277057648,0.2728544771671295,normal
906,50,ABLATION2_repeated_spike,MOPER_NO_WSHIFT,50,0.0,1,0.09,0.11199999999999999,0.5,0.5,-0.10099999999999999,0.01182159036397934,0.10785964131355286,0.17164477705955505,0.14238998293876648,0.20793107151985168,0.25388607382774353,normal
907,50,ABLATION2_repeated_spike,MOPER_NO_WSHIFT,50,0.0,1,0.09,0.11199999999999999,0.5,0.5,-0.10099999999999999,0.045036252588033676,0.14756032824516296,0.19689056277275085,0.17594850063323975,0.2387133538722992,0.30230480432510376,normal
908,50,ABLATION2_repeated_spike,MOPER_NO_WSHIFT,50,0.0,1,0.09,0.11199999999999999,0.5,0.5,-0.10099999999999999,0.03802695497870445,0.13606151938438416,0.19524291157722473,0.16939321160316467,0.22700902819633484,0.28808891773223877,normal
909,50,ABLATION2_repeated_spike,MOPER_NO_WSHIFT,50,0.0,1,0.09,0.11199999999999999,0.5,0.5,-0.10099999999999999,-0.0005933081265538931,0.05750267952680588,0.12126461416482925,0.11714988201856613,0.15170319378376007,0.19674943387508392,normal
910,50,ABLATION2_repeated_spike,MOPER_NO_WSHIFT,50,0.0,1,0.09,0.11199999999999999,0.5,0.5,-0.10099999999999999,0.03366636112332344,0.15249748528003693,0.2094983011484146,0.19289244711399078,0.24292457103729248,0.3170091509819031,normal
911,50,ABLATION2_repeated_spike,MOPER_NO_WSHIFT,50,0.0,1,0.09,0.11199999999999999,0.5,0.5,-0.10099999999999999,0.05253202095627785,0.15103891491889954,0.21166585385799408,0.1985795795917511,0.24536815285682678,0.322875052690506,normal
912,50,ABLATION2_repeated_spike,MOPER_NO_WSHIFT,50,0.0,1,0.09,0.11199999999999999,0.5,0.5,-0.10099999999999999,0.05004533752799034,0.06935464590787888,0.12346040457487106,0.10885369777679443,0.14371047914028168,0.18307805061340332,normal
913,50,ABLATION2_repeated_spike,MOPER_NO_WSHIFT,50,0.0,1,0.09,0.11199999999999999,0.5,0.5,-0.10099999999999999,0.03809628263115883,0.15453583002090454,0.20309944450855255,0.1802925169467926,0.23317603766918182,0.3004491627216339,normal
914,50,ABLATION2_repeated_spike,MOPER_NO_WSHIFT,50,0.0,1,0.09,0.11199999999999999,0.5,0.5,-0.10099999999999999,0.027024364098906517,0.07248371839523315,0.11712321639060974,0.10170342773199081,0.1382802128791809,0.1761610507965088,normal
915,50,ABLATION2_repeated_spike,MOPER_NO_WSHIFT,50,0.0,1,0.09,0.11199999999999999,0.5,0.5,-0.10099999999999999,0.009920971468091011,0.007103697396814823,0.06890541315078735,0.06278978288173676,0.0838376134634018,0.10784214735031128,normal
916,50,ABLATION2_repeated_spike,MOPER_NO_WSHIFT,50,0.0,1,0.09,0.11199999999999999,0.5,0.5,-0.10099999999999999,0.030827123671770096,0.15932393074035645,0.19841791689395905,0.16639545559883118,0.23383861780166626,0.289421945810318,normal
917,50,ABLATION2_repeated_spike,MOPER_NO_WSHIFT,50,0.0,1,0.09,0.11199999999999999,0.5,0.5,-0.10099999999999999,0.008197136223316193,0.08841516077518463,0.1363055408000946,0.11470173299312592,0.1646488904953003,0.20342430472373962,normal
918,50,ABLATION2_repeated_spike,MOPER_NO_WSHIFT,50,0.0,1,0.09,0.11199999999999999,0.5,0.5,-0.10099999999999999,0.02577030286192894,0.0023986096493899822,0.04319627583026886,0.03542838990688324,0.05938278138637543,0.07257700711488724,normal
919,50,ABLATION2_repeated_spike,MOPER_NO_WSHIFT,50,0.0,1,0.09,0.11199999999999999,0.5,0.5,-0.10099999999999999,-0.005657101050019264,0.1631629914045334,0.18865342438220978,0.15631288290023804,0.22986255586147308,0.2807501554489136,normal
920,50,ABLATION2_repeated_spike,MOPER_NO_WSHIFT,50,0.0,1,0.09,0.11199999999999999,0.5,0.5,-0.10099999999999999,-0.003283062484115362,0.11598034203052521,0.19259518384933472,0.16076228022575378,0.2321513593196869,0.28434324264526367,normal
921,50,ABLATION2_repeated_spike,MOPER_NO_WSHIFT,50,0.0,1,0.09,0.11199999999999999,0.5,0.5,-0.10099999999999999,0.0005471808835864067,0.07560490071773529,0.09416938573122025,0.07588754594326019,0.12109184265136719,0.14387062191963196,normal
922,50,ABLATION2_repeated_spike,MOPER_NO_WSHIFT,50,0.0,1,0.09,0.11199999999999999,0.5,0.5,-0.10099999999999999,0.020754484459757805,0.14313986897468567,0.18719154596328735,0.15296919643878937,0.22339676320552826,0.27368590235710144,normal
923,50,ABLATION2_repeated_spike,MOPER_NO_WSHIFT,50,0.0,1,0.09,0.11199999999999999,0.5,0.5,-0.10099999999999999,0.01027525682002306,0.17255745828151703,0.18734243512153625,0.15467305481433868,0.22929906845092773,0.27888545393943787,normal
924,50,ABLATION2_repeated_spike,MOPER_NO_WSHIFT,50,0.0,1,0.09,0.11199999999999999,0.5,0.5,-0.10099999999999999,-0.0011848370777443051,0.16074436902999878,0.1960231363773346,0.1654510200023651,0.23377670347690582,0.28951549530029297,normal
925,50,ABLATION2_repeated_spike,MOPER_NO_WSHIFT,50,0.0,1,0.09,0.11199999999999999,0.5,0.5,-0.10099999999999999,0.04362758994102478,0.07303144037723541,0.10661909729242325,0.09593263268470764,0.13480837643146515,0.1689593642950058,normal
926,50,ABLATION2_repeated_spike,MOPER_NO_WSHIFT,50,0.0,1,0.09,0.11199999999999999,0.5,0.5,-0.10099999999999999,0.03623421862721443,0.07110583782196045,0.10329878330230713,0.09259650111198425,0.12490791082382202,0.15724937617778778,normal
927,50,ABLATION2_repeated_spike,MOPER_NO_WSHIFT,50,0.0,1,0.09,0.11199999999999999,0.5,0.5,-0.10099999999999999,0.02032787725329399,0.06482330709695816,0.1197868287563324,0.10161779820919037,0.14307527244091034,0.17786242067813873,normal
928,50,ABLATION2_repeated_spike,MOPER_NO_WSHIFT,50,0.0,1,0.09,0.11199999999999999,0.5,0.5,-0.10099999999999999,0.008063124492764473,0.049847155809402466,0.1114557683467865,0.098231241106987,0.13551215827465057,0.16937530040740967,normal
929,50,ABLATION2_repeated_spike,MOPER_NO_WSHIFT,50,0.0,1,0.09,0.11199999999999999,0.5,0.5,-0.10099999999999999,-0.0075034755282104015,0.16844403743743896,0.17690281569957733,0.1562412530183792,0.22334101796150208,0.27530914545059204,normal
930,50,ABLATION2_repeated_spike,MOPER_NO_WSHIFT,50,0.0,1,0.09,0.11199999999999999,0.5,0.5,-0.10099999999999999,0.005744381807744503,0.17531755566596985,0.20104441046714783,0.1791902631521225,0.24843628704547882,0.3118993639945984,normal
931,50,ABLATION2_repeated_spike,MOPER_NO_WSHIFT,50,0.0,1,0.09,0.11199999999999999,0.5,0.5,-0.10099999999999999,0.003650342347100377,0.16137158870697021,0.187921941280365,0.16185569763183594,0.22694727778434753,0.28348004817962646,normal
932,50,ABLATION2_repeated_spike,MOPER_NO_WSHIFT,50,0.0,1,0.09,0.11199999999999999,0.5,0.5,-0.10099999999999999,-0.007072518579661846,0.15910232067108154,0.18092581629753113,0.16079607605934143,0.22788174450397491,0.28120070695877075,normal
933,50,ABLATION2_repeated_spike,MOPER_NO_WSHIFT,50,0.0,1,0.09,0.11199999999999999,0.5,0.5,-0.10099999999999999,0.02935182861983776,0.07179058343172073,0.10717455297708511,0.10056260973215103,0.1308232843875885,0.16796088218688965,normal
934,50,ABLATION2_repeated_spike,MOPER_NO_WSHIFT,50,0.0,1,0.09,0.11199999999999999,0.5,0.5,-0.10099999999999999,0.009650248102843761,0.08412590622901917,0.1275997757911682,0.12225673347711563,0.15302006900310516,0.20031799376010895,normal
935,50,ABLATION2_repeated_spike,MOPER_NO_WSHIFT,50,0.0,1,0.09,0.11199999999999999,0.5,0.5,-0.10099999999999999,0.007339996751397848,0.16791146993637085,0.20473095774650574,0.1877986192703247,0.2406172901391983,0.31061044335365295,normal
936,50,ABLATION2_repeated_spike,MOPER_NO_WSHIFT,50,0.0,1,0.09,0.11199999999999999,0.5,0.5,-0.10099999999999999,0.013256927952170372,0.07739201188087463,0.11941266059875488,0.11001969873905182,0.14522530138492584,0.18490995466709137,normal
937,50,ABLATION2_repeated_spike,MOPER_NO_WSHIFT,50,0.0,1,0.09,0.11199999999999999,0.5,0.5,-0.10099999999999999,-0.0030242903158068657,0.0895358994603157,0.11748992651700974,0.10483244806528091,0.13938502967357635,0.17646470665931702,normal
938,50,ABLATION2_repeated_spike,MOPER_NO_WSHIFT,50,0.0,1,0.09,0.11199999999999999,0.5,0.5,-0.10099999999999999,0.029343847185373306,0.14797456562519073,0.18092001974582672,0.1549859642982483,0.22006359696388245,0.27082809805870056,normal
939,50,ABLATION2_repeated_spike,MOPER_NO_WSHIFT,50,0.0,1,0.09,0.11199999999999999,0.5,0.5,-0.10099999999999999,0.010370198637247086,0.08035594969987869,0.12192923575639725,0.1060987263917923,0.14946076273918152,0.1860857903957367,normal
940,50,ABLATION2_repeated_spike,MOPER_NO_WSHIFT,50,0.0,1,0.09,0.11199999999999999,0.5,0.5,-0.10099999999999999,0.030251478776335716,0.166341170668602,0.20063692331314087,0.17527855932712555,0.23789353668689728,0.29813918471336365,normal
941,50,ABLATION2_repeated_spike,MOPER_NO_WSHIFT,50,0.0,1,0.09,0.11199999999999999,0.5,0.5,-0.10099999999999999,0.005286276340484619,0.10014309734106064,0.1872255951166153,0.15628448128700256,0.22334246337413788,0.27500200271606445,normal
942,50,ABLATION2_repeated_spike,MOPER_NO_WSHIFT,50,0.0,1,0.09,0.11199999999999999,0.5,0.5,-0.10099999999999999,-0.00769144156947732,0.16857784986495972,0.18848037719726562,0.16232125461101532,0.2270485907793045,0.28110697865486145,normal
943,50,ABLATION2_repeated_spike,MOPER_NO_WSHIFT,50,0.0,1,0.09,0.11199999999999999,0.5,0.5,-0.10099999999999999,-0.014278411865234375,0.17058756947517395,0.18458959460258484,0.1541605293750763,0.2285354882478714,0.2767166793346405,normal
944,50,ABLATION2_repeated_spike,MOPER_NO_WSHIFT,50,0.0,1,0.09,0.11199999999999999,0.5,0.5,-0.10099999999999999,-0.00029513289337046444,0.002988995984196663,0.03813666105270386,0.0428621768951416,0.055998146533966064,0.07306595146656036,normal
945,50,ABLATION2_repeated_spike,MOPER_NO_WSHIFT,50,0.0,1,0.09,0.11199999999999999,0.5,0.5,-0.10099999999999999,-0.018553476780653,0.16387653350830078,0.1820908486843109,0.15581664443016052,0.2252417355775833,0.2768760323524475,normal
946,50,ABLATION2_repeated_spike,MOPER_NO_WSHIFT,50,0.0,1,0.09,0.11199999999999999,0.5,0.5,-0.10099999999999999,0.012293580919504166,0.11342763155698776,0.1856759637594223,0.15597064793109894,0.22488108277320862,0.2766033113002777,normal
947,50,ABLATION2_repeated_spike,MOPER_NO_WSHIFT,50,0.0,1,0.09,0.11199999999999999,0.5,0.5,-0.10099999999999999,0.018006477504968643,0.09058813750743866,0.12263253331184387,0.11068161576986313,0.148464635014534,0.1882837414741516,normal
948,50,ABLATION2_repeated_spike,MOPER_NO_WSHIFT,50,0.0,1,0.09,0.11199999999999999,0.5,0.5,-0.10099999999999999,0.011822625994682312,0.1581171303987503,0.17805173993110657,0.1575244963169098,0.2212306410074234,0.2745874226093292,normal
949,50,ABLATION2_repeated_spike,MOPER_NO_WSHIFT,50,0.0,1,0.09,0.11199999999999999,0.5,0.5,-0.10099999999999999,0.022724123671650887,0.09044528007507324,0.13125571608543396,0.1215728372335434,0.15197114646434784,0.19962891936302185,normal
950,50,ABLATION2_repeated_spike,MOPER_NO_WSHIFT,50,0.0,1,0.09,0.11199999999999999,0.5,0.5,-0.10099999999999999,0.0078109512105584145,0.005876935087144375,0.057244960218667984,0.06494589895009995,0.06322197616100311,0.09447529911994934,normal
951,50,ABLATION2_repeated_spike,MOPER_NO_WSHIFT,50,0.0,1,0.09,0.11199999999999999,0.5,0.5,-0.10099999999999999,0.003619434079155326,0.08209005743265152,0.11797010153532028,0.10666989535093307,0.14137116074562073,0.17945633828639984,normal
952,50,ABLATION2_repeated_spike,MOPER_NO_WSHIFT,50,0.0,1,0.09,0.11199999999999999,0.5,0.5,-0.10099999999999999,0.018787769600749016,0.1487867832183838,0.17886629700660706,0.15722766518592834,0.21147918701171875,0.2693638801574707,normal
953,50,ABLATION2_repeated_spike,MOPER_NO_WSHIFT,50,0.0,1,0.09,0.11199999999999999,0.5,0.5,-0.10099999999999999,0.031879208981990814,0.15887941420078278,0.19729778170585632,0.17354555428028107,0.22763289511203766,0.2908223569393158,normal
954,50,ABLATION2_repeated_spike,MOPER_NO_WSHIFT,50,0.0,1,0.09,0.11199999999999999,0.5,0.5,-0.10099999999999999,0.023216329514980316,0.008055383339524269,0.0722026377916336,0.07045641541481018,0.08523774147033691,0.11208237707614899,normal
955,50,ABLATION2_repeated_spike,MOPER_NO_WSHIFT,50,0.0,1,0.09,0.11199999999999999,0.5,0.5,-0.10099999999999999,0.004144371021538973,0.10015459358692169,0.17919141054153442,0.1509948968887329,0.2179083526134491,0.26640886068344116,normal
956,50,ABLATION2_repeated_spike,MOPER_NO_WSHIFT,50,0.0,1,0.09,0.11199999999999999,0.5,0.5,-0.10099999999999999,0.002644200809299946,0.0016737001715227962,0.03300856053829193,0.03072972595691681,0.047955021262168884,0.058548130095005035,normal
957,50,ABLATION2_repeated_spike,MOPER_NO_WSHIFT,50,0.0,1,0.09,0.11199999999999999,0.5,0.5,-0.10099999999999999,0.0045155067928135395,0.03930998221039772,0.11928898841142654,0.10292547941207886,0.14477889239788055,0.18143223226070404,normal
958,50,ABLATION2_repeated_spike,MOPER_NO_WSHIFT,50,0.0,1,0.09,0.11199999999999999,0.5,0.5,-0.10099999999999999,-0.006264731287956238,0.17333027720451355,0.1843610405921936,0.15496744215488434,0.22043561935424805,0.27244946360588074,normal
959,50,ABLATION2_repeated_spike,MOPER_NO_WSHIFT,50,0.0,1,0.09,0.11199999999999999,0.5,0.5,-0.10099999999999999,-0.0036767255514860153,0.07331705838441849,0.18126118183135986,0.1480458527803421,0.22135399281978607,0.26909688115119934,normal
960,50,ABLATION2_repeated_spike,MOPER_NO_WSHIFT,50,0.0,1,0.09,0.11199999999999999,0.5,0.5,-0.10099999999999999,-0.010311764664947987,0.18629536032676697,0.18479889631271362,0.15367907285690308,0.2196664959192276,0.27234822511672974,normal
961,50,ABLATION2_repeated_spike,MOPER_NO_WSHIFT,50,0.0,1,0.09,0.11199999999999999,0.5,0.5,-0.10099999999999999,0.0017024804838001728,0.17330269515514374,0.1833828240633011,0.14586547017097473,0.2237645536661148,0.2708689868450165,normal
962,50,ABLATION2_repeated_spike,MOPER_NO_WSHIFT,50,0.0,1,0.09,0.11199999999999999,0.5,0.5,-0.10099999999999999,-0.011060653254389763,0.1715303361415863,0.1780281364917755,0.14647044241428375,0.2195580005645752,0.26584842801094055,normal
963,50,ABLATION2_repeated_spike,MOPER_NO_WSHIFT,50,0.0,1,0.09,0.11199999999999999,0.5,0.5,-0.10099999999999999,0.011537640355527401,0.15701992809772491,0.1816120445728302,0.15360203385353088,0.21973511576652527,0.2717360258102417,normal
964,50,ABLATION2_repeated_spike,MOPER_NO_WSHIFT,50,0.0,1,0.09,0.11199999999999999,0.5,0.5,-0.10099999999999999,-0.0012436906108632684,0.13631471991539001,0.18424658477306366,0.16610406339168549,0.22133401036262512,0.28010353446006775,normal
965,50,ABLATION2_repeated_spike,MOPER_NO_WSHIFT,50,0.0,1,0.09,0.11199999999999999,0.5,0.5,-0.10099999999999999,0.023261932656168938,0.07626055181026459,0.12422642111778259,0.11226309090852737,0.14420370757579803,0.18573734164237976,normal
966,50,ABLATION2_repeated_spike,MOPER_NO_WSHIFT,50,0.0,1,0.09,0.11199999999999999,0.5,0.5,-0.10099999999999999,0.011824213899672031,0.009268935769796371,0.08045285940170288,0.08753173053264618,0.08280433714389801,0.124824158847332,normal
967,50,ABLATION2_repeated_spike,MOPER_NO_WSHIFT,50,0.0,1,0.09,0.11199999999999999,0.5,0.5,-0.10099999999999999,0.05418003350496292,0.0623287595808506,0.12664450705051422,0.12321040779352188,0.13942891359329224,0.19148360192775726,normal
968,50,ABLATION2_repeated_spike,MOPER_NO_WSHIFT,50,0.0,1,0.09,0.11199999999999999,0.5,0.5,-0.10099999999999999,0.033534228801727295,0.13734076917171478,0.21016648411750793,0.184433713555336,0.24267323315143585,0.30820298194885254,normal
969,50,ABLATION2_repeated_spike,MOPER_NO_WSHIFT,50,0.0,1,0.09,0.11199999999999999,0.5,0.5,-0.10099999999999999,0.01548497099429369,0.08865191042423248,0.19673165678977966,0.17479100823402405,0.22742044925689697,0.29080626368522644,normal
970,50,ABLATION2_repeated_spike,MOPER_NO_WSHIFT,50,0.0,1,0.09,0.11199999999999999,0.5,0.5,-0.10099999999999999,0.017203595489263535,0.08165094256401062,0.17008964717388153,0.14168681204319,0.20472551882266998,0.25057047605514526,normal
971,50,ABLATION2_repeated_spike,MOPER_NO_WSHIFT,50,0.0,1,0.09,0.11199999999999999,0.5,0.5,-0.10099999999999999,0.009744045324623585,0.06762093305587769,0.12920698523521423,0.12090197205543518,0.1526402086019516,0.19750985503196716,normal
972,50,ABLATION2_repeated_spike,MOPER_NO_WSHIFT,50,0.0,1,0.09,0.11199999999999999,0.5,0.5,-0.10099999999999999,0.028708845376968384,0.07726483792066574,0.12265966832637787,0.11087343096733093,0.14053264260292053,0.182502880692482,normal
973,50,ABLATION2_repeated_spike,MOPER_NO_WSHIFT,50,0.0,1,0.09,0.11199999999999999,0.5,0.5,-0.10099999999999999,0.017016185447573662,0.14614975452423096,0.17696505784988403,0.1511315107345581,0.21537771821022034,0.26561129093170166,normal
974,50,ABLATION2_repeated_spike,MOPER_NO_WSHIFT,50,0.0,1,0.09,0.11199999999999999,0.5,0.5,-0.10099999999999999,-0.011285756714642048,0.16470927000045776,0.17817550897598267,0.14880496263504028,0.22182705998420715,0.26979565620422363,normal
975,50,ABLATION2_repeated_spike,MOPER_NO_WSHIFT,50,0.0,1,0.09,0.11199999999999999,0.5,0.5,-0.10099999999999999,0.01321165356785059,0.1668073683977127,0.17471519112586975,0.14687693119049072,0.20991787314414978,0.2593343257904053,normal
976,50,ABLATION2_repeated_spike,MOPER_NO_WSHIFT,50,0.0,1,0.09,0.11199999999999999,0.5,0.5,-0.10099999999999999,-0.012443997897207737,0.16157123446464539,0.18418258428573608,0.14907673001289368,0.22880326211452484,0.2758789658546448,normal
977,50,ABLATION2_repeated_spike,MOPER_NO_WSHIFT,50,0.0,1,0.09,0.11199999999999999,0.5,0.5,-0.10099999999999999,0.021631335839629173,0.05228849872946739,0.11527474224567413,0.0999794453382492,0.13390682637691498,0.17172040045261383,normal
978,50,ABLATION2_repeated_spike,MOPER_NO_WSHIFT,50,0.0,1,0.09,0.11199999999999999,0.5,0.5,-0.10099999999999999,0.0003719984379131347,0.003754900535568595,0.0449095293879509,0.04854227602481842,0.05366423726081848,0.07720503211021423,normal
979,50,ABLATION2_repeated_spike,MOPER_NO_WSHIFT,50,0.0,1,0.09,0.11199999999999999,0.5,0.5,-0.10099999999999999,0.007767502684146166,0.08416680991649628,0.10615380853414536,0.08920565247535706,0.1370110660791397,0.1665266901254654,normal
980,50,ABLATION2_repeated_spike,MOPER_NO_WSHIFT,50,0.0,1,0.09,0.11199999999999999,0.5,0.5,-0.10099999999999999,-0.015017984434962273,0.09373591095209122,0.11449578404426575,0.08843564987182617,0.1517760455608368,0.17789936065673828,normal
981,50,ABLATION2_repeated_spike,MOPER_NO_WSHIFT,50,0.0,1,0.09,0.11199999999999999,0.5,0.5,-0.10099999999999999,0.011732429265975952,0.09298225492238998,0.12278848141431808,0.08898232877254486,0.1603289544582367,0.1865260750055313,normal
982,50,ABLATION2_repeated_spike,MOPER_NO_WSHIFT,50,0.0,1,0.09,0.11199999999999999,0.5,0.5,-0.10099999999999999,-0.012169992551207542,0.18558646738529205,0.195308655500412,0.16139398515224457,0.2441912442445755,0.2983630895614624,normal
983,50,ABLATION2_repeated_spike,MOPER_NO_WSHIFT,50,0.0,1,0.09,0.11199999999999999,0.5,0.5,-0.10099999999999999,0.005014013033360243,0.18349263072013855,0.17372019588947296,0.14156407117843628,0.20947326719760895,0.25715094804763794,normal
984,50,ABLATION2_repeated_spike,MOPER_NO_WSHIFT,50,0.0,1,0.09,0.11199999999999999,0.5,0.5,-0.10099999999999999,0.007743333000689745,0.09963032603263855,0.11456291377544403,0.08892093598842621,0.14615558087825775,0.17486734688282013,normal
985,50,ABLATION2_repeated_spike,MOPER_NO_WSHIFT,50,0.0,1,0.09,0.11199999999999999,0.5,0.5,-0.10099999999999999,0.025070227682590485,0.18179336190223694,0.17436139285564423,0.14353322982788086,0.21171285212039948,0.2592630982398987,normal
986,50,ABLATION2_repeated_spike,MOPER_NO_WSHIFT,50,0.0,1,0.09,0.11199999999999999,0.5,0.5,-0.10099999999999999,-0.0010789254447445273,0.17190814018249512,0.18095164000988007,0.1470777988433838,0.21735012531280518,0.2654125392436981,normal
987,50,ABLATION2_repeated_spike,MOPER_NO_WSHIFT,50,0.0,1,0.09,0.11199999999999999,0.5,0.5,-0.10099999999999999,-0.004424415994435549,0.15963463485240936,0.17425866425037384,0.14090466499328613,0.21861952543258667,0.26371023058891296,normal
988,50,ABLATION2_repeated_spike,MOPER_NO_WSHIFT,50,0.0,1,0.09,0.11199999999999999,0.5,0.5,-0.10099999999999999,0.02006041444838047,0.07920993119478226,0.11700502038002014,0.11507940292358398,0.1416371762752533,0.1855042427778244,normal
989,50,ABLATION2_repeated_spike,MOPER_NO_WSHIFT,50,0.0,1,0.09,0.11199999999999999,0.5,0.5,-0.10099999999999999,0.021370554342865944,0.1476224958896637,0.17180095613002777,0.1510198414325714,0.20686715841293335,0.25960084795951843,normal
990,50,ABLATION2_repeated_spike,MOPER_NO_WSHIFT,50,0.0,1,0.09,0.11199999999999999,0.5,0.5,-0.10099999999999999,0.03511786088347435,0.07568799704313278,0.1314261108636856,0.12596412003040314,0.14292332530021667,0.19722729921340942,normal
991,50,ABLATION2_repeated_spike,MOPER_NO_WSHIFT,50,0.0,1,0.09,0.11199999999999999,0.5,0.5,-0.10099999999999999,0.05958987772464752,0.14168588817119598,0.1856158971786499,0.16493387520313263,0.21448424458503723,0.2754378914833069,normal
992,50,ABLATION2_repeated_spike,MOPER_NO_WSHIFT,50,0.0,1,0.09,0.11199999999999999,0.5,0.5,-0.10099999999999999,0.01382522564381361,0.004895483609288931,0.05534866824746132,0.05885947495698929,0.06216806173324585,0.08788897097110748,normal
993,50,ABLATION2_repeated_spike,MOPER_NO_WSHIFT,50,0.0,1,0.09,0.11199999999999999,0.5,0.5,-0.10099999999999999,0.05950777605175972,0.14479635655879974,0.19461019337177277,0.1729094684123993,0.2231069803237915,0.2873300015926361,normal
994,50,ABLATION2_repeated_spike,MOPER_NO_WSHIFT,50,0.0,1,0.09,0.11199999999999999,0.5,0.5,-0.10099999999999999,0.009420483373105526,0.14364297688007355,0.18574482202529907,0.15791286528110504,0.21784324944019318,0.2718892991542816,normal
995,50,ABLATION2_repeated_spike,MOPER_NO_WSHIFT,50,0.0,1,0.09,0.11199999999999999,0.5,0.5,-0.10099999999999999,0.02503657154738903,0.15165060758590698,0.19152191281318665,0.17511586844921112,0.21930503845214844,0.28689801692962646,normal
996,50,ABLATION2_repeated_spike,MOPER_NO_WSHIFT,50,0.0,1,0.09,0.11199999999999999,0.5,0.5,-0.10099999999999999,0.0324278399348259,0.15097567439079285,0.17621499300003052,0.1508617252111435,0.20774850249290466,0.26080286502838135,normal
997,50,ABLATION2_repeated_spike,MOPER_NO_WSHIFT,50,0.0,1,0.09,0.11199999999999999,0.5,0.5,-0.10099999999999999,0.017928076907992363,0.055138979107141495,0.11854186654090881,0.10740089416503906,0.14076924324035645,0.18028578162193298,normal
998,50,ABLATION2_repeated_spike,MOPER_NO_WSHIFT,50,0.0,1,0.09,0.11199999999999999,0.5,0.5,-0.10099999999999999,0.0030245548114180565,0.17087899148464203,0.18160571157932281,0.15563873946666718,0.2226937860250473,0.27322834730148315,normal
999,50,ABLATION2_repeated_spike,MOPER_NO_WSHIFT,50,0.0,1,0.09,0.11199999999999999,0.5,0.5,-0.10099999999999999,0.02618970349431038,0.08908174186944962,0.11812559515237808,0.10714991390705109,0.14536836743354797,0.18392202258110046,normal
1000,50,ABLATION2_repeated_spike,MOPER_NO_WSHIFT,50,0.0,1,0.09,0.11199999999999999,0.5,0.5,-0.10099999999999999,0.001233355957083404,0.07913883030414581,0.11481976509094238,0.09859797358512878,0.14129281044006348,0.17366957664489746,normal
1001,50,ABLATION2_repeated_spike,MOPER_NO_WSHIFT,50,0.0,1,0.09,0.11199999999999999,0.5,0.5,-0.10099999999999999,0.04254930093884468,0.16948792338371277,0.1856856793165207,0.16252008080482483,0.22194111347198486,0.278603732585907,normal
1002,50,ABLATION2_repeated_spike,MOPER_NO_WSHIFT,50,0.0,1,0.09,0.11199999999999999,0.5,0.5,-0.10099999999999999,0.0019622594118118286,0.15429626405239105,0.1761491447687149,0.14940029382705688,0.21427692472934723,0.2633100152015686,normal
1003,50,ABLATION2_repeated_spike,MOPER_NO_WSHIFT,50,0.0,1,0.09,0.11199999999999999,0.5,0.5,-0.10099999999999999,0.039171382784843445,0.1560675948858261,0.1790246218442917,0.1475898027420044,0.21477781236171722,0.26289230585098267,normal
1004,50,ABLATION2_repeated_spike,MOPER_NO_WSHIFT,50,0.0,1,0.09,0.11199999999999999,0.5,0.5,-0.10099999999999999,0.012331235222518444,0.09822611510753632,0.1904146373271942,0.16566018760204315,0.22605326771736145,0.2826975882053375,normal
1005,50,ABLATION2_repeated_spike,MOPER_NO_WSHIFT,50,0.0,1,0.09,0.11199999999999999,0.5,0.5,-0.10099999999999999,0.032218191772699356,0.07618114352226257,0.1198454350233078,0.10925182700157166,0.13775259256362915,0.1791888177394867,normal
1006,50,ABLATION2_repeated_spike,MOPER_NO_WSHIFT,50,0.0,1,0.09,0.11199999999999999,0.5,0.5,-0.10099999999999999,0.03418389707803726,0.09749367833137512,0.1852705478668213,0.16217273473739624,0.21861787140369415,0.2752395272254944,normal
1007,50,ABLATION2_repeated_spike,MOPER_NO_WSHIFT,50,0.0,1,0.09,0.11199999999999999,0.5,0.5,-0.10099999999999999,0.012279785238206387,0.14311672747135162,0.18267184495925903,0.15621218085289001,0.21641668677330017,0.269247442483902,normal
1008,50,ABLATION2_repeated_spike,MOPER_NO_WSHIFT,50,0.0,1,0.09,0.11199999999999999,0.5,0.5,-0.10099999999999999,0.022717125713825226,0.15270185470581055,0.2024959921836853,0.1813555806875229,0.22934813797473907,0.2980642318725586,normal
1009,50,ABLATION2_repeated_spike,MOPER_NO_WSHIFT,50,0.0,1,0.09,0.11199999999999999,0.5,0.5,-0.10099999999999999,0.04617375135421753,0.1399337649345398,0.18845926225185394,0.16586849093437195,0.21742787957191467,0.2785041630268097,normal
1010,50,ABLATION2_repeated_spike,MOPER_NO_WSHIFT,50,0.0,1,0.09,0.11199999999999999,0.5,0.5,-0.10099999999999999,0.01269583497196436,0.14886385202407837,0.19048145413398743,0.1681397557258606,0.2201288789510727,0.2810382843017578,normal
1011,50,ABLATION2_repeated_spike,MOPER_NO_WSHIFT,50,0.0,1,0.09,0.11199999999999999,0.5,0.5,-0.10099999999999999,0.015825018286705017,0.052947938442230225,0.10496211051940918,0.09796077758073807,0.12471292912960052,0.16272777318954468,normal
1012,50,ABLATION2_repeated_spike,MOPER_NO_WSHIFT,50,0.0,1,0.09,0.11199999999999999,0.5,0.5,-0.10099999999999999,0.002725518075749278,0.09383486956357956,0.19963981211185455,0.177309051156044,0.23148752748966217,0.29519063234329224,normal
1013,50,ABLATION2_repeated_spike,MOPER_NO_WSHIFT,50,0.0,1,0.09,0.11199999999999999,0.5,0.5,-0.10099999999999999,0.011157029308378696,0.15177246928215027,0.19413647055625916,0.1678863912820816,0.22603946924209595,0.2849709093570709,normal
1014,50,ABLATION2_repeated_spike,MOPER_NO_WSHIFT,50,0.0,1,0.09,0.11199999999999999,0.5,0.5,-0.10099999999999999,0.058704227209091187,0.002217391971498728,0.04464834928512573,0.04104249179363251,0.05026991665363312,0.0672074556350708,normal
1015,50,ABLATION2_repeated_spike,MOPER_NO_WSHIFT,50,0.0,1,0.09,0.11199999999999999,0.5,0.5,-0.10099999999999999,0.010870128870010376,0.14471732079982758,0.18133507668972015,0.1535940319299698,0.21629135310649872,0.26746758818626404,normal
1016,50,ABLATION2_repeated_spike,MOPER_NO_WSHIFT,50,0.0,1,0.09,0.11199999999999999,0.5,0.5,-0.10099999999999999,0.01654086448252201,0.14874005317687988,0.16997739672660828,0.14996707439422607,0.20874188840389252,0.25956031680107117,normal
1017,50,ABLATION2_repeated_spike,MOPER_NO_WSHIFT,50,0.0,1,0.09,0.11199999999999999,0.5,0.5,-0.10099999999999999,0.01473185420036316,0.15555967390537262,0.19022466242313385,0.16672736406326294,0.22606247663497925,0.28398117423057556,normal
1018,50,ABLATION2_repeated_spike,MOPER_NO_WSHIFT,50,0.0,1,0.09,0.11199999999999999,0.5,0.5,-0.10099999999999999,0.028864825144410133,0.07522577047348022,0.102152518928051,0.08873623609542847,0.12770406901836395,0.15758390724658966,normal
1019,50,ABLATION2_repeated_spike,MOPER_NO_WSHIFT,50,0.0,1,0.09,0.11199999999999999,0.5,0.5,-0.10099999999999999,0.004981284961104393,0.05875083804130554,0.11534402519464493,0.09919603168964386,0.1382024586200714,0.17157988250255585,normal
1020,50,ABLATION2_repeated_spike,MOPER_NO_WSHIFT,50,0.0,1,0.09,0.11199999999999999,0.5,0.5,-0.10099999999999999,0.0054968297481536865,0.1581587940454483,0.1711673140525818,0.14169035851955414,0.20620790123939514,0.252962201833725,normal
1021,50,ABLATION2_repeated_spike,MOPER_NO_WSHIFT,50,0.0,1,0.09,0.11199999999999999,0.5,0.5,-0.10099999999999999,0.005137779749929905,0.07690553367137909,0.10873452574014664,0.09149490296840668,0.13316982984542847,0.1629057675600052,normal
1022,50,ABLATION2_repeated_spike,MOPER_NO_WSHIFT,50,0.0,1,0.09,0.11199999999999999,0.5,0.5,-0.10099999999999999,0.05073321610689163,0.1639888435602188,0.182561993598938,0.15287546813488007,0.21993601322174072,0.2721676230430603,normal
1023,50,ABLATION2_repeated_spike,MOPER_NO_WSHIFT,50,0.0,1,0.09,0.11199999999999999,0.5,0.5,-0.10099999999999999,0.002010613912716508,0.0026723749469965696,0.04516243934631348,0.04023239016532898,0.0566786527633667,0.07173889875411987,normal
1024,50,ABLATION2_repeated_spike,MOPER_NO_WSHIFT,50,0.0,1,0.09,0.11199999999999999,0.5,0.5,-0.10099999999999999,0.0171362292021513,0.07818691432476044,0.10636385530233383,0.0888243168592453,0.13398486375808716,0.16448386013507843,normal
1025,50,ABLATION2_repeated_spike,MOPER_NO_WSHIFT,50,0.0,1,0.09,0.11199999999999999,0.5,0.5,-0.10099999999999999,0.017928989604115486,0.17529676854610443,0.17749714851379395,0.1452505737543106,0.22302831709384918,0.2693384885787964,normal
1026,50,ABLATION2_repeated_spike,MOPER_NO_WSHIFT,50,0.0,1,0.09,0.11199999999999999,0.5,0.5,-0.10099999999999999,0.003963469062000513,0.1736115664243698,0.19002056121826172,0.15787813067436218,0.23370938003063202,0.2869229018688202,normal
1027,50,ABLATION2_repeated_spike,MOPER_NO_WSHIFT,50,0.0,1,0.09,0.11199999999999999,0.5,0.5,-0.10099999999999999,0.004187015816569328,0.08023851364850998,0.09943731129169464,0.08245906233787537,0.12812387943267822,0.15414837002754211,normal
1028,50,ABLATION2_repeated_spike,MOPER_NO_WSHIFT,50,0.0,1,0.09,0.11199999999999999,0.5,0.5,-0.10099999999999999,0.0010755722178146243,0.06853564083576202,0.17261634767055511,0.13971325755119324,0.2101958841085434,0.254111647605896,normal
1029,50,ABLATION2_repeated_spike,MOPER_NO_WSHIFT,50,0.0,1,0.09,0.11199999999999999,0.5,0.5,-0.10099999999999999,0.003475622506812215,0.09490470588207245,0.1052352711558342,0.08537827432155609,0.1326400339603424,0.1599148064851761,normal
1030,50,ABLATION2_repeated_spike,MOPER_NO_WSHIFT,50,0.0,1,0.09,0.11199999999999999,0.5,0.5,-0.10099999999999999,0.007077100686728954,0.09399209171533585,0.10554207861423492,0.08659437298774719,0.13839584589004517,0.1660793423652649,normal
1031,50,ABLATION2_repeated_spike,MOPER_NO_WSHIFT,50,0.0,1,0.09,0.11199999999999999,0.5,0.5,-0.10099999999999999,0.020251579582691193,0.17041604220867157,0.17580009996891022,0.14052066206932068,0.22031374275684357,0.26512593030929565,normal
1032,50,ABLATION2_repeated_spike,MOPER_NO_WSHIFT,50,0.0,1,0.09,0.11199999999999999,0.5,0.5,-0.10099999999999999,0.008224016055464745,0.15625451505184174,0.17253515124320984,0.14426572620868683,0.21248745918273926,0.2588035464286804,normal
1033,50,ABLATION2_repeated_spike,MOPER_NO_WSHIFT,50,0.0,1,0.09,0.11199999999999999,0.5,0.5,-0.10099999999999999,0.023872144520282745,0.1527094841003418,0.17783871293067932,0.15691117942333221,0.21184422075748444,0.26742520928382874,normal
1034,50,ABLATION2_repeated_spike,MOPER_NO_WSHIFT,50,0.0,1,0.09,0.11199999999999999,0.5,0.5,-0.10099999999999999,0.05021708458662033,0.07793986797332764,0.13625411689281464,0.12889286875724792,0.15029790997505188,0.20366168022155762,normal
1035,50,ABLATION2_repeated_spike,MOPER_NO_WSHIFT,50,0.0,1,0.09,0.11199999999999999,0.5,0.5,-0.10099999999999999,0.04664023965597153,0.07319772988557816,0.12453820556402206,0.1148061603307724,0.13726797699928284,0.18475419282913208,normal
1036,50,ABLATION2_repeated_spike,MOPER_NO_WSHIFT,50,0.0,1,0.09,0.11199999999999999,0.5,0.5,-0.10099999999999999,0.06820603460073471,0.12872730195522308,0.18218012154102325,0.1573198288679123,0.2095520943403244,0.2667720317840576,normal
1037,50,ABLATION2_repeated_spike,MOPER_NO_WSHIFT,50,0.0,1,0.09,0.11199999999999999,0.5,0.5,-0.10099999999999999,0.010836775414645672,0.1325846165418625,0.18282729387283325,0.15100125968456268,0.21547067165374756,0.2647620439529419,normal
1038,50,ABLATION2_repeated_spike,MOPER_NO_WSHIFT,50,0.0,1,0.09,0.11199999999999999,0.5,0.5,-0.10099999999999999,0.040833596140146255,0.06883935630321503,0.1300850510597229,0.11405834555625916,0.14611174166202545,0.1901545524597168,normal
1039,50,ABLATION2_repeated_spike,MOPER_NO_WSHIFT,50,0.0,1,0.09,0.11199999999999999,0.5,0.5,-0.10099999999999999,0.024912787601351738,0.15344734489917755,0.21063575148582458,0.18203036487102509,0.24095161259174347,0.3055361807346344,normal
1040,50,ABLATION2_repeated_spike,MOPER_NO_WSHIFT,50,0.0,1,0.09,0.11199999999999999,0.5,0.5,-0.10099999999999999,0.018013181164860725,0.0019792872481048107,0.047465864568948746,0.04464804381132126,0.05392549932003021,0.07357233762741089,normal
1041,50,ABLATION2_repeated_spike,MOPER_NO_WSHIFT,50,0.0,1,0.09,0.11199999999999999,0.5,0.5,-0.10099999999999999,0.02909950539469719,0.13695105910301208,0.18358266353607178,0.15884613990783691,0.21882843971252441,0.2741154432296753,normal
1042,50,ABLATION2_repeated_spike,MOPER_NO_WSHIFT,50,0.0,1,0.09,0.11199999999999999,0.5,0.5,-0.10099999999999999,0.013014617376029491,0.08510126918554306,0.12192896008491516,0.11218857765197754,0.14222759008407593,0.18451938033103943,normal
1043,50,ABLATION2_repeated_spike,MOPER_NO_WSHIFT,50,0.0,1,0.09,0.11199999999999999,0.5,0.5,-0.10099999999999999,0.018737221136689186,0.0804590955376625,0.11056581139564514,0.09800569713115692,0.13104934990406036,0.1664448380470276,normal
1044,50,ABLATION2_repeated_spike,MOPER_NO_WSHIFT,50,0.0,1,0.09,0.11199999999999999,0.5,0.5,-0.10099999999999999,0.05065535381436348,0.07257644087076187,0.10837921500205994,0.09888052940368652,0.1260962188243866,0.1639624387025833,normal
1045,50,ABLATION2_repeated_spike,MOPER_NO_WSHIFT,50,0.0,1,0.09,0.11199999999999999,0.5,0.5,-0.10099999999999999,0.03833413124084473,0.07257021963596344,0.10159679502248764,0.09588396549224854,0.1250084787607193,0.1609276533126831,normal
1046,50,ABLATION2_repeated_spike,MOPER_NO_WSHIFT,50,0.0,1,0.09,0.11199999999999999,0.5,0.5,-0.10099999999999999,0.020605171099305153,0.003202679567039013,0.035857751965522766,0.04311080276966095,0.05406133830547333,0.07168690115213394,normal
1047,50,ABLATION2_repeated_spike,MOPER_NO_WSHIFT,50,0.0,1,0.09,0.11199999999999999,0.5,0.5,-0.10099999999999999,0.0579298697412014,0.0032400544732809067,0.04094063490629196,0.04261857271194458,0.04901643097400665,0.06884728372097015,normal
1048,50,ABLATION2_repeated_spike,MOPER_NO_WSHIFT,50,0.0,1,0.09,0.11199999999999999,0.5,0.5,-0.10099999999999999,0.014192933216691017,0.0877484679222107,0.10841470211744308,0.0934513509273529,0.1301300972700119,0.16579200327396393,normal
1049,50,ABLATION2_repeated_spike,MOPER_NO_WSHIFT,50,0.0,1,0.09,0.11199999999999999,0.5,0.5,-0.10099999999999999,-0.00010340407607145607,0.08583776652812958,0.09741827100515366,0.0839155912399292,0.12470422685146332,0.1542789191007614,normal
1050,50,ABLATION2_repeated_spike,MOPER_NO_WSHIFT,50,0.0,1,0.09,0.11199999999999999,0.5,0.5,-0.10099999999999999,0.006145401857793331,0.19589468836784363,0.19015717506408691,0.14726576209068298,0.2374156415462494,0.28272145986557007,normal
1051,50,ABLATION2_repeated_spike,MOPER_NO_WSHIFT,50,0.0,1,0.09,0.11199999999999999,0.5,0.5,-0.10099999999999999,-0.00037180440267547965,0.06294813007116318,0.21934089064598083,0.1660371720790863,0.28305840492248535,0.33137279748916626,normal
1052,50,ABLATION2_repeated_spike,MOPER_NO_WSHIFT,50,0.0,1,0.09,0.11199999999999999,0.5,0.5,-0.10099999999999999,-0.01966961659491062,0.08181683719158173,0.12972941994667053,0.10098481178283691,0.17006152868270874,0.1997755765914917,normal
1053,50,ABLATION2_repeated_spike,MOPER_NO_WSHIFT,50,0.0,1,0.09,0.11199999999999999,0.5,0.5,-0.10099999999999999,0.021179310977458954,0.11186597496271133,0.13665631413459778,0.10327410697937012,0.17563249170780182,0.20681992173194885,normal
1054,50,ABLATION2_repeated_spike,MOPER_NO_WSHIFT,50,0.0,1,0.09,0.11199999999999999,0.5,0.5,-0.10099999999999999,-0.004478879738599062,0.07890019565820694,0.14978623390197754,0.1098112016916275,0.20095564424991608,0.231424480676651,normal
1055,50,ABLATION2_repeated_spike,MOPER_NO_WSHIFT,50,0.0,1,0.09,0.11199999999999999,0.5,0.5,-0.10099999999999999,-0.00519982585683465,0.1907932609319687,0.1893196403980255,0.15340450406074524,0.23930755257606506,0.2863558232784271,normal
1056,50,ABLATION2_repeated_spike,MOPER_NO_WSHIFT,50,0.0,1,0.09,0.11199999999999999,0.5,0.5,-0.10099999999999999,-0.021564656868577003,0.10532551258802414,0.10833770036697388,0.08955956995487213,0.14225049316883087,0.1702810525894165,normal
1057,50,ABLATION2_repeated_spike,MOPER_NO_WSHIFT,50,0.0,1,0.09,0.11199999999999999,0.5,0.5,-0.10099999999999999,-0.002222721930593252,0.044233787804841995,0.09501708298921585,0.08037000894546509,0.12192891538143158,0.14785045385360718,normal
1058,50,ABLATION2_repeated_spike,MOPER_NO_WSHIFT,50,0.0,1,0.09,0.11199999999999999,0.5,0.5,-0.10099999999999999,0.0007759766303934157,0.06564079970121384,0.1082821935415268,0.09106853604316711,0.1394333839416504,0.16848905384540558,normal
1059,50,ABLATION2_repeated_spike,MOPER_NO_WSHIFT,50,0.0,1,0.09,0.11199999999999999,0.5,0.5,-0.10099999999999999,-0.0029185451567173004,0.055821456015110016,0.09976202249526978,0.08339416980743408,0.124519944190979,0.1521701216697693,normal
1060,50,ABLATION2_repeated_spike,MOPER_NO_WSHIFT,50,0.0,1,0.09,0.11199999999999999,0.5,0.5,-0.10099999999999999,0.008995185606181622,0.15708966553211212,0.1804835945367813,0.150617778301239,0.2231556624174118,0.27298322319984436,normal
1061,50,ABLATION2_repeated_spike,MOPER_NO_WSHIFT,50,0.0,1,0.09,0.11199999999999999,0.5,0.5,-0.10099999999999999,0.005424674600362778,0.07887589931488037,0.11542721837759018,0.10020573437213898,0.1391904056072235,0.17710720002651215,normal
1062,50,ABLATION2_repeated_spike,MOPER_NO_WSHIFT,50,0.0,1,0.09,0.11199999999999999,0.5,0.5,-0.10099999999999999,0.004302546381950378,0.13565248250961304,0.17773082852363586,0.14987623691558838,0.2192843109369278,0.26857587695121765,normal
1063,50,ABLATION2_repeated_spike,MOPER_NO_WSHIFT,50,0.0,1,0.09,0.11199999999999999,0.5,0.5,-0.10099999999999999,0.015751367434859276,0.0643794983625412,0.10898122191429138,0.09761340916156769,0.1281091421842575,0.1647903472185135,normal
1064,50,ABLATION2_repeated_spike,MOPER_NO_WSHIFT,50,0.0,1,0.09,0.11199999999999999,0.5,0.5,-0.10099999999999999,0.04383372142910957,0.007936562411487103,0.06304967403411865,0.06869599223136902,0.06409361958503723,0.09797949343919754,normal
1065,50,ABLATION2_repeated_spike,MOPER_NO_WSHIFT,50,0.0,1,0.09,0.11199999999999999,0.5,0.5,-0.10099999999999999,0.008507941849529743,0.06245036795735359,0.11838613450527191,0.10323388874530792,0.13378508388996124,0.17258548736572266,normal
1066,50,ABLATION2_repeated_spike,MOPER_NO_WSHIFT,50,0.0,1,0.09,0.11199999999999999,0.5,0.5,-0.10099999999999999,0.028024593368172646,0.046876873821020126,0.10607173293828964,0.0948667973279953,0.12213975191116333,0.15916508436203003,normal
1067,50,ABLATION2_repeated_spike,MOPER_NO_WSHIFT,50,0.0,1,0.09,0.11199999999999999,0.5,0.5,-0.10099999999999999,0.013331581838428974,0.09554978460073471,0.18477439880371094,0.15764783322811127,0.21585260331630707,0.2706407904624939,normal
1068,50,ABLATION2_repeated_spike,MOPER_NO_WSHIFT,50,0.0,1,0.09,0.11199999999999999,0.5,0.5,-0.10099999999999999,0.028341950848698616,0.13660019636154175,0.17023557424545288,0.14157713949680328,0.2024937868118286,0.2500162720680237,normal
1069,50,ABLATION2_repeated_spike,MOPER_NO_WSHIFT,50,0.0,1,0.09,0.11199999999999999,0.5,0.5,-0.10099999999999999,0.021178821101784706,0.03380047157406807,0.1166859120130539,0.109174445271492,0.13162904977798462,0.17695312201976776,normal
1070,50,ABLATION2_repeated_spike,MOPER_NO_WSHIFT,50,0.0,1,0.09,0.11199999999999999,0.5,0.5,-0.10099999999999999,0.009533971548080444,0.049618884921073914,0.11315479874610901,0.09698525816202164,0.13125188648700714,0.16675019264221191,normal
1071,50,ABLATION2_repeated_spike,MOPER_NO_WSHIFT,50,0.0,1,0.09,0.11199999999999999,0.5,0.5,-0.10099999999999999,0.011986950412392616,0.097331203520298,0.17461512982845306,0.14551949501037598,0.2054934799671173,0.2543729543685913,normal
1072,50,ABLATION2_repeated_spike,MOPER_NO_WSHIFT,50,0.0,1,0.09,0.11199999999999999,0.5,0.5,-0.10099999999999999,0.043663229793310165,0.13255050778388977,0.17527979612350464,0.15334168076515198,0.20541459321975708,0.26121142506599426,normal
1073,50,ABLATION2_repeated_spike,MOPER_NO_WSHIFT,50,0.0,1,0.09,0.11199999999999999,0.5,0.5,-0.10099999999999999,0.03007405810058117,0.11786504834890366,0.18620723485946655,0.16245567798614502,0.21579590439796448,0.2739101052284241,normal
1074,50,ABLATION2_repeated_spike,MOPER_NO_WSHIFT,50,0.0,1,0.09,0.11199999999999999,0.5,0.5,-0.10099999999999999,0.016652787104249,0.06308019161224365,0.11071094125509262,0.09460754692554474,0.1313122808933258,0.16414524614810944,normal
1075,50,ABLATION2_repeated_spike,MOPER_NO_WSHIFT,50,0.0,1,0.09,0.11199999999999999,0.5,0.5,-0.10099999999999999,0.02975912019610405,0.051234856247901917,0.12329712510108948,0.1081281527876854,0.1417125165462494,0.18118955194950104,normal
1076,50,ABLATION2_repeated_spike,MOPER_NO_WSHIFT,50,0.0,1,0.09,0.11199999999999999,0.5,0.5,-0.10099999999999999,0.0075056059285998344,0.1304321140050888,0.1986527144908905,0.16849978268146515,0.22927936911582947,0.287142276763916,normal
1077,50,ABLATION2_repeated_spike,MOPER_NO_WSHIFT,50,0.0,1,0.09,0.11199999999999999,0.5,0.5,-0.10099999999999999,0.06178686022758484,0.15025199949741364,0.18762007355690002,0.16345083713531494,0.21902057528495789,0.2766342759132385,normal
1078,50,ABLATION2_repeated_spike,MOPER_NO_WSHIFT,50,0.0,1,0.09,0.11199999999999999,0.5,0.5,-0.10099999999999999,0.01638718880712986,0.05160318315029144,0.13253842294216156,0.1225908026099205,0.14458221197128296,0.19455938041210175,normal
1079,50,ABLATION2_repeated_spike,MOPER_NO_WSHIFT,50,0.0,1,0.09,0.11199999999999999,0.5,0.5,-0.10099999999999999,0.02325567789375782,0.06888824701309204,0.11470603942871094,0.10084839165210724,0.1309037059545517,0.16908679902553558,normal
1080,50,ABLATION2_repeated_spike,MOPER_NO_WSHIFT,50,0.0,1,0.09,0.11199999999999999,0.5,0.5,-0.10099999999999999,0.04167044162750244,0.13205282390117645,0.19305777549743652,0.1735672503709793,0.21419288218021393,0.2838316559791565,normal
1081,50,ABLATION2_repeated_spike,MOPER_NO_WSHIFT,50,0.0,1,0.09,0.11199999999999999,0.5,0.5,-0.10099999999999999,0.05206071585416794,0.06727780401706696,0.1083265021443367,0.10525625199079514,0.12000703811645508,0.16672351956367493,normal
1082,50,ABLATION2_repeated_spike,MOPER_NO_WSHIFT,50,0.0,1,0.09,0.11199999999999999,0.5,0.5,-0.10099999999999999,0.007150126621127129,0.05175756290555,0.12253504246473312,0.10736285150051117,0.14056172966957092,0.1803329586982727,normal
1083,50,ABLATION2_repeated_spike,MOPER_NO_WSHIFT,50,0.0,1,0.09,0.11199999999999999,0.5,0.5,-0.10099999999999999,0.010570904240012169,0.07910221070051193,0.1797056496143341,0.15585744380950928,0.21482422947883606,0.26868751645088196,normal
1084,50,ABLATION2_repeated_spike,MOPER_NO_WSHIFT,50,0.0,1,0.09,0.11199999999999999,0.5,0.5,-0.10099999999999999,0.008479724638164043,0.055388495326042175,0.10231500118970871,0.09082265198230743,0.13069039583206177,0.1616065502166748,normal
1085,50,ABLATION2_repeated_spike,MOPER_NO_WSHIFT,50,0.0,1,0.09,0.11199999999999999,0.5,0.5,-0.10099999999999999,0.018273623660206795,0.07685987651348114,0.10832597315311432,0.09207344055175781,0.129835307598114,0.16227123141288757,normal
1086,50,ABLATION2_repeated_spike,MOPER_NO_WSHIFT,50,0.0,1,0.09,0.11199999999999999,0.5,0.5,-0.10099999999999999,0.005889834836125374,0.07356546074151993,0.11365220695734024,0.10032421350479126,0.13646577298641205,0.17210841178894043,normal
1087,50,ABLATION2_repeated_spike,MOPER_NO_WSHIFT,50,0.0,1,0.09,0.11199999999999999,0.5,0.5,-0.10099999999999999,0.005896650720387697,0.07947617769241333,0.1628679633140564,0.13318584859371185,0.20467571914196014,0.24582399427890778,normal
1088,50,ABLATION2_repeated_spike,MOPER_NO_WSHIFT,50,0.0,1,0.09,0.11199999999999999,0.5,0.5,-0.10099999999999999,0.042920857667922974,0.08104554563760757,0.1052558422088623,0.0934842973947525,0.1250404268503189,0.15948636829853058,normal
1089,50,ABLATION2_repeated_spike,MOPER_NO_WSHIFT,50,0.0,1,0.09,0.11199999999999999,0.5,0.5,-0.10099999999999999,0.03662099316716194,0.07634351402521133,0.09441652148962021,0.07992029190063477,0.11667530238628387,0.14305366575717926,normal
1090,50,ABLATION2_repeated_spike,MOPER_NO_WSHIFT,50,0.0,1,0.09,0.11199999999999999,0.5,0.5,-0.10099999999999999,0.01664598286151886,0.07283337414264679,0.10140072554349899,0.0844147652387619,0.12635937333106995,0.15451382100582123,normal
1091,50,ABLATION2_repeated_spike,MOPER_NO_WSHIFT,50,0.0,1,0.09,0.11199999999999999,0.5,0.5,-0.10099999999999999,0.023347504436969757,0.05496920645236969,0.10081534087657928,0.08959798514842987,0.12112684547901154,0.15345498919487,normal
1092,50,ABLATION2_repeated_spike,MOPER_NO_WSHIFT,50,0.0,1,0.09,0.11199999999999999,0.5,0.5,-0.10099999999999999,0.01650095358490944,0.17349985241889954,0.16756072640419006,0.13761870563030243,0.20924031734466553,0.2515963017940521,normal
1093,50,ABLATION2_repeated_spike,MOPER_NO_WSHIFT,50,0.0,1,0.09,0.11199999999999999,0.5,0.5,-0.10099999999999999,-0.0015563161578029394,0.17615048587322235,0.1793009340763092,0.14724399149417877,0.21638904511928558,0.26457005739212036,normal
1094,50,ABLATION2_repeated_spike,MOPER_NO_WSHIFT,50,0.0,1,0.09,0.11199999999999999,0.5,0.5,-0.10099999999999999,0.009342698380351067,0.09831441193819046,0.10449079424142838,0.08378836512565613,0.1281093806028366,0.15556536614894867,normal
1095,50,ABLATION2_repeated_spike,MOPER_NO_WSHIFT,50,0.0,1,0.09,0.11199999999999999,0.5,0.5,-0.10099999999999999,0.009103203192353249,0.08625193685293198,0.11357332766056061,0.09863637387752533,0.13856269419193268,0.17464327812194824,normal
1096,50,ABLATION2_repeated_spike,MOPER_NO_WSHIFT,50,0.0,1,0.09,0.11199999999999999,0.5,0.5,-0.10099999999999999,0.0073806107975542545,0.11807365715503693,0.1703365445137024,0.14063161611557007,0.20655949413776398,0.25171926617622375,normal
1097,50,ABLATION2_repeated_spike,MOPER_NO_WSHIFT,50,0.0,1,0.09,0.11199999999999999,0.5,0.5,-0.10099999999999999,0.009474492631852627,0.15540020167827606,0.1706172674894333,0.14209644496440887,0.20896214246749878,0.2547716498374939,normal
1098,50,ABLATION2_repeated_spike,MOPER_NO_WSHIFT,50,0.0,1,0.09,0.11199999999999999,0.5,0.5,-0.10099999999999999,0.007187891285866499,0.055718254297971725,0.09406307339668274,0.08149494230747223,0.11686240136623383,0.14482440054416656,normal
1099,50,ABLATION2_repeated_spike,MOPER_NO_WSHIFT,50,0.0,1,0.09,0.11199999999999999,0.5,0.5,-0.10099999999999999,0.022495249286293983,0.1431528478860855,0.1614387035369873,0.13030359148979187,0.1969166249036789,0.23795711994171143,normal
1100,50,ABLATION2_repeated_spike,MOPER_NO_WSHIFT,50,0.0,1,0.09,0.11199999999999999,0.5,0.5,-0.10099999999999999,0.008203173987567425,0.09616123884916306,0.164419025182724,0.14268046617507935,0.19044539332389832,0.24566207826137543,normal
1101,50,ABLATION2_repeated_spike,MOPER_NO_WSHIFT,50,0.0,1,0.09,0.11199999999999999,0.5,0.5,-0.10099999999999999,0.03920133784413338,0.12809351086616516,0.16930721700191498,0.14344486594200134,0.19554351270198822,0.24703091382980347,normal
1102,50,ABLATION2_repeated_spike,MOPER_NO_WSHIFT,50,0.0,1,0.09,0.11199999999999999,0.5,0.5,-0.10099999999999999,0.039087310433387756,0.06543629616498947,0.11918560415506363,0.10570124536752701,0.1354202777147293,0.17557859420776367,normal
1103,50,ABLATION2_repeated_spike,MOPER_NO_WSHIFT,50,0.0,1,0.09,0.11199999999999999,0.5,0.5,-0.10099999999999999,0.04143437743186951,0.009842611849308014,0.07453341782093048,0.07134772092103958,0.07898393273353577,0.1091165840625763,normal
1104,50,ABLATION2_repeated_spike,MOPER_NO_WSHIFT,50,0.0,1,0.09,0.11199999999999999,0.5,0.5,-0.10099999999999999,0.0255881454795599,0.07735136896371841,0.16184569895267487,0.1323203146457672,0.19168494641780853,0.23521704971790314,normal
1105,50,ABLATION2_repeated_spike,MOPER_NO_WSHIFT,50,0.0,1,0.09,0.11199999999999999,0.5,0.5,-0.10099999999999999,0.026318758726119995,0.12098472565412521,0.17428170144557953,0.14712178707122803,0.2026311457157135,0.25317496061325073,normal
1106,50,ABLATION2_repeated_spike,MOPER_NO_WSHIFT,50,0.0,1,0.09,0.11199999999999999,0.5,0.5,-0.10099999999999999,0.06810613721609116,0.06984887272119522,0.13598981499671936,0.12406010925769806,0.15244905650615692,0.20059746503829956,normal
1107,50,ABLATION2_repeated_spike,MOPER_NO_WSHIFT,50,0.0,1,0.09,0.11199999999999999,0.5,0.5,-0.10099999999999999,0.03958875685930252,0.07310964167118073,0.14516547322273254,0.1283012330532074,0.16425740718841553,0.21130868792533875,normal
1108,50,ABLATION2_repeated_spike,MOPER_NO_WSHIFT,50,0.0,1,0.09,0.11199999999999999,0.5,0.5,-0.10099999999999999,0.017980419099330902,0.06902305781841278,0.12377794831991196,0.10771449655294418,0.1423242837190628,0.18202412128448486,normal
1109,50,ABLATION2_repeated_spike,MOPER_NO_WSHIFT,50,0.0,1,0.09,0.11199999999999999,0.5,0.5,-0.10099999999999999,0.01598636992275715,0.0028362441807985306,0.04266680032014847,0.04033219814300537,0.052909478545188904,0.06832131743431091,normal
1110,50,ABLATION2_repeated_spike,MOPER_NO_WSHIFT,50,0.0,1,0.09,0.11199999999999999,0.5,0.5,-0.10099999999999999,0.010071237571537495,0.164445698261261,0.17129002511501312,0.14562465250492096,0.20634396374225616,0.2541658878326416,normal
1111,50,ABLATION2_repeated_spike,MOPER_NO_WSHIFT,50,0.0,1,0.09,0.11199999999999999,0.5,0.5,-0.10099999999999999,0.03182099014520645,0.09059978276491165,0.11891117691993713,0.1046871542930603,0.13944876194000244,0.17714500427246094,normal
1112,50,ABLATION2_repeated_spike,MOPER_NO_WSHIFT,50,0.0,1,0.09,0.11199999999999999,0.5,0.5,-0.10099999999999999,0.007754146587103605,0.1627410501241684,0.17240163683891296,0.14311406016349792,0.2146959751844406,0.26028257608413696,normal
1113,50,ABLATION2_repeated_spike,MOPER_NO_WSHIFT,50,0.0,1,0.09,0.11199999999999999,0.5,0.5,-0.10099999999999999,0.003537907265126705,0.16268864274024963,0.17584237456321716,0.14281684160232544,0.21549959480762482,0.26121821999549866,normal
1114,50,ABLATION2_repeated_spike,MOPER_NO_WSHIFT,50,0.0,1,0.09,0.11199999999999999,0.5,0.5,-0.10099999999999999,0.003819391131401062,0.07883168011903763,0.10719773918390274,0.08544132113456726,0.13192085921764374,0.15868499875068665,normal
1115,50,ABLATION2_repeated_spike,MOPER_NO_WSHIFT,50,0.0,1,0.09,0.11199999999999999,0.5,0.5,-0.10099999999999999,0.0034098855685442686,0.0557362325489521,0.109689861536026,0.09047965705394745,0.13548226654529572,0.16547784209251404,normal
1116,50,ABLATION2_repeated_spike,MOPER_NO_WSHIFT,50,0.0,1,0.09,0.11199999999999999,0.5,0.5,-0.10099999999999999,0.0076344688422977924,0.11388076841831207,0.1649455428123474,0.13841193914413452,0.20186717808246613,0.24625608325004578,normal
1117,50,ABLATION2_repeated_spike,MOPER_NO_WSHIFT,50,0.0,1,0.09,0.11199999999999999,0.5,0.5,-0.10099999999999999,0.0097877262160182,0.1129433810710907,0.16681085526943207,0.1363498419523239,0.20097066462039948,0.24412021040916443,normal
1118,50,ABLATION2_repeated_spike,MOPER_NO_WSHIFT,50,0.0,1,0.09,0.11199999999999999,0.5,0.5,-0.10099999999999999,0.033109407871961594,0.0718829408288002,0.11640792340040207,0.1017705574631691,0.13789093494415283,0.1741003543138504,normal
1119,50,ABLATION2_repeated_spike,MOPER_NO_WSHIFT,50,0.0,1,0.09,0.11199999999999999,0.5,0.5,-0.10099999999999999,0.047022707760334015,0.14306871592998505,0.1809803545475006,0.15832006931304932,0.20988444983959198,0.2681807577610016,normal
1120,50,ABLATION2_repeated_spike,MOPER_NO_WSHIFT,50,0.0,1,0.09,0.11199999999999999,0.5,0.5,-0.10099999999999999,0.04517459496855736,0.0714062750339508,0.14472174644470215,0.13414761424064636,0.15912272036075592,0.21248531341552734,normal
1121,50,ABLATION2_repeated_spike,MOPER_NO_WSHIFT,50,0.0,1,0.09,0.11199999999999999,0.5,0.5,-0.10099999999999999,0.03641439601778984,0.07408569008111954,0.12943395972251892,0.12255264073610306,0.14332923293113708,0.1943158656358719,normal
1122,50,ABLATION2_repeated_spike,MOPER_NO_WSHIFT,50,0.0,1,0.09,0.11199999999999999,0.5,0.5,-0.10099999999999999,0.025993896648287773,0.14015056192874908,0.17494669556617737,0.14551284909248352,0.20823761820793152,0.256512850522995,normal
1123,50,ABLATION2_repeated_spike,MOPER_NO_WSHIFT,50,0.0,1,0.09,0.11199999999999999,0.5,0.5,-0.10099999999999999,0.015956245362758636,0.0028719219844788313,0.04662904888391495,0.049122750759124756,0.05131794512271881,0.07341429591178894,normal
1124,50,ABLATION2_repeated_spike,MOPER_NO_WSHIFT,50,0.0,1,0.09,0.11199999999999999,0.5,0.5,-0.10099999999999999,0.04039037600159645,0.1288459300994873,0.18595634400844574,0.16567575931549072,0.2127375602722168,0.2768551707267761,normal
1125,50,ABLATION2_repeated_spike,MOPER_NO_WSHIFT,50,0.0,1,0.09,0.11199999999999999,0.5,0.5,-0.10099999999999999,0.007719899527728558,0.13908612728118896,0.1669057011604309,0.14458228647708893,0.20543283224105835,0.253750741481781,normal
1126,50,ABLATION2_repeated_spike,MOPER_NO_WSHIFT,50,0.0,1,0.09,0.11199999999999999,0.5,0.5,-0.10099999999999999,0.006453861948102713,0.1471351981163025,0.1669626533985138,0.13925212621688843,0.20538334548473358,0.2496461272239685,normal
1127,50,ABLATION2_repeated_spike,MOPER_NO_WSHIFT,50,0.0,1,0.09,0.11199999999999999,0.5,0.5,-0.10099999999999999,0.02232818864285946,0.15658538043498993,0.17294679582118988,0.1476960927248001,0.21279504895210266,0.2635640799999237,normal
1128,50,ABLATION2_repeated_spike,MOPER_NO_WSHIFT,50,0.0,1,0.09,0.11199999999999999,0.5,0.5,-0.10099999999999999,0.004180817864835262,0.02195816859602928,0.10614941269159317,0.09332871437072754,0.12582583725452423,0.15919271111488342,normal
1129,50,ABLATION2_repeated_spike,MOPER_NO_WSHIFT,50,0.0,1,0.09,0.11199999999999999,0.5,0.5,-0.10099999999999999,0.01725364662706852,0.06355263292789459,0.0995008572936058,0.08637236058712006,0.12213277816772461,0.15184198319911957,normal
1130,50,ABLATION2_repeated_spike,MOPER_NO_WSHIFT,50,0.0,1,0.09,0.11199999999999999,0.5,0.5,-0.10099999999999999,0.02572389505803585,0.06419266015291214,0.09435243159532547,0.08481545746326447,0.11213651299476624,0.14471234381198883,normal
1131,50,ABLATION2_repeated_spike,MOPER_NO_WSHIFT,50,0.0,1,0.09,0.11199999999999999,0.5,0.5,-0.10099999999999999,0.02722390741109848,0.13860337436199188,0.16910454630851746,0.1452556997537613,0.20229895412921906,0.2523791491985321,normal
1132,50,ABLATION2_repeated_spike,MOPER_NO_WSHIFT,50,0.0,1,0.09,0.11199999999999999,0.5,0.5,-0.10099999999999999,0.02686063013970852,0.14097128808498383,0.1709313690662384,0.14600177109241486,0.20390518009662628,0.2540975511074066,normal
1133,50,ABLATION2_repeated_spike,MOPER_NO_WSHIFT,50,0.0,1,0.09,0.11199999999999999,0.5,0.5,-0.10099999999999999,0.01098357979208231,0.12847955524921417,0.16316066682338715,0.1354445368051529,0.19600282609462738,0.2409045696258545,normal
1134,50,ABLATION2_repeated_spike,MOPER_NO_WSHIFT,50,0.0,1,0.09,0.11199999999999999,0.5,0.5,-0.10099999999999999,0.02831358276307583,0.06673821806907654,0.10784509778022766,0.09262588620185852,0.12642496824264526,0.15928809344768524,normal
1135,50,ABLATION2_repeated_spike,MOPER_NO_WSHIFT,50,0.0,1,0.09,0.11199999999999999,0.5,0.5,-0.10099999999999999,0.01611725054681301,0.11708924919366837,0.18806132674217224,0.1616867631673813,0.22075042128562927,0.27701643109321594,normal
1136,50,ABLATION2_repeated_spike,MOPER_NO_WSHIFT,50,0.0,1,0.09,0.11199999999999999,0.5,0.5,-0.10099999999999999,0.015422733500599861,0.07679478079080582,0.12915420532226562,0.11180859059095383,0.15196223556995392,0.19109007716178894,normal
1137,50,ABLATION2_repeated_spike,MOPER_NO_WSHIFT,50,0.0,1,0.09,0.11199999999999999,0.5,0.5,-0.10099999999999999,0.007526338566094637,0.06825442612171173,0.18023258447647095,0.15229317545890808,0.20932388305664062,0.2616288363933563,normal
1138,50,ABLATION2_repeated_spike,MOPER_NO_WSHIFT,50,0.0,1,0.09,0.11199999999999999,0.5,0.5,-0.10099999999999999,0.014756708405911922,0.1161775067448616,0.1706204116344452,0.14426714181900024,0.2021499127149582,0.25103121995925903,normal
1139,50,ABLATION2_repeated_spike,MOPER_NO_WSHIFT,50,0.0,1,0.09,0.11199999999999999,0.5,0.5,-0.10099999999999999,0.008558448404073715,0.00302388914860785,0.049075011163949966,0.04833569377660751,0.055596724152565,0.07673750817775726,normal
1140,50,ABLATION2_repeated_spike,MOPER_NO_WSHIFT,50,0.0,1,0.09,0.11199999999999999,0.5,0.5,-0.10099999999999999,0.007571890018880367,0.06847109645605087,0.12351720780134201,0.11190430074930191,0.14107918739318848,0.18388138711452484,normal
1141,50,ABLATION2_repeated_spike,MOPER_NO_WSHIFT,50,0.0,1,0.09,0.11199999999999999,0.5,0.5,-0.10099999999999999,0.004886309616267681,0.141898050904274,0.1729631870985031,0.14545980095863342,0.20971785485744476,0.25728079676628113,normal
1142,50,ABLATION2_repeated_spike,MOPER_NO_WSHIFT,50,0.0,1,0.09,0.11199999999999999,0.5,0.5,-0.10099999999999999,0.003833238035440445,0.07313285022974014,0.10644868016242981,0.09566636383533478,0.13198144733905792,0.16428418457508087,normal
1143,50,ABLATION2_repeated_spike,MOPER_NO_WSHIFT,50,0.0,1,0.09,0.11199999999999999,0.5,0.5,-0.10099999999999999,0.036187998950481415,0.14029933512210846,0.1628986895084381,0.135517418384552,0.19420014321804047,0.24018949270248413,normal
1144,50,ABLATION2_repeated_spike,MOPER_NO_WSHIFT,50,0.0,1,0.09,0.11199999999999999,0.5,0.5,-0.10099999999999999,0.0022722678259015083,0.07247000187635422,0.11404366791248322,0.10411703586578369,0.136702299118042,0.17427214980125427,normal
1145,50,ABLATION2_repeated_spike,MOPER_NO_WSHIFT,50,0.0,1,0.09,0.11199999999999999,0.5,0.5,-0.10099999999999999,0.023956164717674255,0.1536647379398346,0.1656692922115326,0.14381583034992218,0.1985272467136383,0.24926181137561798,normal
1146,50,ABLATION2_repeated_spike,MOPER_NO_WSHIFT,50,0.0,1,0.09,0.11199999999999999,0.5,0.5,-0.10099999999999999,0.008841456845402718,0.13203251361846924,0.17021164298057556,0.1443806290626526,0.20267567038536072,0.2514630854129791,normal
1147,50,ABLATION2_repeated_spike,MOPER_NO_WSHIFT,50,0.0,1,0.09,0.11199999999999999,0.5,0.5,-0.10099999999999999,0.01458839513361454,0.06842909753322601,0.10604315996170044,0.09527265280485153,0.12387494742870331,0.16030459105968475,normal
1148,50,ABLATION2_repeated_spike,MOPER_NO_WSHIFT,50,0.0,1,0.09,0.11199999999999999,0.5,0.5,-0.10099999999999999,0.01075537409633398,0.003480286803096533,0.044407159090042114,0.04268521070480347,0.05192553997039795,0.06857897341251373,normal
1149,50,ABLATION2_repeated_spike,MOPER_NO_WSHIFT,50,0.0,1,0.09,0.11199999999999999,0.5,0.5,-0.10099999999999999,0.010249313898384571,0.0675993412733078,0.17978736758232117,0.15302012860774994,0.20886653661727905,0.26301711797714233,normal
1150,50,ABLATION2_repeated_spike,MOPER_NO_WSHIFT,50,0.0,1,0.09,0.11199999999999999,0.5,0.5,-0.10099999999999999,0.0016418345039710402,0.06938772648572922,0.11549992859363556,0.09909331798553467,0.13558408617973328,0.17028149962425232,normal
1151,50,ABLATION2_repeated_spike,MOPER_NO_WSHIFT,50,0.0,1,0.09,0.11199999999999999,0.5,0.5,-0.10099999999999999,0.05392063781619072,0.07226135581731796,0.11083769798278809,0.10028056055307388,0.13059841096401215,0.16826212406158447,normal
1152,50,ABLATION2_repeated_spike,MOPER_NO_WSHIFT,50,0.0,1,0.09,0.11199999999999999,0.5,0.5,-0.10099999999999999,0.015618547797203064,0.07880384474992752,0.11676184833049774,0.10792385041713715,0.1323534995317459,0.17532718181610107,normal
1153,50,ABLATION2_repeated_spike,MOPER_NO_WSHIFT,50,0.0,1,0.09,0.11199999999999999,0.5,0.5,-0.10099999999999999,0.01198210846632719,0.002562008099630475,0.05213256925344467,0.048536062240600586,0.0615449994802475,0.08118808269500732,normal
1154,50,ABLATION2_repeated_spike,MOPER_NO_WSHIFT,50,0.0,1,0.09,0.11199999999999999,0.5,0.5,-0.10099999999999999,0.023489536717534065,0.16706420481204987,0.17052574455738068,0.1452110856771469,0.20429782569408417,0.2536092698574066,normal
1155,50,ABLATION2_repeated_spike,MOPER_NO_WSHIFT,50,0.0,1,0.09,0.11199999999999999,0.5,0.5,-0.10099999999999999,0.009594246745109558,0.1557968109846115,0.17086803913116455,0.13575591146945953,0.20833733677864075,0.25059774518013,normal
1156,50,ABLATION2_repeated_spike,MOPER_NO_WSHIFT,50,0.0,1,0.09,0.11199999999999999,0.5,0.5,-0.10099999999999999,0.014876564033329487,0.002490452490746975,0.03745900094509125,0.030891016125679016,0.05182509124279022,0.06326655298471451,normal
1157,50,ABLATION2_repeated_spike,MOPER_NO_WSHIFT,50,0.0,1,0.09,0.11199999999999999,0.5,0.5,-0.10099999999999999,0.011842170730233192,0.07914311438798904,0.0995355099439621,0.08116507530212402,0.12401160597801208,0.1511254757642746,normal
1158,50,ABLATION2_repeated_spike,MOPER_NO_WSHIFT,50,0.0,1,0.09,0.11199999999999999,0.5,0.5,-0.10099999999999999,-0.010107354260981083,0.19057683646678925,0.17465662956237793,0.13899412751197815,0.21749995648860931,0.25968611240386963,normal
1159,50,ABLATION2_repeated_spike,MOPER_NO_WSHIFT,50,0.0,1,0.09,0.11199999999999999,0.5,0.5,-0.10099999999999999,0.00021973453112877905,0.09614009410142899,0.11358370631933212,0.09017966687679291,0.14209198951721191,0.17029358446598053,normal
1160,50,ABLATION2_repeated_spike,MOPER_NO_WSHIFT,50,0.0,1,0.09,0.11199999999999999,0.5,0.5,-0.10099999999999999,-0.00863895658403635,0.17089861631393433,0.17523574829101562,0.13908401131629944,0.2172737419605255,0.2590661942958832,normal
1161,50,ABLATION2_repeated_spike,MOPER_NO_WSHIFT,50,0.0,1,0.09,0.11199999999999999,0.5,0.5,-0.10099999999999999,-0.0006878554122522473,0.08164265751838684,0.10795891284942627,0.0875321477651596,0.13369928300380707,0.16230466961860657,normal
1162,50,ABLATION2_repeated_spike,MOPER_NO_WSHIFT,50,0.0,1,0.09,0.11199999999999999,0.5,0.5,-0.10099999999999999,0.00268893432803452,0.07994996011257172,0.10683238506317139,0.08169199526309967,0.1373317688703537,0.16104376316070557,normal
1163,50,ABLATION2_repeated_spike,MOPER_NO_WSHIFT,50,0.0,1,0.09,0.11199999999999999,0.5,0.5,-0.10099999999999999,0.002335884375497699,0.16689921915531158,0.17879043519496918,0.14132755994796753,0.22472284734249115,0.2684648036956787,normal
1164,50,ABLATION2_repeated_spike,MOPER_NO_WSHIFT,50,0.0,1,0.09,0.11199999999999999,0.5,0.5,-0.10099999999999999,-0.0007629375904798508,0.08222141116857529,0.10200133174657822,0.0789630115032196,0.12855438888072968,0.15263071656227112,normal
1165,50,ABLATION2_repeated_spike,MOPER_NO_WSHIFT,50,0.0,1,0.09,0.11199999999999999,0.5,0.5,-0.10099999999999999,0.02652311883866787,0.0016542442608624697,0.028863482177257538,0.02883651852607727,0.037961527705192566,0.05044233053922653,normal
1166,50,ABLATION2_repeated_spike,MOPER_NO_WSHIFT,50,0.0,1,0.09,0.11199999999999999,0.5,0.5,-0.10099999999999999,0.0026809300761669874,0.0014854901237413287,0.02748914062976837,0.028455466032028198,0.04030749201774597,0.0505676344037056,normal
1167,50,ABLATION2_repeated_spike,MOPER_NO_WSHIFT,50,0.0,1,0.09,0.11199999999999999,0.5,0.5,-0.10099999999999999,0.01581116020679474,0.07343094795942307,0.09886173158884048,0.08542078733444214,0.11997102200984955,0.1498887985944748,normal
1168,50,ABLATION2_repeated_spike,MOPER_NO_WSHIFT,50,0.0,1,0.09,0.11199999999999999,0.5,0.5,-0.10099999999999999,0.022021286189556122,0.07629559189081192,0.10729894787073135,0.09416146576404572,0.13030403852462769,0.16432739794254303,normal
1169,50,ABLATION2_repeated_spike,MOPER_NO_WSHIFT,50,0.0,1,0.09,0.11199999999999999,0.5,0.5,-0.10099999999999999,0.024820182472467422,0.10457022488117218,0.17230430245399475,0.1526847630739212,0.21379104256629944,0.2660132050514221,normal
1170,50,ABLATION2_repeated_spike,MOPER_NO_WSHIFT,50,0.0,1,0.09,0.11199999999999999,0.5,0.5,-0.10099999999999999,0.00957813672721386,0.07574806362390518,0.16011843085289001,0.13310377299785614,0.19907929003238678,0.24168048799037933,normal
1171,50,ABLATION2_repeated_spike,MOPER_NO_WSHIFT,50,0.0,1,0.09,0.11199999999999999,0.5,0.5,-0.10099999999999999,0.009446831420063972,0.11784957349300385,0.16301485896110535,0.1360768973827362,0.19870656728744507,0.24293716251850128,normal
1172,50,ABLATION2_repeated_spike,MOPER_NO_WSHIFT,50,0.0,1,0.09,0.11199999999999999,0.5,0.5,-0.10099999999999999,0.02630005218088627,0.1374775469303131,0.18394732475280762,0.16451723873615265,0.2119491994380951,0.27426791191101074,normal
1173,50,ABLATION2_repeated_spike,MOPER_NO_WSHIFT,50,0.0,1,0.09,0.11199999999999999,0.5,0.5,-0.10099999999999999,0.01852564327418804,0.06696771830320358,0.12258550524711609,0.11278178542852402,0.14022818207740784,0.1841280609369278,normal
1174,50,ABLATION2_repeated_spike,MOPER_NO_WSHIFT,50,0.0,1,0.09,0.11199999999999999,0.5,0.5,-0.10099999999999999,0.05621025711297989,0.0667908787727356,0.11838757991790771,0.10687148571014404,0.13445717096328735,0.1763862669467926,normal
1175,50,ABLATION2_repeated_spike,MOPER_NO_WSHIFT,50,0.0,1,0.09,0.11199999999999999,0.5,0.5,-0.10099999999999999,0.006089959293603897,0.007906608283519745,0.07137736678123474,0.06425775587558746,0.07849697768688202,0.10271070897579193,normal
1176,50,ABLATION2_repeated_spike,MOPER_NO_WSHIFT,50,0.0,1,0.09,0.11199999999999999,0.5,0.5,-0.10099999999999999,0.04713011533021927,0.06618031114339828,0.1307733952999115,0.1186845451593399,0.1457357257604599,0.192055806517601,normal
1177,50,ABLATION2_repeated_spike,MOPER_NO_WSHIFT,50,0.0,1,0.09,0.11199999999999999,0.5,0.5,-0.10099999999999999,0.008158891461789608,0.05854395776987076,0.2044573575258255,0.17925086617469788,0.23235459625720978,0.29711347818374634,normal
1178,50,ABLATION2_repeated_spike,MOPER_NO_WSHIFT,50,0.0,1,0.09,0.11199999999999999,0.5,0.5,-0.10099999999999999,0.023101244121789932,0.11561312526464462,0.18244008719921112,0.15523111820220947,0.2123127430677414,0.2658405005931854,normal
1179,50,ABLATION2_repeated_spike,MOPER_NO_WSHIFT,50,0.0,1,0.09,0.11199999999999999,0.5,0.5,-0.10099999999999999,0.005991566926240921,0.12460650503635406,0.19599221646785736,0.16401951014995575,0.22796492278575897,0.2827869653701782,normal
1180,50,ABLATION2_repeated_spike,MOPER_NO_WSHIFT,50,0.0,1,0.09,0.11199999999999999,0.5,0.5,-0.10099999999999999,0.03426326811313629,0.06771755963563919,0.13445326685905457,0.11743304133415222,0.15301360189914703,0.19595026969909668,normal
1181,50,ABLATION2_repeated_spike,MOPER_NO_WSHIFT,50,0.0,1,0.09,0.11199999999999999,0.5,0.5,-0.10099999999999999,0.02488037385046482,0.00532123725861311,0.06167631596326828,0.055100515484809875,0.06907340884208679,0.09129460901021957,normal
1182,50,ABLATION2_repeated_spike,MOPER_NO_WSHIFT,50,0.0,1,0.09,0.11199999999999999,0.5,0.5,-0.10099999999999999,0.028027037158608437,0.0016352096572518349,0.03625446557998657,0.03273431956768036,0.042862847447395325,0.056789565831422806,normal
1183,50,ABLATION2_repeated_spike,MOPER_NO_WSHIFT,50,0.0,1,0.09,0.11199999999999999,0.5,0.5,-0.10099999999999999,0.017818110063672066,0.06902985274791718,0.10278856009244919,0.08568985760211945,0.12595635652542114,0.15462400019168854,normal
1184,50,ABLATION2_repeated_spike,MOPER_NO_WSHIFT,50,0.0,1,0.09,0.11199999999999999,0.5,0.5,-0.10099999999999999,0.007013146765530109,0.0018210752168670297,0.03098120540380478,0.024471506476402283,0.04434305429458618,0.0519624724984169,normal
1185,50,ABLATION2_repeated_spike,MOPER_NO_WSHIFT,50,0.0,1,0.09,0.11199999999999999,0.5,0.5,-0.10099999999999999,0.0014020639937371016,0.08427952975034714,0.10919196158647537,0.09035792946815491,0.1324407309293747,0.16235576570034027,normal
1186,50,ABLATION2_repeated_spike,MOPER_NO_WSHIFT,50,0.0,1,0.09,0.11199999999999999,0.5,0.5,-0.10099999999999999,0.004870372824370861,0.11728739738464355,0.11273873597383499,0.10017229616641998,0.13535255193710327,0.17111879587173462,normal
1187,50,ABLATION2_repeated_spike,MOPER_NO_WSHIFT,50,0.0,1,0.09,0.11199999999999999,0.5,0.5,-0.10099999999999999,-0.019294586032629013,0.20308619737625122,0.1790241003036499,0.14998087286949158,0.2128707319498062,0.2626883387565613,normal
1188,50,ABLATION2_repeated_spike,MOPER_NO_WSHIFT,50,0.0,1,0.09,0.11199999999999999,0.5,0.5,-0.10099999999999999,-0.0062314169481396675,0.20970258116722107,0.2248571366071701,0.18466497957706451,0.2668733298778534,0.32649287581443787,normal
1189,50,ABLATION2_repeated_spike,MOPER_NO_WSHIFT,50,0.0,1,0.09,0.11199999999999999,0.5,0.5,-0.10099999999999999,0.002983927493914962,0.016085926443338394,0.07176986336708069,0.059925273060798645,0.08976404368877411,0.10961124300956726,normal
1190,50,ABLATION2_repeated_spike,MOPER_NO_WSHIFT,50,0.0,1,0.09,0.11199999999999999,0.5,0.5,-0.10099999999999999,-0.003990365657955408,0.21157824993133545,0.2275310456752777,0.18479812145233154,0.2748945951461792,0.332571804523468,normal
1191,50,ABLATION2_repeated_spike,MOPER_NO_WSHIFT,50,0.0,1,0.09,0.11199999999999999,0.5,0.5,-0.10099999999999999,-0.01015808992087841,0.09203307330608368,0.12350773066282272,0.09904247522354126,0.15087337791919708,0.1817587912082672,normal
1192,50,ABLATION2_repeated_spike,MOPER_NO_WSHIFT,50,0.0,1,0.09,0.11199999999999999,0.5,0.5,-0.10099999999999999,-0.011873949319124222,0.1954576075077057,0.20136414468288422,0.16093233227729797,0.2467205971479416,0.295500785112381,normal
1193,50,ABLATION2_repeated_spike,MOPER_NO_WSHIFT,50,0.0,1,0.09,0.11199999999999999,0.5,0.5,-0.10099999999999999,-0.0037982368376106024,0.009956827387213707,0.05614219605922699,0.04234503209590912,0.07852445542812347,0.09041858464479446,normal
1194,50,ABLATION2_repeated_spike,MOPER_NO_WSHIFT,50,0.0,1,0.09,0.11199999999999999,0.5,0.5,-0.10099999999999999,0.014510641805827618,0.10390542447566986,0.13504281640052795,0.10081742703914642,0.17478014528751373,0.20428307354450226,normal
1195,50,ABLATION2_repeated_spike,MOPER_NO_WSHIFT,50,0.0,1,0.09,0.11199999999999999,0.5,0.5,-0.10099999999999999,-5.973790030111559e-05,0.060664013028144836,0.11018779873847961,0.08479093015193939,0.1401149481534958,0.16649121046066284,normal
1196,50,ABLATION2_repeated_spike,MOPER_NO_WSHIFT,50,0.0,1,0.09,0.11199999999999999,0.5,0.5,-0.10099999999999999,0.003296329639852047,0.15464329719543457,0.17132748663425446,0.12957073748111725,0.22186216711997986,0.2612857222557068,normal
1197,50,ABLATION2_repeated_spike,MOPER_NO_WSHIFT,50,0.0,1,0.09,0.11199999999999999,0.5,0.5,-0.10099999999999999,0.023768749088048935,0.1398707628250122,0.16033342480659485,0.13004496693611145,0.19342508912086487,0.23626494407653809,normal
1198,50,ABLATION2_repeated_spike,MOPER_NO_WSHIFT,50,0.0,1,0.09,0.11199999999999999,0.5,0.5,-0.10099999999999999,0.03485671430826187,0.06481774896383286,0.10069143772125244,0.08887064456939697,0.11844262480735779,0.1516735553741455,normal
1199,50,ABLATION2_repeated_spike,MOPER_NO_WSHIFT,50,0.0,1,0.09,0.11199999999999999,0.5,0.5,-0.10099999999999999,0.03417395055294037,0.0032785525545477867,0.045309171080589294,0.051224708557128906,0.044587284326553345,0.07257366180419922,normal
1200,50,ABLATION2_repeated_spike,MOPER_NO_WSHIFT,50,0.0,1,0.09,0.11199999999999999,0.5,0.5,-0.10099999999999999,0.006752883084118366,0.030756304040551186,0.10000663995742798,0.08309376239776611,0.1175144612789154,0.14749832451343536,normal
1201,50,ABLATION2_repeated_spike,MOPER_NO_WSHIFT,50,0.0,1,0.09,0.11199999999999999,0.5,0.5,-0.10099999999999999,0.03292305767536163,0.06413452327251434,0.11881603300571442,0.11184413731098175,0.12773749232292175,0.17676270008087158,normal
1202,50,ABLATION2_repeated_spike,MOPER_NO_WSHIFT,50,0.0,1,0.09,0.11199999999999999,0.5,0.5,-0.10099999999999999,0.028379788622260094,0.07254654914140701,0.1767893135547638,0.15322253108024597,0.20234228670597076,0.2593671679496765,normal
1203,50,ABLATION2_repeated_spike,MOPER_NO_WSHIFT,50,0.0,1,0.09,0.11199999999999999,0.5,0.5,-0.10099999999999999,0.026865946128964424,0.061270710080862045,0.1328621804714203,0.1253974735736847,0.142757847905159,0.19517141580581665,normal
1204,50,ABLATION2_repeated_spike,MOPER_NO_WSHIFT,50,0.0,1,0.09,0.11199999999999999,0.5,0.5,-0.10099999999999999,0.05946018919348717,0.07324767112731934,0.17849627137184143,0.15918660163879395,0.20267967879772186,0.26447194814682007,normal
1205,50,ABLATION2_repeated_spike,MOPER_NO_WSHIFT,50,0.0,1,0.09,0.11199999999999999,0.5,0.5,-0.10099999999999999,0.0034474930725991726,0.033978745341300964,0.13388735055923462,0.11902042478322983,0.1487542688846588,0.19400902092456818,normal
1206,50,ABLATION2_repeated_spike,MOPER_NO_WSHIFT,50,0.0,1,0.09,0.11199999999999999,0.5,0.5,-0.10099999999999999,0.0365697406232357,0.004540598019957542,0.05346326902508736,0.05558689683675766,0.05712570250034332,0.08295480906963348,normal
1207,50,ABLATION2_repeated_spike,MOPER_NO_WSHIFT,50,0.0,1,0.09,0.11199999999999999,0.5,0.5,-0.10099999999999999,0.024935804307460785,0.06679726392030716,0.12082608789205551,0.108269602060318,0.1367058902978897,0.17836053669452667,normal
1208,50,ABLATION2_repeated_spike,MOPER_NO_WSHIFT,50,0.0,1,0.09,0.11199999999999999,0.5,0.5,-0.10099999999999999,0.03644215315580368,0.006166650447994471,0.06101177632808685,0.06068255007266998,0.06522251665592194,0.09308337420225143,normal
1209,50,ABLATION2_repeated_spike,MOPER_NO_WSHIFT,50,0.0,1,0.09,0.11199999999999999,0.5,0.5,-0.10099999999999999,0.038206107914447784,0.13816459476947784,0.16270282864570618,0.14302049577236176,0.19826672971248627,0.2487679421901703,normal
1210,50,ABLATION2_repeated_spike,MOPER_NO_WSHIFT,50,0.0,1,0.09,0.11199999999999999,0.5,0.5,-0.10099999999999999,0.019469495862722397,0.0021278602071106434,0.036808356642723083,0.03534340858459473,0.04496362805366516,0.06004692614078522,normal
1211,50,ABLATION2_repeated_spike,MOPER_NO_WSHIFT,50,0.0,1,0.09,0.11199999999999999,0.5,0.5,-0.10099999999999999,0.008296536281704903,0.0479617677628994,0.10178419202566147,0.07946336269378662,0.12676922976970673,0.1519286334514618,normal
1212,50,ABLATION2_repeated_spike,MOPER_NO_WSHIFT,50,0.0,1,0.09,0.11199999999999999,0.5,0.5,-0.10099999999999999,0.020331570878624916,0.0022269999608397484,0.03600820153951645,0.03282025456428528,0.05113796889781952,0.06356349587440491,normal
1213,50,ABLATION2_repeated_spike,MOPER_NO_WSHIFT,50,0.0,1,0.09,0.11199999999999999,0.5,0.5,-0.10099999999999999,-0.00015081641322467476,0.053347036242485046,0.09561401605606079,0.07524034380912781,0.11924481391906738,0.14162255823612213,normal
1214,50,ABLATION2_repeated_spike,MOPER_NO_WSHIFT,50,0.0,1,0.09,0.11199999999999999,0.5,0.5,-0.10099999999999999,-0.010197355411946774,0.1291833221912384,0.19403931498527527,0.15894567966461182,0.23485518991947174,0.28590869903564453,normal
1215,50,ABLATION2_repeated_spike,MOPER_NO_WSHIFT,50,0.0,1,0.09,0.11199999999999999,0.5,0.5,-0.10099999999999999,-0.013453605584800243,0.004224762786179781,0.041172049939632416,0.03318050503730774,0.05410705506801605,0.06470897048711777,normal
1216,50,ABLATION2_repeated_spike,MOPER_NO_WSHIFT,50,0.0,1,0.09,0.11199999999999999,0.5,0.5,-0.10099999999999999,-0.010877599008381367,0.22971421480178833,0.2015405297279358,0.16548459231853485,0.24086987972259521,0.29372870922088623,normal
1217,50,ABLATION2_repeated_spike,MOPER_NO_WSHIFT,50,0.0,1,0.09,0.11199999999999999,0.5,0.5,-0.10099999999999999,-0.03126534819602966,0.06840799748897552,0.109897680580616,0.08917902410030365,0.13482382893562317,0.16372011601924896,normal
1218,50,ABLATION2_repeated_spike,MOPER_NO_WSHIFT,50,0.0,1,0.09,0.11199999999999999,0.5,0.5,-0.10099999999999999,-0.040632184594869614,0.1382828950881958,0.16801589727401733,0.13339510560035706,0.20573386549949646,0.24722830951213837,normal
1219,50,ABLATION2_repeated_spike,MOPER_NO_WSHIFT,50,0.0,1,0.09,0.11199999999999999,0.5,0.5,-0.10099999999999999,-0.03334794193506241,0.017327453941106796,0.07020141184329987,0.054582372307777405,0.0900263637304306,0.10677708685398102,normal
1220,50,ABLATION2_repeated_spike,MOPER_NO_WSHIFT,50,0.0,1,0.09,0.11199999999999999,0.5,0.5,-0.10099999999999999,-0.035680755972862244,0.13137444853782654,0.17180827260017395,0.13211600482463837,0.21437641978263855,0.2535454034805298,normal
1221,50,ABLATION2_repeated_spike,MOPER_NO_WSHIFT,50,0.0,1,0.09,0.11199999999999999,0.5,0.5,-0.10099999999999999,-0.039365772157907486,0.21923649311065674,0.22838273644447327,0.17954246699810028,0.27976077795028687,0.33397209644317627,normal
1222,50,ABLATION2_repeated_spike,MOPER_NO_WSHIFT,50,0.0,1,0.09,0.11199999999999999,0.5,0.5,-0.10099999999999999,-0.03824826702475548,0.14497901499271393,0.1665826141834259,0.13018624484539032,0.21067993342876434,0.24915271997451782,normal
1223,50,ABLATION2_repeated_spike,MOPER_NO_WSHIFT,50,0.0,1,0.09,0.11199999999999999,0.5,0.5,-0.10099999999999999,-0.019230540841817856,0.12615591287612915,0.14826619625091553,0.11529850959777832,0.1862110197544098,0.2210465371608734,normal
1224,50,ABLATION2_repeated_spike,MOPER_NO_WSHIFT,50,0.0,1,0.09,0.11199999999999999,0.5,0.5,-0.10099999999999999,-0.012987839058041573,0.08638797700405121,0.11120827496051788,0.08735799789428711,0.14093244075775146,0.16747316718101501,normal
1225,50,ABLATION2_repeated_spike,MOPER_NO_WSHIFT,50,0.0,1,0.09,0.11199999999999999,0.5,0.5,-0.10099999999999999,-0.012580735608935356,0.0057821087539196014,0.040868550539016724,0.02841860055923462,0.06088227033615112,0.06891070306301117,normal
1226,50,ABLATION2_repeated_spike,MOPER_NO_WSHIFT,50,0.0,1,0.09,0.11199999999999999,0.5,0.5,-0.10099999999999999,-0.005168560892343521,0.08538219332695007,0.10768209397792816,0.07998332381248474,0.14297553896903992,0.16582104563713074,normal
1227,50,ABLATION2_repeated_spike,MOPER_NO_WSHIFT,50,0.0,1,0.09,0.11199999999999999,0.5,0.5,-0.10099999999999999,0.010339666157960892,0.10315841436386108,0.16158869862556458,0.12838388979434967,0.20197196304798126,0.24160391092300415,normal
1228,50,ABLATION2_repeated_spike,MOPER_NO_WSHIFT,50,0.0,1,0.09,0.11199999999999999,0.5,0.5,-0.10099999999999999,0.00579632306471467,0.001016843132674694,0.028961528092622757,0.030164934694767,0.03891551494598389,0.05161818116903305,normal
1229,50,ABLATION2_repeated_spike,MOPER_NO_WSHIFT,50,0.0,1,0.09,0.11199999999999999,0.5,0.5,-0.10099999999999999,0.009160635992884636,0.14192134141921997,0.15458428859710693,0.13339483737945557,0.18928636610507965,0.23656758666038513,normal
1230,50,ABLATION2_repeated_spike,MOPER_NO_WSHIFT,50,0.0,1,0.09,0.11199999999999999,0.5,0.5,-0.10099999999999999,0.037123046815395355,0.08070917427539825,0.1535419523715973,0.130342498421669,0.18210278451442719,0.22958312928676605,normal
1231,50,ABLATION2_repeated_spike,MOPER_NO_WSHIFT,50,0.0,1,0.09,0.11199999999999999,0.5,0.5,-0.10099999999999999,0.0439063236117363,0.04224645718932152,0.11589232087135315,0.10948465764522552,0.12712059915065765,0.17360973358154297,normal
1232,50,ABLATION2_repeated_spike,MOPER_NO_WSHIFT,50,0.0,1,0.09,0.11199999999999999,0.5,0.5,-0.10099999999999999,0.035343676805496216,0.10330367088317871,0.16555415093898773,0.136086106300354,0.1961110681295395,0.24198228120803833,normal
1233,50,ABLATION2_repeated_spike,MOPER_NO_WSHIFT,50,0.0,1,0.09,0.11199999999999999,0.5,0.5,-0.10099999999999999,0.07593116909265518,0.06344305723905563,0.1433260440826416,0.13447806239128113,0.15346619486808777,0.20964927971363068,normal
1234,50,ABLATION2_repeated_spike,MOPER_NO_WSHIFT,50,0.0,1,0.09,0.11199999999999999,0.5,0.5,-0.10099999999999999,0.04417312145233154,0.11764917522668839,0.19301837682724,0.16795344650745392,0.22045587003231049,0.2823348641395569,normal
1235,50,ABLATION2_repeated_spike,MOPER_NO_WSHIFT,50,0.0,1,0.09,0.11199999999999999,0.5,0.5,-0.10099999999999999,0.028224963694810867,0.03409635275602341,0.1661604940891266,0.15155848860740662,0.18076248466968536,0.23974838852882385,normal
1236,50,ABLATION2_repeated_spike,MOPER_NO_WSHIFT,50,0.0,1,0.09,0.11199999999999999,0.5,0.5,-0.10099999999999999,0.019558189436793327,0.03776479884982109,0.1384621262550354,0.12262289971113205,0.1559758335351944,0.20170153677463531,normal
1237,50,ABLATION2_repeated_spike,MOPER_NO_WSHIFT,50,0.0,1,0.09,0.11199999999999999,0.5,0.5,-0.10099999999999999,0.05098560079932213,0.06384000927209854,0.16324487328529358,0.15129923820495605,0.1761629730463028,0.23656490445137024,normal
1238,50,ABLATION2_repeated_spike,MOPER_NO_WSHIFT,50,0.0,1,0.09,0.11199999999999999,0.5,0.5,-0.10099999999999999,0.08616359531879425,0.07022873312234879,0.1221279725432396,0.11199846863746643,0.13527092337608337,0.1806831657886505,normal
1239,50,ABLATION2_repeated_spike,MOPER_NO_WSHIFT,50,0.0,1,0.09,0.11199999999999999,0.5,0.5,-0.10099999999999999,0.020270297303795815,0.12629733979701996,0.19216585159301758,0.16436849534511566,0.22139427065849304,0.27945321798324585,normal
1240,50,ABLATION2_repeated_spike,MOPER_NO_WSHIFT,50,0.0,1,0.09,0.11199999999999999,0.5,0.5,-0.10099999999999999,0.04841414839029312,0.1293223351240158,0.20231133699417114,0.1776757687330246,0.22858178615570068,0.29452356696128845,normal
1241,50,ABLATION2_repeated_spike,MOPER_NO_WSHIFT,50,0.0,1,0.09,0.11199999999999999,0.5,0.5,-0.10099999999999999,0.0024613903369754553,0.08693651109933853,0.17899280786514282,0.150198295712471,0.20938600599765778,0.26043516397476196,normal
1242,50,ABLATION2_repeated_spike,MOPER_NO_WSHIFT,50,0.0,1,0.09,0.11199999999999999,0.5,0.5,-0.10099999999999999,0.0128633426502347,0.12013177573680878,0.1806182563304901,0.15024709701538086,0.21541081368923187,0.2644595503807068,normal
1243,50,ABLATION2_repeated_spike,MOPER_NO_WSHIFT,50,0.0,1,0.09,0.11199999999999999,0.5,0.5,-0.10099999999999999,0.016644997522234917,0.08950526267290115,0.16833460330963135,0.14535683393478394,0.20086036622524261,0.25127658247947693,normal
1244,50,ABLATION2_repeated_spike,MOPER_NO_WSHIFT,50,0.0,1,0.09,0.11199999999999999,0.5,0.5,-0.10099999999999999,0.01659514382481575,0.0015677518676966429,0.03280962258577347,0.029734551906585693,0.040307775139808655,0.051896438002586365,normal
1245,50,ABLATION2_repeated_spike,MOPER_NO_WSHIFT,50,0.0,1,0.09,0.11199999999999999,0.5,0.5,-0.10099999999999999,0.019332628697156906,0.1426929533481598,0.16525104641914368,0.13626068830490112,0.19878168404102325,0.2437526434659958,normal
1246,50,ABLATION2_repeated_spike,MOPER_NO_WSHIFT,50,0.0,1,0.09,0.11199999999999999,0.5,0.5,-0.10099999999999999,0.0014363635564222932,0.14532989263534546,0.17160464823246002,0.14070603251457214,0.20975986123085022,0.2551138699054718,normal
1247,50,ABLATION2_repeated_spike,MOPER_NO_WSHIFT,50,0.0,1,0.09,0.11199999999999999,0.5,0.5,-0.10099999999999999,0.049447037279605865,0.07656367123126984,0.1055750697851181,0.09155157208442688,0.12476649880409241,0.15902486443519592,normal
1248,50,ABLATION2_repeated_spike,MOPER_NO_WSHIFT,50,0.0,1,0.09,0.11199999999999999,0.5,0.5,-0.10099999999999999,-0.0018720781663432717,0.1426231414079666,0.1661667823791504,0.13476568460464478,0.20769833028316498,0.24982541799545288,normal
1249,50,ABLATION2_repeated_spike,MOPER_NO_WSHIFT,50,0.0,1,0.09,0.11199999999999999,0.5,0.5,-0.10099999999999999,0.03624115511775017,0.06818557530641556,0.10191532969474792,0.09082457423210144,0.12284469604492188,0.15500140190124512,normal
1250,50,ABLATION2_repeated_spike,MOPER_NO_WSHIFT,50,0.0,1,0.09,0.11199999999999999,0.5,0.5,-0.10099999999999999,0.02185184508562088,0.06977517157793045,0.0947197675704956,0.0819309651851654,0.11641448736190796,0.14438527822494507,normal
1251,50,ABLATION2_repeated_spike,MOPER_NO_WSHIFT,50,0.0,1,0.09,0.11199999999999999,0.5,0.5,-0.10099999999999999,0.007286083418875933,0.15488995611667633,0.16678103804588318,0.1377391517162323,0.20640765130519867,0.24993814527988434,normal
1252,50,ABLATION2_repeated_spike,MOPER_NO_WSHIFT,50,0.0,1,0.09,0.11199999999999999,0.5,0.5,-0.10099999999999999,0.008811404928565025,0.14167147874832153,0.15837442874908447,0.13020452857017517,0.195680633187294,0.23630329966545105,normal
1253,50,ABLATION2_repeated_spike,MOPER_NO_WSHIFT,50,0.0,1,0.09,0.11199999999999999,0.5,0.5,-0.10099999999999999,0.03785538300871849,0.0012628277763724327,0.030703797936439514,0.03210709989070892,0.03496380150318146,0.050626784563064575,normal
1254,50,ABLATION2_repeated_spike,MOPER_NO_WSHIFT,50,0.0,1,0.09,0.11199999999999999,0.5,0.5,-0.10099999999999999,0.010191593319177628,0.08837895840406418,0.16572970151901245,0.138307124376297,0.2014980912208557,0.24607916176319122,normal
1255,50,ABLATION2_repeated_spike,MOPER_NO_WSHIFT,50,0.0,1,0.09,0.11199999999999999,0.5,0.5,-0.10099999999999999,0.02099660411477089,0.07220826297998428,0.11423751711845398,0.0991712287068367,0.1341698318719864,0.16974587738513947,normal
1256,50,ABLATION2_repeated_spike,MOPER_NO_WSHIFT,50,0.0,1,0.09,0.11199999999999999,0.5,0.5,-0.10099999999999999,0.010372021235525608,0.09011990576982498,0.17362985014915466,0.1440165787935257,0.20651499927043915,0.25473201274871826,normal
1257,50,ABLATION2_repeated_spike,MOPER_NO_WSHIFT,50,0.0,1,0.09,0.11199999999999999,0.5,0.5,-0.10099999999999999,0.005182505585253239,0.07632090896368027,0.1243119016289711,0.10818681120872498,0.14095856249332428,0.18058335781097412,normal
1258,50,ABLATION2_repeated_spike,MOPER_NO_WSHIFT,50,0.0,1,0.09,0.11199999999999999,0.5,0.5,-0.10099999999999999,0.04738563671708107,0.004869129043072462,0.052806511521339417,0.05107159912586212,0.05454142391681671,0.07895335555076599,normal
1259,50,ABLATION2_repeated_spike,MOPER_NO_WSHIFT,50,0.0,1,0.09,0.11199999999999999,0.5,0.5,-0.10099999999999999,0.03450010344386101,0.12258529663085938,0.16065362095832825,0.1304570436477661,0.19085019826889038,0.23422786593437195,normal
1260,50,ABLATION2_repeated_spike,MOPER_NO_WSHIFT,50,0.0,1,0.09,0.11199999999999999,0.5,0.5,-0.10099999999999999,-1.3417330535503424e-07,0.06468569487333298,0.11781759560108185,0.09987615048885345,0.13795895874500275,0.17180588841438293,normal
1261,50,ABLATION2_repeated_spike,MOPER_NO_WSHIFT,50,0.0,1,0.09,0.11199999999999999,0.5,0.5,-0.10099999999999999,0.006963107734918594,0.06257624179124832,0.11723805963993073,0.0972202718257904,0.139254629611969,0.1710657775402069,normal
1262,50,ABLATION2_repeated_spike,MOPER_NO_WSHIFT,50,0.0,1,0.09,0.11199999999999999,0.5,0.5,-0.10099999999999999,0.010565625503659248,0.002471538260579109,0.05503338575363159,0.05138327181339264,0.06007622182369232,0.08159570395946503,normal
1263,50,ABLATION2_repeated_spike,MOPER_NO_WSHIFT,50,0.0,1,0.09,0.11199999999999999,0.5,0.5,-0.10099999999999999,0.00977756641805172,0.07117301970720291,0.11088595539331436,0.09640927612781525,0.12666043639183044,0.16366417706012726,normal
1264,50,ABLATION2_repeated_spike,MOPER_NO_WSHIFT,50,0.0,1,0.09,0.11199999999999999,0.5,0.5,-0.10099999999999999,0.010483970865607262,0.0022365511395037174,0.04498884454369545,0.04416895657777786,0.04870426654815674,0.068886399269104,normal
1265,50,ABLATION2_repeated_spike,MOPER_NO_WSHIFT,50,0.0,1,0.09,0.11199999999999999,0.5,0.5,-0.10099999999999999,0.01646033115684986,0.06524833291769028,0.10315534472465515,0.08983179926872253,0.12456664443016052,0.15622323751449585,normal
1266,50,ABLATION2_repeated_spike,MOPER_NO_WSHIFT,50,0.0,1,0.09,0.11199999999999999,0.5,0.5,-0.10099999999999999,0.01563848741352558,0.14746074378490448,0.1638544797897339,0.13226161897182465,0.20127543807029724,0.24332112073898315,normal
1267,50,ABLATION2_repeated_spike,MOPER_NO_WSHIFT,50,0.0,1,0.09,0.11199999999999999,0.5,0.5,-0.10099999999999999,0.009092233143746853,0.08145122975111008,0.09949448704719543,0.07866394519805908,0.12648287415504456,0.15068084001541138,normal
1268,50,ABLATION2_repeated_spike,MOPER_NO_WSHIFT,50,0.0,1,0.09,0.11199999999999999,0.5,0.5,-0.10099999999999999,0.0021820291876792908,0.001830386114306748,0.029023662209510803,0.029052987694740295,0.0388767272233963,0.04967467486858368,normal
1269,50,ABLATION2_repeated_spike,MOPER_NO_WSHIFT,50,0.0,1,0.09,0.11199999999999999,0.5,0.5,-0.10099999999999999,0.013962026685476303,0.17754484713077545,0.16268998384475708,0.13475143909454346,0.20223228633403778,0.244698166847229,normal
1270,50,ABLATION2_repeated_spike,MOPER_NO_WSHIFT,50,0.0,1,0.09,0.11199999999999999,0.5,0.5,-0.10099999999999999,0.005183097906410694,0.11295513063669205,0.16795825958251953,0.13508445024490356,0.206288143992424,0.24869653582572937,normal
1271,50,ABLATION2_repeated_spike,MOPER_NO_WSHIFT,50,0.0,1,0.09,0.11199999999999999,0.5,0.5,-0.10099999999999999,-0.0008442819816991687,0.0027771051973104477,0.031487032771110535,0.025483757257461548,0.04087260365486145,0.049861811101436615,normal
1272,50,ABLATION2_repeated_spike,MOPER_NO_WSHIFT,50,0.0,1,0.09,0.11199999999999999,0.5,0.5,-0.10099999999999999,0.0036868578754365444,0.001983114518225193,0.024956591427326202,0.020441189408302307,0.03782382607460022,0.04445316642522812,normal
1273,50,ABLATION2_repeated_spike,MOPER_NO_WSHIFT,50,0.0,1,0.09,0.11199999999999999,0.5,0.5,-0.10099999999999999,-0.00933616142719984,0.07814119756221771,0.09234100580215454,0.0782584697008133,0.12048150599002838,0.1452379822731018,normal
1274,50,ABLATION2_repeated_spike,MOPER_NO_WSHIFT,50,0.0,1,0.09,0.11199999999999999,0.5,0.5,-0.10099999999999999,-0.0035312992986291647,0.11069668084383011,0.13564348220825195,0.10860781371593475,0.17095747590065002,0.20510149002075195,normal
1275,50,ABLATION2_repeated_spike,MOPER_NO_WSHIFT,50,0.0,1,0.09,0.11199999999999999,0.5,0.5,-0.10099999999999999,-0.0011967269238084555,0.0643681138753891,0.10305632650852203,0.08112545311450958,0.12924163043498993,0.15371061861515045,normal
1276,50,ABLATION2_repeated_spike,MOPER_NO_WSHIFT,50,0.0,1,0.09,0.11199999999999999,0.5,0.5,-0.10099999999999999,-0.0072951242327690125,0.13293170928955078,0.1955198347568512,0.15374545753002167,0.25081348419189453,0.2958948612213135,normal
1277,50,ABLATION2_repeated_spike,MOPER_NO_WSHIFT,50,0.0,1,0.09,0.11199999999999999,0.5,0.5,-0.10099999999999999,-0.01065217237919569,0.07590838521718979,0.1250169277191162,0.09673719108104706,0.1607571542263031,0.18905401229858398,normal
1278,50,ABLATION2_repeated_spike,MOPER_NO_WSHIFT,50,0.0,1,0.09,0.11199999999999999,0.5,0.5,-0.10099999999999999,-0.012910840101540089,0.09352228045463562,0.11952301114797592,0.09065335988998413,0.15841703116893768,0.18311145901679993,normal
1279,50,ABLATION2_repeated_spike,MOPER_NO_WSHIFT,50,0.0,1,0.09,0.11199999999999999,0.5,0.5,-0.10099999999999999,0.000520031142514199,0.1013011783361435,0.19977977871894836,0.14919902384281158,0.2533314526081085,0.29570794105529785,normal
1280,50,ABLATION2_repeated_spike,MOPER_NO_WSHIFT,50,0.0,1,0.09,0.11199999999999999,0.5,0.5,-0.10099999999999999,-0.008695445023477077,0.1810259222984314,0.18844786286354065,0.14693515002727509,0.2391272336244583,0.28450727462768555,normal
1281,50,ABLATION2_repeated_spike,MOPER_NO_WSHIFT,50,0.0,1,0.09,0.11199999999999999,0.5,0.5,-0.10099999999999999,-0.00044267874909564853,0.07932914793491364,0.11831272393465042,0.08010762929916382,0.1575072854757309,0.17973589897155762,normal
1282,50,ABLATION2_repeated_spike,MOPER_NO_WSHIFT,50,0.0,1,0.09,0.11199999999999999,0.5,0.5,-0.10099999999999999,0.001157566555775702,0.13442426919937134,0.1673201620578766,0.1286722719669342,0.219182088971138,0.25686579942703247,normal
1283,50,ABLATION2_repeated_spike,MOPER_NO_WSHIFT,50,0.0,1,0.09,0.11199999999999999,0.5,0.5,-0.10099999999999999,0.002166289836168289,0.03793265298008919,0.09967682510614395,0.07603687047958374,0.13197369873523712,0.15579460561275482,normal
1284,50,ABLATION2_repeated_spike,MOPER_NO_WSHIFT,50,0.0,1,0.09,0.11199999999999999,0.5,0.5,-0.10099999999999999,0.005588984116911888,0.044885993003845215,0.09555625915527344,0.07912042737007141,0.13399624824523926,0.15772655606269836,normal
1285,50,ABLATION2_repeated_spike,MOPER_NO_WSHIFT,50,0.0,1,0.09,0.11199999999999999,0.5,0.5,-0.10099999999999999,0.0034366438630968332,0.09383177757263184,0.15503191947937012,0.11945267021656036,0.1926429718732834,0.22843608260154724,normal
1286,50,ABLATION2_repeated_spike,MOPER_NO_WSHIFT,50,0.0,1,0.09,0.11199999999999999,0.5,0.5,-0.10099999999999999,0.027071550488471985,0.06823645532131195,0.09186402708292007,0.08546759933233261,0.11686386168003082,0.14950820803642273,normal
1287,50,ABLATION2_repeated_spike,MOPER_NO_WSHIFT,50,0.0,1,0.09,0.11199999999999999,0.5,0.5,-0.10099999999999999,0.013122444972395897,0.10564219951629639,0.1536748707294464,0.1318248063325882,0.18710608780384064,0.23478388786315918,normal
1288,50,ABLATION2_repeated_spike,MOPER_NO_WSHIFT,50,0.0,1,0.09,0.11199999999999999,0.5,0.5,-0.10099999999999999,0.02989250048995018,0.005755367688834667,0.0549810491502285,0.059363462030887604,0.05461101233959198,0.08497729897499084,normal
1289,50,ABLATION2_repeated_spike,MOPER_NO_WSHIFT,50,0.0,1,0.09,0.11199999999999999,0.5,0.5,-0.10099999999999999,0.04293867200613022,0.09411121904850006,0.15528476238250732,0.12826649844646454,0.1839786320924759,0.22886338829994202,normal
1290,50,ABLATION2_repeated_spike,MOPER_NO_WSHIFT,50,0.0,1,0.09,0.11199999999999999,0.5,0.5,-0.10099999999999999,0.04324815049767494,0.09792975336313248,0.1562347561120987,0.13167276978492737,0.18355107307434082,0.23103153705596924,normal
1291,50,ABLATION2_repeated_spike,MOPER_NO_WSHIFT,50,0.0,1,0.09,0.11199999999999999,0.5,0.5,-0.10099999999999999,0.02449716068804264,0.08969593793153763,0.1877433955669403,0.1604173481464386,0.21580222249031067,0.2726270854473114,normal
1292,50,ABLATION2_repeated_spike,MOPER_NO_WSHIFT,50,0.0,1,0.09,0.11199999999999999,0.5,0.5,-0.10099999999999999,0.061352942138910294,0.05855074152350426,0.09916356950998306,0.08467333763837814,0.11529730260372162,0.14668188989162445,normal
1293,50,ABLATION2_repeated_spike,MOPER_NO_WSHIFT,50,0.0,1,0.09,0.11199999999999999,0.5,0.5,-0.10099999999999999,0.030235469341278076,0.04188995063304901,0.13228920102119446,0.11306591331958771,0.1531994491815567,0.19387514889240265,normal
1294,50,ABLATION2_repeated_spike,MOPER_NO_WSHIFT,50,0.0,1,0.09,0.11199999999999999,0.5,0.5,-0.10099999999999999,0.019020982086658478,0.03641568124294281,0.10846253484487534,0.09018368273973465,0.12778720259666443,0.1586637645959854,normal
1295,50,ABLATION2_repeated_spike,MOPER_NO_WSHIFT,50,0.0,1,0.09,0.11199999999999999,0.5,0.5,-0.10099999999999999,0.055373162031173706,0.00814297515898943,0.05754942446947098,0.050855979323387146,0.06540229916572571,0.08586608618497849,normal
1296,50,ABLATION2_repeated_spike,MOPER_NO_WSHIFT,50,0.0,1,0.09,0.11199999999999999,0.5,0.5,-0.10099999999999999,0.03347567468881607,0.03191760554909706,0.11998195946216583,0.09985293447971344,0.14011098444461823,0.17503806948661804,normal
1297,50,ABLATION2_repeated_spike,MOPER_NO_WSHIFT,50,0.0,1,0.09,0.11199999999999999,0.5,0.5,-0.10099999999999999,0.027583163231611252,0.11770892143249512,0.17386506497859955,0.1438385248184204,0.20578348636627197,0.25345808267593384,normal
1298,50,ABLATION2_repeated_spike,MOPER_NO_WSHIFT,50,0.0,1,0.09,0.11199999999999999,0.5,0.5,-0.10099999999999999,0.01641244627535343,0.061880894005298615,0.11245660483837128,0.08939540386199951,0.13611862063407898,0.1645544171333313,normal
1299,50,ABLATION2_repeated_spike,MOPER_NO_WSHIFT,50,0.0,1,0.09,0.11199999999999999,0.5,0.5,-0.10099999999999999,0.02748398669064045,0.06056186556816101,0.10298729687929153,0.08211417496204376,0.12453699111938477,0.15070655941963196,normal
1300,50,ABLATION2_repeated_spike,MOPER_NO_WSHIFT,50,0.0,1,0.09,0.11199999999999999,0.5,0.5,-0.10099999999999999,0.009887145832180977,0.004933199845254421,0.0502951517701149,0.040151387453079224,0.06338174641132355,0.07654191553592682,normal
1301,50,ABLATION2_repeated_spike,MOPER_NO_WSHIFT,50,0.0,1,0.09,0.11199999999999999,0.5,0.5,-0.10099999999999999,0.002121830591931939,0.11944475769996643,0.16713261604309082,0.13447001576423645,0.20061589777469635,0.24243882298469543,normal
1302,50,ABLATION2_repeated_spike,MOPER_NO_WSHIFT,50,0.0,1,0.09,0.11199999999999999,0.5,0.5,-0.10099999999999999,0.051632072776556015,0.16161099076271057,0.17433401942253113,0.14557889103889465,0.20959416031837463,0.2589711546897888,normal
1303,50,ABLATION2_repeated_spike,MOPER_NO_WSHIFT,50,0.0,1,0.09,0.11199999999999999,0.5,0.5,-0.10099999999999999,0.0033692303113639355,0.07053285092115402,0.10146377235651016,0.0826432853937149,0.12341433763504028,0.14974738657474518,normal
1304,50,ABLATION2_repeated_spike,MOPER_NO_WSHIFT,50,0.0,1,0.09,0.11199999999999999,0.5,0.5,-0.10099999999999999,0.010184229351580143,0.06672439724206924,0.10108485817909241,0.08044779300689697,0.12337872385978699,0.14892449975013733,normal
1305,50,ABLATION2_repeated_spike,MOPER_NO_WSHIFT,50,0.0,1,0.09,0.11199999999999999,0.5,0.5,-0.10099999999999999,0.02030070871114731,0.15667812526226044,0.1606661081314087,0.13288414478302002,0.19526749849319458,0.2383648157119751,normal
1306,50,ABLATION2_repeated_spike,MOPER_NO_WSHIFT,50,0.0,1,0.09,0.11199999999999999,0.5,0.5,-0.10099999999999999,0.016627157106995583,0.049856871366500854,0.09470256417989731,0.07479050755500793,0.11620043218135834,0.13907873630523682,normal
1307,50,ABLATION2_repeated_spike,MOPER_NO_WSHIFT,50,0.0,1,0.09,0.11199999999999999,0.5,0.5,-0.10099999999999999,0.0013661818811669946,0.06392988562583923,0.0910918340086937,0.07170133292675018,0.1159650981426239,0.13764899969100952,normal
1308,50,ABLATION2_repeated_spike,MOPER_NO_WSHIFT,50,0.0,1,0.09,0.11199999999999999,0.5,0.5,-0.10099999999999999,-0.0009513625409454107,0.13450537621974945,0.1585155874490738,0.12802885472774506,0.19571515917778015,0.2346041202545166,normal
1309,50,ABLATION2_repeated_spike,MOPER_NO_WSHIFT,50,0.0,1,0.09,0.11199999999999999,0.5,0.5,-0.10099999999999999,0.010055873543024063,0.1428319215774536,0.16780750453472137,0.13858619332313538,0.2036799043416977,0.24795955419540405,normal
1310,50,ABLATION2_repeated_spike,MOPER_NO_WSHIFT,50,0.0,1,0.09,0.11199999999999999,0.5,0.5,-0.10099999999999999,0.0076065463945269585,0.0023069498129189014,0.03518407791852951,0.036796197295188904,0.046027034521102905,0.06093300133943558,normal
1311,50,ABLATION2_repeated_spike,MOPER_NO_WSHIFT,50,0.0,1,0.09,0.11199999999999999,0.5,0.5,-0.10099999999999999,0.009007955901324749,0.11775090545415878,0.1671481430530548,0.14011287689208984,0.20395419001579285,0.2509118914604187,normal
1312,50,ABLATION2_repeated_spike,MOPER_NO_WSHIFT,50,0.0,1,0.09,0.11199999999999999,0.5,0.5,-0.10099999999999999,0.008313292637467384,0.0027009835466742516,0.04495520889759064,0.04038602113723755,0.05187174677848816,0.06736234575510025,normal
1313,50,ABLATION2_repeated_spike,MOPER_NO_WSHIFT,50,0.0,1,0.09,0.11199999999999999,0.5,0.5,-0.10099999999999999,0.024780863896012306,0.13259108364582062,0.16903844475746155,0.14289318025112152,0.1980292797088623,0.24896961450576782,normal
1314,50,ABLATION2_repeated_spike,MOPER_NO_WSHIFT,50,0.0,1,0.09,0.11199999999999999,0.5,0.5,-0.10099999999999999,0.008104589767754078,0.10804013907909393,0.1616504043340683,0.13207045197486877,0.191267192363739,0.23652908205986023,normal
1315,50,ABLATION2_repeated_spike,MOPER_NO_WSHIFT,50,0.0,1,0.09,0.11199999999999999,0.5,0.5,-0.10099999999999999,0.05573094263672829,0.006556542590260506,0.06232596933841705,0.06495591998100281,0.06454998254776001,0.09571686387062073,normal
1316,50,ABLATION2_repeated_spike,MOPER_NO_WSHIFT,50,0.0,1,0.09,0.11199999999999999,0.5,0.5,-0.10099999999999999,0.00905807875096798,0.04395025596022606,0.10489465296268463,0.08871053904294968,0.12275576591491699,0.15460792183876038,normal
1317,50,ABLATION2_repeated_spike,MOPER_NO_WSHIFT,50,0.0,1,0.09,0.11199999999999999,0.5,0.5,-0.10099999999999999,0.009393138810992241,0.1224491223692894,0.15988795459270477,0.1293896734714508,0.19234108924865723,0.23439286649227142,normal
1318,50,ABLATION2_repeated_spike,MOPER_NO_WSHIFT,50,0.0,1,0.09,0.11199999999999999,0.5,0.5,-0.10099999999999999,0.021094880998134613,0.09941768646240234,0.16563838720321655,0.13819704949855804,0.19452625513076782,0.2428349405527115,normal
1319,50,ABLATION2_repeated_spike,MOPER_NO_WSHIFT,50,0.0,1,0.09,0.11199999999999999,0.5,0.5,-0.10099999999999999,-1.4239864754017617e-07,0.0067243995144963264,0.0539371594786644,0.04542478919029236,0.06261064112186432,0.0783858671784401,normal
1320,50,ABLATION2_repeated_spike,MOPER_NO_WSHIFT,50,0.0,1,0.09,0.11199999999999999,0.5,0.5,-0.10099999999999999,0.010552609339356422,0.0012229683343321085,0.030861444771289825,0.02637171745300293,0.0360025018453598,0.04813065379858017,normal
1321,50,ABLATION2_repeated_spike,MOPER_NO_WSHIFT,50,0.0,1,0.09,0.11199999999999999,0.5,0.5,-0.10099999999999999,0.029773306101560593,0.07713612169027328,0.1220591738820076,0.10834507644176483,0.14325878024101257,0.18269479274749756,normal
1322,50,ABLATION2_repeated_spike,MOPER_NO_WSHIFT,50,0.0,1,0.09,0.11199999999999999,0.5,0.5,-0.10099999999999999,0.010449731722474098,0.06883543729782104,0.09279841929674149,0.07553718984127045,0.1161966621875763,0.13967004418373108,normal
1323,50,ABLATION2_repeated_spike,MOPER_NO_WSHIFT,50,0.0,1,0.09,0.11199999999999999,0.5,0.5,-0.10099999999999999,0.027218373492360115,0.002097238088026643,0.044516682624816895,0.035578012466430664,0.05573055148124695,0.06883157789707184,normal
1324,50,ABLATION2_repeated_spike,MOPER_NO_WSHIFT,50,0.0,1,0.09,0.11199999999999999,0.5,0.5,-0.10099999999999999,0.021529022604227066,0.150568887591362,0.1629437506198883,0.1336958110332489,0.19823309779167175,0.2409370243549347,normal
1325,50,ABLATION2_repeated_spike,MOPER_NO_WSHIFT,50,0.0,1,0.09,0.11199999999999999,0.5,0.5,-0.10099999999999999,0.003146015340462327,0.06771578639745712,0.12536752223968506,0.10165849328041077,0.15048792958259583,0.18305376172065735,normal
1326,50,ABLATION2_repeated_spike,MOPER_NO_WSHIFT,50,0.0,1,0.09,0.11199999999999999,0.5,0.5,-0.10099999999999999,0.006082119420170784,0.11872659623622894,0.16299816966056824,0.13198979198932648,0.19875022768974304,0.2398703694343567,normal
1327,50,ABLATION2_repeated_spike,MOPER_NO_WSHIFT,50,0.0,1,0.09,0.11199999999999999,0.5,0.5,-0.10099999999999999,0.017846839502453804,0.11708775907754898,0.16868790984153748,0.1384945958852768,0.204563707113266,0.24919277429580688,normal
1328,50,ABLATION2_repeated_spike,MOPER_NO_WSHIFT,50,0.0,1,0.09,0.11199999999999999,0.5,0.5,-0.10099999999999999,0.009878044947981834,0.058562688529491425,0.11080826818943024,0.09329551458358765,0.13303229212760925,0.16447550058364868,normal
1329,50,ABLATION2_repeated_spike,MOPER_NO_WSHIFT,50,0.0,1,0.09,0.11199999999999999,0.5,0.5,-0.10099999999999999,0.005531249102205038,0.018866613507270813,0.09083957225084305,0.07373687624931335,0.11099223792552948,0.13487030565738678,normal
1330,50,ABLATION2_repeated_spike,MOPER_NO_WSHIFT,50,0.0,1,0.09,0.11199999999999999,0.5,0.5,-0.10099999999999999,0.0121397003531456,0.13838206231594086,0.17928439378738403,0.14756543934345245,0.21182477474212646,0.25989463925361633,normal
1331,50,ABLATION2_repeated_spike,MOPER_NO_WSHIFT,50,0.0,1,0.09,0.11199999999999999,0.5,0.5,-0.10099999999999999,0.008968532085418701,0.058365486562252045,0.08906704932451248,0.07004385441541672,0.1099005788564682,0.13118146359920502,normal
1332,50,ABLATION2_repeated_spike,MOPER_NO_WSHIFT,50,0.0,1,0.09,0.11199999999999999,0.5,0.5,-0.10099999999999999,0.03327738866209984,0.049387332051992416,0.1416722536087036,0.12405240535736084,0.16317100822925568,0.20814235508441925,normal
1333,50,ABLATION2_repeated_spike,MOPER_NO_WSHIFT,50,0.0,1,0.09,0.11199999999999999,0.5,0.5,-0.10099999999999999,0.016576901078224182,0.05619855970144272,0.1074167788028717,0.08955356478691101,0.12636633217334747,0.15672658383846283,normal
1334,50,ABLATION2_repeated_spike,MOPER_NO_WSHIFT,50,0.0,1,0.09,0.11199999999999999,0.5,0.5,-0.10099999999999999,0.035128600895404816,0.10360580682754517,0.15312287211418152,0.12361185997724533,0.18541525304317474,0.22522710263729095,normal
1335,50,ABLATION2_repeated_spike,MOPER_NO_WSHIFT,50,0.0,1,0.09,0.11199999999999999,0.5,0.5,-0.10099999999999999,0.04551199823617935,0.09176729619503021,0.16849812865257263,0.14125031232833862,0.1968083530664444,0.24571171402931213,normal
1336,50,ABLATION2_repeated_spike,MOPER_NO_WSHIFT,50,0.0,1,0.09,0.11199999999999999,0.5,0.5,-0.10099999999999999,0.03037533350288868,0.05418078601360321,0.11893287301063538,0.10360871255397797,0.13692612946033478,0.1749248206615448,normal
1337,50,ABLATION2_repeated_spike,MOPER_NO_WSHIFT,50,0.0,1,0.09,0.11199999999999999,0.5,0.5,-0.10099999999999999,0.06970734894275665,0.011070487089455128,0.08209358155727386,0.07764138281345367,0.08654578030109406,0.11920420825481415,normal
1338,50,ABLATION2_repeated_spike,MOPER_NO_WSHIFT,50,0.0,1,0.09,0.11199999999999999,0.5,0.5,-0.10099999999999999,0.019361594691872597,0.04904867708683014,0.1198805421590805,0.1041603609919548,0.13560070097446442,0.17459359765052795,normal
1339,50,ABLATION2_repeated_spike,MOPER_NO_WSHIFT,50,0.0,1,0.09,0.11199999999999999,0.5,0.5,-0.10099999999999999,0.016565050929784775,0.0652356818318367,0.11777234822511673,0.09872759878635406,0.1368170976638794,0.17120200395584106,normal
1340,50,ABLATION2_repeated_spike,MOPER_NO_WSHIFT,50,0.0,1,0.09,0.11199999999999999,0.5,0.5,-0.10099999999999999,-1.3797975384477468e-07,0.005966026335954666,0.059071511030197144,0.05168481171131134,0.06665216386318207,0.08540454506874084,normal
1341,50,ABLATION2_repeated_spike,MOPER_NO_WSHIFT,50,0.0,1,0.09,0.11199999999999999,0.5,0.5,-0.10099999999999999,0.0434352345764637,0.0776437297463417,0.12737715244293213,0.11505072563886642,0.14161711931228638,0.1875048279762268,normal
1342,50,ABLATION2_repeated_spike,MOPER_NO_WSHIFT,50,0.0,1,0.09,0.11199999999999999,0.5,0.5,-0.10099999999999999,0.03885853663086891,0.07710188627243042,0.10359059274196625,0.09017621725797653,0.12553535401821136,0.1563900262117386,normal
1343,50,ABLATION2_repeated_spike,MOPER_NO_WSHIFT,50,0.0,1,0.09,0.11199999999999999,0.5,0.5,-0.10099999999999999,0.010629327967762947,0.14210638403892517,0.16768544912338257,0.13834534585475922,0.2026607096195221,0.24775636196136475,normal
1344,50,ABLATION2_repeated_spike,MOPER_NO_WSHIFT,50,0.0,1,0.09,0.11199999999999999,0.5,0.5,-0.10099999999999999,0.01220901869237423,0.07488223165273666,0.09332975000143051,0.07850369811058044,0.11709927022457123,0.14259310066699982,normal
1345,50,ABLATION2_repeated_spike,MOPER_NO_WSHIFT,50,0.0,1,0.09,0.11199999999999999,0.5,0.5,-0.10099999999999999,0.0025695133954286575,0.07380536943674088,0.10264965146780014,0.07921504974365234,0.1293153613805771,0.1531164050102234,normal
1346,50,ABLATION2_repeated_spike,MOPER_NO_WSHIFT,50,0.0,1,0.09,0.11199999999999999,0.5,0.5,-0.10099999999999999,0.03852201998233795,0.0027388446033000946,0.03911473602056503,0.03881347179412842,0.04603354632854462,0.062103189527988434,normal
1347,50,ABLATION2_repeated_spike,MOPER_NO_WSHIFT,50,0.0,1,0.09,0.11199999999999999,0.5,0.5,-0.10099999999999999,0.01458733156323433,0.10427536070346832,0.16359034180641174,0.13236503303050995,0.19812262058258057,0.24083761870861053,normal
1348,50,ABLATION2_repeated_spike,MOPER_NO_WSHIFT,50,0.0,1,0.09,0.11199999999999999,0.5,0.5,-0.10099999999999999,0.010415353812277317,0.14578558504581451,0.17544253170490265,0.14553698897361755,0.21109841763973236,0.2598339021205902,normal
1349,50,ABLATION2_repeated_spike,MOPER_NO_WSHIFT,50,0.0,1,0.09,0.11199999999999999,0.5,0.5,-0.10099999999999999,0.008623325265944004,0.1353568285703659,0.15973609685897827,0.13328917324543,0.19733375310897827,0.2391926646232605,normal
1350,50,ABLATION2_repeated_spike,MOPER_NO_WSHIFT,50,0.0,1,0.09,0.11199999999999999,0.5,0.5,-0.10099999999999999,0.015440190210938454,0.06700439006090164,0.10941639542579651,0.0958915501832962,0.13096673786640167,0.16534900665283203,normal
1351,50,ABLATION2_repeated_spike,MOPER_NO_WSHIFT,50,0.0,1,0.09,0.11199999999999999,0.5,0.5,-0.10099999999999999,0.00621106568723917,0.051662199199199677,0.09934784471988678,0.08632808923721313,0.11625146865844727,0.14940081536769867,normal
1352,50,ABLATION2_repeated_spike,MOPER_NO_WSHIFT,50,0.0,1,0.09,0.11199999999999999,0.5,0.5,-0.10099999999999999,0.012088598683476448,0.049764227122068405,0.09288427978754044,0.07667136192321777,0.11342351138591766,0.13918645679950714,normal
1353,50,ABLATION2_repeated_spike,MOPER_NO_WSHIFT,50,0.0,1,0.09,0.11199999999999999,0.5,0.5,-0.10099999999999999,0.03137388452887535,0.06827055662870407,0.09370797127485275,0.0793272852897644,0.11519770324230194,0.1420610249042511,normal
1354,50,ABLATION2_repeated_spike,MOPER_NO_WSHIFT,50,0.0,1,0.09,0.11199999999999999,0.5,0.5,-0.10099999999999999,0.010723904706537724,0.003343815915286541,0.04372965544462204,0.03790932893753052,0.05118386447429657,0.06547898054122925,normal
1355,50,ABLATION2_repeated_spike,MOPER_NO_WSHIFT,50,0.0,1,0.09,0.11199999999999999,0.5,0.5,-0.10099999999999999,0.0006798033718951046,0.04915347322821617,0.09752927720546722,0.07898399233818054,0.11850565671920776,0.14354336261749268,normal
1356,50,ABLATION2_repeated_spike,MOPER_NO_WSHIFT,50,0.0,1,0.09,0.11199999999999999,0.5,0.5,-0.10099999999999999,-0.008577101863920689,0.15291869640350342,0.16263745725154877,0.13324514031410217,0.1982378363609314,0.2399480938911438,normal
1357,50,ABLATION2_repeated_spike,MOPER_NO_WSHIFT,50,0.0,1,0.09,0.11199999999999999,0.5,0.5,-0.10099999999999999,0.0011669833911582828,0.002461710013449192,0.037462808191776276,0.03571917116641998,0.044195353984832764,0.05904363840818405,normal
1358,50,ABLATION2_repeated_spike,MOPER_NO_WSHIFT,50,0.0,1,0.09,0.11199999999999999,0.5,0.5,-0.10099999999999999,0.00493853073567152,0.11872352659702301,0.15519431233406067,0.12439139187335968,0.1917196661233902,0.23011329770088196,normal
1359,50,ABLATION2_repeated_spike,MOPER_NO_WSHIFT,50,0.0,1,0.09,0.11199999999999999,0.5,0.5,-0.10099999999999999,-0.0036878774408251047,0.07570324093103409,0.08935330808162689,0.07247979938983917,0.11263503134250641,0.13426338136196136,normal
1360,50,ABLATION2_repeated_spike,MOPER_NO_WSHIFT,50,0.0,1,0.09,0.11199999999999999,0.5,0.5,-0.10099999999999999,0.006324440240859985,0.1560213714838028,0.17160841822624207,0.14238470792770386,0.20300476253032684,0.25087064504623413,normal
1361,50,ABLATION2_repeated_spike,MOPER_NO_WSHIFT,50,0.0,1,0.09,0.11199999999999999,0.5,0.5,-0.10099999999999999,-0.0026309022214263678,0.1541128307580948,0.16527119278907776,0.13230861723423004,0.2014022320508957,0.24186667799949646,normal
1362,50,ABLATION2_repeated_spike,MOPER_NO_WSHIFT,50,0.0,1,0.09,0.11199999999999999,0.5,0.5,-0.10099999999999999,-0.0024101356975734234,0.14854800701141357,0.15692433714866638,0.12168727815151215,0.19613727927207947,0.23243656754493713,normal
1363,50,ABLATION2_repeated_spike,MOPER_NO_WSHIFT,50,0.0,1,0.09,0.11199999999999999,0.5,0.5,-0.10099999999999999,0.00023063941625878215,0.13536471128463745,0.16292043030261993,0.13140042126178741,0.19805125892162323,0.23893743753433228,normal
1364,50,ABLATION2_repeated_spike,MOPER_NO_WSHIFT,50,0.0,1,0.09,0.11199999999999999,0.5,0.5,-0.10099999999999999,0.014549674466252327,0.047499582171440125,0.10037336498498917,0.08478029072284698,0.120706707239151,0.14985907077789307,normal
1365,50,ABLATION2_repeated_spike,MOPER_NO_WSHIFT,50,0.0,1,0.09,0.11199999999999999,0.5,0.5,-0.10099999999999999,0.041357435286045074,0.060199033468961716,0.12225599586963654,0.10465233772993088,0.14326952397823334,0.1806797981262207,normal
1366,50,ABLATION2_repeated_spike,MOPER_NO_WSHIFT,50,0.0,1,0.09,0.11199999999999999,0.5,0.5,-0.10099999999999999,0.004205797333270311,0.06479179114103317,0.0987536609172821,0.0827726423740387,0.1217966377735138,0.14831119775772095,normal
1367,50,ABLATION2_repeated_spike,MOPER_NO_WSHIFT,50,0.0,1,0.09,0.11199999999999999,0.5,0.5,-0.10099999999999999,0.01058412529528141,0.11907082051038742,0.1647200882434845,0.1353662759065628,0.1960047036409378,0.24075829982757568,normal
1368,50,ABLATION2_repeated_spike,MOPER_NO_WSHIFT,50,0.0,1,0.09,0.11199999999999999,0.5,0.5,-0.10099999999999999,0.020028432831168175,0.06570938974618912,0.11161414533853531,0.0989113301038742,0.1276828944683075,0.164810448884964,normal
1369,50,ABLATION2_repeated_spike,MOPER_NO_WSHIFT,50,0.0,1,0.09,0.11199999999999999,0.5,0.5,-0.10099999999999999,0.027483191341161728,0.0638347938656807,0.1194690391421318,0.10313303023576736,0.13618682324886322,0.17412787675857544,normal
1370,50,ABLATION2_repeated_spike,MOPER_NO_WSHIFT,50,0.0,1,0.09,0.11199999999999999,0.5,0.5,-0.10099999999999999,0.020787129178643227,0.0051252287812530994,0.059278614819049835,0.05316866934299469,0.0661613941192627,0.08694685250520706,normal
1371,50,ABLATION2_repeated_spike,MOPER_NO_WSHIFT,50,0.0,1,0.09,0.11199999999999999,0.5,0.5,-0.10099999999999999,0.0034231434110552073,0.06045626103878021,0.10212676227092743,0.08470584452152252,0.12061811983585358,0.14968940615653992,normal
1372,50,ABLATION2_repeated_spike,MOPER_NO_WSHIFT,50,0.0,1,0.09,0.11199999999999999,0.5,0.5,-0.10099999999999999,0.018409069627523422,0.13313482701778412,0.17458200454711914,0.14955884218215942,0.20191475749015808,0.2558320462703705,normal
1373,50,ABLATION2_repeated_spike,MOPER_NO_WSHIFT,50,0.0,1,0.09,0.11199999999999999,0.5,0.5,-0.10099999999999999,0.022802535444498062,0.06829962134361267,0.0987042561173439,0.08881364017724991,0.11512242257595062,0.14966413378715515,normal
1374,50,ABLATION2_repeated_spike,MOPER_NO_WSHIFT,50,0.0,1,0.09,0.11199999999999999,0.5,0.5,-0.10099999999999999,0.004023606888949871,0.07080644369125366,0.09309064596891403,0.07999567687511444,0.11434003710746765,0.14121700823307037,normal
1375,50,ABLATION2_repeated_spike,MOPER_NO_WSHIFT,50,0.0,1,0.09,0.11199999999999999,0.5,0.5,-0.10099999999999999,-0.0013835739810019732,0.096442312002182,0.15354156494140625,0.1245158463716507,0.18763557076454163,0.22651022672653198,normal
1376,50,ABLATION2_repeated_spike,MOPER_NO_WSHIFT,50,0.0,1,0.09,0.11199999999999999,0.5,0.5,-0.10099999999999999,0.005684723146259785,0.14667589962482452,0.16028298437595367,0.12385374307632446,0.19802214205265045,0.23565088212490082,normal
1377,50,ABLATION2_repeated_spike,MOPER_NO_WSHIFT,50,0.0,1,0.09,0.11199999999999999,0.5,0.5,-0.10099999999999999,-0.0029152818024158478,0.0038520621601492167,0.041746556758880615,0.029899924993515015,0.056089550256729126,0.06484119594097137,normal
1378,50,ABLATION2_repeated_spike,MOPER_NO_WSHIFT,50,0.0,1,0.09,0.11199999999999999,0.5,0.5,-0.10099999999999999,-0.005539991892874241,0.06533423066139221,0.09309560060501099,0.07438400387763977,0.11334928870201111,0.13739842176437378,normal
1379,50,ABLATION2_repeated_spike,MOPER_NO_WSHIFT,50,0.0,1,0.09,0.11199999999999999,0.5,0.5,-0.10099999999999999,-0.014214016497135162,0.18286336958408356,0.1689041703939438,0.13296270370483398,0.2089817225933075,0.24858464300632477,normal
1380,50,ABLATION2_repeated_spike,MOPER_NO_WSHIFT,50,0.0,1,0.09,0.11199999999999999,0.5,0.5,-0.10099999999999999,-0.0012839536648243666,0.0031926336232572794,0.03224526345729828,0.024858489632606506,0.04499949514865875,0.0519854910671711,normal
1381,50,ABLATION2_repeated_spike,MOPER_NO_WSHIFT,50,0.0,1,0.09,0.11199999999999999,0.5,0.5,-0.10099999999999999,-0.015128345228731632,0.1348833590745926,0.1684572398662567,0.1354297548532486,0.20491771399974823,0.24770377576351166,normal
1382,50,ABLATION2_repeated_spike,MOPER_NO_WSHIFT,50,0.0,1,0.09,0.11199999999999999,0.5,0.5,-0.10099999999999999,-0.0038141070399433374,0.005381827242672443,0.03695458173751831,0.02980688214302063,0.044425517320632935,0.05540262907743454,normal
1383,50,ABLATION2_repeated_spike,MOPER_NO_WSHIFT,50,0.0,1,0.09,0.11199999999999999,0.5,0.5,-0.10099999999999999,-0.012679162435233593,0.07852425426244736,0.1210569366812706,0.09372195601463318,0.15183378756046295,0.18005084991455078,normal
1384,50,ABLATION2_repeated_spike,MOPER_NO_WSHIFT,50,0.0,1,0.09,0.11199999999999999,0.5,0.5,-0.10099999999999999,0.006717546842992306,0.0947398990392685,0.18922147154808044,0.15084969997406006,0.22791282832622528,0.27536213397979736,normal
1385,50,ABLATION2_repeated_spike,MOPER_NO_WSHIFT,50,0.0,1,0.09,0.11199999999999999,0.5,0.5,-0.10099999999999999,-0.014226492494344711,0.095606729388237,0.11374752223491669,0.09091708064079285,0.13982847332954407,0.16929230093955994,normal
1386,50,ABLATION2_repeated_spike,MOPER_NO_WSHIFT,50,0.0,1,0.09,0.11199999999999999,0.5,0.5,-0.10099999999999999,-0.021602800115942955,0.09945247322320938,0.09890829026699066,0.07753738760948181,0.12451374530792236,0.1485515832901001,normal
1387,50,ABLATION2_repeated_spike,MOPER_NO_WSHIFT,50,0.0,1,0.09,0.11199999999999999,0.5,0.5,-0.10099999999999999,-0.006187576334923506,0.15958572924137115,0.1768741011619568,0.13878707587718964,0.22188934683799744,0.2636999487876892,normal
1388,50,ABLATION2_repeated_spike,MOPER_NO_WSHIFT,50,0.0,1,0.09,0.11199999999999999,0.5,0.5,-0.10099999999999999,-0.0026673569809645414,0.06912527978420258,0.09017722308635712,0.07253466546535492,0.11660216748714447,0.1393020898103714,normal
1389,50,ABLATION2_repeated_spike,MOPER_NO_WSHIFT,50,0.0,1,0.09,0.11199999999999999,0.5,0.5,-0.10099999999999999,-0.0020732134580612183,0.13332499563694,0.15520118176937103,0.12290661036968231,0.19080205261707306,0.22862428426742554,normal
1390,50,ABLATION2_repeated_spike,MOPER_NO_WSHIFT,50,0.0,1,0.09,0.11199999999999999,0.5,0.5,-0.10099999999999999,0.00022220138635020703,0.14749515056610107,0.1506931185722351,0.12107473611831665,0.19562241435050964,0.23130205273628235,normal
1391,50,ABLATION2_repeated_spike,MOPER_NO_WSHIFT,50,0.0,1,0.09,0.11199999999999999,0.5,0.5,-0.10099999999999999,0.008895429782569408,0.10638146102428436,0.16152626276016235,0.13419857621192932,0.19654275476932526,0.24011093378067017,normal
1392,50,ABLATION2_repeated_spike,MOPER_NO_WSHIFT,50,0.0,1,0.09,0.11199999999999999,0.5,0.5,-0.10099999999999999,0.02524414099752903,0.057017017155885696,0.09753701090812683,0.08493654429912567,0.11462913453578949,0.14674459397792816,normal
1393,50,ABLATION2_repeated_spike,MOPER_NO_WSHIFT,50,0.0,1,0.09,0.11199999999999999,0.5,0.5,-0.10099999999999999,0.012965317815542221,0.009469673968851566,0.06127717345952988,0.05785389244556427,0.06805837154388428,0.09192049503326416,normal
1394,50,ABLATION2_repeated_spike,MOPER_NO_WSHIFT,50,0.0,1,0.09,0.11199999999999999,0.5,0.5,-0.10099999999999999,0.008648091927170753,0.052169691771268845,0.12981751561164856,0.11444064974784851,0.145199716091156,0.1884288787841797,normal
1395,50,ABLATION2_repeated_spike,MOPER_NO_WSHIFT,50,0.0,1,0.09,0.11199999999999999,0.5,0.5,-0.10099999999999999,0.011401182040572166,0.04651707038283348,0.10285813361406326,0.08631430566310883,0.12211063504219055,0.152032271027565,normal
1396,50,ABLATION2_repeated_spike,MOPER_NO_WSHIFT,50,0.0,1,0.09,0.11199999999999999,0.5,0.5,-0.10099999999999999,0.015427416190505028,0.04588702321052551,0.1284053474664688,0.11544466763734818,0.14331768453121185,0.1881939172744751,normal
1397,50,ABLATION2_repeated_spike,MOPER_NO_WSHIFT,50,0.0,1,0.09,0.11199999999999999,0.5,0.5,-0.10099999999999999,0.049583591520786285,0.046902041882276535,0.11392742395401001,0.0986928939819336,0.130109503865242,0.16704541444778442,normal
1398,50,ABLATION2_repeated_spike,MOPER_NO_WSHIFT,50,0.0,1,0.09,0.11199999999999999,0.5,0.5,-0.10099999999999999,0.028692545369267464,0.062336333096027374,0.1237233355641365,0.10766357183456421,0.1397830992937088,0.17961712181568146,normal
1399,50,ABLATION2_repeated_spike,MOPER_NO_WSHIFT,50,0.0,1,0.09,0.11199999999999999,0.5,0.5,-0.10099999999999999,0.027624312788248062,0.04313410818576813,0.11332492530345917,0.0960136353969574,0.13262242078781128,0.16655683517456055,normal
1400,50,ABLATION2_repeated_spike,MOPER_NO_WSHIFT,50,0.0,1,0.09,0.11199999999999999,0.5,0.5,-0.10099999999999999,0.03305361792445183,0.09299111366271973,0.17934110760688782,0.15152496099472046,0.21033184230327606,0.26231059432029724,normal
1401,50,ABLATION2_repeated_spike,MOPER_NO_WSHIFT,50,0.0,1,0.09,0.11199999999999999,0.5,0.5,-0.10099999999999999,0.013497625477612019,0.05375447869300842,0.12085872888565063,0.10206440836191177,0.14084632694721222,0.17594051361083984,normal
1402,50,ABLATION2_repeated_spike,MOPER_NO_WSHIFT,50,0.0,1,0.09,0.11199999999999999,0.5,0.5,-0.10099999999999999,0.022410454228520393,0.06292270869016647,0.11558783799409866,0.10222078859806061,0.1321965456008911,0.1705353856086731,normal
1403,50,ABLATION2_repeated_spike,MOPER_NO_WSHIFT,50,0.0,1,0.09,0.11199999999999999,0.5,0.5,-0.10099999999999999,0.026161232963204384,0.049866169691085815,0.11061309278011322,0.09532741457223892,0.12839286029338837,0.16304722428321838,normal
1404,50,ABLATION2_repeated_spike,MOPER_NO_WSHIFT,50,0.0,1,0.09,0.11199999999999999,0.5,0.5,-0.10099999999999999,0.009726514108479023,0.07313735783100128,0.15525120496749878,0.13102641701698303,0.18573227524757385,0.23013615608215332,normal
1405,50,ABLATION2_repeated_spike,MOPER_NO_WSHIFT,50,0.0,1,0.09,0.11199999999999999,0.5,0.5,-0.10099999999999999,0.004842634312808514,0.060276247560977936,0.08897284418344498,0.07351750135421753,0.11015476286411285,0.13435904681682587,normal
1406,50,ABLATION2_repeated_spike,MOPER_NO_WSHIFT,50,0.0,1,0.09,0.11199999999999999,0.5,0.5,-0.10099999999999999,0.005132131744176149,0.000980893848463893,0.028302788734436035,0.02247336506843567,0.03777852654457092,0.044779740273952484,normal
1407,50,ABLATION2_repeated_spike,MOPER_NO_WSHIFT,50,0.0,1,0.09,0.11199999999999999,0.5,0.5,-0.10099999999999999,0.0010035446612164378,0.0012614757288247347,0.03139922022819519,0.02604466676712036,0.04216206073760986,0.05027390271425247,normal
1408,50,ABLATION2_repeated_spike,MOPER_NO_WSHIFT,50,0.0,1,0.09,0.11199999999999999,0.5,0.5,-0.10099999999999999,-0.00896391924470663,0.08133736252784729,0.10179749131202698,0.08163665235042572,0.12623609602451324,0.15140944719314575,normal
1409,50,ABLATION2_repeated_spike,MOPER_NO_WSHIFT,50,0.0,1,0.09,0.11199999999999999,0.5,0.5,-0.10099999999999999,0.004460730589926243,0.07291985303163528,0.09787677973508835,0.07516926527023315,0.12527330219745636,0.14769703149795532,normal
1410,50,ABLATION2_repeated_spike,MOPER_NO_WSHIFT,50,0.0,1,0.09,0.11199999999999999,0.5,0.5,-0.10099999999999999,0.0034121994394809008,0.16048090159893036,0.16718271374702454,0.13414369523525238,0.2034001499414444,0.24537703394889832,normal
1411,50,ABLATION2_repeated_spike,MOPER_NO_WSHIFT,50,0.0,1,0.09,0.11199999999999999,0.5,0.5,-0.10099999999999999,0.01906055398285389,0.14025528728961945,0.16081330180168152,0.12987636029720306,0.1986164003610611,0.23954831063747406,normal
1412,50,ABLATION2_repeated_spike,MOPER_NO_WSHIFT,50,0.0,1,0.09,0.11199999999999999,0.5,0.5,-0.10099999999999999,-0.0012702889507636428,0.04424700140953064,0.09675759077072144,0.07448039948940277,0.11952824890613556,0.14187447726726532,normal
1413,50,ABLATION2_repeated_spike,MOPER_NO_WSHIFT,50,0.0,1,0.09,0.11199999999999999,0.5,0.5,-0.10099999999999999,-0.0002140790456905961,0.16582156717777252,0.15486423671245575,0.12267667055130005,0.1917346566915512,0.22880005836486816,normal
1414,50,ABLATION2_repeated_spike,MOPER_NO_WSHIFT,50,0.0,1,0.09,0.11199999999999999,0.5,0.5,-0.10099999999999999,-0.020611928775906563,0.068153515458107,0.08762232214212418,0.06774310767650604,0.11393120884895325,0.13396921753883362,normal
1415,50,ABLATION2_repeated_spike,MOPER_NO_WSHIFT,50,0.0,1,0.09,0.11199999999999999,0.5,0.5,-0.10099999999999999,-0.004930272698402405,0.14276640117168427,0.1589524745941162,0.1254643350839615,0.19327852129936218,0.2320454865694046,normal
1416,50,ABLATION2_repeated_spike,MOPER_NO_WSHIFT,50,0.0,1,0.09,0.11199999999999999,0.5,0.5,-0.10099999999999999,-0.006571475882083178,0.00222959415987134,0.033150769770145416,0.020418435335159302,0.04717575013637543,0.05196017771959305,normal
1417,50,ABLATION2_repeated_spike,MOPER_NO_WSHIFT,50,0.0,1,0.09,0.11199999999999999,0.5,0.5,-0.10099999999999999,-0.007267436943948269,0.06852463632822037,0.10328667610883713,0.07829374074935913,0.13279063999652863,0.1554461121559143,normal
1418,50,ABLATION2_repeated_spike,MOPER_NO_WSHIFT,50,0.0,1,0.09,0.11199999999999999,0.5,0.5,-0.10099999999999999,-0.015712160617113113,0.1649026870727539,0.15930403769016266,0.1282852739095688,0.19602848589420319,0.23601986467838287,normal
1419,50,ABLATION2_repeated_spike,MOPER_NO_WSHIFT,50,0.0,1,0.09,0.11199999999999999,0.5,0.5,-0.10099999999999999,-0.009962847456336021,0.08049217611551285,0.0931825339794159,0.07109157741069794,0.11644552648067474,0.1381300389766693,normal
1420,50,ABLATION2_repeated_spike,MOPER_NO_WSHIFT,50,0.0,1,0.09,0.11199999999999999,0.5,0.5,-0.10099999999999999,-0.005128449760377407,0.05435606837272644,0.12561160326004028,0.0926797091960907,0.1606093943119049,0.18810951709747314,normal
1421,50,ABLATION2_repeated_spike,MOPER_NO_WSHIFT,50,0.0,1,0.09,0.11199999999999999,0.5,0.5,-0.10099999999999999,-0.013179835863411427,0.15279845893383026,0.18308177590370178,0.13774773478507996,0.23322227597236633,0.2729637026786804,normal
1422,50,ABLATION2_repeated_spike,MOPER_NO_WSHIFT,50,0.0,1,0.09,0.11199999999999999,0.5,0.5,-0.10099999999999999,-0.01854446530342102,0.12766577303409576,0.18057680130004883,0.13623900711536407,0.23615065217018127,0.27419954538345337,normal
1423,50,ABLATION2_repeated_spike,MOPER_NO_WSHIFT,50,0.0,1,0.09,0.11199999999999999,0.5,0.5,-0.10099999999999999,-0.0058565340004861355,0.05988235026597977,0.10693483799695969,0.0790671706199646,0.14084504544734955,0.1640046387910843,normal
1424,50,ABLATION2_repeated_spike,MOPER_NO_WSHIFT,50,0.0,1,0.09,0.11199999999999999,0.5,0.5,-0.10099999999999999,-0.006112439092248678,0.057128723710775375,0.09683188050985336,0.07624354958534241,0.12215562164783478,0.14706215262413025,normal
1425,50,ABLATION2_repeated_spike,MOPER_NO_WSHIFT,50,0.0,1,0.09,0.11199999999999999,0.5,0.5,-0.10099999999999999,-0.0009326920262537897,0.14740203320980072,0.16809451580047607,0.13315971195697784,0.21002395451068878,0.2518448829650879,normal
1426,50,ABLATION2_repeated_spike,MOPER_NO_WSHIFT,50,0.0,1,0.09,0.11199999999999999,0.5,0.5,-0.10099999999999999,-0.0038611360359936953,0.111537404358387,0.15495312213897705,0.12121611833572388,0.19581587612628937,0.23238125443458557,normal
1427,50,ABLATION2_repeated_spike,MOPER_NO_WSHIFT,50,0.0,1,0.09,0.11199999999999999,0.5,0.5,-0.10099999999999999,-0.0009000199497677386,0.12423715740442276,0.152494877576828,0.11968348920345306,0.19221489131450653,0.22772757709026337,normal
1428,50,ABLATION2_repeated_spike,MOPER_NO_WSHIFT,50,0.0,1,0.09,0.11199999999999999,0.5,0.5,-0.10099999999999999,0.01760830730199814,0.055851422250270844,0.09614682197570801,0.08071595430374146,0.12114694714546204,0.14699016511440277,normal
1429,50,ABLATION2_repeated_spike,MOPER_NO_WSHIFT,50,0.0,1,0.09,0.11199999999999999,0.5,0.5,-0.10099999999999999,0.015765445306897163,0.056129757314920425,0.09947630017995834,0.0944589227437973,0.12020546197891235,0.15838557481765747,normal
1430,50,ABLATION2_repeated_spike,MOPER_NO_WSHIFT,50,0.0,1,0.09,0.11199999999999999,0.5,0.5,-0.10099999999999999,0.014510201290249825,0.08272888511419296,0.1351766288280487,0.10570407658815384,0.16658562421798706,0.19893179833889008,normal
1431,50,ABLATION2_repeated_spike,MOPER_NO_WSHIFT,50,0.0,1,0.09,0.11199999999999999,0.5,0.5,-0.10099999999999999,0.016470378264784813,0.05682734027504921,0.11010877788066864,0.09531798958778381,0.1298655867576599,0.16451458632946014,normal
1432,50,ABLATION2_repeated_spike,MOPER_NO_WSHIFT,50,0.0,1,0.09,0.11199999999999999,0.5,0.5,-0.10099999999999999,0.02005605958402157,0.05795350670814514,0.1380527913570404,0.11032754182815552,0.16767801344394684,0.20329588651657104,normal
1433,50,ABLATION2_repeated_spike,MOPER_NO_WSHIFT,50,0.0,1,0.09,0.11199999999999999,0.5,0.5,-0.10099999999999999,0.031776752322912216,0.04667620733380318,0.13124671578407288,0.11291511356830597,0.15021061897277832,0.19075946509838104,normal
1434,50,ABLATION2_repeated_spike,MOPER_NO_WSHIFT,50,0.0,1,0.09,0.11199999999999999,0.5,0.5,-0.10099999999999999,0.007956265471875668,0.08248241245746613,0.13191992044448853,0.10085681080818176,0.16298305988311768,0.19241200387477875,normal
1435,50,ABLATION2_repeated_spike,MOPER_NO_WSHIFT,50,0.0,1,0.09,0.11199999999999999,0.5,0.5,-0.10099999999999999,0.037030331790447235,0.038159728050231934,0.13971462845802307,0.11813461035490036,0.16129463911056519,0.2027038335800171,normal
1436,50,ABLATION2_repeated_spike,MOPER_NO_WSHIFT,50,0.0,1,0.09,0.11199999999999999,0.5,0.5,-0.10099999999999999,0.04152367636561394,0.06211227923631668,0.14770278334617615,0.12496574223041534,0.17043982446193695,0.21336743235588074,normal
1437,50,ABLATION2_repeated_spike,MOPER_NO_WSHIFT,50,0.0,1,0.09,0.11199999999999999,0.5,0.5,-0.10099999999999999,0.03155854716897011,0.049202483147382736,0.14123497903347015,0.11536243557929993,0.16740231215953827,0.20610705018043518,normal
1438,50,ABLATION2_repeated_spike,MOPER_NO_WSHIFT,50,0.0,1,0.09,0.11199999999999999,0.5,0.5,-0.10099999999999999,0.03489888831973076,0.03750529885292053,0.12072427570819855,0.1011810302734375,0.14068973064422607,0.17571821808815002,normal
1439,50,ABLATION2_repeated_spike,MOPER_NO_WSHIFT,50,0.0,1,0.09,0.11199999999999999,0.5,0.5,-0.10099999999999999,0.04212217777967453,0.008329695090651512,0.06871432065963745,0.06023969501256943,0.07780805230140686,0.10124357044696808,normal
1440,50,ABLATION2_repeated_spike,MOPER_NO_WSHIFT,50,0.0,1,0.09,0.11199999999999999,0.5,0.5,-0.10099999999999999,0.029605379328131676,0.07889677584171295,0.17114180326461792,0.13918918371200562,0.20430494844913483,0.25009506940841675,normal
1441,50,ABLATION2_repeated_spike,MOPER_NO_WSHIFT,50,0.0,1,0.09,0.11199999999999999,0.5,0.5,-0.10099999999999999,0.020754262804985046,0.04827157035470009,0.1262444257736206,0.10666471719741821,0.14892931282520294,0.18553104996681213,normal
1442,50,ABLATION2_repeated_spike,MOPER_NO_WSHIFT,50,0.0,1,0.09,0.11199999999999999,0.5,0.5,-0.10099999999999999,0.011245247907936573,0.005225294269621372,0.051016900688409805,0.04368317872285843,0.06157040596008301,0.07695679366588593,normal
1443,50,ABLATION2_repeated_spike,MOPER_NO_WSHIFT,50,0.0,1,0.09,0.11199999999999999,0.5,0.5,-0.10099999999999999,0.016395939514040947,0.0026034563779830933,0.04311840981245041,0.03673018515110016,0.05507513880729675,0.06776941567659378,normal
1444,50,ABLATION2_repeated_spike,MOPER_NO_WSHIFT,50,0.0,1,0.09,0.11199999999999999,0.5,0.5,-0.10099999999999999,0.027473894879221916,0.11853211373090744,0.15111327171325684,0.12342396378517151,0.18124918639659882,0.2222335934638977,normal
1445,50,ABLATION2_repeated_spike,MOPER_NO_WSHIFT,50,0.0,1,0.09,0.11199999999999999,0.5,0.5,-0.10099999999999999,-2.0216546658957668e-07,0.10757648944854736,0.15324969589710236,0.12011715769767761,0.18652068078517914,0.22274869680404663,normal
1446,50,ABLATION2_repeated_spike,MOPER_NO_WSHIFT,50,0.0,1,0.09,0.11199999999999999,0.5,0.5,-0.10099999999999999,0.022619953379034996,0.0018730609444901347,0.03454829752445221,0.028247147798538208,0.04760104417800903,0.05731729418039322,normal
1447,50,ABLATION2_repeated_spike,MOPER_NO_WSHIFT,50,0.0,1,0.09,0.11199999999999999,0.5,0.5,-0.10099999999999999,-0.002069526119157672,0.04349753260612488,0.09848074615001678,0.07535010576248169,0.12344035506248474,0.145807147026062,normal
1448,50,ABLATION2_repeated_spike,MOPER_NO_WSHIFT,50,0.0,1,0.09,0.11199999999999999,0.5,0.5,-0.10099999999999999,-0.005457873921841383,0.0793818011879921,0.08965874463319778,0.07006622850894928,0.11233660578727722,0.134103924036026,normal
1449,50,ABLATION2_repeated_spike,MOPER_NO_WSHIFT,50,0.0,1,0.09,0.11199999999999999,0.5,0.5,-0.10099999999999999,-0.006623538676649332,0.054110705852508545,0.09792822599411011,0.07416234910488129,0.12428076565265656,0.14574992656707764,normal
1450,50,ABLATION2_repeated_spike,MOPER_NO_WSHIFT,50,0.0,1,0.09,0.11199999999999999,0.5,0.5,-0.10099999999999999,-0.04143539443612099,0.06805310398340225,0.08906016498804092,0.07007178664207458,0.11244229972362518,0.13476018607616425,normal
1451,50,ABLATION2_repeated_spike,MOPER_NO_WSHIFT,50,0.0,1,0.09,0.11199999999999999,0.5,0.5,-0.10099999999999999,-0.014736136421561241,0.1404924839735031,0.17018887400627136,0.13557526469230652,0.20618057250976562,0.2490834891796112,normal
1452,50,ABLATION2_repeated_spike,MOPER_NO_WSHIFT,50,0.0,1,0.09,0.11199999999999999,0.5,0.5,-0.10099999999999999,-0.04559965431690216,0.08906573802232742,0.12987053394317627,0.0956430733203888,0.16536708176136017,0.19307605922222137,normal
1453,50,ABLATION2_repeated_spike,MOPER_NO_WSHIFT,50,0.0,1,0.09,0.11199999999999999,0.5,0.5,-0.10099999999999999,-0.01675204560160637,0.09092651307582855,0.15646733343601227,0.11587826907634735,0.20364195108413696,0.23554104566574097,normal
1454,50,ABLATION2_repeated_spike,MOPER_NO_WSHIFT,50,0.0,1,0.09,0.11199999999999999,0.5,0.5,-0.10099999999999999,-0.03982553631067276,0.07167946547269821,0.12339520454406738,0.09109656512737274,0.16261456906795502,0.18900156021118164,normal
1455,50,ABLATION2_repeated_spike,MOPER_NO_WSHIFT,50,0.0,1,0.09,0.11199999999999999,0.5,0.5,-0.10099999999999999,-0.02744966931641102,0.1447908729314804,0.19435429573059082,0.1448705941438675,0.24917085468769073,0.2899404764175415,normal
1456,50,ABLATION2_repeated_spike,MOPER_NO_WSHIFT,50,0.0,1,0.09,0.11199999999999999,0.5,0.5,-0.10099999999999999,-0.02225332148373127,0.07660280168056488,0.10207466036081314,0.07566188275814056,0.1321447789669037,0.15348246693611145,normal
1457,50,ABLATION2_repeated_spike,MOPER_NO_WSHIFT,50,0.0,1,0.09,0.11199999999999999,0.5,0.5,-0.10099999999999999,-0.02567516267299652,0.1140255331993103,0.17356206476688385,0.12722614407539368,0.22302255034446716,0.25846657156944275,normal
1458,50,ABLATION2_repeated_spike,MOPER_NO_WSHIFT,50,0.0,1,0.09,0.11199999999999999,0.5,0.5,-0.10099999999999999,-0.011532549746334553,0.07752598822116852,0.1161591038107872,0.07963545620441437,0.15645655989646912,0.17850160598754883,normal
1459,50,ABLATION2_repeated_spike,MOPER_NO_WSHIFT,50,0.0,1,0.09,0.11199999999999999,0.5,0.5,-0.10099999999999999,-0.02847924456000328,0.12833763659000397,0.16459418833255768,0.11743864417076111,0.2158609926700592,0.2488383650779724,normal
1460,50,ABLATION2_repeated_spike,MOPER_NO_WSHIFT,50,0.0,1,0.09,0.11199999999999999,0.5,0.5,-0.10099999999999999,0.00033873511711135507,0.055156875401735306,0.09530648589134216,0.07798290252685547,0.12537938356399536,0.15093711018562317,normal
1461,50,ABLATION2_repeated_spike,MOPER_NO_WSHIFT,50,0.0,1,0.09,0.11199999999999999,0.5,0.5,-0.10099999999999999,-0.005850815214216709,0.13032087683677673,0.14664798974990845,0.11496378481388092,0.18895843625068665,0.22208352386951447,normal
1462,50,ABLATION2_repeated_spike,MOPER_NO_WSHIFT,50,0.0,1,0.09,0.11199999999999999,0.5,0.5,-0.10099999999999999,-0.002111300127580762,0.08312448859214783,0.1556536853313446,0.12699073553085327,0.19559341669082642,0.2360893189907074,normal
1463,50,ABLATION2_repeated_spike,MOPER_NO_WSHIFT,50,0.0,1,0.09,0.11199999999999999,0.5,0.5,-0.10099999999999999,-2.0353769514258602e-07,0.002247921656817198,0.03441774100065231,0.03481534123420715,0.036167606711387634,0.05482056736946106,normal
1464,50,ABLATION2_repeated_spike,MOPER_NO_WSHIFT,50,0.0,1,0.09,0.11199999999999999,0.5,0.5,-0.10099999999999999,0.0039979200810194016,0.047999680042266846,0.10450740903615952,0.09075139462947845,0.12281137704849243,0.15556204319000244,normal
1465,50,ABLATION2_repeated_spike,MOPER_NO_WSHIFT,50,0.0,1,0.09,0.11199999999999999,0.5,0.5,-0.10099999999999999,0.011161022819578648,0.002494482323527336,0.03866166993975639,0.04158621281385422,0.043920695781707764,0.06358298659324646,normal
1466,50,ABLATION2_repeated_spike,MOPER_NO_WSHIFT,50,0.0,1,0.09,0.11199999999999999,0.5,0.5,-0.10099999999999999,0.014096427708864212,0.011822052299976349,0.07353111356496811,0.0758681669831276,0.07285664975643158,0.10924354195594788,normal
1467,50,ABLATION2_repeated_spike,MOPER_NO_WSHIFT,50,0.0,1,0.09,0.11199999999999999,0.5,0.5,-0.10099999999999999,0.01020494569092989,0.08643849939107895,0.16197198629379272,0.13920922577381134,0.19241757690906525,0.24152079224586487,normal
1468,50,ABLATION2_repeated_spike,MOPER_NO_WSHIFT,50,0.0,1,0.09,0.11199999999999999,0.5,0.5,-0.10099999999999999,0.013059388846158981,0.08919176459312439,0.14702272415161133,0.1196521446108818,0.17793984711170197,0.21725085377693176,normal
1469,50,ABLATION2_repeated_spike,MOPER_NO_WSHIFT,50,0.0,1,0.09,0.11199999999999999,0.5,0.5,-0.10099999999999999,0.008253663778305054,0.00509469211101532,0.05577026307582855,0.05174386501312256,0.06443744897842407,0.08440548926591873,normal
1470,50,ABLATION2_repeated_spike,MOPER_NO_WSHIFT,50,0.0,1,0.09,0.11199999999999999,0.5,0.5,-0.10099999999999999,0.028174152597784996,0.05799052491784096,0.08800302445888519,0.07264971733093262,0.108029305934906,0.13276377320289612,normal
1471,50,ABLATION2_repeated_spike,MOPER_NO_WSHIFT,50,0.0,1,0.09,0.11199999999999999,0.5,0.5,-0.10099999999999999,0.029540996998548508,0.09732940793037415,0.1586376130580902,0.13225612044334412,0.1878463476896286,0.2333538830280304,normal
1472,50,ABLATION2_repeated_spike,MOPER_NO_WSHIFT,50,0.0,1,0.09,0.11199999999999999,0.5,0.5,-0.10099999999999999,0.03892187774181366,0.05564195290207863,0.09582938253879547,0.08200757205486298,0.11460550129413605,0.14391466975212097,normal
1473,50,ABLATION2_repeated_spike,MOPER_NO_WSHIFT,50,0.0,1,0.09,0.11199999999999999,0.5,0.5,-0.10099999999999999,0.006053835619240999,0.0480458065867424,0.0966397374868393,0.08048189431428909,0.11831818521022797,0.14446386694908142,normal
1474,50,ABLATION2_repeated_spike,MOPER_NO_WSHIFT,50,0.0,1,0.09,0.11199999999999999,0.5,0.5,-0.10099999999999999,0.03215082362294197,0.004072998650372028,0.046269744634628296,0.04551181197166443,0.05414706468582153,0.07355493307113647,normal
1475,50,ABLATION2_repeated_spike,MOPER_NO_WSHIFT,50,0.0,1,0.09,0.11199999999999999,0.5,0.5,-0.10099999999999999,0.0014302871422842145,0.09686256945133209,0.16621573269367218,0.13578017055988312,0.2000611126422882,0.2428613007068634,normal
1476,50,ABLATION2_repeated_spike,MOPER_NO_WSHIFT,50,0.0,1,0.09,0.11199999999999999,0.5,0.5,-0.10099999999999999,0.006406023632735014,0.0506860576570034,0.10453459620475769,0.08649158477783203,0.12534135580062866,0.15407562255859375,normal
1477,50,ABLATION2_repeated_spike,MOPER_NO_WSHIFT,50,0.0,1,0.09,0.11199999999999999,0.5,0.5,-0.10099999999999999,0.004316848702728748,0.05607767030596733,0.08817800134420395,0.06983640789985657,0.10979484021663666,0.13120011985301971,normal
1478,50,ABLATION2_repeated_spike,MOPER_NO_WSHIFT,50,0.0,1,0.09,0.11199999999999999,0.5,0.5,-0.10099999999999999,-0.002220615278929472,0.05672106519341469,0.10269378125667572,0.08216449618339539,0.12445765733718872,0.1503630131483078,normal
1479,50,ABLATION2_repeated_spike,MOPER_NO_WSHIFT,50,0.0,1,0.09,0.11199999999999999,0.5,0.5,-0.10099999999999999,0.0019073613220825791,0.004338083788752556,0.04423118382692337,0.035548046231269836,0.054611921310424805,0.06710563600063324,normal
1480,50,ABLATION2_repeated_spike,MOPER_NO_WSHIFT,50,0.0,1,0.09,0.11199999999999999,0.5,0.5,-0.10099999999999999,0.012457646429538727,0.07779120653867722,0.09680280089378357,0.07688185572624207,0.1200384795665741,0.14360490441322327,normal
1481,50,ABLATION2_repeated_spike,MOPER_NO_WSHIFT,50,0.0,1,0.09,0.11199999999999999,0.5,0.5,-0.10099999999999999,-0.0072237947024405,0.002802220406010747,0.03701888769865036,0.025919392704963684,0.05215582251548767,0.05942710489034653,normal
1482,50,ABLATION2_repeated_spike,MOPER_NO_WSHIFT,50,0.0,1,0.09,0.11199999999999999,0.5,0.5,-0.10099999999999999,-0.0035292499233037233,0.13024966418743134,0.1589605212211609,0.12616389989852905,0.19750110805034637,0.23590384423732758,normal
1483,50,ABLATION2_repeated_spike,MOPER_NO_WSHIFT,50,0.0,1,0.09,0.11199999999999999,0.5,0.5,-0.10099999999999999,-0.010998922400176525,0.09873086214065552,0.16503576934337616,0.12910081446170807,0.20503923296928406,0.2442774474620819,normal
1484,50,ABLATION2_repeated_spike,MOPER_NO_WSHIFT,50,0.0,1,0.09,0.11199999999999999,0.5,0.5,-0.10099999999999999,-0.022297151386737823,0.05923476815223694,0.10535088926553726,0.07737492024898529,0.13617995381355286,0.1581570953130722,normal
1485,50,ABLATION2_repeated_spike,MOPER_NO_WSHIFT,50,0.0,1,0.09,0.11199999999999999,0.5,0.5,-0.10099999999999999,-0.0267559252679348,0.15831996500492096,0.1700485646724701,0.13476243615150452,0.21105878055095673,0.2521975040435791,normal
1486,50,ABLATION2_repeated_spike,MOPER_NO_WSHIFT,50,0.0,1,0.09,0.11199999999999999,0.5,0.5,-0.10099999999999999,-0.0029545091092586517,0.06252378970384598,0.0866357684135437,0.06994561851024628,0.10557584464550018,0.12810242176055908,normal
1487,50,ABLATION2_repeated_spike,MOPER_NO_WSHIFT,50,0.0,1,0.09,0.11199999999999999,0.5,0.5,-0.10099999999999999,-0.011063524521887302,0.0925433337688446,0.09747150540351868,0.07545426487922668,0.1215183436870575,0.14416097104549408,normal
1488,50,ABLATION2_repeated_spike,MOPER_NO_WSHIFT,50,0.0,1,0.09,0.11199999999999999,0.5,0.5,-0.10099999999999999,-0.022529946640133858,0.002489581238478422,0.03295542299747467,0.022568076848983765,0.04550611972808838,0.05281319096684456,normal
1489,50,ABLATION2_repeated_spike,MOPER_NO_WSHIFT,50,0.0,1,0.09,0.11199999999999999,0.5,0.5,-0.10099999999999999,-0.01901121996343136,0.12123531103134155,0.1894577592611313,0.14602649211883545,0.2340427041053772,0.2793431282043457,normal
1490,50,ABLATION2_repeated_spike,MOPER_NO_WSHIFT,50,0.0,1,0.09,0.11199999999999999,0.5,0.5,-0.10099999999999999,-0.02333492413163185,0.06644336134195328,0.1290891170501709,0.09141069650650024,0.17060691118240356,0.19512110948562622,normal
1491,50,ABLATION2_repeated_spike,MOPER_NO_WSHIFT,50,0.0,1,0.09,0.11199999999999999,0.5,0.5,-0.10099999999999999,-0.026303116232156754,0.08239734172821045,0.0974537804722786,0.07363754510879517,0.12582431733608246,0.14722976088523865,normal
1492,50,ABLATION2_repeated_spike,MOPER_NO_WSHIFT,50,0.0,1,0.09,0.11199999999999999,0.5,0.5,-0.10099999999999999,-0.013518203981220722,0.0037200620863586664,0.035643577575683594,0.026072949171066284,0.0452142059803009,0.05550440773367882,normal
1493,50,ABLATION2_repeated_spike,MOPER_NO_WSHIFT,50,0.0,1,0.09,0.11199999999999999,0.5,0.5,-0.10099999999999999,-0.015472815372049809,0.057053208351135254,0.09402688592672348,0.06875340640544891,0.12451821565628052,0.144639790058136,normal
1494,50,ABLATION2_repeated_spike,MOPER_NO_WSHIFT,50,0.0,1,0.09,0.11199999999999999,0.5,0.5,-0.10099999999999999,-0.009804441593587399,0.10744579881429672,0.17272622883319855,0.12844252586364746,0.21910835802555084,0.2570037543773651,normal
1495,50,ABLATION2_repeated_spike,MOPER_NO_WSHIFT,50,0.0,1,0.09,0.11199999999999999,0.5,0.5,-0.10099999999999999,-0.015872791409492493,0.056261081248521805,0.10109931975603104,0.07072316110134125,0.13867312669754028,0.158686101436615,normal
1496,50,ABLATION2_repeated_spike,MOPER_NO_WSHIFT,50,0.0,1,0.09,0.11199999999999999,0.5,0.5,-0.10099999999999999,-0.010447923094034195,0.11363167315721512,0.17722921073436737,0.12312561273574829,0.23480083048343658,0.2687121331691742,normal
1497,50,ABLATION2_repeated_spike,MOPER_NO_WSHIFT,50,0.0,1,0.09,0.11199999999999999,0.5,0.5,-0.10099999999999999,-0.003054201602935791,0.0010761665180325508,0.028027191758155823,0.02081000804901123,0.039766937494277954,0.04638819396495819,normal
1498,50,ABLATION2_repeated_spike,MOPER_NO_WSHIFT,50,0.0,1,0.09,0.11199999999999999,0.5,0.5,-0.10099999999999999,-0.0031822638120502234,0.10980657488107681,0.15504121780395508,0.11706118285655975,0.19513961672782898,0.22956252098083496,normal
1499,50,ABLATION2_repeated_spike,MOPER_NO_WSHIFT,50,0.0,1,0.09,0.11199999999999999,0.5,0.5,-0.10099999999999999,-0.0007249204209074378,0.044901590794324875,0.09198766946792603,0.06661923229694366,0.12048251926898956,0.14010563492774963,normal
1500,50,ABLATION2_repeated_spike,MOPER_NO_WSHIFT,150,13.0,1,0.11472727272727273,0.21178181818181818,0.5,0.5,-0.16325454545454546,0.0021890748757869005,0.10568242520093918,0.15144988894462585,0.12002165615558624,0.1871485412120819,0.22495540976524353,spike
1501,50,ABLATION2_repeated_spike,MOPER_NO_WSHIFT,150,24.700000000000003,1,0.11898181818181819,0.21518545454545457,0.5,0.5,-0.16708363636363638,-0.0007515118923038244,0.12844479084014893,0.16339969635009766,0.1299881488084793,0.20548897981643677,0.2466495931148529,spike
1502,50,ABLATION2_repeated_spike,MOPER_NO_WSHIFT,150,35.230000000000004,1,0.1228109090909091,0.2182487272727273,0.5,0.5,-0.1705298181818182,-0.01589028164744377,0.04830107465386391,0.08614955097436905,0.0698842853307724,0.11041656136512756,0.13284723460674286,spike
1503,50,ABLATION2_repeated_spike,MOPER_NO_WSHIFT,150,44.70700000000001,1,0.1262570909090909,0.22100567272727273,0.5,0.5,-0.17363138181818183,-0.003956637345254421,0.054585203528404236,0.09828256070613861,0.07708369195461273,0.12202008068561554,0.14617612957954407,spike
1504,50,ABLATION2_repeated_spike,MOPER_NO_WSHIFT,150,53.2363,1,0.12935865454545456,0.22348692363636366,0.5,0.5,-0.1764227890909091,-0.01043749786913395,0.051468752324581146,0.0895906612277031,0.07802453637123108,0.1160641759634018,0.1418706774711609,spike
1505,50,ABLATION2_repeated_spike,MOPER_NO_WSHIFT,150,60.91266999999999,1,0.13215006181818184,0.2257200494545455,0.5,0.5,-0.17893505563636367,-0.007722740061581135,0.14114239811897278,0.20561501383781433,0.166995108127594,0.25485411286354065,0.3069111108779907,spike
1506,50,ABLATION2_repeated_spike,MOPER_NO_WSHIFT,150,67.821403,1,0.13466232836363637,0.2277298626909091,0.5,0.5,-0.18119609552727273,0.014225657097995281,0.07386720925569534,0.14883282780647278,0.1212480440735817,0.1797630935907364,0.22055596113204956,spike
1507,50,ABLATION2_repeated_spike,MOPER_NO_WSHIFT,150,74.0392627,1,0.13692336825454546,0.22953869460363638,0.5,0.5,-0.18323103142909092,-0.0013956209877505898,0.05344349890947342,0.10801799595355988,0.0923854410648346,0.13209691643714905,0.1627902388572693,spike
1508,50,ABLATION2_repeated_spike,MOPER_NO_WSHIFT,150,79.63533643,1,0.13895830415636365,0.23116664332509093,0.5,0.5,-0.1850624737407273,0.01575241982936859,0.16258159279823303,0.21363219618797302,0.17217184603214264,0.2573394775390625,0.31221091747283936,spike
1509,50,ABLATION2_repeated_spike,MOPER_NO_WSHIFT,150,84.671802787,1,0.14078974646800002,0.23263179717440002,0.5,0.5,-0.18671077182120002,0.019703613594174385,0.0865689069032669,0.14242255687713623,0.11845295131206512,0.1767006367444992,0.21472398936748505,spike
1510,50,ABLATION2_repeated_spike,MOPER_NO_WSHIFT,150,89.2046225083,1,0.14243804454847273,0.2339504356387782,0.5,0.5,-0.18819424009362545,0.014012808911502361,0.0480458103120327,0.10857436805963516,0.09714503586292267,0.12949560582637787,0.16472627222537994,spike
1511,50,ABLATION2_repeated_spike,MOPER_NO_WSHIFT,150,93.28416025747,1,0.14392151282089818,0.23513721025671858,0.5,0.5,-0.1895293615388084,0.014709241688251495,0.11526110023260117,0.21455135941505432,0.17753255367279053,0.25722822546958923,0.31585752964019775,spike
1512,50,ABLATION2_repeated_spike,MOPER_NO_WSHIFT,150,96.955744231723,1,0.1452566342660811,0.23620530741286488,0.5,0.5,-0.190730970839473,0.013746531680226326,0.045749157667160034,0.11076619476079941,0.09466613829135895,0.13237401843070984,0.16484612226486206,spike
1513,50,ABLATION2_repeated_spike,MOPER_NO_WSHIFT,150,100.2601698085507,1,0.1464582435667457,0.23716659485339658,0.5,0.5,-0.19181241921007114,0.00630691135302186,0.12258302420377731,0.20257195830345154,0.16448865830898285,0.24348653852939606,0.2960207462310791,spike
1514,50,ABLATION2_repeated_spike,MOPER_NO_WSHIFT,150,103.23415282769564,1,0.14753969193734387,0.2380317535498751,0.5,0.5,-0.1927857227436095,0.008837453089654446,0.061239201575517654,0.09905683249235153,0.08178813755512238,0.12338021397590637,0.148927703499794,spike
1515,50,ABLATION2_repeated_spike,MOPER_NO_WSHIFT,150,105.91073754492608,1,0.1485129954708822,0.23881039637670576,0.5,0.5,-0.19366169592379398,0.007859916426241398,0.07505841553211212,0.15049010515213013,0.1246543899178505,0.18078014254570007,0.22192373871803284,spike
1516,50,ABLATION2_repeated_spike,MOPER_NO_WSHIFT,150,108.31966379043347,1,0.1493889686510667,0.2395111749208534,0.5,0.5,-0.19445007178596005,0.0029781777411699295,0.0704365074634552,0.16774968802928925,0.1405124068260193,0.19923056662082672,0.24596090614795685,spike
1517,50,ABLATION2_repeated_spike,MOPER_NO_WSHIFT,150,110.48769741139012,1,0.15017734451323278,0.24014187561058625,0.5,0.5,-0.19515961006190952,0.00673968018963933,0.0546141117811203,0.14872334897518158,0.13064152002334595,0.170821413397789,0.21753782033920288,spike
1518,50,ABLATION2_repeated_spike,MOPER_NO_WSHIFT,150,112.4389276702511,1,0.15088688278918225,0.2407095062313458,0.5,0.5,-0.19579819451026403,0.017869876697659492,0.0752757340669632,0.16346648335456848,0.13488763570785522,0.19263803958892822,0.2382371723651886,spike
1519,50,ABLATION2_repeated_spike,MOPER_NO_WSHIFT,150,114.195034903226,1,0.15152546723753674,0.24122037379002942,0.5,0.5,-0.19637292051378308,0.04326393082737923,0.0592615008354187,0.1194218173623085,0.09975029528141022,0.139920175075531,0.17449113726615906,spike
1520,50,ABLATION2_repeated_spike,MOPER_NO_WSHIFT,150,115.7755314129034,1,0.15210019324105578,0.24168015459284464,0.5,0.5,-0.1968901739169502,0.024283627048134804,0.11777490377426147,0.1692957580089569,0.14547359943389893,0.1965755820274353,0.24917027354240417,spike
1521,50,ABLATION2_repeated_spike,MOPER_NO_WSHIFT,150,117.19797827161307,1,0.15261744664422294,0.24209395731537836,0.5,0.5,-0.19735570197980065,0.007426968775689602,0.0647083967924118,0.12371084094047546,0.10795187950134277,0.14166215062141418,0.18095462024211884,spike
1522,50,ABLATION2_repeated_spike,MOPER_NO_WSHIFT,150,118.47818044445177,1,0.15308297470707338,0.2424663797656587,0.5,0.5,-0.19777467723636605,0.041307829320430756,0.10470465570688248,0.16393890976905823,0.13991443812847137,0.1946278065443039,0.24411727488040924,spike
1523,50,ABLATION2_repeated_spike,MOPER_NO_WSHIFT,150,119.63036240000659,1,0.15350194996363875,0.24280155997091102,0.5,0.5,-0.19815175496727488,0.03530358523130417,0.05514012277126312,0.11844164878129959,0.10072408616542816,0.1376425325870514,0.17387574911117554,spike
1524,50,ABLATION2_repeated_spike,MOPER_NO_WSHIFT,150,120.66732616000593,1,0.15387902769454762,0.24310322215563812,0.5,0.5,-0.19849112492509285,0.04271586984395981,0.009067071601748466,0.07176276296377182,0.06575511395931244,0.07963109016418457,0.10554274916648865,spike
1525,50,ABLATION2_repeated_spike,MOPER_NO_WSHIFT,150,121.60059354400533,1,0.15421839765236559,0.24337471812189249,0.5,0.5,-0.19879655788712902,0.06141944229602814,0.05094791203737259,0.11683879047632217,0.09709695726633072,0.1379525512456894,0.1716940850019455,spike
1526,50,ABLATION2_repeated_spike,MOPER_NO_WSHIFT,150,122.44053418960482,1,0.15452383061440175,0.24361906449152143,0.5,0.5,-0.19907144755296158,0.01928006298840046,0.12465767562389374,0.21084453165531158,0.17103588581085205,0.2524864077568054,0.3076011538505554,spike
1527,50,ABLATION2_repeated_spike,MOPER_NO_WSHIFT,150,123.19648077064434,1,0.1547987202802343,0.24383897622418746,0.5,0.5,-0.19931884825221088,0.02181234583258629,0.008364442735910416,0.0783039927482605,0.06965591013431549,0.08836567401885986,0.11539413034915924,spike
1528,50,ABLATION2_repeated_spike,MOPER_NO_WSHIFT,150,123.8768326935799,1,0.15504612097948361,0.24403689678358692,0.5,0.5,-0.19954150888153527,0.03620084747672081,0.10274352133274078,0.1605612188577652,0.12962935864925385,0.19356878101825714,0.23488707840442657,spike
1529,50,ABLATION2_repeated_spike,MOPER_NO_WSHIFT,150,124.48914942422192,1,0.155268781608808,0.24421502528704642,0.5,0.5,-0.1997419034479272,0.014285380952060223,0.062024299055337906,0.11048417538404465,0.09095816314220428,0.13308656215667725,0.16338373720645905,spike
1530,50,ABLATION2_repeated_spike,MOPER_NO_WSHIFT,150,125.04023448179973,1,0.15546917617519992,0.24437534094015995,0.5,0.5,-0.19992225855767992,0.003140762448310852,0.07711154967546463,0.16224585473537445,0.13083486258983612,0.19978871941566467,0.24060267210006714,spike
1531,50,ABLATION2_repeated_spike,MOPER_NO_WSHIFT,150,125.53621103361976,1,0.15564953128495265,0.24451962502796215,0.5,0.5,-0.20008457815645742,0.005196672398597002,0.1827811896800995,0.21133598685264587,0.16538658738136292,0.25824910402297974,0.308300256729126,spike
1532,50,ABLATION2_repeated_spike,MOPER_NO_WSHIFT,150,125.9825899302578,1,0.15581185088373012,0.2446494807069841,0.5,0.5,-0.20023066579535712,-0.0008630428346805274,0.1025320440530777,0.16088920831680298,0.12595851719379425,0.1981465071439743,0.23634326457977295,spike
1533,50,ABLATION2_repeated_spike,MOPER_NO_WSHIFT,150,126.38433093723202,1,0.15595793852262982,0.24476635081810388,0.5,0.5,-0.20036214467036684,0.020241668447852135,0.06938805431127548,0.10356682538986206,0.08510425686836243,0.1269911527633667,0.1550677865743637,spike
1534,50,ABLATION2_repeated_spike,MOPER_NO_WSHIFT,150,126.74589784350883,1,0.15608941739763957,0.24487153391811167,0.5,0.5,-0.20048047565787563,0.02813459001481533,0.07545401155948639,0.10517700016498566,0.08438821136951447,0.12894795835018158,0.15766020119190216,spike
1535,50,ABLATION2_repeated_spike,MOPER_NO_WSHIFT,150,127.07130805915796,1,0.15620774838514834,0.2449661987081187,0.5,0.5,-0.20058697354663352,0.031010238453745842,0.09207769483327866,0.14545167982578278,0.11587345600128174,0.1767975091934204,0.21530625224113464,spike
1536,50,ABLATION2_repeated_spike,MOPER_NO_WSHIFT,150,127.36417725324216,1,0.15631424627390625,0.24505139701912504,0.5,0.5,-0.20068282164651563,0.011365054175257683,0.005391050595790148,0.04416091740131378,0.03566920757293701,0.056303709745407104,0.06832948327064514,spike
1537,50,ABLATION2_repeated_spike,MOPER_NO_WSHIFT,150,127.62775952791793,1,0.15641009437378833,0.2451280754990307,0.5,0.5,-0.20076908493640952,0.007337577641010284,0.035239752382040024,0.08749788254499435,0.07171651721000671,0.10903771221637726,0.13222768902778625,spike
1538,50,ABLATION2_repeated_spike,MOPER_NO_WSHIFT,150,127.86498357512613,1,0.15649635766368225,0.24519708613094582,0.5,0.5,-0.20084672189731403,0.020205533131957054,0.05048922449350357,0.08697254955768585,0.070956751704216,0.1086084395647049,0.1320461928844452,spike
1539,50,ABLATION2_repeated_spike,MOPER_NO_WSHIFT,150,128.07848521761352,1,0.15657399462458674,0.24525919569966942,0.5,0.5,-0.20091659516212806,0.025135086849331856,0.12472420185804367,0.14993208646774292,0.122441366314888,0.18250444531440735,0.2227865308523178,spike
1540,50,ABLATION2_repeated_spike,MOPER_NO_WSHIFT,150,128.27063669585218,1,0.1566438678894008,0.24531509431152065,0.5,0.5,-0.2009794811004607,0.0055810497142374516,0.09120433032512665,0.15474870800971985,0.12374480068683624,0.18954145908355713,0.22933003306388855,spike
1541,50,ABLATION2_repeated_spike,MOPER_NO_WSHIFT,150,128.44357302626696,1,0.15670675382773344,0.2453654030621868,0.5,0.5,-0.20103607844496013,0.028451889753341675,0.10325771570205688,0.17747443914413452,0.1487024873495102,0.21290774643421173,0.26196134090423584,spike
1542,50,ABLATION2_repeated_spike,MOPER_NO_WSHIFT,150,128.59921572364027,1,0.1567633511722328,0.24541068093778629,0.5,0.5,-0.20108701605500956,0.03597438707947731,0.13586631417274475,0.20712462067604065,0.1674046516418457,0.2493712306022644,0.3040650486946106,spike
1543,50,ABLATION2_repeated_spike,MOPER_NO_WSHIFT,150,128.73929415127623,1,0.15681428878228226,0.24545143102582584,0.5,0.5,-0.20113285990405405,0.019896261394023895,0.0022233102936297655,0.04348445311188698,0.0407148078083992,0.04784560203552246,0.06722865253686905,spike
1544,50,ABLATION2_repeated_spike,MOPER_NO_WSHIFT,150,128.8653647361486,1,0.15686013263132675,0.24548810610506144,0.5,0.5,-0.2011741193681941,0.02153981477022171,0.05172663554549217,0.09577822685241699,0.07859143614768982,0.11523672938346863,0.14215591549873352,spike
1545,50,ABLATION2_repeated_spike,MOPER_NO_WSHIFT,150,128.97882826253374,1,0.15690139209546683,0.24552111367637347,0.5,0.5,-0.20121125288592015,0.004450743552297354,0.11812310665845871,0.20458149909973145,0.16175462305545807,0.24792592227458954,0.29820266366004944,spike
1546,50,ABLATION2_repeated_spike,MOPER_NO_WSHIFT,150,129.0809454362804,1,0.15693852561319285,0.24555082049055432,0.5,0.5,-0.2012446730518736,0.012655765749514103,0.11091819405555725,0.16082993149757385,0.13045375049114227,0.19182690978050232,0.2348889410495758,spike
1547,50,ABLATION2_repeated_spike,MOPER_NO_WSHIFT,150,129.17285089265235,1,0.1569719457791463,0.24557755662331704,0.5,0.5,-0.20127475120123167,0.04541437700390816,0.10942398756742477,0.16433072090148926,0.13683342933654785,0.19306926429271698,0.24088457226753235,spike
1548,50,ABLATION2_repeated_spike,MOPER_NO_WSHIFT,150,129.25556580338713,1,0.1570020239285044,0.24560161914280354,0.5,0.5,-0.20130182153565396,0.01988779753446579,0.05959252640604973,0.10216037184000015,0.08476044982671738,0.12225529551506042,0.15135274827480316,spike
1549,50,ABLATION2_repeated_spike,MOPER_NO_WSHIFT,150,129.33000922304842,1,0.15702909426292672,0.2456232754103414,0.5,0.5,-0.20132618483663406,0.013218067586421967,0.03564847260713577,0.08914604783058167,0.07402680814266205,0.10658326745033264,0.13386867940425873,spike
1550,50,ABLATION2_repeated_spike,MOPER_NO_WSHIFT,150,129.39700830074358,1,0.15705345756390676,0.24564276605112545,0.5,0.5,-0.2013481118075161,0.02261115238070488,0.054305292665958405,0.09296281635761261,0.07596366852521896,0.11073032021522522,0.13774839043617249,spike
1551,50,ABLATION2_repeated_spike,MOPER_NO_WSHIFT,150,129.4573074706692,1,0.1570753845347888,0.2456603076278311,0.5,0.5,-0.20136784608130995,0.016439707949757576,0.09899275749921799,0.1601889729499817,0.13461869955062866,0.1912481039762497,0.23776887357234955,spike
1552,50,ABLATION2_repeated_spike,MOPER_NO_WSHIFT,150,129.51157672360227,1,0.15709511880858265,0.24567609504686616,0.5,0.5,-0.2013856069277244,0.02237270213663578,0.04298591986298561,0.0925920307636261,0.07765233516693115,0.11081486940383911,0.13916103541851044,spike
1553,50,ABLATION2_repeated_spike,MOPER_NO_WSHIFT,150,129.56041905124204,1,0.15711287965499712,0.2456903037239977,0.5,0.5,-0.2014015916894974,0.01737869158387184,0.11360877007246017,0.14188414812088013,0.1138024777173996,0.1771368384361267,0.2127622365951538,spike
1554,50,ABLATION2_repeated_spike,MOPER_NO_WSHIFT,150,129.60437714611783,1,0.1571288644167701,0.24570309153341607,0.5,0.5,-0.20141597797509309,0.032011277973651886,0.1716139018535614,0.21004216372966766,0.1685863733291626,0.2574739456176758,0.30997413396835327,spike
1555,50,ABLATION2_repeated_spike,MOPER_NO_WSHIFT,150,129.64393943150606,1,0.15714325070236584,0.2457146005618927,0.5,0.5,-0.20142892563212927,-2.3255950054590357e-07,0.1156417727470398,0.15145844221115112,0.11837053298950195,0.1845463663339615,0.22012804448604584,spike
1556,50,ABLATION2_repeated_spike,MOPER_NO_WSHIFT,150,129.67954548835547,1,0.157156198359402,0.24572495868752164,0.5,0.5,-0.2014405785234618,0.007100781891494989,0.04972206801176071,0.08920034766197205,0.0761808454990387,0.11304342746734619,0.13862909376621246,spike
1557,50,ABLATION2_repeated_spike,MOPER_NO_WSHIFT,150,129.7115909395199,1,0.1571678512507345,0.24573428100058764,0.5,0.5,-0.20145106612566108,0.0120457224547863,0.07079432904720306,0.093475840985775,0.07434844970703125,0.11829201877117157,0.14195586740970612,spike
1558,50,ABLATION2_repeated_spike,MOPER_NO_WSHIFT,150,129.7404318455679,1,0.15717833885293378,0.24574267108234704,0.5,0.5,-0.2014605049676404,0.014280932024121284,0.1220950037240982,0.15242400765419006,0.12361098825931549,0.18725836277008057,0.22661209106445312,spike
1559,50,ABLATION2_repeated_spike,MOPER_NO_WSHIFT,150,129.76638866101112,1,0.15718777769491316,0.24575022215593056,0.5,0.5,-0.20146899992542186,0.0017319673206657171,0.081340491771698,0.14918525516986847,0.11607611179351807,0.18543079495429993,0.2206765115261078,spike
1560,50,ABLATION2_repeated_spike,MOPER_NO_WSHIFT,150,129.78974979491,1,0.15719627265269456,0.24575701812215567,0.5,0.5,-0.2014766453874251,0.009628365747630596,0.10864217579364777,0.1650654524564743,0.1335940808057785,0.2004699558019638,0.24401788413524628,spike
1561,50,ABLATION2_repeated_spike,MOPER_NO_WSHIFT,150,129.810774815419,1,0.1572039181146978,0.24576313449175824,0.5,0.5,-0.20148352630322802,0.01345390547066927,0.10154629498720169,0.1432419866323471,0.11274382472038269,0.17784500122070312,0.21197457611560822,spike
1562,50,ABLATION2_repeated_spike,MOPER_NO_WSHIFT,150,129.8296973338771,1,0.15721079903050078,0.24576863922440062,0.5,0.5,-0.2014897191274507,0.015347059816122055,0.16505664587020874,0.21447554230690002,0.17095479369163513,0.26279354095458984,0.31552600860595703,spike
1563,50,ABLATION2_repeated_spike,MOPER_NO_WSHIFT,150,129.8467276004894,1,0.15721699185472343,0.24577359348377875,0.5,0.5,-0.2014952926692511,0.031428396701812744,0.1297054886817932,0.1619914025068283,0.13389605283737183,0.19656381011009216,0.24179673194885254,spike
1564,50,ABLATION2_repeated_spike,MOPER_NO_WSHIFT,150,129.86205484044046,1,0.15722256539652382,0.24577805231721905,0.5,0.5,-0.20150030885687142,0.006264703348278999,0.10419311374425888,0.19932791590690613,0.15759535133838654,0.24761556088924408,0.29519879817962646,spike
1565,50,ABLATION2_repeated_spike,MOPER_NO_WSHIFT,150,129.87584935639643,1,0.15722758158414415,0.24578206526731533,0.5,0.5,-0.20150482342572973,0.03248513489961624,0.05500323325395584,0.10206611454486847,0.08832280337810516,0.11928804218769073,0.15255104005336761,spike
1566,50,ABLATION2_repeated_spike,MOPER_NO_WSHIFT,150,129.8882644207568,1,0.15723209615300246,0.245785676922402,0.5,0.5,-0.20150888653770221,0.04241448640823364,0.1147729679942131,0.15804699063301086,0.13428178429603577,0.1857229769229889,0.23484672605991364,spike
1567,50,ABLATION2_repeated_spike,MOPER_NO_WSHIFT,150,129.89943797868114,1,0.15723615926497497,0.24578892741198,0.5,0.5,-0.20151254333847748,0.023119261488318443,0.09336256980895996,0.14191028475761414,0.11224834620952606,0.17271412909030914,0.20854628086090088,spike
1568,50,ABLATION2_repeated_spike,MOPER_NO_WSHIFT,150,129.90949418081303,1,0.1572398160657502,0.2457918528526002,0.5,0.5,-0.2015158344591752,0.03312648460268974,0.0021166617516428232,0.038788944482803345,0.0394674688577652,0.041922882199287415,0.06211581826210022,spike
1569,50,ABLATION2_repeated_spike,MOPER_NO_WSHIFT,150,129.91854476273173,1,0.1572431071864479,0.24579448574915835,0.5,0.5,-0.20151879646780313,0.014263228513300419,0.16160030663013458,0.224013552069664,0.18592777848243713,0.2696216106414795,0.33162766695022583,spike
1570,50,ABLATION2_repeated_spike,MOPER_NO_WSHIFT,150,129.92669028645855,1,0.15724606919507583,0.24579685535606066,0.5,0.5,-0.20152146227556825,0.0031222824472934008,0.1096300482749939,0.21289512515068054,0.1674622744321823,0.2592868208885193,0.31014353036880493,spike
1571,50,ABLATION2_repeated_spike,MOPER_NO_WSHIFT,150,129.9340212578127,1,0.15724873500284098,0.2457989880022728,0.5,0.5,-0.20152386150255688,0.005426004063338041,0.07665793597698212,0.1541227400302887,0.12578913569450378,0.18693163990974426,0.22850307822227478,spike
1572,50,ABLATION2_repeated_spike,MOPER_NO_WSHIFT,150,129.94061913203143,1,0.15725113422982961,0.24580090738386373,0.5,0.5,-0.20152602080684667,0.006855748128145933,0.06565581262111664,0.15293994545936584,0.12271150946617126,0.18316836655139923,0.2235363870859146,spike
1573,50,ABLATION2_repeated_spike,MOPER_NO_WSHIFT,150,129.94655721882827,1,0.15725329353411938,0.24580263482729553,0.5,0.5,-0.20152796418070745,-1.8861140915760188e-07,0.09230302274227142,0.15155929327011108,0.11892566084861755,0.1852053999900818,0.22088149189949036,spike
1574,50,ABLATION2_repeated_spike,MOPER_NO_WSHIFT,150,129.95190149694545,1,0.15725523690798018,0.24580418952638416,0.5,0.5,-0.20152971321718216,0.011950255371630192,0.054320622235536575,0.09344672411680222,0.07556357979774475,0.11284123361110687,0.13853295147418976,spike
1575,50,ABLATION2_repeated_spike,MOPER_NO_WSHIFT,150,129.95671134725092,1,0.1572569859444549,0.2458055887555639,0.5,0.5,-0.2015312873500094,0.04098453000187874,0.1763220727443695,0.19799458980560303,0.1570950299501419,0.23984970152378082,0.2901344299316406,spike
1576,50,ABLATION2_repeated_spike,MOPER_NO_WSHIFT,150,129.96104021252583,1,0.15725856007728212,0.24580684806182573,0.5,0.5,-0.20153270406955393,0.02236652746796608,0.005161054898053408,0.045883841812610626,0.04247377812862396,0.05618768930435181,0.07364337891340256,spike
1577,50,ABLATION2_repeated_spike,MOPER_NO_WSHIFT,150,129.96493619127324,1,0.15725997679682663,0.2458079814374613,0.5,0.5,-0.20153397911714396,0.008801073767244816,0.03623032942414284,0.09613630920648575,0.07573714852333069,0.11681856215000153,0.1413857489824295,spike
1578,50,ABLATION2_repeated_spike,MOPER_NO_WSHIFT,150,129.96844257214593,1,0.15726125184441672,0.24580900147553342,0.5,0.5,-0.20153512665997508,0.03913598880171776,0.12398392707109451,0.15642592310905457,0.1252765953540802,0.18986091017723083,0.2299434244632721,spike
1579,50,ABLATION2_repeated_spike,MOPER_NO_WSHIFT,150,129.97159831493133,1,0.15726239938724776,0.24580991950979825,0.5,0.5,-0.201536159448523,0.029325786978006363,0.1356326788663864,0.15638995170593262,0.12762394547462463,0.1926935762166977,0.23414915800094604,spike
1580,50,ABLATION2_repeated_spike,MOPER_NO_WSHIFT,150,129.97443848343818,1,0.15726343217579572,0.2458107457406366,0.5,0.5,-0.20153708895821615,0.011154218576848507,0.08361336588859558,0.15593472123146057,0.1235460489988327,0.193441703915596,0.23162217438220978,spike
1581,50,ABLATION2_repeated_spike,MOPER_NO_WSHIFT,150,129.97699463509434,1,0.15726436168548888,0.24581148934839114,0.5,0.5,-0.20153792551694,0.004634757060557604,0.07935017347335815,0.098837710916996,0.07766912877559662,0.1200425922870636,0.1444910615682602,spike
1582,50,ABLATION2_repeated_spike,MOPER_NO_WSHIFT,150,129.9792951715849,1,0.1572651982442127,0.2458121585953702,0.5,0.5,-0.20153867841979145,0.02523440308868885,0.06661947071552277,0.09162934124469757,0.07266312837600708,0.11560025811195374,0.13930486142635345,spike
1583,50,ABLATION2_repeated_spike,MOPER_NO_WSHIFT,150,129.98136565442644,1,0.15726595114706418,0.24581276091765136,0.5,0.5,-0.20153935603235779,0.03371845558285713,0.12799298763275146,0.14722207188606262,0.11900608241558075,0.17968502640724182,0.21781715750694275,spike
1584,50,ABLATION2_repeated_spike,MOPER_NO_WSHIFT,150,129.98322908898382,1,0.15726662875963046,0.24581330300770438,0.5,0.5,-0.2015399658836674,0.014007652178406715,0.11850392073392868,0.1509145051240921,0.11858029663562775,0.18614135682582855,0.22283464670181274,spike
1585,50,ABLATION2_repeated_spike,MOPER_NO_WSHIFT,150,129.98490618008543,1,0.15726723861094016,0.24581379088875216,0.5,0.5,-0.20154051474984616,0.004807741846889257,0.21523313224315643,0.2149350643157959,0.16749919950962067,0.2652946412563324,0.3147365152835846,spike
1586,50,ABLATION2_repeated_spike,MOPER_NO_WSHIFT,150,129.9864155620769,1,0.15726778747711886,0.2458142299816951,0.5,0.5,-0.201541008729407,0.028634868562221527,0.14198359847068787,0.1709582805633545,0.13241319358348846,0.2105262577533722,0.2510494887828827,spike
1587,50,ABLATION2_repeated_spike,MOPER_NO_WSHIFT,150,129.9877740058692,1,0.1572682814566797,0.2458146251653438,0.5,0.5,-0.20154145331101175,-1.591506020304223e-07,0.1322055459022522,0.15682697296142578,0.11866497993469238,0.19524146616458893,0.2294098287820816,spike
1588,50,ABLATION2_repeated_spike,MOPER_NO_WSHIFT,150,129.9889966052823,1,0.15726872603828448,0.24581498083062758,0.5,0.5,-0.20154185343445602,0.012766549363732338,0.09847477078437805,0.15467481315135956,0.12500979006290436,0.18836306035518646,0.22909680008888245,spike
1589,50,ABLATION2_repeated_spike,MOPER_NO_WSHIFT,150,129.99009694475407,1,0.15726912616172875,0.24581530092938303,0.5,0.5,-0.2015422135455559,0.01448886189609766,0.12801089882850647,0.16567635536193848,0.1274256408214569,0.20784375071525574,0.24796521663665771,spike
1590,50,ABLATION2_repeated_spike,MOPER_NO_WSHIFT,150,129.99108725027867,1,0.1572694862728286,0.2458155890182629,0.5,0.5,-0.20154253764554575,0.013373233377933502,0.06293367594480515,0.10277741402387619,0.07966458797454834,0.12689842283725739,0.15288613736629486,spike
1591,50,ABLATION2_repeated_spike,MOPER_NO_WSHIFT,150,129.9919785252508,1,0.15726981037281848,0.2458158482982548,0.5,0.5,-0.20154282933553663,0.02891307882964611,0.12726299464702606,0.16084039211273193,0.12022653222084045,0.20341536402702332,0.2408614456653595,spike
1592,50,ABLATION2_repeated_spike,MOPER_NO_WSHIFT,150,129.99278067272573,1,0.15727010206280936,0.2458160816502475,0.5,0.5,-0.2015430918565284,0.01629042439162731,0.06512118875980377,0.09653254598379135,0.07725323736667633,0.11828342080116272,0.14354576170444489,spike
1593,50,ABLATION2_repeated_spike,MOPER_NO_WSHIFT,150,129.99350260545316,1,0.15727036458380117,0.24581629166704094,0.5,0.5,-0.20154332812542106,0.02888628840446472,0.04892037808895111,0.08706469088792801,0.06822246313095093,0.10740934312343597,0.13000307977199554,spike
1594,50,ABLATION2_repeated_spike,MOPER_NO_WSHIFT,150,129.99415234490783,1,0.15727060085269376,0.245816480682155,0.5,0.5,-0.20154354076742437,0.027394693344831467,0.1153406873345375,0.16029858589172363,0.13186907768249512,0.19962173700332642,0.2422964870929718,spike
1595,50,ABLATION2_repeated_spike,MOPER_NO_WSHIFT,150,129.99473711041705,1,0.1572708134946971,0.2458166507957577,0.5,0.5,-0.20154373214522742,0.01839359477162361,0.00423445925116539,0.045695848762989044,0.044303178787231445,0.05062146484851837,0.07000772655010223,spike
1596,50,ABLATION2_repeated_spike,MOPER_NO_WSHIFT,150,129.99526339937535,1,0.15727100487250012,0.2458168038980001,0.5,0.5,-0.2015439043852501,0.06711161136627197,0.048554860055446625,0.09962984174489975,0.08750572800636292,0.11782662570476532,0.15090613067150116,spike
1597,50,ABLATION2_repeated_spike,MOPER_NO_WSHIFT,150,129.99573705943783,1,0.15727117711252284,0.24581694169001828,0.5,0.5,-0.20154405940127057,0.03939712792634964,0.051888953894376755,0.09706325829029083,0.08695772290229797,0.1133539080619812,0.14826543629169464,spike
1598,50,ABLATION2_repeated_spike,MOPER_NO_WSHIFT,150,129.99616335349407,1,0.1572713321285433,0.24581706570283468,0.5,0.5,-0.20154419891568898,0.026396095752716064,0.10338379442691803,0.1496850550174713,0.1262720823287964,0.18086327612400055,0.22570103406906128,spike
1599,50,ABLATION2_repeated_spike,MOPER_NO_WSHIFT,150,129.99654701814467,1,0.1572714716429617,0.24581717731436936,0.5,0.5,-0.20154432447866555,0.03444644808769226,0.058268532156944275,0.10087667405605316,0.08920219540596008,0.11662125587463379,0.15155908465385437,spike
1600,50,ABLATION2_repeated_spike,MOPER_NO_WSHIFT,150,129.99689231633022,1,0.15727159720593825,0.2458172777647506,0.5,0.5,-0.20154443748534442,0.031039055436849594,0.058519408106803894,0.09504535049200058,0.07545003294944763,0.11631889641284943,0.14144247770309448,spike
1601,50,ABLATION2_repeated_spike,MOPER_NO_WSHIFT,150,129.99720308469722,1,0.15727171021261718,0.24581736817009375,0.5,0.5,-0.20154453919135545,0.017311979085206985,0.0015606989618390799,0.03342302888631821,0.03141897916793823,0.04325263202190399,0.05601755157113075,spike
1602,50,ABLATION2_repeated_spike,MOPER_NO_WSHIFT,150,129.9974827762275,1,0.15727181191862818,0.2458174495349026,0.5,0.5,-0.20154463072676537,0.022343752905726433,0.05156802386045456,0.10489561408758163,0.09120713174343109,0.12598887085914612,0.15861687064170837,spike
1603,50,ABLATION2_repeated_spike,MOPER_NO_WSHIFT,150,129.99773449860476,1,0.1572719034540381,0.2458175227632305,0.5,0.5,-0.2015447131086343,0.028040507808327675,0.04672783985733986,0.10894763469696045,0.09307928383350372,0.1310182362794876,0.1644681692123413,spike
1604,50,ABLATION2_repeated_spike,MOPER_NO_WSHIFT,150,129.9979610487443,1,0.15727198583590704,0.24581758866872566,0.5,0.5,-0.20154478725231634,0.025323163717985153,0.11570382863283157,0.14866212010383606,0.11994105577468872,0.18153566122055054,0.22092090547084808,spike
1605,50,ABLATION2_repeated_spike,MOPER_NO_WSHIFT,150,129.99816494386988,1,0.15727205997958904,0.24581764798367123,0.5,0.5,-0.20154485398163013,0.022116931155323982,0.1007995754480362,0.14626947045326233,0.11505331099033356,0.17899364233016968,0.21503107249736786,spike
1606,50,ABLATION2_repeated_spike,MOPER_NO_WSHIFT,150,129.99834844948288,1,0.15727212670890287,0.24581770136712233,0.5,0.5,-0.2015449140380126,-1.8842526117168745e-07,0.0551137812435627,0.10680870711803436,0.08530588448047638,0.12831152975559235,0.15601998567581177,spike
1607,50,ABLATION2_repeated_spike,MOPER_NO_WSHIFT,150,129.9985136045346,1,0.1572721867652853,0.24581774941222823,0.5,0.5,-0.20154496808875677,0.010885179974138737,0.08082808554172516,0.10173866897821426,0.07952761650085449,0.12782128155231476,0.1524338573217392,spike
1608,50,ABLATION2_repeated_spike,MOPER_NO_WSHIFT,150,129.99866224408112,1,0.1572722408160295,0.2458177926528236,0.5,0.5,-0.20154501673442654,0.0007489119889214635,0.0013787337811663747,0.028847143054008484,0.020135551691055298,0.03930717706680298,0.04591649770736694,spike
1609,50,ABLATION2_repeated_spike,MOPER_NO_WSHIFT,150,129.99879601967302,1,0.1572722894616993,0.24581783156935944,0.5,0.5,-0.20154506051552937,0.013970911502838135,0.16041311621665955,0.16393856704235077,0.12811017036437988,0.20016086101531982,0.24008747935295105,spike
1610,50,ABLATION2_repeated_spike,MOPER_NO_WSHIFT,150,129.99891641770574,1,0.1572723332428021,0.2458178665942417,0.5,0.5,-0.2015450999185219,0.01957973651587963,0.12859921157360077,0.163405179977417,0.12905511260032654,0.19962051510810852,0.24083030223846436,spike
1611,50,ABLATION2_repeated_spike,MOPER_NO_WSHIFT,150,129.99902477593517,1,0.1572723726457946,0.24581789811663568,0.5,0.5,-0.20154513538121516,0.0073904916644096375,0.15956929326057434,0.1794825792312622,0.13797806203365326,0.22285644710063934,0.264042466878891,spike
1612,50,ABLATION2_repeated_spike,MOPER_NO_WSHIFT,150,129.99912229834166,1,0.1572724081084879,0.24581792648679035,0.5,0.5,-0.2015451672976391,0.004379321355372667,0.08114715665578842,0.12206551432609558,0.09174025058746338,0.15555498003959656,0.18226179480552673,spike
1613,50,ABLATION2_repeated_spike,MOPER_NO_WSHIFT,150,129.9992100685075,1,0.1572724400249118,0.24581795201992945,0.5,0.5,-0.20154519602242063,-1.7936298490894842e-07,0.11513946950435638,0.17494827508926392,0.13341137766838074,0.2164851725101471,0.2560804486274719,spike
1614,50,ABLATION2_repeated_spike,MOPER_NO_WSHIFT,150,129.99928906165675,1,0.15727246874969336,0.24581797499975472,0.5,0.5,-0.20154522187472404,0.024867786094546318,0.06359244138002396,0.09129922091960907,0.07141683995723724,0.1163901537656784,0.13903971016407013,spike
1615,50,ABLATION2_repeated_spike,MOPER_NO_WSHIFT,150,129.99936015549108,1,0.15727249460199677,0.24581799568159746,0.5,0.5,-0.2015452451417971,0.0015617257449775934,0.04331228882074356,0.09866727143526077,0.07446692883968353,0.12709325551986694,0.1486315131187439,spike
1616,50,ABLATION2_repeated_spike,MOPER_NO_WSHIFT,150,129.99942413994196,1,0.1572725178690698,0.24581801429525585,0.5,0.5,-0.20154526608216283,0.011168655008077621,0.05319633707404137,0.1071045771241188,0.07798326015472412,0.1362258940935135,0.15968793630599976,spike
1617,50,ABLATION2_repeated_spike,MOPER_NO_WSHIFT,150,129.99948172594776,1,0.15727253880943554,0.24581803104754846,0.5,0.5,-0.201545284928492,0.02183709666132927,0.12386073917150497,0.1484437882900238,0.11400057375431061,0.18651914596557617,0.22150030732154846,spike
1618,50,ABLATION2_repeated_spike,MOPER_NO_WSHIFT,150,129.999533553353,1,0.15727255765576473,0.24581804612461178,0.5,0.5,-0.20154530189018827,0.004807674326002598,0.056984178721904755,0.10432703793048859,0.07873371243476868,0.1337607502937317,0.15814396739006042,spike
1619,50,ABLATION2_repeated_spike,MOPER_NO_WSHIFT,150,129.9995801980177,1,0.157272574617461,0.2458180596939688,0.5,0.5,-0.2015453171557149,0.017181679606437683,0.12227988243103027,0.20567995309829712,0.1635773628950119,0.2527603507041931,0.3039657175540924,spike
1620,50,ABLATION2_repeated_spike,MOPER_NO_WSHIFT,150,129.99962217821593,1,0.15727258988298762,0.2458180719063901,0.5,0.5,-0.20154533089468885,0.03122897259891033,0.0635434240102768,0.10084985941648483,0.07723148167133331,0.1303960084915161,0.15674255788326263,spike
1621,50,ABLATION2_repeated_spike,MOPER_NO_WSHIFT,150,129.99965996039435,1,0.15727260362196158,0.2458180828975693,0.5,0.5,-0.20154534325976542,0.011907873675227165,0.13592681288719177,0.22845487296581268,0.17162823677062988,0.2872822880744934,0.3377854824066162,spike
1622,50,ABLATION2_repeated_spike,MOPER_NO_WSHIFT,150,129.99969396435492,1,0.15727261598703815,0.24581809278963052,0.5,0.5,-0.20154535438833432,0.01598806492984295,0.04747511073946953,0.09950456023216248,0.08034603297710419,0.12253017723560333,0.15032629668712616,spike
1623,50,ABLATION2_repeated_spike,MOPER_NO_WSHIFT,150,129.99972456791943,1,0.15727262711560708,0.2458181016924857,0.5,0.5,-0.20154536440404638,0.052773088216781616,0.04889713227748871,0.09325738251209259,0.07708069682121277,0.11528646945953369,0.1432434320449829,spike
1624,50,ABLATION2_repeated_spike,MOPER_NO_WSHIFT,150,129.9997521111275,1,0.1572726371313191,0.2458181097050553,0.5,0.5,-0.20154537341818718,0.008476478978991508,0.11453799158334732,0.1497555375099182,0.11664924025535583,0.18674615025520325,0.2212619185447693,spike
1625,50,ABLATION2_repeated_spike,MOPER_NO_WSHIFT,150,129.99977690001475,1,0.1572726461454599,0.24581811691636796,0.5,0.5,-0.20154538153091395,0.018967613577842712,0.0040313671343028545,0.05626852810382843,0.04375898838043213,0.07147285342216492,0.0874481350183487,spike
1626,50,ABLATION2_repeated_spike,MOPER_NO_WSHIFT,150,129.9997992100133,1,0.15727265425818665,0.24581812340654935,0.5,0.5,-0.201545388832368,0.0164901502430439,0.09436285495758057,0.15246692299842834,0.12254194915294647,0.18744251132011414,0.22605744004249573,spike
1627,50,ABLATION2_repeated_spike,MOPER_NO_WSHIFT,150,129.99981928901195,1,0.1572726615596407,0.24581812924771257,0.5,0.5,-0.20154539540367664,0.005000593606382608,0.12189636379480362,0.1708168387413025,0.1286148577928543,0.21301881968975067,0.2502708435058594,spike
1628,50,ABLATION2_repeated_spike,MOPER_NO_WSHIFT,150,129.99983736011075,1,0.15727266813094937,0.24581813450475953,0.5,0.5,-0.20154540131785445,0.007549575064331293,0.0827304795384407,0.163832426071167,0.12765268981456757,0.20001214742660522,0.23889873921871185,spike
1629,50,ABLATION2_repeated_spike,MOPER_NO_WSHIFT,150,129.99985362409967,1,0.15727267404512715,0.24581813923610174,0.5,0.5,-0.20154540664061443,0.04261272773146629,0.17403610050678253,0.2112736701965332,0.16671240329742432,0.258731484413147,0.3102355897426605,spike
1630,50,ABLATION2_repeated_spike,MOPER_NO_WSHIFT,150,129.9998682616897,1,0.15727267936788716,0.24581814349430975,0.5,0.5,-0.20154541143109844,0.022857947275042534,0.09087298065423965,0.15244866907596588,0.11927750706672668,0.18754751980304718,0.22454582154750824,spike
1631,50,ABLATION2_repeated_spike,MOPER_NO_WSHIFT,150,129.99988143552073,1,0.15727268415837117,0.24581814732669693,0.5,0.5,-0.20154541574253404,0.029955944046378136,0.15224093198776245,0.21439345180988312,0.17443393170833588,0.2552361488342285,0.3127918839454651,spike
1632,50,ABLATION2_repeated_spike,MOPER_NO_WSHIFT,150,129.99989329196865,1,0.15727268846980677,0.24581815077584546,0.5,0.5,-0.20154541962282613,0.025541912764310837,0.09239736199378967,0.15599718689918518,0.12532895803451538,0.18784332275390625,0.22791124880313873,spike
1633,50,ABLATION2_repeated_spike,MOPER_NO_WSHIFT,150,129.99990396277178,1,0.15727269235009883,0.2458181538800791,0.5,0.5,-0.20154542311508897,0.009227189235389233,0.04835415259003639,0.11402955651283264,0.0956750139594078,0.13331255316734314,0.1663142740726471,spike
1634,50,ABLATION2_repeated_spike,MOPER_NO_WSHIFT,150,129.99991356649463,1,0.1572726958423617,0.2458181566738894,0.5,0.5,-0.20154542625812555,0.0506434328854084,0.10675159841775894,0.1679207682609558,0.13683731853961945,0.19915461540222168,0.24434465169906616,spike
1635,50,ABLATION2_repeated_spike,MOPER_NO_WSHIFT,150,129.99992220984518,1,0.15727269898539825,0.24581815918831862,0.5,0.5,-0.20154542908685844,0.014742683619260788,0.06978847831487656,0.19196538627147675,0.1591690182685852,0.2247617542743683,0.2780476212501526,spike
1636,50,ABLATION2_repeated_spike,MOPER_NO_WSHIFT,150,129.99992998886069,1,0.15727270181413114,0.24581816145130492,0.5,0.5,-0.20154543163271804,0.04346371814608574,0.049952879548072815,0.10423843562602997,0.08750155568122864,0.1209753155708313,0.15187272429466248,spike
1637,50,ABLATION2_repeated_spike,MOPER_NO_WSHIFT,150,129.99993698997463,1,0.15727270435999077,0.24581816348799262,0.5,0.5,-0.2015454339239917,0.043004997074604034,0.0944976881146431,0.21745145320892334,0.1778993308544159,0.25803565979003906,0.31677526235580444,spike
1638,50,ABLATION2_repeated_spike,MOPER_NO_WSHIFT,150,129.99994329097717,1,0.15727270665126444,0.24581816532101158,0.5,0.5,-0.201545435986138,0.02617921680212021,0.04472305253148079,0.14047083258628845,0.12314775586128235,0.15779390931129456,0.20310810208320618,spike
1639,50,ABLATION2_repeated_spike,MOPER_NO_WSHIFT,150,129.99994896187945,1,0.1572727087134107,0.24581816697072856,0.5,0.5,-0.20154543784206963,0.043300580233335495,0.05129688233137131,0.13146592676639557,0.11353097856044769,0.14940087497234344,0.1906134933233261,spike
1640,50,ABLATION2_repeated_spike,MOPER_NO_WSHIFT,150,129.9999540656915,1,0.15727271056934236,0.24581816845547388,0.5,0.5,-0.2015454395124081,0.06973344087600708,0.04886580631136894,0.12094547599554062,0.10429563373327255,0.1376565843820572,0.17625464498996735,spike
1641,50,ABLATION2_repeated_spike,MOPER_NO_WSHIFT,150,129.99995865912234,1,0.15727271223968084,0.2458181697917447,0.5,0.5,-0.20154544101571276,0.05058784782886505,0.09424328804016113,0.19791702926158905,0.16747981309890747,0.22854384779930115,0.2866220772266388,spike
1642,50,ABLATION2_repeated_spike,MOPER_NO_WSHIFT,150,129.9999627932101,1,0.1572727137429855,0.2458181709943884,0.5,0.5,-0.20154544236868693,0.04366128519177437,0.07961323112249374,0.17230379581451416,0.14254048466682434,0.2024170160293579,0.2504624128341675,spike
1643,50,ABLATION2_repeated_spike,MOPER_NO_WSHIFT,150,129.9999665138891,1,0.15727271509595966,0.24581817207676776,0.5,0.5,-0.20154544358636373,0.09579773247241974,0.12021519988775253,0.17723311483860016,0.1527343988418579,0.20251113176345825,0.2594539523124695,spike
1644,50,ABLATION2_repeated_spike,MOPER_NO_WSHIFT,150,129.99996986250017,1,0.15727271631363643,0.24581817305090914,0.5,0.5,-0.20154544468227278,0.025750696659088135,0.04368013143539429,0.08970104902982712,0.07488009333610535,0.1055113822221756,0.13257759809494019,spike
1645,50,ABLATION2_repeated_spike,MOPER_NO_WSHIFT,150,129.99997287625015,1,0.15727271740954551,0.24581817392763644,0.5,0.5,-0.20154544566859098,0.048675257712602615,0.12188469618558884,0.157390296459198,0.13001134991645813,0.18867650628089905,0.233197882771492,spike
1646,50,ABLATION2_repeated_spike,MOPER_NO_WSHIFT,150,129.99997558862515,1,0.15727271839586368,0.24581817471669098,0.5,0.5,-0.20154544655627732,0.005992726422846317,0.05019445717334747,0.10258019715547562,0.08202897012233734,0.12600228190422058,0.15151146054267883,spike
1647,50,ABLATION2_repeated_spike,MOPER_NO_WSHIFT,150,129.99997802976264,1,0.15727271928355005,0.24581817542684004,0.5,0.5,-0.20154544735519503,0.014967195689678192,0.05292116105556488,0.10221852362155914,0.08182981610298157,0.12398725748062134,0.15030868351459503,spike
1648,50,ABLATION2_repeated_spike,MOPER_NO_WSHIFT,150,129.99998022678636,1,0.15727272008246776,0.24581817606597423,0.5,0.5,-0.20154544807422098,0.014917229302227497,0.06965504586696625,0.14609912037849426,0.11387814581394196,0.17966459691524506,0.21657301485538483,spike
1649,50,ABLATION2_repeated_spike,MOPER_NO_WSHIFT,150,129.9999822041077,1,0.1572727208014937,0.24581817664119499,0.5,0.5,-0.20154544872134433,0.0028972644358873367,0.0561719611287117,0.10020366311073303,0.08030042052268982,0.12218981981277466,0.1480216085910797,spike
1650,50,ABLATION2_repeated_spike,MOPER_NO_WSHIFT,150,129.99998398369695,1,0.1572727214486171,0.2458181771588937,0.5,0.5,-0.2015454493037554,0.008572515100240707,0.04359448701143265,0.10071645677089691,0.07905277609825134,0.12238013744354248,0.1479702889919281,spike
1651,50,ABLATION2_repeated_spike,MOPER_NO_WSHIFT,150,129.99998558532724,1,0.1572727220310281,0.2458181776248225,0.5,0.5,-0.2015454498279253,0.01939699985086918,0.0025369946379214525,0.034687191247940063,0.023544639348983765,0.04684203863143921,0.05448256805539131,spike
1652,50,ABLATION2_repeated_spike,MOPER_NO_WSHIFT,150,129.9999870267945,1,0.157272722555198,0.2458181780441584,0.5,0.5,-0.20154545029967819,0.003409864380955696,0.0036421576514840126,0.037026092410087585,0.027659475803375244,0.04662275314331055,0.056156404316425323,spike
1653,50,ABLATION2_repeated_spike,MOPER_NO_WSHIFT,150,129.99998832411507,1,0.15727272302695094,0.24581817842156078,0.5,0.5,-0.20154545072425586,0.006623562891036272,0.0893249586224556,0.12500354647636414,0.09333916008472443,0.16034053266048431,0.18701618909835815,spike
1654,50,ABLATION2_repeated_spike,MOPER_NO_WSHIFT,150,129.99998949170356,1,0.15727272345152857,0.24581817876122286,0.5,0.5,-0.20154545110637573,-0.0020341328345239162,0.19838786125183105,0.26829981803894043,0.20453812181949615,0.3369179368019104,0.3949662744998932,spike
1655,50,ABLATION2_repeated_spike,MOPER_NO_WSHIFT,150,129.99999054253323,1,0.15727272383364846,0.24581817906691877,0.5,0.5,-0.20154545145028363,0.004465554375201464,0.17964644730091095,0.19594794511795044,0.1495032161474228,0.24522539973258972,0.2877403497695923,spike
1656,50,ABLATION2_repeated_spike,MOPER_NO_WSHIFT,150,129.9999914882799,1,0.15727272417755633,0.24581817934204508,0.5,0.5,-0.2015454517598007,0.00152855075430125,0.2751821279525757,0.30222177505493164,0.22875197231769562,0.3803609609603882,0.4449295401573181,spike
1657,50,ABLATION2_repeated_spike,MOPER_NO_WSHIFT,150,129.99999233945192,1,0.15727272448707344,0.2458181795896588,0.5,0.5,-0.2015454520383661,-0.013631094247102737,0.1981475055217743,0.24336043000221252,0.17671817541122437,0.3136877715587616,0.36182868480682373,spike
1658,50,ABLATION2_repeated_spike,MOPER_NO_WSHIFT,150,129.99999310550675,1,0.15727272476563883,0.24581817981251108,0.5,0.5,-0.20154545228907494,-0.007058480754494667,0.10204224288463593,0.1312885731458664,0.09523214399814606,0.17204715311527252,0.19735802710056305,spike
1659,50,ABLATION2_repeated_spike,MOPER_NO_WSHIFT,150,129.99999379495608,1,0.15727272501634768,0.24581818001307815,0.5,0.5,-0.2015454525147129,-0.013404712080955505,0.150100439786911,0.1876864731311798,0.1319674253463745,0.24723245203495026,0.28101569414138794,spike
1660,50,ABLATION2_repeated_spike,MOPER_NO_WSHIFT,150,129.9999944154605,1,0.15727272524198563,0.24581818019358853,0.5,0.5,-0.20154545271778707,0.0011956149246543646,0.09114864468574524,0.1329927295446396,0.09653960168361664,0.17599128186702728,0.20245203375816345,spike
1661,50,ABLATION2_repeated_spike,MOPER_NO_WSHIFT,150,129.99999497391445,1,0.1572727254450598,0.24581818035604786,0.5,0.5,-0.2015454529005538,-0.0017714101122692227,0.16380013525485992,0.2202717661857605,0.1550966054201126,0.29375311732292175,0.33454084396362305,spike
1662,50,ABLATION2_repeated_spike,MOPER_NO_WSHIFT,150,129.999995476523,1,0.15727272562782654,0.24581818050226123,0.5,0.5,-0.2015454530650439,0.015202566981315613,0.0852397009730339,0.10555961728096008,0.07825314998626709,0.14115139842033386,0.16324260830879211,spike
1663,50,ABLATION2_repeated_spike,MOPER_NO_WSHIFT,150,129.9999959288707,1,0.15727272579231663,0.2458181806338533,0.5,0.5,-0.20154545321308498,-0.004472177010029554,0.10987082868814468,0.19121307134628296,0.13569743931293488,0.25563642382621765,0.2919757664203644,spike
1664,50,ABLATION2_repeated_spike,MOPER_NO_WSHIFT,150,129.99999633598364,1,0.15727272594035768,0.24581818075228618,0.5,0.5,-0.20154545334632193,0.002872529672458768,0.09388187527656555,0.12328649312257767,0.08315868675708771,0.173395037651062,0.19530346989631653,spike
1665,50,ABLATION2_repeated_spike,MOPER_NO_WSHIFT,150,129.99999670238526,1,0.15727272607359463,0.24581818085887575,0.5,0.5,-0.2015454534662352,0.010999320074915886,0.1320994645357132,0.16797000169754028,0.1301541030406952,0.22000420093536377,0.26161572337150574,spike
1666,50,ABLATION2_repeated_spike,MOPER_NO_WSHIFT,150,129.99999703214672,1,0.1572727261935079,0.24581818095480634,0.5,0.5,-0.20154545357415712,0.009611984714865685,0.12049749493598938,0.16448965668678284,0.1269671618938446,0.20728106796741486,0.2508402168750763,spike
1667,50,ABLATION2_repeated_spike,MOPER_NO_WSHIFT,150,129.99999732893207,1,0.15727272630142985,0.2458181810411439,0.5,0.5,-0.20154545367128687,0.0077866846695542336,0.08171594142913818,0.1459408402442932,0.10722973942756653,0.18821434676647186,0.22043929994106293,spike
1668,50,ABLATION2_repeated_spike,MOPER_NO_WSHIFT,150,129.99999759603887,1,0.15727272639855958,0.24581818111884768,0.5,0.5,-0.20154545375870364,0.015418119728565216,0.13070127367973328,0.15072482824325562,0.11908072233200073,0.1957445740699768,0.23203933238983154,spike
1669,50,ABLATION2_repeated_spike,MOPER_NO_WSHIFT,150,129.999997836435,1,0.15727272648597637,0.24581818118878113,0.5,0.5,-0.20154545383737876,0.025155873969197273,0.07163313031196594,0.1398221254348755,0.11496837437152863,0.1769118458032608,0.21478550136089325,spike
1670,50,ABLATION2_repeated_spike,MOPER_NO_WSHIFT,150,129.9999980527915,1,0.15727272656465147,0.24581818125172117,0.5,0.5,-0.20154545390818632,0.02797461859881878,0.05443460866808891,0.08797578513622284,0.0800304263830185,0.11011333763599396,0.14021721482276917,spike
1671,50,ABLATION2_repeated_spike,MOPER_NO_WSHIFT,150,129.99999824751237,1,0.15727272663545905,0.24581818130836725,0.5,0.5,-0.20154545397191315,0.03899000957608223,0.05572574958205223,0.09858550876379013,0.09607387334108353,0.11413127183914185,0.15784749388694763,spike
1672,50,ABLATION2_repeated_spike,MOPER_NO_WSHIFT,150,129.99999842276114,1,0.15727272669918588,0.24581818135934874,0.5,0.5,-0.20154545402926732,0.022861285135149956,0.06181782856583595,0.09421756863594055,0.07676353305578232,0.11539728939533234,0.1410685032606125,spike
1673,50,ABLATION2_repeated_spike,MOPER_NO_WSHIFT,150,129.99999858048503,1,0.15727272675654003,0.24581818140523204,0.5,0.5,-0.20154545408088603,0.004051289986819029,0.004048017784953117,0.052340466529130936,0.05439130216836929,0.055518269538879395,0.08255399763584137,spike
1674,50,ABLATION2_repeated_spike,MOPER_NO_WSHIFT,150,129.99999872243654,1,0.15727272680815874,0.245818181446527,0.5,0.5,-0.20154545412734287,0.02952660620212555,0.0933988019824028,0.15184727311134338,0.1236528530716896,0.18343213200569153,0.2255323827266693,spike
1675,50,ABLATION2_repeated_spike,MOPER_NO_WSHIFT,150,129.9999988501929,1,0.1572727268546156,0.2458181814836925,0.5,0.5,-0.20154545416915404,0.012107747606933117,0.005801720079034567,0.059552159160375595,0.06518597155809402,0.0619245320558548,0.09431850910186768,spike
1676,50,ABLATION2_repeated_spike,MOPER_NO_WSHIFT,150,129.9999989651736,1,0.15727272689642677,0.2458181815171414,0.5,0.5,-0.2015454542067841,0.015182532370090485,0.1560245156288147,0.2141188681125641,0.17652904987335205,0.26105669140815735,0.31974831223487854,spike
1677,50,ABLATION2_repeated_spike,MOPER_NO_WSHIFT,150,129.99999906865625,1,0.1572727269340568,0.24581818154724544,0.5,0.5,-0.20154545424065112,0.023808905854821205,0.06213385611772537,0.09883201867341995,0.08738519996404648,0.1214112788438797,0.15340302884578705,spike
1678,50,ABLATION2_repeated_spike,MOPER_NO_WSHIFT,150,129.99999916179064,1,0.15727272696792388,0.2458181815743391,0.5,0.5,-0.2015454542711315,0.007510937750339508,0.08852167427539825,0.16365842521190643,0.13395357131958008,0.19654077291488647,0.241158127784729,spike
1679,50,ABLATION2_repeated_spike,MOPER_NO_WSHIFT,150,129.99999924561158,1,0.15727272699840422,0.24581818159872337,0.5,0.5,-0.2015454542985638,0.010644188150763512,0.04670964926481247,0.08584709465503693,0.0666404664516449,0.10743317008018494,0.12735110521316528,spike
1680,50,ABLATION2_repeated_spike,MOPER_NO_WSHIFT,150,129.99999932105044,1,0.15727272702583653,0.24581818162066926,0.5,0.5,-0.20154545432325288,0.04136062413454056,0.002677066484466195,0.04709506779909134,0.04490096867084503,0.05196875333786011,0.07219038158655167,spike
1681,50,ABLATION2_repeated_spike,MOPER_NO_WSHIFT,150,129.9999993889454,1,0.1572727270505256,0.24581818164042052,0.5,0.5,-0.20154545434547305,0.02222193405032158,0.003547776723280549,0.05401552468538284,0.04674476385116577,0.0655611902475357,0.08224248886108398,spike
1682,50,ABLATION2_repeated_spike,MOPER_NO_WSHIFT,150,129.9999994500509,1,0.15727272707274578,0.24581818165819663,0.5,0.5,-0.20154545436547122,0.028246963396668434,0.0012727868743240833,0.03783006966114044,0.030453205108642578,0.046986937522888184,0.05821559578180313,spike
1683,50,ABLATION2_repeated_spike,MOPER_NO_WSHIFT,150,129.99999950504582,1,0.15727272709274392,0.24581818167419517,0.5,0.5,-0.20154545438346955,0.024114077910780907,0.12028917670249939,0.2092549204826355,0.16615676879882812,0.2543816566467285,0.30590346455574036,spike
1684,50,ABLATION2_repeated_spike,MOPER_NO_WSHIFT,150,129.99999955454126,1,0.15727272711074228,0.24581818168859382,0.5,0.5,-0.20154545439966803,0.026911867782473564,0.06826399266719818,0.09994470328092575,0.0794927328824997,0.12252485752105713,0.14788661897182465,spike
1685,50,ABLATION2_repeated_spike,MOPER_NO_WSHIFT,150,129.99999959908712,1,0.15727272712694076,0.24581818170155262,0.5,0.5,-0.2015454544142467,0.038054436445236206,0.05281360447406769,0.08931780606508255,0.06964993476867676,0.11114846169948578,0.13310018181800842,spike
1686,50,ABLATION2_repeated_spike,MOPER_NO_WSHIFT,150,129.9999996391784,1,0.15727272714151944,0.24581818171321557,0.5,0.5,-0.2015454544273675,0.014542089775204659,0.15628640353679657,0.20265257358551025,0.15808509290218353,0.24722005426883698,0.2949780523777008,spike
1687,50,ABLATION2_repeated_spike,MOPER_NO_WSHIFT,150,129.99999967526057,1,0.15727272715464022,0.24581818172371217,0.5,0.5,-0.2015454544391762,0.005208897870033979,0.05620775744318962,0.09075331687927246,0.06823210418224335,0.11364643275737762,0.13334785401821136,spike
1688,50,ABLATION2_repeated_spike,MOPER_NO_WSHIFT,150,129.9999997077345,1,0.1572727271664489,0.24581818173315917,0.5,0.5,-0.20154545444980404,0.015245402231812477,0.0556739941239357,0.09935717284679413,0.07912470400333405,0.12197475135326385,0.14687751233577728,spike
1689,50,ABLATION2_repeated_spike,MOPER_NO_WSHIFT,150,129.99999973696106,1,0.15727272717707674,0.24581818174166142,0.5,0.5,-0.20154545445936908,0.008752519264817238,0.06161201000213623,0.09198562800884247,0.07099354267120361,0.11784279346466064,0.13932323455810547,spike
1690,50,ABLATION2_repeated_spike,MOPER_NO_WSHIFT,150,129.99999976326495,1,0.15727272718664181,0.24581818174931347,0.5,0.5,-0.20154545446797764,0.01041893195360899,0.14827996492385864,0.16855905950069427,0.13372699916362762,0.20917898416519165,0.25062239170074463,spike
1691,50,ABLATION2_repeated_spike,MOPER_NO_WSHIFT,150,129.99999978693847,1,0.15727272719525037,0.2458181817562003,0.5,0.5,-0.20154545447572533,0.0255338866263628,0.0007552553433924913,0.025980830192565918,0.018667027354240417,0.0341058224439621,0.040196195244789124,spike
1692,50,ABLATION2_repeated_spike,MOPER_NO_WSHIFT,150,129.99999980824464,1,0.15727272720299806,0.24581818176239845,0.5,0.5,-0.20154545448269826,0.022226987406611443,0.0006696850177831948,0.024667613208293915,0.019280865788459778,0.03287917375564575,0.039899230003356934,spike
1693,50,ABLATION2_repeated_spike,MOPER_NO_WSHIFT,150,129.9999998274202,1,0.15727272720997099,0.24581818176797682,0.5,0.5,-0.2015454544889739,0.008123448118567467,0.004079562146216631,0.03381536900997162,0.026245400309562683,0.0467158704996109,0.05523347109556198,spike
1694,50,ABLATION2_repeated_spike,MOPER_NO_WSHIFT,150,129.9999998446782,1,0.1572727272162466,0.2458181817729973,0.5,0.5,-0.20154545449462197,0.003333157394081354,0.08084962517023087,0.10881751030683517,0.0810382068157196,0.1378147155046463,0.1608288437128067,spike
1695,50,ABLATION2_repeated_spike,MOPER_NO_WSHIFT,150,129.99999986021038,1,0.1572727272218947,0.2458181817775158,0.5,0.5,-0.20154545449970523,-0.0006464936304837465,0.03179969638586044,0.13967861235141754,0.10472384095191956,0.1784418374300003,0.2085481733083725,spike
1696,50,ABLATION2_repeated_spike,MOPER_NO_WSHIFT,150,129.99999987418934,1,0.15727272722697794,0.24581818178158238,0.5,0.5,-0.20154545450428016,0.000613612006418407,0.21761280298233032,0.2316323220729828,0.17847386002540588,0.2866476774215698,0.3393447995185852,spike
1697,50,ABLATION2_repeated_spike,MOPER_NO_WSHIFT,150,129.9999998867704,1,0.1572727272315529,0.24581818178524234,0.5,0.5,-0.20154545450839761,0.0055781165137887,0.1391434520483017,0.1766098439693451,0.13307444751262665,0.221685528755188,0.2599610686302185,spike
1698,50,ABLATION2_repeated_spike,MOPER_NO_WSHIFT,150,129.9999998980934,1,0.15727272723567035,0.24581818178853632,0.5,0.5,-0.20154545451210332,0.00223088962957263,0.0541578084230423,0.11210424453020096,0.07823017239570618,0.15009789168834686,0.17052501440048218,spike
1699,50,ABLATION2_repeated_spike,MOPER_NO_WSHIFT,150,129.99999990828405,1,0.15727272723937602,0.24581818179150083,0.5,0.5,-0.20154545451543843,0.0011702381307259202,0.08727745711803436,0.1113176941871643,0.07647299766540527,0.14735016226768494,0.16745232045650482,spike
1700,50,ABLATION2_repeated_spike,MOPER_NO_WSHIFT,150,129.99999991745565,1,0.15727272724271113,0.24581818179416892,0.5,0.5,-0.20154545451844003,-0.00357493432238698,0.07497956603765488,0.10298077017068863,0.07518352568149567,0.1358231008052826,0.15798506140708923,spike
1701,50,ABLATION2_repeated_spike,MOPER_NO_WSHIFT,150,129.99999992571009,1,0.15727272724571276,0.24581818179657022,0.5,0.5,-0.20154545452114148,0.006016367580741644,0.07040147483348846,0.11787009984254837,0.0829305648803711,0.15608827769756317,0.18186362087726593,spike
1702,50,ABLATION2_repeated_spike,MOPER_NO_WSHIFT,150,129.99999993313907,1,0.1572727272484142,0.24581818179873138,0.5,0.5,-0.2015454545235728,0.002203569747507572,0.1129927784204483,0.1662847101688385,0.12286512553691864,0.21534128487110138,0.253135621547699,spike
1703,50,ABLATION2_repeated_spike,MOPER_NO_WSHIFT,150,129.99999993982516,1,0.1572727272508455,0.24581818180067644,0.5,0.5,-0.20154545452576098,0.03234602138400078,0.14895372092723846,0.2059742659330368,0.15894155204296112,0.2592402994632721,0.309063196182251,spike
1704,50,ABLATION2_repeated_spike,MOPER_NO_WSHIFT,150,129.99999994584266,1,0.15727272725303368,0.24581818180242698,0.5,0.5,-0.20154545452773032,0.004059584345668554,0.0010855966247618198,0.03433029353618622,0.03151354193687439,0.04021221399307251,0.05318659543991089,spike
1705,50,ABLATION2_repeated_spike,MOPER_NO_WSHIFT,150,129.99999995125842,1,0.15727272725500308,0.2458181818040025,0.5,0.5,-0.2015454545295028,0.013056112453341484,0.08445775508880615,0.1727798879146576,0.14731810986995697,0.20323601365089417,0.2574271857738495,spike
1706,50,ABLATION2_repeated_spike,MOPER_NO_WSHIFT,150,129.99999995613257,1,0.1572727272567755,0.24581818180542042,0.5,0.5,-0.20154545453109796,0.03521035239100456,0.06493423134088516,0.11727789789438248,0.10809195786714554,0.13105715811252594,0.17694109678268433,spike
1707,50,ABLATION2_repeated_spike,MOPER_NO_WSHIFT,150,129.99999996051932,1,0.15727272725837066,0.24581818180669657,0.5,0.5,-0.2015454545325336,0.03702306002378464,0.06927917897701263,0.1632000058889389,0.1373986303806305,0.19097992777824402,0.24092134833335876,spike
1708,50,ABLATION2_repeated_spike,MOPER_NO_WSHIFT,150,129.9999999644674,1,0.15727272725980634,0.2458181818078451,0.5,0.5,-0.20154545453382572,0.05007658526301384,0.046577468514442444,0.10438069701194763,0.0896412804722786,0.11912010610103607,0.15284599363803864,spike
1709,50,ABLATION2_repeated_spike,MOPER_NO_WSHIFT,150,129.9999999680207,1,0.15727272726109845,0.24581818180887877,0.5,0.5,-0.20154545453498862,0.03701387718319893,0.007566218730062246,0.07187100499868393,0.0699675977230072,0.07646898925304413,0.1065511554479599,spike
1710,50,ABLATION2_repeated_spike,MOPER_NO_WSHIFT,150,129.99999997121864,1,0.15727272726226132,0.24581818180980908,0.5,0.5,-0.2015454545360352,0.005387794692069292,0.07849012315273285,0.15478679537773132,0.12587454915046692,0.18369902670383453,0.22604051232337952,spike
1711,50,ABLATION2_repeated_spike,MOPER_NO_WSHIFT,150,129.9999999740968,1,0.15727272726330793,0.24581818181064635,0.5,0.5,-0.20154545453697714,0.009642697870731354,0.07530093193054199,0.1651643067598343,0.13236530125141144,0.19872786104679108,0.2407093644142151,spike
1712,50,ABLATION2_repeated_spike,MOPER_NO_WSHIFT,150,129.99999997668712,1,0.15727272726424985,0.24581818181139992,0.5,0.5,-0.20154545453782488,0.027034828439354897,0.041373662650585175,0.10853961110115051,0.08982694149017334,0.12756934762001038,0.15873515605926514,spike
1713,50,ABLATION2_repeated_spike,MOPER_NO_WSHIFT,150,129.9999999790184,1,0.1572727272650976,0.2458181818120781,0.5,0.5,-0.20154545453858785,0.005911948624998331,0.04400310292840004,0.09417224675416946,0.07516062259674072,0.11564745008945465,0.1400192677974701,spike
1714,50,ABLATION2_repeated_spike,MOPER_NO_WSHIFT,150,129.99999998111656,1,0.15727272726586056,0.24581818181268844,0.5,0.5,-0.2015454545392745,0.00400322861969471,0.004749894142150879,0.052524298429489136,0.0435236394405365,0.06874442100524902,0.08249638974666595,spike
1715,50,ABLATION2_repeated_spike,MOPER_NO_WSHIFT,150,129.9999999830049,1,0.15727272726654723,0.24581818181323778,0.5,0.5,-0.2015454545398925,0.00719471275806427,0.004277579952031374,0.04935649782419205,0.0372554212808609,0.06199201941490173,0.07391518354415894,spike
1716,50,ABLATION2_repeated_spike,MOPER_NO_WSHIFT,150,129.9999999847044,1,0.15727272726716524,0.24581818181373222,0.5,0.5,-0.20154545454044873,0.022536631673574448,0.047034431248903275,0.0938168615102768,0.07272805273532867,0.11718393862247467,0.14004266262054443,spike
1717,50,ABLATION2_repeated_spike,MOPER_NO_WSHIFT,150,129.99999998623395,1,0.15727272726772143,0.24581818181417714,0.5,0.5,-0.2015454545409493,-0.002285819733515382,0.11694345623254776,0.14987725019454956,0.11949890851974487,0.18786080181598663,0.22317631542682648,spike
1718,50,ABLATION2_repeated_spike,MOPER_NO_WSHIFT,150,129.99999998761055,1,0.15727272726822203,0.24581818181457765,0.5,0.5,-0.20154545454139983,-0.011009001173079014,0.20683139562606812,0.2503257393836975,0.20212018489837646,0.30453944206237793,0.3673490881919861,spike
1719,50,ABLATION2_repeated_spike,MOPER_NO_WSHIFT,150,129.99999998884948,1,0.15727272726867253,0.24581818181493803,0.5,0.5,-0.20154545454180528,-0.010795420035719872,0.17671464383602142,0.20479145646095276,0.16558696329593658,0.24867591261863708,0.30055156350135803,spike
1720,50,ABLATION2_repeated_spike,MOPER_NO_WSHIFT,150,129.99999998996452,1,0.157272727269078,0.24581818181526244,0.5,0.5,-0.2015454545421702,-0.009776150807738304,0.20341163873672485,0.21754322946071625,0.17415937781333923,0.2632444500923157,0.3168793022632599,spike
1721,50,ABLATION2_repeated_spike,MOPER_NO_WSHIFT,150,129.9999999909681,1,0.15727272726944294,0.24581818181555437,0.5,0.5,-0.20154545454249867,-0.0021267535630613565,0.0715174600481987,0.1088423877954483,0.08737839758396149,0.1308155208826065,0.1581999808549881,spike
1722,50,ABLATION2_repeated_spike,MOPER_NO_WSHIFT,150,129.99999999187128,1,0.15727272726977137,0.2458181818158171,0.5,0.5,-0.20154545454279424,-3.8022614035071456e-07,0.17867039144039154,0.2626335620880127,0.20887967944145203,0.31638747453689575,0.37989532947540283,spike
1723,50,ABLATION2_repeated_spike,MOPER_NO_WSHIFT,150,129.99999999268414,1,0.15727272727006697,0.24581818181605358,0.5,0.5,-0.20154545454306028,-0.0203235000371933,0.17117366194725037,0.27319782972335815,0.21611787378787994,0.3337135910987854,0.39908552169799805,spike
1724,50,ABLATION2_repeated_spike,MOPER_NO_WSHIFT,150,129.9999999934157,1,0.15727272727033298,0.2458181818162664,0.5,0.5,-0.2015454545432997,-0.02016030251979828,0.1868739128112793,0.2862967550754547,0.22303025424480438,0.3521896004676819,0.4180528521537781,spike
1725,50,ABLATION2_repeated_spike,MOPER_NO_WSHIFT,150,129.99999999407413,1,0.1572727272705724,0.24581818181645793,0.5,0.5,-0.20154545454351516,-0.006815378554165363,0.15289415419101715,0.2136392444372177,0.16423769295215607,0.264902263879776,0.31241267919540405,spike
1726,50,ABLATION2_repeated_spike,MOPER_NO_WSHIFT,150,129.99999999466672,1,0.15727272727078792,0.24581818181663034,0.5,0.5,-0.20154545454370915,-0.011061877943575382,0.0618615560233593,0.10931875556707382,0.08597657084465027,0.13981981575489044,0.16621673107147217,spike
1727,50,ABLATION2_repeated_spike,MOPER_NO_WSHIFT,150,129.99999999520006,1,0.15727272727098185,0.2458181818167855,0.5,0.5,-0.20154545454388367,-0.003669177182018757,0.13571913540363312,0.18443988263607025,0.1378980129957199,0.2334997057914734,0.2719767987728119,spike
1728,50,ABLATION2_repeated_spike,MOPER_NO_WSHIFT,150,129.99999999568007,1,0.1572727272711564,0.24581818181692516,0.5,0.5,-0.20154545454404077,0.0024166088551282883,0.0463847853243351,0.08795995265245438,0.06540462374687195,0.11314626038074493,0.13151438534259796,spike
1729,50,ABLATION2_repeated_spike,MOPER_NO_WSHIFT,150,129.99999999611208,1,0.15727272727131347,0.24581818181705078,0.5,0.5,-0.20154545454418213,0.008706973865628242,0.04060584306716919,0.09153585135936737,0.06759658455848694,0.11851432919502258,0.13837549090385437,spike
1730,50,ABLATION2_repeated_spike,MOPER_NO_WSHIFT,150,129.9999999965009,1,0.15727272727145486,0.24581818181716392,0.5,0.5,-0.2015454545443094,0.004462281242012978,0.0013617172371596098,0.031993940472602844,0.021224841475486755,0.04634995758533478,0.05253850668668747,spike
1731,50,ABLATION2_repeated_spike,MOPER_NO_WSHIFT,150,129.99999999685082,1,0.15727272727158212,0.24581818181726572,0.5,0.5,-0.2015454545444239,0.005025888327509165,0.11496154963970184,0.1614573895931244,0.12255533039569855,0.20724809169769287,0.2437167763710022,spike
1732,50,ABLATION2_repeated_spike,MOPER_NO_WSHIFT,150,129.99999999716573,1,0.15727272727169664,0.24581818181735732,0.5,0.5,-0.201545454544527,0.007641844917088747,0.04345453530550003,0.09645969420671463,0.0731857568025589,0.12405112385749817,0.14805662631988525,spike
1733,50,ABLATION2_repeated_spike,MOPER_NO_WSHIFT,150,129.99999999744915,1,0.1572727272717997,0.24581818181743975,0.5,0.5,-0.20154545454461972,0.00016956239414867014,0.11043481528759003,0.1535218507051468,0.11288908123970032,0.19928492605686188,0.2318984866142273,spike
1734,50,ABLATION2_repeated_spike,MOPER_NO_WSHIFT,150,129.99999999770424,1,0.15727272727189245,0.24581818181751397,0.5,0.5,-0.2015454545447032,0.005835616961121559,0.11136966943740845,0.15929123759269714,0.12413226068019867,0.19522564113140106,0.2338312566280365,spike
1735,50,ABLATION2_repeated_spike,MOPER_NO_WSHIFT,150,129.9999999979338,1,0.15727272727197594,0.24581818181758075,0.5,0.5,-0.20154545454477835,0.004334861878305674,0.06972822546958923,0.15769119560718536,0.12665525078773499,0.19070561230182648,0.2330688238143921,spike
1736,50,ABLATION2_repeated_spike,MOPER_NO_WSHIFT,150,129.99999999814042,1,0.15727272727205108,0.24581818181764087,0.5,0.5,-0.20154545454484596,0.017176242545247078,0.0015728940488770604,0.032601870596408844,0.035197094082832336,0.045500218868255615,0.0600411631166935,spike
1737,50,ABLATION2_repeated_spike,MOPER_NO_WSHIFT,150,129.9999999983264,1,0.1572727272721187,0.245818181817695,0.5,0.5,-0.20154545454490685,0.0057970392517745495,0.0952708050608635,0.14032945036888123,0.11472532153129578,0.17612092196941376,0.21413332223892212,spike
1738,50,ABLATION2_repeated_spike,MOPER_NO_WSHIFT,150,129.99999999849376,1,0.15727272727217956,0.24581818181774368,0.5,0.5,-0.20154545454496162,0.02019963227212429,0.051228560507297516,0.09325030446052551,0.07597429305315018,0.11348855495452881,0.13925157487392426,spike
1739,50,ABLATION2_repeated_spike,MOPER_NO_WSHIFT,150,129.9999999986444,1,0.15727272727223432,0.24581818181778747,0.5,0.5,-0.20154545454501088,0.009909015148878098,0.046136315912008286,0.10870814323425293,0.09046417474746704,0.1286267340183258,0.16023655235767365,spike
1740,50,ABLATION2_repeated_spike,MOPER_NO_WSHIFT,150,129.99999999877997,1,0.1572727272722836,0.2458181818178269,0.5,0.5,-0.20154545454505524,0.004115723539143801,0.09618792682886124,0.16476351022720337,0.13390707969665527,0.198592409491539,0.24221327900886536,spike
1741,50,ABLATION2_repeated_spike,MOPER_NO_WSHIFT,150,129.99999999890196,1,0.15727272727232797,0.2458181818178624,0.5,0.5,-0.2015454545450952,0.010747506283223629,0.043294552713632584,0.08326670527458191,0.0653507262468338,0.10641218721866608,0.12622472643852234,spike
1742,50,ABLATION2_repeated_spike,MOPER_NO_WSHIFT,150,129.99999999901178,1,0.1572727272723679,0.24581818181789433,0.5,0.5,-0.20154545454513112,0.0077292462810873985,0.04174593836069107,0.10056217014789581,0.08462493121623993,0.12299595773220062,0.1525927186012268,spike
1743,50,ABLATION2_repeated_spike,MOPER_NO_WSHIFT,150,129.9999999991106,1,0.15727272727240388,0.24581818181792314,0.5,0.5,-0.2015454545451635,0.00917759444564581,0.05695958063006401,0.09347078949213028,0.07263189554214478,0.11772425472736359,0.13974201679229736,spike
1744,50,ABLATION2_repeated_spike,MOPER_NO_WSHIFT,150,129.99999999919953,1,0.15727272727243619,0.24581818181794896,0.5,0.5,-0.20154545454519257,0.005605949088931084,0.08487332612276077,0.14237986505031586,0.10948579013347626,0.1763782650232315,0.20909343659877777,spike
1745,50,ABLATION2_repeated_spike,MOPER_NO_WSHIFT,150,129.99999999927957,1,0.1572727272724653,0.24581818181797227,0.5,0.5,-0.20154545454521877,0.020474689081311226,0.046739429235458374,0.08844877779483795,0.073322594165802,0.11174055933952332,0.13617633283138275,spike
1746,50,ABLATION2_repeated_spike,MOPER_NO_WSHIFT,150,129.99999999935162,1,0.1572727272724915,0.2458181818179932,0.5,0.5,-0.20154545454524236,0.010141516104340553,0.1331384778022766,0.2042534053325653,0.1630038619041443,0.25213348865509033,0.30192676186561584,spike
1747,50,ABLATION2_repeated_spike,MOPER_NO_WSHIFT,150,129.99999999941645,1,0.15727272727251507,0.24581818181801207,0.5,0.5,-0.20154545454526357,0.01590045355260372,0.04969947040081024,0.09057817608118057,0.06822168827056885,0.11401037871837616,0.13519258797168732,spike
1748,50,ABLATION2_repeated_spike,MOPER_NO_WSHIFT,150,129.99999999947482,1,0.1572727272725363,0.24581818181802906,0.5,0.5,-0.20154545454528267,0.012111488729715347,0.04647350311279297,0.08890078216791153,0.06925588846206665,0.1098027378320694,0.13195765018463135,spike
1749,50,ABLATION2_repeated_spike,MOPER_NO_WSHIFT,150,129.99999999952735,1,0.1572727272725554,0.24581818181804432,0.5,0.5,-0.20154545454529987,0.0033112585078924894,0.06731265038251877,0.10322976857423782,0.08008486032485962,0.12899471819400787,0.15334054827690125,spike
1750,50,ABLATION2_repeated_spike,MOPER_NO_WSHIFT,150,129.9999999995746,1,0.15727272727257258,0.2458181818180581,0.5,0.5,-0.20154545454531533,0.031993623822927475,0.05618246644735336,0.0930950716137886,0.07449127733707428,0.11528250575065613,0.1391344666481018,spike
1751,50,ABLATION2_repeated_spike,MOPER_NO_WSHIFT,150,129.99999999961716,1,0.15727272727258806,0.24581818181807047,0.5,0.5,-0.20154545454532927,0.009942729957401752,0.05022430792450905,0.09874183684587479,0.07896657288074493,0.12500733137130737,0.1496787816286087,spike
1752,50,ABLATION2_repeated_spike,MOPER_NO_WSHIFT,150,129.99999999965544,1,0.15727272727260197,0.24581818181808157,0.5,0.5,-0.20154545454534178,0.009472308680415154,0.05162660777568817,0.09442362189292908,0.07527829706668854,0.11767555773258209,0.14131158590316772,spike
1753,50,ABLATION2_repeated_spike,MOPER_NO_WSHIFT,150,129.99999999968992,1,0.15727272727261452,0.24581818181809162,0.5,0.5,-0.20154545454535305,0.004527403973042965,0.10559168457984924,0.15920141339302063,0.13012471795082092,0.19796936213970184,0.23832471668720245,spike
1754,50,ABLATION2_repeated_spike,MOPER_NO_WSHIFT,150,129.99999999972093,1,0.1572727272726258,0.24581818181810067,0.5,0.5,-0.20154545454536324,0.004417718853801489,0.09229506552219391,0.1480855941772461,0.11690942943096161,0.1868889033794403,0.22147618234157562,spike
1755,50,ABLATION2_repeated_spike,MOPER_NO_WSHIFT,150,129.99999999974884,1,0.15727272727263594,0.24581818181810877,0.5,0.5,-0.20154545454537237,0.01341972779482603,0.002186039462685585,0.03327023237943649,0.026034921407699585,0.04444824159145355,0.0532517209649086,spike
1756,50,ABLATION2_repeated_spike,MOPER_NO_WSHIFT,150,129.99999999977396,1,0.15727272727264507,0.2458181818181161,0.5,0.5,-0.2015454545453806,-0.0010303817689418793,0.19399195909500122,0.20695936679840088,0.15906764566898346,0.2603904604911804,0.30615726113319397,spike
1757,50,ABLATION2_repeated_spike,MOPER_NO_WSHIFT,150,129.99999999979656,1,0.1572727272726533,0.24581818181812265,0.5,0.5,-0.20154545454538797,0.004263330716639757,0.10775244235992432,0.1552603542804718,0.12014487385749817,0.19147989153862,0.22717100381851196,spike
1758,50,ABLATION2_repeated_spike,MOPER_NO_WSHIFT,150,129.9999999998169,1,0.1572727272726607,0.2458181818181286,0.5,0.5,-0.20154545454539463,0.004783883225172758,0.09745021909475327,0.15213188529014587,0.11777681112289429,0.18774554133415222,0.22281092405319214,spike
1759,50,ABLATION2_repeated_spike,MOPER_NO_WSHIFT,150,129.9999999998352,1,0.15727272727266736,0.24581818181813392,0.5,0.5,-0.20154545454540063,0.00359343271702528,0.1085686981678009,0.1484801471233368,0.11605878174304962,0.1849062591791153,0.21932527422904968,spike
1760,50,ABLATION2_repeated_spike,MOPER_NO_WSHIFT,150,129.9999999998517,1,0.15727272727267333,0.2458181818181387,0.5,0.5,-0.201545454545406,0.009354554116725922,0.06640657782554626,0.10042823106050491,0.07810167968273163,0.12479481101036072,0.1490851640701294,spike
1761,50,ABLATION2_repeated_spike,MOPER_NO_WSHIFT,150,129.99999999986653,1,0.15727272727267874,0.24581818181814302,0.5,0.5,-0.2015454545454109,0.010732236318290234,0.11138337105512619,0.15678508579730988,0.12844297289848328,0.19327881932258606,0.23468300700187683,spike
1762,50,ABLATION2_repeated_spike,MOPER_NO_WSHIFT,150,129.9999999998799,1,0.1572727272726836,0.2458181818181469,0.5,0.5,-0.20154545454541525,0.026900632306933403,0.10671168565750122,0.15618617832660675,0.1264720857143402,0.18892815709114075,0.23092901706695557,spike
1763,50,ABLATION2_repeated_spike,MOPER_NO_WSHIFT,150,129.99999999989188,1,0.15727272727268796,0.2458181818181504,0.5,0.5,-0.20154545454541917,0.007813786156475544,0.12253263592720032,0.2299061417579651,0.18443764746189117,0.2764216959476471,0.33469414710998535,spike
1764,50,ABLATION2_repeated_spike,MOPER_NO_WSHIFT,150,129.99999999990268,1,0.1572727272726919,0.2458181818181535,0.5,0.5,-0.20154545454542272,0.03860748931765556,0.09704656153917313,0.14227715134620667,0.11065955460071564,0.17502325773239136,0.2087244987487793,spike
1765,50,ABLATION2_repeated_spike,MOPER_NO_WSHIFT,150,129.9999999999124,1,0.15727272727269542,0.24581818181815634,0.5,0.5,-0.20154545454542588,0.01258677989244461,0.1317327618598938,0.19612213969230652,0.15316197276115417,0.24178703129291534,0.2876283824443817,spike
1766,50,ABLATION2_repeated_spike,MOPER_NO_WSHIFT,150,129.99999999992116,1,0.1572727272726986,0.2458181818181589,0.5,0.5,-0.20154545454542874,0.015357233583927155,0.043822742998600006,0.10138402879238129,0.08081702888011932,0.12195102870464325,0.14799584448337555,spike
1767,50,ABLATION2_repeated_spike,MOPER_NO_WSHIFT,150,129.99999999992906,1,0.15727272727270147,0.24581818181816117,0.5,0.5,-0.20154545454543132,0.004182247910648584,0.03706637769937515,0.11209243535995483,0.08850528299808502,0.13567958772182465,0.16334909200668335,spike
1768,50,ABLATION2_repeated_spike,MOPER_NO_WSHIFT,150,129.99999999993616,1,0.15727272727270408,0.24581818181816328,0.5,0.5,-0.20154545454543368,0.015059619210660458,0.0411037839949131,0.09554245322942734,0.07344953715801239,0.11796510219573975,0.14067459106445312,spike
1769,50,ABLATION2_repeated_spike,MOPER_NO_WSHIFT,150,129.99999999994253,1,0.1572727272727064,0.24581818181816512,0.5,0.5,-0.20154545454543576,0.01894894614815712,0.17772763967514038,0.21657489240169525,0.1702476441860199,0.26305532455444336,0.3149603009223938,spike
1770,50,ABLATION2_repeated_spike,MOPER_NO_WSHIFT,150,129.99999999994827,1,0.15727272727270847,0.24581818181816678,0.5,0.5,-0.20154545454543762,0.01734045334160328,0.0035431873984634876,0.043480031192302704,0.0325765460729599,0.05453634262084961,0.06548132747411728,spike
1771,50,ABLATION2_repeated_spike,MOPER_NO_WSHIFT,150,129.99999999995345,1,0.15727272727271036,0.24581818181816828,0.5,0.5,-0.20154545454543932,0.03287789598107338,0.001808084431104362,0.035742633044719696,0.026100322604179382,0.04538494348526001,0.05417140573263168,spike
1772,50,ABLATION2_repeated_spike,MOPER_NO_WSHIFT,150,129.9999999999581,1,0.15727272727271205,0.24581818181816967,0.5,0.5,-0.20154545454544087,0.009978273883461952,0.13125520944595337,0.16029295325279236,0.12805204093456268,0.19563964009284973,0.2355683445930481,spike
1773,50,ABLATION2_repeated_spike,MOPER_NO_WSHIFT,150,129.9999999999623,1,0.15727272727271357,0.2458181818181709,0.5,0.5,-0.20154545454544223,0.0063713667914271355,0.05482911691069603,0.09005644917488098,0.069499671459198,0.11354252696037292,0.13467702269554138,spike
1774,50,ABLATION2_repeated_spike,MOPER_NO_WSHIFT,150,129.99999999996606,1,0.15727272727271494,0.24581818181817194,0.5,0.5,-0.20154545454544343,-0.0018336604116484523,0.07273401319980621,0.14445903897285461,0.11123256385326385,0.18122872710227966,0.214732363820076,spike
1775,50,ABLATION2_repeated_spike,MOPER_NO_WSHIFT,150,129.99999999996948,1,0.15727272727271618,0.24581818181817294,0.5,0.5,-0.20154545454544456,0.005026890430599451,0.12115184217691422,0.13726094365119934,0.10968513786792755,0.17220813035964966,0.20501172542572021,spike
1776,50,ABLATION2_repeated_spike,MOPER_NO_WSHIFT,150,129.99999999997254,1,0.1572727272727173,0.24581818181817383,0.5,0.5,-0.20154545454544556,0.0002510849153622985,0.056892551481723785,0.08136764913797379,0.06801033020019531,0.10122953355312347,0.12434892356395721,spike
1777,50,ABLATION2_repeated_spike,MOPER_NO_WSHIFT,150,129.99999999997527,1,0.1572727272727183,0.24581818181817466,0.5,0.5,-0.20154545454544648,-0.0004929584683850408,0.19910450279712677,0.27719846367836,0.21731238067150116,0.3420950472354889,0.40621280670166016,spike
1778,50,ABLATION2_repeated_spike,MOPER_NO_WSHIFT,150,129.99999999997775,1,0.15727272727271918,0.24581818181817539,0.5,0.5,-0.20154545454544728,-0.0010381686734035611,0.08497203141450882,0.12469420582056046,0.09766453504562378,0.1576598733663559,0.18717479705810547,spike
1779,50,ABLATION2_repeated_spike,MOPER_NO_WSHIFT,150,129.99999999998,1,0.15727272727272001,0.24581818181817605,0.5,0.5,-0.20154545454544803,0.009979109279811382,0.009595975279808044,0.062032029032707214,0.04955747723579407,0.0848051905632019,0.09972432255744934,spike
1780,50,ABLATION2_repeated_spike,MOPER_NO_WSHIFT,150,129.99999999998198,1,0.15727272727272074,0.2458181818181766,0.5,0.5,-0.20154545454544867,0.004745332524180412,0.06956761330366135,0.11444700509309769,0.09102940559387207,0.14664657413959503,0.17438645660877228,spike
1781,50,ABLATION2_repeated_spike,MOPER_NO_WSHIFT,150,129.9999999999838,1,0.15727272727272137,0.2458181818181771,0.5,0.5,-0.20154545454544925,-4.458329669887462e-07,0.15606580674648285,0.1694607138633728,0.12190499901771545,0.21885012090206146,0.25127267837524414,spike
1782,50,ABLATION2_repeated_spike,MOPER_NO_WSHIFT,150,129.99999999998542,1,0.15727272727272198,0.2458181818181776,0.5,0.5,-0.2015454545454498,0.004850322846323252,0.05982399731874466,0.0881916955113411,0.06820899248123169,0.11794345080852509,0.13754723966121674,spike
1783,50,ABLATION2_repeated_spike,MOPER_NO_WSHIFT,150,129.99999999998687,1,0.1572727272727225,0.24581818181817805,0.5,0.5,-0.20154545454545028,-0.0052372063510119915,0.06057826429605484,0.10255686193704605,0.07426734268665314,0.1368844211101532,0.1595015525817871,spike
1784,50,ABLATION2_repeated_spike,MOPER_NO_WSHIFT,150,129.99999999998818,1,0.15727272727272298,0.24581818181817838,0.5,0.5,-0.2015454545454507,0.001845217659138143,0.00702317152172327,0.047202304005622864,0.024353712797164917,0.07080388069152832,0.07572412490844727,spike
1785,50,ABLATION2_repeated_spike,MOPER_NO_WSHIFT,150,129.99999999998937,1,0.15727272727272343,0.24581818181817877,0.5,0.5,-0.20154545454545109,0.024680014699697495,0.007595006842166185,0.04818210005760193,0.0312809944152832,0.07010218501091003,0.07970327138900757,spike
1786,50,ABLATION2_repeated_spike,MOPER_NO_WSHIFT,150,129.99999999999045,1,0.15727272727272382,0.24581818181817905,0.5,0.5,-0.20154545454545142,0.007648516912013292,0.15593937039375305,0.1886368691921234,0.13081398606300354,0.25155532360076904,0.28591787815093994,spike
1787,50,ABLATION2_repeated_spike,MOPER_NO_WSHIFT,150,129.99999999999142,1,0.15727272727272415,0.24581818181817933,0.5,0.5,-0.20154545454545175,0.025952547788619995,0.15232986211776733,0.19153282046318054,0.13385796546936035,0.2528567314147949,0.2901332974433899,spike
1788,50,ABLATION2_repeated_spike,MOPER_NO_WSHIFT,150,129.99999999999227,1,0.15727272727272446,0.2458181818181796,0.5,0.5,-0.20154545454545203,0.007303858641535044,0.11896613985300064,0.16143909096717834,0.11473658680915833,0.21267181634902954,0.24486497044563293,spike
1789,50,ABLATION2_repeated_spike,MOPER_NO_WSHIFT,150,129.99999999999307,1,0.15727272727272476,0.24581818181817983,0.5,0.5,-0.2015454545454523,0.019989777356386185,0.11135715991258621,0.1706029176712036,0.12290854752063751,0.22260159254074097,0.25997215509414673,spike
1790,50,ABLATION2_repeated_spike,MOPER_NO_WSHIFT,150,129.99999999999375,1,0.15727272727272498,0.24581818181818,0.5,0.5,-0.20154545454545247,0.020498519763350487,0.12318073958158493,0.15906007587909698,0.12337544560432434,0.19485780596733093,0.23513822257518768,spike
1791,50,ABLATION2_repeated_spike,MOPER_NO_WSHIFT,150,129.99999999999437,1,0.15727272727272523,0.24581818181818021,0.5,0.5,-0.20154545454545272,0.031022852286696434,0.0011857247445732355,0.031689293682575226,0.023525983095169067,0.039852604269981384,0.048669055104255676,spike
1792,50,ABLATION2_repeated_spike,MOPER_NO_WSHIFT,150,129.99999999999494,1,0.15727272727272543,0.24581818181818038,0.5,0.5,-0.20154545454545292,0.01208029966801405,0.09825180470943451,0.15394476056098938,0.11496356129646301,0.19441820681095123,0.22773227095603943,spike
1793,50,ABLATION2_repeated_spike,MOPER_NO_WSHIFT,150,129.99999999999545,1,0.15727272727272565,0.24581818181818055,0.5,0.5,-0.20154545454545308,0.02423057146370411,0.16168177127838135,0.20823384821414948,0.1552554816007614,0.2624690532684326,0.30754736065864563,spike
1794,50,ABLATION2_repeated_spike,MOPER_NO_WSHIFT,150,129.9999999999959,1,0.1572727272727258,0.24581818181818066,0.5,0.5,-0.20154545454545322,0.008964549750089645,0.0461401529610157,0.1113046184182167,0.0886998325586319,0.13543373346328735,0.16372057795524597,spike
1795,50,ABLATION2_repeated_spike,MOPER_NO_WSHIFT,150,129.9999999999963,1,0.15727272727272593,0.24581818181818077,0.5,0.5,-0.20154545454545336,0.029604578390717506,0.047607358545064926,0.09271179139614105,0.07326348125934601,0.1137179285287857,0.1369670331478119,spike
1796,50,ABLATION2_repeated_spike,MOPER_NO_WSHIFT,150,129.99999999999667,1,0.15727272727272607,0.24581818181818088,0.5,0.5,-0.20154545454545347,0.035634659230709076,0.09870422631502151,0.14974910020828247,0.12122386693954468,0.18368813395500183,0.22266405820846558,spike
1797,50,ABLATION2_repeated_spike,MOPER_NO_WSHIFT,150,129.99999999999702,1,0.1572727272727262,0.245818181818181,0.5,0.5,-0.20154545454545358,0.013307563960552216,0.0024615584407001734,0.04272780567407608,0.037816330790519714,0.053147971630096436,0.06706784665584564,spike
1798,50,ABLATION2_repeated_spike,MOPER_NO_WSHIFT,150,129.99999999999733,1,0.15727272727272631,0.24581818181818105,0.5,0.5,-0.2015454545454537,0.024997539818286896,0.042195092886686325,0.08776192367076874,0.07626162469387054,0.11178724467754364,0.1384536325931549,spike
1799,50,ABLATION2_repeated_spike,MOPER_NO_WSHIFT,150,129.9999999999976,1,0.15727272727272643,0.24581818181818116,0.5,0.5,-0.2015454545454538,0.0651288628578186,0.04922406002879143,0.09162551909685135,0.07817432284355164,0.1098032146692276,0.138961523771286,spike
1800,50,ABLATION2_repeated_spike,MOPER_NO_WSHIFT,50,111.99999999999785,1,0.13072727272727197,0.1445818181818176,0.5,0.5,-0.13765454545454478,0.026074571534991264,0.12900550663471222,0.16318939626216888,0.1285652369260788,0.19781357049942017,0.23786523938179016,normal
1801,50,ABLATION2_repeated_spike,MOPER_NO_WSHIFT,50,95.79999999999806,1,0.12483636363636294,0.13986909090909036,0.5,0.5,-0.13235272727272665,0.018003324046730995,0.11034508794546127,0.170439675450325,0.13535083830356598,0.20726941525936127,0.2502959072589874,normal
1802,50,ABLATION2_repeated_spike,MOPER_NO_WSHIFT,50,81.21999999999827,1,0.11953454545454482,0.13562763636363587,0.5,0.5,-0.12758109090909034,0.038170021027326584,0.18790492415428162,0.22505515813827515,0.17879869043827057,0.27457892894744873,0.3312363624572754,normal
1803,50,ABLATION2_repeated_spike,MOPER_NO_WSHIFT,50,68.09799999999844,1,0.11476290909090853,0.13181032727272682,0.5,0.5,-0.12328661818181767,0.013013117015361786,0.04002341628074646,0.10047818720340729,0.07948602735996246,0.12147034704685211,0.14748162031173706,normal
1804,50,ABLATION2_repeated_spike,MOPER_NO_WSHIFT,50,56.2881999999986,1,0.11046843636363585,0.12837474909090868,0.5,0.5,-0.11942159272727226,0.010954341851174831,0.05135495215654373,0.0898013710975647,0.0650748759508133,0.1145278662443161,0.13341456651687622,normal
1805,50,ABLATION2_repeated_spike,MOPER_NO_WSHIFT,50,45.65937999999874,1,0.10660341090909045,0.12528272872727236,0.5,0.5,-0.11594306981818141,0.003929405938833952,0.17923074960708618,0.2852175831794739,0.21779614686965942,0.35263901948928833,0.416568398475647,normal
1806,50,ABLATION2_repeated_spike,MOPER_NO_WSHIFT,50,36.093441999998866,1,0.10312488799999958,0.12249991039999966,0.5,0.5,-0.11281239919999962,0.008265644311904907,0.0019613243639469147,0.041889384388923645,0.02657848596572876,0.05850780010223389,0.06628207117319107,normal
1807,50,ABLATION2_repeated_spike,MOPER_NO_WSHIFT,50,27.484097799998978,1,0.09999421738181781,0.11999537390545426,0.5,0.5,-0.10999479564363604,-2.8776659632967494e-07,0.0013267678441479802,0.0310114324092865,0.02245636284351349,0.03956650197505951,0.04590878263115883,normal
1808,50,ABLATION2_repeated_spike,MOPER_NO_WSHIFT,50,19.73568801999908,1,0.09717661382545421,0.11774129106036338,0.5,0.5,-0.10745895244290879,0.031241420656442642,0.1900523155927658,0.2276844084262848,0.1792031079530716,0.27772438526153564,0.33306336402893066,normal
1809,50,ABLATION2_repeated_spike,MOPER_NO_WSHIFT,50,12.762119217999174,1,0.09464077062472698,0.1157126164997816,0.5,0.5,-0.10517669356225429,0.012122097425162792,0.14825110137462616,0.23927026987075806,0.18395985662937164,0.2962069511413574,0.35120266675949097,normal
1810,50,ABLATION2_repeated_spike,MOPER_NO_WSHIFT,50,6.485907296199258,1,0.09235851174407246,0.11388680939525797,0.5,0.5,-0.10312266056966521,0.031359270215034485,0.16739867627620697,0.24308793246746063,0.18819044530391693,0.30385810136795044,0.3604819178581238,normal
1811,50,ABLATION2_repeated_spike,MOPER_NO_WSHIFT,50,0.8373165665793323,1,0.0903044787514834,0.11224358300118673,0.5,0.5,-0.10127403087633506,0.016377253457903862,0.1250610053539276,0.17637121677398682,0.13067522644996643,0.22358839213848114,0.26202693581581116,normal
1812,50,ABLATION2_repeated_spike,MOPER_NO_WSHIFT,50,0.0,1,0.09,0.11199999999999999,0.5,0.5,-0.10099999999999999,0.01525274757295847,0.11982853710651398,0.17572981119155884,0.13908417522907257,0.21333834528923035,0.25741317868232727,normal
1813,50,ABLATION2_repeated_spike,MOPER_NO_WSHIFT,50,0.0,1,0.09,0.11199999999999999,0.5,0.5,-0.10099999999999999,0.016504453495144844,0.1068626269698143,0.16569343209266663,0.1266503781080246,0.2062583863735199,0.24578595161437988,normal
1814,50,ABLATION2_repeated_spike,MOPER_NO_WSHIFT,50,0.0,1,0.09,0.11199999999999999,0.5,0.5,-0.10099999999999999,0.014668331481516361,0.16160941123962402,0.22339487075805664,0.17693449556827545,0.270364910364151,0.32502368092536926,normal
1815,50,ABLATION2_repeated_spike,MOPER_NO_WSHIFT,50,0.0,1,0.09,0.11199999999999999,0.5,0.5,-0.10099999999999999,0.012864012271165848,0.042474307119846344,0.09161051362752914,0.07442396879196167,0.1114770919084549,0.13625018298625946,normal
1816,50,ABLATION2_repeated_spike,MOPER_NO_WSHIFT,50,0.0,1,0.09,0.11199999999999999,0.5,0.5,-0.10099999999999999,0.015693023800849915,0.1475997418165207,0.2056124210357666,0.1614316701889038,0.25087589025497437,0.30138882994651794,normal
1817,50,ABLATION2_repeated_spike,MOPER_NO_WSHIFT,50,0.0,1,0.09,0.11199999999999999,0.5,0.5,-0.10099999999999999,0.014691577292978764,0.08434444665908813,0.14891669154167175,0.11578810960054398,0.18318548798561096,0.21824035048484802,normal
1818,50,ABLATION2_repeated_spike,MOPER_NO_WSHIFT,50,0.0,1,0.09,0.11199999999999999,0.5,0.5,-0.10099999999999999,0.01366883609443903,0.13292396068572998,0.27508383989334106,0.2204447090625763,0.3312445878982544,0.40064454078674316,normal
1819,50,ABLATION2_repeated_spike,MOPER_NO_WSHIFT,50,0.0,1,0.09,0.11199999999999999,0.5,0.5,-0.10099999999999999,0.04527277499437332,0.08634395152330399,0.16531813144683838,0.13471800088882446,0.1959182620048523,0.24050301313400269,normal
1820,50,ABLATION2_repeated_spike,MOPER_NO_WSHIFT,50,0.0,1,0.09,0.11199999999999999,0.5,0.5,-0.10099999999999999,0.030658787116408348,0.052596401423215866,0.15982583165168762,0.1357073187828064,0.18394434452056885,0.2313486933708191,normal
1821,50,ABLATION2_repeated_spike,MOPER_NO_WSHIFT,50,0.0,1,0.09,0.11199999999999999,0.5,0.5,-0.10099999999999999,0.042107947170734406,0.056451812386512756,0.1670847237110138,0.13570889830589294,0.19900186359882355,0.24311354756355286,normal
1822,50,ABLATION2_repeated_spike,MOPER_NO_WSHIFT,50,0.0,1,0.09,0.11199999999999999,0.5,0.5,-0.10099999999999999,0.030669622123241425,0.0546436533331871,0.1585865616798401,0.13215987384319305,0.18501323461532593,0.22888171672821045,normal
1823,50,ABLATION2_repeated_spike,MOPER_NO_WSHIFT,50,0.0,1,0.09,0.11199999999999999,0.5,0.5,-0.10099999999999999,0.010354130528867245,0.0506666898727417,0.15330861508846283,0.1255425661802292,0.1813002973794937,0.221736878156662,normal
1824,50,ABLATION2_repeated_spike,MOPER_NO_WSHIFT,50,0.0,1,0.09,0.11199999999999999,0.5,0.5,-0.10099999999999999,0.03299969062209129,0.047912005335092545,0.13947759568691254,0.11730191111564636,0.1616532951593399,0.20225688815116882,normal
1825,50,ABLATION2_repeated_spike,MOPER_NO_WSHIFT,50,0.0,1,0.09,0.11199999999999999,0.5,0.5,-0.10099999999999999,0.03228066861629486,0.03981730341911316,0.0991506576538086,0.07716603577136993,0.12113528698682785,0.14450491964817047,normal
1826,50,ABLATION2_repeated_spike,MOPER_NO_WSHIFT,50,0.0,1,0.09,0.11199999999999999,0.5,0.5,-0.10099999999999999,0.08375226706266403,0.07090406864881516,0.16564759612083435,0.141872376203537,0.18969227373600006,0.2399476170539856,normal
1827,50,ABLATION2_repeated_spike,MOPER_NO_WSHIFT,50,0.0,1,0.09,0.11199999999999999,0.5,0.5,-0.10099999999999999,0.056298647075891495,0.05429953336715698,0.15203945338726044,0.12934181094169617,0.1747598499059677,0.21944968402385712,normal
1828,50,ABLATION2_repeated_spike,MOPER_NO_WSHIFT,50,0.0,1,0.09,0.11199999999999999,0.5,0.5,-0.10099999999999999,0.006404459942132235,0.045000333338975906,0.12408596277236938,0.09957350045442581,0.14859841763973236,0.18012160062789917,normal
1829,50,ABLATION2_repeated_spike,MOPER_NO_WSHIFT,50,0.0,1,0.09,0.11199999999999999,0.5,0.5,-0.10099999999999999,-2.598902142381121e-07,0.00637277215719223,0.0660724863409996,0.054077669978141785,0.07839345932006836,0.09666238725185394,normal
1830,50,ABLATION2_repeated_spike,MOPER_NO_WSHIFT,50,0.0,1,0.09,0.11199999999999999,0.5,0.5,-0.10099999999999999,0.02215711399912834,0.15716415643692017,0.21893922984600067,0.17510057985782623,0.26416444778442383,0.31937819719314575,normal
1831,50,ABLATION2_repeated_spike,MOPER_NO_WSHIFT,50,0.0,1,0.09,0.11199999999999999,0.5,0.5,-0.10099999999999999,0.004791771061718464,0.18421314656734467,0.21907393634319305,0.17054060101509094,0.2687270939350128,0.31965890526771545,normal
1832,50,ABLATION2_repeated_spike,MOPER_NO_WSHIFT,50,0.0,1,0.09,0.11199999999999999,0.5,0.5,-0.10099999999999999,0.021459907293319702,0.11117228120565414,0.16644695401191711,0.13408532738685608,0.20091049373149872,0.2449503093957901,normal
1833,50,ABLATION2_repeated_spike,MOPER_NO_WSHIFT,50,0.0,1,0.09,0.11199999999999999,0.5,0.5,-0.10099999999999999,0.015801334753632545,0.05975139141082764,0.10567988455295563,0.08591586351394653,0.1292949616909027,0.1578287035226822,normal
1834,50,ABLATION2_repeated_spike,MOPER_NO_WSHIFT,50,0.0,1,0.09,0.11199999999999999,0.5,0.5,-0.10099999999999999,-0.005173412151634693,0.0983833372592926,0.1625688672065735,0.12454040348529816,0.20137810707092285,0.237846240401268,normal
1835,50,ABLATION2_repeated_spike,MOPER_NO_WSHIFT,50,0.0,1,0.09,0.11199999999999999,0.5,0.5,-0.10099999999999999,0.01614866591989994,0.0729784220457077,0.09801492840051651,0.07566249370574951,0.12238802015781403,0.14659668505191803,normal
1836,50,ABLATION2_repeated_spike,MOPER_NO_WSHIFT,50,0.0,1,0.09,0.11199999999999999,0.5,0.5,-0.10099999999999999,0.008498787879943848,0.08208050578832626,0.11431523412466049,0.08627526462078094,0.14244389533996582,0.16825713217258453,normal
1837,50,ABLATION2_repeated_spike,MOPER_NO_WSHIFT,50,0.0,1,0.09,0.11199999999999999,0.5,0.5,-0.10099999999999999,0.010805591009557247,0.12701751291751862,0.1683780401945114,0.13306188583374023,0.2053164690732956,0.24667511880397797,normal
1838,50,ABLATION2_repeated_spike,MOPER_NO_WSHIFT,50,0.0,1,0.09,0.11199999999999999,0.5,0.5,-0.10099999999999999,0.033942583948373795,0.0563821941614151,0.10187032073736191,0.08178603649139404,0.12423907220363617,0.15303203463554382,normal
1839,50,ABLATION2_repeated_spike,MOPER_NO_WSHIFT,50,0.0,1,0.09,0.11199999999999999,0.5,0.5,-0.10099999999999999,0.037411149591207504,0.0047965203411877155,0.05023752152919769,0.03520113229751587,0.06629344820976257,0.07812128216028214,normal
1840,50,ABLATION2_repeated_spike,MOPER_NO_WSHIFT,50,0.0,1,0.09,0.11199999999999999,0.5,0.5,-0.10099999999999999,0.02105141431093216,0.055092453956604004,0.09754569083452225,0.07221032679080963,0.1243165135383606,0.14711081981658936,normal
1841,50,ABLATION2_repeated_spike,MOPER_NO_WSHIFT,50,0.0,1,0.09,0.11199999999999999,0.5,0.5,-0.10099999999999999,0.01961176097393036,0.15143629908561707,0.1581088900566101,0.12682028114795685,0.19337312877178192,0.2343013882637024,normal
1842,50,ABLATION2_repeated_spike,MOPER_NO_WSHIFT,50,0.0,1,0.09,0.11199999999999999,0.5,0.5,-0.10099999999999999,0.01805688440799713,0.16088175773620605,0.2233436107635498,0.1749759316444397,0.2728993892669678,0.32833951711654663,normal
1843,50,ABLATION2_repeated_spike,MOPER_NO_WSHIFT,50,0.0,1,0.09,0.11199999999999999,0.5,0.5,-0.10099999999999999,0.007769936695694923,0.05056419223546982,0.09084146469831467,0.0659516453742981,0.11630670726299286,0.13597838580608368,normal
1844,50,ABLATION2_repeated_spike,MOPER_NO_WSHIFT,50,0.0,1,0.09,0.11199999999999999,0.5,0.5,-0.10099999999999999,0.037835028022527695,0.0602814257144928,0.10167721658945084,0.08428379893302917,0.12027578055858612,0.14997771382331848,normal
1845,50,ABLATION2_repeated_spike,MOPER_NO_WSHIFT,50,0.0,1,0.09,0.11199999999999999,0.5,0.5,-0.10099999999999999,0.026117252185940742,0.07008925080299377,0.09669514745473862,0.07875685393810272,0.11794134974479675,0.14520789682865143,normal
1846,50,ABLATION2_repeated_spike,MOPER_NO_WSHIFT,50,0.0,1,0.09,0.11199999999999999,0.5,0.5,-0.10099999999999999,0.018756834790110588,0.18467581272125244,0.22704783082008362,0.1674700677394867,0.28862255811691284,0.3387083411216736,normal
1847,50,ABLATION2_repeated_spike,MOPER_NO_WSHIFT,50,0.0,1,0.09,0.11199999999999999,0.5,0.5,-0.10099999999999999,0.006002428010106087,0.059040460735559464,0.09288317710161209,0.06726577877998352,0.12108035385608673,0.14111122488975525,normal
1848,50,ABLATION2_repeated_spike,MOPER_NO_WSHIFT,50,0.0,1,0.09,0.11199999999999999,0.5,0.5,-0.10099999999999999,0.01904090866446495,0.13304218649864197,0.16554003953933716,0.12986032664775848,0.2050875872373581,0.24574121832847595,normal
1849,50,ABLATION2_repeated_spike,MOPER_NO_WSHIFT,50,0.0,1,0.09,0.11199999999999999,0.5,0.5,-0.10099999999999999,0.01862604171037674,0.12075093388557434,0.14674481749534607,0.11372300982475281,0.18084876239299774,0.21551260352134705,normal
1850,50,ABLATION2_repeated_spike,MOPER_NO_WSHIFT,50,0.0,1,0.09,0.11199999999999999,0.5,0.5,-0.10099999999999999,0.012989376671612263,0.06695379316806793,0.10500412434339523,0.08186060190200806,0.1294136792421341,0.15545204281806946,normal
1851,50,ABLATION2_repeated_spike,MOPER_NO_WSHIFT,50,0.0,1,0.09,0.11199999999999999,0.5,0.5,-0.10099999999999999,0.029392795637249947,0.055255282670259476,0.10065490007400513,0.0833376944065094,0.12181386351585388,0.1509408950805664,normal
1852,50,ABLATION2_repeated_spike,MOPER_NO_WSHIFT,50,0.0,1,0.09,0.11199999999999999,0.5,0.5,-0.10099999999999999,0.030730251222848892,0.0038268929347395897,0.04840368032455444,0.046283215284347534,0.056260913610458374,0.07751022279262543,normal
1853,50,ABLATION2_repeated_spike,MOPER_NO_WSHIFT,50,0.0,1,0.09,0.11199999999999999,0.5,0.5,-0.10099999999999999,0.011475320905447006,0.10960850864648819,0.1428167074918747,0.1082502156496048,0.17881232500076294,0.2102227658033371,normal
1854,50,ABLATION2_repeated_spike,MOPER_NO_WSHIFT,50,0.0,1,0.09,0.11199999999999999,0.5,0.5,-0.10099999999999999,0.043024227023124695,0.03468514606356621,0.10378684848546982,0.09172719717025757,0.12260876595973969,0.1581616848707199,normal
1855,50,ABLATION2_repeated_spike,MOPER_NO_WSHIFT,50,0.0,1,0.09,0.11199999999999999,0.5,0.5,-0.10099999999999999,0.01838325895369053,0.06083400547504425,0.09755678474903107,0.07672949135303497,0.12030310928821564,0.14458034932613373,normal
1856,50,ABLATION2_repeated_spike,MOPER_NO_WSHIFT,50,0.0,1,0.09,0.11199999999999999,0.5,0.5,-0.10099999999999999,0.05334469676017761,0.11971477419137955,0.1553013026714325,0.12944185733795166,0.18672654032707214,0.23147745430469513,normal
1857,50,ABLATION2_repeated_spike,MOPER_NO_WSHIFT,50,0.0,1,0.09,0.11199999999999999,0.5,0.5,-0.10099999999999999,0.020259534940123558,0.05639764666557312,0.09243206679821014,0.07270605862140656,0.11306293308734894,0.13623875379562378,normal
1858,50,ABLATION2_repeated_spike,MOPER_NO_WSHIFT,50,0.0,1,0.09,0.11199999999999999,0.5,0.5,-0.10099999999999999,0.023157861083745956,0.1051824614405632,0.1442635953426361,0.11245326697826385,0.17880620062351227,0.21314100921154022,normal
1859,50,ABLATION2_repeated_spike,MOPER_NO_WSHIFT,50,0.0,1,0.09,0.11199999999999999,0.5,0.5,-0.10099999999999999,0.003980329260230064,0.12648800015449524,0.2062065303325653,0.16035035252571106,0.25206270813941956,0.30020493268966675,normal
1860,50,ABLATION2_repeated_spike,MOPER_NO_WSHIFT,50,0.0,1,0.09,0.11199999999999999,0.5,0.5,-0.10099999999999999,0.005970280151814222,0.10665495693683624,0.162711039185524,0.1283179521560669,0.19763949513435364,0.23716329038143158,normal
1861,50,ABLATION2_repeated_spike,MOPER_NO_WSHIFT,50,0.0,1,0.09,0.11199999999999999,0.5,0.5,-0.10099999999999999,0.03609401732683182,0.05838558077812195,0.09646439552307129,0.08354812860488892,0.11605221033096313,0.14697755873203278,normal
1862,50,ABLATION2_repeated_spike,MOPER_NO_WSHIFT,50,0.0,1,0.09,0.11199999999999999,0.5,0.5,-0.10099999999999999,0.01218096911907196,0.1256866157054901,0.16570833325386047,0.13625575602054596,0.2027742713689804,0.2465193271636963,normal
1863,50,ABLATION2_repeated_spike,MOPER_NO_WSHIFT,50,0.0,1,0.09,0.11199999999999999,0.5,0.5,-0.10099999999999999,0.012821360491216183,0.06312081962823868,0.11469631642103195,0.09493903815746307,0.1378765106201172,0.16948634386062622,normal
1864,50,ABLATION2_repeated_spike,MOPER_NO_WSHIFT,50,0.0,1,0.09,0.11199999999999999,0.5,0.5,-0.10099999999999999,0.024566391482949257,0.12684927880764008,0.16827502846717834,0.13655738532543182,0.20543040335178375,0.24940773844718933,normal
1865,50,ABLATION2_repeated_spike,MOPER_NO_WSHIFT,50,0.0,1,0.09,0.11199999999999999,0.5,0.5,-0.10099999999999999,0.02233264595270157,0.06670361012220383,0.1267055869102478,0.10941937565803528,0.14917494356632233,0.18816658854484558,normal
1866,50,ABLATION2_repeated_spike,MOPER_NO_WSHIFT,50,0.0,1,0.09,0.11199999999999999,0.5,0.5,-0.10099999999999999,0.028554752469062805,0.10245334357023239,0.15614232420921326,0.12866981327533722,0.18769153952598572,0.2310779094696045,normal
1867,50,ABLATION2_repeated_spike,MOPER_NO_WSHIFT,50,0.0,1,0.09,0.11199999999999999,0.5,0.5,-0.10099999999999999,0.026425417512655258,0.11173337697982788,0.15391159057617188,0.12283302843570709,0.18660777807235718,0.22597157955169678,normal
1868,50,ABLATION2_repeated_spike,MOPER_NO_WSHIFT,50,0.0,1,0.09,0.11199999999999999,0.5,0.5,-0.10099999999999999,0.01315891370177269,0.006773096043616533,0.05962061882019043,0.05330376327037811,0.06771780550479889,0.08882300555706024,normal
1869,50,ABLATION2_repeated_spike,MOPER_NO_WSHIFT,50,0.0,1,0.09,0.11199999999999999,0.5,0.5,-0.10099999999999999,0.03100685216486454,0.10949161648750305,0.1649044156074524,0.13217873871326447,0.1981191188097,0.24096769094467163,normal
1870,50,ABLATION2_repeated_spike,MOPER_NO_WSHIFT,50,0.0,1,0.09,0.11199999999999999,0.5,0.5,-0.10099999999999999,0.04347597807645798,0.04933030530810356,0.10723831504583359,0.09042392671108246,0.125797837972641,0.1584974229335785,normal
1871,50,ABLATION2_repeated_spike,MOPER_NO_WSHIFT,50,0.0,1,0.09,0.11199999999999999,0.5,0.5,-0.10099999999999999,0.04353458434343338,0.00801643542945385,0.06224963814020157,0.057009488344192505,0.0689094215631485,0.09268753230571747,normal
1872,50,ABLATION2_repeated_spike,MOPER_NO_WSHIFT,50,0.0,1,0.09,0.11199999999999999,0.5,0.5,-0.10099999999999999,-4.486309137519129e-07,0.094844751060009,0.1567482352256775,0.123647540807724,0.19155269861221313,0.22936029732227325,normal
1873,50,ABLATION2_repeated_spike,MOPER_NO_WSHIFT,50,0.0,1,0.09,0.11199999999999999,0.5,0.5,-0.10099999999999999,0.008546827360987663,0.11820272356271744,0.15353690087795258,0.11920875310897827,0.1878732442855835,0.22479452192783356,normal
1874,50,ABLATION2_repeated_spike,MOPER_NO_WSHIFT,50,0.0,1,0.09,0.11199999999999999,0.5,0.5,-0.10099999999999999,0.008804623037576675,0.06582249701023102,0.09861727058887482,0.07687747478485107,0.12213882803916931,0.14658930897712708,normal
1875,50,ABLATION2_repeated_spike,MOPER_NO_WSHIFT,50,0.0,1,0.09,0.11199999999999999,0.5,0.5,-0.10099999999999999,0.01132921688258648,0.08193682879209518,0.10753290355205536,0.08361512422561646,0.13202941417694092,0.15835721790790558,normal
1876,50,ABLATION2_repeated_spike,MOPER_NO_WSHIFT,50,0.0,1,0.09,0.11199999999999999,0.5,0.5,-0.10099999999999999,0.010513350367546082,0.06788942217826843,0.09670058637857437,0.0713646411895752,0.1228218823671341,0.14374494552612305,normal
1877,50,ABLATION2_repeated_spike,MOPER_NO_WSHIFT,50,0.0,1,0.09,0.11199999999999999,0.5,0.5,-0.10099999999999999,0.00384511542506516,0.2199280709028244,0.2273949384689331,0.17861700057983398,0.28044286370277405,0.3340035080909729,normal
1878,50,ABLATION2_repeated_spike,MOPER_NO_WSHIFT,50,0.0,1,0.09,0.11199999999999999,0.5,0.5,-0.10099999999999999,0.0031518612522631884,0.09967613220214844,0.13385215401649475,0.10477201640605927,0.1658206582069397,0.19863420724868774,normal
1879,50,ABLATION2_repeated_spike,MOPER_NO_WSHIFT,50,0.0,1,0.09,0.11199999999999999,0.5,0.5,-0.10099999999999999,0.007078111637383699,0.11452321708202362,0.16581818461418152,0.13433317840099335,0.20566010475158691,0.24812227487564087,normal
1880,50,ABLATION2_repeated_spike,MOPER_NO_WSHIFT,50,0.0,1,0.09,0.11199999999999999,0.5,0.5,-0.10099999999999999,0.0031501520425081253,0.11210186034440994,0.18547126650810242,0.14216604828834534,0.23619718849658966,0.27719947695732117,normal
1881,50,ABLATION2_repeated_spike,MOPER_NO_WSHIFT,50,0.0,1,0.09,0.11199999999999999,0.5,0.5,-0.10099999999999999,-4.637930430817505e-07,0.15523672103881836,0.23971989750862122,0.18203531205654144,0.2977762818336487,0.35045915842056274,normal
1882,50,ABLATION2_repeated_spike,MOPER_NO_WSHIFT,50,0.0,1,0.09,0.11199999999999999,0.5,0.5,-0.10099999999999999,0.010894742794334888,0.10574815422296524,0.1654404103755951,0.1254868358373642,0.21186915040016174,0.24854695796966553,normal
1883,50,ABLATION2_repeated_spike,MOPER_NO_WSHIFT,50,0.0,1,0.09,0.11199999999999999,0.5,0.5,-0.10099999999999999,0.023359663784503937,0.06505194306373596,0.10865140706300735,0.08592399954795837,0.13650746643543243,0.16608645021915436,normal
1884,50,ABLATION2_repeated_spike,MOPER_NO_WSHIFT,50,0.0,1,0.09,0.11199999999999999,0.5,0.5,-0.10099999999999999,0.016510989516973495,0.045456670224666595,0.10180417448282242,0.082683265209198,0.12349270284175873,0.15159952640533447,normal
1885,50,ABLATION2_repeated_spike,MOPER_NO_WSHIFT,50,0.0,1,0.09,0.11199999999999999,0.5,0.5,-0.10099999999999999,0.008173487149178982,0.0409955196082592,0.10302108526229858,0.08955857157707214,0.12455156445503235,0.15708813071250916,normal
1886,50,ABLATION2_repeated_spike,MOPER_NO_WSHIFT,50,0.0,1,0.09,0.11199999999999999,0.5,0.5,-0.10099999999999999,0.00822041928768158,0.23342221975326538,0.26503127813339233,0.20500624179840088,0.32640281319618225,0.3871515989303589,normal
1887,50,ABLATION2_repeated_spike,MOPER_NO_WSHIFT,50,0.0,1,0.09,0.11199999999999999,0.5,0.5,-0.10099999999999999,0.028674691915512085,0.04650284722447395,0.11443614214658737,0.09571471810340881,0.13362137973308563,0.1678486466407776,normal
1888,50,ABLATION2_repeated_spike,MOPER_NO_WSHIFT,50,0.0,1,0.09,0.11199999999999999,0.5,0.5,-0.10099999999999999,0.027204034850001335,0.033696822822093964,0.11157289147377014,0.09233646839857101,0.130840003490448,0.16283130645751953,normal
1889,50,ABLATION2_repeated_spike,MOPER_NO_WSHIFT,50,0.0,1,0.09,0.11199999999999999,0.5,0.5,-0.10099999999999999,0.04845653474330902,0.08485594391822815,0.15639612078666687,0.1257951706647873,0.18699707090854645,0.22839295864105225,normal
1890,50,ABLATION2_repeated_spike,MOPER_NO_WSHIFT,50,0.0,1,0.09,0.11199999999999999,0.5,0.5,-0.10099999999999999,0.01947767287492752,0.09412990510463715,0.1726098358631134,0.14004811644554138,0.20517154037952423,0.2510044574737549,normal
1891,50,ABLATION2_repeated_spike,MOPER_NO_WSHIFT,50,0.0,1,0.09,0.11199999999999999,0.5,0.5,-0.10099999999999999,0.03495469316840172,0.04383797198534012,0.1227090060710907,0.10215211659669876,0.14326588809490204,0.1779879629611969,normal
1892,50,ABLATION2_repeated_spike,MOPER_NO_WSHIFT,50,0.0,1,0.09,0.11199999999999999,0.5,0.5,-0.10099999999999999,0.010311605408787727,0.0695061907172203,0.16080999374389648,0.137497678399086,0.18456774950027466,0.2325245589017868,normal
1893,50,ABLATION2_repeated_spike,MOPER_NO_WSHIFT,50,0.0,1,0.09,0.11199999999999999,0.5,0.5,-0.10099999999999999,0.013814734295010567,0.1001644879579544,0.2264871597290039,0.18054428696632385,0.27307742834091187,0.3297138810157776,normal
1894,50,ABLATION2_repeated_spike,MOPER_NO_WSHIFT,50,0.0,1,0.09,0.11199999999999999,0.5,0.5,-0.10099999999999999,-3.005226858476817e-07,0.008331713266670704,0.07866058498620987,0.06680329889059067,0.09051786363124847,0.11358675360679626,normal
1895,50,ABLATION2_repeated_spike,MOPER_NO_WSHIFT,50,0.0,1,0.09,0.11199999999999999,0.5,0.5,-0.10099999999999999,0.02288852632045746,0.0701366737484932,0.16306334733963013,0.13186614215373993,0.1946597397327423,0.23763443529605865,normal
1896,50,ABLATION2_repeated_spike,MOPER_NO_WSHIFT,50,0.0,1,0.09,0.11199999999999999,0.5,0.5,-0.10099999999999999,0.02590258978307247,0.14967192709445953,0.23304897546768188,0.1869029551744461,0.2793234586715698,0.33837687969207764,normal
1897,50,ABLATION2_repeated_spike,MOPER_NO_WSHIFT,50,0.0,1,0.09,0.11199999999999999,0.5,0.5,-0.10099999999999999,0.019093727692961693,0.060825932770967484,0.10613208264112473,0.08766812086105347,0.12554650008678436,0.15576502680778503,normal
1898,50,ABLATION2_repeated_spike,MOPER_NO_WSHIFT,50,0.0,1,0.09,0.11199999999999999,0.5,0.5,-0.10099999999999999,0.008019670844078064,0.07495515793561935,0.16118499636650085,0.12916767597198486,0.19471898674964905,0.23686057329177856,normal
1899,50,ABLATION2_repeated_spike,MOPER_NO_WSHIFT,50,0.0,1,0.09,0.11199999999999999,0.5,0.5,-0.10099999999999999,0.018457040190696716,0.14593927562236786,0.2059471607208252,0.16166070103645325,0.2519528269767761,0.30186593532562256,normal
1900,50,ABLATION2_repeated_spike,MOPER_NO_WSHIFT,50,0.0,1,0.09,0.11199999999999999,0.5,0.5,-0.10099999999999999,0.007099445443600416,0.0921204686164856,0.15941636264324188,0.12469656765460968,0.19532452523708344,0.23291930556297302,normal
1901,50,ABLATION2_repeated_spike,MOPER_NO_WSHIFT,50,0.0,1,0.09,0.11199999999999999,0.5,0.5,-0.10099999999999999,0.013527976348996162,0.03605234995484352,0.09397224336862564,0.07775770127773285,0.1135602593421936,0.14046865701675415,normal
1902,50,ABLATION2_repeated_spike,MOPER_NO_WSHIFT,50,0.0,1,0.09,0.11199999999999999,0.5,0.5,-0.10099999999999999,0.013678577728569508,0.10952943563461304,0.16599465906620026,0.13089947402477264,0.20366394519805908,0.24586954712867737,normal
1903,50,ABLATION2_repeated_spike,MOPER_NO_WSHIFT,50,0.0,1,0.09,0.11199999999999999,0.5,0.5,-0.10099999999999999,0.012161590158939362,0.13433054089546204,0.1487559676170349,0.11252623796463013,0.1849857121706009,0.2181398868560791,normal
1904,50,ABLATION2_repeated_spike,MOPER_NO_WSHIFT,50,0.0,1,0.09,0.11199999999999999,0.5,0.5,-0.10099999999999999,0.009874505922198296,0.1123981922864914,0.1516028195619583,0.1148938536643982,0.19001269340515137,0.22440601885318756,normal
1905,50,ABLATION2_repeated_spike,MOPER_NO_WSHIFT,50,0.0,1,0.09,0.11199999999999999,0.5,0.5,-0.10099999999999999,0.011925768107175827,0.06618746370077133,0.10330735146999359,0.0837470144033432,0.13073338568210602,0.157448410987854,normal
1906,50,ABLATION2_repeated_spike,MOPER_NO_WSHIFT,50,0.0,1,0.09,0.11199999999999999,0.5,0.5,-0.10099999999999999,0.02014828659594059,0.08241559565067291,0.15912052989006042,0.1259470134973526,0.19229406118392944,0.23203329741954803,normal
1907,50,ABLATION2_repeated_spike,MOPER_NO_WSHIFT,50,0.0,1,0.09,0.11199999999999999,0.5,0.5,-0.10099999999999999,0.036881472915410995,0.048604827374219894,0.09251713007688522,0.07702498137950897,0.10953059792518616,0.13728047907352448,normal
1908,50,ABLATION2_repeated_spike,MOPER_NO_WSHIFT,50,0.0,1,0.09,0.11199999999999999,0.5,0.5,-0.10099999999999999,0.04979691281914711,0.06960881501436234,0.15857362747192383,0.1292639672756195,0.18838968873023987,0.2328186333179474,normal
1909,50,ABLATION2_repeated_spike,MOPER_NO_WSHIFT,50,0.0,1,0.09,0.11199999999999999,0.5,0.5,-0.10099999999999999,0.04429502412676811,0.0473664328455925,0.0938245952129364,0.07776843011379242,0.11060421168804169,0.1387014389038086,normal
1910,50,ABLATION2_repeated_spike,MOPER_NO_WSHIFT,50,0.0,1,0.09,0.11199999999999999,0.5,0.5,-0.10099999999999999,0.014278475195169449,0.11879967153072357,0.2477193921804428,0.2081967443227768,0.28724205493927,0.3603382110595703,normal
1911,50,ABLATION2_repeated_spike,MOPER_NO_WSHIFT,50,0.0,1,0.09,0.11199999999999999,0.5,0.5,-0.10099999999999999,0.011591870337724686,0.007748826406896114,0.06446823477745056,0.05696488916873932,0.0719715803861618,0.09371548891067505,normal
1912,50,ABLATION2_repeated_spike,MOPER_NO_WSHIFT,50,0.0,1,0.09,0.11199999999999999,0.5,0.5,-0.10099999999999999,0.02337487041950226,0.04371476173400879,0.11631270498037338,0.09536349028348923,0.13726191222667694,0.16904842853546143,normal
1913,50,ABLATION2_repeated_spike,MOPER_NO_WSHIFT,50,0.0,1,0.09,0.11199999999999999,0.5,0.5,-0.10099999999999999,0.03976225480437279,0.08141785860061646,0.16780465841293335,0.1402776688337326,0.1953316628932953,0.24380646646022797,normal
1914,50,ABLATION2_repeated_spike,MOPER_NO_WSHIFT,50,0.0,1,0.09,0.11199999999999999,0.5,0.5,-0.10099999999999999,0.04116487875580788,0.00561616150662303,0.0707184448838234,0.06345713138580322,0.07855843007564545,0.10350046306848526,normal
1915,50,ABLATION2_repeated_spike,MOPER_NO_WSHIFT,50,0.0,1,0.09,0.11199999999999999,0.5,0.5,-0.10099999999999999,0.05919451266527176,0.06179232522845268,0.12113288789987564,0.1018466204404831,0.1404191553592682,0.1763683557510376,normal
1916,50,ABLATION2_repeated_spike,MOPER_NO_WSHIFT,50,0.0,1,0.09,0.11199999999999999,0.5,0.5,-0.10099999999999999,0.030117392539978027,0.12924055755138397,0.2114751636981964,0.17155903577804565,0.25143906474113464,0.3087310791015625,normal
1917,50,ABLATION2_repeated_spike,MOPER_NO_WSHIFT,50,0.0,1,0.09,0.11199999999999999,0.5,0.5,-0.10099999999999999,0.052640240639448166,0.0527547188103199,0.09545791149139404,0.07846825569868088,0.11244755983352661,0.14000403881072998,normal
1918,50,ABLATION2_repeated_spike,MOPER_NO_WSHIFT,50,0.0,1,0.09,0.11199999999999999,0.5,0.5,-0.10099999999999999,0.044796865433454514,0.05099304020404816,0.10889945924282074,0.09237442910671234,0.126230850815773,0.16065973043441772,normal
1919,50,ABLATION2_repeated_spike,MOPER_NO_WSHIFT,50,0.0,1,0.09,0.11199999999999999,0.5,0.5,-0.10099999999999999,0.0054596359841525555,0.0013368930667638779,0.03713136911392212,0.03170372545719147,0.046366795897483826,0.05915561690926552,normal
1920,50,ABLATION2_repeated_spike,MOPER_NO_WSHIFT,50,0.0,1,0.09,0.11199999999999999,0.5,0.5,-0.10099999999999999,0.006559787783771753,0.04775778204202652,0.163940891623497,0.1294804960489273,0.19914598762989044,0.23930007219314575,normal
1921,50,ABLATION2_repeated_spike,MOPER_NO_WSHIFT,50,0.0,1,0.09,0.11199999999999999,0.5,0.5,-0.10099999999999999,0.03715234622359276,0.05637688189744949,0.10365023463964462,0.08360037207603455,0.12557964026927948,0.1539861261844635,normal
1922,50,ABLATION2_repeated_spike,MOPER_NO_WSHIFT,50,0.0,1,0.09,0.11199999999999999,0.5,0.5,-0.10099999999999999,0.004416804760694504,0.07314794510602951,0.09885615855455399,0.07353895902633667,0.12426860630512238,0.14540740847587585,normal
1923,50,ABLATION2_repeated_spike,MOPER_NO_WSHIFT,50,0.0,1,0.09,0.11199999999999999,0.5,0.5,-0.10099999999999999,0.03195211663842201,0.1808755099773407,0.23651933670043945,0.1880476474761963,0.285217821598053,0.3441733717918396,normal
1924,50,ABLATION2_repeated_spike,MOPER_NO_WSHIFT,50,0.0,1,0.09,0.11199999999999999,0.5,0.5,-0.10099999999999999,0.010066153481602669,0.0861988365650177,0.15408428013324738,0.11575010418891907,0.19341784715652466,0.22822533547878265,normal
1925,50,ABLATION2_repeated_spike,MOPER_NO_WSHIFT,50,0.0,1,0.09,0.11199999999999999,0.5,0.5,-0.10099999999999999,0.010364823043346405,0.10634376853704453,0.14962854981422424,0.11576005816459656,0.18594351410865784,0.2209303081035614,normal
1926,50,ABLATION2_repeated_spike,MOPER_NO_WSHIFT,50,0.0,1,0.09,0.11199999999999999,0.5,0.5,-0.10099999999999999,0.010203436017036438,0.08085009455680847,0.16193914413452148,0.12894994020462036,0.19669345021247864,0.23736347258090973,normal
1927,50,ABLATION2_repeated_spike,MOPER_NO_WSHIFT,50,0.0,1,0.09,0.11199999999999999,0.5,0.5,-0.10099999999999999,0.008844179101288319,0.09789320826530457,0.1558028906583786,0.12448960542678833,0.1895018219947815,0.22894039750099182,normal
1928,50,ABLATION2_repeated_spike,MOPER_NO_WSHIFT,50,0.0,1,0.09,0.11199999999999999,0.5,0.5,-0.10099999999999999,0.01857328601181507,0.12195279449224472,0.2569413185119629,0.20167332887649536,0.312478244304657,0.37492960691452026,normal
1929,50,ABLATION2_repeated_spike,MOPER_NO_WSHIFT,50,0.0,1,0.09,0.11199999999999999,0.5,0.5,-0.10099999999999999,0.048313867300748825,0.11686111986637115,0.22346320748329163,0.18422913551330566,0.2647867202758789,0.3270486295223236,normal
1930,50,ABLATION2_repeated_spike,MOPER_NO_WSHIFT,50,0.0,1,0.09,0.11199999999999999,0.5,0.5,-0.10099999999999999,0.03634193167090416,0.09737306833267212,0.16691339015960693,0.13496777415275574,0.19885900616645813,0.24352024495601654,normal
1931,50,ABLATION2_repeated_spike,MOPER_NO_WSHIFT,50,0.0,1,0.09,0.11199999999999999,0.5,0.5,-0.10099999999999999,0.03342142328619957,0.02986063063144684,0.09953674674034119,0.08009578287601471,0.11897771060466766,0.14582586288452148,normal
1932,50,ABLATION2_repeated_spike,MOPER_NO_WSHIFT,50,0.0,1,0.09,0.11199999999999999,0.5,0.5,-0.10099999999999999,0.03939766064286232,0.04330137372016907,0.09955836832523346,0.0777527391910553,0.12136399745941162,0.1454640030860901,normal
1933,50,ABLATION2_repeated_spike,MOPER_NO_WSHIFT,50,0.0,1,0.09,0.11199999999999999,0.5,0.5,-0.10099999999999999,0.03626352921128273,0.04109232500195503,0.1164870336651802,0.09410375356674194,0.13903743028640747,0.16952311992645264,normal
1934,50,ABLATION2_repeated_spike,MOPER_NO_WSHIFT,50,0.0,1,0.09,0.11199999999999999,0.5,0.5,-0.10099999999999999,0.016877377405762672,0.07446383684873581,0.15575358271598816,0.12274374067783356,0.18876340985298157,0.22664760053157806,normal
1935,50,ABLATION2_repeated_spike,MOPER_NO_WSHIFT,50,0.0,1,0.09,0.11199999999999999,0.5,0.5,-0.10099999999999999,0.0021533106919378042,0.053153738379478455,0.1488950401544571,0.11419937759637833,0.18472523987293243,0.2177303433418274,normal
1936,50,ABLATION2_repeated_spike,MOPER_NO_WSHIFT,50,0.0,1,0.09,0.11199999999999999,0.5,0.5,-0.10099999999999999,0.011658674106001854,0.058623019605875015,0.16644863784313202,0.1327821910381317,0.20011508464813232,0.24181270599365234,normal
1937,50,ABLATION2_repeated_spike,MOPER_NO_WSHIFT,50,0.0,1,0.09,0.11199999999999999,0.5,0.5,-0.10099999999999999,0.04973484203219414,0.014460049569606781,0.08306045830249786,0.07255972176790237,0.0938311219215393,0.1204359233379364,normal
1938,50,ABLATION2_repeated_spike,MOPER_NO_WSHIFT,50,0.0,1,0.09,0.11199999999999999,0.5,0.5,-0.10099999999999999,0.022810420021414757,0.056143619120121,0.17341724038124084,0.14017345011234283,0.20675618946552277,0.2526794373989105,normal
1939,50,ABLATION2_repeated_spike,MOPER_NO_WSHIFT,50,0.0,1,0.09,0.11199999999999999,0.5,0.5,-0.10099999999999999,0.028247574344277382,0.06387539952993393,0.12608204782009125,0.10665231943130493,0.14551177620887756,0.18316319584846497,normal
1940,50,ABLATION2_repeated_spike,MOPER_NO_WSHIFT,50,0.0,1,0.09,0.11199999999999999,0.5,0.5,-0.10099999999999999,0.02337748184800148,0.2241300493478775,0.2603227496147156,0.20665079355239868,0.3139946460723877,0.38015538454055786,normal
1941,50,ABLATION2_repeated_spike,MOPER_NO_WSHIFT,50,0.0,1,0.09,0.11199999999999999,0.5,0.5,-0.10099999999999999,0.014486868865787983,0.08311397582292557,0.15719297528266907,0.12699934840202332,0.18758194148540497,0.2300323247909546,normal
1942,50,ABLATION2_repeated_spike,MOPER_NO_WSHIFT,50,0.0,1,0.09,0.11199999999999999,0.5,0.5,-0.10099999999999999,0.013467598706483841,0.00336625799536705,0.05138758569955826,0.045649394392967224,0.05771180987358093,0.07685013115406036,normal
1943,50,ABLATION2_repeated_spike,MOPER_NO_WSHIFT,50,0.0,1,0.09,0.11199999999999999,0.5,0.5,-0.10099999999999999,0.014342821203172207,0.11232518404722214,0.1480541080236435,0.11794900894165039,0.18046224117279053,0.2183137685060501,normal
1944,50,ABLATION2_repeated_spike,MOPER_NO_WSHIFT,50,0.0,1,0.09,0.11199999999999999,0.5,0.5,-0.10099999999999999,0.02698752097785473,0.06525036692619324,0.14316385984420776,0.11428914964199066,0.17371584475040436,0.21083557605743408,normal
1945,50,ABLATION2_repeated_spike,MOPER_NO_WSHIFT,50,0.0,1,0.09,0.11199999999999999,0.5,0.5,-0.10099999999999999,0.012285645119845867,0.12940602004528046,0.14973819255828857,0.11446043848991394,0.18817687034606934,0.22182497382164001,normal
1946,50,ABLATION2_repeated_spike,MOPER_NO_WSHIFT,50,0.0,1,0.09,0.11199999999999999,0.5,0.5,-0.10099999999999999,0.0022060940973460674,0.12311919033527374,0.13205045461654663,0.10202768445014954,0.1654711812734604,0.1959424912929535,normal
1947,50,ABLATION2_repeated_spike,MOPER_NO_WSHIFT,50,0.0,1,0.09,0.11199999999999999,0.5,0.5,-0.10099999999999999,0.009472081437706947,0.20598484575748444,0.22648271918296814,0.17592857778072357,0.27815109491348267,0.3315386176109314,normal
1948,50,ABLATION2_repeated_spike,MOPER_NO_WSHIFT,50,0.0,1,0.09,0.11199999999999999,0.5,0.5,-0.10099999999999999,0.0007741031586192548,0.11962658911943436,0.15064702928066254,0.11833402514457703,0.187317356467247,0.22236010432243347,normal
1949,50,ABLATION2_repeated_spike,MOPER_NO_WSHIFT,50,0.0,1,0.09,0.11199999999999999,0.5,0.5,-0.10099999999999999,0.0022853456903249025,0.06797485053539276,0.11061325669288635,0.0882095992565155,0.13630425930023193,0.16401919722557068,normal
1950,50,ABLATION2_repeated_spike,MOPER_NO_WSHIFT,50,0.0,1,0.09,0.11199999999999999,0.5,0.5,-0.10099999999999999,0.004868077579885721,0.21167321503162384,0.2393045872449875,0.18984335660934448,0.2943021357059479,0.35210174322128296,normal
1951,50,ABLATION2_repeated_spike,MOPER_NO_WSHIFT,50,0.0,1,0.09,0.11199999999999999,0.5,0.5,-0.10099999999999999,0.008858731016516685,0.1543525755405426,0.16782674193382263,0.13438257575035095,0.20889930427074432,0.24997249245643616,normal
1952,50,ABLATION2_repeated_spike,MOPER_NO_WSHIFT,50,0.0,1,0.09,0.11199999999999999,0.5,0.5,-0.10099999999999999,0.005252819508314133,0.05520058050751686,0.09787583351135254,0.07430459558963776,0.12477554380893707,0.1465345323085785,normal
1953,50,ABLATION2_repeated_spike,MOPER_NO_WSHIFT,50,0.0,1,0.09,0.11199999999999999,0.5,0.5,-0.10099999999999999,0.008193807676434517,0.17321905493736267,0.21065227687358856,0.1591757982969284,0.2641950249671936,0.31001222133636475,normal
1954,50,ABLATION2_repeated_spike,MOPER_NO_WSHIFT,50,0.0,1,0.09,0.11199999999999999,0.5,0.5,-0.10099999999999999,-0.0006683020619675517,0.15032567083835602,0.21035748720169067,0.15886953473091125,0.2639700174331665,0.3090929090976715,normal
1955,50,ABLATION2_repeated_spike,MOPER_NO_WSHIFT,50,0.0,1,0.09,0.11199999999999999,0.5,0.5,-0.10099999999999999,0.02208968810737133,0.22780856490135193,0.26397478580474854,0.20489586889743805,0.3249349594116211,0.38763391971588135,normal
1956,50,ABLATION2_repeated_spike,MOPER_NO_WSHIFT,50,0.0,1,0.09,0.11199999999999999,0.5,0.5,-0.10099999999999999,0.01969061605632305,0.07438500225543976,0.13966603577136993,0.11762465536594391,0.17173247039318085,0.21316388249397278,normal
1957,50,ABLATION2_repeated_spike,MOPER_NO_WSHIFT,50,0.0,1,0.09,0.11199999999999999,0.5,0.5,-0.10099999999999999,0.013495733961462975,0.10329031199216843,0.19728577136993408,0.1572161316871643,0.23792028427124023,0.2903482913970947,normal
1958,50,ABLATION2_repeated_spike,MOPER_NO_WSHIFT,50,0.0,1,0.09,0.11199999999999999,0.5,0.5,-0.10099999999999999,0.01103041972965002,0.03722557798027992,0.1125505194067955,0.09137797355651855,0.13378839194774628,0.1641492247581482,normal
1959,50,ABLATION2_repeated_spike,MOPER_NO_WSHIFT,50,0.0,1,0.09,0.11199999999999999,0.5,0.5,-0.10099999999999999,0.028349455446004868,0.06905341893434525,0.1363932490348816,0.10647279024124146,0.16663342714309692,0.20078763365745544,normal
1960,50,ABLATION2_repeated_spike,MOPER_NO_WSHIFT,50,0.0,1,0.09,0.11199999999999999,0.5,0.5,-0.10099999999999999,0.04597402736544609,0.11642219126224518,0.2007284164428711,0.16265970468521118,0.238797128200531,0.2939895987510681,normal
1961,50,ABLATION2_repeated_spike,MOPER_NO_WSHIFT,50,0.0,1,0.09,0.11199999999999999,0.5,0.5,-0.10099999999999999,-4.4562079892784823e-07,0.040665652602910995,0.12800517678260803,0.10665160417556763,0.14935876429080963,0.18561951816082,normal
1962,50,ABLATION2_repeated_spike,MOPER_NO_WSHIFT,50,0.0,1,0.09,0.11199999999999999,0.5,0.5,-0.10099999999999999,0.010175645351409912,0.03592461347579956,0.09647245705127716,0.07511911541223526,0.11782579123973846,0.14097103476524353,normal
1963,50,ABLATION2_repeated_spike,MOPER_NO_WSHIFT,50,0.0,1,0.09,0.11199999999999999,0.5,0.5,-0.10099999999999999,0.006694801151752472,0.07057217508554459,0.15444201231002808,0.12149813771247864,0.18738587200641632,0.22494088113307953,normal
1964,50,ABLATION2_repeated_spike,MOPER_NO_WSHIFT,50,0.0,1,0.09,0.11199999999999999,0.5,0.5,-0.10099999999999999,-4.6386702479139785e-07,0.0024369347374886274,0.04944365471601486,0.0399436354637146,0.058943673968315125,0.07300662994384766,normal
1965,50,ABLATION2_repeated_spike,MOPER_NO_WSHIFT,50,0.0,1,0.09,0.11199999999999999,0.5,0.5,-0.10099999999999999,0.011160634458065033,0.10349773615598679,0.16277074813842773,0.12815673649311066,0.1995188444852829,0.2389296293258667,normal
1966,50,ABLATION2_repeated_spike,MOPER_NO_WSHIFT,50,0.0,1,0.09,0.11199999999999999,0.5,0.5,-0.10099999999999999,0.0073410156182944775,0.0803663358092308,0.16531822085380554,0.13098958134651184,0.20082511007785797,0.24165157973766327,normal
1967,50,ABLATION2_repeated_spike,MOPER_NO_WSHIFT,50,0.0,1,0.09,0.11199999999999999,0.5,0.5,-0.10099999999999999,0.020716434344649315,0.20241089165210724,0.22650355100631714,0.17820687592029572,0.27480024099349976,0.32932400703430176,normal
1968,50,ABLATION2_repeated_spike,MOPER_NO_WSHIFT,50,0.0,1,0.09,0.11199999999999999,0.5,0.5,-0.10099999999999999,0.015322561375796795,0.08039350807666779,0.15362048149108887,0.1177406907081604,0.19018512964248657,0.2255071997642517,normal
1969,50,ABLATION2_repeated_spike,MOPER_NO_WSHIFT,50,0.0,1,0.09,0.11199999999999999,0.5,0.5,-0.10099999999999999,0.02389707788825035,0.058663733303546906,0.08737151324748993,0.06798718869686127,0.10734383761882782,0.12934845685958862,normal
1970,50,ABLATION2_repeated_spike,MOPER_NO_WSHIFT,50,0.0,1,0.09,0.11199999999999999,0.5,0.5,-0.10099999999999999,0.005430533550679684,0.03293297812342644,0.08143666386604309,0.06083206832408905,0.10241420567035675,0.120451420545578,normal
1971,50,ABLATION2_repeated_spike,MOPER_NO_WSHIFT,50,0.0,1,0.09,0.11199999999999999,0.5,0.5,-0.10099999999999999,0.01661473698914051,0.11433901637792587,0.15269890427589417,0.11946184933185577,0.18792842328548431,0.2250867336988449,normal
1972,50,ABLATION2_repeated_spike,MOPER_NO_WSHIFT,50,0.0,1,0.09,0.11199999999999999,0.5,0.5,-0.10099999999999999,0.008346564136445522,0.10392725467681885,0.16291359066963196,0.12641872465610504,0.20071201026439667,0.23908628523349762,normal
1973,50,ABLATION2_repeated_spike,MOPER_NO_WSHIFT,50,0.0,1,0.09,0.11199999999999999,0.5,0.5,-0.10099999999999999,0.014734418131411076,0.04569993540644646,0.0885959193110466,0.06882928311824799,0.11032477021217346,0.13261935114860535,normal
1974,50,ABLATION2_repeated_spike,MOPER_NO_WSHIFT,50,0.0,1,0.09,0.11199999999999999,0.5,0.5,-0.10099999999999999,0.008247236721217632,0.04679834097623825,0.10241607576608658,0.07925088703632355,0.1271648406982422,0.15201997756958008,normal
1975,50,ABLATION2_repeated_spike,MOPER_NO_WSHIFT,50,0.0,1,0.09,0.11199999999999999,0.5,0.5,-0.10099999999999999,0.0042330133728682995,0.1073494404554367,0.16498512029647827,0.12752798199653625,0.20303033292293549,0.24140310287475586,normal
1976,50,ABLATION2_repeated_spike,MOPER_NO_WSHIFT,50,0.0,1,0.09,0.11199999999999999,0.5,0.5,-0.10099999999999999,0.018385717645287514,0.13964660465717316,0.21389466524124146,0.16827142238616943,0.26222479343414307,0.3142034709453583,normal
1977,50,ABLATION2_repeated_spike,MOPER_NO_WSHIFT,50,0.0,1,0.09,0.11199999999999999,0.5,0.5,-0.10099999999999999,0.010175996460020542,0.11718418449163437,0.16459660232067108,0.12857063114643097,0.20431466400623322,0.24326583743095398,normal
1978,50,ABLATION2_repeated_spike,MOPER_NO_WSHIFT,50,0.0,1,0.09,0.11199999999999999,0.5,0.5,-0.10099999999999999,0.011967586353421211,0.15975303947925568,0.2116754949092865,0.1647607684135437,0.2622724175453186,0.3114142417907715,normal
1979,50,ABLATION2_repeated_spike,MOPER_NO_WSHIFT,50,0.0,1,0.09,0.11199999999999999,0.5,0.5,-0.10099999999999999,0.008942250162363052,0.051031775772571564,0.09358231723308563,0.07093334197998047,0.11810338497161865,0.14015468955039978,normal
1980,50,ABLATION2_repeated_spike,MOPER_NO_WSHIFT,50,0.0,1,0.09,0.11199999999999999,0.5,0.5,-0.10099999999999999,0.00826182123273611,0.049285609275102615,0.09345327317714691,0.06759355962276459,0.11934502422809601,0.14005181193351746,normal
1981,50,ABLATION2_repeated_spike,MOPER_NO_WSHIFT,50,0.0,1,0.09,0.11199999999999999,0.5,0.5,-0.10099999999999999,0.017086656764149666,0.002508915727958083,0.037997566163539886,0.02883245050907135,0.04858216643333435,0.059601373970508575,normal
1982,50,ABLATION2_repeated_spike,MOPER_NO_WSHIFT,50,0.0,1,0.09,0.11199999999999999,0.5,0.5,-0.10099999999999999,0.011205735616385937,0.07246460020542145,0.14387479424476624,0.1040225476026535,0.18698590993881226,0.21796828508377075,normal
1983,50,ABLATION2_repeated_spike,MOPER_NO_WSHIFT,50,0.0,1,0.09,0.11199999999999999,0.5,0.5,-0.10099999999999999,0.024251943454146385,0.08994368463754654,0.14295119047164917,0.11142823100090027,0.17909464240074158,0.21370723843574524,normal
1984,50,ABLATION2_repeated_spike,MOPER_NO_WSHIFT,50,0.0,1,0.09,0.11199999999999999,0.5,0.5,-0.10099999999999999,0.0039420160464942455,0.13941603899002075,0.21090364456176758,0.16120032966136932,0.2641979455947876,0.31209346652030945,normal
1985,50,ABLATION2_repeated_spike,MOPER_NO_WSHIFT,50,0.0,1,0.09,0.11199999999999999,0.5,0.5,-0.10099999999999999,0.007128847297281027,0.0006628305418416858,0.03761427104473114,0.034161970019340515,0.043800607323646545,0.05889780819416046,normal
1986,50,ABLATION2_repeated_spike,MOPER_NO_WSHIFT,50,0.0,1,0.09,0.11199999999999999,0.5,0.5,-0.10099999999999999,0.028337260708212852,0.08134737610816956,0.1528981775045395,0.12211115658283234,0.1881432980298996,0.2273583561182022,normal
1987,50,ABLATION2_repeated_spike,MOPER_NO_WSHIFT,50,0.0,1,0.09,0.11199999999999999,0.5,0.5,-0.10099999999999999,0.005258556455373764,0.11872898787260056,0.15972721576690674,0.12757223844528198,0.2017875760793686,0.24084952473640442,normal
1988,50,ABLATION2_repeated_spike,MOPER_NO_WSHIFT,50,0.0,1,0.09,0.11199999999999999,0.5,0.5,-0.10099999999999999,0.008516223169863224,0.04226607084274292,0.10154954344034195,0.08520688116550446,0.1193552315235138,0.15082216262817383,normal
1989,50,ABLATION2_repeated_spike,MOPER_NO_WSHIFT,50,0.0,1,0.09,0.11199999999999999,0.5,0.5,-0.10099999999999999,0.03754572570323944,0.1641031801700592,0.20253872871398926,0.16084346175193787,0.24675074219703674,0.2985982894897461,normal
1990,50,ABLATION2_repeated_spike,MOPER_NO_WSHIFT,50,0.0,1,0.09,0.11199999999999999,0.5,0.5,-0.10099999999999999,0.03663049638271332,0.045407894998788834,0.11211002618074417,0.09690294414758682,0.12794916331768036,0.16609235107898712,normal
1991,50,ABLATION2_repeated_spike,MOPER_NO_WSHIFT,50,0.0,1,0.09,0.11199999999999999,0.5,0.5,-0.10099999999999999,0.012162265367805958,0.004969546105712652,0.0615973062813282,0.05392036586999893,0.0693122148513794,0.09053849428892136,normal
1992,50,ABLATION2_repeated_spike,MOPER_NO_WSHIFT,50,0.0,1,0.09,0.11199999999999999,0.5,0.5,-0.10099999999999999,0.006445663515478373,0.00954048428684473,0.0712670087814331,0.062499940395355225,0.08003407716751099,0.10358171164989471,normal
1993,50,ABLATION2_repeated_spike,MOPER_NO_WSHIFT,50,0.0,1,0.09,0.11199999999999999,0.5,0.5,-0.10099999999999999,0.016309525817632675,0.00593278044834733,0.06110355630517006,0.05536942929029465,0.06685994565486908,0.08964504301548004,normal
1994,50,ABLATION2_repeated_spike,MOPER_NO_WSHIFT,50,0.0,1,0.09,0.11199999999999999,0.5,0.5,-0.10099999999999999,0.015516390092670918,0.11225469410419464,0.2011437565088272,0.15760116279125214,0.24468635022640228,0.2931517958641052,normal
1995,50,ABLATION2_repeated_spike,MOPER_NO_WSHIFT,50,0.0,1,0.09,0.11199999999999999,0.5,0.5,-0.10099999999999999,0.012661815620958805,0.06892642378807068,0.1538141518831253,0.12289954721927643,0.18472875654697418,0.2239845246076584,normal
1996,50,ABLATION2_repeated_spike,MOPER_NO_WSHIFT,50,0.0,1,0.09,0.11199999999999999,0.5,0.5,-0.10099999999999999,0.0324246920645237,0.1246597170829773,0.19907313585281372,0.15720830857753754,0.2409380078315735,0.29075148701667786,normal
1997,50,ABLATION2_repeated_spike,MOPER_NO_WSHIFT,50,0.0,1,0.09,0.11199999999999999,0.5,0.5,-0.10099999999999999,0.005259917117655277,0.0752856433391571,0.1653982400894165,0.1301359236240387,0.20102716982364655,0.24034307897090912,normal
1998,50,ABLATION2_repeated_spike,MOPER_NO_WSHIFT,50,0.0,1,0.09,0.11199999999999999,0.5,0.5,-0.10099999999999999,0.032784923911094666,0.0436411052942276,0.10164332389831543,0.08157631754875183,0.12231016159057617,0.14900152385234833,normal
1999,50,ABLATION2_repeated_spike,MOPER_NO_WSHIFT,50,0.0,1,0.09,0.11199999999999999,0.5,0.5,-0.10099999999999999,0.008997452445328236,0.06251963973045349,0.15228286385536194,0.12213894724845886,0.1826699823141098,0.22200904786586761,normal
2000,50,ABLATION2_repeated_spike,MOPER_NO_WSHIFT,50,0.0,1,0.09,0.11199999999999999,0.5,0.5,-0.10099999999999999,0.018302086740732193,0.11866172403097153,0.20437492430210114,0.16082033514976501,0.24824397265911102,0.29801303148269653,normal
2001,50,ABLATION2_repeated_spike,MOPER_NO_WSHIFT,50,0.0,1,0.09,0.11199999999999999,0.5,0.5,-0.10099999999999999,0.01136405486613512,0.04736312851309776,0.10983197391033173,0.08699208498001099,0.13267186284065247,0.16026684641838074,normal
2002,50,ABLATION2_repeated_spike,MOPER_NO_WSHIFT,50,0.0,1,0.09,0.11199999999999999,0.5,0.5,-0.10099999999999999,0.005102098919451237,0.033883992582559586,0.09892168641090393,0.08073984086513519,0.11834301054477692,0.14589837193489075,normal
2003,50,ABLATION2_repeated_spike,MOPER_NO_WSHIFT,50,0.0,1,0.09,0.11199999999999999,0.5,0.5,-0.10099999999999999,0.012130246497690678,0.05066201090812683,0.10539884120225906,0.08424726128578186,0.12790177762508392,0.15491461753845215,normal
2004,50,ABLATION2_repeated_spike,MOPER_NO_WSHIFT,50,0.0,1,0.09,0.11199999999999999,0.5,0.5,-0.10099999999999999,0.028125151991844177,0.038691382855176926,0.08978155255317688,0.07416068017482758,0.10724689066410065,0.1341974139213562,normal
2005,50,ABLATION2_repeated_spike,MOPER_NO_WSHIFT,50,0.0,1,0.09,0.11199999999999999,0.5,0.5,-0.10099999999999999,0.009854932315647602,0.11465834826231003,0.15391746163368225,0.120486319065094,0.1903616487979889,0.22697973251342773,normal
2006,50,ABLATION2_repeated_spike,MOPER_NO_WSHIFT,50,0.0,1,0.09,0.11199999999999999,0.5,0.5,-0.10099999999999999,0.010928034782409668,0.10738635063171387,0.14925041794776917,0.11632882058620453,0.18421603739261627,0.21978214383125305,normal
2007,50,ABLATION2_repeated_spike,MOPER_NO_WSHIFT,50,0.0,1,0.09,0.11199999999999999,0.5,0.5,-0.10099999999999999,0.011390335857868195,0.16868725419044495,0.220258891582489,0.17361772060394287,0.2698711156845093,0.32396188378334045,normal
2008,50,ABLATION2_repeated_spike,MOPER_NO_WSHIFT,50,0.0,1,0.09,0.11199999999999999,0.5,0.5,-0.10099999999999999,0.0031396776903420687,0.0020947724115103483,0.03821264207363129,0.026938557624816895,0.051052868366241455,0.059266552329063416,normal
2009,50,ABLATION2_repeated_spike,MOPER_NO_WSHIFT,50,0.0,1,0.09,0.11199999999999999,0.5,0.5,-0.10099999999999999,0.007229767274111509,0.002770947990939021,0.03766770660877228,0.03052254021167755,0.04761908948421478,0.058035820722579956,normal
2010,50,ABLATION2_repeated_spike,MOPER_NO_WSHIFT,50,0.0,1,0.09,0.11199999999999999,0.5,0.5,-0.10099999999999999,0.005076722241938114,0.002679569646716118,0.04485508054494858,0.03528575599193573,0.05497336387634277,0.06703335046768188,normal
2011,50,ABLATION2_repeated_spike,MOPER_NO_WSHIFT,50,0.0,1,0.09,0.11199999999999999,0.5,0.5,-0.10099999999999999,0.00243624416179955,0.18531952798366547,0.21028371155261993,0.16195634007453918,0.2591105103492737,0.30641889572143555,normal
2012,50,ABLATION2_repeated_spike,MOPER_NO_WSHIFT,50,0.0,1,0.09,0.11199999999999999,0.5,0.5,-0.10099999999999999,0.00155200669541955,0.08149183541536331,0.15338383615016937,0.1163100153207779,0.1909562200307846,0.22473576664924622,normal
2013,50,ABLATION2_repeated_spike,MOPER_NO_WSHIFT,50,0.0,1,0.09,0.11199999999999999,0.5,0.5,-0.10099999999999999,0.007002838421612978,0.0910068154335022,0.14683851599693298,0.11637131869792938,0.18204250931739807,0.21804626286029816,normal
2014,50,ABLATION2_repeated_spike,MOPER_NO_WSHIFT,50,0.0,1,0.09,0.11199999999999999,0.5,0.5,-0.10099999999999999,0.005823622457683086,0.11686094850301743,0.15278351306915283,0.11821642518043518,0.19064350426197052,0.2256816327571869,normal
2015,50,ABLATION2_repeated_spike,MOPER_NO_WSHIFT,50,0.0,1,0.09,0.11199999999999999,0.5,0.5,-0.10099999999999999,0.0029330088291317225,0.12406104058027267,0.16583970189094543,0.1270676851272583,0.20655220746994019,0.2443438619375229,normal
2016,50,ABLATION2_repeated_spike,MOPER_NO_WSHIFT,50,0.0,1,0.09,0.11199999999999999,0.5,0.5,-0.10099999999999999,0.020663976669311523,0.12803567945957184,0.15219180285930634,0.11988835036754608,0.18761759996414185,0.22553595900535583,normal
2017,50,ABLATION2_repeated_spike,MOPER_NO_WSHIFT,50,0.0,1,0.09,0.11199999999999999,0.5,0.5,-0.10099999999999999,0.012500211596488953,0.0019477566238492727,0.039973288774490356,0.03680901229381561,0.05496014654636383,0.06857605278491974,normal
2018,50,ABLATION2_repeated_spike,MOPER_NO_WSHIFT,50,0.0,1,0.09,0.11199999999999999,0.5,0.5,-0.10099999999999999,0.017128536477684975,0.18318170309066772,0.26401108503341675,0.21176385879516602,0.32340410351753235,0.390752911567688,normal
2019,50,ABLATION2_repeated_spike,MOPER_NO_WSHIFT,50,0.0,1,0.09,0.11199999999999999,0.5,0.5,-0.10099999999999999,0.014741656370460987,0.04293094575405121,0.08951013535261154,0.0749393105506897,0.1082042008638382,0.13529551029205322,normal
2020,50,ABLATION2_repeated_spike,MOPER_NO_WSHIFT,50,0.0,1,0.09,0.11199999999999999,0.5,0.5,-0.10099999999999999,0.01803431659936905,0.004699250683188438,0.05346331000328064,0.053048163652420044,0.056500256061553955,0.08232355117797852,normal
2021,50,ABLATION2_repeated_spike,MOPER_NO_WSHIFT,50,0.0,1,0.09,0.11199999999999999,0.5,0.5,-0.10099999999999999,0.020168431103229523,0.04969065263867378,0.09341707825660706,0.07601965218782425,0.11220492422580719,0.13886964321136475,normal
2022,50,ABLATION2_repeated_spike,MOPER_NO_WSHIFT,50,0.0,1,0.09,0.11199999999999999,0.5,0.5,-0.10099999999999999,0.0037628700956702232,0.0062867444939911366,0.06568608433008194,0.05950978398323059,0.0719490498304367,0.09667716175317764,normal
2023,50,ABLATION2_repeated_spike,MOPER_NO_WSHIFT,50,0.0,1,0.09,0.11199999999999999,0.5,0.5,-0.10099999999999999,0.01642293855547905,0.029829297214746475,0.09294384717941284,0.07477881014347076,0.11263670027256012,0.13750216364860535,normal
2024,50,ABLATION2_repeated_spike,MOPER_NO_WSHIFT,50,0.0,1,0.09,0.11199999999999999,0.5,0.5,-0.10099999999999999,0.01147499866783619,0.10797242075204849,0.18735899031162262,0.14308154582977295,0.231935515999794,0.2743382453918457,normal
2025,50,ABLATION2_repeated_spike,MOPER_NO_WSHIFT,50,0.0,1,0.09,0.11199999999999999,0.5,0.5,-0.10099999999999999,0.0058899507857859135,0.038003865629434586,0.09023670107126236,0.07167918980121613,0.11211290955543518,0.13512089848518372,normal
2026,50,ABLATION2_repeated_spike,MOPER_NO_WSHIFT,50,0.0,1,0.09,0.11199999999999999,0.5,0.5,-0.10099999999999999,0.006098318379372358,0.14966830611228943,0.19580094516277313,0.15057624876499176,0.24311292171478271,0.2867410480976105,normal
2027,50,ABLATION2_repeated_spike,MOPER_NO_WSHIFT,50,0.0,1,0.09,0.11199999999999999,0.5,0.5,-0.10099999999999999,0.005636874586343765,0.049318794161081314,0.10719112306833267,0.08370302617549896,0.13172975182533264,0.15800555050373077,normal
2028,50,ABLATION2_repeated_spike,MOPER_NO_WSHIFT,50,0.0,1,0.09,0.11199999999999999,0.5,0.5,-0.10099999999999999,0.008573561906814575,0.03480633720755577,0.08998040854930878,0.07060672342777252,0.11280961334705353,0.1346406191587448,normal
2029,50,ABLATION2_repeated_spike,MOPER_NO_WSHIFT,50,0.0,1,0.09,0.11199999999999999,0.5,0.5,-0.10099999999999999,0.006470225285738707,0.0022864416241645813,0.03690839558839798,0.02934424579143524,0.047176629304885864,0.056823790073394775,normal
2030,50,ABLATION2_repeated_spike,MOPER_NO_WSHIFT,50,0.0,1,0.09,0.11199999999999999,0.5,0.5,-0.10099999999999999,0.001422619796358049,0.12460106611251831,0.14800353348255157,0.11171258985996246,0.18628853559494019,0.2177766114473343,normal
2031,50,ABLATION2_repeated_spike,MOPER_NO_WSHIFT,50,0.0,1,0.09,0.11199999999999999,0.5,0.5,-0.10099999999999999,0.0008771041757427156,0.11187118291854858,0.16947290301322937,0.12884019315242767,0.21082688868045807,0.24796012043952942,normal
2032,50,ABLATION2_repeated_spike,MOPER_NO_WSHIFT,50,0.0,1,0.09,0.11199999999999999,0.5,0.5,-0.10099999999999999,0.0009825796587392688,0.10596473515033722,0.1517283022403717,0.11428140103816986,0.19072659313678741,0.22337499260902405,normal
2033,50,ABLATION2_repeated_spike,MOPER_NO_WSHIFT,50,0.0,1,0.09,0.11199999999999999,0.5,0.5,-0.10099999999999999,0.005903305485844612,0.058333657681941986,0.09600624442100525,0.07825429737567902,0.12141560018062592,0.14598777890205383,normal
2034,50,ABLATION2_repeated_spike,MOPER_NO_WSHIFT,50,0.0,1,0.09,0.11199999999999999,0.5,0.5,-0.10099999999999999,0.0004816940345335752,0.11078016459941864,0.18115149438381195,0.13638396561145782,0.22714997828006744,0.2657186686992645,normal
2035,50,ABLATION2_repeated_spike,MOPER_NO_WSHIFT,50,0.0,1,0.09,0.11199999999999999,0.5,0.5,-0.10099999999999999,0.0030372159089893103,0.26029351353645325,0.23658119142055511,0.18647095561027527,0.29390597343444824,0.3497558832168579,normal
2036,50,ABLATION2_repeated_spike,MOPER_NO_WSHIFT,50,0.0,1,0.09,0.11199999999999999,0.5,0.5,-0.10099999999999999,0.0012051108060404658,0.010247359052300453,0.05802050977945328,0.04179348051548004,0.07737931609153748,0.08891189098358154,normal
2037,50,ABLATION2_repeated_spike,MOPER_NO_WSHIFT,50,0.0,1,0.09,0.11199999999999999,0.5,0.5,-0.10099999999999999,0.013645794242620468,0.053537193685770035,0.12959705293178558,0.09799937903881073,0.16579024493694305,0.1950802356004715,normal
2038,50,ABLATION2_repeated_spike,MOPER_NO_WSHIFT,50,0.0,1,0.09,0.11199999999999999,0.5,0.5,-0.10099999999999999,0.0024183313362300396,0.060691092163324356,0.10669269412755966,0.0841134786605835,0.1326686590909958,0.15921328961849213,normal
2039,50,ABLATION2_repeated_spike,MOPER_NO_WSHIFT,50,0.0,1,0.09,0.11199999999999999,0.5,0.5,-0.10099999999999999,0.009385187178850174,0.13246159255504608,0.1606646478176117,0.12250401079654694,0.20360276103019714,0.23971650004386902,normal
2040,50,ABLATION2_repeated_spike,MOPER_NO_WSHIFT,50,0.0,1,0.09,0.11199999999999999,0.5,0.5,-0.10099999999999999,0.0076953633688390255,0.06411448121070862,0.10655146837234497,0.07602211833000183,0.13979026675224304,0.1623513400554657,normal
2041,50,ABLATION2_repeated_spike,MOPER_NO_WSHIFT,50,0.0,1,0.09,0.11199999999999999,0.5,0.5,-0.10099999999999999,0.006889420095831156,0.10283252596855164,0.15230485796928406,0.10908377170562744,0.19905079901218414,0.2306472659111023,normal
2042,50,ABLATION2_repeated_spike,MOPER_NO_WSHIFT,50,0.0,1,0.09,0.11199999999999999,0.5,0.5,-0.10099999999999999,0.013502238318324089,0.002266662660986185,0.03574180603027344,0.03426331281661987,0.0476718544960022,0.060916949063539505,normal
2043,50,ABLATION2_repeated_spike,MOPER_NO_WSHIFT,50,0.0,1,0.09,0.11199999999999999,0.5,0.5,-0.10099999999999999,0.029115905985236168,0.0031687081791460514,0.049912214279174805,0.05327068269252777,0.050013765692710876,0.07888536155223846,normal
2044,50,ABLATION2_repeated_spike,MOPER_NO_WSHIFT,50,0.0,1,0.09,0.11199999999999999,0.5,0.5,-0.10099999999999999,0.012437595054507256,0.03118622489273548,0.0843825563788414,0.06835347414016724,0.10204537212848663,0.126100555062294,normal
2045,50,ABLATION2_repeated_spike,MOPER_NO_WSHIFT,50,0.0,1,0.09,0.11199999999999999,0.5,0.5,-0.10099999999999999,0.022842995822429657,0.11972130089998245,0.19209036231040955,0.14867226779460907,0.23550845682621002,0.28233009576797485,normal
2046,50,ABLATION2_repeated_spike,MOPER_NO_WSHIFT,50,0.0,1,0.09,0.11199999999999999,0.5,0.5,-0.10099999999999999,0.004011382814496756,0.07212318480014801,0.15131372213363647,0.12901636958122253,0.17556168138980865,0.22478528320789337,normal
2047,50,ABLATION2_repeated_spike,MOPER_NO_WSHIFT,50,0.0,1,0.09,0.11199999999999999,0.5,0.5,-0.10099999999999999,0.011607308872044086,0.12227664142847061,0.20225802063941956,0.16163107752799988,0.24288496375083923,0.29625266790390015,normal
2048,50,ABLATION2_repeated_spike,MOPER_NO_WSHIFT,50,0.0,1,0.09,0.11199999999999999,0.5,0.5,-0.10099999999999999,0.018142683431506157,0.09943079203367233,0.19245955348014832,0.15251384675502777,0.23301295936107635,0.28225117921829224,normal
2049,50,ABLATION2_repeated_spike,MOPER_NO_WSHIFT,50,0.0,1,0.09,0.11199999999999999,0.5,0.5,-0.10099999999999999,0.016738539561629295,0.05492803081870079,0.10945063829421997,0.0899672582745552,0.129277303814888,0.159820094704628,normal
2050,50,ABLATION2_repeated_spike,MOPER_NO_WSHIFT,50,0.0,1,0.09,0.11199999999999999,0.5,0.5,-0.10099999999999999,0.01703031361103058,0.03539564833045006,0.09568478167057037,0.07671566307544708,0.11503623425960541,0.140700563788414,normal
2051,50,ABLATION2_repeated_spike,MOPER_NO_WSHIFT,50,0.0,1,0.09,0.11199999999999999,0.5,0.5,-0.10099999999999999,0.01780211552977562,0.08952699601650238,0.1408577561378479,0.11039780080318451,0.17180928587913513,0.20631858706474304,normal
2052,50,ABLATION2_repeated_spike,MOPER_NO_WSHIFT,50,0.0,1,0.09,0.11199999999999999,0.5,0.5,-0.10099999999999999,0.0075055374763906,0.0018720064545050263,0.0472370907664299,0.03863184154033661,0.057504087686538696,0.07071135938167572,normal
2053,50,ABLATION2_repeated_spike,MOPER_NO_WSHIFT,50,0.0,1,0.09,0.11199999999999999,0.5,0.5,-0.10099999999999999,-0.001310032675974071,0.08439181745052338,0.16324865818023682,0.12922564148902893,0.1985960155725479,0.23771065473556519,normal
2054,50,ABLATION2_repeated_spike,MOPER_NO_WSHIFT,50,0.0,1,0.09,0.11199999999999999,0.5,0.5,-0.10099999999999999,0.004398294258862734,0.004317344166338444,0.052143603563308716,0.03987997770309448,0.06440722942352295,0.07668152451515198,normal
2055,50,ABLATION2_repeated_spike,MOPER_NO_WSHIFT,50,0.0,1,0.09,0.11199999999999999,0.5,0.5,-0.10099999999999999,0.03951127454638481,0.0020860880613327026,0.046681687235832214,0.040129825472831726,0.05470485985279083,0.07091061025857925,normal
2056,50,ABLATION2_repeated_spike,MOPER_NO_WSHIFT,50,0.0,1,0.09,0.11199999999999999,0.5,0.5,-0.10099999999999999,0.017465298995375633,0.001216177362948656,0.04053373634815216,0.034814611077308655,0.04868300259113312,0.06296782195568085,normal
2057,50,ABLATION2_repeated_spike,MOPER_NO_WSHIFT,50,0.0,1,0.09,0.11199999999999999,0.5,0.5,-0.10099999999999999,0.012342448346316814,0.10095705091953278,0.14981389045715332,0.11656205356121063,0.1846666783094406,0.2199682593345642,normal
2058,50,ABLATION2_repeated_spike,MOPER_NO_WSHIFT,50,0.0,1,0.09,0.11199999999999999,0.5,0.5,-0.10099999999999999,0.016450224444270134,0.1475101262331009,0.19811409711837769,0.15435920655727386,0.24344652891159058,0.2899618446826935,normal
2059,50,ABLATION2_repeated_spike,MOPER_NO_WSHIFT,50,0.0,1,0.09,0.11199999999999999,0.5,0.5,-0.10099999999999999,0.0037613417953252792,0.003852629801258445,0.04678316414356232,0.034411221742630005,0.05915510654449463,0.0695018470287323,normal
2060,50,ABLATION2_repeated_spike,MOPER_NO_WSHIFT,50,0.0,1,0.09,0.11199999999999999,0.5,0.5,-0.10099999999999999,0.010466137900948524,0.07837236672639847,0.14777815341949463,0.11470578610897064,0.18133722245693207,0.21687030792236328,normal
2061,50,ABLATION2_repeated_spike,MOPER_NO_WSHIFT,50,0.0,1,0.09,0.11199999999999999,0.5,0.5,-0.10099999999999999,0.0035945798736065626,0.11561846733093262,0.1526278555393219,0.11729739606380463,0.1885616034269333,0.22314752638339996,normal
2062,50,ABLATION2_repeated_spike,MOPER_NO_WSHIFT,50,0.0,1,0.09,0.11199999999999999,0.5,0.5,-0.10099999999999999,0.005681982263922691,0.08680970966815948,0.14414842426776886,0.10970485210418701,0.18048644065856934,0.2124457210302353,normal
2063,50,ABLATION2_repeated_spike,MOPER_NO_WSHIFT,50,0.0,1,0.09,0.11199999999999999,0.5,0.5,-0.10099999999999999,-6.023994387760467e-07,0.13679784536361694,0.15139493346214294,0.11501142382621765,0.18884062767028809,0.22257068753242493,normal
2064,50,ABLATION2_repeated_spike,MOPER_NO_WSHIFT,50,0.0,1,0.09,0.11199999999999999,0.5,0.5,-0.10099999999999999,0.003682168200612068,0.0035607495810836554,0.043875351548194885,0.035670846700668335,0.05332839488983154,0.06581100821495056,normal
2065,50,ABLATION2_repeated_spike,MOPER_NO_WSHIFT,50,0.0,1,0.09,0.11199999999999999,0.5,0.5,-0.10099999999999999,0.03873302415013313,0.04341791197657585,0.10105303674936295,0.0876971185207367,0.11693860590457916,0.15165983140468597,normal
2066,50,ABLATION2_repeated_spike,MOPER_NO_WSHIFT,50,0.0,1,0.09,0.11199999999999999,0.5,0.5,-0.10099999999999999,-6.725896355419536e-07,0.02532707341015339,0.09112844616174698,0.07085683941841125,0.11235518753528595,0.13430798053741455,normal
2067,50,ABLATION2_repeated_spike,MOPER_NO_WSHIFT,50,0.0,1,0.09,0.11199999999999999,0.5,0.5,-0.10099999999999999,0.05115563049912453,0.1357627958059311,0.18991631269454956,0.15030580759048462,0.23153594136238098,0.2804240882396698,normal
2068,50,ABLATION2_repeated_spike,MOPER_NO_WSHIFT,50,0.0,1,0.09,0.11199999999999999,0.5,0.5,-0.10099999999999999,0.003799974452704191,0.16107238829135895,0.25353819131851196,0.19746218621730804,0.31309181451797485,0.37212270498275757,normal
2069,50,ABLATION2_repeated_spike,MOPER_NO_WSHIFT,50,0.0,1,0.09,0.11199999999999999,0.5,0.5,-0.10099999999999999,0.035970866680145264,0.16141679883003235,0.1997712254524231,0.15755675733089447,0.2444346398115158,0.29446157813072205,normal
2070,50,ABLATION2_repeated_spike,MOPER_NO_WSHIFT,50,0.0,1,0.09,0.11199999999999999,0.5,0.5,-0.10099999999999999,0.036974117159843445,0.0036921093706041574,0.05129929631948471,0.044457659125328064,0.05814093351364136,0.07557325810194016,normal
2071,50,ABLATION2_repeated_spike,MOPER_NO_WSHIFT,50,0.0,1,0.09,0.11199999999999999,0.5,0.5,-0.10099999999999999,0.005815581884235144,0.005504797678440809,0.05793821066617966,0.05079561471939087,0.06637103855609894,0.0857849270105362,normal
2072,50,ABLATION2_repeated_spike,MOPER_NO_WSHIFT,50,0.0,1,0.09,0.11199999999999999,0.5,0.5,-0.10099999999999999,0.02162802778184414,0.04772984981536865,0.10968107730150223,0.09466923773288727,0.12646251916885376,0.16238471865653992,normal
2073,50,ABLATION2_repeated_spike,MOPER_NO_WSHIFT,50,0.0,1,0.09,0.11199999999999999,0.5,0.5,-0.10099999999999999,0.018852848559617996,0.050382163375616074,0.10774528235197067,0.0893881618976593,0.12716470658779144,0.15853753685951233,normal
2074,50,ABLATION2_repeated_spike,MOPER_NO_WSHIFT,50,0.0,1,0.09,0.11199999999999999,0.5,0.5,-0.10099999999999999,0.01711014285683632,0.0019481556955724955,0.04209943115711212,0.03628186881542206,0.0497448593378067,0.06376522034406662,normal
2075,50,ABLATION2_repeated_spike,MOPER_NO_WSHIFT,50,0.0,1,0.09,0.11199999999999999,0.5,0.5,-0.10099999999999999,0.003213528310880065,0.04312082752585411,0.10672391206026077,0.08499601483345032,0.12969662249088287,0.1563677191734314,normal
2076,50,ABLATION2_repeated_spike,MOPER_NO_WSHIFT,50,0.0,1,0.09,0.11199999999999999,0.5,0.5,-0.10099999999999999,0.01154086273163557,0.005288898013532162,0.05927260220050812,0.05429397523403168,0.06799416244029999,0.08979254961013794,normal
2077,50,ABLATION2_repeated_spike,MOPER_NO_WSHIFT,50,0.0,1,0.09,0.11199999999999999,0.5,0.5,-0.10099999999999999,0.04061121493577957,0.11848479509353638,0.14344073832035065,0.11421942710876465,0.17621514201164246,0.21240577101707458,normal
2078,50,ABLATION2_repeated_spike,MOPER_NO_WSHIFT,50,0.0,1,0.09,0.11199999999999999,0.5,0.5,-0.10099999999999999,0.005187221337109804,0.07769852876663208,0.1429242491722107,0.10996684432029724,0.17661097645759583,0.20974570512771606,normal
2079,50,ABLATION2_repeated_spike,MOPER_NO_WSHIFT,50,0.0,1,0.09,0.11199999999999999,0.5,0.5,-0.10099999999999999,0.006675241980701685,0.1418405920267105,0.18877443671226501,0.14386729896068573,0.2352983057498932,0.27655231952667236,normal
2080,50,ABLATION2_repeated_spike,MOPER_NO_WSHIFT,50,0.0,1,0.09,0.11199999999999999,0.5,0.5,-0.10099999999999999,-5.867422601113503e-07,0.007650097832083702,0.06219268590211868,0.050022438168525696,0.07516250014305115,0.09079299867153168,normal
2081,50,ABLATION2_repeated_spike,MOPER_NO_WSHIFT,50,0.0,1,0.09,0.11199999999999999,0.5,0.5,-0.10099999999999999,0.004005682189017534,0.0930001363158226,0.15502360463142395,0.1211298257112503,0.1889173686504364,0.22583135962486267,normal
2082,50,ABLATION2_repeated_spike,MOPER_NO_WSHIFT,50,0.0,1,0.09,0.11199999999999999,0.5,0.5,-0.10099999999999999,0.004623793996870518,0.11646036058664322,0.15071111917495728,0.11693593859672546,0.1848280131816864,0.22003507614135742,normal
2083,50,ABLATION2_repeated_spike,MOPER_NO_WSHIFT,50,0.0,1,0.09,0.11199999999999999,0.5,0.5,-0.10099999999999999,0.017900900915265083,0.10610339790582657,0.14158526062965393,0.11344608664512634,0.1731712967157364,0.21053439378738403,normal
2084,50,ABLATION2_repeated_spike,MOPER_NO_WSHIFT,50,0.0,1,0.09,0.11199999999999999,0.5,0.5,-0.10099999999999999,0.0026512141339480877,0.10783673822879791,0.19962918758392334,0.15507231652736664,0.24652719497680664,0.29285740852355957,normal
2085,50,ABLATION2_repeated_spike,MOPER_NO_WSHIFT,50,0.0,1,0.09,0.11199999999999999,0.5,0.5,-0.10099999999999999,0.014115419238805771,0.10878413170576096,0.14884325861930847,0.12211905419826508,0.17887340486049652,0.2211989462375641,normal
2086,50,ABLATION2_repeated_spike,MOPER_NO_WSHIFT,50,0.0,1,0.09,0.11199999999999999,0.5,0.5,-0.10099999999999999,0.0076018390245735645,0.0806988999247551,0.16091161966323853,0.1273581087589264,0.19512084126472473,0.2348857820034027,normal
2087,50,ABLATION2_repeated_spike,MOPER_NO_WSHIFT,50,0.0,1,0.09,0.11199999999999999,0.5,0.5,-0.10099999999999999,0.008226362988352776,0.0463767871260643,0.09389421343803406,0.0767526775598526,0.11356432735919952,0.14019478857517242,normal
2088,50,ABLATION2_repeated_spike,MOPER_NO_WSHIFT,50,0.0,1,0.09,0.11199999999999999,0.5,0.5,-0.10099999999999999,0.012673985213041306,0.004368684254586697,0.04557982087135315,0.038299500942230225,0.055478841066360474,0.06924647092819214,normal
2089,50,ABLATION2_repeated_spike,MOPER_NO_WSHIFT,50,0.0,1,0.09,0.11199999999999999,0.5,0.5,-0.10099999999999999,0.00873141922056675,0.08533814549446106,0.14820945262908936,0.11588539183139801,0.18345284461975098,0.21889501810073853,normal
2090,50,ABLATION2_repeated_spike,MOPER_NO_WSHIFT,50,0.0,1,0.09,0.11199999999999999,0.5,0.5,-0.10099999999999999,0.024049172177910805,0.05109190568327904,0.11150095611810684,0.08813439309597015,0.1351499855518341,0.16358494758605957,normal
2091,50,ABLATION2_repeated_spike,MOPER_NO_WSHIFT,50,0.0,1,0.09,0.11199999999999999,0.5,0.5,-0.10099999999999999,0.008397013880312443,0.12849512696266174,0.20229464769363403,0.1546335518360138,0.2525140941143036,0.29831093549728394,normal
2092,50,ABLATION2_repeated_spike,MOPER_NO_WSHIFT,50,0.0,1,0.09,0.11199999999999999,0.5,0.5,-0.10099999999999999,0.027489762753248215,0.05893629789352417,0.09767813980579376,0.07534091174602509,0.12150178849697113,0.1447649896144867,normal
2093,50,ABLATION2_repeated_spike,MOPER_NO_WSHIFT,50,0.0,1,0.09,0.11199999999999999,0.5,0.5,-0.10099999999999999,0.024175496771931648,0.07730896025896072,0.1464104950428009,0.11691068112850189,0.17788591980934143,0.21581251919269562,normal
2094,50,ABLATION2_repeated_spike,MOPER_NO_WSHIFT,50,0.0,1,0.09,0.11199999999999999,0.5,0.5,-0.10099999999999999,0.02118273638188839,0.15934517979621887,0.2593397796154022,0.20409680902957916,0.3149278461933136,0.3780001401901245,normal
2095,50,ABLATION2_repeated_spike,MOPER_NO_WSHIFT,50,0.0,1,0.09,0.11199999999999999,0.5,0.5,-0.10099999999999999,0.005283560138195753,0.005548054818063974,0.05405498296022415,0.043854400515556335,0.06559696793556213,0.07994654774665833,normal
2096,50,ABLATION2_repeated_spike,MOPER_NO_WSHIFT,50,0.0,1,0.09,0.11199999999999999,0.5,0.5,-0.10099999999999999,0.007389777805656195,0.004267982207238674,0.055301085114479065,0.04542599618434906,0.06612081825733185,0.08150241523981094,normal
2097,50,ABLATION2_repeated_spike,MOPER_NO_WSHIFT,50,0.0,1,0.09,0.11199999999999999,0.5,0.5,-0.10099999999999999,0.020335115492343903,0.055665094405412674,0.12096639722585678,0.09870133548974991,0.14393046498298645,0.17658832669258118,normal
2098,50,ABLATION2_repeated_spike,MOPER_NO_WSHIFT,50,0.0,1,0.09,0.11199999999999999,0.5,0.5,-0.10099999999999999,0.028719967231154442,0.001915373606607318,0.0404171496629715,0.033329933881759644,0.049121469259262085,0.06159809231758118,normal
2099,50,ABLATION2_repeated_spike,MOPER_NO_WSHIFT,50,0.0,1,0.09,0.11199999999999999,0.5,0.5,-0.10099999999999999,0.02807541750371456,0.0018846746534109116,0.0388958603143692,0.03507649898529053,0.04661637544631958,0.060833100229501724,normal
2100,50,ABLATION2_repeated_spike,MOPER_NO_WSHIFT,50,0.0,1,0.09,0.11199999999999999,0.5,0.5,-0.10099999999999999,0.020226983353495598,0.08318352699279785,0.15579310059547424,0.1264616847038269,0.18587058782577515,0.22869393229484558,normal
2101,50,ABLATION2_repeated_spike,MOPER_NO_WSHIFT,50,0.0,1,0.09,0.11199999999999999,0.5,0.5,-0.10099999999999999,0.01284401211887598,0.09499828517436981,0.15260016918182373,0.12105405330657959,0.18679551780223846,0.22435829043388367,normal
2102,50,ABLATION2_repeated_spike,MOPER_NO_WSHIFT,50,0.0,1,0.09,0.11199999999999999,0.5,0.5,-0.10099999999999999,0.00757470540702343,0.035296730697155,0.10477133840322495,0.08460579812526703,0.12600982189178467,0.15331768989562988,normal
2103,50,ABLATION2_repeated_spike,MOPER_NO_WSHIFT,50,0.0,1,0.09,0.11199999999999999,0.5,0.5,-0.10099999999999999,0.024653984233736992,0.09121362119913101,0.17413127422332764,0.14562392234802246,0.20414911210536957,0.2560665011405945,normal
2104,50,ABLATION2_repeated_spike,MOPER_NO_WSHIFT,50,0.0,1,0.09,0.11199999999999999,0.5,0.5,-0.10099999999999999,0.012323351576924324,0.0808362141251564,0.14507150650024414,0.11400115489959717,0.17924503982067108,0.21415911614894867,normal
2105,50,ABLATION2_repeated_spike,MOPER_NO_WSHIFT,50,0.0,1,0.09,0.11199999999999999,0.5,0.5,-0.10099999999999999,-8.983546990748437e-07,0.19238466024398804,0.25003477931022644,0.19180279970169067,0.3097931146621704,0.3656274378299713,normal
2106,50,ABLATION2_repeated_spike,MOPER_NO_WSHIFT,50,0.0,1,0.09,0.11199999999999999,0.5,0.5,-0.10099999999999999,-7.458478989974537e-07,0.08916664123535156,0.158608078956604,0.12579290568828583,0.19142325222492218,0.23115083575248718,normal
2107,50,ABLATION2_repeated_spike,MOPER_NO_WSHIFT,50,0.0,1,0.09,0.11199999999999999,0.5,0.5,-0.10099999999999999,0.014945263043045998,0.10352945327758789,0.14963282644748688,0.11790362000465393,0.18152078986167908,0.21930229663848877,normal
2108,50,ABLATION2_repeated_spike,MOPER_NO_WSHIFT,50,0.0,1,0.09,0.11199999999999999,0.5,0.5,-0.10099999999999999,0.014719623140990734,0.07458852231502533,0.14579036831855774,0.1140824407339096,0.17882035672664642,0.21391010284423828,normal
2109,50,ABLATION2_repeated_spike,MOPER_NO_WSHIFT,50,0.0,1,0.09,0.11199999999999999,0.5,0.5,-0.10099999999999999,0.012739699333906174,0.07553890347480774,0.16258569061756134,0.1323365420103073,0.19483055174350739,0.23814186453819275,normal
2110,50,ABLATION2_repeated_spike,MOPER_NO_WSHIFT,50,0.0,1,0.09,0.11199999999999999,0.5,0.5,-0.10099999999999999,0.020035646855831146,0.0019024440553039312,0.04268771409988403,0.03458322584629059,0.0530155748128891,0.06494709849357605,normal
2111,50,ABLATION2_repeated_spike,MOPER_NO_WSHIFT,50,0.0,1,0.09,0.11199999999999999,0.5,0.5,-0.10099999999999999,0.0033840900287032127,0.00407806783914566,0.055562764406204224,0.045142605900764465,0.06717662513256073,0.08212901651859283,normal
2112,50,ABLATION2_repeated_spike,MOPER_NO_WSHIFT,50,0.0,1,0.09,0.11199999999999999,0.5,0.5,-0.10099999999999999,0.010909871198236942,0.03920872509479523,0.1264566034078598,0.10676552355289459,0.14830420911312103,0.18558773398399353,normal
2113,50,ABLATION2_repeated_spike,MOPER_NO_WSHIFT,50,0.0,1,0.09,0.11199999999999999,0.5,0.5,-0.10099999999999999,0.036831196397542953,0.008197108283638954,0.0569550022482872,0.04810479283332825,0.06692861020565033,0.08434136211872101,normal
2114,50,ABLATION2_repeated_spike,MOPER_NO_WSHIFT,50,0.0,1,0.09,0.11199999999999999,0.5,0.5,-0.10099999999999999,0.011642688885331154,0.1003810316324234,0.13911816477775574,0.10887107253074646,0.17113783955574036,0.20474568009376526,normal
2115,50,ABLATION2_repeated_spike,MOPER_NO_WSHIFT,50,0.0,1,0.09,0.11199999999999999,0.5,0.5,-0.10099999999999999,0.008796383626759052,0.038589492440223694,0.10265437513589859,0.08167067170143127,0.12637026607990265,0.15269924700260162,normal
2116,50,ABLATION2_repeated_spike,MOPER_NO_WSHIFT,50,0.0,1,0.09,0.11199999999999999,0.5,0.5,-0.10099999999999999,0.0003482502943370491,0.12109123170375824,0.14165155589580536,0.1077105700969696,0.17799994349479675,0.208644300699234,normal
2117,50,ABLATION2_repeated_spike,MOPER_NO_WSHIFT,50,0.0,1,0.09,0.11199999999999999,0.5,0.5,-0.10099999999999999,0.008098844438791275,0.05109833553433418,0.09928040951490402,0.07779751718044281,0.12504935264587402,0.1484977751970291,normal
2118,50,ABLATION2_repeated_spike,MOPER_NO_WSHIFT,50,0.0,1,0.09,0.11199999999999999,0.5,0.5,-0.10099999999999999,0.000988683896139264,0.08513493090867996,0.10432592034339905,0.08015811443328857,0.13241782784461975,0.1557619571685791,normal
2119,50,ABLATION2_repeated_spike,MOPER_NO_WSHIFT,50,0.0,1,0.09,0.11199999999999999,0.5,0.5,-0.10099999999999999,0.006024652160704136,0.05542362108826637,0.0917244628071785,0.07177497446537018,0.11493790149688721,0.13690190017223358,normal
2120,50,ABLATION2_repeated_spike,MOPER_NO_WSHIFT,50,0.0,1,0.09,0.11199999999999999,0.5,0.5,-0.10099999999999999,0.000683208170812577,0.11711239069700241,0.16157126426696777,0.12321655452251434,0.2027476280927658,0.23816241323947906,normal
2121,50,ABLATION2_repeated_spike,MOPER_NO_WSHIFT,50,0.0,1,0.09,0.11199999999999999,0.5,0.5,-0.10099999999999999,0.009165673516690731,0.12694983184337616,0.15361958742141724,0.11501459777355194,0.19432498514652252,0.22710303962230682,normal
2122,50,ABLATION2_repeated_spike,MOPER_NO_WSHIFT,50,0.0,1,0.09,0.11199999999999999,0.5,0.5,-0.10099999999999999,0.0015928185312077403,0.14528101682662964,0.2096518874168396,0.16129785776138306,0.2585567235946655,0.30605950951576233,normal
2123,50,ABLATION2_repeated_spike,MOPER_NO_WSHIFT,50,0.0,1,0.09,0.11199999999999999,0.5,0.5,-0.10099999999999999,0.01635604165494442,0.0052205524407327175,0.050930485129356384,0.04434286057949066,0.06235338747501373,0.0791592001914978,normal
2124,50,ABLATION2_repeated_spike,MOPER_NO_WSHIFT,50,0.0,1,0.09,0.11199999999999999,0.5,0.5,-0.10099999999999999,0.0025410442613065243,0.12499981373548508,0.25920331478118896,0.19987629354000092,0.3229888081550598,0.38092613220214844,normal
2125,50,ABLATION2_repeated_spike,MOPER_NO_WSHIFT,50,0.0,1,0.09,0.11199999999999999,0.5,0.5,-0.10099999999999999,-0.0024084611795842648,0.10818423330783844,0.15450924634933472,0.11462455987930298,0.19608141481876373,0.22910840809345245,normal
2126,50,ABLATION2_repeated_spike,MOPER_NO_WSHIFT,50,0.0,1,0.09,0.11199999999999999,0.5,0.5,-0.10099999999999999,0.016744691878557205,0.08953709900379181,0.14955872297286987,0.12103879451751709,0.18722151219844818,0.22551125288009644,normal
2127,50,ABLATION2_repeated_spike,MOPER_NO_WSHIFT,50,0.0,1,0.09,0.11199999999999999,0.5,0.5,-0.10099999999999999,0.0065099094063043594,0.10454467684030533,0.1671566218137741,0.13798129558563232,0.20438118278980255,0.24898682534694672,normal
2128,50,ABLATION2_repeated_spike,MOPER_NO_WSHIFT,50,0.0,1,0.09,0.11199999999999999,0.5,0.5,-0.10099999999999999,0.008726292289793491,0.07376750558614731,0.13707193732261658,0.10732877254486084,0.16897250711917877,0.20318284630775452,normal
2129,50,ABLATION2_repeated_spike,MOPER_NO_WSHIFT,50,0.0,1,0.09,0.11199999999999999,0.5,0.5,-0.10099999999999999,0.016556475311517715,0.07048559188842773,0.1601460874080658,0.1351069211959839,0.18951117992401123,0.2370232492685318,normal
2130,50,ABLATION2_repeated_spike,MOPER_NO_WSHIFT,50,0.0,1,0.09,0.11199999999999999,0.5,0.5,-0.10099999999999999,0.01867121458053589,0.04062143713235855,0.11918967217206955,0.09956003725528717,0.13881930708885193,0.17362728714942932,normal
2131,50,ABLATION2_repeated_spike,MOPER_NO_WSHIFT,50,0.0,1,0.09,0.11199999999999999,0.5,0.5,-0.10099999999999999,0.004626109730452299,0.04574728384613991,0.11504489928483963,0.09681887924671173,0.13473328948020935,0.16810956597328186,normal
2132,50,ABLATION2_repeated_spike,MOPER_NO_WSHIFT,50,0.0,1,0.09,0.11199999999999999,0.5,0.5,-0.10099999999999999,0.007578035816550255,0.002828956348821521,0.0526287667453289,0.04573290795087814,0.060642361640930176,0.07805810868740082,normal
2133,50,ABLATION2_repeated_spike,MOPER_NO_WSHIFT,50,0.0,1,0.09,0.11199999999999999,0.5,0.5,-0.10099999999999999,0.029457565397024155,0.013323675841093063,0.07513526827096939,0.06465888023376465,0.0875023752450943,0.11006835103034973,normal
2134,50,ABLATION2_repeated_spike,MOPER_NO_WSHIFT,50,0.0,1,0.09,0.11199999999999999,0.5,0.5,-0.10099999999999999,0.03227449581027031,0.011075828224420547,0.07674357295036316,0.06610911339521408,0.08737802505493164,0.1113830953836441,normal
2135,50,ABLATION2_repeated_spike,MOPER_NO_WSHIFT,50,0.0,1,0.09,0.11199999999999999,0.5,0.5,-0.10099999999999999,0.017848720774054527,0.0413888581097126,0.08216111361980438,0.06530584394931793,0.10226799547672272,0.1239166408777237,normal
2136,50,ABLATION2_repeated_spike,MOPER_NO_WSHIFT,50,0.0,1,0.09,0.11199999999999999,0.5,0.5,-0.10099999999999999,0.005048886872828007,0.059328947216272354,0.10593538731336594,0.08489783108234406,0.1282099187374115,0.15557897090911865,normal
2137,50,ABLATION2_repeated_spike,MOPER_NO_WSHIFT,50,0.0,1,0.09,0.11199999999999999,0.5,0.5,-0.10099999999999999,0.01201044861227274,0.12229165434837341,0.15030619502067566,0.11992791295051575,0.18715006113052368,0.22362099587917328,normal
2138,50,ABLATION2_repeated_spike,MOPER_NO_WSHIFT,50,0.0,1,0.09,0.11199999999999999,0.5,0.5,-0.10099999999999999,0.004853883758187294,0.07801021635532379,0.1387452781200409,0.10614624619483948,0.17640215158462524,0.20708125829696655,normal
2139,50,ABLATION2_repeated_spike,MOPER_NO_WSHIFT,50,0.0,1,0.09,0.11199999999999999,0.5,0.5,-0.10099999999999999,-9.299205885326955e-07,0.09353039413690567,0.15840090811252594,0.12169906497001648,0.1951027512550354,0.23096024990081787,normal
2140,50,ABLATION2_repeated_spike,MOPER_NO_WSHIFT,50,0.0,1,0.09,0.11199999999999999,0.5,0.5,-0.10099999999999999,0.0025147832930088043,0.1272965669631958,0.1707247495651245,0.13428090512752533,0.21062402427196503,0.2512931227684021,normal
2141,50,ABLATION2_repeated_spike,MOPER_NO_WSHIFT,50,0.0,1,0.09,0.11199999999999999,0.5,0.5,-0.10099999999999999,0.0027951672673225403,0.052643559873104095,0.10177528858184814,0.07588280737400055,0.1290023773908615,0.15070825815200806,normal
2142,50,ABLATION2_repeated_spike,MOPER_NO_WSHIFT,50,0.0,1,0.09,0.11199999999999999,0.5,0.5,-0.10099999999999999,0.0010660284897312522,0.18943549692630768,0.22017067670822144,0.17398446798324585,0.2707834243774414,0.32297903299331665,normal
2143,50,ABLATION2_repeated_spike,MOPER_NO_WSHIFT,50,0.0,1,0.09,0.11199999999999999,0.5,0.5,-0.10099999999999999,0.008710162714123726,0.041037898510694504,0.09276925027370453,0.07062122225761414,0.11795181035995483,0.13868817687034607,normal
2144,50,ABLATION2_repeated_spike,MOPER_NO_WSHIFT,50,0.0,1,0.09,0.11199999999999999,0.5,0.5,-0.10099999999999999,0.002682717051357031,0.20234522223472595,0.2136080265045166,0.16296057403087616,0.26756739616394043,0.3143560588359833,normal
2145,50,ABLATION2_repeated_spike,MOPER_NO_WSHIFT,50,0.0,1,0.09,0.11199999999999999,0.5,0.5,-0.10099999999999999,-0.0024060371797531843,0.0861249566078186,0.1085786446928978,0.07970789074897766,0.13941197097301483,0.1611187756061554,normal
2146,50,ABLATION2_repeated_spike,MOPER_NO_WSHIFT,50,0.0,1,0.09,0.11199999999999999,0.5,0.5,-0.10099999999999999,-0.00503594521433115,0.05382337048649788,0.1107017919421196,0.07929138839244843,0.14370518922805786,0.16473828256130219,normal
2147,50,ABLATION2_repeated_spike,MOPER_NO_WSHIFT,50,0.0,1,0.09,0.11199999999999999,0.5,0.5,-0.10099999999999999,-0.000842507288325578,0.03763416036963463,0.09614109247922897,0.07532237470149994,0.12275901436805725,0.1447584331035614,normal
2148,50,ABLATION2_repeated_spike,MOPER_NO_WSHIFT,50,0.0,1,0.09,0.11199999999999999,0.5,0.5,-0.10099999999999999,0.005485700909048319,0.0921415388584137,0.1529773473739624,0.11634117364883423,0.1946936994791031,0.22786210477352142,normal
2149,50,ABLATION2_repeated_spike,MOPER_NO_WSHIFT,50,0.0,1,0.09,0.11199999999999999,0.5,0.5,-0.10099999999999999,0.005329616367816925,0.15594743192195892,0.25238364934921265,0.1935015171766281,0.3184012472629547,0.37418484687805176,normal
2150,50,ABLATION2_repeated_spike,MOPER_NO_WSHIFT,50,0.0,1,0.09,0.11199999999999999,0.5,0.5,-0.10099999999999999,0.0039734384045004845,0.14305035769939423,0.2055114209651947,0.15939220786094666,0.2562404274940491,0.3028939962387085,normal
2151,50,ABLATION2_repeated_spike,MOPER_NO_WSHIFT,50,0.0,1,0.09,0.11199999999999999,0.5,0.5,-0.10099999999999999,0.011851562187075615,0.0013538483763113618,0.03527677059173584,0.0279858261346817,0.04379640519618988,0.05370958894491196,normal
2152,50,ABLATION2_repeated_spike,MOPER_NO_WSHIFT,50,0.0,1,0.09,0.11199999999999999,0.5,0.5,-0.10099999999999999,0.013084937818348408,0.07307356595993042,0.16945596039295197,0.13757869601249695,0.20276397466659546,0.24848134815692902,normal
2153,50,ABLATION2_repeated_spike,MOPER_NO_WSHIFT,50,0.0,1,0.09,0.11199999999999999,0.5,0.5,-0.10099999999999999,0.0033757714554667473,0.009530233219265938,0.06833510100841522,0.061781346797943115,0.0770343542098999,0.10088783502578735,normal
2154,50,ABLATION2_repeated_spike,MOPER_NO_WSHIFT,50,0.0,1,0.09,0.11199999999999999,0.5,0.5,-0.10099999999999999,0.022136958315968513,0.04235251620411873,0.1013842523097992,0.08575285226106644,0.11783653497695923,0.14940807223320007,normal
2155,50,ABLATION2_repeated_spike,MOPER_NO_WSHIFT,50,0.0,1,0.09,0.11199999999999999,0.5,0.5,-0.10099999999999999,0.019813532009720802,0.04056234285235405,0.10474403202533722,0.08808039128780365,0.12508393824100494,0.1558714658021927,normal
2156,50,ABLATION2_repeated_spike,MOPER_NO_WSHIFT,50,0.0,1,0.09,0.11199999999999999,0.5,0.5,-0.10099999999999999,0.01170654222369194,0.045727670192718506,0.10628221184015274,0.08614504337310791,0.12889473140239716,0.15695001184940338,normal
2157,50,ABLATION2_repeated_spike,MOPER_NO_WSHIFT,50,0.0,1,0.09,0.11199999999999999,0.5,0.5,-0.10099999999999999,0.03125204145908356,0.05051260069012642,0.11168528348207474,0.09423438459634781,0.13191862404346466,0.1650664508342743,normal
2158,50,ABLATION2_repeated_spike,MOPER_NO_WSHIFT,50,0.0,1,0.09,0.11199999999999999,0.5,0.5,-0.10099999999999999,-8.24382823338965e-07,0.043516382575035095,0.09658622741699219,0.07770586013793945,0.11609619855880737,0.14181171357631683,normal
2159,50,ABLATION2_repeated_spike,MOPER_NO_WSHIFT,50,0.0,1,0.09,0.11199999999999999,0.5,0.5,-0.10099999999999999,0.0067808362655341625,0.11555606871843338,0.14410343766212463,0.11139288544654846,0.1800057739019394,0.21305175125598907,normal
2160,50,ABLATION2_repeated_spike,MOPER_NO_WSHIFT,50,0.0,1,0.09,0.11199999999999999,0.5,0.5,-0.10099999999999999,0.005329876206815243,0.12611041963100433,0.2066006362438202,0.16000987589359283,0.25574490427970886,0.30372893810272217,normal
2161,50,ABLATION2_repeated_spike,MOPER_NO_WSHIFT,50,0.0,1,0.09,0.11199999999999999,0.5,0.5,-0.10099999999999999,0.00413954583927989,0.10084100812673569,0.15413439273834229,0.12226475775241852,0.18898111581802368,0.2263827919960022,normal
2162,50,ABLATION2_repeated_spike,MOPER_NO_WSHIFT,50,0.0,1,0.09,0.11199999999999999,0.5,0.5,-0.10099999999999999,0.0047329566441476345,0.06176456809043884,0.10308375209569931,0.07809580862522125,0.13033032417297363,0.15370263159275055,normal
2163,50,ABLATION2_repeated_spike,MOPER_NO_WSHIFT,50,0.0,1,0.09,0.11199999999999999,0.5,0.5,-0.10099999999999999,-0.0010096770711243153,0.10822731256484985,0.13428810238838196,0.10006040334701538,0.17071667313575745,0.19830532371997833,normal
2164,50,ABLATION2_repeated_spike,MOPER_NO_WSHIFT,50,0.0,1,0.09,0.11199999999999999,0.5,0.5,-0.10099999999999999,-0.0002340207138331607,0.16702891886234283,0.20463038980960846,0.15808315575122833,0.25406384468078613,0.3000972867012024,normal
2165,50,ABLATION2_repeated_spike,MOPER_NO_WSHIFT,50,0.0,1,0.09,0.11199999999999999,0.5,0.5,-0.10099999999999999,0.003535339841619134,0.058839719742536545,0.08614679425954819,0.06307785212993622,0.11267721652984619,0.12977004051208496,normal
2166,50,ABLATION2_repeated_spike,MOPER_NO_WSHIFT,50,0.0,1,0.09,0.11199999999999999,0.5,0.5,-0.10099999999999999,0.00044683480518870056,0.030346838757395744,0.09325996786355972,0.07208643853664398,0.11531391739845276,0.13710661232471466,normal
2167,50,ABLATION2_repeated_spike,MOPER_NO_WSHIFT,50,0.0,1,0.09,0.11199999999999999,0.5,0.5,-0.10099999999999999,0.009624713100492954,0.21374963223934174,0.225498229265213,0.17040228843688965,0.2828887104988098,0.3314363658428192,normal
2168,50,ABLATION2_repeated_spike,MOPER_NO_WSHIFT,50,0.0,1,0.09,0.11199999999999999,0.5,0.5,-0.10099999999999999,0.00015982754121068865,0.06850212812423706,0.10362324863672256,0.07579396665096283,0.13249996304512024,0.1531982719898224,normal
2169,50,ABLATION2_repeated_spike,MOPER_NO_WSHIFT,50,0.0,1,0.09,0.11199999999999999,0.5,0.5,-0.10099999999999999,-0.0026610647328197956,0.12482932955026627,0.1584167331457138,0.1237204372882843,0.19492709636688232,0.23193372786045074,normal
2170,50,ABLATION2_repeated_spike,MOPER_NO_WSHIFT,50,0.0,1,0.09,0.11199999999999999,0.5,0.5,-0.10099999999999999,0.0003368559409864247,0.10386398434638977,0.16093724966049194,0.12060391902923584,0.2022627741098404,0.236240953207016,normal
2171,50,ABLATION2_repeated_spike,MOPER_NO_WSHIFT,50,0.0,1,0.09,0.11199999999999999,0.5,0.5,-0.10099999999999999,0.0005999733693897724,0.10420574247837067,0.2116820514202118,0.16417497396469116,0.2655836343765259,0.3132012188434601,normal
2172,50,ABLATION2_repeated_spike,MOPER_NO_WSHIFT,50,0.0,1,0.09,0.11199999999999999,0.5,0.5,-0.10099999999999999,0.002540961839258671,0.060531288385391235,0.09322073310613632,0.06865663826465607,0.12090170383453369,0.13992097973823547,normal
2173,50,ABLATION2_repeated_spike,MOPER_NO_WSHIFT,50,0.0,1,0.09,0.11199999999999999,0.5,0.5,-0.10099999999999999,0.005855504423379898,0.09113667905330658,0.13480806350708008,0.09958966076374054,0.17263834178447723,0.20062416791915894,normal
2174,50,ABLATION2_repeated_spike,MOPER_NO_WSHIFT,50,0.0,1,0.09,0.11199999999999999,0.5,0.5,-0.10099999999999999,-1.0822541298693977e-06,0.10057651996612549,0.14689728617668152,0.11041510105133057,0.1846073865890503,0.21596503257751465,normal
2175,50,ABLATION2_repeated_spike,MOPER_NO_WSHIFT,50,0.0,1,0.09,0.11199999999999999,0.5,0.5,-0.10099999999999999,0.008727826178073883,0.05061483755707741,0.08839966356754303,0.070386603474617,0.11010958254337311,0.1335265040397644,normal
2176,50,ABLATION2_repeated_spike,MOPER_NO_WSHIFT,50,0.0,1,0.09,0.11199999999999999,0.5,0.5,-0.10099999999999999,0.0030270430725067854,0.07242275029420853,0.13634362816810608,0.1019364446401596,0.17090344429016113,0.19953106343746185,normal
2177,50,ABLATION2_repeated_spike,MOPER_NO_WSHIFT,50,0.0,1,0.09,0.11199999999999999,0.5,0.5,-0.10099999999999999,0.016538096591830254,0.042819324880838394,0.09478256106376648,0.08161366730928421,0.10882396996021271,0.14106689393520355,normal
2178,50,ABLATION2_repeated_spike,MOPER_NO_WSHIFT,50,0.0,1,0.09,0.11199999999999999,0.5,0.5,-0.10099999999999999,0.011481799185276031,0.0853782519698143,0.15399278700351715,0.12402047216892242,0.18675030767917633,0.22680960595607758,normal
2179,50,ABLATION2_repeated_spike,MOPER_NO_WSHIFT,50,0.0,1,0.09,0.11199999999999999,0.5,0.5,-0.10099999999999999,0.004372517578303814,0.09006363898515701,0.14946529269218445,0.11962179839611053,0.1793230175971985,0.21857650578022003,normal
2180,50,ABLATION2_repeated_spike,MOPER_NO_WSHIFT,50,0.0,1,0.09,0.11199999999999999,0.5,0.5,-0.10099999999999999,-7.806150961187086e-07,0.09704341739416122,0.14330516755580902,0.11177553236484528,0.17583706974983215,0.210239440202713,normal
2181,50,ABLATION2_repeated_spike,MOPER_NO_WSHIFT,50,0.0,1,0.09,0.11199999999999999,0.5,0.5,-0.10099999999999999,0.0022905420046299696,0.08935188502073288,0.14068979024887085,0.10958903282880783,0.17373239994049072,0.20710505545139313,normal
2182,50,ABLATION2_repeated_spike,MOPER_NO_WSHIFT,50,0.0,1,0.09,0.11199999999999999,0.5,0.5,-0.10099999999999999,0.006930770818144083,0.062415506690740585,0.14672443270683289,0.11856827139854431,0.17763474583625793,0.2164880484342575,normal
2183,50,ABLATION2_repeated_spike,MOPER_NO_WSHIFT,50,0.0,1,0.09,0.11199999999999999,0.5,0.5,-0.10099999999999999,0.013460135087370872,0.04419463872909546,0.08842954784631729,0.0697803646326065,0.10871085524559021,0.13119029998779297,normal
2184,50,ABLATION2_repeated_spike,MOPER_NO_WSHIFT,50,0.0,1,0.09,0.11199999999999999,0.5,0.5,-0.10099999999999999,0.006478732917457819,0.19830265641212463,0.24583904445171356,0.19342470169067383,0.30114948749542236,0.360454797744751,normal
2185,50,ABLATION2_repeated_spike,MOPER_NO_WSHIFT,50,0.0,1,0.09,0.11199999999999999,0.5,0.5,-0.10099999999999999,0.0024633428547531366,0.04967452958226204,0.09394160658121109,0.06995570659637451,0.1184387356042862,0.1382909119129181,normal
2186,50,ABLATION2_repeated_spike,MOPER_NO_WSHIFT,50,0.0,1,0.09,0.11199999999999999,0.5,0.5,-0.10099999999999999,0.0035194959491491318,0.13722491264343262,0.18867403268814087,0.14350464940071106,0.23793093860149384,0.27904438972473145,normal
2187,50,ABLATION2_repeated_spike,MOPER_NO_WSHIFT,50,0.0,1,0.09,0.11199999999999999,0.5,0.5,-0.10099999999999999,0.0018875106470659375,0.16092458367347717,0.1916661262512207,0.14634010195732117,0.23755016922950745,0.2797267436981201,normal
2188,50,ABLATION2_repeated_spike,MOPER_NO_WSHIFT,50,0.0,1,0.09,0.11199999999999999,0.5,0.5,-0.10099999999999999,0.0035847541876137257,0.10962852835655212,0.1445772349834442,0.1105356514453888,0.17971080541610718,0.21178343892097473,normal
2189,50,ABLATION2_repeated_spike,MOPER_NO_WSHIFT,50,0.0,1,0.09,0.11199999999999999,0.5,0.5,-0.10099999999999999,0.0034214616753160954,0.12995333969593048,0.20283877849578857,0.15960071980953217,0.2537262737751007,0.3008233606815338,normal
2190,50,ABLATION2_repeated_spike,MOPER_NO_WSHIFT,50,0.0,1,0.09,0.11199999999999999,0.5,0.5,-0.10099999999999999,0.006120346952229738,0.15759219229221344,0.19846947491168976,0.1563015878200531,0.2471410036087036,0.29330265522003174,normal
2191,50,ABLATION2_repeated_spike,MOPER_NO_WSHIFT,50,0.0,1,0.09,0.11199999999999999,0.5,0.5,-0.10099999999999999,0.002480881754308939,0.07714752852916718,0.1382424235343933,0.10635216534137726,0.17232060432434082,0.2032904177904129,normal
2192,50,ABLATION2_repeated_spike,MOPER_NO_WSHIFT,50,0.0,1,0.09,0.11199999999999999,0.5,0.5,-0.10099999999999999,0.0036367601715028286,0.0826042965054512,0.13524413108825684,0.10169060528278351,0.1694207489490509,0.1981775462627411,normal
2193,50,ABLATION2_repeated_spike,MOPER_NO_WSHIFT,50,0.0,1,0.09,0.11199999999999999,0.5,0.5,-0.10099999999999999,0.0066755348816514015,0.07967282831668854,0.14108267426490784,0.109694704413414,0.17466482520103455,0.2073732614517212,normal
2194,50,ABLATION2_repeated_spike,MOPER_NO_WSHIFT,50,0.0,1,0.09,0.11199999999999999,0.5,0.5,-0.10099999999999999,0.022804906591773033,0.08744543790817261,0.1492881178855896,0.11883804947137833,0.17973820865154266,0.21834318339824677,normal
2195,50,ABLATION2_repeated_spike,MOPER_NO_WSHIFT,50,0.0,1,0.09,0.11199999999999999,0.5,0.5,-0.10099999999999999,-8.636505413051054e-07,0.009867544285953045,0.07219930738210678,0.0618404746055603,0.08255814015865326,0.10426071286201477,normal
2196,50,ABLATION2_repeated_spike,MOPER_NO_WSHIFT,50,0.0,1,0.09,0.11199999999999999,0.5,0.5,-0.10099999999999999,0.023776201531291008,0.01594431884586811,0.08524592965841293,0.0773664191365242,0.09657907485961914,0.12630175054073334,normal
2197,50,ABLATION2_repeated_spike,MOPER_NO_WSHIFT,50,0.0,1,0.09,0.11199999999999999,0.5,0.5,-0.10099999999999999,0.015236045233905315,0.031550582498311996,0.09730876237154007,0.0792422667145729,0.1175229549407959,0.1440970003604889,normal
2198,50,ABLATION2_repeated_spike,MOPER_NO_WSHIFT,50,0.0,1,0.09,0.11199999999999999,0.5,0.5,-0.10099999999999999,0.0091391047462821,0.10486447066068649,0.1703040897846222,0.13856765627861023,0.20353887975215912,0.24858629703521729,normal
2199,50,ABLATION2_repeated_spike,MOPER_NO_WSHIFT,50,0.0,1,0.09,0.11199999999999999,0.5,0.5,-0.10099999999999999,0.013921448029577732,0.08740777522325516,0.1521783471107483,0.12300243228673935,0.18309390544891357,0.2233610451221466,normal
2200,50,ABLATION2_repeated_spike,MOPER_NO_WSHIFT,150,13.0,1,0.11472727272727273,0.21178181818181818,0.5,0.5,-0.16325454545454546,0.0072483173571527,0.09945476800203323,0.13880760967731476,0.10753548890352249,0.17191851139068604,0.2041502445936203,spike
2201,50,ABLATION2_repeated_spike,MOPER_NO_WSHIFT,150,24.700000000000003,1,0.11898181818181819,0.21518545454545457,0.5,0.5,-0.16708363636363638,0.01344462763518095,0.051764242351055145,0.10683473199605942,0.08837847411632538,0.1273527443408966,0.1573946177959442,spike
2202,50,ABLATION2_repeated_spike,MOPER_NO_WSHIFT,150,35.230000000000004,1,0.1228109090909091,0.2182487272727273,0.5,0.5,-0.1705298181818182,0.042742881923913956,0.052206896245479584,0.11314147710800171,0.09425648301839828,0.13209770619869232,0.16473700106143951,spike
2203,50,ABLATION2_repeated_spike,MOPER_NO_WSHIFT,150,44.70700000000001,1,0.1262570909090909,0.22100567272727273,0.5,0.5,-0.17363138181818183,0.0316924974322319,0.008999845013022423,0.06432251632213593,0.05541016161441803,0.07511459290981293,0.09511153399944305,spike
2204,50,ABLATION2_repeated_spike,MOPER_NO_WSHIFT,150,53.2363,1,0.12935865454545456,0.22348692363636366,0.5,0.5,-0.1764227890909091,0.03943384066224098,0.03984353691339493,0.09644090384244919,0.0781785100698471,0.11624786257743835,0.14258036017417908,spike
2205,50,ABLATION2_repeated_spike,MOPER_NO_WSHIFT,150,60.91266999999999,1,0.13215006181818184,0.2257200494545455,0.5,0.5,-0.17893505563636367,0.002572717610746622,0.16641919314861298,0.26750606298446655,0.2096482515335083,0.32590270042419434,0.3891494870185852,spike
2206,50,ABLATION2_repeated_spike,MOPER_NO_WSHIFT,150,67.821403,1,0.13466232836363637,0.2277298626909091,0.5,0.5,-0.18119609552727273,0.008468152955174446,0.10451105237007141,0.18141545355319977,0.14361459016799927,0.22608089447021484,0.2695387601852417,spike
2207,50,ABLATION2_repeated_spike,MOPER_NO_WSHIFT,150,74.0392627,1,0.13692336825454546,0.22953869460363638,0.5,0.5,-0.18323103142909092,0.0042332313023507595,0.023088645190000534,0.08426883071660995,0.0675048977136612,0.10516884922981262,0.12686912715435028,spike
2208,50,ABLATION2_repeated_spike,MOPER_NO_WSHIFT,150,79.63533643,1,0.13895830415636365,0.23116664332509093,0.5,0.5,-0.1850624737407273,0.007582386955618858,0.006039617583155632,0.05678361654281616,0.049063459038734436,0.06638462841510773,0.08507698774337769,spike
2209,50,ABLATION2_repeated_spike,MOPER_NO_WSHIFT,150,84.671802787,1,0.14078974646800002,0.23263179717440002,0.5,0.5,-0.18671077182120002,0.005548990331590176,0.04107309877872467,0.08073999732732773,0.06077703833580017,0.10395960509777069,0.12114349007606506,spike
2210,50,ABLATION2_repeated_spike,MOPER_NO_WSHIFT,150,89.2046225083,1,0.14243804454847273,0.2339504356387782,0.5,0.5,-0.18819424009362545,0.007377420552074909,0.08857497572898865,0.13292159140110016,0.1051110327243805,0.1709570735692978,0.20214754343032837,spike
2211,50,ABLATION2_repeated_spike,MOPER_NO_WSHIFT,150,93.28416025747,1,0.14392151282089818,0.23513721025671858,0.5,0.5,-0.1895293615388084,-0.0011338178301230073,0.0951157659292221,0.1384090781211853,0.10541786253452301,0.17486485838890076,0.20528867840766907,spike
2212,50,ABLATION2_repeated_spike,MOPER_NO_WSHIFT,150,96.955744231723,1,0.1452566342660811,0.23620530741286488,0.5,0.5,-0.190730970839473,-0.0010422969935461879,0.052620287984609604,0.08586855977773666,0.06457170844078064,0.11204378306865692,0.1300671100616455,spike
2213,50,ABLATION2_repeated_spike,MOPER_NO_WSHIFT,150,100.2601698085507,1,0.1464582435667457,0.23716659485339658,0.5,0.5,-0.19181241921007114,0.013210210017859936,0.10648592561483383,0.1472730189561844,0.11430628597736359,0.18806959688663483,0.22105443477630615,spike
2214,50,ABLATION2_repeated_spike,MOPER_NO_WSHIFT,150,103.23415282769564,1,0.14753969193734387,0.2380317535498751,0.5,0.5,-0.1927857227436095,-0.00038442728691734374,0.11949681490659714,0.1448902189731598,0.10972441732883453,0.18212080001831055,0.21358133852481842,spike
2215,50,ABLATION2_repeated_spike,MOPER_NO_WSHIFT,150,105.91073754492608,1,0.1485129954708822,0.23881039637670576,0.5,0.5,-0.19366169592379398,-0.007204187102615833,0.059215884655714035,0.10613158345222473,0.08112858235836029,0.13470618426799774,0.15823425352573395,spike
2216,50,ABLATION2_repeated_spike,MOPER_NO_WSHIFT,150,108.31966379043347,1,0.1493889686510667,0.2395111749208534,0.5,0.5,-0.19445007178596005,-0.005346343852579594,0.10342497378587723,0.15201762318611145,0.11477172374725342,0.1935681700706482,0.2258422076702118,spike
2217,50,ABLATION2_repeated_spike,MOPER_NO_WSHIFT,150,110.48769741139012,1,0.15017734451323278,0.24014187561058625,0.5,0.5,-0.19515961006190952,-0.0031647500582039356,0.1336980164051056,0.19919344782829285,0.15097053349018097,0.2489999681711197,0.2921290695667267,spike
2218,50,ABLATION2_repeated_spike,MOPER_NO_WSHIFT,150,112.4389276702511,1,0.15088688278918225,0.2407095062313458,0.5,0.5,-0.19579819451026403,-0.0008517233072780073,0.04784796014428139,0.09099697321653366,0.06741337478160858,0.11547300219535828,0.13458217680454254,spike
2219,50,ABLATION2_repeated_spike,MOPER_NO_WSHIFT,150,114.195034903226,1,0.15152546723753674,0.24122037379002942,0.5,0.5,-0.19637292051378308,-0.0021995780989527702,0.1025964766740799,0.15424025058746338,0.11648622155189514,0.1949632316827774,0.22794196009635925,spike
2220,50,ABLATION2_repeated_spike,MOPER_NO_WSHIFT,150,115.7755314129034,1,0.15210019324105578,0.24168015459284464,0.5,0.5,-0.1968901739169502,0.0029163977596908808,0.09668336063623428,0.1717991828918457,0.12436367571353912,0.22191409766674042,0.255615770816803,spike
2221,50,ABLATION2_repeated_spike,MOPER_NO_WSHIFT,150,117.19797827161307,1,0.15261744664422294,0.24209395731537836,0.5,0.5,-0.19735570197980065,-0.009067488834261894,0.05308215320110321,0.09367622435092926,0.06926274299621582,0.12204980850219727,0.14119413495063782,spike
2222,50,ABLATION2_repeated_spike,MOPER_NO_WSHIFT,150,118.47818044445177,1,0.15308297470707338,0.2424663797656587,0.5,0.5,-0.19777467723636605,-0.006684455089271069,0.04996674880385399,0.07945516705513,0.05939885973930359,0.10400551557540894,0.12041996419429779,spike
2223,50,ABLATION2_repeated_spike,MOPER_NO_WSHIFT,150,119.63036240000659,1,0.15350194996363875,0.24280155997091102,0.5,0.5,-0.19815175496727488,0.005009803455322981,0.1281581073999405,0.1597336083650589,0.12119537591934204,0.20009845495224,0.2357555627822876,spike
2224,50,ABLATION2_repeated_spike,MOPER_NO_WSHIFT,150,120.66732616000593,1,0.15387902769454762,0.24310322215563812,0.5,0.5,-0.19849112492509285,-0.002760086441412568,0.06196686252951622,0.10713907331228256,0.07716131210327148,0.14020536839962006,0.16049528121948242,spike
2225,50,ABLATION2_repeated_spike,MOPER_NO_WSHIFT,150,121.60059354400533,1,0.15421839765236559,0.24337471812189249,0.5,0.5,-0.19879655788712902,-0.0026122599374502897,0.1345914900302887,0.1798442006111145,0.1302299052476883,0.2326306402683258,0.2673385739326477,spike
2226,50,ABLATION2_repeated_spike,MOPER_NO_WSHIFT,150,122.44053418960482,1,0.15452383061440175,0.24361906449152143,0.5,0.5,-0.19907144755296158,-0.0028460444882512093,0.08124850690364838,0.16568705439567566,0.12348771095275879,0.21050980687141418,0.2459002435207367,spike
2227,50,ABLATION2_repeated_spike,MOPER_NO_WSHIFT,150,123.19648077064434,1,0.1547987202802343,0.24383897622418746,0.5,0.5,-0.19931884825221088,-0.0005920423427596688,0.061789434403181076,0.13464686274528503,0.10301756858825684,0.1695995032787323,0.19952207803726196,spike
2228,50,ABLATION2_repeated_spike,MOPER_NO_WSHIFT,150,123.8768326935799,1,0.15504612097948361,0.24403689678358692,0.5,0.5,-0.19954150888153527,5.797774065285921e-06,0.24320785701274872,0.2772955298423767,0.2014821171760559,0.35428541898727417,0.4102783203125,spike
2229,50,ABLATION2_repeated_spike,MOPER_NO_WSHIFT,150,124.48914942422192,1,0.155268781608808,0.24421502528704642,0.5,0.5,-0.1997419034479272,0.000480490765767172,0.06410181522369385,0.15398553013801575,0.10247533023357391,0.21019963920116425,0.23704123497009277,spike
2230,50,ABLATION2_repeated_spike,MOPER_NO_WSHIFT,150,125.04023448179973,1,0.15546917617519992,0.24437534094015995,0.5,0.5,-0.19992225855767992,0.00024364049022551626,0.08755168318748474,0.14823204278945923,0.11122024059295654,0.19110886752605438,0.2236480712890625,spike
2231,50,ABLATION2_repeated_spike,MOPER_NO_WSHIFT,150,125.53621103361976,1,0.15564953128495265,0.24451962502796215,0.5,0.5,-0.20008457815645742,-0.0010247554164379835,0.15299569070339203,0.19593428075313568,0.14769838750362396,0.2513924241065979,0.2928708791732788,spike
2232,50,ABLATION2_repeated_spike,MOPER_NO_WSHIFT,150,125.9825899302578,1,0.15581185088373012,0.2446494807069841,0.5,0.5,-0.20023066579535712,0.0015614518197253346,0.05595491826534271,0.1341375857591629,0.10077522695064545,0.17389695346355438,0.2016807198524475,spike
2233,50,ABLATION2_repeated_spike,MOPER_NO_WSHIFT,150,126.38433093723202,1,0.15595793852262982,0.24476635081810388,0.5,0.5,-0.20036214467036684,0.00280778924934566,0.07250155508518219,0.14771300554275513,0.11967889964580536,0.17916354537010193,0.21949855983257294,spike
2234,50,ABLATION2_repeated_spike,MOPER_NO_WSHIFT,150,126.74589784350883,1,0.15608941739763957,0.24487153391811167,0.5,0.5,-0.20048047565787563,0.004308636765927076,0.07430560141801834,0.13645248115062714,0.10724521428346634,0.16733163595199585,0.2017105519771576,spike
2235,50,ABLATION2_repeated_spike,MOPER_NO_WSHIFT,150,127.07130805915796,1,0.15620774838514834,0.2449661987081187,0.5,0.5,-0.20058697354663352,0.020741097629070282,0.004445896949619055,0.06023825332522392,0.05819391459226608,0.0656314492225647,0.09128794074058533,spike
2236,50,ABLATION2_repeated_spike,MOPER_NO_WSHIFT,150,127.36417725324216,1,0.15631424627390625,0.24505139701912504,0.5,0.5,-0.20068282164651563,0.005172814708203077,0.09870041161775589,0.1988259255886078,0.15774019062519073,0.23991164565086365,0.28955569863319397,spike
2237,50,ABLATION2_repeated_spike,MOPER_NO_WSHIFT,150,127.62775952791793,1,0.15641009437378833,0.2451280754990307,0.5,0.5,-0.20076908493640952,0.01863584853708744,0.03092997334897518,0.09851297736167908,0.07887770980596542,0.11814825236797333,0.14415012300014496,spike
2238,50,ABLATION2_repeated_spike,MOPER_NO_WSHIFT,150,127.86498357512613,1,0.15649635766368225,0.24519708613094582,0.5,0.5,-0.20084672189731403,0.014248508028686047,0.10918465256690979,0.20062196254730225,0.15770235657691956,0.24354159832000732,0.2918417751789093,spike
2239,50,ABLATION2_repeated_spike,MOPER_NO_WSHIFT,150,128.07848521761352,1,0.15657399462458674,0.24525919569966942,0.5,0.5,-0.20091659516212806,0.030362993478775024,0.057390689849853516,0.15324994921684265,0.12302130460739136,0.1847074180841446,0.2242635190486908,spike
2240,50,ABLATION2_repeated_spike,MOPER_NO_WSHIFT,150,128.27063669585218,1,0.1566438678894008,0.24531509431152065,0.5,0.5,-0.2009794811004607,0.009189814329147339,0.03123791329562664,0.13076309859752655,0.10456094145774841,0.15699313580989838,0.19005359709262848,spike
2241,50,ABLATION2_repeated_spike,MOPER_NO_WSHIFT,150,128.44357302626696,1,0.15670675382773344,0.2453654030621868,0.5,0.5,-0.20103607844496013,0.01765063777565956,0.007243247702717781,0.0685051828622818,0.05551724135875702,0.0830225795507431,0.10151264071464539,spike
2242,50,ABLATION2_repeated_spike,MOPER_NO_WSHIFT,150,128.59921572364027,1,0.1567633511722328,0.24541068093778629,0.5,0.5,-0.20108701605500956,0.017369074746966362,0.03796841576695442,0.11364224553108215,0.09276563674211502,0.13734319806098938,0.16793498396873474,spike
2243,50,ABLATION2_repeated_spike,MOPER_NO_WSHIFT,150,128.73929415127623,1,0.15681428878228226,0.24545143102582584,0.5,0.5,-0.20113285990405405,0.005045269150286913,0.04214845225214958,0.10206586867570877,0.07723172008991241,0.12718132138252258,0.1496681421995163,spike
2244,50,ABLATION2_repeated_spike,MOPER_NO_WSHIFT,150,128.8653647361486,1,0.15686013263132675,0.24548810610506144,0.5,0.5,-0.2011741193681941,0.011110612191259861,0.11034509539604187,0.19156907498836517,0.1485195755958557,0.23470163345336914,0.27932611107826233,spike
2245,50,ABLATION2_repeated_spike,MOPER_NO_WSHIFT,150,128.97882826253374,1,0.15690139209546683,0.24552111367637347,0.5,0.5,-0.20121125288592015,-8.940337465901393e-07,0.003071286017075181,0.04145731031894684,0.028685420751571655,0.05422919988632202,0.06172354519367218,spike
2246,50,ABLATION2_repeated_spike,MOPER_NO_WSHIFT,150,129.0809454362804,1,0.15693852561319285,0.24555082049055432,0.5,0.5,-0.2012446730518736,0.005948817357420921,0.03745131939649582,0.082733653485775,0.06358137726783752,0.10490117967128754,0.12392409145832062,spike
2247,50,ABLATION2_repeated_spike,MOPER_NO_WSHIFT,150,129.17285089265235,1,0.1569719457791463,0.24557755662331704,0.5,0.5,-0.20127475120123167,0.008800352923572063,0.0014571116771548986,0.03582300245761871,0.02668476104736328,0.04839101433753967,0.056677937507629395,spike
2248,50,ABLATION2_repeated_spike,MOPER_NO_WSHIFT,150,129.25556580338713,1,0.1570020239285044,0.24560161914280354,0.5,0.5,-0.20130182153565396,-0.0013327025808393955,0.04578912630677223,0.08723273128271103,0.06410785019397736,0.11323094367980957,0.13113532960414886,spike
2249,50,ABLATION2_repeated_spike,MOPER_NO_WSHIFT,150,129.33000922304842,1,0.15702909426292672,0.2456232754103414,0.5,0.5,-0.20132618483663406,0.013946044258773327,0.09399113059043884,0.14682002365589142,0.11544919013977051,0.18396314978599548,0.2186269611120224,spike
2250,50,ABLATION2_repeated_spike,MOPER_NO_WSHIFT,150,129.39700830074358,1,0.15705345756390676,0.24564276605112545,0.5,0.5,-0.2013481118075161,-0.002033861121162772,0.1239418014883995,0.1611233651638031,0.1288680136203766,0.2016068398952484,0.24085170030593872,spike
2251,50,ABLATION2_repeated_spike,MOPER_NO_WSHIFT,150,129.4573074706692,1,0.1570753845347888,0.2456603076278311,0.5,0.5,-0.20136784608130995,-0.0033467498142272234,0.00599787337705493,0.04268696904182434,0.03545209765434265,0.05292978882789612,0.06514645367860794,spike
2252,50,ABLATION2_repeated_spike,MOPER_NO_WSHIFT,150,129.51157672360227,1,0.15709511880858265,0.24567609504686616,0.5,0.5,-0.2013856069277244,-0.01616494730114937,0.07398964464664459,0.1303897500038147,0.1023053228855133,0.1657896339893341,0.19569319486618042,spike
2253,50,ABLATION2_repeated_spike,MOPER_NO_WSHIFT,150,129.56041905124204,1,0.15711287965499712,0.2456903037239977,0.5,0.5,-0.2014015916894974,-0.007171266712248325,0.1387558877468109,0.1823001503944397,0.13981986045837402,0.22915063798427582,0.26897722482681274,spike
2254,50,ABLATION2_repeated_spike,MOPER_NO_WSHIFT,150,129.60437714611783,1,0.1571288644167701,0.24570309153341607,0.5,0.5,-0.20141597797509309,-0.007912787608802319,0.21607695519924164,0.2469400018453598,0.18901444971561432,0.30837923288345337,0.36289364099502563,spike
2255,50,ABLATION2_repeated_spike,MOPER_NO_WSHIFT,150,129.64393943150606,1,0.15714325070236584,0.2457146005618927,0.5,0.5,-0.20142892563212927,-0.0014266482321545482,0.26525115966796875,0.26214927434921265,0.19407230615615845,0.3311723470687866,0.38415223360061646,spike
2256,50,ABLATION2_repeated_spike,MOPER_NO_WSHIFT,150,129.67954548835547,1,0.157156198359402,0.24572495868752164,0.5,0.5,-0.2014405785234618,-0.005183302331715822,0.15054750442504883,0.22297868132591248,0.1658143848180771,0.2836952209472656,0.32926052808761597,spike
2257,50,ABLATION2_repeated_spike,MOPER_NO_WSHIFT,150,129.7115909395199,1,0.1571678512507345,0.24573428100058764,0.5,0.5,-0.20145106612566108,-0.00815331656485796,0.05619463324546814,0.11466798186302185,0.07933449745178223,0.15408572554588318,0.17387162148952484,spike
2258,50,ABLATION2_repeated_spike,MOPER_NO_WSHIFT,150,129.7404318455679,1,0.15717833885293378,0.24574267108234704,0.5,0.5,-0.2014605049676404,-0.005736400838941336,0.0643325001001358,0.09570004045963287,0.06699147820472717,0.12839677929878235,0.14528025686740875,spike
2259,50,ABLATION2_repeated_spike,MOPER_NO_WSHIFT,150,129.76638866101112,1,0.15718777769491316,0.24575022215593056,0.5,0.5,-0.20146899992542186,-0.005306871607899666,0.09884893149137497,0.10385090112686157,0.07495434582233429,0.13948993384838104,0.16026118397712708,spike
2260,50,ABLATION2_repeated_spike,MOPER_NO_WSHIFT,150,129.78974979491,1,0.15719627265269456,0.24575701812215567,0.5,0.5,-0.2014766453874251,0.0004523243987932801,0.1481635570526123,0.22520220279693604,0.1610291451215744,0.292789101600647,0.3380962610244751,spike
2261,50,ABLATION2_repeated_spike,MOPER_NO_WSHIFT,150,129.810774815419,1,0.1572039181146978,0.24576313449175824,0.5,0.5,-0.20148352630322802,-0.0013239970430731773,0.19840753078460693,0.2720524072647095,0.19889120757579803,0.34913966059684753,0.40554484724998474,spike
2262,50,ABLATION2_repeated_spike,MOPER_NO_WSHIFT,150,129.8296973338771,1,0.15721079903050078,0.24576863922440062,0.5,0.5,-0.2014897191274507,-0.00040430843364447355,0.004604281857609749,0.043692782521247864,0.026281222701072693,0.06882603466510773,0.07662106305360794,spike
2263,50,ABLATION2_repeated_spike,MOPER_NO_WSHIFT,150,129.8467276004894,1,0.15721699185472343,0.24577359348377875,0.5,0.5,-0.2014952926692511,0.006321923807263374,0.006620223633944988,0.050803810358047485,0.03451839089393616,0.07197949290275574,0.08564168214797974,spike
2264,50,ABLATION2_repeated_spike,MOPER_NO_WSHIFT,150,129.86205484044046,1,0.15722256539652382,0.24577805231721905,0.5,0.5,-0.20150030885687142,0.018783777952194214,0.08472765237092972,0.14536166191101074,0.10025770962238312,0.19290949404239655,0.22085542976856232,spike
2265,50,ABLATION2_repeated_spike,MOPER_NO_WSHIFT,150,129.87584935639643,1,0.15722758158414415,0.24578206526731533,0.5,0.5,-0.20150482342572973,-0.00043645594269037247,0.06025533750653267,0.11386770009994507,0.07854112982749939,0.15378868579864502,0.1760219782590866,spike
2266,50,ABLATION2_repeated_spike,MOPER_NO_WSHIFT,150,129.8882644207568,1,0.15723209615300246,0.245785676922402,0.5,0.5,-0.20150888653770221,0.006158219650387764,0.05780407041311264,0.1049346774816513,0.08118736743927002,0.1359308660030365,0.16149595379829407,spike
2267,50,ABLATION2_repeated_spike,MOPER_NO_WSHIFT,150,129.89943797868114,1,0.15723615926497497,0.24578892741198,0.5,0.5,-0.20151254333847748,-1.0359865427744808e-06,0.001647331053391099,0.036027029156684875,0.0201331228017807,0.052635326981544495,0.057249411940574646,spike
2268,50,ABLATION2_repeated_spike,MOPER_NO_WSHIFT,150,129.90949418081303,1,0.1572398160657502,0.2457918528526002,0.5,0.5,-0.2015158344591752,0.005865436978638172,0.20357660949230194,0.306279718875885,0.23430697619915009,0.3858485519886017,0.4535422921180725,spike
2269,50,ABLATION2_repeated_spike,MOPER_NO_WSHIFT,150,129.91854476273173,1,0.1572431071864479,0.24579448574915835,0.5,0.5,-0.20151879646780313,0.011695809662342072,0.0012722550891339779,0.03323804587125778,0.023482337594032288,0.047176361083984375,0.055235616862773895,spike
2270,50,ABLATION2_repeated_spike,MOPER_NO_WSHIFT,150,129.92669028645855,1,0.15724606919507583,0.24579685535606066,0.5,0.5,-0.20152146227556825,-1.0335101023883908e-06,0.08838433027267456,0.14653261005878448,0.10667476058006287,0.18642020225524902,0.21644406020641327,spike
2271,50,ABLATION2_repeated_spike,MOPER_NO_WSHIFT,150,129.9340212578127,1,0.15724873500284098,0.2457989880022728,0.5,0.5,-0.20152386150255688,0.008651526644825935,0.047390375286340714,0.08662708103656769,0.06755056977272034,0.10978931188583374,0.13062915205955505,spike
2272,50,ABLATION2_repeated_spike,MOPER_NO_WSHIFT,150,129.94061913203143,1,0.15725113422982961,0.24580090738386373,0.5,0.5,-0.20152602080684667,0.016787707805633545,0.14793722331523895,0.18468087911605835,0.14502672851085663,0.22763223946094513,0.2725667953491211,spike
2273,50,ABLATION2_repeated_spike,MOPER_NO_WSHIFT,150,129.94655721882827,1,0.15725329353411938,0.24580263482729553,0.5,0.5,-0.20152796418070745,0.01679074577987194,0.011791159398853779,0.06499113142490387,0.05582304298877716,0.07597614824771881,0.09686152637004852,spike
2274,50,ABLATION2_repeated_spike,MOPER_NO_WSHIFT,150,129.95190149694545,1,0.15725523690798018,0.24580418952638416,0.5,0.5,-0.20152971321718216,0.013569889590144157,0.0413026362657547,0.09120896458625793,0.07457241415977478,0.11123153567314148,0.13623899221420288,spike
2275,50,ABLATION2_repeated_spike,MOPER_NO_WSHIFT,150,129.95671134725092,1,0.1572569859444549,0.2458055887555639,0.5,0.5,-0.2015312873500094,0.006321807857602835,0.0224638469517231,0.0887090414762497,0.06945601105690002,0.11001059412956238,0.13166962563991547,spike
2276,50,ABLATION2_repeated_spike,MOPER_NO_WSHIFT,150,129.96104021252583,1,0.15725856007728212,0.24580684806182573,0.5,0.5,-0.20153270406955393,0.0036906898021698,0.09588825702667236,0.18381385505199432,0.14003577828407288,0.22803734242916107,0.26855140924453735,spike
2277,50,ABLATION2_repeated_spike,MOPER_NO_WSHIFT,150,129.96493619127324,1,0.15725997679682663,0.2458079814374613,0.5,0.5,-0.20153397911714396,0.014501645229756832,0.06837399303913116,0.14057528972625732,0.1100398600101471,0.17383666336536407,0.2077246606349945,spike
2278,50,ABLATION2_repeated_spike,MOPER_NO_WSHIFT,150,129.96844257214593,1,0.15726125184441672,0.24580900147553342,0.5,0.5,-0.20153512665997508,0.010401763953268528,0.11334062367677689,0.19541655480861664,0.15333008766174316,0.2400546371936798,0.2869434058666229,spike
2279,50,ABLATION2_repeated_spike,MOPER_NO_WSHIFT,150,129.97159831493133,1,0.15726239938724776,0.24580991950979825,0.5,0.5,-0.201536159448523,0.0024934515822678804,0.08172880858182907,0.2000230997800827,0.15523843467235565,0.24716641008853912,0.2927914559841156,spike
2280,50,ABLATION2_repeated_spike,MOPER_NO_WSHIFT,150,129.97443848343818,1,0.15726343217579572,0.2458107457406366,0.5,0.5,-0.20153708895821615,0.008185267448425293,0.04733530431985855,0.09979129582643509,0.07859469950199127,0.12397006154060364,0.14814753830432892,spike
2281,50,ABLATION2_repeated_spike,MOPER_NO_WSHIFT,150,129.97699463509434,1,0.15726436168548888,0.24581148934839114,0.5,0.5,-0.20153792551694,0.002052780706435442,0.0009690585429780185,0.04444760084152222,0.03477238118648529,0.05610482394695282,0.06740590929985046,spike
2282,50,ABLATION2_repeated_spike,MOPER_NO_WSHIFT,150,129.9792951715849,1,0.1572651982442127,0.2458121585953702,0.5,0.5,-0.20153867841979145,0.002871650503948331,0.14011316001415253,0.19543349742889404,0.15175531804561615,0.24352070689201355,0.2879783511161804,spike
2283,50,ABLATION2_repeated_spike,MOPER_NO_WSHIFT,150,129.98136565442644,1,0.15726595114706418,0.24581276091765136,0.5,0.5,-0.20153935603235779,0.007915541529655457,0.1525491178035736,0.2017829865217209,0.15776297450065613,0.25326839089393616,0.29992663860321045,spike
2284,50,ABLATION2_repeated_spike,MOPER_NO_WSHIFT,150,129.98322908898382,1,0.15726662875963046,0.24581330300770438,0.5,0.5,-0.2015399658836674,0.012624836526811123,0.10821444541215897,0.1353413164615631,0.10738305747509003,0.1750139594078064,0.20682716369628906,spike
2285,50,ABLATION2_repeated_spike,MOPER_NO_WSHIFT,150,129.98490618008543,1,0.15726723861094016,0.24581379088875216,0.5,0.5,-0.20154051474984616,0.005525094456970692,0.12733832001686096,0.19208741188049316,0.14731580018997192,0.24073222279548645,0.28342103958129883,spike
2286,50,ABLATION2_repeated_spike,MOPER_NO_WSHIFT,150,129.9864155620769,1,0.15726778747711886,0.2458142299816951,0.5,0.5,-0.201541008729407,0.0008906648145057261,0.04176964610815048,0.09192830324172974,0.07128843665122986,0.1146741509437561,0.13674966990947723,spike
2287,50,ABLATION2_repeated_spike,MOPER_NO_WSHIFT,150,129.9877740058692,1,0.1572682814566797,0.2458146251653438,0.5,0.5,-0.20154145331101175,0.0077767083421349525,0.09057697653770447,0.15543988347053528,0.1229894757270813,0.1918904334306717,0.22994819283485413,spike
2288,50,ABLATION2_repeated_spike,MOPER_NO_WSHIFT,150,129.9889966052823,1,0.15726872603828448,0.24581498083062758,0.5,0.5,-0.20154185343445602,0.01166493445634842,0.0797155350446701,0.14539863169193268,0.11599068343639374,0.17888595163822174,0.21593257784843445,spike
2289,50,ABLATION2_repeated_spike,MOPER_NO_WSHIFT,150,129.99009694475407,1,0.15726912616172875,0.24581530092938303,0.5,0.5,-0.2015422135455559,0.017817752435803413,0.03535578399896622,0.09319082647562027,0.08136039972305298,0.1073150485754013,0.14004208147525787,spike
2290,50,ABLATION2_repeated_spike,MOPER_NO_WSHIFT,150,129.99108725027867,1,0.1572694862728286,0.2458155890182629,0.5,0.5,-0.20154253764554575,0.004409275949001312,0.09371431171894073,0.14061307907104492,0.10825620591640472,0.1742970049381256,0.20693224668502808,spike
2291,50,ABLATION2_repeated_spike,MOPER_NO_WSHIFT,150,129.9919785252508,1,0.15726981037281848,0.2458158482982548,0.5,0.5,-0.20154282933553663,0.007950455881655216,0.02628112956881523,0.08476272970438004,0.07052727043628693,0.10155197978019714,0.1281549632549286,spike
2292,50,ABLATION2_repeated_spike,MOPER_NO_WSHIFT,150,129.99278067272573,1,0.15727010206280936,0.2458160816502475,0.5,0.5,-0.2015430918565284,0.008441368117928505,0.08775096386671066,0.15648871660232544,0.1265740543603897,0.1905316859483719,0.2321358323097229,spike
2293,50,ABLATION2_repeated_spike,MOPER_NO_WSHIFT,150,129.99350260545316,1,0.15727036458380117,0.24581629166704094,0.5,0.5,-0.20154332812542106,0.005400414112955332,0.07903192937374115,0.14607010781764984,0.11832430958747864,0.18011507391929626,0.21800550818443298,spike
2294,50,ABLATION2_repeated_spike,MOPER_NO_WSHIFT,150,129.99415234490783,1,0.15727060085269376,0.245816480682155,0.5,0.5,-0.20154354076742437,0.0025650898460298777,0.11027579754590988,0.16253891587257385,0.12691819667816162,0.20269137620925903,0.2407604604959488,spike
2295,50,ABLATION2_repeated_spike,MOPER_NO_WSHIFT,150,129.99473711041705,1,0.1572708134946971,0.2458166507957577,0.5,0.5,-0.20154373214522742,0.005489884875714779,0.0035446593537926674,0.04091721028089523,0.035137325525283813,0.05409984290599823,0.06604813039302826,spike
2296,50,ABLATION2_repeated_spike,MOPER_NO_WSHIFT,150,129.99526339937535,1,0.15727100487250012,0.2458168038980001,0.5,0.5,-0.2015439043852501,0.011455453000962734,0.06442302465438843,0.10113072395324707,0.0781228244304657,0.129714697599411,0.1542503982782364,spike
2297,50,ABLATION2_repeated_spike,MOPER_NO_WSHIFT,150,129.99573705943783,1,0.15727117711252284,0.24581694169001828,0.5,0.5,-0.20154405940127057,0.00414741225540638,0.1515478789806366,0.20011405646800995,0.1530689150094986,0.2501506805419922,0.29480963945388794,spike
2298,50,ABLATION2_repeated_spike,MOPER_NO_WSHIFT,150,129.99616335349407,1,0.1572713321285433,0.24581706570283468,0.5,0.5,-0.20154419891568898,0.014721941202878952,0.17281082272529602,0.21959149837493896,0.17649519443511963,0.2744314670562744,0.3295169174671173,spike
2299,50,ABLATION2_repeated_spike,MOPER_NO_WSHIFT,150,129.99654701814467,1,0.1572714716429617,0.24581717731436936,0.5,0.5,-0.20154432447866555,0.002243700670078397,0.05214126780629158,0.09178434312343597,0.0707753598690033,0.11557388305664062,0.136910080909729,spike
2300,50,ABLATION2_repeated_spike,MOPER_NO_WSHIFT,150,129.99689231633022,1,0.15727159720593825,0.2458172777647506,0.5,0.5,-0.20154443748534442,0.008848141878843307,0.14752893149852753,0.2119976282119751,0.16541753709316254,0.2631954252719879,0.31328117847442627,spike
2301,50,ABLATION2_repeated_spike,MOPER_NO_WSHIFT,150,129.99720308469722,1,0.15727171021261718,0.24581736817009375,0.5,0.5,-0.20154453919135545,0.003924537915736437,0.039771005511283875,0.106466144323349,0.08725069463253021,0.1291995495557785,0.15814557671546936,spike
2302,50,ABLATION2_repeated_spike,MOPER_NO_WSHIFT,150,129.9974827762275,1,0.15727181191862818,0.2458174495349026,0.5,0.5,-0.20154463072676537,0.003234504023566842,0.08189649134874344,0.19845890998840332,0.1544724851846695,0.24528102576732635,0.29248249530792236,spike
2303,50,ABLATION2_repeated_spike,MOPER_NO_WSHIFT,150,129.99773449860476,1,0.1572719034540381,0.2458175227632305,0.5,0.5,-0.2015447131086343,0.003875278402119875,0.04457565024495125,0.104094959795475,0.08237528800964355,0.12661464512348175,0.15261626243591309,spike
2304,50,ABLATION2_repeated_spike,MOPER_NO_WSHIFT,150,129.9979610487443,1,0.15727198583590704,0.24581758866872566,0.5,0.5,-0.20154478725231634,0.010363345965743065,0.008695453405380249,0.06796710193157196,0.059564679861068726,0.07702434062957764,0.09969988465309143,spike
2305,50,ABLATION2_repeated_spike,MOPER_NO_WSHIFT,150,129.99816494386988,1,0.15727205997958904,0.24581764798367123,0.5,0.5,-0.20154485398163013,0.021941060200333595,0.03437164053320885,0.0993930846452713,0.08459056168794632,0.11690129339694977,0.1487036943435669,spike
2306,50,ABLATION2_repeated_spike,MOPER_NO_WSHIFT,150,129.99834844948288,1,0.15727212670890287,0.24581770136712233,0.5,0.5,-0.2015449140380126,0.013263951055705547,0.0061472998932003975,0.054596491158008575,0.04891039431095123,0.0613674521446228,0.0817788690328598,spike
2307,50,ABLATION2_repeated_spike,MOPER_NO_WSHIFT,150,129.9985136045346,1,0.1572721867652853,0.24581774941222823,0.5,0.5,-0.20154496808875677,0.008761162869632244,0.10688155144453049,0.15633192658424377,0.12388371676206589,0.18910695612430573,0.22887101769447327,spike
2308,50,ABLATION2_repeated_spike,MOPER_NO_WSHIFT,150,129.99866224408112,1,0.1572722408160295,0.2458177926528236,0.5,0.5,-0.20154501673442654,0.0053092497400939465,0.0014011012390255928,0.03988632559776306,0.030961409211158752,0.04952375590801239,0.05958563834428787,spike
2309,50,ABLATION2_repeated_spike,MOPER_NO_WSHIFT,150,129.99879601967302,1,0.1572722894616993,0.24581783156935944,0.5,0.5,-0.20154506051552937,0.005203082226216793,0.004091116599738598,0.0439988374710083,0.033562153577804565,0.055801212787628174,0.0660487562417984,spike
2310,50,ABLATION2_repeated_spike,MOPER_NO_WSHIFT,150,129.99891641770574,1,0.1572723332428021,0.2458178665942417,0.5,0.5,-0.2015450999185219,0.006312288343906403,0.07008611410856247,0.1324613243341446,0.10110640525817871,0.16809749603271484,0.19723883271217346,spike
2311,50,ABLATION2_repeated_spike,MOPER_NO_WSHIFT,150,129.99902477593517,1,0.1572723726457946,0.24581789811663568,0.5,0.5,-0.20154513538121516,0.001011337386444211,0.05142143368721008,0.09617793560028076,0.07076290249824524,0.12367498874664307,0.14355601370334625,spike
2312,50,ABLATION2_repeated_spike,MOPER_NO_WSHIFT,150,129.99912229834166,1,0.1572724081084879,0.24581792648679035,0.5,0.5,-0.2015451672976391,-0.0005738708423450589,0.059710793197155,0.0912979319691658,0.06916020810604095,0.11660397052764893,0.1360652893781662,spike
2313,50,ABLATION2_repeated_spike,MOPER_NO_WSHIFT,150,129.9992100685075,1,0.1572724400249118,0.24581795201992945,0.5,0.5,-0.20154519602242063,-0.0017181989969685674,0.18356525897979736,0.22163383662700653,0.16966159641742706,0.27543091773986816,0.32470405101776123,spike
2314,50,ABLATION2_repeated_spike,MOPER_NO_WSHIFT,150,129.99928906165675,1,0.15727246874969336,0.24581797499975472,0.5,0.5,-0.20154522187472404,0.003796741832047701,0.03162926435470581,0.07519423216581345,0.0590922087430954,0.09621286392211914,0.11423297226428986,spike
2315,50,ABLATION2_repeated_spike,MOPER_NO_WSHIFT,150,129.99936015549108,1,0.15727249460199677,0.24581799568159746,0.5,0.5,-0.2015452451417971,-0.0057594990357756615,0.0975969135761261,0.14410606026649475,0.1073879599571228,0.18299977481365204,0.21306884288787842,spike
2316,50,ABLATION2_repeated_spike,MOPER_NO_WSHIFT,150,129.99942413994196,1,0.1572725178690698,0.24581801429525585,0.5,0.5,-0.20154526608216283,-0.002365226624533534,0.10857025533914566,0.15439018607139587,0.11586585640907288,0.1961948126554489,0.22822795808315277,spike
2317,50,ABLATION2_repeated_spike,MOPER_NO_WSHIFT,150,129.99948172594776,1,0.15727253880943554,0.24581803104754846,0.5,0.5,-0.201545284928492,-0.007812576368451118,0.2171333283185959,0.23252475261688232,0.1731991171836853,0.2953948974609375,0.3428490459918976,spike
2318,50,ABLATION2_repeated_spike,MOPER_NO_WSHIFT,150,129.999533553353,1,0.15727255765576473,0.24581804612461178,0.5,0.5,-0.20154530189018827,-0.0021269943099468946,0.0579204186797142,0.11219649016857147,0.08069834113121033,0.14713433384895325,0.16832606494426727,spike
2319,50,ABLATION2_repeated_spike,MOPER_NO_WSHIFT,150,129.9995801980177,1,0.157272574617461,0.2458180596939688,0.5,0.5,-0.2015453171557149,-0.002202174859121442,0.059611931443214417,0.1114642322063446,0.07909367978572845,0.1480949968099594,0.16818173229694366,spike
2320,50,ABLATION2_repeated_spike,MOPER_NO_WSHIFT,150,129.99962217821593,1,0.15727258988298762,0.2458180719063901,0.5,0.5,-0.20154533089468885,0.006536454427987337,0.12641221284866333,0.17535406351089478,0.12510904669761658,0.22802923619747162,0.2610076367855072,spike
2321,50,ABLATION2_repeated_spike,MOPER_NO_WSHIFT,150,129.99965996039435,1,0.15727260362196158,0.2458180828975693,0.5,0.5,-0.20154534325976542,-0.004590963013470173,0.2495274394750595,0.29418253898620605,0.2141854465007782,0.3804987967014313,0.43727073073387146,spike
2322,50,ABLATION2_repeated_spike,MOPER_NO_WSHIFT,150,129.99969396435492,1,0.15727261598703815,0.24581809278963052,0.5,0.5,-0.20154535438833432,-0.002218507928773761,0.15759332478046417,0.17191831767559052,0.12244415283203125,0.22264371812343597,0.2562582194805145,spike
2323,50,ABLATION2_repeated_spike,MOPER_NO_WSHIFT,150,129.99972456791943,1,0.15727262711560708,0.2458181016924857,0.5,0.5,-0.20154536440404638,-0.01282175537198782,0.2871796488761902,0.298125684261322,0.21302224695682526,0.39032039046287537,0.44720685482025146,spike
2324,50,ABLATION2_repeated_spike,MOPER_NO_WSHIFT,150,129.9997521111275,1,0.1572726371313191,0.2458181097050553,0.5,0.5,-0.20154537341818718,0.00023638441052753478,0.13729636371135712,0.15606075525283813,0.11028397083282471,0.2106635719537735,0.23933890461921692,spike
2325,50,ABLATION2_repeated_spike,MOPER_NO_WSHIFT,150,129.99977690001475,1,0.1572726461454599,0.24581811691636796,0.5,0.5,-0.20154538153091395,-0.0019380778539925814,0.08725248277187347,0.1618013083934784,0.11372633278369904,0.21277517080307007,0.24451053142547607,spike
2326,50,ABLATION2_repeated_spike,MOPER_NO_WSHIFT,150,129.9997992100133,1,0.15727265425818665,0.24581812340654935,0.5,0.5,-0.201545388832368,-0.0032782726921141148,0.051491525024175644,0.088179811835289,0.06782020628452301,0.11879129707813263,0.13921131193637848,spike
2327,50,ABLATION2_repeated_spike,MOPER_NO_WSHIFT,150,129.99981928901195,1,0.1572726615596407,0.24581812924771257,0.5,0.5,-0.20154539540367664,-0.0018631740240380168,0.07030893117189407,0.14955838024616241,0.11941300332546234,0.19438797235488892,0.23125126957893372,spike
2328,50,ABLATION2_repeated_spike,MOPER_NO_WSHIFT,150,129.99983736011075,1,0.15727266813094937,0.24581813450475953,0.5,0.5,-0.20154540131785445,0.00675690034404397,0.11624032258987427,0.18879368901252747,0.14338219165802002,0.2423752099275589,0.28445807099342346,spike
2329,50,ABLATION2_repeated_spike,MOPER_NO_WSHIFT,150,129.99985362409967,1,0.15727267404512715,0.24581813923610174,0.5,0.5,-0.20154540664061443,0.01290125772356987,0.06041429564356804,0.1429322063922882,0.12306763976812363,0.17040251195430756,0.22088965773582458,spike
2330,50,ABLATION2_repeated_spike,MOPER_NO_WSHIFT,150,129.9998682616897,1,0.15727267936788716,0.24581814349430975,0.5,0.5,-0.20154541143109844,0.015421658754348755,0.06110765039920807,0.1342659443616867,0.10505100339651108,0.1643058806657791,0.20106607675552368,spike
2331,50,ABLATION2_repeated_spike,MOPER_NO_WSHIFT,150,129.99988143552073,1,0.15727268415837117,0.24581814732669693,0.5,0.5,-0.20154541574253404,0.006838530767709017,0.016193464398384094,0.08914093673229218,0.08234374225139618,0.09684717655181885,0.12937644124031067,spike
2332,50,ABLATION2_repeated_spike,MOPER_NO_WSHIFT,150,129.99989329196865,1,0.15727268846980677,0.24581815077584546,0.5,0.5,-0.20154541962282613,0.018827496096491814,0.05677685886621475,0.16953831911087036,0.1435375213623047,0.19637557864189148,0.2486046850681305,spike
2333,50,ABLATION2_repeated_spike,MOPER_NO_WSHIFT,150,129.99990396277178,1,0.15727269235009883,0.2458181538800791,0.5,0.5,-0.20154542311508897,0.012985939159989357,0.04226209223270416,0.14596372842788696,0.1386786550283432,0.15415702760219574,0.21008850634098053,spike
2334,50,ABLATION2_repeated_spike,MOPER_NO_WSHIFT,150,129.99991356649463,1,0.1572726958423617,0.2458181566738894,0.5,0.5,-0.20154542625812555,0.022938521578907967,0.09669863432645798,0.22416439652442932,0.18210548162460327,0.266528844833374,0.32708731293678284,spike
2335,50,ABLATION2_repeated_spike,MOPER_NO_WSHIFT,150,129.99992220984518,1,0.15727269898539825,0.24581815918831862,0.5,0.5,-0.20154542908685844,0.034524813294410706,0.0645046979188919,0.18590736389160156,0.16179487109184265,0.21001985669136047,0.2684124708175659,spike
2336,50,ABLATION2_repeated_spike,MOPER_NO_WSHIFT,150,129.99992998886069,1,0.15727270181413114,0.24581816145130492,0.5,0.5,-0.20154543163271804,0.020762933418154716,0.051544416695833206,0.15035605430603027,0.11861997097730637,0.18235278129577637,0.2200806736946106,spike
2337,50,ABLATION2_repeated_spike,MOPER_NO_WSHIFT,150,129.99993698997463,1,0.15727270435999077,0.24581816348799262,0.5,0.5,-0.2015454339239917,0.027285786345601082,0.05682699754834175,0.18401049077510834,0.14876434206962585,0.21960337460041046,0.2675529718399048,spike
2338,50,ABLATION2_repeated_spike,MOPER_NO_WSHIFT,150,129.99994329097717,1,0.15727270665126444,0.24581816532101158,0.5,0.5,-0.201545435986138,0.06373432278633118,0.07656854391098022,0.17665496468544006,0.14684344828128815,0.2069629430770874,0.2576281726360321,spike
2339,50,ABLATION2_repeated_spike,MOPER_NO_WSHIFT,150,129.99994896187945,1,0.1572727087134107,0.24581816697072856,0.5,0.5,-0.20154543784206963,0.012628370895981789,0.040001098066568375,0.13047024607658386,0.10583128035068512,0.1551092118024826,0.18921992182731628,spike
2340,50,ABLATION2_repeated_spike,MOPER_NO_WSHIFT,150,129.9999540656915,1,0.15727271056934236,0.24581816845547388,0.5,0.5,-0.2015454395124081,0.025794170796871185,0.10709837079048157,0.20164230465888977,0.1580325961112976,0.2455306202173233,0.2943100333213806,spike
2341,50,ABLATION2_repeated_spike,MOPER_NO_WSHIFT,150,129.99995865912234,1,0.15727271223968084,0.2458181697917447,0.5,0.5,-0.20154544101571276,0.00536420289427042,0.06894008070230484,0.21386036276817322,0.16978828608989716,0.25928908586502075,0.3115542531013489,spike
2342,50,ABLATION2_repeated_spike,MOPER_NO_WSHIFT,150,129.9999627932101,1,0.1572727137429855,0.2458181709943884,0.5,0.5,-0.20154544236868693,0.008822580799460411,0.04065871238708496,0.1192125678062439,0.09354472160339355,0.14488041400909424,0.17390215396881104,spike
2343,50,ABLATION2_repeated_spike,MOPER_NO_WSHIFT,150,129.9999665138891,1,0.15727271509595966,0.24581817207676776,0.5,0.5,-0.20154544358636373,-8.456939895040705e-07,0.03977876529097557,0.09749164432287216,0.07290320098400116,0.12239229679107666,0.14298272132873535,spike
2344,50,ABLATION2_repeated_spike,MOPER_NO_WSHIFT,150,129.99996986250017,1,0.15727271631363643,0.24581817305090914,0.5,0.5,-0.20154544468227278,0.003661311464384198,0.06883245706558228,0.12715351581573486,0.0946008563041687,0.1605648547410965,0.18730762600898743,spike
2345,50,ABLATION2_repeated_spike,MOPER_NO_WSHIFT,150,129.99997287625015,1,0.15727271740954551,0.24581817392763644,0.5,0.5,-0.20154544566859098,0.002257752697914839,0.036284130066633224,0.0920746922492981,0.07248829305171967,0.11659042537212372,0.1388312429189682,spike
2346,50,ABLATION2_repeated_spike,MOPER_NO_WSHIFT,150,129.99997558862515,1,0.15727271839586368,0.24581817471669098,0.5,0.5,-0.20154544655627732,-0.002105948980897665,0.05678832158446312,0.08870748430490494,0.0692966878414154,0.11401613056659698,0.13404721021652222,spike
2347,50,ABLATION2_repeated_spike,MOPER_NO_WSHIFT,150,129.99997802976264,1,0.15727271928355005,0.24581817542684004,0.5,0.5,-0.20154544735519503,-0.0010479760821908712,0.1433555781841278,0.15534624457359314,0.1266733556985855,0.18878142535686493,0.22939112782478333,spike
2348,50,ABLATION2_repeated_spike,MOPER_NO_WSHIFT,150,129.99998022678636,1,0.15727272008246776,0.24581817606597423,0.5,0.5,-0.20154544807422098,-1.3885113503420143e-06,0.17378020286560059,0.24276702105998993,0.19320885837078094,0.2923251986503601,0.3522944450378418,spike
2349,50,ABLATION2_repeated_spike,MOPER_NO_WSHIFT,150,129.9999822041077,1,0.1572727208014937,0.24581817664119499,0.5,0.5,-0.20154544872134433,-0.007050827145576477,0.14558620750904083,0.18405786156654358,0.1490149199962616,0.22314882278442383,0.2697363495826721,spike
2350,50,ABLATION2_repeated_spike,MOPER_NO_WSHIFT,150,129.99998398369695,1,0.1572727214486171,0.2458181771588937,0.5,0.5,-0.2015454493037554,-0.0016560121439397335,0.03612101078033447,0.09981729835271835,0.08038970828056335,0.12104339897632599,0.14678213000297546,spike
2351,50,ABLATION2_repeated_spike,MOPER_NO_WSHIFT,150,129.99998558532724,1,0.1572727220310281,0.2458181776248225,0.5,0.5,-0.2015454498279253,-0.003975812811404467,0.06043330207467079,0.1370084583759308,0.10852275788784027,0.16667956113815308,0.2001679688692093,spike
2352,50,ABLATION2_repeated_spike,MOPER_NO_WSHIFT,150,129.9999870267945,1,0.157272722555198,0.2458181780441584,0.5,0.5,-0.20154545029967819,-0.0073867375031113625,0.11751049011945724,0.14713570475578308,0.1151122897863388,0.18210729956626892,0.21677212417125702,spike
2353,50,ABLATION2_repeated_spike,MOPER_NO_WSHIFT,150,129.99998832411507,1,0.15727272302695094,0.24581817842156078,0.5,0.5,-0.20154545072425586,-0.003425156930461526,0.18967880308628082,0.23178821802139282,0.1794288158416748,0.2870773673057556,0.3402383327484131,spike
2354,50,ABLATION2_repeated_spike,MOPER_NO_WSHIFT,150,129.99998949170356,1,0.15727272345152857,0.24581817876122286,0.5,0.5,-0.20154545110637573,-1.2768082342518028e-06,0.06347633898258209,0.12342248857021332,0.08726151287555695,0.1595834642648697,0.18244948983192444,spike
2355,50,ABLATION2_repeated_spike,MOPER_NO_WSHIFT,150,129.99999054253323,1,0.15727272383364846,0.24581817906691877,0.5,0.5,-0.20154545145028363,-0.00023411725123878568,0.17173048853874207,0.274730920791626,0.20423553884029388,0.34637242555618286,0.4026913642883301,spike
2356,50,ABLATION2_repeated_spike,MOPER_NO_WSHIFT,150,129.9999914882799,1,0.15727272417755633,0.24581817934204508,0.5,0.5,-0.2015454517598007,-0.003737509250640869,0.051920320838689804,0.11382768303155899,0.07745122909545898,0.15538446605205536,0.17423099279403687,spike
2357,50,ABLATION2_repeated_spike,MOPER_NO_WSHIFT,150,129.99999233945192,1,0.15727272448707344,0.2458181795896588,0.5,0.5,-0.2015454520383661,0.00040599697967991233,0.13963645696640015,0.19864244759082794,0.15027904510498047,0.2482089102268219,0.29259246587753296,spike
2358,50,ABLATION2_repeated_spike,MOPER_NO_WSHIFT,150,129.99999310550675,1,0.15727272476563883,0.24581817981251108,0.5,0.5,-0.20154545228907494,0.009914284572005272,0.1190827265381813,0.16297796368598938,0.1157311201095581,0.2114592045545578,0.24356122314929962,spike
2359,50,ABLATION2_repeated_spike,MOPER_NO_WSHIFT,150,129.99999379495608,1,0.15727272501634768,0.24581818001307815,0.5,0.5,-0.2015454525147129,0.006270930171012878,0.04935147240757942,0.10617057979106903,0.07702179253101349,0.1485975831747055,0.17231644690036774,spike
2360,50,ABLATION2_repeated_spike,MOPER_NO_WSHIFT,150,129.9999944154605,1,0.15727272524198563,0.24581818019358853,0.5,0.5,-0.20154545271778707,0.002636964898556471,0.03530791401863098,0.08262281864881516,0.06522279977798462,0.11297325789928436,0.13330543041229248,spike
2361,50,ABLATION2_repeated_spike,MOPER_NO_WSHIFT,150,129.99999497391445,1,0.1572727254450598,0.24581818035604786,0.5,0.5,-0.2015454529005538,0.020978597924113274,0.09560540318489075,0.14688141644001007,0.11373764276504517,0.19062143564224243,0.22466450929641724,spike
2362,50,ABLATION2_repeated_spike,MOPER_NO_WSHIFT,150,129.999995476523,1,0.15727272562782654,0.24581818050226123,0.5,0.5,-0.2015454530650439,0.0050807795487344265,0.09402985870838165,0.1720975637435913,0.13432981073856354,0.2202632874250412,0.2628358006477356,spike
2363,50,ABLATION2_repeated_spike,MOPER_NO_WSHIFT,150,129.9999959288707,1,0.15727272579231663,0.2458181806338533,0.5,0.5,-0.20154545321308498,0.0072811623103916645,0.03652985766530037,0.09792517125606537,0.08971595019102097,0.11399056017398834,0.15153968334197998,spike
2364,50,ABLATION2_repeated_spike,MOPER_NO_WSHIFT,150,129.99999633598364,1,0.15727272594035768,0.24581818075228618,0.5,0.5,-0.20154545334632193,0.01017141155898571,0.09537260234355927,0.17403241991996765,0.1370106339454651,0.2194318026304245,0.26640230417251587,spike
2365,50,ABLATION2_repeated_spike,MOPER_NO_WSHIFT,150,129.99999670238526,1,0.15727272607359463,0.24581818085887575,0.5,0.5,-0.2015454534662352,0.01163716334849596,0.0031570596620440483,0.0486125573515892,0.054065898060798645,0.04736408591270447,0.0779404267668724,spike
2366,50,ABLATION2_repeated_spike,MOPER_NO_WSHIFT,150,129.99999703214672,1,0.1572727261935079,0.24581818095480634,0.5,0.5,-0.20154545357415712,0.013515467755496502,0.007077441550791264,0.05880266800522804,0.05906098335981369,0.0601167231798172,0.08898048102855682,spike
2367,50,ABLATION2_repeated_spike,MOPER_NO_WSHIFT,150,129.99999732893207,1,0.15727272630142985,0.2458181810411439,0.5,0.5,-0.20154545367128687,0.03246250003576279,0.05214367061853409,0.11601606011390686,0.10897345095872879,0.12414932250976562,0.1747129261493683,spike
2368,50,ABLATION2_repeated_spike,MOPER_NO_WSHIFT,150,129.99999759603887,1,0.15727272639855958,0.24581818111884768,0.5,0.5,-0.20154545375870364,0.015187971293926239,0.07844435423612595,0.1314009130001068,0.10690809786319733,0.15897399187088013,0.1979692429304123,spike
2369,50,ABLATION2_repeated_spike,MOPER_NO_WSHIFT,150,129.999997836435,1,0.15727272648597637,0.24581818118878113,0.5,0.5,-0.20154545383737876,-0.001495905569754541,0.037311963737010956,0.08480395376682281,0.06618131697177887,0.10593871772289276,0.12682974338531494,spike
2370,50,ABLATION2_repeated_spike,MOPER_NO_WSHIFT,150,129.9999980527915,1,0.15727272656465147,0.24581818125172117,0.5,0.5,-0.20154545390818632,0.019970275461673737,0.13101078569889069,0.20180712640285492,0.1582489162683487,0.25043243169784546,0.29800790548324585,spike
2371,50,ABLATION2_repeated_spike,MOPER_NO_WSHIFT,150,129.99999824751237,1,0.15727272663545905,0.24581818130836725,0.5,0.5,-0.20154545397191315,0.0032591568306088448,0.08861090987920761,0.13793334364891052,0.10371047258377075,0.17253193259239197,0.20276644825935364,spike
2372,50,ABLATION2_repeated_spike,MOPER_NO_WSHIFT,150,129.99999842276114,1,0.15727272669918588,0.24581818135934874,0.5,0.5,-0.20154545402926732,0.02266882359981537,0.0025968626141548157,0.046493254601955414,0.03810110688209534,0.060320839285850525,0.07343451678752899,spike
2373,50,ABLATION2_repeated_spike,MOPER_NO_WSHIFT,150,129.99999858048503,1,0.15727272675654003,0.24581818140523204,0.5,0.5,-0.20154545408088603,0.03557532653212547,0.03525538370013237,0.08974456787109375,0.07255707681179047,0.11368702352046967,0.13805919885635376,spike
2374,50,ABLATION2_repeated_spike,MOPER_NO_WSHIFT,150,129.99999872243654,1,0.15727272680815874,0.245818181446527,0.5,0.5,-0.20154545412734287,0.003971310798078775,0.09959035366773605,0.2009693682193756,0.1567705124616623,0.24851137399673462,0.2953541576862335,spike
2375,50,ABLATION2_repeated_spike,MOPER_NO_WSHIFT,150,129.9999988501929,1,0.1572727268546156,0.2458181814836925,0.5,0.5,-0.20154545416915404,0.0056660594418644905,0.15713417530059814,0.19612769782543182,0.15119971334934235,0.24298866093158722,0.2876780033111572,spike
2376,50,ABLATION2_repeated_spike,MOPER_NO_WSHIFT,150,129.9999989651736,1,0.15727272689642677,0.2458181815171414,0.5,0.5,-0.2015454542067841,0.0025190904270857573,0.027428369969129562,0.08474282920360565,0.06257826089859009,0.10901591181755066,0.12693464756011963,spike
2377,50,ABLATION2_repeated_spike,MOPER_NO_WSHIFT,150,129.99999906865625,1,0.1572727269340568,0.24581818154724544,0.5,0.5,-0.20154545424065112,-0.004267707001417875,0.10005807876586914,0.15511175990104675,0.11749239265918732,0.1936085820198059,0.22730180621147156,spike
2378,50,ABLATION2_repeated_spike,MOPER_NO_WSHIFT,150,129.99999916179064,1,0.15727272696792388,0.2458181815743391,0.5,0.5,-0.2015454542711315,0.0076073817908763885,0.09971801936626434,0.1366730034351349,0.10534103214740753,0.16995278000831604,0.20150817930698395,spike
2379,50,ABLATION2_repeated_spike,MOPER_NO_WSHIFT,150,129.99999924561158,1,0.15727272699840422,0.24581818159872337,0.5,0.5,-0.2015454542985638,0.0068019661121070385,0.03921085596084595,0.0957406535744667,0.07730013132095337,0.12330104410648346,0.14686189591884613,spike
2380,50,ABLATION2_repeated_spike,MOPER_NO_WSHIFT,150,129.99999932105044,1,0.15727272702583653,0.24581818162066926,0.5,0.5,-0.20154545432325288,0.006907433737069368,0.07907894253730774,0.1333954632282257,0.10283644497394562,0.169295072555542,0.1993538737297058,spike
2381,50,ABLATION2_repeated_spike,MOPER_NO_WSHIFT,150,129.9999993889454,1,0.1572727270505256,0.24581818164042052,0.5,0.5,-0.20154545434547305,0.002922964980825782,0.13445726037025452,0.18662801384925842,0.1404651701450348,0.23309756815433502,0.27309951186180115,spike
2382,50,ABLATION2_repeated_spike,MOPER_NO_WSHIFT,150,129.9999994500509,1,0.15727272707274578,0.24581818165819663,0.5,0.5,-0.20154545436547122,0.010048164054751396,0.11406727880239487,0.15679892897605896,0.1216975748538971,0.19579486548900604,0.23208534717559814,spike
2383,50,ABLATION2_repeated_spike,MOPER_NO_WSHIFT,150,129.99999950504582,1,0.15727272709274392,0.24581818167419517,0.5,0.5,-0.20154545438346955,0.0018101069144904613,0.12851440906524658,0.20441678166389465,0.15525835752487183,0.256849080324173,0.3010237216949463,spike
2384,50,ABLATION2_repeated_spike,MOPER_NO_WSHIFT,150,129.99999955454126,1,0.15727272711074228,0.24581818168859382,0.5,0.5,-0.20154545439966803,0.024874011054635048,0.05110159516334534,0.09599655866622925,0.0739997923374176,0.12312456965446472,0.1452026218175888,spike
2385,50,ABLATION2_repeated_spike,MOPER_NO_WSHIFT,150,129.99999959908712,1,0.15727272712694076,0.24581818170155262,0.5,0.5,-0.2015454544142467,0.006030910648405552,0.12144991755485535,0.1980382800102234,0.15035484731197357,0.24835105240345,0.29158028960227966,spike
2386,50,ABLATION2_repeated_spike,MOPER_NO_WSHIFT,150,129.9999996391784,1,0.15727272714151944,0.24581818171321557,0.5,0.5,-0.2015454544273675,-1.1943950539716752e-06,0.038736309856176376,0.09042467176914215,0.06823195517063141,0.1126173883676529,0.13223904371261597,spike
2387,50,ABLATION2_repeated_spike,MOPER_NO_WSHIFT,150,129.99999967526057,1,0.15727272715464022,0.24581818172371217,0.5,0.5,-0.2015454544391762,-1.1814973959189956e-06,0.03711267560720444,0.09144701808691025,0.061966896057128906,0.12219761312007904,0.13901209831237793,spike
2388,50,ABLATION2_repeated_spike,MOPER_NO_WSHIFT,150,129.9999997077345,1,0.1572727271664489,0.24581818173315917,0.5,0.5,-0.20154545444980404,0.00891748908907175,0.045446183532476425,0.07966357469558716,0.05858822166919708,0.10315464437007904,0.1202748566865921,spike
2389,50,ABLATION2_repeated_spike,MOPER_NO_WSHIFT,150,129.99999973696106,1,0.15727272717707674,0.24581818174166142,0.5,0.5,-0.20154545445936908,0.00559492502361536,0.10344914346933365,0.14673087000846863,0.11298669874668121,0.182552769780159,0.21597149968147278,spike
2390,50,ABLATION2_repeated_spike,MOPER_NO_WSHIFT,150,129.99999976326495,1,0.15727272718664181,0.24581818174931347,0.5,0.5,-0.20154545446797764,0.01440288033336401,0.042170990258455276,0.08259422332048416,0.06153249740600586,0.10861976444721222,0.1276775449514389,spike
2391,50,ABLATION2_repeated_spike,MOPER_NO_WSHIFT,150,129.99999978693847,1,0.15727272719525037,0.2458181817562003,0.5,0.5,-0.20154545447572533,0.0034814411774277687,0.08284949511289597,0.14071519672870636,0.10316003859043121,0.18076148629188538,0.20957520604133606,spike
2392,50,ABLATION2_repeated_spike,MOPER_NO_WSHIFT,150,129.99999980824464,1,0.15727272720299806,0.24581818176239845,0.5,0.5,-0.20154545448269826,0.0032870154827833176,0.12510254979133606,0.18825143575668335,0.1377890557050705,0.24165129661560059,0.2800554633140564,spike
2393,50,ABLATION2_repeated_spike,MOPER_NO_WSHIFT,150,129.9999998274202,1,0.15727272720997099,0.24581818176797682,0.5,0.5,-0.2015454544889739,0.0005994036328047514,0.16906480491161346,0.24877993762493134,0.1828155219554901,0.31702929735183716,0.36717692017555237,spike
2394,50,ABLATION2_repeated_spike,MOPER_NO_WSHIFT,150,129.9999998446782,1,0.1572727272162466,0.2458181817729973,0.5,0.5,-0.20154545449462197,0.0007113155443221331,0.08957145363092422,0.14500555396080017,0.11170868575572968,0.18160244822502136,0.21441210806369781,spike
2395,50,ABLATION2_repeated_spike,MOPER_NO_WSHIFT,150,129.99999986021038,1,0.1572727272218947,0.2458181817775158,0.5,0.5,-0.20154545449970523,0.0061640627682209015,0.08805117756128311,0.15313899517059326,0.1194201409816742,0.18956996500492096,0.22701787948608398,spike
2396,50,ABLATION2_repeated_spike,MOPER_NO_WSHIFT,150,129.99999987418934,1,0.15727272722697794,0.24581818178158238,0.5,0.5,-0.20154545450428016,0.010202269069850445,0.14568062126636505,0.1997901350259781,0.15240083634853363,0.253187358379364,0.2984814941883087,spike
2397,50,ABLATION2_repeated_spike,MOPER_NO_WSHIFT,150,129.9999998867704,1,0.1572727272315529,0.24581818178524234,0.5,0.5,-0.20154545450839761,0.006086555775254965,0.04618873447179794,0.09670114517211914,0.07653261721134186,0.12009347975254059,0.1441926658153534,spike
2398,50,ABLATION2_repeated_spike,MOPER_NO_WSHIFT,150,129.9999998980934,1,0.15727272723567035,0.24581818178853632,0.5,0.5,-0.20154545451210332,0.020129645243287086,0.04403208941221237,0.09788604825735092,0.0852145254611969,0.11504055559635162,0.14853516221046448,spike
2399,50,ABLATION2_repeated_spike,MOPER_NO_WSHIFT,150,129.99999990828405,1,0.15727272723937602,0.24581818179150083,0.5,0.5,-0.20154545451543843,0.009076414629817009,0.03422091528773308,0.08800739049911499,0.06717149913311005,0.10907496511936188,0.12951548397541046,spike
2400,50,ABLATION2_repeated_spike,MOPER_NO_WSHIFT,150,129.99999991745565,1,0.15727272724271113,0.24581818179416892,0.5,0.5,-0.20154545451844003,-1.4037619848750182e-06,0.12670618295669556,0.19846096634864807,0.15442118048667908,0.24318484961986542,0.29095882177352905,spike
2401,50,ABLATION2_repeated_spike,MOPER_NO_WSHIFT,150,129.99999992571009,1,0.15727272724571276,0.24581818179657022,0.5,0.5,-0.20154545452114148,-1.2204890253997291e-06,0.0922696441411972,0.14549842476844788,0.11088244616985321,0.18094517290592194,0.21313141286373138,spike
2402,50,ABLATION2_repeated_spike,MOPER_NO_WSHIFT,150,129.99999993313907,1,0.1572727272484142,0.24581818179873138,0.5,0.5,-0.2015454545235728,0.0049474406987428665,0.08491838723421097,0.15223795175552368,0.11842556297779083,0.18816649913787842,0.22348441183567047,spike
2403,50,ABLATION2_repeated_spike,MOPER_NO_WSHIFT,150,129.99999993982516,1,0.1572727272508455,0.24581818180067644,0.5,0.5,-0.20154545452576098,0.007679075933992863,0.07035853713750839,0.1419460028409958,0.10949784517288208,0.17591923475265503,0.20903544127941132,spike
2404,50,ABLATION2_repeated_spike,MOPER_NO_WSHIFT,150,129.99999994584266,1,0.15727272725303368,0.24581818180242698,0.5,0.5,-0.20154545452773032,0.006998247932642698,0.1260979026556015,0.18979406356811523,0.14512164890766144,0.23623928427696228,0.2790115177631378,spike
2405,50,ABLATION2_repeated_spike,MOPER_NO_WSHIFT,150,129.99999995125842,1,0.15727272725500308,0.2458181818040025,0.5,0.5,-0.2015454545295028,0.003794323652982712,0.048606324940919876,0.1074984073638916,0.0833534300327301,0.13244614005088806,0.15759679675102234,spike
2406,50,ABLATION2_repeated_spike,MOPER_NO_WSHIFT,150,129.99999995613257,1,0.1572727272567755,0.24581818180542042,0.5,0.5,-0.20154545453109796,0.02473125047981739,0.04644309729337692,0.09590460360050201,0.07656863331794739,0.12057968974113464,0.14453452825546265,spike
2407,50,ABLATION2_repeated_spike,MOPER_NO_WSHIFT,150,129.99999996051932,1,0.15727272725837066,0.24581818180669657,0.5,0.5,-0.2015454545325336,0.006633563432842493,0.02108881063759327,0.09625991433858871,0.07853995263576508,0.11891919374465942,0.14498259127140045,spike
2408,50,ABLATION2_repeated_spike,MOPER_NO_WSHIFT,150,129.9999999644674,1,0.15727272725980634,0.2458181818078451,0.5,0.5,-0.20154545453382572,0.01845422200858593,0.07783932983875275,0.1382312923669815,0.10847428441047668,0.173294797539711,0.2069208323955536,spike
2409,50,ABLATION2_repeated_spike,MOPER_NO_WSHIFT,150,129.9999999680207,1,0.15727272726109845,0.24581818180887877,0.5,0.5,-0.20154545453498862,0.006084720604121685,0.05362977087497711,0.14321914315223694,0.11483848094940186,0.17512454092502594,0.21302294731140137,spike
2410,50,ABLATION2_repeated_spike,MOPER_NO_WSHIFT,150,129.99999997121864,1,0.15727272726226132,0.24581818180980908,0.5,0.5,-0.2015454545360352,0.019756894558668137,0.08207281678915024,0.15380427241325378,0.124082550406456,0.1862332969903946,0.22702646255493164,spike
2411,50,ABLATION2_repeated_spike,MOPER_NO_WSHIFT,150,129.9999999740968,1,0.15727272726330793,0.24581818181064635,0.5,0.5,-0.20154545453697714,-1.3124997622071533e-06,0.0536833181977272,0.13318680226802826,0.09970250725746155,0.16667108237743378,0.19529612362384796,spike
2412,50,ABLATION2_repeated_spike,MOPER_NO_WSHIFT,150,129.99999997668712,1,0.15727272726424985,0.24581818181139992,0.5,0.5,-0.20154545453782488,0.012953727506101131,0.0031892249826341867,0.05025006830692291,0.04637196660041809,0.05825912952423096,0.07728314399719238,spike
2413,50,ABLATION2_repeated_spike,MOPER_NO_WSHIFT,150,129.9999999790184,1,0.1572727272650976,0.2458181818120781,0.5,0.5,-0.20154545453858785,0.012291310355067253,0.10940559953451157,0.14591242372989655,0.1130843311548233,0.1836257427930832,0.21731680631637573,spike
2414,50,ABLATION2_repeated_spike,MOPER_NO_WSHIFT,150,129.99999998111656,1,0.15727272726586056,0.24581818181268844,0.5,0.5,-0.2015454545392745,0.013584008440375328,0.06799343228340149,0.13259945809841156,0.10138028860092163,0.16608655452728271,0.19689923524856567,spike
2415,50,ABLATION2_repeated_spike,MOPER_NO_WSHIFT,150,129.9999999830049,1,0.15727272726654723,0.24581818181323778,0.5,0.5,-0.2015454545398925,0.0032870753202587366,0.04863936826586723,0.098649762570858,0.07907155156135559,0.12313033640384674,0.14755268394947052,spike
2416,50,ABLATION2_repeated_spike,MOPER_NO_WSHIFT,150,129.9999999847044,1,0.15727272726716524,0.24581818181373222,0.5,0.5,-0.20154545454044873,0.02973773144185543,0.064339779317379,0.1251206398010254,0.09575071930885315,0.15577496588230133,0.1857536882162094,spike
2417,50,ABLATION2_repeated_spike,MOPER_NO_WSHIFT,150,129.99999998623395,1,0.15727272726772143,0.24581818181417714,0.5,0.5,-0.2015454545409493,0.00304424692876637,0.06875353306531906,0.13404445350170135,0.09973342716693878,0.1684206873178482,0.19631631672382355,spike
2418,50,ABLATION2_repeated_spike,MOPER_NO_WSHIFT,150,129.99999998761055,1,0.15727272726822203,0.24581818181457765,0.5,0.5,-0.20154545454139983,0.003894058521836996,0.09130799770355225,0.13919568061828613,0.10494659841060638,0.17356140911579132,0.2041546106338501,spike
2419,50,ABLATION2_repeated_spike,MOPER_NO_WSHIFT,150,129.99999998884948,1,0.15727272726867253,0.24581818181493803,0.5,0.5,-0.20154545454180528,0.0037252232432365417,0.0026590845081955194,0.04472959786653519,0.0348392128944397,0.05622453987598419,0.06733441352844238,spike
2420,50,ABLATION2_repeated_spike,MOPER_NO_WSHIFT,150,129.99999998996452,1,0.157272727269078,0.24581818181526244,0.5,0.5,-0.2015454545421702,0.01873009465634823,0.0022082747891545296,0.04117272049188614,0.03649266064167023,0.05258101224899292,0.06631569564342499,spike
2421,50,ABLATION2_repeated_spike,MOPER_NO_WSHIFT,150,129.9999999909681,1,0.15727272726944294,0.24581818181555437,0.5,0.5,-0.20154545454249867,0.004466081038117409,0.03218064829707146,0.08227255195379257,0.06116902828216553,0.10594339668750763,0.12340953946113586,spike
2422,50,ABLATION2_repeated_spike,MOPER_NO_WSHIFT,150,129.99999999187128,1,0.15727272726977137,0.2458181818158171,0.5,0.5,-0.20154545454279424,0.002012150129303336,0.08780268579721451,0.1701575219631195,0.13210053741931915,0.20891954004764557,0.24897414445877075,spike
2423,50,ABLATION2_repeated_spike,MOPER_NO_WSHIFT,150,129.99999999268414,1,0.15727272727006697,0.24581818181605358,0.5,0.5,-0.20154545454306028,0.002459691371768713,0.1409429907798767,0.18579888343811035,0.140677347779274,0.23189620673656464,0.27202707529067993,spike
2424,50,ABLATION2_repeated_spike,MOPER_NO_WSHIFT,150,129.9999999934157,1,0.15727272727033298,0.2458181818162664,0.5,0.5,-0.2015454545432997,-1.2613859325938392e-06,0.0013111848384141922,0.03402846306562424,0.023614108562469482,0.04444281756877899,0.050749946385622025,spike
2425,50,ABLATION2_repeated_spike,MOPER_NO_WSHIFT,150,129.99999999407413,1,0.1572727272705724,0.24581818181645793,0.5,0.5,-0.20154545454351516,0.015895798802375793,0.002446786966174841,0.03701136261224747,0.029589474201202393,0.04968194663524628,0.059550508856773376,spike
2426,50,ABLATION2_repeated_spike,MOPER_NO_WSHIFT,150,129.99999999466672,1,0.15727272727078792,0.24581818181663034,0.5,0.5,-0.20154545454370915,0.001201043138280511,0.1329134702682495,0.19373008608818054,0.144531711935997,0.24492712318897247,0.2849329113960266,spike
2427,50,ABLATION2_repeated_spike,MOPER_NO_WSHIFT,150,129.99999999520006,1,0.15727272727098185,0.2458181818167855,0.5,0.5,-0.20154545454388367,0.0034112681169062853,0.04762156680226326,0.09168500453233719,0.06971655786037445,0.11814764142036438,0.13813404738903046,spike
2428,50,ABLATION2_repeated_spike,MOPER_NO_WSHIFT,150,129.99999999568007,1,0.1572727272711564,0.24581818181692516,0.5,0.5,-0.20154545454404077,-8.739866461837664e-05,0.0804566815495491,0.14684796333312988,0.10896380245685577,0.18714763224124908,0.21753567457199097,spike
2429,50,ABLATION2_repeated_spike,MOPER_NO_WSHIFT,150,129.99999999611208,1,0.15727272727131347,0.24581818181705078,0.5,0.5,-0.20154545454418213,7.629596075275913e-05,0.09163682907819748,0.1442943811416626,0.10602188110351562,0.18584761023521423,0.21445819735527039,spike
2430,50,ABLATION2_repeated_spike,MOPER_NO_WSHIFT,150,129.9999999965009,1,0.15727272727145486,0.24581818181716392,0.5,0.5,-0.2015454545443094,-0.0005581502919085324,0.045332953333854675,0.08369415998458862,0.06178325414657593,0.11119124293327332,0.12760277092456818,spike
2431,50,ABLATION2_repeated_spike,MOPER_NO_WSHIFT,150,129.99999999685082,1,0.15727272727158212,0.24581818181726572,0.5,0.5,-0.2015454545444239,0.0016476616729050875,0.10027369111776352,0.1372917890548706,0.10492826998233795,0.1748475432395935,0.20424160361289978,spike
2432,50,ABLATION2_repeated_spike,MOPER_NO_WSHIFT,150,129.99999999716573,1,0.15727272727169664,0.24581818181735732,0.5,0.5,-0.201545454544527,-0.0008944363798946142,0.0005723777576349676,0.02251410484313965,0.018245533108711243,0.030164316296577454,0.03622153401374817,spike
2433,50,ABLATION2_repeated_spike,MOPER_NO_WSHIFT,150,129.99999999744915,1,0.1572727272717997,0.24581818181743975,0.5,0.5,-0.20154545454461972,0.00019799928122665733,0.098672054708004,0.12839052081108093,0.09457437694072723,0.16343097388744354,0.1890181452035904,spike
2434,50,ABLATION2_repeated_spike,MOPER_NO_WSHIFT,150,129.99999999770424,1,0.15727272727189245,0.24581818181751397,0.5,0.5,-0.2015454545447032,-0.0014128164621070027,0.06998807936906815,0.1228162944316864,0.08957014977931976,0.1594279259443283,0.18469035625457764,spike
2435,50,ABLATION2_repeated_spike,MOPER_NO_WSHIFT,150,129.9999999979338,1,0.15727272727197594,0.24581818181758075,0.5,0.5,-0.20154545454477835,0.00012184835213702172,0.09309828281402588,0.16756120324134827,0.12480726838111877,0.21287445724010468,0.25023967027664185,spike
2436,50,ABLATION2_repeated_spike,MOPER_NO_WSHIFT,150,129.99999999814042,1,0.15727272727205108,0.24581818181764087,0.5,0.5,-0.20154545454484596,-0.0018098606960847974,0.04336836189031601,0.1068105474114418,0.0731135904788971,0.1473855823278427,0.1654006838798523,spike
2437,50,ABLATION2_repeated_spike,MOPER_NO_WSHIFT,150,129.9999999983264,1,0.1572727272721187,0.245818181817695,0.5,0.5,-0.20154545454490685,0.014019502326846123,0.07005110383033752,0.10047167539596558,0.0764627456665039,0.12993687391281128,0.15278300642967224,spike
2438,50,ABLATION2_repeated_spike,MOPER_NO_WSHIFT,150,129.99999999849376,1,0.15727272727217956,0.24581818181774368,0.5,0.5,-0.20154545454496162,-0.005604023579508066,0.11267881095409393,0.15703743696212769,0.10953904688358307,0.20604057610034943,0.2350533902645111,spike
2439,50,ABLATION2_repeated_spike,MOPER_NO_WSHIFT,150,129.9999999986444,1,0.15727272727223432,0.24581818181778747,0.5,0.5,-0.20154545454501088,0.005158018320798874,0.09631934016942978,0.1418498307466507,0.10938544571399689,0.1817455142736435,0.21439410746097565,spike
2440,50,ABLATION2_repeated_spike,MOPER_NO_WSHIFT,150,129.99999999877997,1,0.1572727272722836,0.2458181818178269,0.5,0.5,-0.20154545454505524,0.0024499266874045134,0.060137927532196045,0.13244673609733582,0.09714056551456451,0.17171898484230042,0.20051777362823486,spike
2441,50,ABLATION2_repeated_spike,MOPER_NO_WSHIFT,150,129.99999999890196,1,0.15727272727232797,0.2458181818178624,0.5,0.5,-0.2015454545450952,0.002769520739093423,0.023710818961262703,0.08012678474187851,0.05971069633960724,0.10409805178642273,0.12174062430858612,spike
2442,50,ABLATION2_repeated_spike,MOPER_NO_WSHIFT,150,129.99999999901178,1,0.1572727272723679,0.24581818181789433,0.5,0.5,-0.20154545454513112,0.0077831377275288105,0.11679880321025848,0.19656363129615784,0.14623519778251648,0.25277775526046753,0.2943136692047119,spike
2443,50,ABLATION2_repeated_spike,MOPER_NO_WSHIFT,150,129.9999999991106,1,0.15727272727240388,0.24581818181792314,0.5,0.5,-0.2015454545451635,0.01573164016008377,0.08106188476085663,0.14727744460105896,0.11752341687679291,0.18639816343784332,0.22359609603881836,spike
2444,50,ABLATION2_repeated_spike,MOPER_NO_WSHIFT,150,129.99999999919953,1,0.15727272727243619,0.24581818181794896,0.5,0.5,-0.20154545454519257,0.004042745567858219,0.0029815807938575745,0.04405531287193298,0.04281100630760193,0.05329093337059021,0.07059691846370697,spike
2445,50,ABLATION2_repeated_spike,MOPER_NO_WSHIFT,150,129.99999999927957,1,0.1572727272724653,0.24581818181797227,0.5,0.5,-0.20154545454521877,0.015880530700087547,0.006995697505772114,0.05466407909989357,0.05870897322893143,0.05679991841316223,0.0872398391366005,spike
2446,50,ABLATION2_repeated_spike,MOPER_NO_WSHIFT,150,129.99999999935162,1,0.1572727272724915,0.2458181818179932,0.5,0.5,-0.20154545454524236,0.007222719490528107,0.004911958239972591,0.05676679313182831,0.05464792251586914,0.06369462609291077,0.08635668456554413,spike
2447,50,ABLATION2_repeated_spike,MOPER_NO_WSHIFT,150,129.99999999941645,1,0.15727272727251507,0.24581818181801207,0.5,0.5,-0.20154545454526357,0.012682813219726086,0.058935098350048065,0.13604918122291565,0.10971380770206451,0.16992329061031342,0.2055172324180603,spike
2448,50,ABLATION2_repeated_spike,MOPER_NO_WSHIFT,150,129.99999999947482,1,0.1572727272725363,0.24581818181802906,0.5,0.5,-0.20154545454528267,0.00644325464963913,0.0394369475543499,0.0920838713645935,0.08104574680328369,0.11423709988594055,0.144892156124115,spike
2449,50,ABLATION2_repeated_spike,MOPER_NO_WSHIFT,150,129.99999999952735,1,0.1572727272725554,0.24581818181804432,0.5,0.5,-0.20154545454529987,-1.584691403877514e-06,0.06474405527114868,0.13256405293941498,0.10485045611858368,0.17365477979183197,0.20464080572128296,spike
2450,50,ABLATION2_repeated_spike,MOPER_NO_WSHIFT,150,129.9999999995746,1,0.15727272727257258,0.2458181818180581,0.5,0.5,-0.20154545454531533,0.002574098762124777,0.0936816930770874,0.16361865401268005,0.12606129050254822,0.2024882435798645,0.24144060909748077,spike
2451,50,ABLATION2_repeated_spike,MOPER_NO_WSHIFT,150,129.99999999961716,1,0.15727272727258806,0.24581818181807047,0.5,0.5,-0.20154545454532927,0.018701475113630295,0.09185986965894699,0.14276699721813202,0.10830499231815338,0.17915768921375275,0.21021367609500885,spike
2452,50,ABLATION2_repeated_spike,MOPER_NO_WSHIFT,150,129.99999999965544,1,0.15727272727260197,0.24581818181808157,0.5,0.5,-0.20154545454534178,0.0011085597798228264,0.11316070705652237,0.18649376928806305,0.13797467947006226,0.23704150319099426,0.27468520402908325,spike
2453,50,ABLATION2_repeated_spike,MOPER_NO_WSHIFT,150,129.99999999968992,1,0.15727272727261452,0.24581818181809162,0.5,0.5,-0.20154545454535305,0.0012204970698803663,0.06828726083040237,0.1358625888824463,0.0986730307340622,0.17503322660923004,0.2021155059337616,spike
2454,50,ABLATION2_repeated_spike,MOPER_NO_WSHIFT,150,129.99999999972093,1,0.1572727272726258,0.24581818181810067,0.5,0.5,-0.20154545454536324,0.0044604637660086155,0.04662981629371643,0.08626317977905273,0.06432546675205231,0.11057259142398834,0.1289738267660141,spike
2455,50,ABLATION2_repeated_spike,MOPER_NO_WSHIFT,150,129.99999999974884,1,0.15727272727263594,0.24581818181810877,0.5,0.5,-0.20154545454537237,0.004696473013609648,0.042440835386514664,0.0889652669429779,0.06284865736961365,0.11608877778053284,0.1328604370355606,spike
2456,50,ABLATION2_repeated_spike,MOPER_NO_WSHIFT,150,129.99999999977396,1,0.15727272727264507,0.2458181818181161,0.5,0.5,-0.2015454545453806,0.0005422855610959232,0.1628572940826416,0.204087033867836,0.15276239812374115,0.2576737403869629,0.3000347912311554,spike
2457,50,ABLATION2_repeated_spike,MOPER_NO_WSHIFT,150,129.99999999979656,1,0.1572727272726533,0.24581818181812265,0.5,0.5,-0.20154545454538797,0.0068481843918561935,0.04183511808514595,0.08641897886991501,0.06465320289134979,0.11080735921859741,0.12942111492156982,spike
2458,50,ABLATION2_repeated_spike,MOPER_NO_WSHIFT,150,129.9999999998169,1,0.1572727272726607,0.2458181818181286,0.5,0.5,-0.20154545454539463,0.0022723167203366756,0.03362751379609108,0.08862294256687164,0.06538558006286621,0.1138312816619873,0.13241513073444366,spike
2459,50,ABLATION2_repeated_spike,MOPER_NO_WSHIFT,150,129.9999999998352,1,0.15727272727266736,0.24581818181813392,0.5,0.5,-0.20154545454540063,0.0011196202831342816,0.06960819661617279,0.10908760130405426,0.08487272262573242,0.13555514812469482,0.1611330211162567,spike
2460,50,ABLATION2_repeated_spike,MOPER_NO_WSHIFT,150,129.9999999998517,1,0.15727272727267333,0.2458181818181387,0.5,0.5,-0.201545454545406,0.0015823377761989832,0.05827464163303375,0.08976608514785767,0.07030250132083893,0.1141834706068039,0.134506955742836,spike
2461,50,ABLATION2_repeated_spike,MOPER_NO_WSHIFT,150,129.99999999986653,1,0.15727272727267874,0.24581818181814302,0.5,0.5,-0.2015454545454109,0.0005518319085240364,0.04184592887759209,0.08280973136425018,0.06361176073551178,0.10853751003742218,0.12622110545635223,spike
2462,50,ABLATION2_repeated_spike,MOPER_NO_WSHIFT,150,129.9999999998799,1,0.1572727272726836,0.2458181818181469,0.5,0.5,-0.20154545454541525,0.017914334312081337,0.07424893230199814,0.10282235592603683,0.08086174726486206,0.12805797159671783,0.15335191786289215,spike
2463,50,ABLATION2_repeated_spike,MOPER_NO_WSHIFT,150,129.99999999989188,1,0.15727272727268796,0.2458181818181504,0.5,0.5,-0.20154545454541917,-0.0006470925873145461,0.04895074665546417,0.09909503906965256,0.07887282967567444,0.12263141572475433,0.14815011620521545,spike
2464,50,ABLATION2_repeated_spike,MOPER_NO_WSHIFT,150,129.99999999990268,1,0.1572727272726919,0.2458181818181535,0.5,0.5,-0.20154545454542272,0.000802042311988771,0.1415337175130844,0.1944853663444519,0.14510482549667358,0.245742529630661,0.285980761051178,spike
2465,50,ABLATION2_repeated_spike,MOPER_NO_WSHIFT,150,129.9999999999124,1,0.15727272727269542,0.24581818181815634,0.5,0.5,-0.20154545454542588,0.0013578273355960846,0.08833704888820648,0.1400652527809143,0.10282935202121735,0.18175746500492096,0.20945414900779724,spike
2466,50,ABLATION2_repeated_spike,MOPER_NO_WSHIFT,150,129.99999999992116,1,0.1572727272726986,0.2458181818181589,0.5,0.5,-0.20154545454542874,0.0009410103666596115,0.10005450993776321,0.1845380961894989,0.1356877237558365,0.23428069055080414,0.2718525826931,spike
2467,50,ABLATION2_repeated_spike,MOPER_NO_WSHIFT,150,129.99999999992906,1,0.15727272727270147,0.24581818181816117,0.5,0.5,-0.20154545454543132,-1.5772650385770248e-06,0.15062052011489868,0.2061937004327774,0.15091003477573395,0.26147735118865967,0.3024892210960388,spike
2468,50,ABLATION2_repeated_spike,MOPER_NO_WSHIFT,150,129.99999999993616,1,0.15727272727270408,0.24581818181816328,0.5,0.5,-0.20154545454543368,0.0043609230779111385,0.1585383266210556,0.20192956924438477,0.14623363316059113,0.2590023875236511,0.29854458570480347,spike
2469,50,ABLATION2_repeated_spike,MOPER_NO_WSHIFT,150,129.99999999994253,1,0.1572727272727064,0.24581818181816512,0.5,0.5,-0.20154545454543576,0.0019783054012805223,0.033250097185373306,0.08479990065097809,0.06203269958496094,0.10819444060325623,0.1259329915046692,spike
2470,50,ABLATION2_repeated_spike,MOPER_NO_WSHIFT,150,129.99999999994827,1,0.15727272727270847,0.24581818181816678,0.5,0.5,-0.20154545454543762,0.00645825732499361,0.0357053168118,0.08026303350925446,0.05916416645050049,0.10426309704780579,0.12147873640060425,spike
2471,50,ABLATION2_repeated_spike,MOPER_NO_WSHIFT,150,129.99999999995345,1,0.15727272727271036,0.24581818181816828,0.5,0.5,-0.20154545454543932,-1.2544921901280759e-06,0.07202719897031784,0.14726312458515167,0.10615742206573486,0.19209431111812592,0.2214021384716034,spike
2472,50,ABLATION2_repeated_spike,MOPER_NO_WSHIFT,150,129.9999999999581,1,0.15727272727271205,0.24581818181816967,0.5,0.5,-0.20154545454544087,0.002564789028838277,0.061486851423978806,0.1386065036058426,0.10230132937431335,0.17872744798660278,0.20799458026885986,spike
2473,50,ABLATION2_repeated_spike,MOPER_NO_WSHIFT,150,129.9999999999623,1,0.15727272727271357,0.2458181818181709,0.5,0.5,-0.20154545454544223,0.010000642389059067,0.16344797611236572,0.2307550013065338,0.17134574055671692,0.29632771015167236,0.3452966809272766,spike
2474,50,ABLATION2_repeated_spike,MOPER_NO_WSHIFT,150,129.99999999996606,1,0.15727272727271494,0.24581818181817194,0.5,0.5,-0.20154545454544343,0.008022809401154518,0.0009384489967487752,0.03479816019535065,0.03171736001968384,0.047539979219436646,0.0594315379858017,spike
2475,50,ABLATION2_repeated_spike,MOPER_NO_WSHIFT,150,129.99999999996948,1,0.15727272727271618,0.24581818181817294,0.5,0.5,-0.20154545454544456,0.01638527400791645,0.09498023986816406,0.17426446080207825,0.13181190192699432,0.22323179244995117,0.26118212938308716,spike
2476,50,ABLATION2_repeated_spike,MOPER_NO_WSHIFT,150,129.99999999997254,1,0.1572727272727173,0.24581818181817383,0.5,0.5,-0.20154545454544556,0.02450217306613922,0.04046542942523956,0.09747772663831711,0.07857625186443329,0.12270653247833252,0.14939403533935547,spike
2477,50,ABLATION2_repeated_spike,MOPER_NO_WSHIFT,150,129.99999999997527,1,0.1572727272727183,0.24581818181817466,0.5,0.5,-0.20154545454544648,0.0018630586564540863,0.1042269840836525,0.1828080117702484,0.13624924421310425,0.2362176477909088,0.27354615926742554,spike
2478,50,ABLATION2_repeated_spike,MOPER_NO_WSHIFT,150,129.99999999997775,1,0.15727272727271918,0.24581818181817539,0.5,0.5,-0.20154545454544728,0.0024956087581813335,0.0876254215836525,0.1416420340538025,0.10878606140613556,0.1830248236656189,0.21373777091503143,spike
2479,50,ABLATION2_repeated_spike,MOPER_NO_WSHIFT,150,129.99999999998,1,0.15727272727272001,0.24581818181817605,0.5,0.5,-0.20154545454544803,0.015243850648403168,0.07904455810785294,0.139383003115654,0.11294586956501007,0.1744334101676941,0.2118457555770874,spike
2480,50,ABLATION2_repeated_spike,MOPER_NO_WSHIFT,150,129.99999999998198,1,0.15727272727272074,0.2458181818181766,0.5,0.5,-0.20154545454544867,0.006416735704988241,0.03451688215136528,0.10294271260499954,0.08289553225040436,0.12340563535690308,0.15138711035251617,spike
2481,50,ABLATION2_repeated_spike,MOPER_NO_WSHIFT,150,129.9999999999838,1,0.15727272727272137,0.2458181818181771,0.5,0.5,-0.20154545454544925,0.014424009248614311,0.06640218943357468,0.1427515745162964,0.11192920804023743,0.17494091391563416,0.21069303154945374,spike
2482,50,ABLATION2_repeated_spike,MOPER_NO_WSHIFT,150,129.99999999998542,1,0.15727272727272198,0.2458181818181776,0.5,0.5,-0.2015454545454498,0.013303281739354134,0.07155458629131317,0.1814226508140564,0.140879288315773,0.22388900816440582,0.26785770058631897,spike
2483,50,ABLATION2_repeated_spike,MOPER_NO_WSHIFT,150,129.99999999998687,1,0.1572727272727225,0.24581818181817805,0.5,0.5,-0.20154545454545028,0.011398169212043285,0.06560607999563217,0.15118679404258728,0.1182454377412796,0.1853131204843521,0.2218140959739685,spike
2484,50,ABLATION2_repeated_spike,MOPER_NO_WSHIFT,150,129.99999999998818,1,0.15727272727272298,0.24581818181817838,0.5,0.5,-0.2015454545454507,0.03264206647872925,0.09034985303878784,0.20937015116214752,0.16776105761528015,0.2548118531703949,0.3081751763820648,spike
2485,50,ABLATION2_repeated_spike,MOPER_NO_WSHIFT,150,129.99999999998937,1,0.15727272727272343,0.24581818181817877,0.5,0.5,-0.20154545454545109,0.029639936983585358,0.042007967829704285,0.11090604215860367,0.09067614376544952,0.13228049874305725,0.16327105462551117,spike
2486,50,ABLATION2_repeated_spike,MOPER_NO_WSHIFT,150,129.99999999999045,1,0.15727272727272382,0.24581818181817905,0.5,0.5,-0.20154545454545142,0.020416777580976486,0.06665843725204468,0.15066811442375183,0.11933689564466476,0.18306133151054382,0.22137631475925446,spike
2487,50,ABLATION2_repeated_spike,MOPER_NO_WSHIFT,150,129.99999999999142,1,0.15727272727272415,0.24581818181817933,0.5,0.5,-0.20154545454545175,0.02070399560034275,0.03555862978100777,0.10668236762285233,0.08673381805419922,0.12881962954998016,0.15807123482227325,spike
2488,50,ABLATION2_repeated_spike,MOPER_NO_WSHIFT,150,129.99999999999227,1,0.15727272727272446,0.2458181818181796,0.5,0.5,-0.20154545454545203,-1.3214746559242485e-06,0.07575027644634247,0.13703200221061707,0.10307148098945618,0.1713426411151886,0.20075973868370056,spike
2489,50,ABLATION2_repeated_spike,MOPER_NO_WSHIFT,150,129.99999999999307,1,0.15727272727272476,0.24581818181817983,0.5,0.5,-0.2015454545454523,0.014156348071992397,0.1404273360967636,0.2356661707162857,0.18307892978191376,0.2896251082420349,0.3457196056842804,spike
2490,50,ABLATION2_repeated_spike,MOPER_NO_WSHIFT,150,129.99999999999375,1,0.15727272727272498,0.24581818181818,0.5,0.5,-0.20154545454545247,0.0040597678162157536,0.04727844148874283,0.15326237678527832,0.12037304043769836,0.18715398013591766,0.22533917427062988,spike
2491,50,ABLATION2_repeated_spike,MOPER_NO_WSHIFT,150,129.99999999999437,1,0.15727272727272523,0.24581818181818021,0.5,0.5,-0.20154545454545272,0.007931328378617764,0.0019322528969496489,0.039617784321308136,0.030561521649360657,0.05354711413383484,0.06309720128774643,spike
2492,50,ABLATION2_repeated_spike,MOPER_NO_WSHIFT,150,129.99999999999494,1,0.15727272727272543,0.24581818181818038,0.5,0.5,-0.20154545454545292,0.013780984096229076,0.10366455465555191,0.1563369333744049,0.11919260025024414,0.19348125159740448,0.22797469794750214,spike
2493,50,ABLATION2_repeated_spike,MOPER_NO_WSHIFT,150,129.99999999999545,1,0.15727272727272565,0.24581818181818055,0.5,0.5,-0.20154545454545308,-0.00025509580154903233,0.04120342805981636,0.0766359269618988,0.05651651322841644,0.10145004093647003,0.11653202772140503,spike
2494,50,ABLATION2_repeated_spike,MOPER_NO_WSHIFT,150,129.9999999999959,1,0.1572727272727258,0.24581818181818066,0.5,0.5,-0.20154545454545322,-0.004711030516773462,0.08364896476268768,0.14043596386909485,0.10501755774021149,0.1790841817855835,0.20843155682086945,spike
2495,50,ABLATION2_repeated_spike,MOPER_NO_WSHIFT,150,129.9999999999963,1,0.15727272727272593,0.24581818181818077,0.5,0.5,-0.20154545454545336,0.0015498861903324723,0.08423192799091339,0.12886831164360046,0.09988316893577576,0.16316817700862885,0.19214528799057007,spike
2496,50,ABLATION2_repeated_spike,MOPER_NO_WSHIFT,150,129.99999999999667,1,0.15727272727272607,0.24581818181818088,0.5,0.5,-0.20154545454545347,-0.0007393021369352937,0.006137417629361153,0.042696818709373474,0.03283816576004028,0.056784093379974365,0.06650125980377197,spike
2497,50,ABLATION2_repeated_spike,MOPER_NO_WSHIFT,150,129.99999999999702,1,0.1572727272727262,0.245818181818181,0.5,0.5,-0.20154545454545358,-1.6154097011167323e-06,0.20336389541625977,0.2867433428764343,0.21994377672672272,0.3536558747291565,0.4176570177078247,spike
2498,50,ABLATION2_repeated_spike,MOPER_NO_WSHIFT,150,129.99999999999733,1,0.15727272727272631,0.24581818181818105,0.5,0.5,-0.2015454545454537,-0.003672816324979067,0.22596846520900726,0.293874591588974,0.22330743074417114,0.37068066000938416,0.43340492248535156,spike
2499,50,ABLATION2_repeated_spike,MOPER_NO_WSHIFT,150,129.9999999999976,1,0.15727272727272643,0.24581818181818116,0.5,0.5,-0.2015454545454538,0.0003143214271403849,0.1198006346821785,0.16597354412078857,0.12343242764472961,0.20969577133655548,0.2436358481645584,spike
2500,50,ABLATION2_repeated_spike,MOPER_NO_WSHIFT,50,111.99999999999785,1,0.13072727272727197,0.1445818181818176,0.5,0.5,-0.13765454545454478,0.0063043925911188126,0.16562145948410034,0.25181910395622253,0.18666648864746094,0.31811463832855225,0.3701908588409424,normal
2501,50,ABLATION2_repeated_spike,MOPER_NO_WSHIFT,50,95.79999999999806,1,0.12483636363636294,0.13986909090909036,0.5,0.5,-0.13235272727272665,0.0015491823432967067,0.12015044689178467,0.1619945913553238,0.12413658201694489,0.20592331886291504,0.24176664650440216,normal
2502,50,ABLATION2_repeated_spike,MOPER_NO_WSHIFT,50,81.21999999999827,1,0.11953454545454482,0.13562763636363587,0.5,0.5,-0.12758109090909034,-1.3963756373414071e-06,0.0555153451859951,0.10117951035499573,0.07125598192214966,0.1311030387878418,0.14981809258460999,normal
2503,50,ABLATION2_repeated_spike,MOPER_NO_WSHIFT,50,68.09799999999844,1,0.11476290909090853,0.13181032727272682,0.5,0.5,-0.12328661818181767,0.003349312348291278,0.09263036400079727,0.16217148303985596,0.11560149490833282,0.21000565588474274,0.24147388339042664,normal
2504,50,ABLATION2_repeated_spike,MOPER_NO_WSHIFT,50,56.2881999999986,1,0.11046843636363585,0.12837474909090868,0.5,0.5,-0.11942159272727226,0.00589323602616787,0.1656373292207718,0.264623761177063,0.19266176223754883,0.3396236300468445,0.39554184675216675,normal
2505,50,ABLATION2_repeated_spike,MOPER_NO_WSHIFT,50,45.65937999999874,1,0.10660341090909045,0.12528272872727236,0.5,0.5,-0.11594306981818141,0.005342897959053516,0.08756380528211594,0.14552702009677887,0.11276233196258545,0.18578225374221802,0.21927416324615479,normal
2506,50,ABLATION2_repeated_spike,MOPER_NO_WSHIFT,50,36.093441999998866,1,0.10312488799999958,0.12249991039999966,0.5,0.5,-0.11281239919999962,0.0065007261000573635,0.05866098403930664,0.15364351868629456,0.12681253254413605,0.18236050009727478,0.22884857654571533,normal
2507,50,ABLATION2_repeated_spike,MOPER_NO_WSHIFT,50,27.484097799998978,1,0.09999421738181781,0.11999537390545426,0.5,0.5,-0.10999479564363604,0.020742326974868774,0.10672139376401901,0.19305135309696198,0.15595796704292297,0.23298431932926178,0.28682640194892883,normal
2508,50,ABLATION2_repeated_spike,MOPER_NO_WSHIFT,50,19.73568801999908,1,0.09717661382545421,0.11774129106036338,0.5,0.5,-0.10745895244290879,0.02364363893866539,0.0703049749135971,0.18739894032478333,0.1448623239994049,0.22993552684783936,0.2748776376247406,normal
2509,50,ABLATION2_repeated_spike,MOPER_NO_WSHIFT,50,12.762119217999174,1,0.09464077062472698,0.1157126164997816,0.5,0.5,-0.10517669356225429,0.015476374886929989,0.03298737481236458,0.10657152533531189,0.09091198444366455,0.1228470653295517,0.1566222906112671,normal
2510,50,ABLATION2_repeated_spike,MOPER_NO_WSHIFT,50,6.485907296199258,1,0.09235851174407246,0.11388680939525797,0.5,0.5,-0.10312266056966521,-1.3190185654821107e-06,0.0477682501077652,0.1538688838481903,0.1216907650232315,0.18654289841651917,0.22440609335899353,normal
2511,50,ABLATION2_repeated_spike,MOPER_NO_WSHIFT,50,0.8373165665793323,1,0.0903044787514834,0.11224358300118673,0.5,0.5,-0.10127403087633506,0.01679154857993126,0.06529446691274643,0.17197556793689728,0.1378736048936844,0.20696230232715607,0.25124627351760864,normal
2512,50,ABLATION2_repeated_spike,MOPER_NO_WSHIFT,50,0.0,1,0.09,0.11199999999999999,0.5,0.5,-0.10099999999999999,0.027821512892842293,0.0368821807205677,0.147375226020813,0.12195572257041931,0.17316089570522308,0.21404647827148438,normal
2513,50,ABLATION2_repeated_spike,MOPER_NO_WSHIFT,50,0.0,1,0.09,0.11199999999999999,0.5,0.5,-0.10099999999999999,-1.3533356195694068e-06,0.09786754846572876,0.1907036453485489,0.1463935375213623,0.23501373827457428,0.27731946110725403,normal
2514,50,ABLATION2_repeated_spike,MOPER_NO_WSHIFT,50,0.0,1,0.09,0.11199999999999999,0.5,0.5,-0.10099999999999999,0.0150745315477252,0.09374426305294037,0.18936210870742798,0.1450892835855484,0.23363493382930756,0.27637937664985657,normal
2515,50,ABLATION2_repeated_spike,MOPER_NO_WSHIFT,50,0.0,1,0.09,0.11199999999999999,0.5,0.5,-0.10099999999999999,0.010497481562197208,0.0574866458773613,0.172380268573761,0.13285189867019653,0.21361064910888672,0.2532544732093811,normal
2516,50,ABLATION2_repeated_spike,MOPER_NO_WSHIFT,50,0.0,1,0.09,0.11199999999999999,0.5,0.5,-0.10099999999999999,0.0034818362910300493,0.1036904975771904,0.2280542552471161,0.17398811876773834,0.28212034702301025,0.33228713274002075,normal
2517,50,ABLATION2_repeated_spike,MOPER_NO_WSHIFT,50,0.0,1,0.09,0.11199999999999999,0.5,0.5,-0.10099999999999999,0.00553713645786047,0.031621053814888,0.10193132609128952,0.07527464628219604,0.13102225959300995,0.15223276615142822,normal
2518,50,ABLATION2_repeated_spike,MOPER_NO_WSHIFT,50,0.0,1,0.09,0.11199999999999999,0.5,0.5,-0.10099999999999999,0.008292744867503643,0.06028735265135765,0.12858158349990845,0.09543457627296448,0.1632458120584488,0.19147181510925293,normal
2519,50,ABLATION2_repeated_spike,MOPER_NO_WSHIFT,50,0.0,1,0.09,0.11199999999999999,0.5,0.5,-0.10099999999999999,0.002275954931974411,0.09604408591985703,0.1819206178188324,0.13815197348594666,0.2273780256509781,0.26783379912376404,normal
2520,50,ABLATION2_repeated_spike,MOPER_NO_WSHIFT,50,0.0,1,0.09,0.11199999999999999,0.5,0.5,-0.10099999999999999,0.004631692543625832,0.09522119909524918,0.14967308938503265,0.11566978693008423,0.18443003296852112,0.21925145387649536,normal
2521,50,ABLATION2_repeated_spike,MOPER_NO_WSHIFT,50,0.0,1,0.09,0.11199999999999999,0.5,0.5,-0.10099999999999999,0.012919371016323566,0.03174973651766777,0.09139817953109741,0.07296335697174072,0.1177239716053009,0.13996721804141998,normal
2522,50,ABLATION2_repeated_spike,MOPER_NO_WSHIFT,50,0.0,1,0.09,0.11199999999999999,0.5,0.5,-0.10099999999999999,0.0026012039743363857,0.04280668497085571,0.0981472060084343,0.0727640688419342,0.12512756884098053,0.14600221812725067,normal
2523,50,ABLATION2_repeated_spike,MOPER_NO_WSHIFT,50,0.0,1,0.09,0.11199999999999999,0.5,0.5,-0.10099999999999999,-0.001063831034116447,0.1307140588760376,0.2155151069164276,0.1635214239358902,0.26988449692726135,0.3165743350982666,normal
2524,50,ABLATION2_repeated_spike,MOPER_NO_WSHIFT,50,0.0,1,0.09,0.11199999999999999,0.5,0.5,-0.10099999999999999,0.0007614442147314548,0.09907950460910797,0.21514196693897247,0.16510748863220215,0.269403874874115,0.3167387545108795,normal
2525,50,ABLATION2_repeated_spike,MOPER_NO_WSHIFT,50,0.0,1,0.09,0.11199999999999999,0.5,0.5,-0.10099999999999999,0.0010853015119209886,0.05228276923298836,0.10173110663890839,0.07790128886699677,0.12862245738506317,0.15180958807468414,normal
2526,50,ABLATION2_repeated_spike,MOPER_NO_WSHIFT,50,0.0,1,0.09,0.11199999999999999,0.5,0.5,-0.10099999999999999,-0.0019810691010206938,0.03791065886616707,0.09267459064722061,0.06817081570625305,0.12339602410793304,0.14171607792377472,normal
2527,50,ABLATION2_repeated_spike,MOPER_NO_WSHIFT,50,0.0,1,0.09,0.11199999999999999,0.5,0.5,-0.10099999999999999,-0.0022027466911822557,0.11616478860378265,0.16873732209205627,0.12337863445281982,0.2162589579820633,0.2508276402950287,normal
2528,50,ABLATION2_repeated_spike,MOPER_NO_WSHIFT,50,0.0,1,0.09,0.11199999999999999,0.5,0.5,-0.10099999999999999,0.001479850965552032,0.11587315797805786,0.16650348901748657,0.12327027320861816,0.2141999900341034,0.24828241765499115,normal
2529,50,ABLATION2_repeated_spike,MOPER_NO_WSHIFT,50,0.0,1,0.09,0.11199999999999999,0.5,0.5,-0.10099999999999999,0.0006593624129891396,0.07882056385278702,0.13814996182918549,0.09751930832862854,0.1807231903076172,0.20709368586540222,normal
2530,50,ABLATION2_repeated_spike,MOPER_NO_WSHIFT,50,0.0,1,0.09,0.11199999999999999,0.5,0.5,-0.10099999999999999,0.009730981662869453,0.1858110874891281,0.3306737542152405,0.24961723387241364,0.4179370701313019,0.49071401357650757,normal
2531,50,ABLATION2_repeated_spike,MOPER_NO_WSHIFT,50,0.0,1,0.09,0.11199999999999999,0.5,0.5,-0.10099999999999999,0.000754575536120683,0.129706010222435,0.15819808840751648,0.11534681916236877,0.20583733916282654,0.23883289098739624,normal
2532,50,ABLATION2_repeated_spike,MOPER_NO_WSHIFT,50,0.0,1,0.09,0.11199999999999999,0.5,0.5,-0.10099999999999999,8.443435217486694e-05,0.06439779698848724,0.09827062487602234,0.07416127622127533,0.13149996101856232,0.1538662612438202,normal
2533,50,ABLATION2_repeated_spike,MOPER_NO_WSHIFT,50,0.0,1,0.09,0.11199999999999999,0.5,0.5,-0.10099999999999999,0.0030503305606544018,0.05168231576681137,0.11215178668498993,0.06683790683746338,0.15970072150230408,0.1789567768573761,normal
2534,50,ABLATION2_repeated_spike,MOPER_NO_WSHIFT,50,0.0,1,0.09,0.11199999999999999,0.5,0.5,-0.10099999999999999,0.009229827672243118,0.1563308984041214,0.20452344417572021,0.15185241401195526,0.26987653970718384,0.31582748889923096,normal
2535,50,ABLATION2_repeated_spike,MOPER_NO_WSHIFT,50,0.0,1,0.09,0.11199999999999999,0.5,0.5,-0.10099999999999999,0.02096058987081051,0.09006109088659286,0.15705548226833344,0.13376484811306,0.21336153149604797,0.2562595307826996,normal
2536,50,ABLATION2_repeated_spike,MOPER_NO_WSHIFT,50,0.0,1,0.09,0.11199999999999999,0.5,0.5,-0.10099999999999999,0.009568317793309689,0.10416124761104584,0.18619272112846375,0.1462640017271042,0.2384556084871292,0.2843165993690491,normal
2537,50,ABLATION2_repeated_spike,MOPER_NO_WSHIFT,50,0.0,1,0.09,0.11199999999999999,0.5,0.5,-0.10099999999999999,0.00559630710631609,0.08076197654008865,0.1865198314189911,0.1500420719385147,0.2278469353914261,0.28197407722473145,normal
2538,50,ABLATION2_repeated_spike,MOPER_NO_WSHIFT,50,0.0,1,0.09,0.11199999999999999,0.5,0.5,-0.10099999999999999,0.02006894163787365,0.007952814921736717,0.06703180074691772,0.06660658866167068,0.06990949809551239,0.10077472031116486,normal
2539,50,ABLATION2_repeated_spike,MOPER_NO_WSHIFT,50,0.0,1,0.09,0.11199999999999999,0.5,0.5,-0.10099999999999999,0.01657039299607277,0.03118831478059292,0.09994679689407349,0.08951149135828018,0.11095467209815979,0.1493615359067917,normal
2540,50,ABLATION2_repeated_spike,MOPER_NO_WSHIFT,50,0.0,1,0.09,0.11199999999999999,0.5,0.5,-0.10099999999999999,0.007692820392549038,0.03423985838890076,0.11432438343763351,0.10107601433992386,0.13027791678905487,0.1696365773677826,normal
2541,50,ABLATION2_repeated_spike,MOPER_NO_WSHIFT,50,0.0,1,0.09,0.11199999999999999,0.5,0.5,-0.10099999999999999,0.007412340957671404,0.0709584504365921,0.15889807045459747,0.12555618584156036,0.19482256472110748,0.23400646448135376,normal
2542,50,ABLATION2_repeated_spike,MOPER_NO_WSHIFT,50,0.0,1,0.09,0.11199999999999999,0.5,0.5,-0.10099999999999999,0.020133765414357185,0.04007947817444801,0.10653316974639893,0.08548066020011902,0.12834087014198303,0.1565694361925125,normal
2543,50,ABLATION2_repeated_spike,MOPER_NO_WSHIFT,50,0.0,1,0.09,0.11199999999999999,0.5,0.5,-0.10099999999999999,0.008627401664853096,0.06181454285979271,0.1345401108264923,0.10270483791828156,0.1669347733259201,0.19786150753498077,normal
2544,50,ABLATION2_repeated_spike,MOPER_NO_WSHIFT,50,0.0,1,0.09,0.11199999999999999,0.5,0.5,-0.10099999999999999,0.013661686331033707,0.004416899289935827,0.05286359786987305,0.04528720676898956,0.06539659202098846,0.08170871436595917,normal
2545,50,ABLATION2_repeated_spike,MOPER_NO_WSHIFT,50,0.0,1,0.09,0.11199999999999999,0.5,0.5,-0.10099999999999999,0.008028095588088036,0.02771497331559658,0.13771174848079681,0.10651721060276031,0.1689062863588333,0.20202386379241943,normal
2546,50,ABLATION2_repeated_spike,MOPER_NO_WSHIFT,50,0.0,1,0.09,0.11199999999999999,0.5,0.5,-0.10099999999999999,0.0034411607775837183,0.16482684016227722,0.2542813718318939,0.1940714418888092,0.3149286210536957,0.37085169553756714,normal
2547,50,ABLATION2_repeated_spike,MOPER_NO_WSHIFT,50,0.0,1,0.09,0.11199999999999999,0.5,0.5,-0.10099999999999999,0.0023134516086429358,0.02615676261484623,0.13612031936645508,0.10311087965965271,0.1693906933069229,0.19981814920902252,normal
2548,50,ABLATION2_repeated_spike,MOPER_NO_WSHIFT,50,0.0,1,0.09,0.11199999999999999,0.5,0.5,-0.10099999999999999,0.005567074287682772,0.06597928702831268,0.14478598535060883,0.11040173470973969,0.1817077398300171,0.21400025486946106,normal
2549,50,ABLATION2_repeated_spike,MOPER_NO_WSHIFT,50,0.0,1,0.09,0.11199999999999999,0.5,0.5,-0.10099999999999999,0.004462067037820816,0.13374356925487518,0.19683881103992462,0.15155033767223358,0.24290865659713745,0.28754809498786926,normal
2550,50,ABLATION2_repeated_spike,MOPER_NO_WSHIFT,50,0.0,1,0.09,0.11199999999999999,0.5,0.5,-0.10099999999999999,0.0018332540057599545,0.07549554109573364,0.15284310281276703,0.11793288588523865,0.19251182675361633,0.22675588726997375,normal
2551,50,ABLATION2_repeated_spike,MOPER_NO_WSHIFT,50,0.0,1,0.09,0.11199999999999999,0.5,0.5,-0.10099999999999999,0.0012891209917142987,0.03408150374889374,0.0949602872133255,0.07028712332248688,0.12013514339923859,0.13995689153671265,normal
2552,50,ABLATION2_repeated_spike,MOPER_NO_WSHIFT,50,0.0,1,0.09,0.11199999999999999,0.5,0.5,-0.10099999999999999,0.007853364571928978,0.09172498434782028,0.15582765638828278,0.12009230256080627,0.19573849439620972,0.23110029101371765,normal
2553,50,ABLATION2_repeated_spike,MOPER_NO_WSHIFT,50,0.0,1,0.09,0.11199999999999999,0.5,0.5,-0.10099999999999999,0.014009109698235989,0.1292741894721985,0.2015281319618225,0.15268120169639587,0.25112593173980713,0.29463133215904236,normal
2554,50,ABLATION2_repeated_spike,MOPER_NO_WSHIFT,50,0.0,1,0.09,0.11199999999999999,0.5,0.5,-0.10099999999999999,0.004015073645859957,0.12234009802341461,0.18669956922531128,0.14053373038768768,0.2374262809753418,0.2769296169281006,normal
2555,50,ABLATION2_repeated_spike,MOPER_NO_WSHIFT,50,0.0,1,0.09,0.11199999999999999,0.5,0.5,-0.10099999999999999,0.012468886561691761,0.06315137445926666,0.13460326194763184,0.10292117297649384,0.1692270040512085,0.2009359896183014,normal
2556,50,ABLATION2_repeated_spike,MOPER_NO_WSHIFT,50,0.0,1,0.09,0.11199999999999999,0.5,0.5,-0.10099999999999999,0.008656640537083149,0.0039602224715054035,0.05490868538618088,0.04790124297142029,0.06314755976200104,0.08217986673116684,normal
2557,50,ABLATION2_repeated_spike,MOPER_NO_WSHIFT,50,0.0,1,0.09,0.11199999999999999,0.5,0.5,-0.10099999999999999,0.029433168470859528,0.08489878475666046,0.14238488674163818,0.11229120194911957,0.17404858767986298,0.20993123948574066,normal
2558,50,ABLATION2_repeated_spike,MOPER_NO_WSHIFT,50,0.0,1,0.09,0.11199999999999999,0.5,0.5,-0.10099999999999999,0.0037918798625469208,0.09662852436304092,0.18688222765922546,0.14309830963611603,0.23213694989681244,0.2745290696620941,normal
2559,50,ABLATION2_repeated_spike,MOPER_NO_WSHIFT,50,0.0,1,0.09,0.11199999999999999,0.5,0.5,-0.10099999999999999,0.006856885273009539,0.03086111508309841,0.08977992832660675,0.07320237159729004,0.10772839188575745,0.13327531516551971,normal
2560,50,ABLATION2_repeated_spike,MOPER_NO_WSHIFT,50,0.0,1,0.09,0.11199999999999999,0.5,0.5,-0.10099999999999999,0.011805779300630093,0.05902847275137901,0.1570746898651123,0.12747332453727722,0.18819889426231384,0.23106497526168823,normal
2561,50,ABLATION2_repeated_spike,MOPER_NO_WSHIFT,50,0.0,1,0.09,0.11199999999999999,0.5,0.5,-0.10099999999999999,0.0031402860768139362,0.08418788760900497,0.1875227987766266,0.1422073096036911,0.23354636132717133,0.27539142966270447,normal
2562,50,ABLATION2_repeated_spike,MOPER_NO_WSHIFT,50,0.0,1,0.09,0.11199999999999999,0.5,0.5,-0.10099999999999999,0.0033548970241099596,0.048719894140958786,0.14266109466552734,0.11400900781154633,0.1804187148809433,0.21523545682430267,normal
2563,50,ABLATION2_repeated_spike,MOPER_NO_WSHIFT,50,0.0,1,0.09,0.11199999999999999,0.5,0.5,-0.10099999999999999,0.004000653978437185,0.09566602110862732,0.14898264408111572,0.11833888292312622,0.18618221580982208,0.22273074090480804,normal
2564,50,ABLATION2_repeated_spike,MOPER_NO_WSHIFT,50,0.0,1,0.09,0.11199999999999999,0.5,0.5,-0.10099999999999999,0.02676512859761715,0.03954369202256203,0.09381257742643356,0.07642507553100586,0.11423172056674957,0.1401585340499878,normal
2565,50,ABLATION2_repeated_spike,MOPER_NO_WSHIFT,50,0.0,1,0.09,0.11199999999999999,0.5,0.5,-0.10099999999999999,0.009311851114034653,0.02952006086707115,0.08605906367301941,0.06516610085964203,0.11087249219417572,0.1295514702796936,normal
2566,50,ABLATION2_repeated_spike,MOPER_NO_WSHIFT,50,0.0,1,0.09,0.11199999999999999,0.5,0.5,-0.10099999999999999,0.01043677981942892,0.030508942902088165,0.07968104630708694,0.05907176434993744,0.10266643762588501,0.1201498806476593,normal
2567,50,ABLATION2_repeated_spike,MOPER_NO_WSHIFT,50,0.0,1,0.09,0.11199999999999999,0.5,0.5,-0.10099999999999999,0.004907296970486641,0.09424827247858047,0.15339234471321106,0.11161148548126221,0.198410764336586,0.22898565232753754,normal
2568,50,ABLATION2_repeated_spike,MOPER_NO_WSHIFT,50,0.0,1,0.09,0.11199999999999999,0.5,0.5,-0.10099999999999999,0.006123157683759928,0.05583212524652481,0.10947021096944809,0.08426158130168915,0.1362456977367401,0.16153375804424286,normal
2569,50,ABLATION2_repeated_spike,MOPER_NO_WSHIFT,50,0.0,1,0.09,0.11199999999999999,0.5,0.5,-0.10099999999999999,0.0071407705545425415,0.04839001223444939,0.096025250852108,0.07380665838718414,0.12042930722236633,0.1426282525062561,normal
2570,50,ABLATION2_repeated_spike,MOPER_NO_WSHIFT,50,0.0,1,0.09,0.11199999999999999,0.5,0.5,-0.10099999999999999,0.002111497102305293,0.1574917733669281,0.22751688957214355,0.177110955119133,0.2784455418586731,0.3313189446926117,normal
2571,50,ABLATION2_repeated_spike,MOPER_NO_WSHIFT,50,0.0,1,0.09,0.11199999999999999,0.5,0.5,-0.10099999999999999,0.0025877682492136955,0.04445063695311546,0.09080519527196884,0.06521379947662354,0.11684824526309967,0.13482318818569183,normal
2572,50,ABLATION2_repeated_spike,MOPER_NO_WSHIFT,50,0.0,1,0.09,0.11199999999999999,0.5,0.5,-0.10099999999999999,0.014313501305878162,0.08373696357011795,0.14207470417022705,0.10848623514175415,0.18039429187774658,0.21159975230693817,normal
2573,50,ABLATION2_repeated_spike,MOPER_NO_WSHIFT,50,0.0,1,0.09,0.11199999999999999,0.5,0.5,-0.10099999999999999,0.006128327455371618,0.05340808629989624,0.14201593399047852,0.10774047672748566,0.17779164016246796,0.20954084396362305,normal
2574,50,ABLATION2_repeated_spike,MOPER_NO_WSHIFT,50,0.0,1,0.09,0.11199999999999999,0.5,0.5,-0.10099999999999999,0.005733293481171131,0.03358791768550873,0.09961842745542526,0.07708904147148132,0.12635137140750885,0.1496024876832962,normal
2575,50,ABLATION2_repeated_spike,MOPER_NO_WSHIFT,50,0.0,1,0.09,0.11199999999999999,0.5,0.5,-0.10099999999999999,-2.0395357296365546e-06,0.06277301907539368,0.12691807746887207,0.0943961888551712,0.16139668226242065,0.18773838877677917,normal
2576,50,ABLATION2_repeated_spike,MOPER_NO_WSHIFT,50,0.0,1,0.09,0.11199999999999999,0.5,0.5,-0.10099999999999999,0.0014963221037760377,0.13473567366600037,0.23146778345108032,0.176895871758461,0.2902245819568634,0.3425357937812805,normal
2577,50,ABLATION2_repeated_spike,MOPER_NO_WSHIFT,50,0.0,1,0.09,0.11199999999999999,0.5,0.5,-0.10099999999999999,0.014890334568917751,0.04502280801534653,0.08578480780124664,0.07065081596374512,0.10890361666679382,0.13217264413833618,normal
2578,50,ABLATION2_repeated_spike,MOPER_NO_WSHIFT,50,0.0,1,0.09,0.11199999999999999,0.5,0.5,-0.10099999999999999,0.005927428137511015,0.07603694498538971,0.15052686631679535,0.12285356223583221,0.1810450702905655,0.22424045205116272,normal
2579,50,ABLATION2_repeated_spike,MOPER_NO_WSHIFT,50,0.0,1,0.09,0.11199999999999999,0.5,0.5,-0.10099999999999999,0.007920774631202221,0.06594174355268478,0.15985345840454102,0.13007859885692596,0.19288434088230133,0.23621231317520142,normal
2580,50,ABLATION2_repeated_spike,MOPER_NO_WSHIFT,50,0.0,1,0.09,0.11199999999999999,0.5,0.5,-0.10099999999999999,0.00567450188100338,0.07075002789497375,0.14087027311325073,0.10878582298755646,0.17624936997890472,0.20889151096343994,normal
2581,50,ABLATION2_repeated_spike,MOPER_NO_WSHIFT,50,0.0,1,0.09,0.11199999999999999,0.5,0.5,-0.10099999999999999,0.010833519510924816,0.06965573877096176,0.14466753602027893,0.11410374939441681,0.17677883803844452,0.21312455832958221,normal
2582,50,ABLATION2_repeated_spike,MOPER_NO_WSHIFT,50,0.0,1,0.09,0.11199999999999999,0.5,0.5,-0.10099999999999999,0.01137307658791542,0.0019630605820566416,0.04345676302909851,0.035801634192466736,0.05261673033237457,0.06553870439529419,normal
2583,50,ABLATION2_repeated_spike,MOPER_NO_WSHIFT,50,0.0,1,0.09,0.11199999999999999,0.5,0.5,-0.10099999999999999,0.030451133847236633,0.033963147550821304,0.09578278660774231,0.07682335376739502,0.11628389358520508,0.14208045601844788,normal
2584,50,ABLATION2_repeated_spike,MOPER_NO_WSHIFT,50,0.0,1,0.09,0.11199999999999999,0.5,0.5,-0.10099999999999999,0.00571929756551981,0.003694338956847787,0.04846134036779404,0.03905808925628662,0.060415104031562805,0.07344557344913483,normal
2585,50,ABLATION2_repeated_spike,MOPER_NO_WSHIFT,50,0.0,1,0.09,0.11199999999999999,0.5,0.5,-0.10099999999999999,0.02382267639040947,0.0625903531908989,0.14397858083248138,0.1147553026676178,0.17801915109157562,0.21372434496879578,normal
2586,50,ABLATION2_repeated_spike,MOPER_NO_WSHIFT,50,0.0,1,0.09,0.11199999999999999,0.5,0.5,-0.10099999999999999,0.013607339933514595,0.06837892532348633,0.14221075177192688,0.11045245826244354,0.17846089601516724,0.21250665187835693,normal
2587,50,ABLATION2_repeated_spike,MOPER_NO_WSHIFT,50,0.0,1,0.09,0.11199999999999999,0.5,0.5,-0.10099999999999999,0.0007018176256678998,0.06883195042610168,0.14749738574028015,0.11230993270874023,0.18472658097743988,0.21691066026687622,normal
2588,50,ABLATION2_repeated_spike,MOPER_NO_WSHIFT,50,0.0,1,0.09,0.11199999999999999,0.5,0.5,-0.10099999999999999,0.01415392104536295,0.1960020363330841,0.25830069184303284,0.20025634765625,0.31881046295166016,0.37786865234375,normal
2589,50,ABLATION2_repeated_spike,MOPER_NO_WSHIFT,50,0.0,1,0.09,0.11199999999999999,0.5,0.5,-0.10099999999999999,0.0005838930374011397,0.028983300551772118,0.0839587152004242,0.06110638380050659,0.10889759659767151,0.12531223893165588,normal
2590,50,ABLATION2_repeated_spike,MOPER_NO_WSHIFT,50,0.0,1,0.09,0.11199999999999999,0.5,0.5,-0.10099999999999999,0.007661107461899519,0.03952822834253311,0.09614770114421844,0.07388675212860107,0.11988982558250427,0.14261174201965332,normal
2591,50,ABLATION2_repeated_spike,MOPER_NO_WSHIFT,50,0.0,1,0.09,0.11199999999999999,0.5,0.5,-0.10099999999999999,0.005440008360892534,0.08625619113445282,0.14356756210327148,0.10960133373737335,0.18111807107925415,0.21302497386932373,normal
2592,50,ABLATION2_repeated_spike,MOPER_NO_WSHIFT,50,0.0,1,0.09,0.11199999999999999,0.5,0.5,-0.10099999999999999,0.010811339132487774,0.04429001361131668,0.09870950132608414,0.0785100907087326,0.12306413054466248,0.14727312326431274,normal
2593,50,ABLATION2_repeated_spike,MOPER_NO_WSHIFT,50,0.0,1,0.09,0.11199999999999999,0.5,0.5,-0.10099999999999999,0.0026428145356476307,0.1057698056101799,0.1902177780866623,0.14412403106689453,0.23815688490867615,0.27968496084213257,normal
2594,50,ABLATION2_repeated_spike,MOPER_NO_WSHIFT,50,0.0,1,0.09,0.11199999999999999,0.5,0.5,-0.10099999999999999,0.007754052523523569,0.10285697877407074,0.17899879813194275,0.1353493630886078,0.22653457522392273,0.2653822898864746,normal
2595,50,ABLATION2_repeated_spike,MOPER_NO_WSHIFT,50,0.0,1,0.09,0.11199999999999999,0.5,0.5,-0.10099999999999999,0.004319644998759031,0.029018327593803406,0.10633224993944168,0.08602459728717804,0.1294528841972351,0.15764059126377106,normal
2596,50,ABLATION2_repeated_spike,MOPER_NO_WSHIFT,50,0.0,1,0.09,0.11199999999999999,0.5,0.5,-0.10099999999999999,0.002739598276093602,0.005158368498086929,0.06300551444292068,0.05516575276851654,0.07354539632797241,0.09387515485286713,normal
2597,50,ABLATION2_repeated_spike,MOPER_NO_WSHIFT,50,0.0,1,0.09,0.11199999999999999,0.5,0.5,-0.10099999999999999,0.016160694882273674,0.001167760812677443,0.03932785242795944,0.03623680770397186,0.04351639747619629,0.060636430978775024,normal
2598,50,ABLATION2_repeated_spike,MOPER_NO_WSHIFT,50,0.0,1,0.09,0.11199999999999999,0.5,0.5,-0.10099999999999999,0.010438076220452785,0.0011039115488529205,0.03518126904964447,0.031395405530929565,0.04424142837524414,0.056632641702890396,normal
2599,50,ABLATION2_repeated_spike,MOPER_NO_WSHIFT,50,0.0,1,0.09,0.11199999999999999,0.5,0.5,-0.10099999999999999,0.001083510578610003,0.08047546446323395,0.14501869678497314,0.11056917905807495,0.18156342208385468,0.2134830355644226,normal
2600,50,ABLATION2_repeated_spike,MOPER_NO_WSHIFT,50,0.0,1,0.09,0.11199999999999999,0.5,0.5,-0.10099999999999999,0.0033538732677698135,0.17435374855995178,0.24192392826080322,0.18269506096839905,0.30786943435668945,0.35913947224617004,normal
2601,50,ABLATION2_repeated_spike,MOPER_NO_WSHIFT,50,0.0,1,0.09,0.11199999999999999,0.5,0.5,-0.10099999999999999,0.012707441113889217,0.12780791521072388,0.23552414774894714,0.17489413917064667,0.29952728748321533,0.34858548641204834,normal
2602,50,ABLATION2_repeated_spike,MOPER_NO_WSHIFT,50,0.0,1,0.09,0.11199999999999999,0.5,0.5,-0.10099999999999999,0.004277978092432022,0.14974358677864075,0.18763571977615356,0.14136677980422974,0.24204060435295105,0.28148335218429565,normal
2603,50,ABLATION2_repeated_spike,MOPER_NO_WSHIFT,50,0.0,1,0.09,0.11199999999999999,0.5,0.5,-0.10099999999999999,0.015012186951935291,0.12169293314218521,0.23952403664588928,0.18041372299194336,0.30433571338653564,0.35529202222824097,normal
2604,50,ABLATION2_repeated_spike,MOPER_NO_WSHIFT,50,0.0,1,0.09,0.11199999999999999,0.5,0.5,-0.10099999999999999,0.004065541084855795,0.06850068271160126,0.1593581736087799,0.12954626977443695,0.19435222446918488,0.23697201907634735,normal
2605,50,ABLATION2_repeated_spike,MOPER_NO_WSHIFT,50,0.0,1,0.09,0.11199999999999999,0.5,0.5,-0.10099999999999999,0.006890879478305578,0.018631823360919952,0.0843498557806015,0.06449122726917267,0.1054888516664505,0.12588724493980408,normal
2606,50,ABLATION2_repeated_spike,MOPER_NO_WSHIFT,50,0.0,1,0.09,0.11199999999999999,0.5,0.5,-0.10099999999999999,0.0102252047508955,0.09152743965387344,0.1897859126329422,0.1483880579471588,0.23362264037132263,0.2810763716697693,normal
2607,50,ABLATION2_repeated_spike,MOPER_NO_WSHIFT,50,0.0,1,0.09,0.11199999999999999,0.5,0.5,-0.10099999999999999,0.029054932296276093,0.04611865431070328,0.09593126177787781,0.07788887619972229,0.11590576171875,0.1428774893283844,normal
2608,50,ABLATION2_repeated_spike,MOPER_NO_WSHIFT,50,0.0,1,0.09,0.11199999999999999,0.5,0.5,-0.10099999999999999,0.015547660179436207,0.0854325145483017,0.18582230806350708,0.14322017133235931,0.22960346937179565,0.273685097694397,normal
2609,50,ABLATION2_repeated_spike,MOPER_NO_WSHIFT,50,0.0,1,0.09,0.11199999999999999,0.5,0.5,-0.10099999999999999,0.015699852257966995,0.09734594076871872,0.20435366034507751,0.1611793488264084,0.24869361519813538,0.29892784357070923,normal
2610,50,ABLATION2_repeated_spike,MOPER_NO_WSHIFT,50,0.0,1,0.09,0.11199999999999999,0.5,0.5,-0.10099999999999999,0.013152356259524822,0.09131024032831192,0.19492647051811218,0.15121504664421082,0.23863787949085236,0.28501957654953003,normal
2611,50,ABLATION2_repeated_spike,MOPER_NO_WSHIFT,50,0.0,1,0.09,0.11199999999999999,0.5,0.5,-0.10099999999999999,0.015414408408105373,0.0330260694026947,0.10290607064962387,0.08322496712207794,0.12567779421806335,0.15312914550304413,normal
2612,50,ABLATION2_repeated_spike,MOPER_NO_WSHIFT,50,0.0,1,0.09,0.11199999999999999,0.5,0.5,-0.10099999999999999,0.03361491858959198,0.05888371169567108,0.13579514622688293,0.10582077503204346,0.16716964542865753,0.2006245106458664,normal
2613,50,ABLATION2_repeated_spike,MOPER_NO_WSHIFT,50,0.0,1,0.09,0.11199999999999999,0.5,0.5,-0.10099999999999999,0.001963319955393672,0.054405778646469116,0.23685477674007416,0.18042542040348053,0.2948925495147705,0.34682217240333557,normal
2614,50,ABLATION2_repeated_spike,MOPER_NO_WSHIFT,50,0.0,1,0.09,0.11199999999999999,0.5,0.5,-0.10099999999999999,0.02268025651574135,0.10647188872098923,0.13902001082897186,0.11042079329490662,0.17106850445270538,0.20652803778648376,normal
2615,50,ABLATION2_repeated_spike,MOPER_NO_WSHIFT,50,0.0,1,0.09,0.11199999999999999,0.5,0.5,-0.10099999999999999,0.003113783895969391,0.0008953101933002472,0.03398926556110382,0.021985232830047607,0.046040505170822144,0.05229661241173744,normal
2616,50,ABLATION2_repeated_spike,MOPER_NO_WSHIFT,50,0.0,1,0.09,0.11199999999999999,0.5,0.5,-0.10099999999999999,0.004872075282037258,0.11662713438272476,0.25087878108024597,0.19935084879398346,0.30456826090812683,0.3663104176521301,normal
2617,50,ABLATION2_repeated_spike,MOPER_NO_WSHIFT,50,0.0,1,0.09,0.11199999999999999,0.5,0.5,-0.10099999999999999,0.006640557665377855,0.0450749509036541,0.08585719764232635,0.06518305838108063,0.10852964222431183,0.12873077392578125,normal
2618,50,ABLATION2_repeated_spike,MOPER_NO_WSHIFT,50,0.0,1,0.09,0.11199999999999999,0.5,0.5,-0.10099999999999999,0.0059112440794706345,0.04455866664648056,0.10424259305000305,0.08026348054409027,0.12833310663700104,0.1536235213279724,normal
2619,50,ABLATION2_repeated_spike,MOPER_NO_WSHIFT,50,0.0,1,0.09,0.11199999999999999,0.5,0.5,-0.10099999999999999,0.007687749341130257,0.0873304158449173,0.14838922023773193,0.11390143632888794,0.18287698924541473,0.2176670879125595,normal
2620,50,ABLATION2_repeated_spike,MOPER_NO_WSHIFT,50,0.0,1,0.09,0.11199999999999999,0.5,0.5,-0.10099999999999999,0.005109353922307491,0.030076244845986366,0.08554346114397049,0.06349383294582367,0.10929828882217407,0.1279645562171936,normal
2621,50,ABLATION2_repeated_spike,MOPER_NO_WSHIFT,50,0.0,1,0.09,0.11199999999999999,0.5,0.5,-0.10099999999999999,0.014712262898683548,0.14651161432266235,0.2214915156364441,0.16853608191013336,0.27605605125427246,0.3259736895561218,normal
2622,50,ABLATION2_repeated_spike,MOPER_NO_WSHIFT,50,0.0,1,0.09,0.11199999999999999,0.5,0.5,-0.10099999999999999,0.004761872813105583,0.09943189471960068,0.14001932740211487,0.10506638884544373,0.1749722808599472,0.20475530624389648,normal
2623,50,ABLATION2_repeated_spike,MOPER_NO_WSHIFT,50,0.0,1,0.09,0.11199999999999999,0.5,0.5,-0.10099999999999999,0.01067744567990303,0.07044704258441925,0.14729130268096924,0.11536543071269989,0.1821286827325821,0.2176142781972885,normal
2624,50,ABLATION2_repeated_spike,MOPER_NO_WSHIFT,50,0.0,1,0.09,0.11199999999999999,0.5,0.5,-0.10099999999999999,0.002756831469014287,0.03490442410111427,0.09749514609575272,0.0771675556898117,0.12150037288665771,0.14547044038772583,normal
2625,50,ABLATION2_repeated_spike,MOPER_NO_WSHIFT,50,0.0,1,0.09,0.11199999999999999,0.5,0.5,-0.10099999999999999,0.017421316355466843,0.10605691373348236,0.1893620491027832,0.14807064831256866,0.2333717793226242,0.2801944315433502,normal
2626,50,ABLATION2_repeated_spike,MOPER_NO_WSHIFT,50,0.0,1,0.09,0.11199999999999999,0.5,0.5,-0.10099999999999999,0.008571368642151356,0.08229098469018936,0.22230775654315948,0.17909860610961914,0.2669791579246521,0.3255407214164734,normal
2627,50,ABLATION2_repeated_spike,MOPER_NO_WSHIFT,50,0.0,1,0.09,0.11199999999999999,0.5,0.5,-0.10099999999999999,0.02334502711892128,0.0327930822968483,0.11491737514734268,0.09900148212909698,0.1312750279903412,0.1686488687992096,normal
2628,50,ABLATION2_repeated_spike,MOPER_NO_WSHIFT,50,0.0,1,0.09,0.11199999999999999,0.5,0.5,-0.10099999999999999,0.021308263763785362,0.006885054055601358,0.07182273268699646,0.06616933643817902,0.07929734885692596,0.10568472743034363,normal
2629,50,ABLATION2_repeated_spike,MOPER_NO_WSHIFT,50,0.0,1,0.09,0.11199999999999999,0.5,0.5,-0.10099999999999999,0.035062577575445175,0.06425589323043823,0.15293505787849426,0.12489345669746399,0.1834220588207245,0.226552352309227,normal
2630,50,ABLATION2_repeated_spike,MOPER_NO_WSHIFT,50,0.0,1,0.09,0.11199999999999999,0.5,0.5,-0.10099999999999999,0.00609302893280983,0.04241759702563286,0.13213568925857544,0.1111440435051918,0.15315194427967072,0.1923544704914093,normal
2631,50,ABLATION2_repeated_spike,MOPER_NO_WSHIFT,50,0.0,1,0.09,0.11199999999999999,0.5,0.5,-0.10099999999999999,0.004497559741139412,0.050144754350185394,0.14372041821479797,0.1116352528333664,0.17580559849739075,0.21109746396541595,normal
2632,50,ABLATION2_repeated_spike,MOPER_NO_WSHIFT,50,0.0,1,0.09,0.11199999999999999,0.5,0.5,-0.10099999999999999,0.03500240668654442,0.03268689289689064,0.09267476946115494,0.08069024980068207,0.1058925986289978,0.13907133042812347,normal
2633,50,ABLATION2_repeated_spike,MOPER_NO_WSHIFT,50,0.0,1,0.09,0.11199999999999999,0.5,0.5,-0.10099999999999999,0.03363056108355522,0.04599272087216377,0.09289637953042984,0.07868379354476929,0.1137961894273758,0.14137104153633118,normal
2634,50,ABLATION2_repeated_spike,MOPER_NO_WSHIFT,50,0.0,1,0.09,0.11199999999999999,0.5,0.5,-0.10099999999999999,0.017119841650128365,0.10863680392503738,0.13873587548732758,0.10981833934783936,0.17602360248565674,0.2098512351512909,normal
2635,50,ABLATION2_repeated_spike,MOPER_NO_WSHIFT,50,0.0,1,0.09,0.11199999999999999,0.5,0.5,-0.10099999999999999,0.0015925414627417922,0.02854975126683712,0.1318240761756897,0.09764936566352844,0.16861744225025177,0.19560988247394562,normal
2636,50,ABLATION2_repeated_spike,MOPER_NO_WSHIFT,50,0.0,1,0.09,0.11199999999999999,0.5,0.5,-0.10099999999999999,0.013878564350306988,0.08857544511556625,0.1794711947441101,0.13393938541412354,0.22812731564044952,0.2668589949607849,normal
2637,50,ABLATION2_repeated_spike,MOPER_NO_WSHIFT,50,0.0,1,0.09,0.11199999999999999,0.5,0.5,-0.10099999999999999,0.00204770197160542,0.08639517426490784,0.14647544920444489,0.1110493540763855,0.18468385934829712,0.21684128046035767,normal
2638,50,ABLATION2_repeated_spike,MOPER_NO_WSHIFT,50,0.0,1,0.09,0.11199999999999999,0.5,0.5,-0.10099999999999999,0.0033477223478257656,0.052594296634197235,0.12881281971931458,0.09308189153671265,0.1645437479019165,0.19066128134727478,normal
2639,50,ABLATION2_repeated_spike,MOPER_NO_WSHIFT,50,0.0,1,0.09,0.11199999999999999,0.5,0.5,-0.10099999999999999,0.004072701558470726,0.0026662182062864304,0.046020254492759705,0.038025230169296265,0.05416339635848999,0.0685155838727951,normal
2640,50,ABLATION2_repeated_spike,MOPER_NO_WSHIFT,50,0.0,1,0.09,0.11199999999999999,0.5,0.5,-0.10099999999999999,0.02070431411266327,0.12423913925886154,0.19648443162441254,0.14976604282855988,0.24493272602558136,0.2887032628059387,normal
2641,50,ABLATION2_repeated_spike,MOPER_NO_WSHIFT,50,0.0,1,0.09,0.11199999999999999,0.5,0.5,-0.10099999999999999,0.004421485122293234,0.09828899800777435,0.14330855011940002,0.10731540620326996,0.17930170893669128,0.20965808629989624,normal
2642,50,ABLATION2_repeated_spike,MOPER_NO_WSHIFT,50,0.0,1,0.09,0.11199999999999999,0.5,0.5,-0.10099999999999999,0.00417172908782959,0.0020183459855616093,0.04386914521455765,0.03320859372615814,0.05655699968338013,0.0667916089296341,normal
2643,50,ABLATION2_repeated_spike,MOPER_NO_WSHIFT,50,0.0,1,0.09,0.11199999999999999,0.5,0.5,-0.10099999999999999,0.001645769807510078,0.06401395797729492,0.12053071707487106,0.08798383176326752,0.15420272946357727,0.17815595865249634,normal
2644,50,ABLATION2_repeated_spike,MOPER_NO_WSHIFT,50,0.0,1,0.09,0.11199999999999999,0.5,0.5,-0.10099999999999999,0.009889064356684685,0.12380062788724899,0.182983860373497,0.13895605504512787,0.2287534475326538,0.2692936658859253,normal
2645,50,ABLATION2_repeated_spike,MOPER_NO_WSHIFT,50,0.0,1,0.09,0.11199999999999999,0.5,0.5,-0.10099999999999999,0.015443290583789349,0.1311093121767044,0.2394942343235016,0.1844814270734787,0.29486680030822754,0.35089024901390076,normal
2646,50,ABLATION2_repeated_spike,MOPER_NO_WSHIFT,50,0.0,1,0.09,0.11199999999999999,0.5,0.5,-0.10099999999999999,0.006059873383492231,0.07918684184551239,0.14226990938186646,0.10702052712440491,0.1791834682226181,0.2099621444940567,normal
2647,50,ABLATION2_repeated_spike,MOPER_NO_WSHIFT,50,0.0,1,0.09,0.11199999999999999,0.5,0.5,-0.10099999999999999,-1.4758926454305765e-06,0.0010088500566780567,0.03482045233249664,0.023492708802223206,0.046495482325553894,0.052825018763542175,normal
2648,50,ABLATION2_repeated_spike,MOPER_NO_WSHIFT,50,0.0,1,0.09,0.11199999999999999,0.5,0.5,-0.10099999999999999,0.00683237612247467,0.07476983219385147,0.13688090443611145,0.10368703305721283,0.172071635723114,0.20210517942905426,normal
2649,50,ABLATION2_repeated_spike,MOPER_NO_WSHIFT,50,0.0,1,0.09,0.11199999999999999,0.5,0.5,-0.10099999999999999,0.01053979154676199,0.07881979644298553,0.13174214959144592,0.09838736057281494,0.16658103466033936,0.19481748342514038,normal
2650,50,ABLATION2_repeated_spike,MOPER_NO_WSHIFT,50,0.0,1,0.09,0.11199999999999999,0.5,0.5,-0.10099999999999999,0.0038477724883705378,0.060709986835718155,0.14044594764709473,0.10597580671310425,0.174916073679924,0.2056204229593277,normal
2651,50,ABLATION2_repeated_spike,MOPER_NO_WSHIFT,50,0.0,1,0.09,0.11199999999999999,0.5,0.5,-0.10099999999999999,0.0041898321360349655,0.10077575594186783,0.1557387262582779,0.1220645159482956,0.19083067774772644,0.22842729091644287,normal
2652,50,ABLATION2_repeated_spike,MOPER_NO_WSHIFT,50,0.0,1,0.09,0.11199999999999999,0.5,0.5,-0.10099999999999999,0.030311325564980507,0.0583682581782341,0.1484089493751526,0.1181897297501564,0.18112866580486298,0.21886426210403442,normal
2653,50,ABLATION2_repeated_spike,MOPER_NO_WSHIFT,50,0.0,1,0.09,0.11199999999999999,0.5,0.5,-0.10099999999999999,0.027322888374328613,0.05883018672466278,0.1537347435951233,0.12225335836410522,0.18590782582759857,0.22566455602645874,normal
2654,50,ABLATION2_repeated_spike,MOPER_NO_WSHIFT,50,0.0,1,0.09,0.11199999999999999,0.5,0.5,-0.10099999999999999,0.015277107246220112,0.020554281771183014,0.08677017688751221,0.06731051206588745,0.10622984170913696,0.12785863876342773,normal
2655,50,ABLATION2_repeated_spike,MOPER_NO_WSHIFT,50,0.0,1,0.09,0.11199999999999999,0.5,0.5,-0.10099999999999999,0.00863268319517374,0.12253574281930923,0.20098590850830078,0.15914256870746613,0.24282921850681305,0.29371288418769836,normal
2656,50,ABLATION2_repeated_spike,MOPER_NO_WSHIFT,50,0.0,1,0.09,0.11199999999999999,0.5,0.5,-0.10099999999999999,0.018796809017658234,0.03371767699718475,0.12029729038476944,0.10399705916643143,0.1370840072631836,0.17583703994750977,normal
2657,50,ABLATION2_repeated_spike,MOPER_NO_WSHIFT,50,0.0,1,0.09,0.11199999999999999,0.5,0.5,-0.10099999999999999,0.020703090354800224,0.06266354024410248,0.14846761524677277,0.11654971539974213,0.1803855001926422,0.21755969524383545,normal
2658,50,ABLATION2_repeated_spike,MOPER_NO_WSHIFT,50,0.0,1,0.09,0.11199999999999999,0.5,0.5,-0.10099999999999999,0.010552129708230495,0.03593749925494194,0.11987342685461044,0.1016051322221756,0.1391056478023529,0.17523059248924255,normal
2659,50,ABLATION2_repeated_spike,MOPER_NO_WSHIFT,50,0.0,1,0.09,0.11199999999999999,0.5,0.5,-0.10099999999999999,0.028225528076291084,0.12371242791414261,0.1819673329591751,0.14143070578575134,0.22530710697174072,0.2693130671977997,normal
2660,50,ABLATION2_repeated_spike,MOPER_NO_WSHIFT,50,0.0,1,0.09,0.11199999999999999,0.5,0.5,-0.10099999999999999,0.010634378530085087,0.08438923209905624,0.1894945353269577,0.1486617624759674,0.2303273230791092,0.2779935598373413,normal
2661,50,ABLATION2_repeated_spike,MOPER_NO_WSHIFT,50,0.0,1,0.09,0.11199999999999999,0.5,0.5,-0.10099999999999999,0.017516817897558212,0.06766270101070404,0.174902081489563,0.1472635269165039,0.20531848073005676,0.25724130868911743,normal
2662,50,ABLATION2_repeated_spike,MOPER_NO_WSHIFT,50,0.0,1,0.09,0.11199999999999999,0.5,0.5,-0.10099999999999999,-1.5961647932272172e-06,0.032509103417396545,0.10583368688821793,0.08496406674385071,0.12670330703258514,0.15498492121696472,normal
2663,50,ABLATION2_repeated_spike,MOPER_NO_WSHIFT,50,0.0,1,0.09,0.11199999999999999,0.5,0.5,-0.10099999999999999,0.0025496415328234434,0.026737039908766747,0.08813202381134033,0.06832829117774963,0.11019465327262878,0.13142333924770355,normal
2664,50,ABLATION2_repeated_spike,MOPER_NO_WSHIFT,50,0.0,1,0.09,0.11199999999999999,0.5,0.5,-0.10099999999999999,0.01100096944719553,0.10930884629487991,0.14417049288749695,0.10973802208900452,0.17862416803836823,0.21216978132724762,normal
2665,50,ABLATION2_repeated_spike,MOPER_NO_WSHIFT,50,0.0,1,0.09,0.11199999999999999,0.5,0.5,-0.10099999999999999,0.007280082907527685,0.06790117919445038,0.1439393311738968,0.10760672390460968,0.1826184242963791,0.21434180438518524,normal
2666,50,ABLATION2_repeated_spike,MOPER_NO_WSHIFT,50,0.0,1,0.09,0.11199999999999999,0.5,0.5,-0.10099999999999999,0.020790770649909973,0.049879152327775955,0.0874544233083725,0.06765992939472198,0.11216126382350922,0.13285639882087708,normal
2667,50,ABLATION2_repeated_spike,MOPER_NO_WSHIFT,50,0.0,1,0.09,0.11199999999999999,0.5,0.5,-0.10099999999999999,0.002316958038136363,0.07441232353448868,0.09254114329814911,0.06938718259334564,0.12023179233074188,0.13945965468883514,normal
2668,50,ABLATION2_repeated_spike,MOPER_NO_WSHIFT,50,0.0,1,0.09,0.11199999999999999,0.5,0.5,-0.10099999999999999,0.0027647605165839195,0.12483686953783035,0.19406786561012268,0.14354097843170166,0.24536466598510742,0.2851683497428894,normal
2669,50,ABLATION2_repeated_spike,MOPER_NO_WSHIFT,50,0.0,1,0.09,0.11199999999999999,0.5,0.5,-0.10099999999999999,-1.8768863583318307e-06,0.0027548884972929955,0.0391264408826828,0.025156527757644653,0.05309635400772095,0.058787912130355835,normal
2670,50,ABLATION2_repeated_spike,MOPER_NO_WSHIFT,50,0.0,1,0.09,0.11199999999999999,0.5,0.5,-0.10099999999999999,0.004291557241231203,0.0860968753695488,0.15077745914459229,0.11717957258224487,0.18810385465621948,0.22287794947624207,normal
2671,50,ABLATION2_repeated_spike,MOPER_NO_WSHIFT,50,0.0,1,0.09,0.11199999999999999,0.5,0.5,-0.10099999999999999,0.002238867338746786,0.06032640486955643,0.13116268813610077,0.0943475216627121,0.16886930167675018,0.19414333999156952,normal
2672,50,ABLATION2_repeated_spike,MOPER_NO_WSHIFT,50,0.0,1,0.09,0.11199999999999999,0.5,0.5,-0.10099999999999999,0.007276218384504318,0.03850932791829109,0.09666895866394043,0.07481078803539276,0.12112720310688019,0.14447014033794403,normal
2673,50,ABLATION2_repeated_spike,MOPER_NO_WSHIFT,50,0.0,1,0.09,0.11199999999999999,0.5,0.5,-0.10099999999999999,0.0024290781002491713,0.08553790301084518,0.14449132978916168,0.1053437739610672,0.18389278650283813,0.21259050071239471,normal
2674,50,ABLATION2_repeated_spike,MOPER_NO_WSHIFT,50,0.0,1,0.09,0.11199999999999999,0.5,0.5,-0.10099999999999999,0.0033351960591971874,0.11330512911081314,0.16007326543331146,0.12384015321731567,0.19936993718147278,0.23591402173042297,normal
2675,50,ABLATION2_repeated_spike,MOPER_NO_WSHIFT,50,0.0,1,0.09,0.11199999999999999,0.5,0.5,-0.10099999999999999,0.005295477341860533,0.03702486306428909,0.08622340857982635,0.06200094521045685,0.11100028455257416,0.12819278240203857,normal
2676,50,ABLATION2_repeated_spike,MOPER_NO_WSHIFT,50,0.0,1,0.09,0.11199999999999999,0.5,0.5,-0.10099999999999999,0.001983002992346883,0.19565518200397491,0.2017611414194107,0.15398035943508148,0.25488054752349854,0.29854851961135864,normal
2677,50,ABLATION2_repeated_spike,MOPER_NO_WSHIFT,50,0.0,1,0.09,0.11199999999999999,0.5,0.5,-0.10099999999999999,0.01393926702439785,0.0014579910784959793,0.03709445893764496,0.027876973152160645,0.04674404859542847,0.05671243369579315,normal
2678,50,ABLATION2_repeated_spike,MOPER_NO_WSHIFT,50,0.0,1,0.09,0.11199999999999999,0.5,0.5,-0.10099999999999999,0.006005353759974241,0.039245784282684326,0.10421957820653915,0.08079898357391357,0.12764017283916473,0.15351338684558868,normal
2679,50,ABLATION2_repeated_spike,MOPER_NO_WSHIFT,50,0.0,1,0.09,0.11199999999999999,0.5,0.5,-0.10099999999999999,0.0037270139437168837,0.03188420459628105,0.07810785621404648,0.05674104392528534,0.10163545608520508,0.1172151193022728,normal
2680,50,ABLATION2_repeated_spike,MOPER_NO_WSHIFT,50,0.0,1,0.09,0.11199999999999999,0.5,0.5,-0.10099999999999999,0.01961272396147251,0.05838753283023834,0.13812795281410217,0.10610589385032654,0.17397421598434448,0.20625701546669006,normal
2681,50,ABLATION2_repeated_spike,MOPER_NO_WSHIFT,50,0.0,1,0.09,0.11199999999999999,0.5,0.5,-0.10099999999999999,0.009123728610575199,0.16144724190235138,0.18453697860240936,0.13935308158397675,0.2336411029100418,0.2741299867630005,normal
2682,50,ABLATION2_repeated_spike,MOPER_NO_WSHIFT,50,0.0,1,0.09,0.11199999999999999,0.5,0.5,-0.10099999999999999,0.007675423752516508,0.0727093517780304,0.1494620144367218,0.11879436671733856,0.18664878606796265,0.22351716458797455,normal
2683,50,ABLATION2_repeated_spike,MOPER_NO_WSHIFT,50,0.0,1,0.09,0.11199999999999999,0.5,0.5,-0.10099999999999999,0.009254868142306805,0.037155766040086746,0.09223572909832001,0.07415167987346649,0.11694572865962982,0.1407366245985031,normal
2684,50,ABLATION2_repeated_spike,MOPER_NO_WSHIFT,50,0.0,1,0.09,0.11199999999999999,0.5,0.5,-0.10099999999999999,0.009815281257033348,0.09986288845539093,0.14994728565216064,0.11816197633743286,0.1829683780670166,0.22026300430297852,normal
2685,50,ABLATION2_repeated_spike,MOPER_NO_WSHIFT,50,0.0,1,0.09,0.11199999999999999,0.5,0.5,-0.10099999999999999,0.009322007186710835,0.05526657775044441,0.1355222463607788,0.10631406307220459,0.16921736299991608,0.20223607122898102,normal
2686,50,ABLATION2_repeated_spike,MOPER_NO_WSHIFT,50,0.0,1,0.09,0.11199999999999999,0.5,0.5,-0.10099999999999999,0.004953234922140837,0.022305112332105637,0.10055416077375412,0.08089137077331543,0.12144188582897186,0.14796561002731323,normal
2687,50,ABLATION2_repeated_spike,MOPER_NO_WSHIFT,50,0.0,1,0.09,0.11199999999999999,0.5,0.5,-0.10099999999999999,0.012560535222291946,0.037894200533628464,0.1100311279296875,0.09132932871580124,0.13102252781391144,0.16223350167274475,normal
2688,50,ABLATION2_repeated_spike,MOPER_NO_WSHIFT,50,0.0,1,0.09,0.11199999999999999,0.5,0.5,-0.10099999999999999,0.01797224022448063,0.041238561272621155,0.11160969734191895,0.0911254733800888,0.13325615227222443,0.163896381855011,normal
2689,50,ABLATION2_repeated_spike,MOPER_NO_WSHIFT,50,0.0,1,0.09,0.11199999999999999,0.5,0.5,-0.10099999999999999,0.0043746791779994965,0.0690031498670578,0.1309107542037964,0.09766513109207153,0.1652626395225525,0.19289475679397583,normal
2690,50,ABLATION2_repeated_spike,MOPER_NO_WSHIFT,50,0.0,1,0.09,0.11199999999999999,0.5,0.5,-0.10099999999999999,0.010377307422459126,0.06506532430648804,0.16924166679382324,0.13628891110420227,0.20462101697921753,0.2480829954147339,normal
2691,50,ABLATION2_repeated_spike,MOPER_NO_WSHIFT,50,0.0,1,0.09,0.11199999999999999,0.5,0.5,-0.10099999999999999,0.0028956709429621696,0.002837400184944272,0.054430264979600906,0.04185476154088974,0.06836824119091034,0.08079138398170471,normal
2692,50,ABLATION2_repeated_spike,MOPER_NO_WSHIFT,50,0.0,1,0.09,0.11199999999999999,0.5,0.5,-0.10099999999999999,0.008606275543570518,0.04988303408026695,0.1455564796924591,0.11321592330932617,0.17814083397388458,0.21337290108203888,normal
2693,50,ABLATION2_repeated_spike,MOPER_NO_WSHIFT,50,0.0,1,0.09,0.11199999999999999,0.5,0.5,-0.10099999999999999,0.0041776541620492935,0.18923088908195496,0.23558714985847473,0.1786307990550995,0.29259011149406433,0.3440183997154236,normal
2694,50,ABLATION2_repeated_spike,MOPER_NO_WSHIFT,50,0.0,1,0.09,0.11199999999999999,0.5,0.5,-0.10099999999999999,0.008558211848139763,0.09583797305822372,0.17194625735282898,0.12932439148426056,0.2171361744403839,0.25416281819343567,normal
2695,50,ABLATION2_repeated_spike,MOPER_NO_WSHIFT,50,0.0,1,0.09,0.11199999999999999,0.5,0.5,-0.10099999999999999,0.005690393503755331,0.03563991189002991,0.10154005140066147,0.08020167052745819,0.12640121579170227,0.15150019526481628,normal
2696,50,ABLATION2_repeated_spike,MOPER_NO_WSHIFT,50,0.0,1,0.09,0.11199999999999999,0.5,0.5,-0.10099999999999999,0.001417677034623921,0.052592407912015915,0.09775163233280182,0.07677997648715973,0.12598289549350739,0.14862468838691711,normal
2697,50,ABLATION2_repeated_spike,MOPER_NO_WSHIFT,50,0.0,1,0.09,0.11199999999999999,0.5,0.5,-0.10099999999999999,0.004658753518015146,0.24903492629528046,0.2840016186237335,0.21341362595558167,0.35567399859428406,0.41582196950912476,normal
2698,50,ABLATION2_repeated_spike,MOPER_NO_WSHIFT,50,0.0,1,0.09,0.11199999999999999,0.5,0.5,-0.10099999999999999,0.007570050191134214,0.08483076095581055,0.14268681406974792,0.11037236452102661,0.17999659478664398,0.21306303143501282,normal
2699,50,ABLATION2_repeated_spike,MOPER_NO_WSHIFT,50,0.0,1,0.09,0.11199999999999999,0.5,0.5,-0.10099999999999999,0.018440986052155495,0.15213143825531006,0.24135367572307587,0.18553179502487183,0.30216890573501587,0.35617679357528687,normal
2700,50,ABLATION2_repeated_spike,MOPER_NO_WSHIFT,50,0.0,1,0.09,0.11199999999999999,0.5,0.5,-0.10099999999999999,0.001779487356543541,0.058706969022750854,0.14462125301361084,0.11104466021060944,0.17923443019390106,0.21223221719264984,normal
2701,50,ABLATION2_repeated_spike,MOPER_NO_WSHIFT,50,0.0,1,0.09,0.11199999999999999,0.5,0.5,-0.10099999999999999,0.029049227014183998,0.042645543813705444,0.08905784785747528,0.07136300206184387,0.11323297023773193,0.13563954830169678,normal
2702,50,ABLATION2_repeated_spike,MOPER_NO_WSHIFT,50,0.0,1,0.09,0.11199999999999999,0.5,0.5,-0.10099999999999999,0.0029582197312265635,0.033204395323991776,0.08401554822921753,0.0662764459848404,0.10750098526477814,0.12775707244873047,normal
2703,50,ABLATION2_repeated_spike,MOPER_NO_WSHIFT,50,0.0,1,0.09,0.11199999999999999,0.5,0.5,-0.10099999999999999,-2.8274093892832752e-06,0.06262423098087311,0.13938823342323303,0.10336345434188843,0.17541302740573883,0.20393900573253632,normal
2704,50,ABLATION2_repeated_spike,MOPER_NO_WSHIFT,50,0.0,1,0.09,0.11199999999999999,0.5,0.5,-0.10099999999999999,0.005770413670688868,0.04854126274585724,0.12972304224967957,0.1024654284119606,0.16233806312084198,0.1944131702184677,normal
2705,50,ABLATION2_repeated_spike,MOPER_NO_WSHIFT,50,0.0,1,0.09,0.11199999999999999,0.5,0.5,-0.10099999999999999,0.0030671486165374517,0.030651181936264038,0.09655585139989853,0.07715578377246857,0.11928388476371765,0.14358218014240265,normal
2706,50,ABLATION2_repeated_spike,MOPER_NO_WSHIFT,50,0.0,1,0.09,0.11199999999999999,0.5,0.5,-0.10099999999999999,0.0013839845778420568,0.09965930879116058,0.19640836119651794,0.15274058282375336,0.2415665090084076,0.28797751665115356,normal
2707,50,ABLATION2_repeated_spike,MOPER_NO_WSHIFT,50,0.0,1,0.09,0.11199999999999999,0.5,0.5,-0.10099999999999999,0.0013965112157166004,0.0847141221165657,0.15324726700782776,0.11784297227859497,0.18967801332473755,0.2244812399148941,normal
2708,50,ABLATION2_repeated_spike,MOPER_NO_WSHIFT,50,0.0,1,0.09,0.11199999999999999,0.5,0.5,-0.10099999999999999,0.002126427600160241,0.007994991727173328,0.059963732957839966,0.052368879318237305,0.07329243421554565,0.09217026084661484,normal
2709,50,ABLATION2_repeated_spike,MOPER_NO_WSHIFT,50,0.0,1,0.09,0.11199999999999999,0.5,0.5,-0.10099999999999999,-0.0015205653617158532,0.06709238886833191,0.13387726247310638,0.10379552841186523,0.17124967277050018,0.20154638588428497,normal
2710,50,ABLATION2_repeated_spike,MOPER_NO_WSHIFT,50,0.0,1,0.09,0.11199999999999999,0.5,0.5,-0.10099999999999999,-0.0023556258529424667,0.09846261143684387,0.13596990704536438,0.10333408415317535,0.17420649528503418,0.20334233343601227,normal
2711,50,ABLATION2_repeated_spike,MOPER_NO_WSHIFT,50,0.0,1,0.09,0.11199999999999999,0.5,0.5,-0.10099999999999999,-0.0032533290795981884,0.0019001958426088095,0.04258684813976288,0.03281128406524658,0.05855250358581543,0.06781840324401855,normal
2712,50,ABLATION2_repeated_spike,MOPER_NO_WSHIFT,50,0.0,1,0.09,0.11199999999999999,0.5,0.5,-0.10099999999999999,-2.82875839729968e-06,0.10183016210794449,0.13491389155387878,0.10002726316452026,0.17024458944797516,0.19799944758415222,normal
2713,50,ABLATION2_repeated_spike,MOPER_NO_WSHIFT,50,0.0,1,0.09,0.11199999999999999,0.5,0.5,-0.10099999999999999,0.008909257128834724,0.025482064113020897,0.0927998349070549,0.07059834897518158,0.11690974235534668,0.13745829463005066,normal
2714,50,ABLATION2_repeated_spike,MOPER_NO_WSHIFT,50,0.0,1,0.09,0.11199999999999999,0.5,0.5,-0.10099999999999999,-0.0005617740098387003,0.06025690212845802,0.10286065936088562,0.0789802223443985,0.12870992720127106,0.15147410333156586,normal
2715,50,ABLATION2_repeated_spike,MOPER_NO_WSHIFT,50,0.0,1,0.09,0.11199999999999999,0.5,0.5,-0.10099999999999999,-2.2722197172697634e-06,0.03684929758310318,0.090265654027462,0.06620626151561737,0.11432504653930664,0.13281725347042084,normal
2716,50,ABLATION2_repeated_spike,MOPER_NO_WSHIFT,50,0.0,1,0.09,0.11199999999999999,0.5,0.5,-0.10099999999999999,0.012702535837888718,0.06660916656255722,0.14646954834461212,0.11101695895195007,0.18272390961647034,0.21567517518997192,normal
2717,50,ABLATION2_repeated_spike,MOPER_NO_WSHIFT,50,0.0,1,0.09,0.11199999999999999,0.5,0.5,-0.10099999999999999,-0.0052637443877756596,0.03753402456641197,0.08442380279302597,0.062026217579841614,0.11163163185119629,0.12813620269298553,normal
2718,50,ABLATION2_repeated_spike,MOPER_NO_WSHIFT,50,0.0,1,0.09,0.11199999999999999,0.5,0.5,-0.10099999999999999,-0.00310765253379941,0.10508096218109131,0.14060078561306,0.10803376138210297,0.1799318939447403,0.21096739172935486,normal
2719,50,ABLATION2_repeated_spike,MOPER_NO_WSHIFT,50,0.0,1,0.09,0.11199999999999999,0.5,0.5,-0.10099999999999999,-0.008486305363476276,0.001195991411805153,0.0367339625954628,0.029722854495048523,0.04978981614112854,0.05882596597075462,normal
2720,50,ABLATION2_repeated_spike,MOPER_NO_WSHIFT,50,0.0,1,0.09,0.11199999999999999,0.5,0.5,-0.10099999999999999,-0.002952580340206623,0.11061187088489532,0.13633909821510315,0.10076293349266052,0.17384293675422668,0.20124535262584686,normal
2721,50,ABLATION2_repeated_spike,MOPER_NO_WSHIFT,50,0.0,1,0.09,0.11199999999999999,0.5,0.5,-0.10099999999999999,-0.0031496768351644278,0.09273478388786316,0.18006914854049683,0.13383400440216064,0.2306404709815979,0.2670004069805145,normal
2722,50,ABLATION2_repeated_spike,MOPER_NO_WSHIFT,50,0.0,1,0.09,0.11199999999999999,0.5,0.5,-0.10099999999999999,-0.00875829253345728,0.04316722974181175,0.08910170942544937,0.06851322948932648,0.11692652106285095,0.13618336617946625,normal
2723,50,ABLATION2_repeated_spike,MOPER_NO_WSHIFT,50,0.0,1,0.09,0.11199999999999999,0.5,0.5,-0.10099999999999999,-0.005347898229956627,0.09402637928724289,0.1322842836380005,0.09930416941642761,0.16967003047466278,0.1972639262676239,normal
2724,50,ABLATION2_repeated_spike,MOPER_NO_WSHIFT,50,0.0,1,0.09,0.11199999999999999,0.5,0.5,-0.10099999999999999,-0.001510305912233889,0.03611915558576584,0.09029226750135422,0.0679585337638855,0.11462356150150299,0.13383054733276367,normal
2725,50,ABLATION2_repeated_spike,MOPER_NO_WSHIFT,50,0.0,1,0.09,0.11199999999999999,0.5,0.5,-0.10099999999999999,-0.0030695421155542135,0.06896936893463135,0.13565802574157715,0.09960080683231354,0.17319627106189728,0.2000102400779724,normal
2726,50,ABLATION2_repeated_spike,MOPER_NO_WSHIFT,50,0.0,1,0.09,0.11199999999999999,0.5,0.5,-0.10099999999999999,-0.008831078186631203,0.13252928853034973,0.17314380407333374,0.12724153697490692,0.2214522361755371,0.25608155131340027,normal
2727,50,ABLATION2_repeated_spike,MOPER_NO_WSHIFT,50,0.0,1,0.09,0.11199999999999999,0.5,0.5,-0.10099999999999999,-0.007523547392338514,0.06797024607658386,0.13998055458068848,0.10347440838813782,0.17923104763031006,0.20740097761154175,normal
2728,50,ABLATION2_repeated_spike,MOPER_NO_WSHIFT,50,0.0,1,0.09,0.11199999999999999,0.5,0.5,-0.10099999999999999,-0.0014527272433042526,0.09827136993408203,0.22944632172584534,0.17051874101161957,0.28903061151504517,0.33614856004714966,normal
2729,50,ABLATION2_repeated_spike,MOPER_NO_WSHIFT,50,0.0,1,0.09,0.11199999999999999,0.5,0.5,-0.10099999999999999,-0.004142308607697487,0.002151868538931012,0.044171109795570374,0.031581953167915344,0.058379366993904114,0.06667610257863998,normal
2730,50,ABLATION2_repeated_spike,MOPER_NO_WSHIFT,50,0.0,1,0.09,0.11199999999999999,0.5,0.5,-0.10099999999999999,-0.0088870944455266,0.10534060001373291,0.18104887008666992,0.13390642404556274,0.2294873148202896,0.26650184392929077,normal
2731,50,ABLATION2_repeated_spike,MOPER_NO_WSHIFT,50,0.0,1,0.09,0.11199999999999999,0.5,0.5,-0.10099999999999999,-0.01342824101448059,0.05953943729400635,0.09163682907819748,0.06640489399433136,0.11765342950820923,0.13567198812961578,normal
2732,50,ABLATION2_repeated_spike,MOPER_NO_WSHIFT,50,0.0,1,0.09,0.11199999999999999,0.5,0.5,-0.10099999999999999,-0.009379426017403603,0.11001899838447571,0.14340925216674805,0.10592055320739746,0.18123899400234222,0.21045991778373718,normal
2733,50,ABLATION2_repeated_spike,MOPER_NO_WSHIFT,50,0.0,1,0.09,0.11199999999999999,0.5,0.5,-0.10099999999999999,-0.01199781522154808,0.0034803166054189205,0.04608580470085144,0.03441648185253143,0.06137715280056,0.07196366786956787,normal
2734,50,ABLATION2_repeated_spike,MOPER_NO_WSHIFT,50,0.0,1,0.09,0.11199999999999999,0.5,0.5,-0.10099999999999999,-0.012170790694653988,0.058581408113241196,0.09717506915330887,0.07302536070346832,0.12403494119644165,0.1445837765932083,normal
2735,50,ABLATION2_repeated_spike,MOPER_NO_WSHIFT,50,0.0,1,0.09,0.11199999999999999,0.5,0.5,-0.10099999999999999,-0.00838363729417324,0.127730593085289,0.1824760138988495,0.1314624547958374,0.23476575314998627,0.2697795629501343,normal
2736,50,ABLATION2_repeated_spike,MOPER_NO_WSHIFT,50,0.0,1,0.09,0.11199999999999999,0.5,0.5,-0.10099999999999999,-0.0037815719842910767,0.037813834846019745,0.09014400839805603,0.07022532820701599,0.11099091172218323,0.1334945261478424,normal
2737,50,ABLATION2_repeated_spike,MOPER_NO_WSHIFT,50,0.0,1,0.09,0.11199999999999999,0.5,0.5,-0.10099999999999999,-0.015486395917832851,0.044805221259593964,0.1002192571759224,0.06805528700351715,0.13273939490318298,0.15147718787193298,normal
2738,50,ABLATION2_repeated_spike,MOPER_NO_WSHIFT,50,0.0,1,0.09,0.11199999999999999,0.5,0.5,-0.10099999999999999,-0.010185807943344116,0.03321171924471855,0.08706235140562057,0.06307591497898102,0.11289885640144348,0.1304451823234558,normal
2739,50,ABLATION2_repeated_spike,MOPER_NO_WSHIFT,50,0.0,1,0.09,0.11199999999999999,0.5,0.5,-0.10099999999999999,-0.004074295982718468,0.03955690190196037,0.08617057651281357,0.0594555139541626,0.11294390261173248,0.13020867109298706,normal
2740,50,ABLATION2_repeated_spike,MOPER_NO_WSHIFT,50,0.0,1,0.09,0.11199999999999999,0.5,0.5,-0.10099999999999999,-0.04750537872314453,0.07021071761846542,0.09118832647800446,0.06366787850856781,0.11965395510196686,0.13866126537322998,normal
2741,50,ABLATION2_repeated_spike,MOPER_NO_WSHIFT,50,0.0,1,0.09,0.11199999999999999,0.5,0.5,-0.10099999999999999,-0.009236815385520458,0.09540291875600815,0.15055838227272034,0.10918134450912476,0.19193542003631592,0.22241340577602386,normal
2742,50,ABLATION2_repeated_spike,MOPER_NO_WSHIFT,50,0.0,1,0.09,0.11199999999999999,0.5,0.5,-0.10099999999999999,-0.011778813786804676,0.08222220093011856,0.19512569904327393,0.13661925494670868,0.25363215804100037,0.28953635692596436,normal
2743,50,ABLATION2_repeated_spike,MOPER_NO_WSHIFT,50,0.0,1,0.09,0.11199999999999999,0.5,0.5,-0.10099999999999999,-2.35062861975166e-06,0.10569541901350021,0.15494385361671448,0.11216340959072113,0.19772429764270782,0.2287474423646927,normal
2744,50,ABLATION2_repeated_spike,MOPER_NO_WSHIFT,50,0.0,1,0.09,0.11199999999999999,0.5,0.5,-0.10099999999999999,-0.006363322958350182,0.1720430701971054,0.19033971428871155,0.13341933488845825,0.24726006388664246,0.28260570764541626,normal
2745,50,ABLATION2_repeated_spike,MOPER_NO_WSHIFT,50,0.0,1,0.09,0.11199999999999999,0.5,0.5,-0.10099999999999999,-0.00411437451839447,0.07684913277626038,0.13301682472229004,0.09611774981021881,0.17152804136276245,0.19717879593372345,normal
2746,50,ABLATION2_repeated_spike,MOPER_NO_WSHIFT,50,0.0,1,0.09,0.11199999999999999,0.5,0.5,-0.10099999999999999,-0.020866794511675835,0.10327757894992828,0.14852160215377808,0.11293710768222809,0.18743890523910522,0.22108443081378937,normal
2747,50,ABLATION2_repeated_spike,MOPER_NO_WSHIFT,50,0.0,1,0.09,0.11199999999999999,0.5,0.5,-0.10099999999999999,0.0026581990532577038,0.0677155926823616,0.14085941016674042,0.10557310283184052,0.17720003426074982,0.20732669532299042,normal
2748,50,ABLATION2_repeated_spike,MOPER_NO_WSHIFT,50,0.0,1,0.09,0.11199999999999999,0.5,0.5,-0.10099999999999999,-2.3366333152807783e-06,0.043192483484745026,0.1321091651916504,0.10944847762584686,0.1547698676586151,0.19184207916259766,normal
2749,50,ABLATION2_repeated_spike,MOPER_NO_WSHIFT,50,0.0,1,0.09,0.11199999999999999,0.5,0.5,-0.10099999999999999,-0.012653466314077377,0.006870143115520477,0.07238270342350006,0.057748645544052124,0.09064871072769165,0.10861261188983917,normal
2750,50,ABLATION2_repeated_spike,MOPER_NO_WSHIFT,50,0.0,1,0.09,0.11199999999999999,0.5,0.5,-0.10099999999999999,-0.0018050448270514607,0.005065438337624073,0.06034049019217491,0.047257520258426666,0.0741586834192276,0.08857321739196777,normal
2751,50,ABLATION2_repeated_spike,MOPER_NO_WSHIFT,50,0.0,1,0.09,0.11199999999999999,0.5,0.5,-0.10099999999999999,-0.011399220675230026,0.1067369282245636,0.17190968990325928,0.12651067972183228,0.2198616862297058,0.25394487380981445,normal
2752,50,ABLATION2_repeated_spike,MOPER_NO_WSHIFT,50,0.0,1,0.09,0.11199999999999999,0.5,0.5,-0.10099999999999999,-0.003167213872075081,0.048430245369672775,0.12752924859523773,0.10100153833627701,0.15466535091400146,0.1859867125749588,normal
2753,50,ABLATION2_repeated_spike,MOPER_NO_WSHIFT,50,0.0,1,0.09,0.11199999999999999,0.5,0.5,-0.10099999999999999,-0.0019366996129974723,0.02605510875582695,0.10986906290054321,0.08372437208890915,0.13655786216259003,0.16085129976272583,normal
2754,50,ABLATION2_repeated_spike,MOPER_NO_WSHIFT,50,0.0,1,0.09,0.11199999999999999,0.5,0.5,-0.10099999999999999,-0.016451865434646606,0.008765183389186859,0.07154866307973862,0.05332045257091522,0.09075576066970825,0.10613416135311127,normal
2755,50,ABLATION2_repeated_spike,MOPER_NO_WSHIFT,50,0.0,1,0.09,0.11199999999999999,0.5,0.5,-0.10099999999999999,-0.0027525543700903654,0.029204655438661575,0.09721348434686661,0.07266202569007874,0.1220908910036087,0.14281359314918518,normal
2756,50,ABLATION2_repeated_spike,MOPER_NO_WSHIFT,50,0.0,1,0.09,0.11199999999999999,0.5,0.5,-0.10099999999999999,-0.009971006773412228,0.09728628396987915,0.13255846500396729,0.09738171100616455,0.1680908054113388,0.19480448961257935,normal
2757,50,ABLATION2_repeated_spike,MOPER_NO_WSHIFT,50,0.0,1,0.09,0.11199999999999999,0.5,0.5,-0.10099999999999999,-0.01073682401329279,0.15796451270580292,0.19150874018669128,0.14159920811653137,0.2414182871580124,0.2805919647216797,normal
2758,50,ABLATION2_repeated_spike,MOPER_NO_WSHIFT,50,0.0,1,0.09,0.11199999999999999,0.5,0.5,-0.10099999999999999,-0.008277373388409615,0.05972089245915413,0.09062841534614563,0.0652046650648117,0.11695925891399384,0.13438759744167328,normal
2759,50,ABLATION2_repeated_spike,MOPER_NO_WSHIFT,50,0.0,1,0.09,0.11199999999999999,0.5,0.5,-0.10099999999999999,-0.023566959425807,0.1314670592546463,0.18660596013069153,0.1368018090724945,0.2373867630958557,0.27547359466552734,normal
2760,50,ABLATION2_repeated_spike,MOPER_NO_WSHIFT,50,0.0,1,0.09,0.11199999999999999,0.5,0.5,-0.10099999999999999,-0.0007449834956787527,0.053719159215688705,0.08383958041667938,0.05926494300365448,0.10912032425403595,0.12487159669399261,normal
2761,50,ABLATION2_repeated_spike,MOPER_NO_WSHIFT,50,0.0,1,0.09,0.11199999999999999,0.5,0.5,-0.10099999999999999,-0.010680928826332092,0.11708134412765503,0.19664621353149414,0.1417335420846939,0.25235113501548767,0.2903374433517456,normal
2762,50,ABLATION2_repeated_spike,MOPER_NO_WSHIFT,50,0.0,1,0.09,0.11199999999999999,0.5,0.5,-0.10099999999999999,-0.020858369767665863,0.09736152738332748,0.14485636353492737,0.10413442552089691,0.18557827174663544,0.21427085995674133,normal
2763,50,ABLATION2_repeated_spike,MOPER_NO_WSHIFT,50,0.0,1,0.09,0.11199999999999999,0.5,0.5,-0.10099999999999999,-0.009287182241678238,0.06396353244781494,0.09067202359437943,0.06268611550331116,0.11951203644275665,0.135869562625885,normal
2764,50,ABLATION2_repeated_spike,MOPER_NO_WSHIFT,50,0.0,1,0.09,0.11199999999999999,0.5,0.5,-0.10099999999999999,-0.00829814001917839,0.1239587664604187,0.1484311819076538,0.1012520045042038,0.1974067986011505,0.2238188534975052,normal
2765,50,ABLATION2_repeated_spike,MOPER_NO_WSHIFT,50,0.0,1,0.09,0.11199999999999999,0.5,0.5,-0.10099999999999999,-0.00543005159124732,0.04188033938407898,0.09195148199796677,0.06488174200057983,0.1260138899087906,0.14327466487884521,normal
2766,50,ABLATION2_repeated_spike,MOPER_NO_WSHIFT,50,0.0,1,0.09,0.11199999999999999,0.5,0.5,-0.10099999999999999,-0.015662185847759247,0.06732672452926636,0.1312386691570282,0.0952446460723877,0.1738818734884262,0.1991986334323883,normal
2767,50,ABLATION2_repeated_spike,MOPER_NO_WSHIFT,50,0.0,1,0.09,0.11199999999999999,0.5,0.5,-0.10099999999999999,0.012802846729755402,0.03963655233383179,0.08746260404586792,0.06456369161605835,0.11070260405540466,0.1294339895248413,normal
2768,50,ABLATION2_repeated_spike,MOPER_NO_WSHIFT,50,0.0,1,0.09,0.11199999999999999,0.5,0.5,-0.10099999999999999,-0.0016573118045926094,0.019299834966659546,0.09718340635299683,0.07733462750911713,0.11745257675647736,0.14408698678016663,normal
2769,50,ABLATION2_repeated_spike,MOPER_NO_WSHIFT,50,0.0,1,0.09,0.11199999999999999,0.5,0.5,-0.10099999999999999,-0.014278920367360115,0.0015345802530646324,0.04220827668905258,0.03508499264717102,0.0532718151807785,0.06605079770088196,normal
2770,50,ABLATION2_repeated_spike,MOPER_NO_WSHIFT,50,0.0,1,0.09,0.11199999999999999,0.5,0.5,-0.10099999999999999,-0.0037329834885895252,0.038977786898612976,0.08778025954961777,0.0698370411992073,0.10773070156574249,0.13189229369163513,normal
2771,50,ABLATION2_repeated_spike,MOPER_NO_WSHIFT,50,0.0,1,0.09,0.11199999999999999,0.5,0.5,-0.10099999999999999,-0.009364602155983448,0.051270741969347,0.10606087744235992,0.08974671363830566,0.12431421875953674,0.15973374247550964,normal
2772,50,ABLATION2_repeated_spike,MOPER_NO_WSHIFT,50,0.0,1,0.09,0.11199999999999999,0.5,0.5,-0.10099999999999999,-0.02965407818555832,0.09843125194311142,0.12895968556404114,0.09375092387199402,0.16960348188877106,0.19505901634693146,normal
2773,50,ABLATION2_repeated_spike,MOPER_NO_WSHIFT,50,0.0,1,0.09,0.11199999999999999,0.5,0.5,-0.10099999999999999,-0.003117346903309226,0.14214134216308594,0.1888175904750824,0.14401358366012573,0.23971648514270782,0.28290823101997375,normal
2774,50,ABLATION2_repeated_spike,MOPER_NO_WSHIFT,50,0.0,1,0.09,0.11199999999999999,0.5,0.5,-0.10099999999999999,-0.027769451960921288,0.0028251551557332277,0.04292404651641846,0.030743777751922607,0.05707851052284241,0.06659121811389923,normal
2775,50,ABLATION2_repeated_spike,MOPER_NO_WSHIFT,50,0.0,1,0.09,0.11199999999999999,0.5,0.5,-0.10099999999999999,-2.2573974547412945e-06,0.14821845293045044,0.18482422828674316,0.13890419900417328,0.23339955508708954,0.2730275094509125,normal
2776,50,ABLATION2_repeated_spike,MOPER_NO_WSHIFT,50,0.0,1,0.09,0.11199999999999999,0.5,0.5,-0.10099999999999999,-0.009973719716072083,0.0041776131838560104,0.04639838635921478,0.0330643504858017,0.05983223021030426,0.06898581981658936,normal
2777,50,ABLATION2_repeated_spike,MOPER_NO_WSHIFT,50,0.0,1,0.09,0.11199999999999999,0.5,0.5,-0.10099999999999999,-0.015464914962649345,0.052106522023677826,0.09475991129875183,0.06826011836528778,0.12233506143093109,0.14098481833934784,normal
2778,50,ABLATION2_repeated_spike,MOPER_NO_WSHIFT,50,0.0,1,0.09,0.11199999999999999,0.5,0.5,-0.10099999999999999,-0.034143246710300446,0.0487556979060173,0.08178871124982834,0.056731969118118286,0.11182914674282074,0.1262078732252121,normal
2779,50,ABLATION2_repeated_spike,MOPER_NO_WSHIFT,50,0.0,1,0.09,0.11199999999999999,0.5,0.5,-0.10099999999999999,-0.011889664456248283,0.06269510835409164,0.09449908882379532,0.06809315085411072,0.12093202769756317,0.13951677083969116,normal
2780,50,ABLATION2_repeated_spike,MOPER_NO_WSHIFT,50,0.0,1,0.09,0.11199999999999999,0.5,0.5,-0.10099999999999999,-0.019034799188375473,0.002065700711682439,0.03831353038549423,0.02355670928955078,0.05323345959186554,0.05940205976366997,normal
2781,50,ABLATION2_repeated_spike,MOPER_NO_WSHIFT,50,0.0,1,0.09,0.11199999999999999,0.5,0.5,-0.10099999999999999,-0.030799882486462593,0.0024419131223112345,0.04036753624677658,0.02449341118335724,0.05624166131019592,0.06221936270594597,normal
2782,50,ABLATION2_repeated_spike,MOPER_NO_WSHIFT,50,0.0,1,0.09,0.11199999999999999,0.5,0.5,-0.10099999999999999,-1.8623184132593451e-06,0.0037758282851427794,0.039742909371852875,0.025671839714050293,0.05381397902965546,0.06012219935655594,normal
2783,50,ABLATION2_repeated_spike,MOPER_NO_WSHIFT,50,0.0,1,0.09,0.11199999999999999,0.5,0.5,-0.10099999999999999,-0.01046527735888958,0.06066317856311798,0.08369483798742294,0.06003624200820923,0.1085866242647171,0.12525755167007446,normal
2784,50,ABLATION2_repeated_spike,MOPER_NO_WSHIFT,50,0.0,1,0.09,0.11199999999999999,0.5,0.5,-0.10099999999999999,-0.024081189185380936,0.06789498031139374,0.08980435132980347,0.06639823317527771,0.11687901616096497,0.1352333277463913,normal
2785,50,ABLATION2_repeated_spike,MOPER_NO_WSHIFT,50,0.0,1,0.09,0.11199999999999999,0.5,0.5,-0.10099999999999999,-0.03695475310087204,0.12451878935098648,0.15647947788238525,0.11820144951343536,0.19810789823532104,0.23233233392238617,normal
2786,50,ABLATION2_repeated_spike,MOPER_NO_WSHIFT,50,0.0,1,0.09,0.11199999999999999,0.5,0.5,-0.10099999999999999,-0.005960225593298674,0.06092723831534386,0.10735056549310684,0.08121445775032043,0.13581053912639618,0.158835768699646,normal
2787,50,ABLATION2_repeated_spike,MOPER_NO_WSHIFT,50,0.0,1,0.09,0.11199999999999999,0.5,0.5,-0.10099999999999999,-2.9302887014637236e-06,0.24814313650131226,0.27085745334625244,0.20507657527923584,0.33961495757102966,0.3969835042953491,normal
2788,50,ABLATION2_repeated_spike,MOPER_NO_WSHIFT,50,0.0,1,0.09,0.11199999999999999,0.5,0.5,-0.10099999999999999,-0.013330572284758091,0.12411102652549744,0.15594890713691711,0.1145460456609726,0.19751973450183868,0.22979432344436646,normal
2789,50,ABLATION2_repeated_spike,MOPER_NO_WSHIFT,50,0.0,1,0.09,0.11199999999999999,0.5,0.5,-0.10099999999999999,-0.006754547357559204,0.10722113400697708,0.1548663079738617,0.11040587723255157,0.19932673871517181,0.2286621481180191,normal
2790,50,ABLATION2_repeated_spike,MOPER_NO_WSHIFT,50,0.0,1,0.09,0.11199999999999999,0.5,0.5,-0.10099999999999999,-2.2219755919650197e-06,0.04293501749634743,0.09568288922309875,0.07020701467990875,0.12115876376628876,0.14051732420921326,normal
2791,50,ABLATION2_repeated_spike,MOPER_NO_WSHIFT,50,0.0,1,0.09,0.11199999999999999,0.5,0.5,-0.10099999999999999,-0.0158612672239542,0.08395766466856003,0.14574003219604492,0.1044207513332367,0.18816252052783966,0.2163229137659073,normal
2792,50,ABLATION2_repeated_spike,MOPER_NO_WSHIFT,50,0.0,1,0.09,0.11199999999999999,0.5,0.5,-0.10099999999999999,-2.3530787984782364e-06,0.027807241305708885,0.08563873171806335,0.06307350099086761,0.11168260872364044,0.12863501906394958,normal
2793,50,ABLATION2_repeated_spike,MOPER_NO_WSHIFT,50,0.0,1,0.09,0.11199999999999999,0.5,0.5,-0.10099999999999999,-0.009654245339334011,0.13577233254909515,0.18864966928958893,0.14480754733085632,0.23388752341270447,0.2792800962924957,normal
2794,50,ABLATION2_repeated_spike,MOPER_NO_WSHIFT,50,0.0,1,0.09,0.11199999999999999,0.5,0.5,-0.10099999999999999,-0.00218721991404891,0.20465107262134552,0.27585160732269287,0.2061116248369217,0.34725672006607056,0.40738415718078613,normal
2795,50,ABLATION2_repeated_spike,MOPER_NO_WSHIFT,50,0.0,1,0.09,0.11199999999999999,0.5,0.5,-0.10099999999999999,-0.00799120869487524,0.09108775109052658,0.1840178370475769,0.14171038568019867,0.22871175408363342,0.27241888642311096,normal
2796,50,ABLATION2_repeated_spike,MOPER_NO_WSHIFT,50,0.0,1,0.09,0.11199999999999999,0.5,0.5,-0.10099999999999999,-0.004384463652968407,0.061341460794210434,0.14981114864349365,0.11725014448165894,0.18388491868972778,0.22026778757572174,normal
2797,50,ABLATION2_repeated_spike,MOPER_NO_WSHIFT,50,0.0,1,0.09,0.11199999999999999,0.5,0.5,-0.10099999999999999,0.012489069253206253,0.056387659162282944,0.15522441267967224,0.12165894359350204,0.19226567447185516,0.22956816852092743,normal
2798,50,ABLATION2_repeated_spike,MOPER_NO_WSHIFT,50,0.0,1,0.09,0.11199999999999999,0.5,0.5,-0.10099999999999999,-2.469627816026332e-06,0.0034497452434152365,0.05434567108750343,0.04319373518228531,0.06549760699272156,0.0792902261018753,normal
2799,50,ABLATION2_repeated_spike,MOPER_NO_WSHIFT,50,0.0,1,0.09,0.11199999999999999,0.5,0.5,-0.10099999999999999,-0.012421628460288048,0.09074978530406952,0.2061266303062439,0.16033068299293518,0.2556285262107849,0.30414360761642456,normal
2800,50,ABLATION2_repeated_spike,MOPER_NO_WSHIFT,50,0.0,1,0.09,0.11199999999999999,0.5,0.5,-0.10099999999999999,-0.010734264738857746,0.00687975250184536,0.06879298388957977,0.05481640249490738,0.08543099462985992,0.10221697390079498,normal
2801,50,ABLATION2_repeated_spike,MOPER_NO_WSHIFT,50,0.0,1,0.09,0.11199999999999999,0.5,0.5,-0.10099999999999999,-0.0049717845395207405,0.08448024839162827,0.19644924998283386,0.1513192504644394,0.24253514409065247,0.2878478467464447,normal
2802,50,ABLATION2_repeated_spike,MOPER_NO_WSHIFT,50,0.0,1,0.09,0.11199999999999999,0.5,0.5,-0.10099999999999999,-0.003974014427512884,0.026054121553897858,0.10169780254364014,0.07926756143569946,0.1252630352973938,0.1498723328113556,normal
2803,50,ABLATION2_repeated_spike,MOPER_NO_WSHIFT,50,0.0,1,0.09,0.11199999999999999,0.5,0.5,-0.10099999999999999,-0.009504110552370548,0.09880070388317108,0.14465582370758057,0.10971726477146149,0.18181537091732025,0.2137705534696579,normal
2804,50,ABLATION2_repeated_spike,MOPER_NO_WSHIFT,50,0.0,1,0.09,0.11199999999999999,0.5,0.5,-0.10099999999999999,-0.00637398287653923,0.06754975020885468,0.12826679646968842,0.09696036577224731,0.16076335310935974,0.19041025638580322,normal
2805,50,ABLATION2_repeated_spike,MOPER_NO_WSHIFT,50,0.0,1,0.09,0.11199999999999999,0.5,0.5,-0.10099999999999999,-0.012923522852361202,0.023798868060112,0.10073873400688171,0.07333651185035706,0.12998855113983154,0.15085852146148682,normal
2806,50,ABLATION2_repeated_spike,MOPER_NO_WSHIFT,50,0.0,1,0.09,0.11199999999999999,0.5,0.5,-0.10099999999999999,-0.005219881888478994,0.03471584618091583,0.08584753423929214,0.06143747270107269,0.11131811141967773,0.1274070292711258,normal
2807,50,ABLATION2_repeated_spike,MOPER_NO_WSHIFT,50,0.0,1,0.09,0.11199999999999999,0.5,0.5,-0.10099999999999999,-0.006329140160232782,0.03372490778565407,0.0908597856760025,0.06465376913547516,0.11734689772129059,0.13493092358112335,normal
2808,50,ABLATION2_repeated_spike,MOPER_NO_WSHIFT,50,0.0,1,0.09,0.11199999999999999,0.5,0.5,-0.10099999999999999,0.004702558740973473,0.11573952436447144,0.1959378719329834,0.14591409265995026,0.24626880884170532,0.2875748872756958,normal
2809,50,ABLATION2_repeated_spike,MOPER_NO_WSHIFT,50,0.0,1,0.09,0.11199999999999999,0.5,0.5,-0.10099999999999999,0.007982151582837105,0.1381109207868576,0.24891027808189392,0.18564747273921967,0.31220364570617676,0.36422500014305115,normal
2810,50,ABLATION2_repeated_spike,MOPER_NO_WSHIFT,50,0.0,1,0.09,0.11199999999999999,0.5,0.5,-0.10099999999999999,-0.011772907339036465,0.05759697034955025,0.09226275980472565,0.06674747169017792,0.11789534986019135,0.13617157936096191,normal
2811,50,ABLATION2_repeated_spike,MOPER_NO_WSHIFT,50,0.0,1,0.09,0.11199999999999999,0.5,0.5,-0.10099999999999999,-0.022298617288470268,0.0727381780743599,0.1328442543745041,0.09417884051799774,0.1732029765844345,0.19818450510501862,normal
2812,50,ABLATION2_repeated_spike,MOPER_NO_WSHIFT,50,0.0,1,0.09,0.11199999999999999,0.5,0.5,-0.10099999999999999,-0.011648740619421005,0.04380563274025917,0.09482361376285553,0.0700649619102478,0.1206153929233551,0.14117366075515747,normal
2813,50,ABLATION2_repeated_spike,MOPER_NO_WSHIFT,50,0.0,1,0.09,0.11199999999999999,0.5,0.5,-0.10099999999999999,0.004033287521451712,0.06881913542747498,0.13915997743606567,0.10467877984046936,0.1755228191614151,0.2056272029876709,normal
2814,50,ABLATION2_repeated_spike,MOPER_NO_WSHIFT,50,0.0,1,0.09,0.11199999999999999,0.5,0.5,-0.10099999999999999,-0.011767358519136906,0.08448169380426407,0.14263850450515747,0.10727900266647339,0.1789301484823227,0.21019680798053741,normal
2815,50,ABLATION2_repeated_spike,MOPER_NO_WSHIFT,50,0.0,1,0.09,0.11199999999999999,0.5,0.5,-0.10099999999999999,0.010540297254920006,0.08029703795909882,0.13415969908237457,0.09905319660902023,0.1693122535943985,0.19709321856498718,normal
2816,50,ABLATION2_repeated_spike,MOPER_NO_WSHIFT,50,0.0,1,0.09,0.11199999999999999,0.5,0.5,-0.10099999999999999,-0.008319135755300522,0.10455554723739624,0.1817259043455124,0.1359134316444397,0.2317720651626587,0.2694654166698456,normal
2817,50,ABLATION2_repeated_spike,MOPER_NO_WSHIFT,50,0.0,1,0.09,0.11199999999999999,0.5,0.5,-0.10099999999999999,-0.0044397697784006596,0.0321713387966156,0.08962716162204742,0.06700225174427032,0.11488087475299835,0.13369330763816833,normal
2818,50,ABLATION2_repeated_spike,MOPER_NO_WSHIFT,50,0.0,1,0.09,0.11199999999999999,0.5,0.5,-0.10099999999999999,0.007024437189102173,0.04210175201296806,0.11012910306453705,0.0870586708188057,0.13487888872623444,0.16220694780349731,normal
2819,50,ABLATION2_repeated_spike,MOPER_NO_WSHIFT,50,0.0,1,0.09,0.11199999999999999,0.5,0.5,-0.10099999999999999,-0.005050390958786011,0.009026706218719482,0.07663377374410629,0.06359493732452393,0.0918145626783371,0.11304661631584167,normal
2820,50,ABLATION2_repeated_spike,MOPER_NO_WSHIFT,50,0.0,1,0.09,0.11199999999999999,0.5,0.5,-0.10099999999999999,-0.006501181982457638,0.11380033940076828,0.16535793244838715,0.12061822414398193,0.21262523531913757,0.24548235535621643,normal
2821,50,ABLATION2_repeated_spike,MOPER_NO_WSHIFT,50,0.0,1,0.09,0.11199999999999999,0.5,0.5,-0.10099999999999999,-0.01028441358357668,0.060764964669942856,0.14026713371276855,0.10653036832809448,0.17584247887134552,0.20719844102859497,normal
2822,50,ABLATION2_repeated_spike,MOPER_NO_WSHIFT,50,0.0,1,0.09,0.11199999999999999,0.5,0.5,-0.10099999999999999,-0.004198574461042881,0.025622237473726273,0.08457568287849426,0.06366720795631409,0.10725480318069458,0.1258930116891861,normal
2823,50,ABLATION2_repeated_spike,MOPER_NO_WSHIFT,50,0.0,1,0.09,0.11199999999999999,0.5,0.5,-0.10099999999999999,-0.008643250912427902,0.03726879507303238,0.10278801620006561,0.07939685881137848,0.1276812106370926,0.15153497457504272,normal
2824,50,ABLATION2_repeated_spike,MOPER_NO_WSHIFT,50,0.0,1,0.09,0.11199999999999999,0.5,0.5,-0.10099999999999999,-0.015293746255338192,0.050350677222013474,0.09324879199266434,0.07062530517578125,0.11913768947124481,0.13970017433166504,normal
2825,50,ABLATION2_repeated_spike,MOPER_NO_WSHIFT,50,0.0,1,0.09,0.11199999999999999,0.5,0.5,-0.10099999999999999,-0.02328326925635338,0.09365855157375336,0.13822223246097565,0.10092653334140778,0.17847134172916412,0.2066086232662201,normal
2826,50,ABLATION2_repeated_spike,MOPER_NO_WSHIFT,50,0.0,1,0.09,0.11199999999999999,0.5,0.5,-0.10099999999999999,-0.02796253375709057,0.17563781142234802,0.1905854344367981,0.13950558006763458,0.2421736866235733,0.2808797359466553,normal
2827,50,ABLATION2_repeated_spike,MOPER_NO_WSHIFT,50,0.0,1,0.09,0.11199999999999999,0.5,0.5,-0.10099999999999999,-0.00842263177037239,0.03684249892830849,0.08238182961940765,0.056879788637161255,0.10788387060165405,0.12274078279733658,normal
2828,50,ABLATION2_repeated_spike,MOPER_NO_WSHIFT,50,0.0,1,0.09,0.11199999999999999,0.5,0.5,-0.10099999999999999,-0.0015720691299065948,0.1249995157122612,0.18898698687553406,0.13764488697052002,0.2403773069381714,0.27824264764785767,normal
2829,50,ABLATION2_repeated_spike,MOPER_NO_WSHIFT,50,0.0,1,0.09,0.11199999999999999,0.5,0.5,-0.10099999999999999,-0.02145574241876602,0.1682995855808258,0.18362417817115784,0.13382099568843842,0.23424433171749115,0.2705773115158081,normal
2830,50,ABLATION2_repeated_spike,MOPER_NO_WSHIFT,50,0.0,1,0.09,0.11199999999999999,0.5,0.5,-0.10099999999999999,-0.019790062680840492,0.042335741221904755,0.08607111871242523,0.05913190543651581,0.11306993663311005,0.12854577600955963,normal
2831,50,ABLATION2_repeated_spike,MOPER_NO_WSHIFT,50,0.0,1,0.09,0.11199999999999999,0.5,0.5,-0.10099999999999999,-0.024827362969517708,0.06543368101119995,0.1359134018421173,0.09737500548362732,0.17739853262901306,0.20357239246368408,normal
2832,50,ABLATION2_repeated_spike,MOPER_NO_WSHIFT,50,0.0,1,0.09,0.11199999999999999,0.5,0.5,-0.10099999999999999,-0.021360361948609352,0.07945458590984344,0.13396349549293518,0.09414950013160706,0.1739145964384079,0.19886723160743713,normal
2833,50,ABLATION2_repeated_spike,MOPER_NO_WSHIFT,50,0.0,1,0.09,0.11199999999999999,0.5,0.5,-0.10099999999999999,-0.013280023820698261,0.08330335468053818,0.13603545725345612,0.09745226800441742,0.1751852184534073,0.2022182196378708,normal
2834,50,ABLATION2_repeated_spike,MOPER_NO_WSHIFT,50,0.0,1,0.09,0.11199999999999999,0.5,0.5,-0.10099999999999999,-1.568160541864927e-06,0.004695674404501915,0.06116269528865814,0.04503878951072693,0.07728660106658936,0.0928288996219635,normal
2835,50,ABLATION2_repeated_spike,MOPER_NO_WSHIFT,50,0.0,1,0.09,0.11199999999999999,0.5,0.5,-0.10099999999999999,-2.029843471973436e-06,0.10776878893375397,0.1380845606327057,0.0991235077381134,0.17704559862613678,0.20340609550476074,normal
2836,50,ABLATION2_repeated_spike,MOPER_NO_WSHIFT,50,0.0,1,0.09,0.11199999999999999,0.5,0.5,-0.10099999999999999,0.006786711979657412,0.032828185707330704,0.07954094558954239,0.05822750926017761,0.10585431754589081,0.12169638276100159,normal
2837,50,ABLATION2_repeated_spike,MOPER_NO_WSHIFT,50,0.0,1,0.09,0.11199999999999999,0.5,0.5,-0.10099999999999999,-0.022478440776467323,0.0029550788458436728,0.04319966584444046,0.03061281144618988,0.05882447957992554,0.0676669329404831,normal
2838,50,ABLATION2_repeated_spike,MOPER_NO_WSHIFT,50,0.0,1,0.09,0.11199999999999999,0.5,0.5,-0.10099999999999999,-0.012026703916490078,0.038970738649368286,0.08840382099151611,0.06278960406780243,0.11435578763484955,0.131524920463562,normal
2839,50,ABLATION2_repeated_spike,MOPER_NO_WSHIFT,50,0.0,1,0.09,0.11199999999999999,0.5,0.5,-0.10099999999999999,-0.027224669232964516,0.08650288730859756,0.1358947455883026,0.09655538201332092,0.17794287204742432,0.2038189172744751,normal
2840,50,ABLATION2_repeated_spike,MOPER_NO_WSHIFT,50,0.0,1,0.09,0.11199999999999999,0.5,0.5,-0.10099999999999999,-0.0027252964209765196,0.0018693453166633844,0.04179369658231735,0.029376283288002014,0.054438263177871704,0.06237617880105972,normal
2841,50,ABLATION2_repeated_spike,MOPER_NO_WSHIFT,50,0.0,1,0.09,0.11199999999999999,0.5,0.5,-0.10099999999999999,-0.011154926382005215,0.1011347621679306,0.14443857967853546,0.10215479135513306,0.1870795339345932,0.21466805040836334,normal
2842,50,ABLATION2_repeated_spike,MOPER_NO_WSHIFT,50,0.0,1,0.09,0.11199999999999999,0.5,0.5,-0.10099999999999999,-0.0350513681769371,0.17197191715240479,0.19781066477298737,0.1432667374610901,0.2527628540992737,0.2922751307487488,normal
2843,50,ABLATION2_repeated_spike,MOPER_NO_WSHIFT,50,0.0,1,0.09,0.11199999999999999,0.5,0.5,-0.10099999999999999,-0.013723364099860191,0.07609665393829346,0.134720116853714,0.0957186222076416,0.174717977643013,0.1999221295118332,normal
2844,50,ABLATION2_repeated_spike,MOPER_NO_WSHIFT,50,0.0,1,0.09,0.11199999999999999,0.5,0.5,-0.10099999999999999,-0.04487153887748718,0.16258637607097626,0.1831175982952118,0.1316981166601181,0.2376592457294464,0.2739327847957611,normal
2845,50,ABLATION2_repeated_spike,MOPER_NO_WSHIFT,50,0.0,1,0.09,0.11199999999999999,0.5,0.5,-0.10099999999999999,-0.013223220594227314,0.04968113452196121,0.08444512635469437,0.05706794559955597,0.11289942264556885,0.1271587312221527,normal
2846,50,ABLATION2_repeated_spike,MOPER_NO_WSHIFT,50,0.0,1,0.09,0.11199999999999999,0.5,0.5,-0.10099999999999999,0.00032267990172840655,0.1188342422246933,0.14279413223266602,0.10125690698623657,0.1851893961429596,0.21225903928279877,normal
2847,50,ABLATION2_repeated_spike,MOPER_NO_WSHIFT,50,0.0,1,0.09,0.11199999999999999,0.5,0.5,-0.10099999999999999,-0.017384236678481102,0.0016427015652880073,0.0380358025431633,0.021679475903511047,0.055598169565200806,0.06064118072390556,normal
2848,50,ABLATION2_repeated_spike,MOPER_NO_WSHIFT,50,0.0,1,0.09,0.11199999999999999,0.5,0.5,-0.10099999999999999,-0.007568250875920057,0.07758091390132904,0.1403941512107849,0.09748262166976929,0.18370278179645538,0.2090880572795868,normal
2849,50,ABLATION2_repeated_spike,MOPER_NO_WSHIFT,50,0.0,1,0.09,0.11199999999999999,0.5,0.5,-0.10099999999999999,-0.00239523290656507,0.049300841987133026,0.09828618913888931,0.07479032874107361,0.12225781381130219,0.14545084536075592,normal
2850,50,ABLATION2_repeated_spike,MOPER_NO_WSHIFT,50,0.0,1,0.09,0.11199999999999999,0.5,0.5,-0.10099999999999999,-0.01940026693046093,0.09555577486753464,0.13098767399787903,0.0929015725851059,0.1697819083929062,0.1954401433467865,normal
2851,50,ABLATION2_repeated_spike,MOPER_NO_WSHIFT,50,0.0,1,0.09,0.11199999999999999,0.5,0.5,-0.10099999999999999,-0.023247292265295982,0.12070436775684357,0.18512511253356934,0.13516263663768768,0.23752984404563904,0.27499470114707947,normal
2852,50,ABLATION2_repeated_spike,MOPER_NO_WSHIFT,50,0.0,1,0.09,0.11199999999999999,0.5,0.5,-0.10099999999999999,-0.0025400801096111536,0.09211862087249756,0.17207059264183044,0.12783870100975037,0.2168237268924713,0.25324398279190063,normal
2853,50,ABLATION2_repeated_spike,MOPER_NO_WSHIFT,50,0.0,1,0.09,0.11199999999999999,0.5,0.5,-0.10099999999999999,-0.019458075985312462,0.030847720801830292,0.09242410957813263,0.0693410187959671,0.12111984193325043,0.14043927192687988,normal
2854,50,ABLATION2_repeated_spike,MOPER_NO_WSHIFT,50,0.0,1,0.09,0.11199999999999999,0.5,0.5,-0.10099999999999999,-2.6633174456947017e-06,0.03664739802479744,0.07523174583911896,0.05261079967021942,0.09792636334896088,0.11140070110559464,normal
2855,50,ABLATION2_repeated_spike,MOPER_NO_WSHIFT,50,0.0,1,0.09,0.11199999999999999,0.5,0.5,-0.10099999999999999,-0.004957585595548153,0.027141792699694633,0.09224887937307358,0.06817445158958435,0.11716915667057037,0.1362200379371643,normal
2856,50,ABLATION2_repeated_spike,MOPER_NO_WSHIFT,50,0.0,1,0.09,0.11199999999999999,0.5,0.5,-0.10099999999999999,-0.007322558201849461,0.07290543615818024,0.12297483533620834,0.08869072794914246,0.15811456739902496,0.18159188330173492,normal
2857,50,ABLATION2_repeated_spike,MOPER_NO_WSHIFT,50,0.0,1,0.09,0.11199999999999999,0.5,0.5,-0.10099999999999999,-0.003533686278387904,0.029768995940685272,0.09565453976392746,0.07519885897636414,0.11799578368663788,0.1415604054927826,normal
2858,50,ABLATION2_repeated_spike,MOPER_NO_WSHIFT,50,0.0,1,0.09,0.11199999999999999,0.5,0.5,-0.10099999999999999,-0.002662867307662964,0.07539384812116623,0.139523446559906,0.10536392033100128,0.17438830435276031,0.20486395061016083,normal
2859,50,ABLATION2_repeated_spike,MOPER_NO_WSHIFT,50,0.0,1,0.09,0.11199999999999999,0.5,0.5,-0.10099999999999999,-0.008047506213188171,0.0022104065865278244,0.04595378786325455,0.033552899956703186,0.06115102767944336,0.0704636499285698,normal
2860,50,ABLATION2_repeated_spike,MOPER_NO_WSHIFT,50,0.0,1,0.09,0.11199999999999999,0.5,0.5,-0.10099999999999999,-0.017601333558559418,0.09479133784770966,0.18108661472797394,0.1369040161371231,0.2310432344675064,0.2698405683040619,normal
2861,50,ABLATION2_repeated_spike,MOPER_NO_WSHIFT,50,0.0,1,0.09,0.11199999999999999,0.5,0.5,-0.10099999999999999,-0.00852592196315527,0.030751077458262444,0.08187701553106308,0.05770224332809448,0.1073666363954544,0.12254959344863892,normal
2862,50,ABLATION2_repeated_spike,MOPER_NO_WSHIFT,50,0.0,1,0.09,0.11199999999999999,0.5,0.5,-0.10099999999999999,-0.026601659134030342,0.1423865109682083,0.18617485463619232,0.13615532219409943,0.23810529708862305,0.27532273530960083,normal
2863,50,ABLATION2_repeated_spike,MOPER_NO_WSHIFT,50,0.0,1,0.09,0.11199999999999999,0.5,0.5,-0.10099999999999999,-0.012733111158013344,0.10441116988658905,0.13455486297607422,0.09933291375637054,0.17095427215099335,0.19869929552078247,normal
2864,50,ABLATION2_repeated_spike,MOPER_NO_WSHIFT,50,0.0,1,0.09,0.11199999999999999,0.5,0.5,-0.10099999999999999,0.006687156390398741,0.002232480328530073,0.042442187666893005,0.02925838530063629,0.05651538074016571,0.06440799683332443,normal
2865,50,ABLATION2_repeated_spike,MOPER_NO_WSHIFT,50,0.0,1,0.09,0.11199999999999999,0.5,0.5,-0.10099999999999999,-0.009653137065470219,0.043585263192653656,0.08609873056411743,0.05935664474964142,0.11287347972393036,0.12812986969947815,normal
2866,50,ABLATION2_repeated_spike,MOPER_NO_WSHIFT,50,0.0,1,0.09,0.11199999999999999,0.5,0.5,-0.10099999999999999,-0.010147479362785816,0.12914195656776428,0.1346958577632904,0.09821568429470062,0.17258241772651672,0.19984586536884308,normal
2867,50,ABLATION2_repeated_spike,MOPER_NO_WSHIFT,50,0.0,1,0.09,0.11199999999999999,0.5,0.5,-0.10099999999999999,-0.009962347336113453,0.08334661275148392,0.13894449174404144,0.10027867555618286,0.18169452250003815,0.20913231372833252,normal
2868,50,ABLATION2_repeated_spike,MOPER_NO_WSHIFT,50,0.0,1,0.09,0.11199999999999999,0.5,0.5,-0.10099999999999999,0.004349969327449799,0.005609939806163311,0.04059774428606033,0.029008984565734863,0.05395980179309845,0.062066227197647095,normal
2869,50,ABLATION2_repeated_spike,MOPER_NO_WSHIFT,50,0.0,1,0.09,0.11199999999999999,0.5,0.5,-0.10099999999999999,-0.03650814667344093,0.0639757364988327,0.0874069333076477,0.06158047914505005,0.1142224371433258,0.1316104531288147,normal
2870,50,ABLATION2_repeated_spike,MOPER_NO_WSHIFT,50,0.0,1,0.09,0.11199999999999999,0.5,0.5,-0.10099999999999999,-1.6296653484459966e-06,0.06367337703704834,0.09830714762210846,0.06906141340732574,0.12755288183689117,0.14527058601379395,normal
2871,50,ABLATION2_repeated_spike,MOPER_NO_WSHIFT,50,0.0,1,0.09,0.11199999999999999,0.5,0.5,-0.10099999999999999,-0.00465392367914319,0.09382304549217224,0.13816596567630768,0.0985875129699707,0.17783679068088531,0.20386645197868347,normal
2872,50,ABLATION2_repeated_spike,MOPER_NO_WSHIFT,50,0.0,1,0.09,0.11199999999999999,0.5,0.5,-0.10099999999999999,-0.01695842482149601,0.12718717753887177,0.15980049967765808,0.10643063485622406,0.2138497680425644,0.24032370746135712,normal
2873,50,ABLATION2_repeated_spike,MOPER_NO_WSHIFT,50,0.0,1,0.09,0.11199999999999999,0.5,0.5,-0.10099999999999999,-0.000733706634491682,0.06696295738220215,0.09256413578987122,0.06299254298210144,0.123136967420578,0.14048872888088226,normal
2874,50,ABLATION2_repeated_spike,MOPER_NO_WSHIFT,50,0.0,1,0.09,0.11199999999999999,0.5,0.5,-0.10099999999999999,-0.01816367357969284,0.12146413326263428,0.17649465799331665,0.12323470413684845,0.23506756126880646,0.26667866110801697,normal
2875,50,ABLATION2_repeated_spike,MOPER_NO_WSHIFT,50,0.0,1,0.09,0.11199999999999999,0.5,0.5,-0.10099999999999999,-0.007897675037384033,0.09701007604598999,0.18213103711605072,0.13238336145877838,0.23683452606201172,0.2743730843067169,normal
2876,50,ABLATION2_repeated_spike,MOPER_NO_WSHIFT,50,0.0,1,0.09,0.11199999999999999,0.5,0.5,-0.10099999999999999,-0.0012737683719024062,0.0743272677063942,0.16662612557411194,0.1228562518954277,0.2145460844039917,0.25079405307769775,normal
2877,50,ABLATION2_repeated_spike,MOPER_NO_WSHIFT,50,0.0,1,0.09,0.11199999999999999,0.5,0.5,-0.10099999999999999,-0.010998662561178207,0.06486299633979797,0.12605850398540497,0.09259777516126633,0.16246502101421356,0.18898269534111023,normal
2878,50,ABLATION2_repeated_spike,MOPER_NO_WSHIFT,50,0.0,1,0.09,0.11199999999999999,0.5,0.5,-0.10099999999999999,-0.013799346052110195,0.10199850797653198,0.17278917133808136,0.1326391100883484,0.21901308000087738,0.2607288658618927,normal
2879,50,ABLATION2_repeated_spike,MOPER_NO_WSHIFT,50,0.0,1,0.09,0.11199999999999999,0.5,0.5,-0.10099999999999999,-0.001357652829028666,0.002401679055765271,0.04533722251653671,0.039072901010513306,0.055521950125694275,0.06977120041847229,normal
2880,50,ABLATION2_repeated_spike,MOPER_NO_WSHIFT,50,0.0,1,0.09,0.11199999999999999,0.5,0.5,-0.10099999999999999,-0.005814692471176386,0.03657453879714012,0.09172570705413818,0.07312188297510147,0.1127905547618866,0.13677853345870972,normal
2881,50,ABLATION2_repeated_spike,MOPER_NO_WSHIFT,50,0.0,1,0.09,0.11199999999999999,0.5,0.5,-0.10099999999999999,-0.00593552365899086,0.06225763261318207,0.1341329962015152,0.1051533967256546,0.16668866574764252,0.20040515065193176,normal
2882,50,ABLATION2_repeated_spike,MOPER_NO_WSHIFT,50,0.0,1,0.09,0.11199999999999999,0.5,0.5,-0.10099999999999999,-0.0003775710938498378,0.027175962924957275,0.09564375877380371,0.07539606094360352,0.1171005368232727,0.14197669923305511,normal
2883,50,ABLATION2_repeated_spike,MOPER_NO_WSHIFT,50,0.0,1,0.09,0.11199999999999999,0.5,0.5,-0.10099999999999999,-0.001378929358907044,0.056779421865940094,0.141751229763031,0.1135891005396843,0.17438143491744995,0.21071891486644745,normal
2884,50,ABLATION2_repeated_spike,MOPER_NO_WSHIFT,50,0.0,1,0.09,0.11199999999999999,0.5,0.5,-0.10099999999999999,-0.005295986775308847,0.0700448676943779,0.15390117466449738,0.12257101386785507,0.18628095090389252,0.22535039484500885,normal
2885,50,ABLATION2_repeated_spike,MOPER_NO_WSHIFT,50,0.0,1,0.09,0.11199999999999999,0.5,0.5,-0.10099999999999999,-0.004862247034907341,0.027875544503331184,0.0979057252407074,0.07664582133293152,0.1225411593914032,0.1457715928554535,normal
2886,50,ABLATION2_repeated_spike,MOPER_NO_WSHIFT,50,0.0,1,0.09,0.11199999999999999,0.5,0.5,-0.10099999999999999,-0.007373949512839317,0.06468692421913147,0.14002108573913574,0.10761268436908722,0.17792867124080658,0.20883841812610626,normal
2887,50,ABLATION2_repeated_spike,MOPER_NO_WSHIFT,50,0.0,1,0.09,0.11199999999999999,0.5,0.5,-0.10099999999999999,-0.000742696865927428,0.031236417591571808,0.08968447893857956,0.06570179760456085,0.11614558100700378,0.13386759161949158,normal
2888,50,ABLATION2_repeated_spike,MOPER_NO_WSHIFT,50,0.0,1,0.09,0.11199999999999999,0.5,0.5,-0.10099999999999999,0.0007413013372570276,0.0015352251939475536,0.04068712145090103,0.028976604342460632,0.05600142478942871,0.06375756859779358,normal
2889,50,ABLATION2_repeated_spike,MOPER_NO_WSHIFT,50,0.0,1,0.09,0.11199999999999999,0.5,0.5,-0.10099999999999999,-1.6209037312364671e-06,0.0014700965257361531,0.03686429560184479,0.02365747094154358,0.0501081645488739,0.055479250848293304,normal
2890,50,ABLATION2_repeated_spike,MOPER_NO_WSHIFT,50,0.0,1,0.09,0.11199999999999999,0.5,0.5,-0.10099999999999999,-0.013674923218786716,0.03778012841939926,0.09526222944259644,0.06886698305606842,0.1232454925775528,0.1428648680448532,normal
2891,50,ABLATION2_repeated_spike,MOPER_NO_WSHIFT,50,0.0,1,0.09,0.11199999999999999,0.5,0.5,-0.10099999999999999,-0.03409816697239876,0.11006494611501694,0.1343090981245041,0.09908342361450195,0.17192408442497253,0.19985303282737732,normal
2892,50,ABLATION2_repeated_spike,MOPER_NO_WSHIFT,50,0.0,1,0.09,0.11199999999999999,0.5,0.5,-0.10099999999999999,-0.008546019904315472,0.04985736310482025,0.08728309720754623,0.06183263659477234,0.11276637017726898,0.12963363528251648,normal
2893,50,ABLATION2_repeated_spike,MOPER_NO_WSHIFT,50,0.0,1,0.09,0.11199999999999999,0.5,0.5,-0.10099999999999999,-0.002943902276456356,0.13747668266296387,0.23782207071781158,0.1765305995941162,0.299480676651001,0.348358690738678,normal
2894,50,ABLATION2_repeated_spike,MOPER_NO_WSHIFT,50,0.0,1,0.09,0.11199999999999999,0.5,0.5,-0.10099999999999999,-1.818473833736789e-06,0.18755993247032166,0.26035240292549133,0.19625280797481537,0.3244519829750061,0.37963783740997314,normal
2895,50,ABLATION2_repeated_spike,MOPER_NO_WSHIFT,50,0.0,1,0.09,0.11199999999999999,0.5,0.5,-0.10099999999999999,-0.002922506770119071,0.0008939813706092536,0.03247908502817154,0.020501717925071716,0.04487445950508118,0.04946788027882576,normal
2896,50,ABLATION2_repeated_spike,MOPER_NO_WSHIFT,50,0.0,1,0.09,0.11199999999999999,0.5,0.5,-0.10099999999999999,-0.00517629086971283,0.16043081879615784,0.18214336037635803,0.1313200294971466,0.23431602120399475,0.26991578936576843,normal
2897,50,ABLATION2_repeated_spike,MOPER_NO_WSHIFT,50,0.0,1,0.09,0.11199999999999999,0.5,0.5,-0.10099999999999999,-0.0027219473849982023,0.09317880123853683,0.1831204891204834,0.13034723699092865,0.23635779321193695,0.2705686390399933,normal
2898,50,ABLATION2_repeated_spike,MOPER_NO_WSHIFT,50,0.0,1,0.09,0.11199999999999999,0.5,0.5,-0.10099999999999999,-0.02537919580936432,0.05363001301884651,0.09280473738908768,0.06602518260478973,0.12138915061950684,0.1395728886127472,normal
2899,50,ABLATION2_repeated_spike,MOPER_NO_WSHIFT,50,0.0,1,0.09,0.11199999999999999,0.5,0.5,-0.10099999999999999,-0.012690729461610317,0.029621325433254242,0.0839492455124855,0.0603175163269043,0.11316345632076263,0.13012157380580902,normal
2900,50,ABLATION2_repeated_spike,MOPER_NO_WSHIFT,50,0.0,1,0.09,0.11199999999999999,0.5,0.5,-0.10099999999999999,-0.018588591367006302,0.04506881162524223,0.08645512908697128,0.06216926872730255,0.11438778042793274,0.1314501017332077,normal
2901,50,ABLATION2_repeated_spike,MOPER_NO_WSHIFT,50,0.0,1,0.09,0.11199999999999999,0.5,0.5,-0.10099999999999999,-0.0026673353277146816,0.0419762097299099,0.08460577577352524,0.06131094694137573,0.11057879030704498,0.1272694170475006,normal
2902,50,ABLATION2_repeated_spike,MOPER_NO_WSHIFT,50,0.0,1,0.09,0.11199999999999999,0.5,0.5,-0.10099999999999999,-0.01277230679988861,0.07894451171159744,0.13186481595039368,0.0987723171710968,0.17213155329227448,0.19985517859458923,normal
2903,50,ABLATION2_repeated_spike,MOPER_NO_WSHIFT,50,0.0,1,0.09,0.11199999999999999,0.5,0.5,-0.10099999999999999,-0.006187493912875652,0.0436394102871418,0.08302830904722214,0.06535764038562775,0.1055499017238617,0.12652473151683807,normal
2904,50,ABLATION2_repeated_spike,MOPER_NO_WSHIFT,50,0.0,1,0.09,0.11199999999999999,0.5,0.5,-0.10099999999999999,-0.006722229532897472,0.026462523266673088,0.09132794290781021,0.06840179860591888,0.11566880345344543,0.13520264625549316,normal
2905,50,ABLATION2_repeated_spike,MOPER_NO_WSHIFT,50,0.0,1,0.09,0.11199999999999999,0.5,0.5,-0.10099999999999999,0.0060583921149373055,0.12903587520122528,0.23491203784942627,0.1771446168422699,0.2945680320262909,0.3475964367389679,normal
2906,50,ABLATION2_repeated_spike,MOPER_NO_WSHIFT,50,0.0,1,0.09,0.11199999999999999,0.5,0.5,-0.10099999999999999,-1.8679718323255656e-06,0.06669387966394424,0.1279841661453247,0.09358613193035126,0.16268037259578705,0.18855944275856018,normal
2907,50,ABLATION2_repeated_spike,MOPER_NO_WSHIFT,50,0.0,1,0.09,0.11199999999999999,0.5,0.5,-0.10099999999999999,-0.016733212396502495,0.04365398362278938,0.0834636315703392,0.06245039403438568,0.10580998659133911,0.1254410296678543,normal
2908,50,ABLATION2_repeated_spike,MOPER_NO_WSHIFT,50,0.0,1,0.09,0.11199999999999999,0.5,0.5,-0.10099999999999999,-0.006954892072826624,0.07858485728502274,0.14910529553890228,0.11377087235450745,0.18763135373592377,0.2209949940443039,normal
2909,50,ABLATION2_repeated_spike,MOPER_NO_WSHIFT,50,0.0,1,0.09,0.11199999999999999,0.5,0.5,-0.10099999999999999,-0.0171706210821867,0.0013560086954385042,0.03639548271894455,0.027146071195602417,0.05018053948879242,0.05865199491381645,normal
2910,50,ABLATION2_repeated_spike,MOPER_NO_WSHIFT,50,0.0,1,0.09,0.11199999999999999,0.5,0.5,-0.10099999999999999,-0.01839333027601242,0.09681909531354904,0.1430131047964096,0.10139091312885284,0.18602268397808075,0.21337544918060303,normal
2911,50,ABLATION2_repeated_spike,MOPER_NO_WSHIFT,50,0.0,1,0.09,0.11199999999999999,0.5,0.5,-0.10099999999999999,-1.7505863070255145e-06,0.07952398806810379,0.18915656208992004,0.1378868669271469,0.24042625725269318,0.27752065658569336,normal
2912,50,ABLATION2_repeated_spike,MOPER_NO_WSHIFT,50,0.0,1,0.09,0.11199999999999999,0.5,0.5,-0.10099999999999999,-0.012170538306236267,0.03814058005809784,0.08606608957052231,0.06009547412395477,0.11245179176330566,0.12817905843257904,normal
2913,50,ABLATION2_repeated_spike,MOPER_NO_WSHIFT,50,0.0,1,0.09,0.11199999999999999,0.5,0.5,-0.10099999999999999,-0.024869045242667198,0.15422888100147247,0.18937063217163086,0.13874834775924683,0.24058561027050018,0.2793910801410675,normal
2914,50,ABLATION2_repeated_spike,MOPER_NO_WSHIFT,50,0.0,1,0.09,0.11199999999999999,0.5,0.5,-0.10099999999999999,-0.010028799064457417,0.0640626847743988,0.13509327173233032,0.09595216810703278,0.17452473938465118,0.199889674782753,normal
2915,50,ABLATION2_repeated_spike,MOPER_NO_WSHIFT,50,0.0,1,0.09,0.11199999999999999,0.5,0.5,-0.10099999999999999,-0.019917769357562065,0.043402012437582016,0.09054922312498093,0.06405974924564362,0.11810463666915894,0.1354905068874359,normal
2916,50,ABLATION2_repeated_spike,MOPER_NO_WSHIFT,50,0.0,1,0.09,0.11199999999999999,0.5,0.5,-0.10099999999999999,-0.03280248865485191,0.1508721560239792,0.19248396158218384,0.13867609202861786,0.24680641293525696,0.2845805585384369,normal
2917,50,ABLATION2_repeated_spike,MOPER_NO_WSHIFT,50,0.0,1,0.09,0.11199999999999999,0.5,0.5,-0.10099999999999999,-0.006456802133470774,0.10136770457029343,0.12799763679504395,0.09105347096920013,0.16505587100982666,0.18887579441070557,normal
2918,50,ABLATION2_repeated_spike,MOPER_NO_WSHIFT,50,0.0,1,0.09,0.11199999999999999,0.5,0.5,-0.10099999999999999,-0.009253689087927341,0.06559102237224579,0.14180812239646912,0.10062338411808014,0.18332642316818237,0.20988938212394714,normal
2919,50,ABLATION2_repeated_spike,MOPER_NO_WSHIFT,50,0.0,1,0.09,0.11199999999999999,0.5,0.5,-0.10099999999999999,-0.009048107080161572,0.037142131477594376,0.08764035254716873,0.060983940958976746,0.11474195122718811,0.1305956244468689,normal
2920,50,ABLATION2_repeated_spike,MOPER_NO_WSHIFT,50,0.0,1,0.09,0.11199999999999999,0.5,0.5,-0.10099999999999999,-1.5579564660583856e-06,0.047096844762563705,0.08490829169750214,0.060181617736816406,0.11012643575668335,0.12581376731395721,normal
2921,50,ABLATION2_repeated_spike,MOPER_NO_WSHIFT,50,0.0,1,0.09,0.11199999999999999,0.5,0.5,-0.10099999999999999,-0.007216368801891804,0.10326314717531204,0.14040742814540863,0.10008935630321503,0.18232351541519165,0.20969215035438538,normal
2922,50,ABLATION2_repeated_spike,MOPER_NO_WSHIFT,50,0.0,1,0.09,0.11199999999999999,0.5,0.5,-0.10099999999999999,-0.01567692495882511,0.11043848842382431,0.1853991597890854,0.13872824609279633,0.23495392501354218,0.2743695080280304,normal
2923,50,ABLATION2_repeated_spike,MOPER_NO_WSHIFT,50,0.0,1,0.09,0.11199999999999999,0.5,0.5,-0.10099999999999999,-1.6947144558798755e-06,0.0776396244764328,0.13017120957374573,0.0972120612859726,0.16469711065292358,0.19252100586891174,normal
2924,50,ABLATION2_repeated_spike,MOPER_NO_WSHIFT,50,0.0,1,0.09,0.11199999999999999,0.5,0.5,-0.10099999999999999,-0.006985666695982218,0.07990935444831848,0.17784494161605835,0.13413283228874207,0.22436365485191345,0.26316675543785095,normal
2925,50,ABLATION2_repeated_spike,MOPER_NO_WSHIFT,50,0.0,1,0.09,0.11199999999999999,0.5,0.5,-0.10099999999999999,-0.006125951185822487,0.040780700743198395,0.09891236573457718,0.07661160826683044,0.12370498478412628,0.1473480761051178,normal
2926,50,ABLATION2_repeated_spike,MOPER_NO_WSHIFT,50,0.0,1,0.09,0.11199999999999999,0.5,0.5,-0.10099999999999999,-0.0018944970797747374,0.031772688031196594,0.09745050966739655,0.07292168587446213,0.12331973016262054,0.14397303760051727,normal
2927,50,ABLATION2_repeated_spike,MOPER_NO_WSHIFT,50,0.0,1,0.09,0.11199999999999999,0.5,0.5,-0.10099999999999999,-0.021805575117468834,0.00392504408955574,0.04907149821519852,0.04059572517871857,0.06369438767433167,0.07744099944829941,normal
2928,50,ABLATION2_repeated_spike,MOPER_NO_WSHIFT,50,0.0,1,0.09,0.11199999999999999,0.5,0.5,-0.10099999999999999,-0.01319937501102686,0.049294233322143555,0.09448521584272385,0.07422168552875519,0.1174638569355011,0.1414492428302765,normal
2929,50,ABLATION2_repeated_spike,MOPER_NO_WSHIFT,50,0.0,1,0.09,0.11199999999999999,0.5,0.5,-0.10099999999999999,-0.012932086363434792,0.08805610984563828,0.1664419174194336,0.120229572057724,0.2165812849998474,0.24877044558525085,normal
2930,50,ABLATION2_repeated_spike,MOPER_NO_WSHIFT,50,0.0,1,0.09,0.11199999999999999,0.5,0.5,-0.10099999999999999,-0.013697318732738495,0.0972101092338562,0.14819194376468658,0.11539053916931152,0.18418444693088531,0.21952305734157562,normal
2931,50,ABLATION2_repeated_spike,MOPER_NO_WSHIFT,50,0.0,1,0.09,0.11199999999999999,0.5,0.5,-0.10099999999999999,-0.008441530168056488,0.04024167358875275,0.0876094326376915,0.06383456289768219,0.11291065812110901,0.13012173771858215,normal
2932,50,ABLATION2_repeated_spike,MOPER_NO_WSHIFT,50,0.0,1,0.09,0.11199999999999999,0.5,0.5,-0.10099999999999999,-0.024949653074145317,0.06726133823394775,0.12838214635849,0.09287594258785248,0.1673848032951355,0.1933559775352478,normal
2933,50,ABLATION2_repeated_spike,MOPER_NO_WSHIFT,50,0.0,1,0.09,0.11199999999999999,0.5,0.5,-0.10099999999999999,-1.9745848476304673e-06,0.09563928842544556,0.12480269372463226,0.09007443487644196,0.15953095257282257,0.18344707787036896,normal
2934,50,ABLATION2_repeated_spike,MOPER_NO_WSHIFT,50,0.0,1,0.09,0.11199999999999999,0.5,0.5,-0.10099999999999999,-0.009853261522948742,0.03195104002952576,0.08686790615320206,0.06343354284763336,0.11118170619010925,0.12950709462165833,normal
2935,50,ABLATION2_repeated_spike,MOPER_NO_WSHIFT,50,0.0,1,0.09,0.11199999999999999,0.5,0.5,-0.10099999999999999,-0.00866616703569889,0.0697297528386116,0.12917718291282654,0.09334962069988251,0.1662188172340393,0.19113217294216156,normal
2936,50,ABLATION2_repeated_spike,MOPER_NO_WSHIFT,50,0.0,1,0.09,0.11199999999999999,0.5,0.5,-0.10099999999999999,-0.0230086799710989,0.04769076034426689,0.08798174560070038,0.06180219352245331,0.11687304079532623,0.13300791382789612,normal
2937,50,ABLATION2_repeated_spike,MOPER_NO_WSHIFT,50,0.0,1,0.09,0.11199999999999999,0.5,0.5,-0.10099999999999999,-0.016242405399680138,0.11290092766284943,0.13871991634368896,0.10026927292346954,0.17754074931144714,0.20478318631649017,normal
2938,50,ABLATION2_repeated_spike,MOPER_NO_WSHIFT,50,0.0,1,0.09,0.11199999999999999,0.5,0.5,-0.10099999999999999,-0.006641399580985308,0.04831092059612274,0.08294905722141266,0.05734121799468994,0.10855689644813538,0.12338805198669434,normal
2939,50,ABLATION2_repeated_spike,MOPER_NO_WSHIFT,50,0.0,1,0.09,0.11199999999999999,0.5,0.5,-0.10099999999999999,-0.027945242822170258,0.07594489306211472,0.13462543487548828,0.0935463160276413,0.17616309225559235,0.20067031681537628,normal
2940,50,ABLATION2_repeated_spike,MOPER_NO_WSHIFT,50,0.0,1,0.09,0.11199999999999999,0.5,0.5,-0.10099999999999999,-1.4485308383882511e-06,0.08150391280651093,0.1519290804862976,0.11424355208873749,0.18961460888385773,0.22187849879264832,normal
2941,50,ABLATION2_repeated_spike,MOPER_NO_WSHIFT,50,0.0,1,0.09,0.11199999999999999,0.5,0.5,-0.10099999999999999,-1.4824079244135646e-06,0.0008179625729098916,0.03170415759086609,0.02077782154083252,0.04263049364089966,0.047533243894577026,normal
2942,50,ABLATION2_repeated_spike,MOPER_NO_WSHIFT,50,0.0,1,0.09,0.11199999999999999,0.5,0.5,-0.10099999999999999,-1.6904995163713465e-06,0.10399863123893738,0.14262917637825012,0.10232067108154297,0.18293769657611847,0.20989441871643066,normal
2943,50,ABLATION2_repeated_spike,MOPER_NO_WSHIFT,50,0.0,1,0.09,0.11199999999999999,0.5,0.5,-0.10099999999999999,-1.7386751096637454e-06,0.053363922983407974,0.08618221431970596,0.06079524755477905,0.11156918108463287,0.1274271011352539,normal
2944,50,ABLATION2_repeated_spike,MOPER_NO_WSHIFT,50,0.0,1,0.09,0.11199999999999999,0.5,0.5,-0.10099999999999999,-1.5522966805292526e-06,0.07279055565595627,0.14595526456832886,0.10697109997272491,0.184939444065094,0.2139727920293808,normal
2945,50,ABLATION2_repeated_spike,MOPER_NO_WSHIFT,50,0.0,1,0.09,0.11199999999999999,0.5,0.5,-0.10099999999999999,-0.023615306243300438,0.12172576785087585,0.18620096147060394,0.133775994181633,0.2386259287595749,0.27469971776008606,normal
2946,50,ABLATION2_repeated_spike,MOPER_NO_WSHIFT,50,0.0,1,0.09,0.11199999999999999,0.5,0.5,-0.10099999999999999,-0.03939519077539444,0.16094711422920227,0.20335495471954346,0.14379443228244781,0.2629154622554779,0.30102109909057617,normal
2947,50,ABLATION2_repeated_spike,MOPER_NO_WSHIFT,50,0.0,1,0.09,0.11199999999999999,0.5,0.5,-0.10099999999999999,-0.018268432468175888,0.09881956875324249,0.14224021136760712,0.10313113033771515,0.18134929239749908,0.20977839827537537,normal
2948,50,ABLATION2_repeated_spike,MOPER_NO_WSHIFT,50,0.0,1,0.09,0.11199999999999999,0.5,0.5,-0.10099999999999999,-0.011382740922272205,0.03800960257649422,0.08788423985242844,0.060027480125427246,0.11574099957942963,0.13119319081306458,normal
2949,50,ABLATION2_repeated_spike,MOPER_NO_WSHIFT,50,0.0,1,0.09,0.11199999999999999,0.5,0.5,-0.10099999999999999,-0.00548866530880332,0.04454050213098526,0.09818800538778305,0.07033044099807739,0.1260455697774887,0.1455635130405426,normal
2950,50,ABLATION2_repeated_spike,MOPER_NO_WSHIFT,50,0.0,1,0.09,0.11199999999999999,0.5,0.5,-0.10099999999999999,-0.008696256205439568,0.058099254965782166,0.12970516085624695,0.09326900541782379,0.16725578904151917,0.192416250705719,normal
2951,50,ABLATION2_repeated_spike,MOPER_NO_WSHIFT,50,0.0,1,0.09,0.11199999999999999,0.5,0.5,-0.10099999999999999,-0.02564595453441143,0.06143815442919731,0.1381460428237915,0.09795276820659637,0.1808711439371109,0.2074689269065857,normal
2952,50,ABLATION2_repeated_spike,MOPER_NO_WSHIFT,50,0.0,1,0.09,0.11199999999999999,0.5,0.5,-0.10099999999999999,-1.634177010600979e-06,0.09728545695543289,0.14225135743618011,0.10464654862880707,0.17985615134239197,0.20888583362102509,normal
2953,50,ABLATION2_repeated_spike,MOPER_NO_WSHIFT,50,0.0,1,0.09,0.11199999999999999,0.5,0.5,-0.10099999999999999,-0.01111552119255066,0.0019487179815769196,0.04194370657205582,0.02951332926750183,0.05452550947666168,0.06291849166154861,normal
2954,50,ABLATION2_repeated_spike,MOPER_NO_WSHIFT,50,0.0,1,0.09,0.11199999999999999,0.5,0.5,-0.10099999999999999,-0.011571205221116543,0.08144135773181915,0.12395109236240387,0.08899541199207306,0.15901489555835724,0.18331964313983917,normal
2955,50,ABLATION2_repeated_spike,MOPER_NO_WSHIFT,50,0.0,1,0.09,0.11199999999999999,0.5,0.5,-0.10099999999999999,-0.01967390440404415,0.0045120627619326115,0.04933585971593857,0.033486172556877136,0.06625795364379883,0.07580102235078812,normal
2956,50,ABLATION2_repeated_spike,MOPER_NO_WSHIFT,50,0.0,1,0.09,0.11199999999999999,0.5,0.5,-0.10099999999999999,-0.027441691607236862,0.10054956376552582,0.13835322856903076,0.09680613875389099,0.18016526103019714,0.20569643378257751,normal
2957,50,ABLATION2_repeated_spike,MOPER_NO_WSHIFT,50,0.0,1,0.09,0.11199999999999999,0.5,0.5,-0.10099999999999999,-0.005018281284719706,0.1412748098373413,0.22483696043491364,0.1631193608045578,0.2865545153617859,0.3301985263824463,normal
2958,50,ABLATION2_repeated_spike,MOPER_NO_WSHIFT,50,0.0,1,0.09,0.11199999999999999,0.5,0.5,-0.10099999999999999,-0.006195653695613146,0.05318542942404747,0.0900564044713974,0.06452016532421112,0.11559264361858368,0.132883220911026,normal
2959,50,ABLATION2_repeated_spike,MOPER_NO_WSHIFT,50,0.0,1,0.09,0.11199999999999999,0.5,0.5,-0.10099999999999999,-0.005371446721255779,0.07788565754890442,0.12641286849975586,0.08880087733268738,0.16406658291816711,0.1869596540927887,normal
2960,50,ABLATION2_repeated_spike,MOPER_NO_WSHIFT,50,0.0,1,0.09,0.11199999999999999,0.5,0.5,-0.10099999999999999,-0.028254106640815735,0.09879438579082489,0.18456684052944183,0.133003830909729,0.23738090693950653,0.2735423147678375,normal
2961,50,ABLATION2_repeated_spike,MOPER_NO_WSHIFT,50,0.0,1,0.09,0.11199999999999999,0.5,0.5,-0.10099999999999999,-0.015623295679688454,0.0018684766255319118,0.04315759241580963,0.027035877108573914,0.06050296127796173,0.06685398519039154,normal
2962,50,ABLATION2_repeated_spike,MOPER_NO_WSHIFT,50,0.0,1,0.09,0.11199999999999999,0.5,0.5,-0.10099999999999999,-0.024294473230838776,0.0507427342236042,0.09047270566225052,0.06441687047481537,0.11780136823654175,0.1350950300693512,normal
2963,50,ABLATION2_repeated_spike,MOPER_NO_WSHIFT,50,0.0,1,0.09,0.11199999999999999,0.5,0.5,-0.10099999999999999,-0.030631329864263535,0.15326285362243652,0.1850619912147522,0.13489088416099548,0.23819129168987274,0.27493661642074585,normal
2964,50,ABLATION2_repeated_spike,MOPER_NO_WSHIFT,50,0.0,1,0.09,0.11199999999999999,0.5,0.5,-0.10099999999999999,-0.0339105948805809,0.1477336883544922,0.18659436702728271,0.13538652658462524,0.24023957550525665,0.27695977687835693,normal
2965,50,ABLATION2_repeated_spike,MOPER_NO_WSHIFT,50,0.0,1,0.09,0.11199999999999999,0.5,0.5,-0.10099999999999999,-0.006364662665873766,0.06527344137430191,0.1333010494709015,0.09985987842082977,0.1686801165342331,0.19795037806034088,normal
2966,50,ABLATION2_repeated_spike,MOPER_NO_WSHIFT,50,0.0,1,0.09,0.11199999999999999,0.5,0.5,-0.10099999999999999,-0.013591711409389973,0.08036348968744278,0.1365167796611786,0.10168921947479248,0.1742006093263626,0.20340627431869507,normal
2967,50,ABLATION2_repeated_spike,MOPER_NO_WSHIFT,50,0.0,1,0.09,0.11199999999999999,0.5,0.5,-0.10099999999999999,-0.012102638371288776,0.006958030629903078,0.05708804726600647,0.047878697514534,0.06875510513782501,0.0853482186794281,normal
2968,50,ABLATION2_repeated_spike,MOPER_NO_WSHIFT,50,0.0,1,0.09,0.11199999999999999,0.5,0.5,-0.10099999999999999,-0.01863895356655121,0.11782927066087723,0.18140439689159393,0.13621848821640015,0.22966910898685455,0.2699059247970581,normal
2969,50,ABLATION2_repeated_spike,MOPER_NO_WSHIFT,50,0.0,1,0.09,0.11199999999999999,0.5,0.5,-0.10099999999999999,-0.0027230754494667053,0.005900702439248562,0.05917876213788986,0.048518046736717224,0.07202893495559692,0.08770962059497833,normal
2970,50,ABLATION2_repeated_spike,MOPER_NO_WSHIFT,50,0.0,1,0.09,0.11199999999999999,0.5,0.5,-0.10099999999999999,-0.0032199809793382883,0.03707500174641609,0.08806224912405014,0.06461501121520996,0.11220885813236237,0.12979860603809357,normal
2971,50,ABLATION2_repeated_spike,MOPER_NO_WSHIFT,50,0.0,1,0.09,0.11199999999999999,0.5,0.5,-0.10099999999999999,-0.018308626487851143,0.03965092822909355,0.08271441608667374,0.05985000729560852,0.1085229367017746,0.12496539950370789,normal
2972,50,ABLATION2_repeated_spike,MOPER_NO_WSHIFT,50,0.0,1,0.09,0.11199999999999999,0.5,0.5,-0.10099999999999999,-0.011887247674167156,0.08387661725282669,0.1427774280309677,0.10761059075593948,0.1799568384885788,0.2115831971168518,normal
2973,50,ABLATION2_repeated_spike,MOPER_NO_WSHIFT,50,0.0,1,0.09,0.11199999999999999,0.5,0.5,-0.10099999999999999,-1.0996994888046174e-06,0.08715856075286865,0.12933236360549927,0.09389398992061615,0.16477075219154358,0.18989387154579163,normal
2974,50,ABLATION2_repeated_spike,MOPER_NO_WSHIFT,50,0.0,1,0.09,0.11199999999999999,0.5,0.5,-0.10099999999999999,0.01055661030113697,0.04672905057668686,0.08792819082736969,0.0634751170873642,0.11335121095180511,0.13085898756980896,normal
2975,50,ABLATION2_repeated_spike,MOPER_NO_WSHIFT,50,0.0,1,0.09,0.11199999999999999,0.5,0.5,-0.10099999999999999,-0.013778908178210258,0.0361153781414032,0.09545337408781052,0.06885124742984772,0.12332764267921448,0.1420067548751831,normal
2976,50,ABLATION2_repeated_spike,MOPER_NO_WSHIFT,50,0.0,1,0.09,0.11199999999999999,0.5,0.5,-0.10099999999999999,-0.013554640114307404,0.003921493887901306,0.05857986956834793,0.04313625395298004,0.0748782753944397,0.08856092393398285,normal
2977,50,ABLATION2_repeated_spike,MOPER_NO_WSHIFT,50,0.0,1,0.09,0.11199999999999999,0.5,0.5,-0.10099999999999999,-0.004587532486766577,0.04701032489538193,0.08303476870059967,0.058033958077430725,0.1081722229719162,0.12328949570655823,normal
2978,50,ABLATION2_repeated_spike,MOPER_NO_WSHIFT,50,0.0,1,0.09,0.11199999999999999,0.5,0.5,-0.10099999999999999,-0.012273885309696198,0.12159428745508194,0.15046189725399017,0.11103305220603943,0.1898907572031021,0.2216043472290039,normal
2979,50,ABLATION2_repeated_spike,MOPER_NO_WSHIFT,50,0.0,1,0.09,0.11199999999999999,0.5,0.5,-0.10099999999999999,-0.038194894790649414,0.06171942502260208,0.08919670432806015,0.06023320555686951,0.1181602030992508,0.1338336169719696,normal
2980,50,ABLATION2_repeated_spike,MOPER_NO_WSHIFT,50,0.0,1,0.09,0.11199999999999999,0.5,0.5,-0.10099999999999999,-0.01005199272185564,0.0015032119117677212,0.03402736783027649,0.02142314612865448,0.0466315895318985,0.05182202160358429,normal
2981,50,ABLATION2_repeated_spike,MOPER_NO_WSHIFT,50,0.0,1,0.09,0.11199999999999999,0.5,0.5,-0.10099999999999999,-0.02514100819826126,0.0027909036725759506,0.039982378482818604,0.02543926239013672,0.05452549457550049,0.061054788529872894,normal
2982,50,ABLATION2_repeated_spike,MOPER_NO_WSHIFT,50,0.0,1,0.09,0.11199999999999999,0.5,0.5,-0.10099999999999999,-0.0221765898168087,0.06528687477111816,0.08918682485818863,0.06348265707492828,0.11614486575126648,0.1334814876317978,normal
2983,50,ABLATION2_repeated_spike,MOPER_NO_WSHIFT,50,0.0,1,0.09,0.11199999999999999,0.5,0.5,-0.10099999999999999,-0.03850163519382477,0.06537352502346039,0.08575807511806488,0.05935443937778473,0.11297418177127838,0.12853142619132996,normal
2984,50,ABLATION2_repeated_spike,MOPER_NO_WSHIFT,50,0.0,1,0.09,0.11199999999999999,0.5,0.5,-0.10099999999999999,-0.012780013494193554,0.06629088521003723,0.09334848821163177,0.06590811908245087,0.12078885734081268,0.13821843266487122,normal
2985,50,ABLATION2_repeated_spike,MOPER_NO_WSHIFT,50,0.0,1,0.09,0.11199999999999999,0.5,0.5,-0.10099999999999999,0.005757132079452276,0.08717036992311478,0.13730940222740173,0.09902365505695343,0.17559516429901123,0.20255446434020996,normal
2986,50,ABLATION2_repeated_spike,MOPER_NO_WSHIFT,50,0.0,1,0.09,0.11199999999999999,0.5,0.5,-0.10099999999999999,-0.02873595617711544,0.05206305533647537,0.09434147924184799,0.06642508506774902,0.12225787341594696,0.14136812090873718,normal
2987,50,ABLATION2_repeated_spike,MOPER_NO_WSHIFT,50,0.0,1,0.09,0.11199999999999999,0.5,0.5,-0.10099999999999999,-0.005027070641517639,0.0013360038865357637,0.037322767078876495,0.02258358895778656,0.05206194519996643,0.05718710273504257,normal
2988,50,ABLATION2_repeated_spike,MOPER_NO_WSHIFT,50,0.0,1,0.09,0.11199999999999999,0.5,0.5,-0.10099999999999999,-0.010047059506177902,0.1503320038318634,0.17797096073627472,0.1291709542274475,0.2273598164319992,0.2629392147064209,normal
2989,50,ABLATION2_repeated_spike,MOPER_NO_WSHIFT,50,0.0,1,0.09,0.11199999999999999,0.5,0.5,-0.10099999999999999,-0.005803961306810379,0.09665801376104355,0.1990191638469696,0.14287807047367096,0.2557995021343231,0.2942742705345154,normal
2990,50,ABLATION2_repeated_spike,MOPER_NO_WSHIFT,50,0.0,1,0.09,0.11199999999999999,0.5,0.5,-0.10099999999999999,-0.01849537529051304,0.0014353117439895868,0.034310221672058105,0.021890446543693542,0.046754077076911926,0.05230510234832764,normal
2991,50,ABLATION2_repeated_spike,MOPER_NO_WSHIFT,50,0.0,1,0.09,0.11199999999999999,0.5,0.5,-0.10099999999999999,-0.0059747109189629555,0.13512437045574188,0.18379393219947815,0.13386213779449463,0.23377306759357452,0.27023640275001526,normal
2992,50,ABLATION2_repeated_spike,MOPER_NO_WSHIFT,50,0.0,1,0.09,0.11199999999999999,0.5,0.5,-0.10099999999999999,-0.0175729189068079,0.03864700719714165,0.0813036561012268,0.05525718629360199,0.10744298994541168,0.12188462913036346,normal
2993,50,ABLATION2_repeated_spike,MOPER_NO_WSHIFT,50,0.0,1,0.09,0.11199999999999999,0.5,0.5,-0.10099999999999999,-0.006507914047688246,0.04466979578137398,0.13815215229988098,0.1056700199842453,0.17245842516422272,0.20627567172050476,normal
2994,50,ABLATION2_repeated_spike,MOPER_NO_WSHIFT,50,0.0,1,0.09,0.11199999999999999,0.5,0.5,-0.10099999999999999,-0.01728021912276745,0.05988939106464386,0.128890261054039,0.09305861592292786,0.16726189851760864,0.1929868757724762,normal
2995,50,ABLATION2_repeated_spike,MOPER_NO_WSHIFT,50,0.0,1,0.09,0.11199999999999999,0.5,0.5,-0.10099999999999999,-0.01695185713469982,0.1256309151649475,0.18532216548919678,0.13543440401554108,0.23590388894081116,0.2729981243610382,normal
2996,50,ABLATION2_repeated_spike,MOPER_NO_WSHIFT,50,0.0,1,0.09,0.11199999999999999,0.5,0.5,-0.10099999999999999,-0.005308105144649744,0.12295634299516678,0.17027485370635986,0.12326544523239136,0.21752750873565674,0.2503912150859833,normal
2997,50,ABLATION2_repeated_spike,MOPER_NO_WSHIFT,50,0.0,1,0.09,0.11199999999999999,0.5,0.5,-0.10099999999999999,-0.026579737663269043,0.004707617685198784,0.06083071231842041,0.04438568651676178,0.07848180830478668,0.09234357625246048,normal
2998,50,ABLATION2_repeated_spike,MOPER_NO_WSHIFT,50,0.0,1,0.09,0.11199999999999999,0.5,0.5,-0.10099999999999999,-1.1428244306443958e-06,0.047143157571554184,0.08395513147115707,0.06153634190559387,0.10735683143138885,0.12430524080991745,normal
2999,50,ABLATION2_repeated_spike,MOPER_NO_WSHIFT,50,0.0,1,0.09,0.11199999999999999,0.5,0.5,-0.10099999999999999,-0.006012649275362492,0.04265009984374046,0.07894419133663177,0.05460214614868164,0.1034441590309143,0.11722816526889801,normal
