timestep,seed,scenario,agent,workload_level,queue_avg,action,selected_latency_s,selected_energy_j,latency_weight,energy_weight,reward,actor_loss,critic_loss,td_error,td_lat,td_eng,replay_priority,phase
0,10,scenario1_stationary,moper,50,4.0,1,0.09145454545454544,0.11316363636363636,0.5,0.5,-0.1023090909090909,,,,,,,normal
1,10,scenario1_stationary,moper,50,0.0,1,0.09,0.11199999999999999,0.5,0.5,-0.10099999999999999,,,,,,,normal
2,10,scenario1_stationary,moper,50,0.0,1,0.09,0.11199999999999999,0.5,0.5,-0.10099999999999999,,,,,,,normal
3,10,scenario1_stationary,moper,50,0.0,1,0.09,0.11199999999999999,0.5,0.5,-0.10099999999999999,,,,,,,normal
4,10,scenario1_stationary,moper,50,1.0,0,0.060625,0.197,0.5,0.5,-0.1288125,,,,,,,normal
5,10,scenario1_stationary,moper,50,0.0,1,0.09,0.11199999999999999,0.5,0.5,-0.10099999999999999,,,,,,,normal
6,10,scenario1_stationary,moper,50,1.0,0,0.060625,0.197,0.5,0.5,-0.1288125,,,,,,,normal
7,10,scenario1_stationary,moper,50,1.9000000000000004,0,0.0611875,0.19790000000000002,0.5,0.5,-0.12954375,,,,,,,normal
8,10,scenario1_stationary,moper,50,2.710000000000001,0,0.061693750000000006,0.19871000000000003,0.5,0.5,-0.13020187500000002,,,,,,,normal
9,10,scenario1_stationary,moper,50,0.0,1,0.09,0.11199999999999999,0.5,0.5,-0.10099999999999999,,,,,,,normal
10,10,scenario1_stationary,moper,50,1.0,0,0.060625,0.197,0.5,0.5,-0.1288125,,,,,,,normal
11,10,scenario1_stationary,moper,50,0.0,1,0.09,0.11199999999999999,0.5,0.5,-0.10099999999999999,,,,,,,normal
12,10,scenario1_stationary,moper,50,0.0,1,0.09,0.11199999999999999,0.5,0.5,-0.10099999999999999,,,,,,,normal
13,10,scenario1_stationary,moper,50,1.0,0,0.060625,0.197,0.5,0.5,-0.1288125,,,,,,,normal
14,10,scenario1_stationary,moper,50,1.9000000000000004,0,0.0611875,0.19790000000000002,0.5,0.5,-0.12954375,,,,,,,normal
15,10,scenario1_stationary,moper,50,2.710000000000001,0,0.061693750000000006,0.19871000000000003,0.5,0.5,-0.13020187500000002,,,,,,,normal
16,10,scenario1_stationary,moper,50,0.0,1,0.09,0.11199999999999999,0.5,0.5,-0.10099999999999999,,,,,,,normal
17,10,scenario1_stationary,moper,50,1.0,0,0.060625,0.197,0.5,0.5,-0.1288125,,,,,,,normal
18,10,scenario1_stationary,moper,50,0.0,1,0.09,0.11199999999999999,0.5,0.5,-0.10099999999999999,,,,,,,normal
19,10,scenario1_stationary,moper,50,1.0,0,0.060625,0.197,0.5,0.5,-0.1288125,,,,,,,normal
20,10,scenario1_stationary,moper,50,1.9000000000000004,0,0.0611875,0.19790000000000002,0.5,0.5,-0.12954375,,,,,,,normal
21,10,scenario1_stationary,moper,50,2.710000000000001,0,0.061693750000000006,0.19871000000000003,0.5,0.5,-0.13020187500000002,,,,,,,normal
22,10,scenario1_stationary,moper,50,3.439,0,0.062149375,0.199439,0.5,0.5,-0.1307941875,,,,,,,normal
23,10,scenario1_stationary,moper,50,4.0951,0,0.06255943750000001,0.20009510000000003,0.5,0.5,-0.13132726875,,,,,,,normal
24,10,scenario1_stationary,moper,50,4.685590000000001,0,0.06292849375000001,0.20068559000000002,0.5,0.5,-0.13180704187500003,,,,,,,normal
25,10,scenario1_stationary,moper,50,0.0,1,0.09,0.11199999999999999,0.5,0.5,-0.10099999999999999,,,,,,,normal
26,10,scenario1_stationary,moper,50,0.0,1,0.09,0.11199999999999999,0.5,0.5,-0.10099999999999999,,,,,,,normal
27,10,scenario1_stationary,moper,50,1.0,0,0.060625,0.197,0.5,0.5,-0.1288125,,,,,,,normal
28,10,scenario1_stationary,moper,50,0.0,1,0.09,0.11199999999999999,0.5,0.5,-0.10099999999999999,,,,,,,normal
29,10,scenario1_stationary,moper,50,0.0,1,0.09,0.11199999999999999,0.5,0.5,-0.10099999999999999,,,,,,,normal
30,10,scenario1_stationary,moper,50,1.0,0,0.060625,0.197,0.5,0.5,-0.1288125,,,,,,,normal
31,10,scenario1_stationary,moper,50,0.0,1,0.09,0.11199999999999999,0.5,0.5,-0.10099999999999999,,,,,,,normal
32,10,scenario1_stationary,moper,50,0.0,1,0.09,0.11199999999999999,0.5,0.5,-0.10099999999999999,,,,,,,normal
33,10,scenario1_stationary,moper,50,1.0,0,0.060625,0.197,0.5,0.5,-0.1288125,,,,,,,normal
34,10,scenario1_stationary,moper,50,1.9000000000000004,0,0.0611875,0.19790000000000002,0.5,0.5,-0.12954375,,,,,,,normal
35,10,scenario1_stationary,moper,50,0.0,1,0.09,0.11199999999999999,0.5,0.5,-0.10099999999999999,,,,,,,normal
36,10,scenario1_stationary,moper,50,0.0,1,0.09,0.11199999999999999,0.5,0.5,-0.10099999999999999,,,,,,,normal
37,10,scenario1_stationary,moper,50,0.0,1,0.09,0.11199999999999999,0.5,0.5,-0.10099999999999999,,,,,,,normal
38,10,scenario1_stationary,moper,50,1.0,0,0.060625,0.197,0.5,0.5,-0.1288125,,,,,,,normal
39,10,scenario1_stationary,moper,50,0.0,1,0.09,0.11199999999999999,0.5,0.5,-0.10099999999999999,,,,,,,normal
40,10,scenario1_stationary,moper,50,1.0,0,0.060625,0.197,0.5,0.5,-0.1288125,,,,,,,normal
41,10,scenario1_stationary,moper,50,0.0,1,0.09,0.11199999999999999,0.5,0.5,-0.10099999999999999,,,,,,,normal
42,10,scenario1_stationary,moper,50,0.0,1,0.09,0.11199999999999999,0.5,0.5,-0.10099999999999999,,,,,,,normal
43,10,scenario1_stationary,moper,50,1.0,0,0.060625,0.197,0.5,0.5,-0.1288125,,,,,,,normal
44,10,scenario1_stationary,moper,50,0.0,1,0.09,0.11199999999999999,0.5,0.5,-0.10099999999999999,,,,,,,normal
45,10,scenario1_stationary,moper,50,1.0,0,0.060625,0.197,0.5,0.5,-0.1288125,,,,,,,normal
46,10,scenario1_stationary,moper,50,1.9000000000000004,0,0.0611875,0.19790000000000002,0.5,0.5,-0.12954375,,,,,,,normal
47,10,scenario1_stationary,moper,50,2.710000000000001,0,0.061693750000000006,0.19871000000000003,0.5,0.5,-0.13020187500000002,,,,,,,normal
48,10,scenario1_stationary,moper,50,3.439,0,0.062149375,0.199439,0.5,0.5,-0.1307941875,,,,,,,normal
49,10,scenario1_stationary,moper,50,0.0,1,0.09,0.11199999999999999,0.5,0.5,-0.10099999999999999,,,,,,,normal
50,10,scenario1_stationary,moper,50,1.0,0,0.060625,0.197,0.5,0.5,-0.1288125,,,,,,,normal
51,10,scenario1_stationary,moper,50,0.0,1,0.09,0.11199999999999999,0.5,0.5,-0.10099999999999999,,,,,,,normal
52,10,scenario1_stationary,moper,50,1.0,0,0.060625,0.197,0.5,0.5,-0.1288125,,,,,,,normal
53,10,scenario1_stationary,moper,50,1.9000000000000004,0,0.0611875,0.19790000000000002,0.5,0.5,-0.12954375,,,,,,,normal
54,10,scenario1_stationary,moper,50,2.710000000000001,0,0.061693750000000006,0.19871000000000003,0.5,0.5,-0.13020187500000002,,,,,,,normal
55,10,scenario1_stationary,moper,50,0.0,1,0.09,0.11199999999999999,0.5,0.5,-0.10099999999999999,,,,,,,normal
56,10,scenario1_stationary,moper,50,0.0,1,0.09,0.11199999999999999,0.5,0.5,-0.10099999999999999,,,,,,,normal
57,10,scenario1_stationary,moper,50,1.0,0,0.060625,0.197,0.5,0.5,-0.1288125,,,,,,,normal
58,10,scenario1_stationary,moper,50,1.9000000000000004,0,0.0611875,0.19790000000000002,0.5,0.5,-0.12954375,,,,,,,normal
59,10,scenario1_stationary,moper,50,2.710000000000001,0,0.061693750000000006,0.19871000000000003,0.5,0.5,-0.13020187500000002,,,,,,,normal
60,10,scenario1_stationary,moper,50,3.439,0,0.062149375,0.199439,0.5,0.5,-0.1307941875,,,,,,,normal
61,10,scenario1_stationary,moper,50,4.0951,0,0.06255943750000001,0.20009510000000003,0.5,0.5,-0.13132726875,,,,,,,normal
62,10,scenario1_stationary,moper,50,4.685590000000001,0,0.06292849375000001,0.20068559000000002,0.5,0.5,-0.13180704187500003,,,,,,,normal
63,10,scenario1_stationary,moper,50,5.217031000000002,0,0.063260644375,0.201217031,0.5,0.5,-0.1322388376875,-0.11628378182649612,0.013895709067583084,0.06842340528964996,,,1.0,normal
64,10,scenario1_stationary,moper,50,5.695327900000002,0,0.0635595799375,0.2016953279,0.5,0.5,-0.13262745391875,-0.11759088188409805,0.011544384062290192,0.06300660222768784,,,1.0,normal
65,10,scenario1_stationary,moper,50,6.125795110000002,0,0.06382862194375,0.20212579511,0.5,0.5,-0.132977208526875,-0.11972508579492569,0.009234873577952385,0.05730986222624779,,,1.0,normal
66,10,scenario1_stationary,moper,50,0.5132155990000022,1,0.09018662385418182,0.11214929908334545,0.5,0.5,-0.10116796146876364,-0.12154509872198105,0.007995285093784332,0.05352569743990898,,,1.0,normal
67,10,scenario1_stationary,moper,50,0.0,1,0.09,0.11199999999999999,0.5,0.5,-0.10099999999999999,-0.12226291000843048,0.006280816160142422,0.047765329480171204,,,1.0,normal
68,10,scenario1_stationary,moper,50,0.0,1,0.09,0.11199999999999999,0.5,0.5,-0.10099999999999999,-0.12326431274414062,0.004757334943860769,0.04152018949389458,,,1.0,normal
69,10,scenario1_stationary,moper,50,1.0,0,0.060625,0.197,0.5,0.5,-0.1288125,-0.12263026833534241,0.003479256760329008,0.0355476513504982,,,1.0,normal
70,10,scenario1_stationary,moper,50,0.0,1,0.09,0.11199999999999999,0.5,0.5,-0.10099999999999999,-0.12465054541826248,0.0028385438490659,0.03173339366912842,,,1.0,normal
71,10,scenario1_stationary,moper,50,1.0,0,0.060625,0.197,0.5,0.5,-0.1288125,-0.12340499460697174,0.002096042735502124,0.02635568007826805,,,1.0,normal
72,10,scenario1_stationary,moper,50,1.9000000000000004,0,0.0611875,0.19790000000000002,0.5,0.5,-0.12954375,-0.12580323219299316,0.001849909545853734,0.023533204570412636,,,1.0,normal
73,10,scenario1_stationary,moper,50,2.710000000000001,0,0.061693750000000006,0.19871000000000003,0.5,0.5,-0.13020187500000002,-0.12884658575057983,0.0016467355890199542,0.02099454589188099,,,1.0,normal
74,10,scenario1_stationary,moper,50,3.439,0,0.062149375,0.199439,0.5,0.5,-0.1307941875,-0.12989003956317902,0.0015177516033872962,0.019638966768980026,,,1.0,normal
75,10,scenario1_stationary,moper,50,4.0951,0,0.06255943750000001,0.20009510000000003,0.5,0.5,-0.13132726875,-0.13093096017837524,0.0015454443637281656,0.018647490069270134,,,1.0,normal
76,10,scenario1_stationary,moper,50,4.685590000000001,0,0.06292849375000001,0.20068559000000002,0.5,0.5,-0.13180704187500003,-0.13153357803821564,0.0017097056843340397,0.019065966829657555,,,1.0,normal
77,10,scenario1_stationary,moper,50,0.0,1,0.09,0.11199999999999999,0.5,0.5,-0.10099999999999999,-0.1330721378326416,0.0017369792331010103,0.01931031420826912,,,1.0,normal
78,10,scenario1_stationary,moper,50,1.0,0,0.060625,0.197,0.5,0.5,-0.1288125,-0.13616923987865448,0.0019810351077467203,0.020891988649964333,,,1.0,normal
79,10,scenario1_stationary,moper,50,0.0,1,0.09,0.11199999999999999,0.5,0.5,-0.10099999999999999,-0.1362697035074234,0.002126723062247038,0.02205466851592064,,,1.0,normal
80,10,scenario1_stationary,moper,50,1.0,0,0.060625,0.197,0.5,0.5,-0.1288125,-0.1378755122423172,0.0021237265318632126,0.02179005555808544,,,1.0,normal
81,10,scenario1_stationary,moper,50,1.9000000000000004,0,0.0611875,0.19790000000000002,0.5,0.5,-0.12954375,-0.13768260180950165,0.002055611228570342,0.021402066573500633,,,1.0,normal
82,10,scenario1_stationary,moper,50,0.0,1,0.09,0.11199999999999999,0.5,0.5,-0.10099999999999999,-0.13645942509174347,0.001893143984489143,0.02058861032128334,,,1.0,normal
83,10,scenario1_stationary,moper,50,0.0,1,0.09,0.11199999999999999,0.5,0.5,-0.10099999999999999,-0.1362009048461914,0.0011169532081112266,0.017774436622858047,,,1.0,normal
84,10,scenario1_stationary,moper,50,1.0,0,0.060625,0.197,0.5,0.5,-0.1288125,-0.13543915748596191,0.001635722117498517,0.018777193501591682,,,1.0,normal
85,10,scenario1_stationary,moper,50,0.0,1,0.09,0.11199999999999999,0.5,0.5,-0.10099999999999999,-0.1337703913450241,0.0008472949848510325,0.015419337898492813,,,1.0,normal
86,10,scenario1_stationary,moper,50,1.0,0,0.060625,0.197,0.5,0.5,-0.1288125,-0.13228043913841248,0.0012352841440588236,0.015428628772497177,,,1.0,normal
87,10,scenario1_stationary,moper,50,1.9000000000000004,0,0.0611875,0.19790000000000002,0.5,0.5,-0.12954375,-0.1314050555229187,0.0010332040255889297,0.013783521018922329,,,1.0,normal
88,10,scenario1_stationary,moper,50,0.0,1,0.09,0.11199999999999999,0.5,0.5,-0.10099999999999999,-0.13067364692687988,0.0009530825773254037,0.013156215660274029,,,1.0,normal
89,10,scenario1_stationary,moper,50,1.0,0,0.060625,0.197,0.5,0.5,-0.1288125,-0.1307053416967392,0.0008309463155455887,0.012147589586675167,,,1.0,normal
90,10,scenario1_stationary,moper,50,1.9000000000000004,0,0.0611875,0.19790000000000002,0.5,0.5,-0.12954375,-0.1314976066350937,0.000747490325011313,0.01142340898513794,,,1.0,normal
91,10,scenario1_stationary,moper,50,2.710000000000001,0,0.061693750000000006,0.19871000000000003,0.5,0.5,-0.13020187500000002,-0.13152210414409637,0.00045254160067997873,0.010660807602107525,,,1.0,normal
92,10,scenario1_stationary,moper,50,3.439,0,0.062149375,0.199439,0.5,0.5,-0.1307941875,-0.13129684329032898,0.00040987812099047005,0.010244867764413357,,,1.0,normal
93,10,scenario1_stationary,moper,50,4.0951,0,0.06255943750000001,0.20009510000000003,0.5,0.5,-0.13132726875,-0.13150840997695923,0.0005715388688258827,0.011695393361151218,,,1.0,normal
94,10,scenario1_stationary,moper,50,4.685590000000001,0,0.06292849375000001,0.20068559000000002,0.5,0.5,-0.13180704187500003,-0.1328398585319519,0.000513529812451452,0.011414055712521076,,,1.0,normal
95,10,scenario1_stationary,moper,50,0.0,1,0.09,0.11199999999999999,0.5,0.5,-0.10099999999999999,-0.13308599591255188,0.0005214745178818703,0.011853216215968132,,,1.0,normal
96,10,scenario1_stationary,moper,50,0.0,1,0.09,0.11199999999999999,0.5,0.5,-0.10099999999999999,-0.13340237736701965,0.0004623231361620128,0.011836675927042961,,,1.0,normal
97,10,scenario1_stationary,moper,50,1.0,0,0.060625,0.197,0.5,0.5,-0.1288125,-0.13341116905212402,0.0003989051911048591,0.0102313794195652,,,1.0,normal
98,10,scenario1_stationary,moper,50,0.0,1,0.09,0.11199999999999999,0.5,0.5,-0.10099999999999999,-0.1342979073524475,0.000416177703300491,0.011051199398934841,,,1.0,normal
99,10,scenario1_stationary,moper,50,1.0,0,0.060625,0.197,0.5,0.5,-0.1288125,-0.13380853831768036,0.0004428194952197373,0.010922528803348541,,,1.0,normal
100,10,scenario1_stationary,moper,50,0.0,1,0.09,0.11199999999999999,0.5,0.5,-0.10099999999999999,-0.1343056857585907,0.00043981443741358817,0.01070595532655716,,,1.0,normal
101,10,scenario1_stationary,moper,50,0.0,1,0.09,0.11199999999999999,0.5,0.5,-0.10099999999999999,-0.13491322100162506,0.00041695713298395276,0.010590335354208946,,,1.0,normal
102,10,scenario1_stationary,moper,50,1.0,0,0.060625,0.197,0.5,0.5,-0.1288125,-0.13408295810222626,0.0003292927867732942,0.00911016296595335,,,1.0,normal
103,10,scenario1_stationary,moper,50,0.0,1,0.09,0.11199999999999999,0.5,0.5,-0.10099999999999999,-0.13408775627613068,0.0003294615598861128,0.00880869384855032,,,1.0,normal
104,10,scenario1_stationary,moper,50,0.0,1,0.09,0.11199999999999999,0.5,0.5,-0.10099999999999999,-0.13382525742053986,0.00031511837732978165,0.009001285769045353,,,1.0,normal
105,10,scenario1_stationary,moper,50,0.0,1,0.09,0.11199999999999999,0.5,0.5,-0.10099999999999999,-0.13489201664924622,0.00029042697860859334,0.008319131098687649,,,1.0,normal
106,10,scenario1_stationary,moper,50,0.0,1,0.09,0.11199999999999999,0.5,0.5,-0.10099999999999999,-0.13444407284259796,0.0002806327829603106,0.008250207640230656,,,1.0,normal
107,10,scenario1_stationary,moper,50,0.0,1,0.09,0.11199999999999999,0.5,0.5,-0.10099999999999999,-0.1349187046289444,0.0002563777379691601,0.008029517717659473,,,1.0,normal
108,10,scenario1_stationary,moper,50,0.0,1,0.09,0.11199999999999999,0.5,0.5,-0.10099999999999999,-0.13534820079803467,0.00022872575209476054,0.007552910130470991,,,1.0,normal
109,10,scenario1_stationary,moper,50,1.0,0,0.060625,0.197,0.5,0.5,-0.1288125,-0.13488247990608215,0.00023354518634732813,0.007639813236892223,,,1.0,normal
110,10,scenario1_stationary,moper,50,0.0,1,0.09,0.11199999999999999,0.5,0.5,-0.10099999999999999,-0.1345611810684204,0.00016971096920315176,0.006845721043646336,,,1.0,normal
111,10,scenario1_stationary,moper,50,0.0,1,0.09,0.11199999999999999,0.5,0.5,-0.10099999999999999,-0.1352248340845108,0.00017302816559094936,0.006938130594789982,,,1.0,normal
112,10,scenario1_stationary,moper,50,0.0,1,0.09,0.11199999999999999,0.5,0.5,-0.10099999999999999,-0.1355024129152298,0.00019068375695496798,0.006846280302852392,,,1.0,normal
113,10,scenario1_stationary,moper,50,1.0,0,0.060625,0.197,0.5,0.5,-0.1288125,-0.13496704399585724,0.00011372767767170444,0.005728633608669043,,,1.0,normal
114,10,scenario1_stationary,moper,50,0.0,1,0.09,0.11199999999999999,0.5,0.5,-0.10099999999999999,-0.13670988380908966,0.00012256574700586498,0.005895712412893772,,,1.0,normal
115,10,scenario1_stationary,moper,50,1.0,0,0.060625,0.197,0.5,0.5,-0.1288125,-0.13549621403217316,0.00010523069795453921,0.005512203089892864,,,1.0,normal
116,10,scenario1_stationary,moper,50,0.0,1,0.09,0.11199999999999999,0.5,0.5,-0.10099999999999999,-0.13707663118839264,0.00010713894880609587,0.005580120719969273,,,1.0,normal
117,10,scenario1_stationary,moper,50,1.0,0,0.060625,0.197,0.5,0.5,-0.1288125,-0.13674505054950714,0.00016317459812853485,0.005718958098441362,,,1.0,normal
118,10,scenario1_stationary,moper,50,0.0,1,0.09,0.11199999999999999,0.5,0.5,-0.10099999999999999,-0.13627581298351288,0.0001536985655548051,0.005288170650601387,,,1.0,normal
119,10,scenario1_stationary,moper,50,0.0,1,0.09,0.11199999999999999,0.5,0.5,-0.10099999999999999,-0.13666179776191711,9.396595851285383e-05,0.004903204273432493,,,1.0,normal
120,10,scenario1_stationary,moper,50,1.0,0,0.060625,0.197,0.5,0.5,-0.1288125,-0.1377379149198532,6.28252382739447e-05,0.004079866223037243,,,1.0,normal
121,10,scenario1_stationary,moper,50,0.0,1,0.09,0.11199999999999999,0.5,0.5,-0.10099999999999999,-0.13774868845939636,0.0001398537860950455,0.0046009221114218235,,,1.0,normal
122,10,scenario1_stationary,moper,50,1.0,0,0.060625,0.197,0.5,0.5,-0.1288125,-0.13827240467071533,0.00012311081809457392,0.004180335905402899,,,1.0,normal
123,10,scenario1_stationary,moper,50,1.9000000000000004,0,0.0611875,0.19790000000000002,0.5,0.5,-0.12954375,-0.13860712945461273,0.00012093006807845086,0.004228048026561737,,,1.0,normal
124,10,scenario1_stationary,moper,50,2.710000000000001,0,0.061693750000000006,0.19871000000000003,0.5,0.5,-0.13020187500000002,-0.13887974619865417,9.540603787172586e-05,0.003612101310864091,,,1.0,normal
125,10,scenario1_stationary,moper,50,0.0,1,0.09,0.11199999999999999,0.5,0.5,-0.10099999999999999,-0.1391465812921524,4.8845846322365105e-05,0.003299337811768055,,,1.0,normal
126,10,scenario1_stationary,moper,50,1.0,0,0.060625,0.197,0.5,0.5,-0.1288125,-0.14031657576560974,6.321100954664871e-05,0.00351322116330266,,,1.0,normal
127,10,scenario1_stationary,moper,50,0.0,1,0.09,0.11199999999999999,0.5,0.5,-0.10099999999999999,-0.13922223448753357,3.727663715835661e-05,0.002773308428004384,,,1.0,normal
128,10,scenario1_stationary,moper,50,1.0,0,0.060625,0.197,0.5,0.5,-0.1288125,-0.13969911634922028,8.237029396696016e-05,0.0034431046806275845,,,1.0,normal
129,10,scenario1_stationary,moper,50,1.9000000000000004,0,0.0611875,0.19790000000000002,0.5,0.5,-0.12954375,-0.14059561491012573,8.18004336906597e-05,0.0038216698449105024,,,1.0,normal
130,10,scenario1_stationary,moper,50,2.710000000000001,0,0.061693750000000006,0.19871000000000003,0.5,0.5,-0.13020187500000002,-0.14037515223026276,5.18006672791671e-05,0.0031829052604734898,,,1.0,normal
131,10,scenario1_stationary,moper,50,0.0,1,0.09,0.11199999999999999,0.5,0.5,-0.10099999999999999,-0.13929736614227295,4.045008972752839e-05,0.0029948437586426735,,,1.0,normal
132,10,scenario1_stationary,moper,50,0.0,1,0.09,0.11199999999999999,0.5,0.5,-0.10099999999999999,-0.13964520394802094,4.1979939851444215e-05,0.003101547248661518,,,1.0,normal
133,10,scenario1_stationary,moper,50,0.0,1,0.09,0.11199999999999999,0.5,0.5,-0.10099999999999999,-0.13846956193447113,3.586749153328128e-05,0.00268475990742445,,,1.0,normal
134,10,scenario1_stationary,moper,50,1.0,0,0.060625,0.197,0.5,0.5,-0.1288125,-0.13866053521633148,4.7708927013445646e-05,0.002662275219336152,,,1.0,normal
135,10,scenario1_stationary,moper,50,1.9000000000000004,0,0.0611875,0.19790000000000002,0.5,0.5,-0.12954375,-0.1400991529226303,6.097797449911013e-05,0.003146201139315963,,,1.0,normal
136,10,scenario1_stationary,moper,50,2.710000000000001,0,0.061693750000000006,0.19871000000000003,0.5,0.5,-0.13020187500000002,-0.14088228344917297,6.0870319430250674e-05,0.0033641960471868515,,,1.0,normal
137,10,scenario1_stationary,moper,50,3.439,0,0.062149375,0.199439,0.5,0.5,-0.1307941875,-0.14065095782279968,2.6397305191494524e-05,0.002479793503880501,,,1.0,normal
138,10,scenario1_stationary,moper,50,0.0,1,0.09,0.11199999999999999,0.5,0.5,-0.10099999999999999,-0.14049376547336578,5.495419100043364e-05,0.002900088671594858,,,1.0,normal
139,10,scenario1_stationary,moper,50,1.0,0,0.060625,0.197,0.5,0.5,-0.1288125,-0.1411333829164505,4.761686795973219e-05,0.0027852458879351616,,,1.0,normal
140,10,scenario1_stationary,moper,50,1.9000000000000004,0,0.0611875,0.19790000000000002,0.5,0.5,-0.12954375,-0.14046400785446167,1.9848026568070054e-05,0.002073852578178048,,,1.0,normal
141,10,scenario1_stationary,moper,50,2.710000000000001,0,0.061693750000000006,0.19871000000000003,0.5,0.5,-0.13020187500000002,-0.14040187001228333,2.2946611352381296e-05,0.0020648802164942026,,,1.0,normal
142,10,scenario1_stationary,moper,50,0.0,1,0.09,0.11199999999999999,0.5,0.5,-0.10099999999999999,-0.14088867604732513,2.6080109819304198e-05,0.00219190726056695,,,1.0,normal
143,10,scenario1_stationary,moper,50,0.0,1,0.09,0.11199999999999999,0.5,0.5,-0.10099999999999999,-0.14316636323928833,4.145294951740652e-05,0.0026331895496696234,,,1.0,normal
144,10,scenario1_stationary,moper,50,1.0,0,0.060625,0.197,0.5,0.5,-0.1288125,-0.14164401590824127,1.7850448784884065e-05,0.0018058085115626454,,,1.0,normal
145,10,scenario1_stationary,moper,50,1.9000000000000004,0,0.0611875,0.19790000000000002,0.5,0.5,-0.12954375,-0.14233146607875824,2.8438826120691374e-05,0.0022277666721493006,,,1.0,normal
146,10,scenario1_stationary,moper,50,0.0,1,0.09,0.11199999999999999,0.5,0.5,-0.10099999999999999,-0.14312651753425598,3.908817961928435e-05,0.0025977545883506536,,,1.0,normal
147,10,scenario1_stationary,moper,50,1.0,0,0.060625,0.197,0.5,0.5,-0.1288125,-0.14197488129138947,2.2078857000451535e-05,0.0020491795148700476,,,1.0,normal
148,10,scenario1_stationary,moper,50,0.0,1,0.09,0.11199999999999999,0.5,0.5,-0.10099999999999999,-0.1423552930355072,3.54845033143647e-05,0.0023229275830090046,,,1.0,normal
149,10,scenario1_stationary,moper,50,0.0,1,0.09,0.11199999999999999,0.5,0.5,-0.10099999999999999,-0.14249847829341888,3.0513492674799636e-05,0.002126679988577962,,,1.0,normal
150,10,scenario1_stationary,moper,50,0.0,1,0.09,0.11199999999999999,0.5,0.5,-0.10099999999999999,-0.14266471564769745,2.5385108529007994e-05,0.0019470291445031762,,,1.0,normal
151,10,scenario1_stationary,moper,50,0.0,1,0.09,0.11199999999999999,0.5,0.5,-0.10099999999999999,-0.1432299017906189,3.4480675822123885e-05,0.002416283590719104,,,1.0,normal
152,10,scenario1_stationary,moper,50,0.0,1,0.09,0.11199999999999999,0.5,0.5,-0.10099999999999999,-0.1429392397403717,2.7178077289136127e-05,0.002172352047637105,,,1.0,normal
153,10,scenario1_stationary,moper,50,1.0,0,0.060625,0.197,0.5,0.5,-0.1288125,-0.1432105004787445,2.0666544514824636e-05,0.0019860868342220783,,,1.0,normal
154,10,scenario1_stationary,moper,50,0.0,1,0.09,0.11199999999999999,0.5,0.5,-0.10099999999999999,-0.14268748462200165,1.5355337382061407e-05,0.0016427243826910853,,,1.0,normal
155,10,scenario1_stationary,moper,50,1.0,0,0.060625,0.197,0.5,0.5,-0.1288125,-0.14329083263874054,1.5213345250231214e-05,0.001660652575083077,,,1.0,normal
156,10,scenario1_stationary,moper,50,0.0,1,0.09,0.11199999999999999,0.5,0.5,-0.10099999999999999,-0.14235638082027435,1.3540638065023813e-05,0.0015088760992512107,,,1.0,normal
157,10,scenario1_stationary,moper,50,0.0,1,0.09,0.11199999999999999,0.5,0.5,-0.10099999999999999,-0.1432511806488037,1.7831020159064792e-05,0.0017859182553365827,,,1.0,normal
158,10,scenario1_stationary,moper,50,1.0,0,0.060625,0.197,0.5,0.5,-0.1288125,-0.1427096724510193,2.108198168571107e-05,0.0018373063066974282,,,1.0,normal
159,10,scenario1_stationary,moper,50,1.9000000000000004,0,0.0611875,0.19790000000000002,0.5,0.5,-0.12954375,-0.14393402636051178,1.86401121027302e-05,0.0019707409664988518,,,1.0,normal
160,10,scenario1_stationary,moper,50,2.710000000000001,0,0.061693750000000006,0.19871000000000003,0.5,0.5,-0.13020187500000002,-0.14208775758743286,1.420133139617974e-05,0.0016840011812746525,,,1.0,normal
161,10,scenario1_stationary,moper,50,3.439,0,0.062149375,0.199439,0.5,0.5,-0.1307941875,-0.14324139058589935,2.022128683165647e-05,0.0019212989136576653,,,1.0,normal
162,10,scenario1_stationary,moper,50,0.0,1,0.09,0.11199999999999999,0.5,0.5,-0.10099999999999999,-0.1442241072654724,2.5273640858358704e-05,0.0022032062988728285,,,1.0,normal
163,10,scenario1_stationary,moper,50,1.0,0,0.060625,0.197,0.5,0.5,-0.1288125,-0.14352202415466309,2.00345730263507e-05,0.0018781175604090095,,,1.0,normal
164,10,scenario1_stationary,moper,50,1.9000000000000004,0,0.0611875,0.19790000000000002,0.5,0.5,-0.12954375,-0.1441602110862732,1.8009895939030685e-05,0.0018965436611324549,,,1.0,normal
165,10,scenario1_stationary,moper,50,0.0,1,0.09,0.11199999999999999,0.5,0.5,-0.10099999999999999,-0.14369764924049377,1.3319820936885662e-05,0.0016848709201440215,,,1.0,normal
166,10,scenario1_stationary,moper,50,0.0,1,0.09,0.11199999999999999,0.5,0.5,-0.10099999999999999,-0.14386074244976044,1.3853738892066758e-05,0.0017028406728059053,,,1.0,normal
167,10,scenario1_stationary,moper,50,1.0,0,0.060625,0.197,0.5,0.5,-0.1288125,-0.14363861083984375,1.0132996067113709e-05,0.0014087718445807695,,,1.0,normal
168,10,scenario1_stationary,moper,50,0.0,1,0.09,0.11199999999999999,0.5,0.5,-0.10099999999999999,-0.14458799362182617,1.059874557540752e-05,0.0013849965762346983,,,1.0,normal
169,10,scenario1_stationary,moper,50,0.0,1,0.09,0.11199999999999999,0.5,0.5,-0.10099999999999999,-0.1441795974969864,1.2770869943778962e-05,0.001575255999341607,,,1.0,normal
170,10,scenario1_stationary,moper,50,0.0,1,0.09,0.11199999999999999,0.5,0.5,-0.10099999999999999,-0.14470885694026947,1.1350161003065296e-05,0.0015010344795882702,,,1.0,normal
171,10,scenario1_stationary,moper,50,1.0,0,0.060625,0.197,0.5,0.5,-0.1288125,-0.1449805051088333,1.3440345355775207e-05,0.0017181666335090995,,,1.0,normal
172,10,scenario1_stationary,moper,50,1.9000000000000004,0,0.0611875,0.19790000000000002,0.5,0.5,-0.12954375,-0.14475497603416443,1.1638221621979028e-05,0.0014573908410966396,,,1.0,normal
173,10,scenario1_stationary,moper,50,0.0,1,0.09,0.11199999999999999,0.5,0.5,-0.10099999999999999,-0.14387470483779907,7.967695637489669e-06,0.0012467179913073778,,,1.0,normal
174,10,scenario1_stationary,moper,50,0.0,1,0.09,0.11199999999999999,0.5,0.5,-0.10099999999999999,-0.14567537605762482,1.2215590686537325e-05,0.0015865754103288054,,,1.0,normal
175,10,scenario1_stationary,moper,50,1.0,0,0.060625,0.197,0.5,0.5,-0.1288125,-0.14549091458320618,1.4096634004090447e-05,0.0016385100316256285,,,1.0,normal
176,10,scenario1_stationary,moper,50,1.9000000000000004,0,0.0611875,0.19790000000000002,0.5,0.5,-0.12954375,-0.14422641694545746,8.267827070085332e-06,0.0012319863308221102,,,1.0,normal
177,10,scenario1_stationary,moper,50,2.710000000000001,0,0.061693750000000006,0.19871000000000003,0.5,0.5,-0.13020187500000002,-0.14497855305671692,9.902702004183084e-06,0.001482418505474925,,,1.0,normal
178,10,scenario1_stationary,moper,50,3.439,0,0.062149375,0.199439,0.5,0.5,-0.1307941875,-0.14464426040649414,1.0020915397035424e-05,0.0014390063006430864,,,1.0,normal
179,10,scenario1_stationary,moper,50,0.0,1,0.09,0.11199999999999999,0.5,0.5,-0.10099999999999999,-0.14554935693740845,9.940134987118654e-06,0.0014420381048694253,,,1.0,normal
180,10,scenario1_stationary,moper,50,1.0,0,0.060625,0.197,0.5,0.5,-0.1288125,-0.14624392986297607,1.2954648809682112e-05,0.001576111069880426,,,1.0,normal
181,10,scenario1_stationary,moper,50,1.9000000000000004,0,0.0611875,0.19790000000000002,0.5,0.5,-0.12954375,-0.14557676017284393,8.763259756960906e-06,0.0014147465117275715,,,1.0,normal
182,10,scenario1_stationary,moper,50,0.0,1,0.09,0.11199999999999999,0.5,0.5,-0.10099999999999999,-0.14635078608989716,1.3235899132268969e-05,0.0016124823596328497,,,1.0,normal
183,10,scenario1_stationary,moper,50,0.0,1,0.09,0.11199999999999999,0.5,0.5,-0.10099999999999999,-0.1464177668094635,1.2162830898887478e-05,0.0015017457772046328,,,1.0,normal
184,10,scenario1_stationary,moper,50,1.0,0,0.060625,0.197,0.5,0.5,-0.1288125,-0.14548581838607788,9.266716006095521e-06,0.001442366512492299,,,1.0,normal
185,10,scenario1_stationary,moper,50,1.9000000000000004,0,0.0611875,0.19790000000000002,0.5,0.5,-0.12954375,-0.1466909945011139,8.627176612208132e-06,0.0013529718853533268,,,1.0,normal
186,10,scenario1_stationary,moper,50,2.710000000000001,0,0.061693750000000006,0.19871000000000003,0.5,0.5,-0.13020187500000002,-0.1461300551891327,8.436711141257547e-06,0.0013225909788161516,,,1.0,normal
187,10,scenario1_stationary,moper,50,3.439,0,0.062149375,0.199439,0.5,0.5,-0.1307941875,-0.1472150981426239,1.0990147529810201e-05,0.0014929312746971846,,,1.0,normal
188,10,scenario1_stationary,moper,50,0.0,1,0.09,0.11199999999999999,0.5,0.5,-0.10099999999999999,-0.14618536829948425,5.63743833481567e-06,0.0010971083538606763,,,1.0,normal
189,10,scenario1_stationary,moper,50,0.0,1,0.09,0.11199999999999999,0.5,0.5,-0.10099999999999999,-0.14701443910598755,1.0066863978863694e-05,0.0013731142971664667,,,1.0,normal
190,10,scenario1_stationary,moper,50,0.0,1,0.09,0.11199999999999999,0.5,0.5,-0.10099999999999999,-0.14790396392345428,9.60098986979574e-06,0.0014065804425626993,,,1.0,normal
191,10,scenario1_stationary,moper,50,0.0,1,0.09,0.11199999999999999,0.5,0.5,-0.10099999999999999,-0.146528422832489,5.686375970981317e-06,0.0011024561244994402,,,1.0,normal
192,10,scenario1_stationary,moper,50,1.0,0,0.060625,0.197,0.5,0.5,-0.1288125,-0.14810284972190857,9.294210030930117e-06,0.0014583212323486805,,,1.0,normal
193,10,scenario1_stationary,moper,50,0.0,1,0.09,0.11199999999999999,0.5,0.5,-0.10099999999999999,-0.14862237870693207,9.434672392671928e-06,0.0014119484694674611,,,1.0,normal
194,10,scenario1_stationary,moper,50,1.0,0,0.060625,0.197,0.5,0.5,-0.1288125,-0.14690957963466644,7.386236575257499e-06,0.0012803955469280481,,,1.0,normal
195,10,scenario1_stationary,moper,50,1.9000000000000004,0,0.0611875,0.19790000000000002,0.5,0.5,-0.12954375,-0.1472286880016327,7.237858426378807e-06,0.0012747752480208874,,,1.0,normal
196,10,scenario1_stationary,moper,50,2.710000000000001,0,0.061693750000000006,0.19871000000000003,0.5,0.5,-0.13020187500000002,-0.14697569608688354,5.360971499612788e-06,0.0011207949137315154,,,1.0,normal
197,10,scenario1_stationary,moper,50,3.439,0,0.062149375,0.199439,0.5,0.5,-0.1307941875,-0.14729918539524078,5.827734639751725e-06,0.0011222364846616983,,,1.0,normal
198,10,scenario1_stationary,moper,50,4.0951,0,0.06255943750000001,0.20009510000000003,0.5,0.5,-0.13132726875,-0.14778658747673035,7.68105746828951e-06,0.0013535469770431519,,,1.0,normal
199,10,scenario1_stationary,moper,50,4.685590000000001,0,0.06292849375000001,0.20068559000000002,0.5,0.5,-0.13180704187500003,-0.14750497043132782,4.766110123455292e-06,0.0010930290445685387,,,1.0,normal
200,10,scenario1_stationary,moper,50,0.0,1,0.09,0.11199999999999999,0.5,0.5,-0.10099999999999999,-0.14669068157672882,4.022949269710807e-06,0.0009422264993190765,,,1.0,normal
201,10,scenario1_stationary,moper,50,0.0,1,0.09,0.11199999999999999,0.5,0.5,-0.10099999999999999,-0.14783813059329987,7.346045549638802e-06,0.0012415829114615917,,,1.0,normal
202,10,scenario1_stationary,moper,50,0.0,1,0.09,0.11199999999999999,0.5,0.5,-0.10099999999999999,-0.1488513946533203,8.446625543001574e-06,0.0012430530041456223,,,1.0,normal
203,10,scenario1_stationary,moper,50,0.0,1,0.09,0.11199999999999999,0.5,0.5,-0.10099999999999999,-0.14795167744159698,6.296514129644493e-06,0.0011542054126039147,,,1.0,normal
204,10,scenario1_stationary,moper,50,1.0,0,0.060625,0.197,0.5,0.5,-0.1288125,-0.14915044605731964,6.6391494328854606e-06,0.0012964089401066303,,,1.0,normal
205,10,scenario1_stationary,moper,50,0.0,1,0.09,0.11199999999999999,0.5,0.5,-0.10099999999999999,-0.1482715904712677,6.33348417977686e-06,0.0011822220403701067,,,1.0,normal
206,10,scenario1_stationary,moper,50,1.0,0,0.060625,0.197,0.5,0.5,-0.1288125,-0.1482427716255188,6.022973593644565e-06,0.0011349916458129883,,,1.0,normal
207,10,scenario1_stationary,moper,50,0.0,1,0.09,0.11199999999999999,0.5,0.5,-0.10099999999999999,-0.14797279238700867,4.599102794600185e-06,0.000957347103394568,,,1.0,normal
208,10,scenario1_stationary,moper,50,1.0,0,0.060625,0.197,0.5,0.5,-0.1288125,-0.14848197996616364,4.631635420082603e-06,0.0009098891168832779,,,1.0,normal
209,10,scenario1_stationary,moper,50,1.9000000000000004,0,0.0611875,0.19790000000000002,0.5,0.5,-0.12954375,-0.14881470799446106,5.633865839627106e-06,0.0011721007758751512,,,1.0,normal
210,10,scenario1_stationary,moper,50,0.0,1,0.09,0.11199999999999999,0.5,0.5,-0.10099999999999999,-0.14963696897029877,6.867706360935699e-06,0.0011980525450780988,,,1.0,normal
211,10,scenario1_stationary,moper,50,0.0,1,0.09,0.11199999999999999,0.5,0.5,-0.10099999999999999,-0.14955896139144897,4.487490969040664e-06,0.0009583531646057963,,,1.0,normal
212,10,scenario1_stationary,moper,50,0.0,1,0.09,0.11199999999999999,0.5,0.5,-0.10099999999999999,-0.15028439462184906,4.991011337551754e-06,0.0009357176022604108,,,1.0,normal
213,10,scenario1_stationary,moper,50,0.0,1,0.09,0.11199999999999999,0.5,0.5,-0.10099999999999999,-0.14997567236423492,4.872395038546529e-06,0.0010271718492731452,,,1.0,normal
214,10,scenario1_stationary,moper,50,0.0,1,0.09,0.11199999999999999,0.5,0.5,-0.10099999999999999,-0.14984938502311707,4.912456461170223e-06,0.0009441592846997082,,,1.0,normal
215,10,scenario1_stationary,moper,50,1.0,0,0.060625,0.197,0.5,0.5,-0.1288125,-0.1499161422252655,4.091113623871934e-06,0.0009466988267377019,,,1.0,normal
216,10,scenario1_stationary,moper,50,1.9000000000000004,0,0.0611875,0.19790000000000002,0.5,0.5,-0.12954375,-0.15044735372066498,4.552452537609497e-06,0.0008769207051955163,,,1.0,normal
217,10,scenario1_stationary,moper,50,0.0,1,0.09,0.11199999999999999,0.5,0.5,-0.10099999999999999,-0.15086111426353455,5.064333890913986e-06,0.0010111744049936533,,,1.0,normal
218,10,scenario1_stationary,moper,50,1.0,0,0.060625,0.197,0.5,0.5,-0.1288125,-0.1502387374639511,5.326527571014594e-06,0.0010161333484575152,,,1.0,normal
219,10,scenario1_stationary,moper,50,1.9000000000000004,0,0.0611875,0.19790000000000002,0.5,0.5,-0.12954375,-0.15022540092468262,4.2631145333871245e-06,0.0009218031773343682,,,1.0,normal
220,10,scenario1_stationary,moper,50,0.0,1,0.09,0.11199999999999999,0.5,0.5,-0.10099999999999999,-0.15061166882514954,4.017607352579944e-06,0.0009759175591170788,,,1.0,normal
221,10,scenario1_stationary,moper,50,0.0,1,0.09,0.11199999999999999,0.5,0.5,-0.10099999999999999,-0.15121334791183472,4.555283339868765e-06,0.0009956127032637596,,,1.0,normal
222,10,scenario1_stationary,moper,50,0.0,1,0.09,0.11199999999999999,0.5,0.5,-0.10099999999999999,-0.15002213418483734,3.540280886227265e-06,0.000918135279789567,,,1.0,normal
223,10,scenario1_stationary,moper,50,0.0,1,0.09,0.11199999999999999,0.5,0.5,-0.10099999999999999,-0.15028971433639526,3.5118000596412458e-06,0.0008958762628026307,,,1.0,normal
224,10,scenario1_stationary,moper,50,1.0,0,0.060625,0.197,0.5,0.5,-0.1288125,-0.15109527111053467,3.681840553326765e-06,0.0009467649506404996,,,1.0,normal
225,10,scenario1_stationary,moper,50,0.0,1,0.09,0.11199999999999999,0.5,0.5,-0.10099999999999999,-0.1516045331954956,5.067002803116338e-06,0.0011150322388857603,,,1.0,normal
226,10,scenario1_stationary,moper,50,0.0,1,0.09,0.11199999999999999,0.5,0.5,-0.10099999999999999,-0.15136492252349854,3.4155737012042664e-06,0.0008897759253159165,,,1.0,normal
227,10,scenario1_stationary,moper,50,0.0,1,0.09,0.11199999999999999,0.5,0.5,-0.10099999999999999,-0.15050898492336273,3.4928007153212093e-06,0.0008776827016845345,,,1.0,normal
228,10,scenario1_stationary,moper,50,0.0,1,0.09,0.11199999999999999,0.5,0.5,-0.10099999999999999,-0.15164056420326233,4.778969469043659e-06,0.0011301494669169188,,,1.0,normal
229,10,scenario1_stationary,moper,50,0.0,1,0.09,0.11199999999999999,0.5,0.5,-0.10099999999999999,-0.1505807340145111,2.421178123768186e-06,0.0007643920835107565,,,1.0,normal
230,10,scenario1_stationary,moper,50,0.0,1,0.09,0.11199999999999999,0.5,0.5,-0.10099999999999999,-0.1516670286655426,3.780938868658268e-06,0.0009113230044022202,,,1.0,normal
231,10,scenario1_stationary,moper,50,0.0,1,0.09,0.11199999999999999,0.5,0.5,-0.10099999999999999,-0.15163008868694305,2.698391199373873e-06,0.0008226399077102542,,,1.0,normal
232,10,scenario1_stationary,moper,50,0.0,1,0.09,0.11199999999999999,0.5,0.5,-0.10099999999999999,-0.15188996493816376,3.631311983554042e-06,0.0009105370845645666,,,1.0,normal
233,10,scenario1_stationary,moper,50,0.0,1,0.09,0.11199999999999999,0.5,0.5,-0.10099999999999999,-0.1517987698316574,2.725840204220731e-06,0.0008202050812542439,,,1.0,normal
234,10,scenario1_stationary,moper,50,1.0,0,0.060625,0.197,0.5,0.5,-0.1288125,-0.15209290385246277,2.3782088192092488e-06,0.0007156763458624482,,,1.0,normal
235,10,scenario1_stationary,moper,50,0.0,1,0.09,0.11199999999999999,0.5,0.5,-0.10099999999999999,-0.15197378396987915,2.040509116341127e-06,0.0007143979892134666,,,1.0,normal
236,10,scenario1_stationary,moper,50,1.0,0,0.060625,0.197,0.5,0.5,-0.1288125,-0.15283572673797607,2.61540844803676e-06,0.0007982461247593164,,,1.0,normal
237,10,scenario1_stationary,moper,50,0.0,1,0.09,0.11199999999999999,0.5,0.5,-0.10099999999999999,-0.15235315263271332,2.9010775506321806e-06,0.0007960508810356259,,,1.0,normal
238,10,scenario1_stationary,moper,50,0.0,1,0.09,0.11199999999999999,0.5,0.5,-0.10099999999999999,-0.15110301971435547,2.2318422452372033e-06,0.0006745567661710083,,,1.0,normal
239,10,scenario1_stationary,moper,50,1.0,0,0.060625,0.197,0.5,0.5,-0.1288125,-0.15242956578731537,2.429365849820897e-06,0.0007401417824439704,,,1.0,normal
240,10,scenario1_stationary,moper,50,1.9000000000000004,0,0.0611875,0.19790000000000002,0.5,0.5,-0.12954375,-0.1517488807439804,1.8044800071947975e-06,0.0006305678980425,,,1.0,normal
241,10,scenario1_stationary,moper,50,0.0,1,0.09,0.11199999999999999,0.5,0.5,-0.10099999999999999,-0.15248149633407593,1.994340436795028e-06,0.0006463709287345409,,,1.0,normal
242,10,scenario1_stationary,moper,50,0.0,1,0.09,0.11199999999999999,0.5,0.5,-0.10099999999999999,-0.15250304341316223,2.172509539377643e-06,0.0007192756747826934,,,1.0,normal
243,10,scenario1_stationary,moper,50,0.0,1,0.09,0.11199999999999999,0.5,0.5,-0.10099999999999999,-0.15236885845661163,1.9684789549501147e-06,0.0006500766612589359,,,1.0,normal
244,10,scenario1_stationary,moper,50,0.0,1,0.09,0.11199999999999999,0.5,0.5,-0.10099999999999999,-0.1523355394601822,2.0402071641001385e-06,0.0006543017225340009,,,1.0,normal
245,10,scenario1_stationary,moper,50,1.0,0,0.060625,0.197,0.5,0.5,-0.1288125,-0.15280717611312866,2.2904746401763987e-06,0.0007204560097306967,,,1.0,normal
246,10,scenario1_stationary,moper,50,0.0,1,0.09,0.11199999999999999,0.5,0.5,-0.10099999999999999,-0.15240350365638733,1.3547140724767814e-06,0.0005497963284142315,,,1.0,normal
247,10,scenario1_stationary,moper,50,0.0,1,0.09,0.11199999999999999,0.5,0.5,-0.10099999999999999,-0.1532871425151825,1.8035082121059531e-06,0.0005993624217808247,,,1.0,normal
248,10,scenario1_stationary,moper,50,1.0,0,0.060625,0.197,0.5,0.5,-0.1288125,-0.15327194333076477,2.1690595986001426e-06,0.0006237193592824042,,,1.0,normal
249,10,scenario1_stationary,moper,50,0.0,1,0.09,0.11199999999999999,0.5,0.5,-0.10099999999999999,-0.15340778231620789,2.250309307783027e-06,0.0006748322630301118,,,1.0,normal
250,10,scenario1_stationary,moper,50,0.0,1,0.09,0.11199999999999999,0.5,0.5,-0.10099999999999999,-0.15295004844665527,1.4766958429390797e-06,0.0005538493860512972,,,1.0,normal
251,10,scenario1_stationary,moper,50,1.0,0,0.060625,0.197,0.5,0.5,-0.1288125,-0.15386177599430084,1.998888592424919e-06,0.0005943499272689223,,,1.0,normal
252,10,scenario1_stationary,moper,50,1.9000000000000004,0,0.0611875,0.19790000000000002,0.5,0.5,-0.12954375,-0.15425722301006317,1.821496653064969e-06,0.0005548617336899042,,,1.0,normal
253,10,scenario1_stationary,moper,50,2.710000000000001,0,0.061693750000000006,0.19871000000000003,0.5,0.5,-0.13020187500000002,-0.1534440815448761,1.7654239172770758e-06,0.0005988470511510968,,,1.0,normal
254,10,scenario1_stationary,moper,50,3.439,0,0.062149375,0.199439,0.5,0.5,-0.1307941875,-0.1535559445619583,1.6414712717960356e-06,0.0005831258022226393,,,1.0,normal
255,10,scenario1_stationary,moper,50,4.0951,0,0.06255943750000001,0.20009510000000003,0.5,0.5,-0.13132726875,-0.1542259007692337,1.510219362899079e-06,0.0005500087863765657,,,1.0,normal
256,10,scenario1_stationary,moper,50,4.685590000000001,0,0.06292849375000001,0.20068559000000002,0.5,0.5,-0.13180704187500003,-0.1540042608976364,1.7498578017693944e-06,0.0006410809000954032,,,1.0,normal
257,10,scenario1_stationary,moper,50,5.217031000000002,0,0.063260644375,0.201217031,0.5,0.5,-0.1322388376875,-0.15382294356822968,1.7165205008495832e-06,0.0005783941596746445,,,1.0,normal
258,10,scenario1_stationary,moper,50,5.695327900000002,0,0.0635595799375,0.2016953279,0.5,0.5,-0.13262745391875,-0.15452201664447784,1.955593234015396e-06,0.0006152037531137466,,,1.0,normal
259,10,scenario1_stationary,moper,50,6.125795110000002,0,0.06382862194375,0.20212579511,0.5,0.5,-0.132977208526875,-0.15411438047885895,1.1872805316670565e-06,0.0005140974535606802,,,1.0,normal
260,10,scenario1_stationary,moper,50,0.5132155990000022,1,0.09018662385418182,0.11214929908334545,0.5,0.5,-0.10116796146876364,-0.1551399976015091,1.4249817468225956e-06,0.0005528422771021724,,,1.0,normal
261,10,scenario1_stationary,moper,50,1.4618940391000024,0,0.0609136837744375,0.19746189403910003,0.5,0.5,-0.12918778890676877,-0.15536139905452728,7.357403774221893e-06,0.0007029639091342688,,,1.0,normal
262,10,scenario1_stationary,moper,50,2.315704635190002,0,0.06144731539699375,0.19831570463519002,0.5,0.5,-0.12988151001609188,-0.1547543853521347,1.185582277685171e-06,0.00046851905062794685,,,1.0,normal
263,10,scenario1_stationary,moper,50,3.0841341716710016,0,0.06192758385729438,0.19908413417167103,0.5,0.5,-0.1305058590144827,-0.15520530939102173,7.4372692324686795e-06,0.000779950525611639,,,1.0,normal
264,10,scenario1_stationary,moper,50,0.0,1,0.09,0.11199999999999999,0.5,0.5,-0.10099999999999999,-0.15565352141857147,2.1527341687033186e-06,0.0006809155456721783,,,1.0,normal
265,10,scenario1_stationary,moper,50,0.0,1,0.09,0.11199999999999999,0.5,0.5,-0.10099999999999999,-0.15588179230690002,1.8563055164122488e-06,0.000598512589931488,,,1.0,normal
266,10,scenario1_stationary,moper,50,0.0,1,0.09,0.11199999999999999,0.5,0.5,-0.10099999999999999,-0.15527915954589844,1.0909998309216462e-06,0.0004807613731827587,,,1.0,normal
267,10,scenario1_stationary,moper,50,1.0,0,0.060625,0.197,0.5,0.5,-0.1288125,-0.15521997213363647,6.898766969243297e-06,0.0007334929541684687,,,1.0,normal
268,10,scenario1_stationary,moper,50,1.9000000000000004,0,0.0611875,0.19790000000000002,0.5,0.5,-0.12954375,-0.15495344996452332,1.1657052709779236e-06,0.0005211196257732809,,,1.0,normal
269,10,scenario1_stationary,moper,50,2.710000000000001,0,0.061693750000000006,0.19871000000000003,0.5,0.5,-0.13020187500000002,-0.15596388280391693,2.435284841340035e-06,0.0006106764194555581,,,1.0,normal
270,10,scenario1_stationary,moper,50,3.439,0,0.062149375,0.199439,0.5,0.5,-0.1307941875,-0.15638890862464905,1.2978853192180395e-06,0.0006048406357876956,,,1.0,normal
271,10,scenario1_stationary,moper,50,4.0951,0,0.06255943750000001,0.20009510000000003,0.5,0.5,-0.13132726875,-0.15569444000720978,2.2801814338890836e-06,0.0005837660282850266,,,1.0,normal
272,10,scenario1_stationary,moper,50,4.685590000000001,0,0.06292849375000001,0.20068559000000002,0.5,0.5,-0.13180704187500003,-0.1555946171283722,1.9301050997455604e-06,0.0005307517130859196,,,1.0,normal
273,10,scenario1_stationary,moper,50,5.217031000000002,0,0.063260644375,0.201217031,0.5,0.5,-0.1322388376875,-0.15593427419662476,7.98785185907036e-06,0.0008226116769947112,,,1.0,normal
274,10,scenario1_stationary,moper,50,0.0,1,0.09,0.11199999999999999,0.5,0.5,-0.10099999999999999,-0.15635982155799866,7.1135154939838685e-06,0.0007112283492460847,,,1.0,normal
275,10,scenario1_stationary,moper,50,1.0,0,0.060625,0.197,0.5,0.5,-0.1288125,-0.15636318922042847,7.34305376681732e-06,0.0007069959538057446,,,1.0,normal
276,10,scenario1_stationary,moper,50,1.9000000000000004,0,0.0611875,0.19790000000000002,0.5,0.5,-0.12954375,-0.15763723850250244,7.455135346390307e-06,0.0007273834198713303,,,1.0,normal
277,10,scenario1_stationary,moper,50,2.710000000000001,0,0.061693750000000006,0.19871000000000003,0.5,0.5,-0.13020187500000002,-0.1571669578552246,1.4135364381218096e-06,0.0005198621656745672,,,1.0,normal
278,10,scenario1_stationary,moper,50,3.439,0,0.062149375,0.199439,0.5,0.5,-0.1307941875,-0.15684925019741058,1.4247268609324237e-06,0.0005329756531864405,,,1.0,normal
279,10,scenario1_stationary,moper,50,4.0951,0,0.06255943750000001,0.20009510000000003,0.5,0.5,-0.13132726875,-0.15699335932731628,7.833376002963632e-06,0.0009106399375014007,,,1.0,normal
280,10,scenario1_stationary,moper,50,0.0,1,0.09,0.11199999999999999,0.5,0.5,-0.10099999999999999,-0.15674564242362976,1.2531588708952768e-06,0.0005911365733481944,,,1.0,normal
281,10,scenario1_stationary,moper,50,0.0,1,0.09,0.11199999999999999,0.5,0.5,-0.10099999999999999,-0.15709908306598663,2.758741402431042e-06,0.0007803161861374974,,,1.0,normal
282,10,scenario1_stationary,moper,50,0.0,1,0.09,0.11199999999999999,0.5,0.5,-0.10099999999999999,-0.1570988893508911,1.3608887456939556e-06,0.000594167155213654,,,1.0,normal
283,10,scenario1_stationary,moper,50,1.0,0,0.060625,0.197,0.5,0.5,-0.1288125,-0.1573013961315155,1.2314409332248033e-06,0.0005903488490730524,,,1.0,normal
284,10,scenario1_stationary,moper,50,0.0,1,0.09,0.11199999999999999,0.5,0.5,-0.10099999999999999,-0.15761400759220123,6.24859967501834e-06,0.0007849400280974805,,,1.0,normal
285,10,scenario1_stationary,moper,50,0.0,1,0.09,0.11199999999999999,0.5,0.5,-0.10099999999999999,-0.15756601095199585,6.12897019891534e-06,0.0007113337051123381,,,1.0,normal
286,10,scenario1_stationary,moper,50,1.0,0,0.060625,0.197,0.5,0.5,-0.1288125,-0.15781369805335999,1.2878023198936717e-06,0.0005561784491874278,,,1.0,normal
287,10,scenario1_stationary,moper,50,0.0,1,0.09,0.11199999999999999,0.5,0.5,-0.10099999999999999,-0.15934954583644867,6.400914116966305e-06,0.000738668255507946,,,1.0,normal
288,10,scenario1_stationary,moper,50,1.0,0,0.060625,0.197,0.5,0.5,-0.1288125,-0.158532053232193,1.4774127521377522e-06,0.0005411251913756132,,,1.0,normal
289,10,scenario1_stationary,moper,50,1.9000000000000004,0,0.0611875,0.19790000000000002,0.5,0.5,-0.12954375,-0.15806856751441956,6.606920578633435e-06,0.0007013548747636378,,,1.0,normal
290,10,scenario1_stationary,moper,50,0.0,1,0.09,0.11199999999999999,0.5,0.5,-0.10099999999999999,-0.1585267037153244,2.0367933757370338e-06,0.000581338710617274,,,1.0,normal
291,10,scenario1_stationary,moper,50,1.0,0,0.060625,0.197,0.5,0.5,-0.1288125,-0.1585989147424698,1.4094326843405725e-06,0.0005695951404049993,,,1.0,normal
292,10,scenario1_stationary,moper,50,0.0,1,0.09,0.11199999999999999,0.5,0.5,-0.10099999999999999,-0.15802013874053955,6.383735126291867e-06,0.000676144496537745,,,1.0,normal
293,10,scenario1_stationary,moper,50,1.0,0,0.060625,0.197,0.5,0.5,-0.1288125,-0.15911108255386353,2.34749154515157e-06,0.0006248294375836849,,,1.0,normal
294,10,scenario1_stationary,moper,50,0.0,1,0.09,0.11199999999999999,0.5,0.5,-0.10099999999999999,-0.15843819081783295,5.918569513596594e-06,0.0007089016726240516,,,1.0,normal
295,10,scenario1_stationary,moper,50,0.0,1,0.09,0.11199999999999999,0.5,0.5,-0.10099999999999999,-0.15846280753612518,1.808489741961239e-06,0.0005612712120637298,,,1.0,normal
296,10,scenario1_stationary,moper,50,1.0,0,0.060625,0.197,0.5,0.5,-0.1288125,-0.15832817554473877,1.7125042859333917e-06,0.0005896984366700053,,,1.0,normal
297,10,scenario1_stationary,moper,50,0.0,1,0.09,0.11199999999999999,0.5,0.5,-0.10099999999999999,-0.15934623777866364,2.0715483515232336e-06,0.0006424220628105104,,,1.0,normal
298,10,scenario1_stationary,moper,50,1.0,0,0.060625,0.197,0.5,0.5,-0.1288125,-0.15862129628658295,1.1140921287733363e-06,0.0005065485020168126,,,1.0,normal
299,10,scenario1_stationary,moper,50,0.0,1,0.09,0.11199999999999999,0.5,0.5,-0.10099999999999999,-0.15853962302207947,1.2968030205229297e-06,0.000496008200570941,,,1.0,normal
300,10,scenario1_stationary,moper,50,1.0,0,0.060625,0.197,0.5,0.5,-0.1288125,-0.15884509682655334,9.592896503818338e-07,0.0004477177863009274,,,1.0,normal
301,10,scenario1_stationary,moper,50,0.0,1,0.09,0.11199999999999999,0.5,0.5,-0.10099999999999999,-0.1585751622915268,7.567350053250266e-07,0.0004064006498083472,,,1.0,normal
302,10,scenario1_stationary,moper,50,1.0,0,0.060625,0.197,0.5,0.5,-0.1288125,-0.16003140807151794,6.806783403590089e-06,0.0007997496286407113,,,1.0,normal
303,10,scenario1_stationary,moper,50,1.9000000000000004,0,0.0611875,0.19790000000000002,0.5,0.5,-0.12954375,-0.1598055213689804,5.476054866448976e-06,0.0006665138062089682,,,1.0,normal
304,10,scenario1_stationary,moper,50,0.0,1,0.09,0.11199999999999999,0.5,0.5,-0.10099999999999999,-0.15920256078243256,1.1044061238862923e-06,0.0004640575498342514,,,1.0,normal
305,10,scenario1_stationary,moper,50,1.0,0,0.060625,0.197,0.5,0.5,-0.1288125,-0.16059337556362152,1.3961266631667968e-06,0.0005964864394627512,,,1.0,normal
306,10,scenario1_stationary,moper,50,1.9000000000000004,0,0.0611875,0.19790000000000002,0.5,0.5,-0.12954375,-0.15989463031291962,5.323913228494348e-06,0.0006535560241900384,,,1.0,normal
307,10,scenario1_stationary,moper,50,2.710000000000001,0,0.061693750000000006,0.19871000000000003,0.5,0.5,-0.13020187500000002,-0.16045591235160828,1.913383357532439e-06,0.000508404744323343,,,1.0,normal
308,10,scenario1_stationary,moper,50,3.439,0,0.062149375,0.199439,0.5,0.5,-0.1307941875,-0.15896634757518768,5.541862265090458e-06,0.0005954768275842071,,,1.0,normal
309,10,scenario1_stationary,moper,50,0.0,1,0.09,0.11199999999999999,0.5,0.5,-0.10099999999999999,-0.16027556359767914,4.991661171516171e-06,0.0006148972897790372,,,1.0,normal
310,10,scenario1_stationary,moper,50,1.0,0,0.060625,0.197,0.5,0.5,-0.1288125,-0.16046753525733948,5.290602075547213e-06,0.0007183118141256273,,,1.0,normal
311,10,scenario1_stationary,moper,50,0.0,1,0.09,0.11199999999999999,0.5,0.5,-0.10099999999999999,-0.15996922552585602,5.540087840927299e-06,0.0007380304159596562,,,1.0,normal
312,10,scenario1_stationary,moper,50,1.0,0,0.060625,0.197,0.5,0.5,-0.1288125,-0.15975922346115112,1.2964399047632469e-06,0.0005882750265300274,,,1.0,normal
313,10,scenario1_stationary,moper,50,0.0,1,0.09,0.11199999999999999,0.5,0.5,-0.10099999999999999,-0.15998119115829468,4.950660695612896e-06,0.0006764404242858291,,,1.0,normal
314,10,scenario1_stationary,moper,50,0.0,1,0.09,0.11199999999999999,0.5,0.5,-0.10099999999999999,-0.16071033477783203,1.7894766415338381e-06,0.0005755953025072813,,,1.0,normal
315,10,scenario1_stationary,moper,50,1.0,0,0.060625,0.197,0.5,0.5,-0.1288125,-0.16046275198459625,7.938842827570625e-07,0.0004853071295656264,,,1.0,normal
316,10,scenario1_stationary,moper,50,0.0,1,0.09,0.11199999999999999,0.5,0.5,-0.10099999999999999,-0.16060294210910797,4.6570539780077524e-06,0.0006670805159956217,,,1.0,normal
317,10,scenario1_stationary,moper,50,1.0,0,0.060625,0.197,0.5,0.5,-0.1288125,-0.16044573485851288,9.057064858097874e-07,0.00048103585140779614,,,1.0,normal
318,10,scenario1_stationary,moper,50,1.9000000000000004,0,0.0611875,0.19790000000000002,0.5,0.5,-0.12954375,-0.1613524705171585,1.4415136320167221e-06,0.0005934040527790785,,,1.0,normal
319,10,scenario1_stationary,moper,50,0.0,1,0.09,0.11199999999999999,0.5,0.5,-0.10099999999999999,-0.1605280041694641,5.2247874009481166e-06,0.000647675828076899,,,1.0,normal
320,10,scenario1_stationary,moper,50,0.0,1,0.09,0.11199999999999999,0.5,0.5,-0.10099999999999999,-0.16087736189365387,1.7326740362477722e-06,0.0005532282521016896,,,1.0,normal
321,10,scenario1_stationary,moper,50,1.0,0,0.060625,0.197,0.5,0.5,-0.1288125,-0.16110196709632874,1.2343884918664116e-06,0.0005194192053750157,,,1.0,normal
322,10,scenario1_stationary,moper,50,0.0,1,0.09,0.11199999999999999,0.5,0.5,-0.10099999999999999,-0.1613849401473999,5.16100408276543e-06,0.0006691244198009372,,,1.0,normal
323,10,scenario1_stationary,moper,50,1.0,0,0.060625,0.197,0.5,0.5,-0.1288125,-0.16128982603549957,9.812749794946285e-07,0.0004730637592729181,,,1.0,normal
324,10,scenario1_stationary,moper,50,0.0,1,0.09,0.11199999999999999,0.5,0.5,-0.10099999999999999,-0.16154871881008148,1.292049319090438e-06,0.00047147099394351244,,,1.0,normal
325,10,scenario1_stationary,moper,50,1.0,0,0.060625,0.197,0.5,0.5,-0.1288125,-0.16188929975032806,1.0229812232864788e-06,0.0004951183218508959,,,1.0,normal
326,10,scenario1_stationary,moper,50,0.0,1,0.09,0.11199999999999999,0.5,0.5,-0.10099999999999999,-0.16162517666816711,7.018995802354766e-07,0.00038842810317873955,,,1.0,normal
327,10,scenario1_stationary,moper,50,1.0,0,0.060625,0.197,0.5,0.5,-0.1288125,-0.16161099076271057,8.617552111900295e-07,0.00040535745210945606,,,1.0,normal
328,10,scenario1_stationary,moper,50,0.0,1,0.09,0.11199999999999999,0.5,0.5,-0.10099999999999999,-0.1619754135608673,1.0349086778660421e-06,0.0004547956050373614,,,1.0,normal
329,10,scenario1_stationary,moper,50,0.0,1,0.09,0.11199999999999999,0.5,0.5,-0.10099999999999999,-0.16185221076011658,1.0156015832762932e-06,0.0004861625493504107,,,1.0,normal
330,10,scenario1_stationary,moper,50,1.0,0,0.060625,0.197,0.5,0.5,-0.1288125,-0.16264256834983826,1.3362794106797082e-06,0.0005247143562883139,,,1.0,normal
331,10,scenario1_stationary,moper,50,1.9000000000000004,0,0.0611875,0.19790000000000002,0.5,0.5,-0.12954375,-0.1622888445854187,8.011598993107327e-07,0.0003958918387070298,,,1.0,normal
332,10,scenario1_stationary,moper,50,0.0,1,0.09,0.11199999999999999,0.5,0.5,-0.10099999999999999,-0.16297052800655365,1.7409204247087473e-06,0.00048554473323747516,,,1.0,normal
333,10,scenario1_stationary,moper,50,0.0,1,0.09,0.11199999999999999,0.5,0.5,-0.10099999999999999,-0.162920743227005,4.554328370431904e-06,0.0006036685663275421,,,1.0,normal
334,10,scenario1_stationary,moper,50,1.0,0,0.060625,0.197,0.5,0.5,-0.1288125,-0.16283315420150757,9.406213621332427e-07,0.00045904493890702724,,,1.0,normal
335,10,scenario1_stationary,moper,50,0.0,1,0.09,0.11199999999999999,0.5,0.5,-0.10099999999999999,-0.1628447026014328,7.779048587508441e-07,0.000440084288129583,,,1.0,normal
336,10,scenario1_stationary,moper,50,0.0,1,0.09,0.11199999999999999,0.5,0.5,-0.10099999999999999,-0.16272315382957458,1.3233307072368916e-06,0.00047884159721434116,,,1.0,normal
337,10,scenario1_stationary,moper,50,1.0,0,0.060625,0.197,0.5,0.5,-0.1288125,-0.1631564348936081,1.011905396808288e-06,0.0005052685737609863,,,1.0,normal
338,10,scenario1_stationary,moper,50,0.0,1,0.09,0.11199999999999999,0.5,0.5,-0.10099999999999999,-0.162673681974411,7.878409178374568e-07,0.0004678184923250228,,,1.0,normal
339,10,scenario1_stationary,moper,50,0.0,1,0.09,0.11199999999999999,0.5,0.5,-0.10099999999999999,-0.16351622343063354,1.7615827800909756e-06,0.0005470250034704804,,,1.0,normal
340,10,scenario1_stationary,moper,50,0.0,1,0.09,0.11199999999999999,0.5,0.5,-0.10099999999999999,-0.16399946808815002,2.2105564312369097e-06,0.0006058597355149686,,,1.0,normal
341,10,scenario1_stationary,moper,50,0.0,1,0.09,0.11199999999999999,0.5,0.5,-0.10099999999999999,-0.16349154710769653,5.358126600185642e-06,0.0007192339980974793,,,1.0,normal
342,10,scenario1_stationary,moper,50,0.0,1,0.09,0.11199999999999999,0.5,0.5,-0.10099999999999999,-0.16287752985954285,6.249178454709181e-07,0.00040171787259168923,,,1.0,normal
343,10,scenario1_stationary,moper,50,0.0,1,0.09,0.11199999999999999,0.5,0.5,-0.10099999999999999,-0.16368821263313293,1.513460233582009e-06,0.00048247919767163694,,,1.0,normal
344,10,scenario1_stationary,moper,50,0.0,1,0.09,0.11199999999999999,0.5,0.5,-0.10099999999999999,-0.16306369006633759,7.18766784757463e-07,0.00039739240310154855,,,1.0,normal
345,10,scenario1_stationary,moper,50,0.0,1,0.09,0.11199999999999999,0.5,0.5,-0.10099999999999999,-0.1631886512041092,1.154492565547116e-06,0.0004676612443290651,,,1.0,normal
346,10,scenario1_stationary,moper,50,0.0,1,0.09,0.11199999999999999,0.5,0.5,-0.10099999999999999,-0.16375142335891724,1.3423555174085777e-06,0.0005425602430477738,,,1.0,normal
347,10,scenario1_stationary,moper,50,0.0,1,0.09,0.11199999999999999,0.5,0.5,-0.10099999999999999,-0.1644086092710495,1.5881191757216584e-06,0.0005520029808394611,,,1.0,normal
348,10,scenario1_stationary,moper,50,1.0,0,0.060625,0.197,0.5,0.5,-0.1288125,-0.16384673118591309,4.323851953813573e-06,0.000610747782047838,,,1.0,normal
349,10,scenario1_stationary,moper,50,1.9000000000000004,0,0.0611875,0.19790000000000002,0.5,0.5,-0.12954375,-0.1642782837152481,1.1660254131129477e-06,0.0004778555885422975,,,1.0,normal
350,10,scenario1_stationary,moper,50,2.710000000000001,0,0.061693750000000006,0.19871000000000003,0.5,0.5,-0.13020187500000002,-0.1637365221977234,5.556820497076842e-07,0.0003697128558997065,,,1.0,normal
351,10,scenario1_stationary,moper,50,0.0,1,0.09,0.11199999999999999,0.5,0.5,-0.10099999999999999,-0.1646425724029541,1.512196718067571e-06,0.0005090029444545507,,,1.0,normal
352,10,scenario1_stationary,moper,50,0.0,1,0.09,0.11199999999999999,0.5,0.5,-0.10099999999999999,-0.1645563244819641,1.0430686643303488e-06,0.00043255838681943715,,,1.0,normal
353,10,scenario1_stationary,moper,50,0.0,1,0.09,0.11199999999999999,0.5,0.5,-0.10099999999999999,-0.16420778632164001,4.40154781244928e-06,0.0005720292683690786,,,1.0,normal
354,10,scenario1_stationary,moper,50,0.0,1,0.09,0.11199999999999999,0.5,0.5,-0.10099999999999999,-0.16449303925037384,1.041961922965129e-06,0.0004301078151911497,,,1.0,normal
355,10,scenario1_stationary,moper,50,0.0,1,0.09,0.11199999999999999,0.5,0.5,-0.10099999999999999,-0.16448432207107544,1.3805648677589488e-06,0.0004650150949601084,,,1.0,normal
356,10,scenario1_stationary,moper,50,1.0,0,0.060625,0.197,0.5,0.5,-0.1288125,-0.16472186148166656,4.6706195462320466e-06,0.0006300252862274647,,,1.0,normal
357,10,scenario1_stationary,moper,50,0.0,1,0.09,0.11199999999999999,0.5,0.5,-0.10099999999999999,-0.16485048830509186,8.253009013969859e-07,0.0004677053075283766,,,1.0,normal
358,10,scenario1_stationary,moper,50,0.0,1,0.09,0.11199999999999999,0.5,0.5,-0.10099999999999999,-0.16553306579589844,1.569653591104725e-06,0.000520965491887182,,,1.0,normal
359,10,scenario1_stationary,moper,50,0.0,1,0.09,0.11199999999999999,0.5,0.5,-0.10099999999999999,-0.1646016240119934,6.259023166421684e-07,0.00039551922236569226,,,1.0,normal
360,10,scenario1_stationary,moper,50,0.0,1,0.09,0.11199999999999999,0.5,0.5,-0.10099999999999999,-0.16555921733379364,1.2347163647064008e-06,0.0005435113562270999,,,1.0,normal
361,10,scenario1_stationary,moper,50,0.0,1,0.09,0.11199999999999999,0.5,0.5,-0.10099999999999999,-0.1654781997203827,7.352759325840452e-07,0.00044889390119351447,,,1.0,normal
362,10,scenario1_stationary,moper,50,0.0,1,0.09,0.11199999999999999,0.5,0.5,-0.10099999999999999,-0.16558592021465302,1.4460892998613417e-06,0.0004845219664275646,,,1.0,normal
363,10,scenario1_stationary,moper,50,1.0,0,0.060625,0.197,0.5,0.5,-0.1288125,-0.16584008932113647,7.702633411099669e-07,0.00044686763430945575,,,1.0,normal
364,10,scenario1_stationary,moper,50,0.0,1,0.09,0.11199999999999999,0.5,0.5,-0.10099999999999999,-0.16602346301078796,1.934694637384382e-06,0.0004722100275103003,,,1.0,normal
365,10,scenario1_stationary,moper,50,1.0,0,0.060625,0.197,0.5,0.5,-0.1288125,-0.16603371500968933,1.9356129996594973e-06,0.0004938709316775203,,,1.0,normal
366,10,scenario1_stationary,moper,50,1.9000000000000004,0,0.0611875,0.19790000000000002,0.5,0.5,-0.12954375,-0.16577252745628357,9.174320325655572e-07,0.00042418439988978207,,,1.0,normal
367,10,scenario1_stationary,moper,50,0.0,1,0.09,0.11199999999999999,0.5,0.5,-0.10099999999999999,-0.16560706496238708,5.199411816647626e-07,0.0003150006814394146,,,1.0,normal
368,10,scenario1_stationary,moper,50,0.0,1,0.09,0.11199999999999999,0.5,0.5,-0.10099999999999999,-0.16602256894111633,8.536377436030307e-07,0.00037324836011976004,,,1.0,normal
369,10,scenario1_stationary,moper,50,0.0,1,0.09,0.11199999999999999,0.5,0.5,-0.10099999999999999,-0.1663709431886673,6.226859454727673e-07,0.0003627178375609219,,,1.0,normal
370,10,scenario1_stationary,moper,50,1.0,0,0.060625,0.197,0.5,0.5,-0.1288125,-0.16647392511367798,6.532553697979893e-07,0.00034903065534308553,,,1.0,normal
371,10,scenario1_stationary,moper,50,1.9000000000000004,0,0.0611875,0.19790000000000002,0.5,0.5,-0.12954375,-0.16654714941978455,1.0924536582024302e-06,0.00044241640716791153,,,1.0,normal
372,10,scenario1_stationary,moper,50,0.0,1,0.09,0.11199999999999999,0.5,0.5,-0.10099999999999999,-0.16660025715827942,4.113326212973334e-06,0.000550159253180027,,,1.0,normal
373,10,scenario1_stationary,moper,50,1.0,0,0.060625,0.197,0.5,0.5,-0.1288125,-0.16692112386226654,1.0033213584392797e-06,0.0004440435441210866,,,1.0,normal
374,10,scenario1_stationary,moper,50,0.0,1,0.09,0.11199999999999999,0.5,0.5,-0.10099999999999999,-0.16666311025619507,8.230251182794746e-07,0.00037072482518851757,,,1.0,normal
375,10,scenario1_stationary,moper,50,0.0,1,0.09,0.11199999999999999,0.5,0.5,-0.10099999999999999,-0.16665054857730865,5.666837523676804e-07,0.00034715933725237846,,,1.0,normal
376,10,scenario1_stationary,moper,50,0.0,1,0.09,0.11199999999999999,0.5,0.5,-0.10099999999999999,-0.16692814230918884,6.512005938930088e-07,0.0003685198025777936,,,1.0,normal
377,10,scenario1_stationary,moper,50,1.0,0,0.060625,0.197,0.5,0.5,-0.1288125,-0.167459636926651,2.4208941340475576e-06,0.0004966469714418054,,,1.0,normal
378,10,scenario1_stationary,moper,50,1.9000000000000004,0,0.0611875,0.19790000000000002,0.5,0.5,-0.12954375,-0.16714397072792053,4.461590208393318e-07,0.00035921199014410377,,,1.0,normal
379,10,scenario1_stationary,moper,50,0.0,1,0.09,0.11199999999999999,0.5,0.5,-0.10099999999999999,-0.16711381077766418,7.605680707456486e-07,0.0004598638042807579,,,1.0,normal
380,10,scenario1_stationary,moper,50,1.0,0,0.060625,0.197,0.5,0.5,-0.1288125,-0.16753582656383514,5.3357671276899055e-06,0.0007145514246076345,,,1.0,normal
381,10,scenario1_stationary,moper,50,0.0,1,0.09,0.11199999999999999,0.5,0.5,-0.10099999999999999,-0.16718542575836182,3.934431333618704e-06,0.0005920339608564973,,,1.0,normal
382,10,scenario1_stationary,moper,50,1.0,0,0.060625,0.197,0.5,0.5,-0.1288125,-0.16795289516448975,2.114141125275637e-06,0.0005951954517513514,,,1.0,normal
383,10,scenario1_stationary,moper,50,0.0,1,0.09,0.11199999999999999,0.5,0.5,-0.10099999999999999,-0.167625293135643,7.304685141207301e-07,0.0004895295714959502,,,1.0,normal
384,10,scenario1_stationary,moper,50,1.0,0,0.060625,0.197,0.5,0.5,-0.1288125,-0.1677047312259674,1.1615973107836908e-06,0.0004912599106319249,,,1.0,normal
385,10,scenario1_stationary,moper,50,1.9000000000000004,0,0.0611875,0.19790000000000002,0.5,0.5,-0.12954375,-0.1677507609128952,5.801618385703478e-07,0.00041255721589550376,,,1.0,normal
386,10,scenario1_stationary,moper,50,0.0,1,0.09,0.11199999999999999,0.5,0.5,-0.10099999999999999,-0.16846859455108643,1.5229068139888113e-06,0.0004578765365295112,,,1.0,normal
387,10,scenario1_stationary,moper,50,1.0,0,0.060625,0.197,0.5,0.5,-0.1288125,-0.16804514825344086,9.619668617233401e-07,0.000414841779274866,,,1.0,normal
388,10,scenario1_stationary,moper,50,1.9000000000000004,0,0.0611875,0.19790000000000002,0.5,0.5,-0.12954375,-0.1680060774087906,6.995811645538197e-07,0.000350786343915388,,,1.0,normal
389,10,scenario1_stationary,moper,50,2.710000000000001,0,0.061693750000000006,0.19871000000000003,0.5,0.5,-0.13020187500000002,-0.16865937411785126,7.375667792075546e-07,0.00039395049680024385,,,1.0,normal
390,10,scenario1_stationary,moper,50,3.439,0,0.062149375,0.199439,0.5,0.5,-0.1307941875,-0.1688118427991867,2.4627793209219817e-06,0.0005700033507309854,,,1.0,normal
391,10,scenario1_stationary,moper,50,0.0,1,0.09,0.11199999999999999,0.5,0.5,-0.10099999999999999,-0.16850882768630981,7.950073950269143e-07,0.0003864013124257326,,,1.0,normal
392,10,scenario1_stationary,moper,50,0.0,1,0.09,0.11199999999999999,0.5,0.5,-0.10099999999999999,-0.1687678098678589,1.4941579138394445e-06,0.0004907735274173319,,,1.0,normal
393,10,scenario1_stationary,moper,50,1.0,0,0.060625,0.197,0.5,0.5,-0.1288125,-0.16876912117004395,3.573052254068898e-06,0.0005043343408033252,,,1.0,normal
394,10,scenario1_stationary,moper,50,0.0,1,0.09,0.11199999999999999,0.5,0.5,-0.10099999999999999,-0.16915202140808105,2.103728547808714e-06,0.0005535747623071074,,,1.0,normal
395,10,scenario1_stationary,moper,50,1.0,0,0.060625,0.197,0.5,0.5,-0.1288125,-0.1687740683555603,1.8441784277456463e-06,0.00047639384865760803,,,1.0,normal
396,10,scenario1_stationary,moper,50,0.0,1,0.09,0.11199999999999999,0.5,0.5,-0.10099999999999999,-0.1687479317188263,1.0395580147815053e-06,0.0004698217089753598,,,1.0,normal
397,10,scenario1_stationary,moper,50,0.0,1,0.09,0.11199999999999999,0.5,0.5,-0.10099999999999999,-0.16892804205417633,7.278739531102474e-07,0.00043890869710594416,,,1.0,normal
398,10,scenario1_stationary,moper,50,0.0,1,0.09,0.11199999999999999,0.5,0.5,-0.10099999999999999,-0.16966405510902405,4.755602276418358e-06,0.0006956030847504735,,,1.0,normal
399,10,scenario1_stationary,moper,50,0.0,1,0.09,0.11199999999999999,0.5,0.5,-0.10099999999999999,-0.16998499631881714,1.2690067023868323e-06,0.0005043723504059017,,,1.0,normal
400,10,scenario1_stationary,moper,50,1.0,0,0.060625,0.197,0.5,0.5,-0.1288125,-0.16939346492290497,4.84463271277491e-07,0.0003551951376721263,,,1.0,normal
401,10,scenario1_stationary,moper,50,1.9000000000000004,0,0.0611875,0.19790000000000002,0.5,0.5,-0.12954375,-0.16961835324764252,1.4756849395780591e-06,0.0005351313739083707,,,1.0,normal
402,10,scenario1_stationary,moper,50,0.0,1,0.09,0.11199999999999999,0.5,0.5,-0.10099999999999999,-0.16975440084934235,3.862296580336988e-06,0.0005949392216280103,,,1.0,normal
403,10,scenario1_stationary,moper,50,1.0,0,0.060625,0.197,0.5,0.5,-0.1288125,-0.1698552668094635,5.787139230051253e-07,0.0003910534724127501,,,1.0,normal
404,10,scenario1_stationary,moper,50,1.9000000000000004,0,0.0611875,0.19790000000000002,0.5,0.5,-0.12954375,-0.17031101882457733,1.8725487507254002e-06,0.00047865865053609014,,,1.0,normal
405,10,scenario1_stationary,moper,50,2.710000000000001,0,0.061693750000000006,0.19871000000000003,0.5,0.5,-0.13020187500000002,-0.17022854089736938,7.40835730539402e-07,0.0003746710135601461,,,1.0,normal
406,10,scenario1_stationary,moper,50,3.439,0,0.062149375,0.199439,0.5,0.5,-0.1307941875,-0.16970090568065643,4.3900124069296e-07,0.0002830447629094124,,,1.0,normal
407,10,scenario1_stationary,moper,50,4.0951,0,0.06255943750000001,0.20009510000000003,0.5,0.5,-0.13132726875,-0.16995981335639954,4.4341430793792824e-07,0.0003288370789960027,,,1.0,normal
408,10,scenario1_stationary,moper,50,0.0,1,0.09,0.11199999999999999,0.5,0.5,-0.10099999999999999,-0.1707078218460083,1.74095771399152e-06,0.0004930087015964091,,,1.0,normal
409,10,scenario1_stationary,moper,50,1.0,0,0.060625,0.197,0.5,0.5,-0.1288125,-0.17049112915992737,7.749509904897423e-07,0.000431694439612329,,,1.0,normal
410,10,scenario1_stationary,moper,50,0.0,1,0.09,0.11199999999999999,0.5,0.5,-0.10099999999999999,-0.1706082820892334,3.3992996577580925e-06,0.0005002015386708081,,,1.0,normal
411,10,scenario1_stationary,moper,50,1.0,0,0.060625,0.197,0.5,0.5,-0.1288125,-0.17103517055511475,1.912566176542896e-06,0.00048371084267273545,,,1.0,normal
412,10,scenario1_stationary,moper,50,1.9000000000000004,0,0.0611875,0.19790000000000002,0.5,0.5,-0.12954375,-0.17094223201274872,7.784759077367198e-07,0.00035176705569028854,,,1.0,normal
413,10,scenario1_stationary,moper,50,2.710000000000001,0,0.061693750000000006,0.19871000000000003,0.5,0.5,-0.13020187500000002,-0.1709730476140976,5.627060772894765e-07,0.0003413264930713922,,,1.0,normal
414,10,scenario1_stationary,moper,50,0.0,1,0.09,0.11199999999999999,0.5,0.5,-0.10099999999999999,-0.17088425159454346,3.543669663486071e-06,0.000478230242151767,,,1.0,normal
415,10,scenario1_stationary,moper,50,1.0,0,0.060625,0.197,0.5,0.5,-0.1288125,-0.1711646020412445,6.1789211258656e-07,0.0003560378681868315,,,1.0,normal
416,10,scenario1_stationary,moper,50,1.9000000000000004,0,0.0611875,0.19790000000000002,0.5,0.5,-0.12954375,-0.1709335744380951,5.601301609203801e-07,0.00032085785642266273,,,1.0,normal
417,10,scenario1_stationary,moper,50,0.0,1,0.09,0.11199999999999999,0.5,0.5,-0.10099999999999999,-0.1715160608291626,5.857419296262378e-07,0.00038148995372466743,,,1.0,normal
418,10,scenario1_stationary,moper,50,0.0,1,0.09,0.11199999999999999,0.5,0.5,-0.10099999999999999,-0.17138183116912842,3.3296669244009536e-06,0.00048825747217051685,,,1.0,normal
419,10,scenario1_stationary,moper,50,1.0,0,0.060625,0.197,0.5,0.5,-0.1288125,-0.17197340726852417,1.5029622772999573e-06,0.00044777285074815154,,,1.0,normal
420,10,scenario1_stationary,moper,50,0.0,1,0.09,0.11199999999999999,0.5,0.5,-0.10099999999999999,-0.17139749228954315,3.2210627978201956e-06,0.0005276016891002655,,,1.0,normal
421,10,scenario1_stationary,moper,50,1.0,0,0.060625,0.197,0.5,0.5,-0.1288125,-0.1715366691350937,3.4093659451173153e-06,0.000547566101886332,,,1.0,normal
422,10,scenario1_stationary,moper,50,1.9000000000000004,0,0.0611875,0.19790000000000002,0.5,0.5,-0.12954375,-0.17157156765460968,3.730229309439892e-06,0.0006234077736735344,,,1.0,normal
423,10,scenario1_stationary,moper,50,2.710000000000001,0,0.061693750000000006,0.19871000000000003,0.5,0.5,-0.13020187500000002,-0.1716972291469574,6.374228291861073e-07,0.00041391700506210327,,,1.0,normal
424,10,scenario1_stationary,moper,50,3.439,0,0.062149375,0.199439,0.5,0.5,-0.1307941875,-0.1720849871635437,6.916989150340669e-07,0.00041657875408418477,,,1.0,normal
425,10,scenario1_stationary,moper,50,4.0951,0,0.06255943750000001,0.20009510000000003,0.5,0.5,-0.13132726875,-0.17213694751262665,8.346269169123843e-07,0.00044309679651632905,,,1.0,normal
426,10,scenario1_stationary,moper,50,0.0,1,0.09,0.11199999999999999,0.5,0.5,-0.10099999999999999,-0.17288720607757568,2.030308678513393e-06,0.0004947895649820566,,,1.0,normal
427,10,scenario1_stationary,moper,50,0.0,1,0.09,0.11199999999999999,0.5,0.5,-0.10099999999999999,-0.17234373092651367,4.8436402266816e-07,0.0003139766922686249,,,1.0,normal
428,10,scenario1_stationary,moper,50,1.0,0,0.060625,0.197,0.5,0.5,-0.1288125,-0.17290326952934265,3.318013114039786e-06,0.0005181879387237132,,,1.0,normal
429,10,scenario1_stationary,moper,50,1.9000000000000004,0,0.0611875,0.19790000000000002,0.5,0.5,-0.12954375,-0.17237696051597595,8.808575557850418e-07,0.0003313804045319557,,,1.0,normal
430,10,scenario1_stationary,moper,50,2.710000000000001,0,0.061693750000000006,0.19871000000000003,0.5,0.5,-0.13020187500000002,-0.17307665944099426,7.145571316868882e-07,0.0003986581868957728,,,1.0,normal
431,10,scenario1_stationary,moper,50,0.0,1,0.09,0.11199999999999999,0.5,0.5,-0.10099999999999999,-0.17304350435733795,1.1322441650918336e-06,0.0004139231750741601,,,1.0,normal
432,10,scenario1_stationary,moper,50,1.0,0,0.060625,0.197,0.5,0.5,-0.1288125,-0.17299896478652954,5.579853450399241e-07,0.0003663731040433049,,,1.0,normal
433,10,scenario1_stationary,moper,50,1.9000000000000004,0,0.0611875,0.19790000000000002,0.5,0.5,-0.12954375,-0.17354662716388702,2.35554807659355e-06,0.00048808957217261195,,,1.0,normal
434,10,scenario1_stationary,moper,50,2.710000000000001,0,0.061693750000000006,0.19871000000000003,0.5,0.5,-0.13020187500000002,-0.17322786152362823,1.0502579925741884e-06,0.00048212180263362825,,,1.0,normal
435,10,scenario1_stationary,moper,50,0.0,1,0.09,0.11199999999999999,0.5,0.5,-0.10099999999999999,-0.17323026061058044,8.1664887829902e-07,0.0003922361647710204,,,1.0,normal
436,10,scenario1_stationary,moper,50,1.0,0,0.060625,0.197,0.5,0.5,-0.1288125,-0.1733556091785431,5.839589789502497e-07,0.00037535480805672705,,,1.0,normal
437,10,scenario1_stationary,moper,50,0.0,1,0.09,0.11199999999999999,0.5,0.5,-0.10099999999999999,-0.1733458787202835,4.433465790043556e-07,0.0003120708861388266,,,1.0,normal
438,10,scenario1_stationary,moper,50,1.0,0,0.060625,0.197,0.5,0.5,-0.1288125,-0.1738523691892624,7.659416496608173e-07,0.0004138993099331856,,,1.0,normal
439,10,scenario1_stationary,moper,50,1.9000000000000004,0,0.0611875,0.19790000000000002,0.5,0.5,-0.12954375,-0.17325830459594727,1.037825427374628e-06,0.0004017267201561481,,,1.0,normal
440,10,scenario1_stationary,moper,50,2.710000000000001,0,0.061693750000000006,0.19871000000000003,0.5,0.5,-0.13020187500000002,-0.17377649247646332,7.245363349284162e-07,0.0004100049554836005,,,1.0,normal
441,10,scenario1_stationary,moper,50,0.0,1,0.09,0.11199999999999999,0.5,0.5,-0.10099999999999999,-0.17407111823558807,6.161329793030745e-07,0.00037388334749266505,,,1.0,normal
442,10,scenario1_stationary,moper,50,0.0,1,0.09,0.11199999999999999,0.5,0.5,-0.10099999999999999,-0.17388606071472168,4.951131700181577e-07,0.00033711615833453834,,,1.0,normal
443,10,scenario1_stationary,moper,50,0.0,1,0.09,0.11199999999999999,0.5,0.5,-0.10099999999999999,-0.17414699494838715,5.141889687365619e-07,0.0003228104906156659,,,1.0,normal
444,10,scenario1_stationary,moper,50,0.0,1,0.09,0.11199999999999999,0.5,0.5,-0.10099999999999999,-0.1741587519645691,5.208021320868284e-07,0.0003463724278844893,,,1.0,normal
445,10,scenario1_stationary,moper,50,1.0,0,0.060625,0.197,0.5,0.5,-0.1288125,-0.17425084114074707,5.276519345898123e-07,0.0003495494311209768,,,1.0,normal
446,10,scenario1_stationary,moper,50,0.0,1,0.09,0.11199999999999999,0.5,0.5,-0.10099999999999999,-0.1743370145559311,4.409485541145841e-07,0.00030831637559458613,,,1.0,normal
447,10,scenario1_stationary,moper,50,1.0,0,0.060625,0.197,0.5,0.5,-0.1288125,-0.17494787275791168,5.55237966182176e-06,0.0006161056226119399,,,1.0,normal
448,10,scenario1_stationary,moper,50,0.0,1,0.09,0.11199999999999999,0.5,0.5,-0.10099999999999999,-0.17434437572956085,5.07334277699556e-07,0.00033726514084264636,,,1.0,normal
449,10,scenario1_stationary,moper,50,1.0,0,0.060625,0.197,0.5,0.5,-0.1288125,-0.1746283322572708,1.1624159697021241e-06,0.00044307566713541746,,,1.0,normal
450,10,scenario1_stationary,moper,50,1.9000000000000004,0,0.0611875,0.19790000000000002,0.5,0.5,-0.12954375,-0.17506512999534607,2.287514234922128e-06,0.00041885548853315413,,,1.0,normal
451,10,scenario1_stationary,moper,50,0.0,1,0.09,0.11199999999999999,0.5,0.5,-0.10099999999999999,-0.17455406486988068,8.685847205924802e-07,0.000337840523570776,,,1.0,normal
452,10,scenario1_stationary,moper,50,1.0,0,0.060625,0.197,0.5,0.5,-0.1288125,-0.17493438720703125,1.0930351663773763e-06,0.00040946772787719965,,,1.0,normal
453,10,scenario1_stationary,moper,50,0.0,1,0.09,0.11199999999999999,0.5,0.5,-0.10099999999999999,-0.17495623230934143,8.788250056568359e-07,0.00037999922642484307,,,1.0,normal
454,10,scenario1_stationary,moper,50,1.0,0,0.060625,0.197,0.5,0.5,-0.1288125,-0.17504073679447174,4.172361798282509e-07,0.00030073412926867604,,,1.0,normal
455,10,scenario1_stationary,moper,50,0.0,1,0.09,0.11199999999999999,0.5,0.5,-0.10099999999999999,-0.17568790912628174,1.5713969787611859e-06,0.0004170571337454021,,,1.0,normal
456,10,scenario1_stationary,moper,50,1.0,0,0.060625,0.197,0.5,0.5,-0.1288125,-0.17544430494308472,8.08371396487928e-07,0.00036871543852612376,,,1.0,normal
457,10,scenario1_stationary,moper,50,1.9000000000000004,0,0.0611875,0.19790000000000002,0.5,0.5,-0.12954375,-0.17536580562591553,1.047611021931516e-06,0.0003579616895876825,,,1.0,normal
458,10,scenario1_stationary,moper,50,2.710000000000001,0,0.061693750000000006,0.19871000000000003,0.5,0.5,-0.13020187500000002,-0.1756870299577713,1.2034570318064652e-06,0.00031519599724560976,,,1.0,normal
459,10,scenario1_stationary,moper,50,3.439,0,0.062149375,0.199439,0.5,0.5,-0.1307941875,-0.17562811076641083,1.0284445579600288e-06,0.0003823229344561696,,,1.0,normal
460,10,scenario1_stationary,moper,50,0.0,1,0.09,0.11199999999999999,0.5,0.5,-0.10099999999999999,-0.17580972611904144,9.2545599272853e-07,0.00040199534851126373,,,1.0,normal
461,10,scenario1_stationary,moper,50,0.0,1,0.09,0.11199999999999999,0.5,0.5,-0.10099999999999999,-0.17579227685928345,5.488387273544504e-07,0.0003231504815630615,,,1.0,normal
462,10,scenario1_stationary,moper,50,1.0,0,0.060625,0.197,0.5,0.5,-0.1288125,-0.17597739398479462,7.374367214652011e-07,0.00033902909490279853,,,1.0,normal
463,10,scenario1_stationary,moper,50,1.9000000000000004,0,0.0611875,0.19790000000000002,0.5,0.5,-0.12954375,-0.17599382996559143,2.904069560827338e-06,0.0004128658038098365,,,1.0,normal
464,10,scenario1_stationary,moper,50,2.710000000000001,0,0.061693750000000006,0.19871000000000003,0.5,0.5,-0.13020187500000002,-0.17613351345062256,4.471428951546841e-07,0.0002672644332051277,,,1.0,normal
465,10,scenario1_stationary,moper,50,3.439,0,0.062149375,0.199439,0.5,0.5,-0.1307941875,-0.17657150328159332,6.377111958499881e-07,0.0003733533376362175,,,1.0,normal
466,10,scenario1_stationary,moper,50,4.0951,0,0.06255943750000001,0.20009510000000003,0.5,0.5,-0.13132726875,-0.1766795814037323,3.647913899840205e-07,0.0002882772241719067,,,1.0,normal
467,10,scenario1_stationary,moper,50,4.685590000000001,0,0.06292849375000001,0.20068559000000002,0.5,0.5,-0.13180704187500003,-0.17662957310676575,6.138130856925272e-07,0.0003702329413499683,,,1.0,normal
468,10,scenario1_stationary,moper,50,5.217031000000002,0,0.063260644375,0.201217031,0.5,0.5,-0.1322388376875,-0.1765938550233841,8.710951533430489e-07,0.00035211563226766884,,,1.0,normal
469,10,scenario1_stationary,moper,50,0.0,1,0.09,0.11199999999999999,0.5,0.5,-0.10099999999999999,-0.17666417360305786,4.552184691419825e-07,0.0002972781367134303,,,1.0,normal
470,10,scenario1_stationary,moper,50,1.0,0,0.060625,0.197,0.5,0.5,-0.1288125,-0.1771520972251892,2.9639181775564793e-06,0.0004610522591974586,,,1.0,normal
471,10,scenario1_stationary,moper,50,0.0,1,0.09,0.11199999999999999,0.5,0.5,-0.10099999999999999,-0.17705518007278442,4.441935175236722e-07,0.0003588926629163325,,,1.0,normal
472,10,scenario1_stationary,moper,50,0.0,1,0.09,0.11199999999999999,0.5,0.5,-0.10099999999999999,-0.17737220227718353,4.8016536311479285e-06,0.0005807834095321596,,,1.0,normal
473,10,scenario1_stationary,moper,50,0.0,1,0.09,0.11199999999999999,0.5,0.5,-0.10099999999999999,-0.17698736488819122,7.187576898104453e-07,0.00036073115188628435,,,1.0,normal
474,10,scenario1_stationary,moper,50,1.0,0,0.060625,0.197,0.5,0.5,-0.1288125,-0.1771967113018036,6.692495162496925e-07,0.00035600256524048746,,,1.0,normal
475,10,scenario1_stationary,moper,50,1.9000000000000004,0,0.0611875,0.19790000000000002,0.5,0.5,-0.12954375,-0.17705866694450378,7.582783609905164e-07,0.000322607607813552,,,1.0,normal
476,10,scenario1_stationary,moper,50,2.710000000000001,0,0.061693750000000006,0.19871000000000003,0.5,0.5,-0.13020187500000002,-0.17791980504989624,1.7681386452750303e-06,0.0004434569273144007,,,1.0,normal
477,10,scenario1_stationary,moper,50,3.439,0,0.062149375,0.199439,0.5,0.5,-0.1307941875,-0.17730404436588287,3.2793462878544233e-07,0.00028829037910327315,,,1.0,normal
478,10,scenario1_stationary,moper,50,0.0,1,0.09,0.11199999999999999,0.5,0.5,-0.10099999999999999,-0.1778016835451126,2.9254060791572556e-06,0.0005067080492153764,,,1.0,normal
479,10,scenario1_stationary,moper,50,1.0,0,0.060625,0.197,0.5,0.5,-0.1288125,-0.17755797505378723,9.798059181775898e-07,0.00037855972186662257,,,1.0,normal
480,10,scenario1_stationary,moper,50,1.9000000000000004,0,0.0611875,0.19790000000000002,0.5,0.5,-0.12954375,-0.1777106672525406,7.020859129625023e-07,0.0003576408780645579,,,1.0,normal
481,10,scenario1_stationary,moper,50,2.710000000000001,0,0.061693750000000006,0.19871000000000003,0.5,0.5,-0.13020187500000002,-0.1780833601951599,5.1135435796823e-07,0.00034283616696484387,,,1.0,normal
482,10,scenario1_stationary,moper,50,0.0,1,0.09,0.11199999999999999,0.5,0.5,-0.10099999999999999,-0.17798852920532227,1.1354034086252796e-06,0.0004354629199951887,,,1.0,normal
483,10,scenario1_stationary,moper,50,0.0,1,0.09,0.11199999999999999,0.5,0.5,-0.10099999999999999,-0.17813678085803986,3.2138445931195747e-06,0.0005537955439649522,,,1.0,normal
484,10,scenario1_stationary,moper,50,1.0,0,0.060625,0.197,0.5,0.5,-0.1288125,-0.17863449454307556,6.870358220112394e-07,0.0004126928688492626,,,1.0,normal
485,10,scenario1_stationary,moper,50,0.0,1,0.09,0.11199999999999999,0.5,0.5,-0.10099999999999999,-0.17849385738372803,7.373058679149835e-07,0.00038462551310658455,,,1.0,normal
486,10,scenario1_stationary,moper,50,1.0,0,0.060625,0.197,0.5,0.5,-0.1288125,-0.1786571890115738,7.188797326307395e-07,0.0004240974667482078,,,1.0,normal
487,10,scenario1_stationary,moper,50,0.0,1,0.09,0.11199999999999999,0.5,0.5,-0.10099999999999999,-0.17886313796043396,1.7562012999405852e-06,0.000502656796015799,,,1.0,normal
488,10,scenario1_stationary,moper,50,1.0,0,0.060625,0.197,0.5,0.5,-0.1288125,-0.17867432534694672,4.821415586775402e-07,0.0003938869049306959,,,1.0,normal
489,10,scenario1_stationary,moper,50,0.0,1,0.09,0.11199999999999999,0.5,0.5,-0.10099999999999999,-0.17849665880203247,2.750740804913221e-06,0.0005414259503595531,,,1.0,normal
490,10,scenario1_stationary,moper,50,1.0,0,0.060625,0.197,0.5,0.5,-0.1288125,-0.178846538066864,8.640928399472614e-07,0.00048072898061946034,,,1.0,normal
491,10,scenario1_stationary,moper,50,1.9000000000000004,0,0.0611875,0.19790000000000002,0.5,0.5,-0.12954375,-0.17879486083984375,5.298671794662368e-07,0.0003623774100560695,,,1.0,normal
492,10,scenario1_stationary,moper,50,2.710000000000001,0,0.061693750000000006,0.19871000000000003,0.5,0.5,-0.13020187500000002,-0.17936071753501892,5.195159928916837e-07,0.0003473495598882437,,,1.0,normal
493,10,scenario1_stationary,moper,50,0.0,1,0.09,0.11199999999999999,0.5,0.5,-0.10099999999999999,-0.17938169836997986,9.325335668108892e-07,0.000386072788387537,,,1.0,normal
494,10,scenario1_stationary,moper,50,0.0,1,0.09,0.11199999999999999,0.5,0.5,-0.10099999999999999,-0.179540753364563,7.25128984413459e-07,0.00034708273597061634,,,1.0,normal
495,10,scenario1_stationary,moper,50,1.0,0,0.060625,0.197,0.5,0.5,-0.1288125,-0.17955955862998962,2.9445192240018514e-07,0.000256367027759552,,,1.0,normal
496,10,scenario1_stationary,moper,50,0.0,1,0.09,0.11199999999999999,0.5,0.5,-0.10099999999999999,-0.17984628677368164,3.0930405046092346e-06,0.00048537313705310225,,,1.0,normal
497,10,scenario1_stationary,moper,50,1.0,0,0.060625,0.197,0.5,0.5,-0.1288125,-0.17961524426937103,2.3619286082521285e-07,0.00020409104763530195,,,1.0,normal
498,10,scenario1_stationary,moper,50,0.0,1,0.09,0.11199999999999999,0.5,0.5,-0.10099999999999999,-0.17981630563735962,5.456386702462623e-07,0.00026438740314915776,,,1.0,normal
499,10,scenario1_stationary,moper,50,1.0,0,0.060625,0.197,0.5,0.5,-0.1288125,-0.18018949031829834,5.614720066660084e-07,0.0003548713284544647,,,1.0,normal
500,10,scenario1_stationary,moper,50,1.9000000000000004,0,0.0611875,0.19790000000000002,0.5,0.5,-0.12954375,-0.1802389770746231,7.151780891945236e-07,0.0003524077183101326,,,1.0,normal
501,10,scenario1_stationary,moper,50,0.0,1,0.09,0.11199999999999999,0.5,0.5,-0.10099999999999999,-0.1802183836698532,4.758815066452371e-07,0.0002667519438546151,,,1.0,normal
502,10,scenario1_stationary,moper,50,1.0,0,0.060625,0.197,0.5,0.5,-0.1288125,-0.18017064034938812,6.47218371341296e-07,0.0002942655119113624,,,1.0,normal
503,10,scenario1_stationary,moper,50,0.0,1,0.09,0.11199999999999999,0.5,0.5,-0.10099999999999999,-0.18047407269477844,7.886894195507921e-07,0.0003926501958630979,,,1.0,normal
504,10,scenario1_stationary,moper,50,1.0,0,0.060625,0.197,0.5,0.5,-0.1288125,-0.1805446743965149,5.817707915412029e-07,0.00040916434954851866,,,1.0,normal
505,10,scenario1_stationary,moper,50,1.9000000000000004,0,0.0611875,0.19790000000000002,0.5,0.5,-0.12954375,-0.18026617169380188,3.2157117857423145e-07,0.00029844805249013007,,,1.0,normal
506,10,scenario1_stationary,moper,50,0.0,1,0.09,0.11199999999999999,0.5,0.5,-0.10099999999999999,-0.180390864610672,3.6418512650016055e-07,0.00032088597072288394,,,1.0,normal
507,10,scenario1_stationary,moper,50,1.0,0,0.060625,0.197,0.5,0.5,-0.1288125,-0.1806710809469223,7.207687531263218e-07,0.00038030475843697786,,,1.0,normal
508,10,scenario1_stationary,moper,50,0.0,1,0.09,0.11199999999999999,0.5,0.5,-0.10099999999999999,-0.18075692653656006,4.910711481898034e-07,0.0003418732376303524,,,1.0,normal
509,10,scenario1_stationary,moper,50,1.0,0,0.060625,0.197,0.5,0.5,-0.1288125,-0.18097682297229767,4.6607362946815556e-07,0.000334773154463619,,,1.0,normal
510,10,scenario1_stationary,moper,50,1.9000000000000004,0,0.0611875,0.19790000000000002,0.5,0.5,-0.12954375,-0.18101054430007935,3.498358012166136e-07,0.00028832280077040195,,,1.0,normal
511,10,scenario1_stationary,moper,50,0.0,1,0.09,0.11199999999999999,0.5,0.5,-0.10099999999999999,-0.18133649230003357,9.516388672636822e-07,0.00042300799395889044,,,1.0,normal
512,10,scenario1_stationary,moper,50,1.0,0,0.060625,0.197,0.5,0.5,-0.1288125,-0.18142735958099365,6.422076808121346e-07,0.00031163942185230553,,,1.0,normal
513,10,scenario1_stationary,moper,50,0.0,1,0.09,0.11199999999999999,0.5,0.5,-0.10099999999999999,-0.18146637082099915,1.0234916771878488e-06,0.0003453344397712499,,,1.0,normal
514,10,scenario1_stationary,moper,50,1.0,0,0.060625,0.197,0.5,0.5,-0.1288125,-0.1815837174654007,2.5789540814002976e-06,0.00041133034392260015,,,1.0,normal
515,10,scenario1_stationary,moper,50,1.9000000000000004,0,0.0611875,0.19790000000000002,0.5,0.5,-0.12954375,-0.18137690424919128,3.87518014122179e-07,0.00024413742357864976,,,1.0,normal
516,10,scenario1_stationary,moper,50,0.0,1,0.09,0.11199999999999999,0.5,0.5,-0.10099999999999999,-0.18176311254501343,8.55379767017439e-07,0.0003175621386617422,,,1.0,normal
517,10,scenario1_stationary,moper,50,1.0,0,0.060625,0.197,0.5,0.5,-0.1288125,-0.18195800483226776,9.3882965757075e-07,0.00037278703530319035,,,1.0,normal
518,10,scenario1_stationary,moper,50,0.0,1,0.09,0.11199999999999999,0.5,0.5,-0.10099999999999999,-0.18201106786727905,6.718363465552102e-07,0.0003513346891850233,,,1.0,normal
519,10,scenario1_stationary,moper,50,1.0,0,0.060625,0.197,0.5,0.5,-0.1288125,-0.18190997838974,5.025224254495697e-07,0.000328482041368261,,,1.0,normal
520,10,scenario1_stationary,moper,50,1.9000000000000004,0,0.0611875,0.19790000000000002,0.5,0.5,-0.12954375,-0.1817876398563385,2.463651981088333e-06,0.0004420135810505599,,,1.0,normal
521,10,scenario1_stationary,moper,50,2.710000000000001,0,0.061693750000000006,0.19871000000000003,0.5,0.5,-0.13020187500000002,-0.18197080492973328,5.824600748383091e-07,0.00036972336238250136,,,1.0,normal
522,10,scenario1_stationary,moper,50,0.0,1,0.09,0.11199999999999999,0.5,0.5,-0.10099999999999999,-0.18206782639026642,2.765511453617364e-06,0.0005094293737784028,,,1.0,normal
523,10,scenario1_stationary,moper,50,0.0,1,0.09,0.11199999999999999,0.5,0.5,-0.10099999999999999,-0.18221890926361084,4.965253310729167e-07,0.0003836649702861905,,,1.0,normal
524,10,scenario1_stationary,moper,50,1.0,0,0.060625,0.197,0.5,0.5,-0.1288125,-0.18225905299186707,9.371435680805007e-07,0.0004252453218214214,,,1.0,normal
525,10,scenario1_stationary,moper,50,0.0,1,0.09,0.11199999999999999,0.5,0.5,-0.10099999999999999,-0.1824507862329483,5.588326530414633e-07,0.00038360286271199584,,,1.0,normal
526,10,scenario1_stationary,moper,50,1.0,0,0.060625,0.197,0.5,0.5,-0.1288125,-0.18274736404418945,5.466753805194458e-07,0.00038027617847546935,,,1.0,normal
527,10,scenario1_stationary,moper,50,0.0,1,0.09,0.11199999999999999,0.5,0.5,-0.10099999999999999,-0.1830085664987564,4.009635631518904e-06,0.0005554770468734205,,,1.0,normal
528,10,scenario1_stationary,moper,50,1.0,0,0.060625,0.197,0.5,0.5,-0.1288125,-0.18262970447540283,3.977861524617765e-07,0.0003082780458498746,,,1.0,normal
529,10,scenario1_stationary,moper,50,0.0,1,0.09,0.11199999999999999,0.5,0.5,-0.10099999999999999,-0.18293452262878418,3.2303574926118017e-07,0.00030112534295767546,,,1.0,normal
530,10,scenario1_stationary,moper,50,1.0,0,0.060625,0.197,0.5,0.5,-0.1288125,-0.183043971657753,5.403533123171655e-07,0.0003231063310522586,,,1.0,normal
531,10,scenario1_stationary,moper,50,0.0,1,0.09,0.11199999999999999,0.5,0.5,-0.10099999999999999,-0.18323299288749695,3.7476260672519857e-07,0.00028373574605211616,,,1.0,normal
532,10,scenario1_stationary,moper,50,0.0,1,0.09,0.11199999999999999,0.5,0.5,-0.10099999999999999,-0.1833851933479309,4.815011038772354e-07,0.0003325135330669582,,,1.0,normal
533,10,scenario1_stationary,moper,50,1.0,0,0.060625,0.197,0.5,0.5,-0.1288125,-0.18316422402858734,8.726520945856464e-07,0.0003325672878418118,,,1.0,normal
534,10,scenario1_stationary,moper,50,0.0,1,0.09,0.11199999999999999,0.5,0.5,-0.10099999999999999,-0.1835605502128601,3.9842848309490364e-07,0.00029768614331260324,,,1.0,normal
535,10,scenario1_stationary,moper,50,0.0,1,0.09,0.11199999999999999,0.5,0.5,-0.10099999999999999,-0.18356910347938538,5.049483888797113e-07,0.00030238431645557284,,,1.0,normal
536,10,scenario1_stationary,moper,50,1.0,0,0.060625,0.197,0.5,0.5,-0.1288125,-0.18381761014461517,8.868367444847536e-07,0.00035403971560299397,,,1.0,normal
537,10,scenario1_stationary,moper,50,0.0,1,0.09,0.11199999999999999,0.5,0.5,-0.10099999999999999,-0.183898463845253,1.0481920753591112e-06,0.0003766131994780153,,,1.0,normal
538,10,scenario1_stationary,moper,50,1.0,0,0.060625,0.197,0.5,0.5,-0.1288125,-0.184083953499794,2.62325193034485e-06,0.0004465888487175107,,,1.0,normal
539,10,scenario1_stationary,moper,50,0.0,1,0.09,0.11199999999999999,0.5,0.5,-0.10099999999999999,-0.18409675359725952,4.338429789640941e-06,0.0005285652005113661,,,1.0,normal
540,10,scenario1_stationary,moper,50,0.0,1,0.09,0.11199999999999999,0.5,0.5,-0.10099999999999999,-0.18398332595825195,4.349516871116066e-07,0.00030737827182747424,,,1.0,normal
541,10,scenario1_stationary,moper,50,1.0,0,0.060625,0.197,0.5,0.5,-0.1288125,-0.18393482267856598,4.162540108154644e-07,0.000313507771352306,,,1.0,normal
542,10,scenario1_stationary,moper,50,0.0,1,0.09,0.11199999999999999,0.5,0.5,-0.10099999999999999,-0.1842467188835144,6.57665566450305e-07,0.0003745796566363424,,,1.0,normal
543,10,scenario1_stationary,moper,50,1.0,0,0.060625,0.197,0.5,0.5,-0.1288125,-0.18425728380680084,3.0201641720850603e-07,0.0002918062382377684,,,1.0,normal
544,10,scenario1_stationary,moper,50,1.9000000000000004,0,0.0611875,0.19790000000000002,0.5,0.5,-0.12954375,-0.18428196012973785,2.1764549273939338e-06,0.00038135514478199184,,,1.0,normal
545,10,scenario1_stationary,moper,50,2.710000000000001,0,0.061693750000000006,0.19871000000000003,0.5,0.5,-0.13020187500000002,-0.18476653099060059,6.680363071609463e-07,0.0003677063505165279,,,1.0,normal
546,10,scenario1_stationary,moper,50,3.439,0,0.062149375,0.199439,0.5,0.5,-0.1307941875,-0.18460391461849213,7.309990905923769e-07,0.0003072589752264321,,,1.0,normal
547,10,scenario1_stationary,moper,50,4.0951,0,0.06255943750000001,0.20009510000000003,0.5,0.5,-0.13132726875,-0.18476618826389313,5.607624871117878e-07,0.0002800087386276573,,,1.0,normal
548,10,scenario1_stationary,moper,50,4.685590000000001,0,0.06292849375000001,0.20068559000000002,0.5,0.5,-0.13180704187500003,-0.1849474310874939,6.343306040434982e-07,0.0003389157063793391,,,1.0,normal
549,10,scenario1_stationary,moper,50,0.0,1,0.09,0.11199999999999999,0.5,0.5,-0.10099999999999999,-0.1849886178970337,1.0327044037694577e-06,0.0003617362817749381,,,1.0,normal
550,10,scenario1_stationary,moper,50,1.0,0,0.060625,0.197,0.5,0.5,-0.1288125,-0.18528953194618225,7.47810872780974e-07,0.0003341259143780917,,,1.0,normal
551,10,scenario1_stationary,moper,50,1.9000000000000004,0,0.0611875,0.19790000000000002,0.5,0.5,-0.12954375,-0.1851218044757843,2.2056869966036174e-06,0.00036164233461022377,,,1.0,normal
552,10,scenario1_stationary,moper,50,2.710000000000001,0,0.061693750000000006,0.19871000000000003,0.5,0.5,-0.13020187500000002,-0.18533501029014587,7.574116693831456e-07,0.00030085869366303086,,,1.0,normal
553,10,scenario1_stationary,moper,50,3.439,0,0.062149375,0.199439,0.5,0.5,-0.1307941875,-0.1854146122932434,3.4147058158850996e-07,0.0002496923552826047,,,1.0,normal
554,10,scenario1_stationary,moper,50,0.0,1,0.09,0.11199999999999999,0.5,0.5,-0.10099999999999999,-0.18577052652835846,6.658726761088474e-07,0.00033308230922557414,,,1.0,normal
555,10,scenario1_stationary,moper,50,0.0,1,0.09,0.11199999999999999,0.5,0.5,-0.10099999999999999,-0.1856544017791748,3.155254830744525e-07,0.00027222069911658764,,,1.0,normal
556,10,scenario1_stationary,moper,50,1.0,0,0.060625,0.197,0.5,0.5,-0.1288125,-0.18572179973125458,5.945547627561609e-07,0.00034158886410295963,,,1.0,normal
557,10,scenario1_stationary,moper,50,1.9000000000000004,0,0.0611875,0.19790000000000002,0.5,0.5,-0.12954375,-0.1859586089849472,4.411013833305333e-06,0.0005201658932492137,,,1.0,normal
558,10,scenario1_stationary,moper,50,0.0,1,0.09,0.11199999999999999,0.5,0.5,-0.10099999999999999,-0.1855400800704956,4.63075934931112e-07,0.0003282361722085625,,,1.0,normal
559,10,scenario1_stationary,moper,50,1.0,0,0.060625,0.197,0.5,0.5,-0.1288125,-0.18576130270957947,8.077297479758272e-07,0.0004217457608319819,,,1.0,normal
560,10,scenario1_stationary,moper,50,0.0,1,0.09,0.11199999999999999,0.5,0.5,-0.10099999999999999,-0.18599262833595276,2.599770823508152e-06,0.0005410073790699244,,,1.0,normal
561,10,scenario1_stationary,moper,50,1.0,0,0.060625,0.197,0.5,0.5,-0.1288125,-0.18613727390766144,7.538844783994136e-07,0.000350570073351264,,,1.0,normal
562,10,scenario1_stationary,moper,50,1.9000000000000004,0,0.0611875,0.19790000000000002,0.5,0.5,-0.12954375,-0.18631044030189514,3.853963619349088e-07,0.0002932351198978722,,,1.0,normal
563,10,scenario1_stationary,moper,50,0.0,1,0.09,0.11199999999999999,0.5,0.5,-0.10099999999999999,-0.18627238273620605,5.53609197595506e-07,0.0003118195163551718,,,1.0,normal
564,10,scenario1_stationary,moper,50,1.0,0,0.060625,0.197,0.5,0.5,-0.1288125,-0.18642453849315643,2.9911529964010697e-07,0.0002588038332760334,,,1.0,normal
565,10,scenario1_stationary,moper,50,0.0,1,0.09,0.11199999999999999,0.5,0.5,-0.10099999999999999,-0.18666355311870575,1.0353051038691774e-06,0.00042944817687384784,,,1.0,normal
566,10,scenario1_stationary,moper,50,0.0,1,0.09,0.11199999999999999,0.5,0.5,-0.10099999999999999,-0.18686194717884064,2.6414670628582826e-07,0.0002421327808406204,,,1.0,normal
567,10,scenario1_stationary,moper,50,1.0,0,0.060625,0.197,0.5,0.5,-0.1288125,-0.18681731820106506,6.067969025025377e-07,0.00033131317468360066,,,1.0,normal
568,10,scenario1_stationary,moper,50,0.0,1,0.09,0.11199999999999999,0.5,0.5,-0.10099999999999999,-0.18683718144893646,4.5013365479462664e-07,0.00027514994144439697,,,1.0,normal
569,10,scenario1_stationary,moper,50,0.0,1,0.09,0.11199999999999999,0.5,0.5,-0.10099999999999999,-0.1870555877685547,3.1507232733929413e-07,0.0002906341978814453,,,1.0,normal
570,10,scenario1_stationary,moper,50,1.0,0,0.060625,0.197,0.5,0.5,-0.1288125,-0.18715068697929382,3.956170360197575e-07,0.0003027999773621559,,,1.0,normal
571,10,scenario1_stationary,moper,50,0.0,1,0.09,0.11199999999999999,0.5,0.5,-0.10099999999999999,-0.18712306022644043,2.0498498543020105e-06,0.0004059509374201298,,,1.0,normal
572,10,scenario1_stationary,moper,50,1.0,0,0.060625,0.197,0.5,0.5,-0.1288125,-0.1871582567691803,2.2819131118012592e-06,0.0004806151846423745,,,1.0,normal
573,10,scenario1_stationary,moper,50,1.9000000000000004,0,0.0611875,0.19790000000000002,0.5,0.5,-0.12954375,-0.18724843859672546,5.747440923187241e-07,0.00031067722011357546,,,1.0,normal
574,10,scenario1_stationary,moper,50,0.0,1,0.09,0.11199999999999999,0.5,0.5,-0.10099999999999999,-0.1874106377363205,9.18738521704654e-07,0.0003755000652745366,,,1.0,normal
575,10,scenario1_stationary,moper,50,0.0,1,0.09,0.11199999999999999,0.5,0.5,-0.10099999999999999,-0.18775227665901184,6.944527513041976e-07,0.0003294495982117951,,,1.0,normal
576,10,scenario1_stationary,moper,50,0.0,1,0.09,0.11199999999999999,0.5,0.5,-0.10099999999999999,-0.18778744339942932,5.5265245464397594e-06,0.000492495484650135,,,1.0,normal
577,10,scenario1_stationary,moper,50,1.0,0,0.060625,0.197,0.5,0.5,-0.1288125,-0.18757468461990356,7.410245075334387e-07,0.00031381440930999815,,,1.0,normal
578,10,scenario1_stationary,moper,50,1.9000000000000004,0,0.0611875,0.19790000000000002,0.5,0.5,-0.12954375,-0.18787787854671478,6.741939273524622e-07,0.00035386200761422515,,,1.0,normal
579,10,scenario1_stationary,moper,50,2.710000000000001,0,0.061693750000000006,0.19871000000000003,0.5,0.5,-0.13020187500000002,-0.18825042247772217,2.9535308385675307e-06,0.00038723237230442464,,,1.0,normal
580,10,scenario1_stationary,moper,50,0.0,1,0.09,0.11199999999999999,0.5,0.5,-0.10099999999999999,-0.18814797699451447,4.390421111111209e-07,0.0002928200992755592,,,1.0,normal
581,10,scenario1_stationary,moper,50,0.0,1,0.09,0.11199999999999999,0.5,0.5,-0.10099999999999999,-0.18815769255161285,6.611702474401682e-07,0.0003346723970025778,,,1.0,normal
582,10,scenario1_stationary,moper,50,0.0,1,0.09,0.11199999999999999,0.5,0.5,-0.10099999999999999,-0.18812602758407593,1.0759308679553214e-06,0.00042556351399980485,,,1.0,normal
583,10,scenario1_stationary,moper,50,1.0,0,0.060625,0.197,0.5,0.5,-0.1288125,-0.18833205103874207,5.37884034201852e-07,0.00029772971174679697,,,1.0,normal
584,10,scenario1_stationary,moper,50,0.0,1,0.09,0.11199999999999999,0.5,0.5,-0.10099999999999999,-0.1884910613298416,1.0323618653274025e-06,0.00041512955795042217,,,1.0,normal
585,10,scenario1_stationary,moper,50,1.0,0,0.060625,0.197,0.5,0.5,-0.1288125,-0.1885225623846054,5.139609129400924e-07,0.00027392033371143043,,,1.0,normal
586,10,scenario1_stationary,moper,50,1.9000000000000004,0,0.0611875,0.19790000000000002,0.5,0.5,-0.12954375,-0.18866141140460968,7.280395379893889e-07,0.00028569920687004924,,,1.0,normal
587,10,scenario1_stationary,moper,50,0.0,1,0.09,0.11199999999999999,0.5,0.5,-0.10099999999999999,-0.18882149457931519,5.02874343055737e-07,0.000306811387417838,,,1.0,normal
588,10,scenario1_stationary,moper,50,0.0,1,0.09,0.11199999999999999,0.5,0.5,-0.10099999999999999,-0.1887643039226532,6.705631676595658e-07,0.00028344333986751735,,,1.0,normal
589,10,scenario1_stationary,moper,50,0.0,1,0.09,0.11199999999999999,0.5,0.5,-0.10099999999999999,-0.18913328647613525,5.920926469116239e-07,0.00033402148983441293,,,1.0,normal
590,10,scenario1_stationary,moper,50,0.0,1,0.09,0.11199999999999999,0.5,0.5,-0.10099999999999999,-0.18916672468185425,3.260122980464075e-07,0.00024060774012468755,,,1.0,normal
591,10,scenario1_stationary,moper,50,0.0,1,0.09,0.11199999999999999,0.5,0.5,-0.10099999999999999,-0.18930606544017792,1.8271268231728754e-07,0.00021390127949416637,,,1.0,normal
592,10,scenario1_stationary,moper,50,0.0,1,0.09,0.11199999999999999,0.5,0.5,-0.10099999999999999,-0.18955256044864655,2.414361119917885e-07,0.0002391231246292591,,,1.0,normal
593,10,scenario1_stationary,moper,50,1.0,0,0.060625,0.197,0.5,0.5,-0.1288125,-0.18980008363723755,6.872623998788185e-07,0.00032105084392242134,,,1.0,normal
594,10,scenario1_stationary,moper,50,0.0,1,0.09,0.11199999999999999,0.5,0.5,-0.10099999999999999,-0.18963013589382172,3.3291553336312063e-07,0.0002299761399626732,,,1.0,normal
595,10,scenario1_stationary,moper,50,1.0,0,0.060625,0.197,0.5,0.5,-0.1288125,-0.18980233371257782,5.891605724173132e-06,0.0005138418055139482,,,1.0,normal
596,10,scenario1_stationary,moper,50,0.0,1,0.09,0.11199999999999999,0.5,0.5,-0.10099999999999999,-0.18949881196022034,1.986393272090936e-06,0.00039017180097289383,,,1.0,normal
597,10,scenario1_stationary,moper,50,1.0,0,0.060625,0.197,0.5,0.5,-0.1288125,-0.18965177237987518,5.642762062052498e-07,0.00037985085509717464,,,1.0,normal
598,10,scenario1_stationary,moper,50,1.9000000000000004,0,0.0611875,0.19790000000000002,0.5,0.5,-0.12954375,-0.18988867104053497,2.589811174402712e-06,0.0004999684169888496,,,1.0,normal
599,10,scenario1_stationary,moper,50,2.710000000000001,0,0.061693750000000006,0.19871000000000003,0.5,0.5,-0.13020187500000002,-0.18981945514678955,3.5864934488927247e-07,0.00031795978429727256,,,1.0,normal
600,10,scenario1_stationary,moper,50,3.439,0,0.062149375,0.199439,0.5,0.5,-0.1307941875,-0.1898806393146515,3.924228337837121e-07,0.00026574099319987,,,1.0,normal
601,10,scenario1_stationary,moper,50,4.0951,0,0.06255943750000001,0.20009510000000003,0.5,0.5,-0.13132726875,-0.18988998234272003,1.2902338539788616e-06,0.0004821683105546981,,,1.0,normal
602,10,scenario1_stationary,moper,50,0.0,1,0.09,0.11199999999999999,0.5,0.5,-0.10099999999999999,-0.19025397300720215,6.082847221478005e-07,0.0004292173543944955,,,1.0,normal
603,10,scenario1_stationary,moper,50,1.0,0,0.060625,0.197,0.5,0.5,-0.1288125,-0.1904221475124359,7.366384693341388e-07,0.0004073930613230914,,,1.0,normal
604,10,scenario1_stationary,moper,50,0.0,1,0.09,0.11199999999999999,0.5,0.5,-0.10099999999999999,-0.19054001569747925,9.685639952294878e-07,0.00045021530240774155,,,1.0,normal
605,10,scenario1_stationary,moper,50,0.0,1,0.09,0.11199999999999999,0.5,0.5,-0.10099999999999999,-0.19060871005058289,1.0699154699977953e-06,0.0004156711511313915,,,1.0,normal
606,10,scenario1_stationary,moper,50,0.0,1,0.09,0.11199999999999999,0.5,0.5,-0.10099999999999999,-0.19091616570949554,1.8276479067935725e-06,0.000394976232200861,,,1.0,normal
607,10,scenario1_stationary,moper,50,1.0,0,0.060625,0.197,0.5,0.5,-0.1288125,-0.19060002267360687,1.9055810298596043e-06,0.00040933178388513625,,,1.0,normal
608,10,scenario1_stationary,moper,50,0.0,1,0.09,0.11199999999999999,0.5,0.5,-0.10099999999999999,-0.19081996381282806,6.228569873201195e-07,0.0004000222834292799,,,1.0,normal
609,10,scenario1_stationary,moper,50,1.0,0,0.060625,0.197,0.5,0.5,-0.1288125,-0.19113506376743317,1.7684309341348126e-06,0.00041843875078484416,,,1.0,normal
610,10,scenario1_stationary,moper,50,0.0,1,0.09,0.11199999999999999,0.5,0.5,-0.10099999999999999,-0.19118575751781464,6.561060672538588e-07,0.00039681565249338746,,,1.0,normal
611,10,scenario1_stationary,moper,50,0.0,1,0.09,0.11199999999999999,0.5,0.5,-0.10099999999999999,-0.19117596745491028,3.2281360518027213e-07,0.0002858709776774049,,,1.0,normal
612,10,scenario1_stationary,moper,50,0.0,1,0.09,0.11199999999999999,0.5,0.5,-0.10099999999999999,-0.19136324524879456,4.1495400182611775e-07,0.00031914509600028396,,,1.0,normal
613,10,scenario1_stationary,moper,50,0.0,1,0.09,0.11199999999999999,0.5,0.5,-0.10099999999999999,-0.19133985042572021,4.852851134273806e-07,0.0003142459609080106,,,1.0,normal
614,10,scenario1_stationary,moper,50,0.0,1,0.09,0.11199999999999999,0.5,0.5,-0.10099999999999999,-0.19177214801311493,2.0108445824007504e-06,0.0004719243152067065,,,1.0,normal
615,10,scenario1_stationary,moper,50,0.0,1,0.09,0.11199999999999999,0.5,0.5,-0.10099999999999999,-0.19171670079231262,3.6054910879101953e-07,0.0002999033313244581,,,1.0,normal
616,10,scenario1_stationary,moper,50,1.0,0,0.060625,0.197,0.5,0.5,-0.1288125,-0.19174163043498993,7.143819402699592e-07,0.00030502965091727674,,,1.0,normal
617,10,scenario1_stationary,moper,50,1.9000000000000004,0,0.0611875,0.19790000000000002,0.5,0.5,-0.12954375,-0.1918388456106186,5.163147989151184e-07,0.00030366284772753716,,,1.0,normal
618,10,scenario1_stationary,moper,50,2.710000000000001,0,0.061693750000000006,0.19871000000000003,0.5,0.5,-0.13020187500000002,-0.19203399121761322,4.404805906688125e-07,0.00028318201657384634,,,1.0,normal
619,10,scenario1_stationary,moper,50,3.439,0,0.062149375,0.199439,0.5,0.5,-0.1307941875,-0.1921316683292389,6.191432930791052e-07,0.00031428103102371097,,,1.0,normal
620,10,scenario1_stationary,moper,50,0.0,1,0.09,0.11199999999999999,0.5,0.5,-0.10099999999999999,-0.19235557317733765,5.285464794724248e-07,0.00030224540387280285,,,1.0,normal
621,10,scenario1_stationary,moper,50,1.0,0,0.060625,0.197,0.5,0.5,-0.1288125,-0.19244924187660217,2.1251292992019444e-07,0.00021686521358788013,,,1.0,normal
622,10,scenario1_stationary,moper,50,0.0,1,0.09,0.11199999999999999,0.5,0.5,-0.10099999999999999,-0.19256101548671722,5.299416443449445e-07,0.0002711485722102225,,,1.0,normal
623,10,scenario1_stationary,moper,50,0.0,1,0.09,0.11199999999999999,0.5,0.5,-0.10099999999999999,-0.1928301900625229,2.5092331270570867e-06,0.00040000752778723836,,,1.0,normal
624,10,scenario1_stationary,moper,50,1.0,0,0.060625,0.197,0.5,0.5,-0.1288125,-0.19258159399032593,1.680981199569942e-06,0.000304530025459826,,,1.0,normal
625,10,scenario1_stationary,moper,50,0.0,1,0.09,0.11199999999999999,0.5,0.5,-0.10099999999999999,-0.1926458775997162,4.883962674284703e-07,0.0003208819543942809,,,1.0,normal
626,10,scenario1_stationary,moper,50,0.0,1,0.09,0.11199999999999999,0.5,0.5,-0.10099999999999999,-0.19263078272342682,6.53889287605125e-07,0.00038316939026117325,,,1.0,normal
627,10,scenario1_stationary,moper,50,0.0,1,0.09,0.11199999999999999,0.5,0.5,-0.10099999999999999,-0.19265921413898468,2.3150832362262008e-07,0.0002888170420192182,,,1.0,normal
628,10,scenario1_stationary,moper,50,0.0,1,0.09,0.11199999999999999,0.5,0.5,-0.10099999999999999,-0.19293129444122314,1.852554873948975e-07,0.00023788033286109567,,,1.0,normal
629,10,scenario1_stationary,moper,50,1.0,0,0.060625,0.197,0.5,0.5,-0.1288125,-0.19297677278518677,8.348167170879606e-07,0.00037641084054484963,,,1.0,normal
630,10,scenario1_stationary,moper,50,0.0,1,0.09,0.11199999999999999,0.5,0.5,-0.10099999999999999,-0.19324779510498047,3.009151896549156e-07,0.00028067699167877436,,,1.0,normal
631,10,scenario1_stationary,moper,50,1.0,0,0.060625,0.197,0.5,0.5,-0.1288125,-0.19333752989768982,4.4806512278228183e-07,0.00030100380536168814,,,1.0,normal
632,10,scenario1_stationary,moper,50,0.0,1,0.09,0.11199999999999999,0.5,0.5,-0.10099999999999999,-0.19347289204597473,3.766645022551529e-07,0.000234282691963017,,,1.0,normal
633,10,scenario1_stationary,moper,50,1.0,0,0.060625,0.197,0.5,0.5,-0.1288125,-0.1935887634754181,3.346411574511876e-07,0.0002530690107960254,,,1.0,normal
634,10,scenario1_stationary,moper,50,0.0,1,0.09,0.11199999999999999,0.5,0.5,-0.10099999999999999,-0.1936461180448532,2.7612861686066026e-07,0.0002502857823856175,,,1.0,normal
635,10,scenario1_stationary,moper,50,1.0,0,0.060625,0.197,0.5,0.5,-0.1288125,-0.1938171684741974,1.5627074390067719e-06,0.0003175827441737056,,,1.0,normal
636,10,scenario1_stationary,moper,50,0.0,1,0.09,0.11199999999999999,0.5,0.5,-0.10099999999999999,-0.19372034072875977,3.341523324706941e-07,0.0002745875099208206,,,1.0,normal
637,10,scenario1_stationary,moper,50,0.0,1,0.09,0.11199999999999999,0.5,0.5,-0.10099999999999999,-0.19379743933677673,5.57601538275776e-07,0.0003100667963735759,,,1.0,normal
638,10,scenario1_stationary,moper,50,1.0,0,0.060625,0.197,0.5,0.5,-0.1288125,-0.1939481496810913,5.971091354695091e-07,0.00028425868367776275,,,1.0,normal
639,10,scenario1_stationary,moper,50,1.9000000000000004,0,0.0611875,0.19790000000000002,0.5,0.5,-0.12954375,-0.19410675764083862,4.163471771789773e-07,0.00023508700542151928,,,1.0,normal
640,10,scenario1_stationary,moper,50,0.0,1,0.09,0.11199999999999999,0.5,0.5,-0.10099999999999999,-0.19416917860507965,2.031505118793575e-06,0.00036415361682884395,,,1.0,normal
641,10,scenario1_stationary,moper,50,0.0,1,0.09,0.11199999999999999,0.5,0.5,-0.10099999999999999,-0.1945817619562149,1.167810296465177e-06,0.0003207252302672714,,,1.0,normal
642,10,scenario1_stationary,moper,50,0.0,1,0.09,0.11199999999999999,0.5,0.5,-0.10099999999999999,-0.1943357288837433,5.185821692066384e-07,0.0003044608747586608,,,1.0,normal
643,10,scenario1_stationary,moper,50,1.0,0,0.060625,0.197,0.5,0.5,-0.1288125,-0.194509357213974,5.151889581611613e-07,0.00023314697318710387,,,1.0,normal
644,10,scenario1_stationary,moper,50,0.0,1,0.09,0.11199999999999999,0.5,0.5,-0.10099999999999999,-0.19455772638320923,1.5371482504633605e-06,0.00026765165966935456,,,1.0,normal
645,10,scenario1_stationary,moper,50,0.0,1,0.09,0.11199999999999999,0.5,0.5,-0.10099999999999999,-0.19464382529258728,3.63832924676899e-07,0.00022983754752203822,,,1.0,normal
646,10,scenario1_stationary,moper,50,1.0,0,0.060625,0.197,0.5,0.5,-0.1288125,-0.1948949694633484,2.454559648867871e-07,0.00023078222875483334,,,1.0,normal
647,10,scenario1_stationary,moper,50,1.9000000000000004,0,0.0611875,0.19790000000000002,0.5,0.5,-0.12954375,-0.19500818848609924,1.4157225223243586e-06,0.00036103610182181,,,1.0,normal
648,10,scenario1_stationary,moper,50,2.710000000000001,0,0.061693750000000006,0.19871000000000003,0.5,0.5,-0.13020187500000002,-0.19504764676094055,7.868151215006947e-07,0.00034679699456319213,,,1.0,normal
649,10,scenario1_stationary,moper,50,3.439,0,0.062149375,0.199439,0.5,0.5,-0.1307941875,-0.19512984156608582,2.548897839460551e-07,0.00021345249842852354,,,1.0,normal
650,10,scenario1_stationary,moper,50,0.0,1,0.09,0.11199999999999999,0.5,0.5,-0.10099999999999999,-0.1952241063117981,3.6056445651411195e-07,0.00023052809410728514,,,1.0,normal
651,10,scenario1_stationary,moper,50,0.0,1,0.09,0.11199999999999999,0.5,0.5,-0.10099999999999999,-0.1952821910381317,8.242724902629561e-07,0.00038377492455765605,,,1.0,normal
652,10,scenario1_stationary,moper,50,0.0,1,0.09,0.11199999999999999,0.5,0.5,-0.10099999999999999,-0.1955922394990921,2.175235209733728e-07,0.00022345079923979938,,,1.0,normal
653,10,scenario1_stationary,moper,50,0.0,1,0.09,0.11199999999999999,0.5,0.5,-0.10099999999999999,-0.19574540853500366,1.413482777934405e-06,0.00031510632834397256,,,1.0,normal
654,10,scenario1_stationary,moper,50,0.0,1,0.09,0.11199999999999999,0.5,0.5,-0.10099999999999999,-0.1955169290304184,1.8986843315360602e-06,0.0003138497704640031,,,1.0,normal
655,10,scenario1_stationary,moper,50,1.0,0,0.060625,0.197,0.5,0.5,-0.1288125,-0.19574536383152008,6.6832802758654e-07,0.000289127608994022,,,1.0,normal
656,10,scenario1_stationary,moper,50,0.0,1,0.09,0.11199999999999999,0.5,0.5,-0.10099999999999999,-0.19583222270011902,1.1006522981915623e-06,0.00032516175997443497,,,1.0,normal
657,10,scenario1_stationary,moper,50,0.0,1,0.09,0.11199999999999999,0.5,0.5,-0.10099999999999999,-0.19592776894569397,9.91331148725294e-07,0.00036983683821745217,,,1.0,normal
658,10,scenario1_stationary,moper,50,1.0,0,0.060625,0.197,0.5,0.5,-0.1288125,-0.19605891406536102,5.374788543122122e-07,0.00026354059809818864,,,1.0,normal
659,10,scenario1_stationary,moper,50,1.9000000000000004,0,0.0611875,0.19790000000000002,0.5,0.5,-0.12954375,-0.19632823765277863,5.16868340127985e-07,0.00029301783069968224,,,1.0,normal
660,10,scenario1_stationary,moper,50,2.710000000000001,0,0.061693750000000006,0.19871000000000003,0.5,0.5,-0.13020187500000002,-0.19650821387767792,8.405480684814393e-07,0.0003653369494713843,,,1.0,normal
661,10,scenario1_stationary,moper,50,0.0,1,0.09,0.11199999999999999,0.5,0.5,-0.10099999999999999,-0.1966768503189087,2.2846833758194407e-07,0.00024377729278057814,,,1.0,normal
662,10,scenario1_stationary,moper,50,1.0,0,0.060625,0.197,0.5,0.5,-0.1288125,-0.19665594398975372,2.163380088404665e-07,0.00019828398944810033,,,1.0,normal
663,10,scenario1_stationary,moper,50,1.9000000000000004,0,0.0611875,0.19790000000000002,0.5,0.5,-0.12954375,-0.19657309353351593,5.778185254712298e-07,0.0002585224574431777,,,1.0,normal
664,10,scenario1_stationary,moper,50,2.710000000000001,0,0.061693750000000006,0.19871000000000003,0.5,0.5,-0.13020187500000002,-0.19661922752857208,3.206818348644447e-07,0.00023348457762040198,,,1.0,normal
665,10,scenario1_stationary,moper,50,3.439,0,0.062149375,0.199439,0.5,0.5,-0.1307941875,-0.19685077667236328,2.465264969941927e-07,0.00020486005814746022,,,1.0,normal
666,10,scenario1_stationary,moper,50,0.0,1,0.09,0.11199999999999999,0.5,0.5,-0.10099999999999999,-0.19710037112236023,5.599998189609323e-07,0.0002993266098201275,,,1.0,normal
667,10,scenario1_stationary,moper,50,0.0,1,0.09,0.11199999999999999,0.5,0.5,-0.10099999999999999,-0.1969831883907318,4.5104491164238425e-07,0.0003001776640303433,,,1.0,normal
668,10,scenario1_stationary,moper,50,0.0,1,0.09,0.11199999999999999,0.5,0.5,-0.10099999999999999,-0.19709765911102295,1.8732455941972148e-07,0.00021514773834496737,,,1.0,normal
669,10,scenario1_stationary,moper,50,0.0,1,0.09,0.11199999999999999,0.5,0.5,-0.10099999999999999,-0.19716644287109375,1.8260775505041238e-06,0.000359229976311326,,,1.0,normal
670,10,scenario1_stationary,moper,50,1.0,0,0.060625,0.197,0.5,0.5,-0.1288125,-0.19723302125930786,5.379378649195132e-07,0.0002459862735122442,,,1.0,normal
671,10,scenario1_stationary,moper,50,1.9000000000000004,0,0.0611875,0.19790000000000002,0.5,0.5,-0.12954375,-0.19746364653110504,1.1507367503327259e-07,0.00016548630082979798,,,1.0,normal
672,10,scenario1_stationary,moper,50,2.710000000000001,0,0.061693750000000006,0.19871000000000003,0.5,0.5,-0.13020187500000002,-0.1976587176322937,1.8777507193590282e-06,0.00038924437831155956,,,1.0,normal
673,10,scenario1_stationary,moper,50,0.0,1,0.09,0.11199999999999999,0.5,0.5,-0.10099999999999999,-0.1976717710494995,1.1821599343875278e-07,0.00016004667850211263,,,1.0,normal
674,10,scenario1_stationary,moper,50,1.0,0,0.060625,0.197,0.5,0.5,-0.1288125,-0.19784364104270935,2.3763082026562188e-06,0.00036696725874207914,,,1.0,normal
675,10,scenario1_stationary,moper,50,1.9000000000000004,0,0.0611875,0.19790000000000002,0.5,0.5,-0.12954375,-0.19782088696956635,3.503925540826458e-07,0.0002635468845255673,,,1.0,normal
676,10,scenario1_stationary,moper,50,2.710000000000001,0,0.061693750000000006,0.19871000000000003,0.5,0.5,-0.13020187500000002,-0.19794489443302155,3.607256644500012e-07,0.0002656220458447933,,,1.0,normal
677,10,scenario1_stationary,moper,50,0.0,1,0.09,0.11199999999999999,0.5,0.5,-0.10099999999999999,-0.19801956415176392,3.8717973893653834e-07,0.0002746254322119057,,,1.0,normal
678,10,scenario1_stationary,moper,50,0.0,1,0.09,0.11199999999999999,0.5,0.5,-0.10099999999999999,-0.1980677992105484,1.765572505973978e-06,0.00037524919025599957,,,1.0,normal
679,10,scenario1_stationary,moper,50,1.0,0,0.060625,0.197,0.5,0.5,-0.1288125,-0.19818124175071716,6.263552450036514e-07,0.0003151806886307895,,,1.0,normal
680,10,scenario1_stationary,moper,50,1.9000000000000004,0,0.0611875,0.19790000000000002,0.5,0.5,-0.12954375,-0.19838295876979828,7.172092750806769e-07,0.00031690753530710936,,,1.0,normal
681,10,scenario1_stationary,moper,50,0.0,1,0.09,0.11199999999999999,0.5,0.5,-0.10099999999999999,-0.1985095888376236,6.861459382889734e-07,0.000353570852894336,,,1.0,normal
682,10,scenario1_stationary,moper,50,0.0,1,0.09,0.11199999999999999,0.5,0.5,-0.10099999999999999,-0.19844481348991394,4.849595711675647e-07,0.00027227599639445543,,,1.0,normal
683,10,scenario1_stationary,moper,50,0.0,1,0.09,0.11199999999999999,0.5,0.5,-0.10099999999999999,-0.198690265417099,3.6541848658089293e-07,0.000234375853324309,,,1.0,normal
684,10,scenario1_stationary,moper,50,1.0,0,0.060625,0.197,0.5,0.5,-0.1288125,-0.19876886904239655,2.521609872019326e-07,0.00021982856560498476,,,1.0,normal
685,10,scenario1_stationary,moper,50,1.9000000000000004,0,0.0611875,0.19790000000000002,0.5,0.5,-0.12954375,-0.19895373284816742,4.544338025880279e-07,0.0002472552005201578,,,1.0,normal
686,10,scenario1_stationary,moper,50,0.0,1,0.09,0.11199999999999999,0.5,0.5,-0.10099999999999999,-0.1990286260843277,2.1014497519900033e-07,0.00022262980928644538,,,1.0,normal
687,10,scenario1_stationary,moper,50,0.0,1,0.09,0.11199999999999999,0.5,0.5,-0.10099999999999999,-0.19925042986869812,2.048537453447352e-06,0.00033343766699545085,,,1.0,normal
688,10,scenario1_stationary,moper,50,1.0,0,0.060625,0.197,0.5,0.5,-0.1288125,-0.19915741682052612,5.08603932303231e-07,0.00023092946503311396,,,1.0,normal
689,10,scenario1_stationary,moper,50,0.0,1,0.09,0.11199999999999999,0.5,0.5,-0.10099999999999999,-0.19925501942634583,2.7104897526442073e-07,0.00022068677935749292,,,1.0,normal
690,10,scenario1_stationary,moper,50,1.0,0,0.060625,0.197,0.5,0.5,-0.1288125,-0.19942978024482727,1.8045729177629255e-07,0.000190315447980538,,,1.0,normal
691,10,scenario1_stationary,moper,50,0.0,1,0.09,0.11199999999999999,0.5,0.5,-0.10099999999999999,-0.19953319430351257,2.3977784735507157e-07,0.00019566048285923898,,,1.0,normal
692,10,scenario1_stationary,moper,50,1.0,0,0.060625,0.197,0.5,0.5,-0.1288125,-0.19968099892139435,2.2145289335639973e-07,0.0001869716215878725,,,1.0,normal
693,10,scenario1_stationary,moper,50,0.0,1,0.09,0.11199999999999999,0.5,0.5,-0.10099999999999999,-0.19977298378944397,1.663997863943223e-07,0.0001680926070548594,,,1.0,normal
694,10,scenario1_stationary,moper,50,1.0,0,0.060625,0.197,0.5,0.5,-0.1288125,-0.19991613924503326,3.923943836525723e-07,0.0002145929611288011,,,1.0,normal
695,10,scenario1_stationary,moper,50,0.0,1,0.09,0.11199999999999999,0.5,0.5,-0.10099999999999999,-0.20005595684051514,1.2285106549825286e-06,0.00027138966834172606,,,1.0,normal
696,10,scenario1_stationary,moper,50,1.0,0,0.060625,0.197,0.5,0.5,-0.1288125,-0.20002242922782898,6.692922625006759e-07,0.00023510720347985625,,,1.0,normal
697,10,scenario1_stationary,moper,50,0.0,1,0.09,0.11199999999999999,0.5,0.5,-0.10099999999999999,-0.2001306116580963,8.623089797765715e-07,0.00030217773746699095,,,1.0,normal
698,10,scenario1_stationary,moper,50,0.0,1,0.09,0.11199999999999999,0.5,0.5,-0.10099999999999999,-0.20028440654277802,1.148943965745275e-06,0.0003332289052195847,,,1.0,normal
699,10,scenario1_stationary,moper,50,0.0,1,0.09,0.11199999999999999,0.5,0.5,-0.10099999999999999,-0.20025497674942017,2.91634137283836e-07,0.00021661719074472785,,,1.0,normal
700,10,scenario1_stationary,moper,50,0.0,1,0.09,0.11199999999999999,0.5,0.5,-0.10099999999999999,-0.20032954216003418,6.546990221067972e-07,0.0003354401560500264,,,1.0,normal
701,10,scenario1_stationary,moper,50,1.0,0,0.060625,0.197,0.5,0.5,-0.1288125,-0.20047631859779358,4.230917625136499e-07,0.00025696057127788663,,,1.0,normal
702,10,scenario1_stationary,moper,50,0.0,1,0.09,0.11199999999999999,0.5,0.5,-0.10099999999999999,-0.20065343379974365,1.312532958763768e-06,0.00036725265090353787,,,1.0,normal
703,10,scenario1_stationary,moper,50,0.0,1,0.09,0.11199999999999999,0.5,0.5,-0.10099999999999999,-0.2006499022245407,4.127639954276674e-07,0.0002512866340111941,,,1.0,normal
704,10,scenario1_stationary,moper,50,1.0,0,0.060625,0.197,0.5,0.5,-0.1288125,-0.20077233016490936,2.7468408347886e-07,0.00024771312018856406,,,1.0,normal
705,10,scenario1_stationary,moper,50,1.9000000000000004,0,0.0611875,0.19790000000000002,0.5,0.5,-0.12954375,-0.20082074403762817,6.497878075606422e-07,0.0003118544118478894,,,1.0,normal
706,10,scenario1_stationary,moper,50,2.710000000000001,0,0.061693750000000006,0.19871000000000003,0.5,0.5,-0.13020187500000002,-0.20108914375305176,4.177688310846861e-07,0.00025628763251006603,,,1.0,normal
707,10,scenario1_stationary,moper,50,3.439,0,0.062149375,0.199439,0.5,0.5,-0.1307941875,-0.2012871652841568,1.6991799611787428e-07,0.000149375235196203,,,1.0,normal
708,10,scenario1_stationary,moper,50,4.0951,0,0.06255943750000001,0.20009510000000003,0.5,0.5,-0.13132726875,-0.2014065682888031,2.1583623777132743e-07,0.00018009106861427426,,,1.0,normal
709,10,scenario1_stationary,moper,50,4.685590000000001,0,0.06292849375000001,0.20068559000000002,0.5,0.5,-0.13180704187500003,-0.20143860578536987,6.563924443980795e-07,0.0002879939565900713,,,1.0,normal
710,10,scenario1_stationary,moper,50,0.0,1,0.09,0.11199999999999999,0.5,0.5,-0.10099999999999999,-0.20159511268138885,2.0470204731282138e-07,0.000200950657017529,,,1.0,normal
711,10,scenario1_stationary,moper,50,0.0,1,0.09,0.11199999999999999,0.5,0.5,-0.10099999999999999,-0.20162051916122437,3.2089400292534265e-07,0.00021421234123408794,,,1.0,normal
712,10,scenario1_stationary,moper,50,0.0,1,0.09,0.11199999999999999,0.5,0.5,-0.10099999999999999,-0.2016427367925644,3.8906699728613603e-07,0.00022292823996394873,,,1.0,normal
713,10,scenario1_stationary,moper,50,1.0,0,0.060625,0.197,0.5,0.5,-0.1288125,-0.20176364481449127,2.870507103125419e-07,0.00019822909962385893,,,1.0,normal
714,10,scenario1_stationary,moper,50,1.9000000000000004,0,0.0611875,0.19790000000000002,0.5,0.5,-0.12954375,-0.20196524262428284,1.8579733307433344e-07,0.00018915667897090316,,,1.0,normal
715,10,scenario1_stationary,moper,50,0.0,1,0.09,0.11199999999999999,0.5,0.5,-0.10099999999999999,-0.20207813382148743,3.871002434152615e-07,0.00018802302656695247,,,1.0,normal
716,10,scenario1_stationary,moper,50,1.0,0,0.060625,0.197,0.5,0.5,-0.1288125,-0.20211850106716156,5.830046347909956e-07,0.00027652940480038524,,,1.0,normal
717,10,scenario1_stationary,moper,50,1.9000000000000004,0,0.0611875,0.19790000000000002,0.5,0.5,-0.12954375,-0.20225916802883148,5.870382437933586e-07,0.00022108986740931869,,,1.0,normal
718,10,scenario1_stationary,moper,50,0.0,1,0.09,0.11199999999999999,0.5,0.5,-0.10099999999999999,-0.20249012112617493,2.27742225433758e-06,0.00032555474899709225,,,1.0,normal
719,10,scenario1_stationary,moper,50,0.0,1,0.09,0.11199999999999999,0.5,0.5,-0.10099999999999999,-0.2023504227399826,2.6320665824641765e-07,0.00019950326532125473,,,1.0,normal
720,10,scenario1_stationary,moper,50,0.0,1,0.09,0.11199999999999999,0.5,0.5,-0.10099999999999999,-0.2023596167564392,4.28455592782484e-07,0.0002915625227615237,,,1.0,normal
721,10,scenario1_stationary,moper,50,1.0,0,0.060625,0.197,0.5,0.5,-0.1288125,-0.2025040090084076,4.797534529643599e-07,0.0003300807438790798,,,1.0,normal
722,10,scenario1_stationary,moper,50,1.9000000000000004,0,0.0611875,0.19790000000000002,0.5,0.5,-0.12954375,-0.20257891714572906,4.3790208792415797e-07,0.0002794543979689479,,,1.0,normal
723,10,scenario1_stationary,moper,50,0.0,1,0.09,0.11199999999999999,0.5,0.5,-0.10099999999999999,-0.20276516675949097,4.851007133765961e-07,0.00029424368403851986,,,1.0,normal
724,10,scenario1_stationary,moper,50,1.0,0,0.060625,0.197,0.5,0.5,-0.1288125,-0.20296281576156616,3.67526922673278e-07,0.00032561621628701687,,,1.0,normal
725,10,scenario1_stationary,moper,50,0.0,1,0.09,0.11199999999999999,0.5,0.5,-0.10099999999999999,-0.20311668515205383,2.744058349435363e-07,0.0002766714314930141,,,1.0,normal
726,10,scenario1_stationary,moper,50,0.0,1,0.09,0.11199999999999999,0.5,0.5,-0.10099999999999999,-0.2031269371509552,4.056049931477901e-07,0.00027917639818042517,,,1.0,normal
727,10,scenario1_stationary,moper,50,0.0,1,0.09,0.11199999999999999,0.5,0.5,-0.10099999999999999,-0.20320406556129456,2.7407131142354046e-07,0.00023674790281802416,,,1.0,normal
728,10,scenario1_stationary,moper,50,1.0,0,0.060625,0.197,0.5,0.5,-0.1288125,-0.2032443732023239,3.8618213693553116e-07,0.0002374716568738222,,,1.0,normal
729,10,scenario1_stationary,moper,50,0.0,1,0.09,0.11199999999999999,0.5,0.5,-0.10099999999999999,-0.20319440960884094,1.853293269959977e-06,0.0004785607452504337,,,1.0,normal
730,10,scenario1_stationary,moper,50,1.0,0,0.060625,0.197,0.5,0.5,-0.1288125,-0.203359916806221,3.4763453982122883e-07,0.00033682328648865223,,,1.0,normal
731,10,scenario1_stationary,moper,50,0.0,1,0.09,0.11199999999999999,0.5,0.5,-0.10099999999999999,-0.20355555415153503,4.142208922530699e-07,0.0003139141481369734,,,1.0,normal
732,10,scenario1_stationary,moper,50,1.0,0,0.060625,0.197,0.5,0.5,-0.1288125,-0.2037307769060135,6.23237383479136e-07,0.0003530551039148122,,,1.0,normal
733,10,scenario1_stationary,moper,50,1.9000000000000004,0,0.0611875,0.19790000000000002,0.5,0.5,-0.12954375,-0.20390695333480835,6.723813044118288e-07,0.00033383414847776294,,,1.0,normal
734,10,scenario1_stationary,moper,50,0.0,1,0.09,0.11199999999999999,0.5,0.5,-0.10099999999999999,-0.20401793718338013,2.1810933503729757e-07,0.0002205647761002183,,,1.0,normal
735,10,scenario1_stationary,moper,50,1.0,0,0.060625,0.197,0.5,0.5,-0.1288125,-0.2040828913450241,3.669579768939002e-07,0.0002483796561136842,,,1.0,normal
736,10,scenario1_stationary,moper,50,1.9000000000000004,0,0.0611875,0.19790000000000002,0.5,0.5,-0.12954375,-0.20426535606384277,6.332130624286947e-07,0.00026107538724318147,,,1.0,normal
737,10,scenario1_stationary,moper,50,2.710000000000001,0,0.061693750000000006,0.19871000000000003,0.5,0.5,-0.13020187500000002,-0.20441178977489471,1.5535472357441904e-06,0.00028303457656875253,,,1.0,normal
738,10,scenario1_stationary,moper,50,0.0,1,0.09,0.11199999999999999,0.5,0.5,-0.10099999999999999,-0.20431643724441528,2.2882578321059555e-07,0.0002264303620904684,,,1.0,normal
739,10,scenario1_stationary,moper,50,1.0,0,0.060625,0.197,0.5,0.5,-0.1288125,-0.2043255865573883,6.021336957928725e-07,0.00033020228147506714,,,1.0,normal
740,10,scenario1_stationary,moper,50,1.9000000000000004,0,0.0611875,0.19790000000000002,0.5,0.5,-0.12954375,-0.2044302374124527,1.6137398688442772e-06,0.0003955662250518799,,,1.0,normal
741,10,scenario1_stationary,moper,50,2.710000000000001,0,0.061693750000000006,0.19871000000000003,0.5,0.5,-0.13020187500000002,-0.20458151400089264,4.1171119846694637e-07,0.00027943775057792664,,,1.0,normal
742,10,scenario1_stationary,moper,50,0.0,1,0.09,0.11199999999999999,0.5,0.5,-0.10099999999999999,-0.2046748697757721,5.177644197829068e-07,0.0002844742557499558,,,1.0,normal
743,10,scenario1_stationary,moper,50,0.0,1,0.09,0.11199999999999999,0.5,0.5,-0.10099999999999999,-0.20475980639457703,5.457060296976124e-07,0.0003301333053968847,,,1.0,normal
744,10,scenario1_stationary,moper,50,0.0,1,0.09,0.11199999999999999,0.5,0.5,-0.10099999999999999,-0.20494812726974487,7.12640257916064e-07,0.0003369338810443878,,,1.0,normal
745,10,scenario1_stationary,moper,50,1.0,0,0.060625,0.197,0.5,0.5,-0.1288125,-0.20502206683158875,6.523237061628606e-07,0.0003180293715558946,,,1.0,normal
746,10,scenario1_stationary,moper,50,1.9000000000000004,0,0.0611875,0.19790000000000002,0.5,0.5,-0.12954375,-0.2050664722919464,3.8866608065291075e-07,0.00029690470546483994,,,1.0,normal
747,10,scenario1_stationary,moper,50,0.0,1,0.09,0.11199999999999999,0.5,0.5,-0.10099999999999999,-0.20511199533939362,3.6757575117007946e-07,0.00028967391699552536,,,1.0,normal
748,10,scenario1_stationary,moper,50,0.0,1,0.09,0.11199999999999999,0.5,0.5,-0.10099999999999999,-0.20530030131340027,2.644384835548408e-07,0.0002656972501426935,,,1.0,normal
749,10,scenario1_stationary,moper,50,0.0,1,0.09,0.11199999999999999,0.5,0.5,-0.10099999999999999,-0.2054314911365509,6.770204663553159e-07,0.0003487664507701993,,,1.0,normal
750,10,scenario1_stationary,moper,50,0.0,1,0.09,0.11199999999999999,0.5,0.5,-0.10099999999999999,-0.20565678179264069,1.2452426290110452e-06,0.00030536940903402865,,,1.0,normal
751,10,scenario1_stationary,moper,50,1.0,0,0.060625,0.197,0.5,0.5,-0.1288125,-0.20587921142578125,1.47055288834963e-07,0.00018341789836995304,,,1.0,normal
752,10,scenario1_stationary,moper,50,1.9000000000000004,0,0.0611875,0.19790000000000002,0.5,0.5,-0.12954375,-0.20602676272392273,8.992737434709852e-07,0.00026840774808079004,,,1.0,normal
753,10,scenario1_stationary,moper,50,2.710000000000001,0,0.061693750000000006,0.19871000000000003,0.5,0.5,-0.13020187500000002,-0.20604628324508667,3.875259437791101e-07,0.0002216125139966607,,,1.0,normal
754,10,scenario1_stationary,moper,50,3.439,0,0.062149375,0.199439,0.5,0.5,-0.1307941875,-0.20599640905857086,2.2046236836104072e-07,0.0002045902656391263,,,1.0,normal
755,10,scenario1_stationary,moper,50,0.0,1,0.09,0.11199999999999999,0.5,0.5,-0.10099999999999999,-0.20603688061237335,2.502395375358901e-07,0.00023570709163323045,,,1.0,normal
756,10,scenario1_stationary,moper,50,0.0,1,0.09,0.11199999999999999,0.5,0.5,-0.10099999999999999,-0.20616596937179565,1.7666186522546923e-06,0.000377212418243289,,,1.0,normal
757,10,scenario1_stationary,moper,50,0.0,1,0.09,0.11199999999999999,0.5,0.5,-0.10099999999999999,-0.20614197850227356,2.940827243946842e-07,0.00028316734824329615,,,1.0,normal
758,10,scenario1_stationary,moper,50,1.0,0,0.060625,0.197,0.5,0.5,-0.1288125,-0.20613737404346466,8.615688784630038e-07,0.0004017010214738548,,,1.0,normal
759,10,scenario1_stationary,moper,50,0.0,1,0.09,0.11199999999999999,0.5,0.5,-0.10099999999999999,-0.20636104047298431,1.5792777503520483e-06,0.0004192126798443496,,,1.0,normal
760,10,scenario1_stationary,moper,50,0.0,1,0.09,0.11199999999999999,0.5,0.5,-0.10099999999999999,-0.206559956073761,1.3545513866120018e-06,0.000332262075971812,,,1.0,normal
761,10,scenario1_stationary,moper,50,1.0,0,0.060625,0.197,0.5,0.5,-0.1288125,-0.20668743550777435,3.9306701182795223e-07,0.00030026270542293787,,,1.0,normal
762,10,scenario1_stationary,moper,50,0.0,1,0.09,0.11199999999999999,0.5,0.5,-0.10099999999999999,-0.2067619264125824,1.0265016499033663e-06,0.00040880771121010184,,,1.0,normal
763,10,scenario1_stationary,moper,50,1.0,0,0.060625,0.197,0.5,0.5,-0.1288125,-0.20697082579135895,3.124571890111838e-07,0.00024697292246855795,,,1.0,normal
764,10,scenario1_stationary,moper,50,1.9000000000000004,0,0.0611875,0.19790000000000002,0.5,0.5,-0.12954375,-0.2070886492729187,1.7401976037945133e-07,0.00020889192819595337,,,1.0,normal
765,10,scenario1_stationary,moper,50,2.710000000000001,0,0.061693750000000006,0.19871000000000003,0.5,0.5,-0.13020187500000002,-0.20708253979682922,3.855910222227976e-07,0.00028237979859113693,,,1.0,normal
766,10,scenario1_stationary,moper,50,3.439,0,0.062149375,0.199439,0.5,0.5,-0.1307941875,-0.207198828458786,4.5277272420207737e-07,0.00028271478367969394,,,1.0,normal
767,10,scenario1_stationary,moper,50,0.0,1,0.09,0.11199999999999999,0.5,0.5,-0.10099999999999999,-0.20720642805099487,7.048224119898805e-07,0.00036221544723957777,,,1.0,normal
768,10,scenario1_stationary,moper,50,1.0,0,0.060625,0.197,0.5,0.5,-0.1288125,-0.207380473613739,3.153895704599563e-07,0.00029844444361515343,,,1.0,normal
769,10,scenario1_stationary,moper,50,1.9000000000000004,0,0.0611875,0.19790000000000002,0.5,0.5,-0.12954375,-0.20754870772361755,3.03081492347701e-07,0.00028557414771057665,,,1.0,normal
770,10,scenario1_stationary,moper,50,0.0,1,0.09,0.11199999999999999,0.5,0.5,-0.10099999999999999,-0.20763248205184937,2.820206077558396e-07,0.0002689349348656833,,,1.0,normal
771,10,scenario1_stationary,moper,50,0.0,1,0.09,0.11199999999999999,0.5,0.5,-0.10099999999999999,-0.20783819258213043,2.1955688680463936e-06,0.0003733379999175668,,,1.0,normal
772,10,scenario1_stationary,moper,50,1.0,0,0.060625,0.197,0.5,0.5,-0.1288125,-0.20779627561569214,2.083011452214123e-07,0.0002286691451445222,,,1.0,normal
773,10,scenario1_stationary,moper,50,1.9000000000000004,0,0.0611875,0.19790000000000002,0.5,0.5,-0.12954375,-0.2078462541103363,3.4306265206396347e-07,0.00027346311253495514,,,1.0,normal
774,10,scenario1_stationary,moper,50,2.710000000000001,0,0.061693750000000006,0.19871000000000003,0.5,0.5,-0.13020187500000002,-0.20793157815933228,6.696392347294022e-07,0.0003201380022801459,,,1.0,normal
775,10,scenario1_stationary,moper,50,3.439,0,0.062149375,0.199439,0.5,0.5,-0.1307941875,-0.20828615128993988,2.293038789957791e-07,0.0002355115138925612,,,1.0,normal
776,10,scenario1_stationary,moper,50,0.0,1,0.09,0.11199999999999999,0.5,0.5,-0.10099999999999999,-0.20836223661899567,3.6853356277788407e-07,0.0003178998886141926,,,1.0,normal
777,10,scenario1_stationary,moper,50,1.0,0,0.060625,0.197,0.5,0.5,-0.1288125,-0.2084512859582901,4.429571731634496e-07,0.00029951659962534904,,,1.0,normal
778,10,scenario1_stationary,moper,50,0.0,1,0.09,0.11199999999999999,0.5,0.5,-0.10099999999999999,-0.20853063464164734,3.9138197394095187e-07,0.00025688522146083415,,,1.0,normal
779,10,scenario1_stationary,moper,50,1.0,0,0.060625,0.197,0.5,0.5,-0.1288125,-0.20854124426841736,6.581245770576061e-07,0.0003393455408513546,,,1.0,normal
780,10,scenario1_stationary,moper,50,0.0,1,0.09,0.11199999999999999,0.5,0.5,-0.10099999999999999,-0.2086573988199234,3.6753274912371126e-07,0.0002791013102978468,,,1.0,normal
781,10,scenario1_stationary,moper,50,1.0,0,0.060625,0.197,0.5,0.5,-0.1288125,-0.20880645513534546,1.721058140446985e-07,0.00023810885613784194,,,1.0,normal
782,10,scenario1_stationary,moper,50,1.9000000000000004,0,0.0611875,0.19790000000000002,0.5,0.5,-0.12954375,-0.2088240087032318,8.265890301117906e-07,0.0003532748087309301,,,1.0,normal
783,10,scenario1_stationary,moper,50,2.710000000000001,0,0.061693750000000006,0.19871000000000003,0.5,0.5,-0.13020187500000002,-0.20896659791469574,3.8979044347797753e-07,0.00032535986974835396,,,1.0,normal
784,10,scenario1_stationary,moper,50,0.0,1,0.09,0.11199999999999999,0.5,0.5,-0.10099999999999999,-0.20906402170658112,2.4700216272321995e-07,0.00025569365243427455,,,1.0,normal
785,10,scenario1_stationary,moper,50,1.0,0,0.060625,0.197,0.5,0.5,-0.1288125,-0.2091953605413437,7.346967549892724e-07,0.0003734997007995844,,,1.0,normal
786,10,scenario1_stationary,moper,50,0.0,1,0.09,0.11199999999999999,0.5,0.5,-0.10099999999999999,-0.20938721299171448,1.8393252503301483e-06,0.00037930882535874844,,,1.0,normal
787,10,scenario1_stationary,moper,50,1.0,0,0.060625,0.197,0.5,0.5,-0.1288125,-0.20944516360759735,1.4148338323138887e-06,0.000346570712281391,,,1.0,normal
788,10,scenario1_stationary,moper,50,1.9000000000000004,0,0.0611875,0.19790000000000002,0.5,0.5,-0.12954375,-0.20938117802143097,2.797162323986413e-07,0.0002786052937153727,,,1.0,normal
789,10,scenario1_stationary,moper,50,0.0,1,0.09,0.11199999999999999,0.5,0.5,-0.10099999999999999,-0.2093823254108429,8.390886705456069e-07,0.00040989427361637354,,,1.0,normal
790,10,scenario1_stationary,moper,50,1.0,0,0.060625,0.197,0.5,0.5,-0.1288125,-0.20968948304653168,7.300977244995011e-07,0.00032054277835413814,,,1.0,normal
791,10,scenario1_stationary,moper,50,1.9000000000000004,0,0.0611875,0.19790000000000002,0.5,0.5,-0.12954375,-0.20983600616455078,4.213311513012741e-07,0.0003238837234675884,,,1.0,normal
792,10,scenario1_stationary,moper,50,0.0,1,0.09,0.11199999999999999,0.5,0.5,-0.10099999999999999,-0.20986659824848175,5.414118504631915e-07,0.00038066122215241194,,,1.0,normal
793,10,scenario1_stationary,moper,50,1.0,0,0.060625,0.197,0.5,0.5,-0.1288125,-0.2100808471441269,5.19619618444267e-07,0.00038510526064783335,,,1.0,normal
794,10,scenario1_stationary,moper,50,1.9000000000000004,0,0.0611875,0.19790000000000002,0.5,0.5,-0.12954375,-0.21006375551223755,4.669074087360059e-07,0.0002905977889895439,,,1.0,normal
795,10,scenario1_stationary,moper,50,0.0,1,0.09,0.11199999999999999,0.5,0.5,-0.10099999999999999,-0.21022239327430725,2.1155335616640514e-07,0.00019352830713614821,,,1.0,normal
796,10,scenario1_stationary,moper,50,0.0,1,0.09,0.11199999999999999,0.5,0.5,-0.10099999999999999,-0.2102554738521576,9.53303526785021e-07,0.0003281945828348398,,,1.0,normal
797,10,scenario1_stationary,moper,50,0.0,1,0.09,0.11199999999999999,0.5,0.5,-0.10099999999999999,-0.21043601632118225,7.222558338071394e-07,0.0003483048058114946,,,1.0,normal
798,10,scenario1_stationary,moper,50,0.0,1,0.09,0.11199999999999999,0.5,0.5,-0.10099999999999999,-0.21064703166484833,2.6924340090772603e-07,0.00024323875550180674,,,1.0,normal
799,10,scenario1_stationary,moper,50,0.0,1,0.09,0.11199999999999999,0.5,0.5,-0.10099999999999999,-0.21074363589286804,4.6354836058526416e-07,0.00024431932251900434,,,1.0,normal
800,10,scenario1_stationary,moper,50,1.0,0,0.060625,0.197,0.5,0.5,-0.1288125,-0.21096041798591614,1.0359760835854104e-06,0.0003664836985990405,,,1.0,normal
801,10,scenario1_stationary,moper,50,0.0,1,0.09,0.11199999999999999,0.5,0.5,-0.10099999999999999,-0.21087238192558289,3.9695515852145036e-07,0.00026119768153876066,,,1.0,normal
802,10,scenario1_stationary,moper,50,0.0,1,0.09,0.11199999999999999,0.5,0.5,-0.10099999999999999,-0.21093887090682983,5.406543550634524e-07,0.0003083180636167526,,,1.0,normal
803,10,scenario1_stationary,moper,50,0.0,1,0.09,0.11199999999999999,0.5,0.5,-0.10099999999999999,-0.21108314394950867,2.19542982904386e-07,0.0002590758085716516,,,1.0,normal
804,10,scenario1_stationary,moper,50,1.0,0,0.060625,0.197,0.5,0.5,-0.1288125,-0.21112357079982758,3.876098730870581e-07,0.00030492868972942233,,,1.0,normal
805,10,scenario1_stationary,moper,50,0.0,1,0.09,0.11199999999999999,0.5,0.5,-0.10099999999999999,-0.21131613850593567,1.5553635535070498e-07,0.00019089371198788285,,,1.0,normal
806,10,scenario1_stationary,moper,50,0.0,1,0.09,0.11199999999999999,0.5,0.5,-0.10099999999999999,-0.21138903498649597,6.14846385360579e-07,0.0002702076162677258,,,1.0,normal
807,10,scenario1_stationary,moper,50,0.0,1,0.09,0.11199999999999999,0.5,0.5,-0.10099999999999999,-0.21159659326076508,1.1214470987397362e-06,0.00029779181932099164,,,1.0,normal
808,10,scenario1_stationary,moper,50,1.0,0,0.060625,0.197,0.5,0.5,-0.1288125,-0.2117866575717926,2.228643154467136e-07,0.00021955760894343257,,,1.0,normal
809,10,scenario1_stationary,moper,50,1.9000000000000004,0,0.0611875,0.19790000000000002,0.5,0.5,-0.12954375,-0.21185649931430817,1.1395577530493028e-06,0.0003101833281107247,,,1.0,normal
810,10,scenario1_stationary,moper,50,2.710000000000001,0,0.061693750000000006,0.19871000000000003,0.5,0.5,-0.13020187500000002,-0.2119537889957428,2.4574774215579964e-07,0.0002180346054956317,,,1.0,normal
811,10,scenario1_stationary,moper,50,0.0,1,0.09,0.11199999999999999,0.5,0.5,-0.10099999999999999,-0.2120455801486969,3.081413808558864e-07,0.00021554908016696572,,,1.0,normal
812,10,scenario1_stationary,moper,50,1.0,0,0.060625,0.197,0.5,0.5,-0.1288125,-0.21201875805854797,1.2222607210787828e-06,0.00028517842292785645,,,1.0,normal
813,10,scenario1_stationary,moper,50,1.9000000000000004,0,0.0611875,0.19790000000000002,0.5,0.5,-0.12954375,-0.2121216356754303,1.364942789905399e-07,0.00020273207337595522,,,1.0,normal
814,10,scenario1_stationary,moper,50,0.0,1,0.09,0.11199999999999999,0.5,0.5,-0.10099999999999999,-0.21215470135211945,5.147678621142404e-07,0.00029377418104559183,,,1.0,normal
815,10,scenario1_stationary,moper,50,0.0,1,0.09,0.11199999999999999,0.5,0.5,-0.10099999999999999,-0.2124241441488266,1.6763846133471816e-07,0.00022673397324979305,,,1.0,normal
816,10,scenario1_stationary,moper,50,1.0,0,0.060625,0.197,0.5,0.5,-0.1288125,-0.21243025362491608,2.803330971801188e-07,0.00027209537802264094,,,1.0,normal
817,10,scenario1_stationary,moper,50,1.9000000000000004,0,0.0611875,0.19790000000000002,0.5,0.5,-0.12954375,-0.21256692707538605,2.1805144001518784e-07,0.0002142558223567903,,,1.0,normal
818,10,scenario1_stationary,moper,50,0.0,1,0.09,0.11199999999999999,0.5,0.5,-0.10099999999999999,-0.21271395683288574,3.3632167628638854e-07,0.0002056202501989901,,,1.0,normal
819,10,scenario1_stationary,moper,50,0.0,1,0.09,0.11199999999999999,0.5,0.5,-0.10099999999999999,-0.21279951930046082,3.197156388523581e-07,0.00019473658176138997,,,1.0,normal
820,10,scenario1_stationary,moper,50,0.0,1,0.09,0.11199999999999999,0.5,0.5,-0.10099999999999999,-0.21287687122821808,1.8328442763504427e-07,0.0001892882282845676,,,1.0,normal
821,10,scenario1_stationary,moper,50,0.0,1,0.09,0.11199999999999999,0.5,0.5,-0.10099999999999999,-0.21294057369232178,2.0540667833301995e-07,0.00023355722078122199,,,1.0,normal
822,10,scenario1_stationary,moper,50,0.0,1,0.09,0.11199999999999999,0.5,0.5,-0.10099999999999999,-0.21302753686904907,7.174965048761806e-07,0.00030030246125534177,,,1.0,normal
823,10,scenario1_stationary,moper,50,1.0,0,0.060625,0.197,0.5,0.5,-0.1288125,-0.21325184404850006,2.495491457921162e-07,0.0002216544235125184,,,1.0,normal
824,10,scenario1_stationary,moper,50,0.0,1,0.09,0.11199999999999999,0.5,0.5,-0.10099999999999999,-0.21338802576065063,1.976760017896595e-07,0.00020276871509850025,,,1.0,normal
825,10,scenario1_stationary,moper,50,0.0,1,0.09,0.11199999999999999,0.5,0.5,-0.10099999999999999,-0.21344231069087982,6.835042540842551e-07,0.0002789791324175894,,,1.0,normal
826,10,scenario1_stationary,moper,50,1.0,0,0.060625,0.197,0.5,0.5,-0.1288125,-0.21355582773685455,5.089011665404541e-07,0.0002547625917941332,,,1.0,normal
827,10,scenario1_stationary,moper,50,1.9000000000000004,0,0.0611875,0.19790000000000002,0.5,0.5,-0.12954375,-0.213673934340477,3.147295046801446e-07,0.0002228334778919816,,,1.0,normal
828,10,scenario1_stationary,moper,50,2.710000000000001,0,0.061693750000000006,0.19871000000000003,0.5,0.5,-0.13020187500000002,-0.21371938288211823,2.9231873099888617e-07,0.00020433292957022786,,,1.0,normal
829,10,scenario1_stationary,moper,50,0.0,1,0.09,0.11199999999999999,0.5,0.5,-0.10099999999999999,-0.21373113989830017,2.445270297357638e-07,0.0002188800135627389,,,1.0,normal
830,10,scenario1_stationary,moper,50,1.0,0,0.060625,0.197,0.5,0.5,-0.1288125,-0.21384237706661224,1.9129930706185405e-07,0.00022832996910437942,,,1.0,normal
831,10,scenario1_stationary,moper,50,0.0,1,0.09,0.11199999999999999,0.5,0.5,-0.10099999999999999,-0.2139483392238617,2.143314645763894e-07,0.00023960811085999012,,,1.0,normal
832,10,scenario1_stationary,moper,50,1.0,0,0.060625,0.197,0.5,0.5,-0.1288125,-0.21409404277801514,1.4526810332426976e-07,0.0002155012043658644,,,1.0,normal
833,10,scenario1_stationary,moper,50,0.0,1,0.09,0.11199999999999999,0.5,0.5,-0.10099999999999999,-0.21435704827308655,1.9171307030774187e-06,0.0003284589038230479,,,1.0,normal
834,10,scenario1_stationary,moper,50,1.0,0,0.060625,0.197,0.5,0.5,-0.1288125,-0.21431002020835876,2.973072241729824e-07,0.0002651521353982389,,,1.0,normal
835,10,scenario1_stationary,moper,50,1.9000000000000004,0,0.0611875,0.19790000000000002,0.5,0.5,-0.12954375,-0.21439820528030396,2.1627174362492951e-07,0.00021507433848455548,,,1.0,normal
836,10,scenario1_stationary,moper,50,0.0,1,0.09,0.11199999999999999,0.5,0.5,-0.10099999999999999,-0.21457237005233765,2.583111609055777e-07,0.00022007926600053906,,,1.0,normal
837,10,scenario1_stationary,moper,50,0.0,1,0.09,0.11199999999999999,0.5,0.5,-0.10099999999999999,-0.21467840671539307,4.402078275234089e-07,0.0002749883569777012,,,1.0,normal
838,10,scenario1_stationary,moper,50,0.0,1,0.09,0.11199999999999999,0.5,0.5,-0.10099999999999999,-0.214942067861557,1.856305402725411e-07,0.00022332079242914915,,,1.0,normal
839,10,scenario1_stationary,moper,50,1.0,0,0.060625,0.197,0.5,0.5,-0.1288125,-0.21498197317123413,2.873852622542472e-07,0.00025093788281083107,,,1.0,normal
840,10,scenario1_stationary,moper,50,0.0,1,0.09,0.11199999999999999,0.5,0.5,-0.10099999999999999,-0.2150162011384964,2.771546689928073e-07,0.0002106226165778935,,,1.0,normal
841,10,scenario1_stationary,moper,50,0.0,1,0.09,0.11199999999999999,0.5,0.5,-0.10099999999999999,-0.21508437395095825,1.103147013736816e-07,0.0001591552863828838,,,1.0,normal
842,10,scenario1_stationary,moper,50,1.0,0,0.060625,0.197,0.5,0.5,-0.1288125,-0.215101420879364,9.786255361632357e-08,0.0001731512020342052,,,1.0,normal
843,10,scenario1_stationary,moper,50,0.0,1,0.09,0.11199999999999999,0.5,0.5,-0.10099999999999999,-0.21516159176826477,2.345690575111803e-07,0.0002534756204113364,,,1.0,normal
844,10,scenario1_stationary,moper,50,0.0,1,0.09,0.11199999999999999,0.5,0.5,-0.10099999999999999,-0.21525244414806366,9.12234611405438e-07,0.00033817425719462335,,,1.0,normal
845,10,scenario1_stationary,moper,50,1.0,0,0.060625,0.197,0.5,0.5,-0.1288125,-0.21554169058799744,2.605484326068108e-07,0.0002415092894807458,,,1.0,normal
846,10,scenario1_stationary,moper,50,0.0,1,0.09,0.11199999999999999,0.5,0.5,-0.10099999999999999,-0.21575845777988434,4.891343792223779e-07,0.000234042207011953,,,1.0,normal
847,10,scenario1_stationary,moper,50,0.0,1,0.09,0.11199999999999999,0.5,0.5,-0.10099999999999999,-0.21602211892604828,1.5191942566161742e-06,0.00021177978487685323,,,1.0,normal
848,10,scenario1_stationary,moper,50,0.0,1,0.09,0.11199999999999999,0.5,0.5,-0.10099999999999999,-0.21576553583145142,1.597128829189387e-07,0.00019105654791928828,,,1.0,normal
849,10,scenario1_stationary,moper,50,1.0,0,0.060625,0.197,0.5,0.5,-0.1288125,-0.2158387154340744,2.2924722031802958e-07,0.0002155632828362286,,,1.0,normal
850,10,scenario1_stationary,moper,50,0.0,1,0.09,0.11199999999999999,0.5,0.5,-0.10099999999999999,-0.21598941087722778,2.5832963501670747e-07,0.0002398329961579293,,,1.0,normal
851,10,scenario1_stationary,moper,50,0.0,1,0.09,0.11199999999999999,0.5,0.5,-0.10099999999999999,-0.21616369485855103,8.502777291141683e-07,0.0002976126270368695,,,1.0,normal
852,10,scenario1_stationary,moper,50,1.0,0,0.060625,0.197,0.5,0.5,-0.1288125,-0.21624672412872314,2.0784472098966944e-07,0.00021382028353400528,,,1.0,normal
853,10,scenario1_stationary,moper,50,0.0,1,0.09,0.11199999999999999,0.5,0.5,-0.10099999999999999,-0.2163335531949997,6.470595508289989e-07,0.000291493401164189,,,1.0,normal
854,10,scenario1_stationary,moper,50,0.0,1,0.09,0.11199999999999999,0.5,0.5,-0.10099999999999999,-0.2164776474237442,5.004332024327596e-07,0.0002670785179361701,,,1.0,normal
855,10,scenario1_stationary,moper,50,0.0,1,0.09,0.11199999999999999,0.5,0.5,-0.10099999999999999,-0.21674811840057373,7.702121962438468e-08,0.00013471877900883555,,,1.0,normal
856,10,scenario1_stationary,moper,50,0.0,1,0.09,0.11199999999999999,0.5,0.5,-0.10099999999999999,-0.21676206588745117,6.232192504285194e-07,0.0002033947966992855,,,1.0,normal
857,10,scenario1_stationary,moper,50,0.0,1,0.09,0.11199999999999999,0.5,0.5,-0.10099999999999999,-0.21672794222831726,1.1063327747251606e-06,0.0003261844103690237,,,1.0,normal
858,10,scenario1_stationary,moper,50,1.0,0,0.060625,0.197,0.5,0.5,-0.1288125,-0.2167929708957672,2.2590397463773115e-07,0.0001927865669131279,,,1.0,normal
859,10,scenario1_stationary,moper,50,1.9000000000000004,0,0.0611875,0.19790000000000002,0.5,0.5,-0.12954375,-0.21681293845176697,1.9369863935025933e-07,0.00024363986449316144,,,1.0,normal
860,10,scenario1_stationary,moper,50,0.0,1,0.09,0.11199999999999999,0.5,0.5,-0.10099999999999999,-0.21686998009681702,9.685776376500144e-07,0.00034538135514594615,,,1.0,normal
861,10,scenario1_stationary,moper,50,1.0,0,0.060625,0.197,0.5,0.5,-0.1288125,-0.21699988842010498,4.354351972324366e-07,0.00034469523234292865,,,1.0,normal
862,10,scenario1_stationary,moper,50,0.0,1,0.09,0.11199999999999999,0.5,0.5,-0.10099999999999999,-0.21727170050144196,7.834693178665475e-07,0.0003349166945554316,,,1.0,normal
863,10,scenario1_stationary,moper,50,0.0,1,0.09,0.11199999999999999,0.5,0.5,-0.10099999999999999,-0.21751342713832855,1.5943995776979136e-06,0.00029313936829566956,,,1.0,normal
864,10,scenario1_stationary,moper,50,1.0,0,0.060625,0.197,0.5,0.5,-0.1288125,-0.217545285820961,1.2479324595915386e-07,0.0001482338411733508,,,1.0,normal
865,10,scenario1_stationary,moper,50,1.9000000000000004,0,0.0611875,0.19790000000000002,0.5,0.5,-0.12954375,-0.2175976037979126,1.194274261706596e-07,0.00016067479737102985,,,1.0,normal
866,10,scenario1_stationary,moper,50,0.0,1,0.09,0.11199999999999999,0.5,0.5,-0.10099999999999999,-0.2176852971315384,2.706244401906588e-07,0.00021698360797017813,,,1.0,normal
867,10,scenario1_stationary,moper,50,0.0,1,0.09,0.11199999999999999,0.5,0.5,-0.10099999999999999,-0.2177312672138214,2.470194999659725e-07,0.00024646829115226865,,,1.0,normal
868,10,scenario1_stationary,moper,50,1.0,0,0.060625,0.197,0.5,0.5,-0.1288125,-0.21796797215938568,8.630927368358243e-07,0.00031425495399162173,,,1.0,normal
869,10,scenario1_stationary,moper,50,0.0,1,0.09,0.11199999999999999,0.5,0.5,-0.10099999999999999,-0.21809056401252747,1.7829937348778913e-07,0.00021773308981209993,,,1.0,normal
870,10,scenario1_stationary,moper,50,0.0,1,0.09,0.11199999999999999,0.5,0.5,-0.10099999999999999,-0.218070849776268,6.945394943613792e-07,0.0002653776900842786,,,1.0,normal
871,10,scenario1_stationary,moper,50,1.0,0,0.060625,0.197,0.5,0.5,-0.1288125,-0.21815331280231476,3.5440973533695797e-07,0.00024244131054729223,,,1.0,normal
872,10,scenario1_stationary,moper,50,1.9000000000000004,0,0.0611875,0.19790000000000002,0.5,0.5,-0.12954375,-0.21828100085258484,1.8258623413203168e-07,0.00017958140233531594,,,1.0,normal
873,10,scenario1_stationary,moper,50,0.0,1,0.09,0.11199999999999999,0.5,0.5,-0.10099999999999999,-0.2183184027671814,2.1729147192672826e-07,0.00021952734095975757,,,1.0,normal
874,10,scenario1_stationary,moper,50,1.0,0,0.060625,0.197,0.5,0.5,-0.1288125,-0.21841153502464294,3.5547259358281735e-07,0.00028843642212450504,,,1.0,normal
875,10,scenario1_stationary,moper,50,0.0,1,0.09,0.11199999999999999,0.5,0.5,-0.10099999999999999,-0.21858856081962585,1.7933972173977963e-07,0.0002283588401041925,,,1.0,normal
876,10,scenario1_stationary,moper,50,1.0,0,0.060625,0.197,0.5,0.5,-0.1288125,-0.21882528066635132,1.566038321243468e-07,0.00021116359857842326,,,1.0,normal
877,10,scenario1_stationary,moper,50,1.9000000000000004,0,0.0611875,0.19790000000000002,0.5,0.5,-0.12954375,-0.21888206899166107,2.1048342091489758e-07,0.00019055011216551065,,,1.0,normal
878,10,scenario1_stationary,moper,50,2.710000000000001,0,0.061693750000000006,0.19871000000000003,0.5,0.5,-0.13020187500000002,-0.2189694344997406,7.561686743429163e-07,0.00024026341270655394,,,1.0,normal
879,10,scenario1_stationary,moper,50,3.439,0,0.062149375,0.199439,0.5,0.5,-0.1307941875,-0.21919114887714386,1.238309010886951e-07,0.00014942849520593882,,,1.0,normal
880,10,scenario1_stationary,moper,50,0.0,1,0.09,0.11199999999999999,0.5,0.5,-0.10099999999999999,-0.2191910743713379,1.0423542562421062e-06,0.0003381211427040398,,,1.0,normal
881,10,scenario1_stationary,moper,50,1.0,0,0.060625,0.197,0.5,0.5,-0.1288125,-0.2192763388156891,2.4208483750953746e-07,0.00021740159718319774,,,1.0,normal
882,10,scenario1_stationary,moper,50,0.0,1,0.09,0.11199999999999999,0.5,0.5,-0.10099999999999999,-0.2193440943956375,4.904295565211214e-07,0.00025502743665128946,,,1.0,normal
883,10,scenario1_stationary,moper,50,0.0,1,0.09,0.11199999999999999,0.5,0.5,-0.10099999999999999,-0.2194434553384781,2.0634212205550284e-07,0.00019999220967292786,,,1.0,normal
884,10,scenario1_stationary,moper,50,0.0,1,0.09,0.11199999999999999,0.5,0.5,-0.10099999999999999,-0.2195390909910202,2.1099398850310536e-07,0.0001903648371808231,,,1.0,normal
885,10,scenario1_stationary,moper,50,0.0,1,0.09,0.11199999999999999,0.5,0.5,-0.10099999999999999,-0.21955254673957825,5.01976728628506e-07,0.00027761439559981227,,,1.0,normal
886,10,scenario1_stationary,moper,50,0.0,1,0.09,0.11199999999999999,0.5,0.5,-0.10099999999999999,-0.21954379975795746,1.0525325251364848e-06,0.0003659715875983238,,,1.0,normal
887,10,scenario1_stationary,moper,50,1.0,0,0.060625,0.197,0.5,0.5,-0.1288125,-0.21973174810409546,3.0152745011946536e-07,0.00029867416014894843,,,1.0,normal
888,10,scenario1_stationary,moper,50,1.9000000000000004,0,0.0611875,0.19790000000000002,0.5,0.5,-0.12954375,-0.21984846889972687,1.0520279829506762e-06,0.000389887485653162,,,1.0,normal
889,10,scenario1_stationary,moper,50,0.0,1,0.09,0.11199999999999999,0.5,0.5,-0.10099999999999999,-0.2201175093650818,1.6983784689728054e-07,0.0002110215718857944,,,1.0,normal
890,10,scenario1_stationary,moper,50,0.0,1,0.09,0.11199999999999999,0.5,0.5,-0.10099999999999999,-0.22027617692947388,1.4560502847871248e-07,0.00018441042630001903,,,1.0,normal
891,10,scenario1_stationary,moper,50,0.0,1,0.09,0.11199999999999999,0.5,0.5,-0.10099999999999999,-0.2204337865114212,9.930014499559547e-08,0.00016647606389597058,,,1.0,normal
892,10,scenario1_stationary,moper,50,1.0,0,0.060625,0.197,0.5,0.5,-0.1288125,-0.22052127122879028,4.413285523696686e-07,0.0002544471644796431,,,1.0,normal
893,10,scenario1_stationary,moper,50,0.0,1,0.09,0.11199999999999999,0.5,0.5,-0.10099999999999999,-0.22057755291461945,5.537797278520884e-07,0.0002090173657052219,,,1.0,normal
894,10,scenario1_stationary,moper,50,1.0,0,0.060625,0.197,0.5,0.5,-0.1288125,-0.22051426768302917,8.989817388282972e-07,0.00024068780476227403,,,1.0,normal
895,10,scenario1_stationary,moper,50,0.0,1,0.09,0.11199999999999999,0.5,0.5,-0.10099999999999999,-0.2206096649169922,3.110778834525263e-07,0.00024269870482385159,,,1.0,normal
896,10,scenario1_stationary,moper,50,0.0,1,0.09,0.11199999999999999,0.5,0.5,-0.10099999999999999,-0.2207953780889511,2.4146879695763346e-07,0.00024832168128341436,,,1.0,normal
897,10,scenario1_stationary,moper,50,0.0,1,0.09,0.11199999999999999,0.5,0.5,-0.10099999999999999,-0.22078680992126465,3.4856225283874664e-07,0.00028781831497326493,,,1.0,normal
898,10,scenario1_stationary,moper,50,0.0,1,0.09,0.11199999999999999,0.5,0.5,-0.10099999999999999,-0.2210460901260376,1.4183794405653316e-07,0.0001802861224859953,,,1.0,normal
899,10,scenario1_stationary,moper,50,1.0,0,0.060625,0.197,0.5,0.5,-0.1288125,-0.22109878063201904,7.724011084064841e-07,0.00028324045706540346,,,1.0,normal
900,10,scenario1_stationary,moper,50,0.0,1,0.09,0.11199999999999999,0.5,0.5,-0.10099999999999999,-0.2212790548801422,4.514501767971524e-07,0.00024146575015038252,,,1.0,normal
901,10,scenario1_stationary,moper,50,0.0,1,0.09,0.11199999999999999,0.5,0.5,-0.10099999999999999,-0.2212281972169876,3.867371560772881e-07,0.00028092163847759366,,,1.0,normal
902,10,scenario1_stationary,moper,50,0.0,1,0.09,0.11199999999999999,0.5,0.5,-0.10099999999999999,-0.22128725051879883,3.100695380453544e-07,0.00023443950340151787,,,1.0,normal
903,10,scenario1_stationary,moper,50,1.0,0,0.060625,0.197,0.5,0.5,-0.1288125,-0.22132006287574768,6.254269919736544e-07,0.00030835531651973724,,,1.0,normal
904,10,scenario1_stationary,moper,50,0.0,1,0.09,0.11199999999999999,0.5,0.5,-0.10099999999999999,-0.22149527072906494,3.692976804359205e-07,0.00030106864869594574,,,1.0,normal
905,10,scenario1_stationary,moper,50,0.0,1,0.09,0.11199999999999999,0.5,0.5,-0.10099999999999999,-0.22184711694717407,2.489052349119447e-06,0.0003487637732177973,,,1.0,normal
906,10,scenario1_stationary,moper,50,1.0,0,0.060625,0.197,0.5,0.5,-0.1288125,-0.22163419425487518,1.0130240752914688e-06,0.00036983052268624306,,,1.0,normal
907,10,scenario1_stationary,moper,50,1.9000000000000004,0,0.0611875,0.19790000000000002,0.5,0.5,-0.12954375,-0.2218550443649292,5.040737960371189e-07,0.0003143430803902447,,,1.0,normal
908,10,scenario1_stationary,moper,50,0.0,1,0.09,0.11199999999999999,0.5,0.5,-0.10099999999999999,-0.22198064625263214,3.93475488635886e-07,0.0002354592434130609,,,1.0,normal
909,10,scenario1_stationary,moper,50,1.0,0,0.060625,0.197,0.5,0.5,-0.1288125,-0.22205041348934174,3.6571202599589014e-07,0.00028973608277738094,,,1.0,normal
910,10,scenario1_stationary,moper,50,1.9000000000000004,0,0.0611875,0.19790000000000002,0.5,0.5,-0.12954375,-0.22227981686592102,3.3590100656510913e-07,0.0003115400322712958,,,1.0,normal
911,10,scenario1_stationary,moper,50,0.0,1,0.09,0.11199999999999999,0.5,0.5,-0.10099999999999999,-0.22232955694198608,3.8701671201124554e-07,0.0003370807971805334,,,1.0,normal
912,10,scenario1_stationary,moper,50,1.0,0,0.060625,0.197,0.5,0.5,-0.1288125,-0.22244581580162048,1.5616842574672773e-06,0.0003635955508798361,,,1.0,normal
913,10,scenario1_stationary,moper,50,1.9000000000000004,0,0.0611875,0.19790000000000002,0.5,0.5,-0.12954375,-0.2223365306854248,2.3333240051215398e-07,0.0002154266694560647,,,1.0,normal
914,10,scenario1_stationary,moper,50,2.710000000000001,0,0.061693750000000006,0.19871000000000003,0.5,0.5,-0.13020187500000002,-0.22246059775352478,1.0149497029487975e-06,0.00035226583713665605,,,1.0,normal
915,10,scenario1_stationary,moper,50,3.439,0,0.062149375,0.199439,0.5,0.5,-0.1307941875,-0.22262214124202728,5.935629019404587e-07,0.0003636513720266521,,,1.0,normal
916,10,scenario1_stationary,moper,50,0.0,1,0.09,0.11199999999999999,0.5,0.5,-0.10099999999999999,-0.22284038364887238,4.919831440020062e-07,0.0003089304664172232,,,1.0,normal
917,10,scenario1_stationary,moper,50,1.0,0,0.060625,0.197,0.5,0.5,-0.1288125,-0.22307348251342773,2.6306082645533024e-07,0.00022906443336978555,,,1.0,normal
918,10,scenario1_stationary,moper,50,0.0,1,0.09,0.11199999999999999,0.5,0.5,-0.10099999999999999,-0.2231777459383011,3.677844233607175e-07,0.00026977178640663624,,,1.0,normal
919,10,scenario1_stationary,moper,50,0.0,1,0.09,0.11199999999999999,0.5,0.5,-0.10099999999999999,-0.22321628034114838,5.638663083118445e-07,0.0003147631068713963,,,1.0,normal
920,10,scenario1_stationary,moper,50,0.0,1,0.09,0.11199999999999999,0.5,0.5,-0.10099999999999999,-0.2233894020318985,1.9587392330322473e-07,0.000164294324349612,,,1.0,normal
921,10,scenario1_stationary,moper,50,0.0,1,0.09,0.11199999999999999,0.5,0.5,-0.10099999999999999,-0.22316788136959076,9.228047019860242e-07,0.0002881052787415683,,,1.0,normal
922,10,scenario1_stationary,moper,50,0.0,1,0.09,0.11199999999999999,0.5,0.5,-0.10099999999999999,-0.22321707010269165,5.502720341610257e-07,0.00031654053600504994,,,1.0,normal
923,10,scenario1_stationary,moper,50,0.0,1,0.09,0.11199999999999999,0.5,0.5,-0.10099999999999999,-0.22342269122600555,4.465386780339031e-07,0.00033199391327798367,,,1.0,normal
924,10,scenario1_stationary,moper,50,1.0,0,0.060625,0.197,0.5,0.5,-0.1288125,-0.22381934523582458,1.3570625014835969e-06,0.0003447359777055681,,,1.0,normal
925,10,scenario1_stationary,moper,50,0.0,1,0.09,0.11199999999999999,0.5,0.5,-0.10099999999999999,-0.22370821237564087,3.182906311849365e-07,0.00025147461565211415,,,1.0,normal
926,10,scenario1_stationary,moper,50,1.0,0,0.060625,0.197,0.5,0.5,-0.1288125,-0.2239324152469635,2.3276126626115e-07,0.00023142481222748756,,,1.0,normal
927,10,scenario1_stationary,moper,50,0.0,1,0.09,0.11199999999999999,0.5,0.5,-0.10099999999999999,-0.22383153438568115,4.5378402546703e-07,0.00034336652606725693,,,1.0,normal
928,10,scenario1_stationary,moper,50,1.0,0,0.060625,0.197,0.5,0.5,-0.1288125,-0.22406694293022156,5.940648293289996e-07,0.00030270451679825783,,,1.0,normal
929,10,scenario1_stationary,moper,50,1.9000000000000004,0,0.0611875,0.19790000000000002,0.5,0.5,-0.12954375,-0.2242540568113327,1.4600693702959688e-06,0.00035538116935640574,,,1.0,normal
930,10,scenario1_stationary,moper,50,2.710000000000001,0,0.061693750000000006,0.19871000000000003,0.5,0.5,-0.13020187500000002,-0.2243427038192749,1.299436576118751e-07,0.00017700402531772852,,,1.0,normal
931,10,scenario1_stationary,moper,50,3.439,0,0.062149375,0.199439,0.5,0.5,-0.1307941875,-0.2241508960723877,5.859309908373689e-07,0.0003311295877210796,,,1.0,normal
932,10,scenario1_stationary,moper,50,0.0,1,0.09,0.11199999999999999,0.5,0.5,-0.10099999999999999,-0.2244591861963272,2.91651303996332e-07,0.0003077889559790492,,,1.0,normal
933,10,scenario1_stationary,moper,50,1.0,0,0.060625,0.197,0.5,0.5,-0.1288125,-0.22448821365833282,1.131663680098427e-06,0.0004303408204577863,,,1.0,normal
934,10,scenario1_stationary,moper,50,1.9000000000000004,0,0.0611875,0.19790000000000002,0.5,0.5,-0.12954375,-0.2248568832874298,2.3041860686134896e-07,0.00019902357598766685,,,1.0,normal
935,10,scenario1_stationary,moper,50,0.0,1,0.09,0.11199999999999999,0.5,0.5,-0.10099999999999999,-0.2250446230173111,2.616677647893084e-07,0.0001674058730714023,,,1.0,normal
936,10,scenario1_stationary,moper,50,0.0,1,0.09,0.11199999999999999,0.5,0.5,-0.10099999999999999,-0.2251150906085968,9.638893061492126e-07,0.0002820520894601941,,,1.0,normal
937,10,scenario1_stationary,moper,50,0.0,1,0.09,0.11199999999999999,0.5,0.5,-0.10099999999999999,-0.22520923614501953,2.385843345109606e-07,0.000199983362108469,,,1.0,normal
938,10,scenario1_stationary,moper,50,1.0,0,0.060625,0.197,0.5,0.5,-0.1288125,-0.22515058517456055,1.6681056536071992e-07,0.00019054225413128734,,,1.0,normal
939,10,scenario1_stationary,moper,50,0.0,1,0.09,0.11199999999999999,0.5,0.5,-0.10099999999999999,-0.22521555423736572,6.292619900705176e-07,0.00022934016305953264,,,1.0,normal
940,10,scenario1_stationary,moper,50,0.0,1,0.09,0.11199999999999999,0.5,0.5,-0.10099999999999999,-0.22533249855041504,6.89241232976201e-07,0.0002652338589541614,,,1.0,normal
941,10,scenario1_stationary,moper,50,1.0,0,0.060625,0.197,0.5,0.5,-0.1288125,-0.22553296387195587,1.9362042280590686e-07,0.0001764861517585814,,,1.0,normal
942,10,scenario1_stationary,moper,50,0.0,1,0.09,0.11199999999999999,0.5,0.5,-0.10099999999999999,-0.22563455998897552,4.837609139940469e-07,0.00018370314501225948,,,1.0,normal
943,10,scenario1_stationary,moper,50,0.0,1,0.09,0.11199999999999999,0.5,0.5,-0.10099999999999999,-0.22576028108596802,1.3174806667848316e-07,0.0001333259860984981,,,1.0,normal
944,10,scenario1_stationary,moper,50,1.0,0,0.060625,0.197,0.5,0.5,-0.1288125,-0.2256118655204773,8.844372700878012e-07,0.0002697079908102751,,,1.0,normal
945,10,scenario1_stationary,moper,50,0.0,1,0.09,0.11199999999999999,0.5,0.5,-0.10099999999999999,-0.22585764527320862,1.2066885801687022e-07,0.00017975893570110202,,,1.0,normal
946,10,scenario1_stationary,moper,50,0.0,1,0.09,0.11199999999999999,0.5,0.5,-0.10099999999999999,-0.2258543074131012,5.684022994500992e-07,0.0003179925261065364,,,1.0,normal
947,10,scenario1_stationary,moper,50,0.0,1,0.09,0.11199999999999999,0.5,0.5,-0.10099999999999999,-0.2260904312133789,2.3369574364551227e-07,0.00027712940936908126,,,1.0,normal
948,10,scenario1_stationary,moper,50,0.0,1,0.09,0.11199999999999999,0.5,0.5,-0.10099999999999999,-0.22616277635097504,2.593799877104175e-07,0.00027796870563179255,,,1.0,normal
949,10,scenario1_stationary,moper,50,1.0,0,0.060625,0.197,0.5,0.5,-0.1288125,-0.22627821564674377,3.133417862954957e-07,0.00024357222719118,,,1.0,normal
950,10,scenario1_stationary,moper,50,1.9000000000000004,0,0.0611875,0.19790000000000002,0.5,0.5,-0.12954375,-0.2263573408126831,8.579928589824704e-07,0.00026198039995506406,,,1.0,normal
951,10,scenario1_stationary,moper,50,2.710000000000001,0,0.061693750000000006,0.19871000000000003,0.5,0.5,-0.13020187500000002,-0.2265661060810089,4.789029048879456e-07,0.00024352618493139744,,,1.0,normal
952,10,scenario1_stationary,moper,50,3.439,0,0.062149375,0.199439,0.5,0.5,-0.1307941875,-0.2265346795320511,2.2801978616371343e-07,0.00023839122150093317,,,1.0,normal
953,10,scenario1_stationary,moper,50,4.0951,0,0.06255943750000001,0.20009510000000003,0.5,0.5,-0.13132726875,-0.22661663591861725,1.7699929344416887e-07,0.00022121903020888567,,,1.0,normal
954,10,scenario1_stationary,moper,50,0.0,1,0.09,0.11199999999999999,0.5,0.5,-0.10099999999999999,-0.2265836000442505,1.2061015013387077e-06,0.0003931087558157742,,,1.0,normal
955,10,scenario1_stationary,moper,50,1.0,0,0.060625,0.197,0.5,0.5,-0.1288125,-0.22682592272758484,9.37790332500299e-07,0.00034372700611129403,,,1.0,normal
956,10,scenario1_stationary,moper,50,1.9000000000000004,0,0.0611875,0.19790000000000002,0.5,0.5,-0.12954375,-0.22702449560165405,2.9447249971781275e-07,0.00023354851873591542,,,1.0,normal
957,10,scenario1_stationary,moper,50,2.710000000000001,0,0.061693750000000006,0.19871000000000003,0.5,0.5,-0.13020187500000002,-0.22737421095371246,8.258336947619682e-08,0.00013360270531848073,,,1.0,normal
958,10,scenario1_stationary,moper,50,3.439,0,0.062149375,0.199439,0.5,0.5,-0.1307941875,-0.2273263782262802,5.236058200353e-07,0.00026249460643157363,,,1.0,normal
959,10,scenario1_stationary,moper,50,4.0951,0,0.06255943750000001,0.20009510000000003,0.5,0.5,-0.13132726875,-0.22743409872055054,2.2013126965703123e-07,0.0002305139205418527,,,1.0,normal
960,10,scenario1_stationary,moper,50,4.685590000000001,0,0.06292849375000001,0.20068559000000002,0.5,0.5,-0.13180704187500003,-0.22730392217636108,8.323771112372924e-07,0.0003453810350038111,,,1.0,normal
961,10,scenario1_stationary,moper,50,0.0,1,0.09,0.11199999999999999,0.5,0.5,-0.10099999999999999,-0.22742141783237457,2.103089968841232e-07,0.00020917883375659585,,,1.0,normal
962,10,scenario1_stationary,moper,50,1.0,0,0.060625,0.197,0.5,0.5,-0.1288125,-0.22731077671051025,2.4285509425681084e-07,0.000265875190962106,,,1.0,normal
963,10,scenario1_stationary,moper,50,0.0,1,0.09,0.11199999999999999,0.5,0.5,-0.10099999999999999,-0.22755499184131622,3.7249384376991657e-07,0.00034098123433068395,,,1.0,normal
964,10,scenario1_stationary,moper,50,1.0,0,0.060625,0.197,0.5,0.5,-0.1288125,-0.2277713119983673,8.29585985684389e-07,0.0003401118447072804,,,1.0,normal
965,10,scenario1_stationary,moper,50,1.9000000000000004,0,0.0611875,0.19790000000000002,0.5,0.5,-0.12954375,-0.22796869277954102,1.7592658707599185e-07,0.00019845122005790472,,,1.0,normal
966,10,scenario1_stationary,moper,50,0.0,1,0.09,0.11199999999999999,0.5,0.5,-0.10099999999999999,-0.2280905544757843,2.284515403516707e-07,0.00020567863248288631,,,1.0,normal
967,10,scenario1_stationary,moper,50,0.0,1,0.09,0.11199999999999999,0.5,0.5,-0.10099999999999999,-0.22808776795864105,8.104076414383599e-07,0.00030271289870142937,,,1.0,normal
968,10,scenario1_stationary,moper,50,0.0,1,0.09,0.11199999999999999,0.5,0.5,-0.10099999999999999,-0.22821681201457977,5.793816626464832e-07,0.0002853613696061075,,,1.0,normal
969,10,scenario1_stationary,moper,50,1.0,0,0.060625,0.197,0.5,0.5,-0.1288125,-0.22830849885940552,2.0951887336195796e-07,0.0002271565026603639,,,1.0,normal
970,10,scenario1_stationary,moper,50,0.0,1,0.09,0.11199999999999999,0.5,0.5,-0.10099999999999999,-0.2283436357975006,2.304394968177803e-07,0.000190627237316221,,,1.0,normal
971,10,scenario1_stationary,moper,50,0.0,1,0.09,0.11199999999999999,0.5,0.5,-0.10099999999999999,-0.22832152247428894,5.42205953024677e-07,0.0003004702157340944,,,1.0,normal
972,10,scenario1_stationary,moper,50,1.0,0,0.060625,0.197,0.5,0.5,-0.1288125,-0.22849617898464203,3.135872930215555e-07,0.000291834759991616,,,1.0,normal
973,10,scenario1_stationary,moper,50,1.9000000000000004,0,0.0611875,0.19790000000000002,0.5,0.5,-0.12954375,-0.22874240577220917,2.369411333802418e-07,0.00026813376462087035,,,1.0,normal
974,10,scenario1_stationary,moper,50,2.710000000000001,0,0.061693750000000006,0.19871000000000003,0.5,0.5,-0.13020187500000002,-0.22892870008945465,4.536644837571657e-07,0.0002598359133116901,,,1.0,normal
975,10,scenario1_stationary,moper,50,3.439,0,0.062149375,0.199439,0.5,0.5,-0.1307941875,-0.22901177406311035,7.124875764930039e-07,0.0002399904769845307,,,1.0,normal
976,10,scenario1_stationary,moper,50,0.0,1,0.09,0.11199999999999999,0.5,0.5,-0.10099999999999999,-0.22913935780525208,1.2535446103356662e-07,0.00014233053661882877,,,1.0,normal
977,10,scenario1_stationary,moper,50,0.0,1,0.09,0.11199999999999999,0.5,0.5,-0.10099999999999999,-0.2290726602077484,5.06218157170224e-07,0.00028988253325223923,,,1.0,normal
978,10,scenario1_stationary,moper,50,0.0,1,0.09,0.11199999999999999,0.5,0.5,-0.10099999999999999,-0.22905245423316956,3.776841595026781e-07,0.0002533621736802161,,,1.0,normal
979,10,scenario1_stationary,moper,50,0.0,1,0.09,0.11199999999999999,0.5,0.5,-0.10099999999999999,-0.2292809784412384,2.1093948987527256e-07,0.000231383484788239,,,1.0,normal
980,10,scenario1_stationary,moper,50,1.0,0,0.060625,0.197,0.5,0.5,-0.1288125,-0.22925464808940887,4.4372401930559136e-07,0.0003336662193760276,,,1.0,normal
981,10,scenario1_stationary,moper,50,1.9000000000000004,0,0.0611875,0.19790000000000002,0.5,0.5,-0.12954375,-0.22967468202114105,3.1151813573160325e-07,0.00025431503308936954,,,1.0,normal
982,10,scenario1_stationary,moper,50,0.0,1,0.09,0.11199999999999999,0.5,0.5,-0.10099999999999999,-0.22985871136188507,1.4786929796173354e-06,0.0002783480449579656,,,1.0,normal
983,10,scenario1_stationary,moper,50,1.0,0,0.060625,0.197,0.5,0.5,-0.1288125,-0.23007890582084656,1.6740511910029454e-07,0.00019599200459197164,,,1.0,normal
984,10,scenario1_stationary,moper,50,1.9000000000000004,0,0.0611875,0.19790000000000002,0.5,0.5,-0.12954375,-0.23012332618236542,1.8246373656438664e-07,0.00022942997748032212,,,1.0,normal
985,10,scenario1_stationary,moper,50,2.710000000000001,0,0.061693750000000006,0.19871000000000003,0.5,0.5,-0.13020187500000002,-0.23007112741470337,1.8667415702111612e-07,0.00022883102064952254,,,1.0,normal
986,10,scenario1_stationary,moper,50,0.0,1,0.09,0.11199999999999999,0.5,0.5,-0.10099999999999999,-0.2301422655582428,1.8284683278579905e-07,0.00018932385137304664,,,1.0,normal
987,10,scenario1_stationary,moper,50,1.0,0,0.060625,0.197,0.5,0.5,-0.1288125,-0.2301255166530609,1.3088790637993952e-06,0.00031756365206092596,,,1.0,normal
988,10,scenario1_stationary,moper,50,1.9000000000000004,0,0.0611875,0.19790000000000002,0.5,0.5,-0.12954375,-0.23039758205413818,1.984769539831177e-07,0.0001947518903762102,,,1.0,normal
989,10,scenario1_stationary,moper,50,2.710000000000001,0,0.061693750000000006,0.19871000000000003,0.5,0.5,-0.13020187500000002,-0.23018266260623932,4.6007920673218905e-07,0.00032328604720532894,,,1.0,normal
990,10,scenario1_stationary,moper,50,3.439,0,0.062149375,0.199439,0.5,0.5,-0.1307941875,-0.2304796576499939,3.0708719123140327e-07,0.00025999004719778895,,,1.0,normal
991,10,scenario1_stationary,moper,50,0.0,1,0.09,0.11199999999999999,0.5,0.5,-0.10099999999999999,-0.23060373961925507,2.860510903701652e-07,0.00026231055380776525,,,1.0,normal
992,10,scenario1_stationary,moper,50,1.0,0,0.060625,0.197,0.5,0.5,-0.1288125,-0.2308872640132904,1.726975540350395e-07,0.00019310740754008293,,,1.0,normal
993,10,scenario1_stationary,moper,50,0.0,1,0.09,0.11199999999999999,0.5,0.5,-0.10099999999999999,-0.23072096705436707,3.035414124497038e-07,0.0002577897976152599,,,1.0,normal
994,10,scenario1_stationary,moper,50,1.0,0,0.060625,0.197,0.5,0.5,-0.1288125,-0.23083922266960144,3.415617584323627e-07,0.00023291772231459618,,,1.0,normal
995,10,scenario1_stationary,moper,50,0.0,1,0.09,0.11199999999999999,0.5,0.5,-0.10099999999999999,-0.23104113340377808,1.6274819358841341e-07,0.0001874539302662015,,,1.0,normal
996,10,scenario1_stationary,moper,50,0.0,1,0.09,0.11199999999999999,0.5,0.5,-0.10099999999999999,-0.23117171227931976,2.6597311375553545e-07,0.00021661922801285982,,,1.0,normal
997,10,scenario1_stationary,moper,50,1.0,0,0.060625,0.197,0.5,0.5,-0.1288125,-0.23127028346061707,1.2991199582756963e-06,0.00027499260613694787,,,1.0,normal
998,10,scenario1_stationary,moper,50,0.0,1,0.09,0.11199999999999999,0.5,0.5,-0.10099999999999999,-0.23122893273830414,3.1384905696540955e-07,0.000214320607483387,,,1.0,normal
999,10,scenario1_stationary,moper,50,1.0,0,0.060625,0.197,0.5,0.5,-0.1288125,-0.23149362206459045,7.800657613188378e-07,0.00024933298118412495,,,1.0,normal
1000,10,scenario1_stationary,moper,50,0.0,1,0.09,0.11199999999999999,0.5,0.5,-0.10099999999999999,-0.2313162386417389,4.417256604938302e-07,0.0002739177434705198,,,1.0,normal
1001,10,scenario1_stationary,moper,50,0.0,1,0.09,0.11199999999999999,0.5,0.5,-0.10099999999999999,-0.23164118826389313,2.1571867137026857e-07,0.00020102720009163022,,,1.0,normal
1002,10,scenario1_stationary,moper,50,0.0,1,0.09,0.11199999999999999,0.5,0.5,-0.10099999999999999,-0.2315431833267212,8.056524620769778e-07,0.0003402969450689852,,,1.0,normal
1003,10,scenario1_stationary,moper,50,0.0,1,0.09,0.11199999999999999,0.5,0.5,-0.10099999999999999,-0.23175789415836334,4.212495809952088e-07,0.0002889998722821474,,,1.0,normal
1004,10,scenario1_stationary,moper,50,1.0,0,0.060625,0.197,0.5,0.5,-0.1288125,-0.2322443276643753,2.413971458281594e-07,0.00017872382886707783,,,1.0,normal
1005,10,scenario1_stationary,moper,50,1.9000000000000004,0,0.0611875,0.19790000000000002,0.5,0.5,-0.12954375,-0.23220829665660858,6.122728564150748e-07,0.00024060026044026017,,,1.0,normal
1006,10,scenario1_stationary,moper,50,2.710000000000001,0,0.061693750000000006,0.19871000000000003,0.5,0.5,-0.13020187500000002,-0.2323130965232849,2.1118916038176394e-07,0.0001993215992115438,,,1.0,normal
1007,10,scenario1_stationary,moper,50,0.0,1,0.09,0.11199999999999999,0.5,0.5,-0.10099999999999999,-0.23242226243019104,1.842074937030702e-07,0.0001813775161281228,,,1.0,normal
1008,10,scenario1_stationary,moper,50,0.0,1,0.09,0.11199999999999999,0.5,0.5,-0.10099999999999999,-0.23258118331432343,1.272404972496588e-07,0.00014549336628988385,,,1.0,normal
1009,10,scenario1_stationary,moper,50,0.0,1,0.09,0.11199999999999999,0.5,0.5,-0.10099999999999999,-0.23258113861083984,8.464981533506943e-07,0.00023535965010523796,,,1.0,normal
1010,10,scenario1_stationary,moper,50,1.0,0,0.060625,0.197,0.5,0.5,-0.1288125,-0.23252463340759277,2.1135340944056225e-07,0.00024589651729911566,,,1.0,normal
1011,10,scenario1_stationary,moper,50,1.9000000000000004,0,0.0611875,0.19790000000000002,0.5,0.5,-0.12954375,-0.23271796107292175,4.575361174374848e-07,0.0002738707116805017,,,1.0,normal
1012,10,scenario1_stationary,moper,50,0.0,1,0.09,0.11199999999999999,0.5,0.5,-0.10099999999999999,-0.23275984823703766,1.6132501912125008e-07,0.0002107860636897385,,,1.0,normal
1013,10,scenario1_stationary,moper,50,0.0,1,0.09,0.11199999999999999,0.5,0.5,-0.10099999999999999,-0.2329064905643463,1.5391826480026793e-07,0.00018881837604567409,,,1.0,normal
1014,10,scenario1_stationary,moper,50,1.0,0,0.060625,0.197,0.5,0.5,-0.1288125,-0.23299485445022583,2.46245008383994e-07,0.00023601151769980788,,,1.0,normal
1015,10,scenario1_stationary,moper,50,0.0,1,0.09,0.11199999999999999,0.5,0.5,-0.10099999999999999,-0.23306597769260406,4.047893185088469e-07,0.00023762614000588655,,,1.0,normal
1016,10,scenario1_stationary,moper,50,1.0,0,0.060625,0.197,0.5,0.5,-0.1288125,-0.23311713337898254,3.821267284820351e-07,0.00023313314886763692,,,1.0,normal
1017,10,scenario1_stationary,moper,50,0.0,1,0.09,0.11199999999999999,0.5,0.5,-0.10099999999999999,-0.23342999815940857,1.6875458186405012e-07,0.0001697125262580812,,,1.0,normal
1018,10,scenario1_stationary,moper,50,0.0,1,0.09,0.11199999999999999,0.5,0.5,-0.10099999999999999,-0.23348230123519897,1.9130493456032127e-07,0.00019618397345766425,,,1.0,normal
1019,10,scenario1_stationary,moper,50,0.0,1,0.09,0.11199999999999999,0.5,0.5,-0.10099999999999999,-0.2336064875125885,3.478030521364417e-07,0.00022958393674343824,,,1.0,normal
1020,10,scenario1_stationary,moper,50,0.0,1,0.09,0.11199999999999999,0.5,0.5,-0.10099999999999999,-0.23368875682353973,3.9014980757201556e-07,0.000246046285610646,,,1.0,normal
1021,10,scenario1_stationary,moper,50,1.0,0,0.060625,0.197,0.5,0.5,-0.1288125,-0.23365013301372528,4.5814596205673297e-07,0.0002555755781941116,,,1.0,normal
1022,10,scenario1_stationary,moper,50,0.0,1,0.09,0.11199999999999999,0.5,0.5,-0.10099999999999999,-0.2338258922100067,1.4634049705364305e-07,0.00014007912250235677,,,1.0,normal
1023,10,scenario1_stationary,moper,50,1.0,0,0.060625,0.197,0.5,0.5,-0.1288125,-0.23400282859802246,1.9086095903730893e-07,0.000188603182323277,,,1.0,normal
1024,10,scenario1_stationary,moper,50,0.0,1,0.09,0.11199999999999999,0.5,0.5,-0.10099999999999999,-0.23406684398651123,6.156046765681822e-07,0.00023851834703236818,,,1.0,normal
1025,10,scenario1_stationary,moper,50,0.0,1,0.09,0.11199999999999999,0.5,0.5,-0.10099999999999999,-0.2341366708278656,1.7905138349760819e-07,0.0001875853631645441,,,1.0,normal
1026,10,scenario1_stationary,moper,50,0.0,1,0.09,0.11199999999999999,0.5,0.5,-0.10099999999999999,-0.23417913913726807,6.495894808722369e-07,0.000277617946267128,,,1.0,normal
1027,10,scenario1_stationary,moper,50,0.0,1,0.09,0.11199999999999999,0.5,0.5,-0.10099999999999999,-0.23420824110507965,6.090434681027546e-07,0.0002710898988880217,,,1.0,normal
1028,10,scenario1_stationary,moper,50,0.0,1,0.09,0.11199999999999999,0.5,0.5,-0.10099999999999999,-0.2345355749130249,2.419422173716157e-07,0.00018360238755121827,,,1.0,normal
1029,10,scenario1_stationary,moper,50,1.0,0,0.060625,0.197,0.5,0.5,-0.1288125,-0.234613299369812,2.1800374838676362e-07,0.00018526747589930892,,,1.0,normal
1030,10,scenario1_stationary,moper,50,0.0,1,0.09,0.11199999999999999,0.5,0.5,-0.10099999999999999,-0.2347833663225174,2.615294931729295e-07,0.00018749403534457088,,,1.0,normal
1031,10,scenario1_stationary,moper,50,1.0,0,0.060625,0.197,0.5,0.5,-0.1288125,-0.23482418060302734,8.966698601398093e-07,0.0002469404716975987,,,1.0,normal
1032,10,scenario1_stationary,moper,50,0.0,1,0.09,0.11199999999999999,0.5,0.5,-0.10099999999999999,-0.23496299982070923,1.9625937852651987e-07,0.00017123122233897448,,,1.0,normal
1033,10,scenario1_stationary,moper,50,1.0,0,0.060625,0.197,0.5,0.5,-0.1288125,-0.2349015474319458,2.2888218609296018e-07,0.00018448522314429283,,,1.0,normal
1034,10,scenario1_stationary,moper,50,1.9000000000000004,0,0.0611875,0.19790000000000002,0.5,0.5,-0.12954375,-0.2349916398525238,9.795144251256716e-07,0.00026827974943444133,,,1.0,normal
1035,10,scenario1_stationary,moper,50,0.0,1,0.09,0.11199999999999999,0.5,0.5,-0.10099999999999999,-0.23513345420360565,2.1694620500056772e-07,0.00020752946147695184,,,1.0,normal
1036,10,scenario1_stationary,moper,50,0.0,1,0.09,0.11199999999999999,0.5,0.5,-0.10099999999999999,-0.23541554808616638,1.2547420169539691e-07,0.0001537729986011982,,,1.0,normal
1037,10,scenario1_stationary,moper,50,1.0,0,0.060625,0.197,0.5,0.5,-0.1288125,-0.23548485338687897,4.3128301285833004e-07,0.00019724207231774926,,,1.0,normal
1038,10,scenario1_stationary,moper,50,0.0,1,0.09,0.11199999999999999,0.5,0.5,-0.10099999999999999,-0.23546536266803741,1.4500253087135206e-07,0.00018953625112771988,,,1.0,normal
1039,10,scenario1_stationary,moper,50,1.0,0,0.060625,0.197,0.5,0.5,-0.1288125,-0.23551487922668457,6.880875957904209e-07,0.000237261934671551,,,1.0,normal
1040,10,scenario1_stationary,moper,50,0.0,1,0.09,0.11199999999999999,0.5,0.5,-0.10099999999999999,-0.2356729507446289,1.474580102467371e-07,0.00016847072402015328,,,1.0,normal
1041,10,scenario1_stationary,moper,50,0.0,1,0.09,0.11199999999999999,0.5,0.5,-0.10099999999999999,-0.23583248257637024,1.4897283051595878e-07,0.00015715265180915594,,,1.0,normal
1042,10,scenario1_stationary,moper,50,0.0,1,0.09,0.11199999999999999,0.5,0.5,-0.10099999999999999,-0.23597177863121033,1.6901077515285579e-07,0.00016364699695259333,,,1.0,normal
1043,10,scenario1_stationary,moper,50,0.0,1,0.09,0.11199999999999999,0.5,0.5,-0.10099999999999999,-0.23611892759799957,2.846901168140903e-07,0.00018054537940770388,,,1.0,normal
1044,10,scenario1_stationary,moper,50,1.0,0,0.060625,0.197,0.5,0.5,-0.1288125,-0.23588334023952484,5.17304897584836e-07,0.0002599547151476145,,,1.0,normal
1045,10,scenario1_stationary,moper,50,1.9000000000000004,0,0.0611875,0.19790000000000002,0.5,0.5,-0.12954375,-0.236249640583992,1.687030533048528e-07,0.0001946537522599101,,,1.0,normal
1046,10,scenario1_stationary,moper,50,2.710000000000001,0,0.061693750000000006,0.19871000000000003,0.5,0.5,-0.13020187500000002,-0.2363635152578354,1.4440063011988968e-07,0.00020211772061884403,,,1.0,normal
1047,10,scenario1_stationary,moper,50,0.0,1,0.09,0.11199999999999999,0.5,0.5,-0.10099999999999999,-0.23624984920024872,3.3252379694204137e-07,0.00025802827440202236,,,1.0,normal
1048,10,scenario1_stationary,moper,50,0.0,1,0.09,0.11199999999999999,0.5,0.5,-0.10099999999999999,-0.23657242953777313,3.2233162983175134e-07,0.00021268532145768404,,,1.0,normal
1049,10,scenario1_stationary,moper,50,1.0,0,0.060625,0.197,0.5,0.5,-0.1288125,-0.23698262870311737,9.509449228062294e-08,0.00012425921158865094,,,1.0,normal
1050,10,scenario1_stationary,moper,50,1.9000000000000004,0,0.0611875,0.19790000000000002,0.5,0.5,-0.12954375,-0.2367955893278122,7.754495072731515e-07,0.00029930833261460066,,,1.0,normal
1051,10,scenario1_stationary,moper,50,2.710000000000001,0,0.061693750000000006,0.19871000000000003,0.5,0.5,-0.13020187500000002,-0.23708435893058777,1.005349545835088e-07,0.00012123188935220242,,,1.0,normal
1052,10,scenario1_stationary,moper,50,0.0,1,0.09,0.11199999999999999,0.5,0.5,-0.10099999999999999,-0.23712338507175446,4.6034688949703195e-08,0.00011337501928210258,,,1.0,normal
1053,10,scenario1_stationary,moper,50,1.0,0,0.060625,0.197,0.5,0.5,-0.1288125,-0.2370786964893341,3.175586584802659e-07,0.00021527940407395363,,,1.0,normal
1054,10,scenario1_stationary,moper,50,0.0,1,0.09,0.11199999999999999,0.5,0.5,-0.10099999999999999,-0.23715631663799286,2.423910245852312e-07,0.00022462918423116207,,,1.0,normal
1055,10,scenario1_stationary,moper,50,0.0,1,0.09,0.11199999999999999,0.5,0.5,-0.10099999999999999,-0.2371845245361328,7.648501423318521e-07,0.0002746245008893311,,,1.0,normal
1056,10,scenario1_stationary,moper,50,0.0,1,0.09,0.11199999999999999,0.5,0.5,-0.10099999999999999,-0.23738345503807068,1.6759894094775518e-07,0.00017615128308534622,,,1.0,normal
1057,10,scenario1_stationary,moper,50,0.0,1,0.09,0.11199999999999999,0.5,0.5,-0.10099999999999999,-0.2374660074710846,2.8250818218111817e-07,0.00023842067457735538,,,1.0,normal
1058,10,scenario1_stationary,moper,50,1.0,0,0.060625,0.197,0.5,0.5,-0.1288125,-0.23774641752243042,5.722480409531272e-07,0.00023966870503500104,,,1.0,normal
1059,10,scenario1_stationary,moper,50,1.9000000000000004,0,0.0611875,0.19790000000000002,0.5,0.5,-0.12954375,-0.23756146430969238,8.0260258528142e-07,0.0002952663926407695,,,1.0,normal
1060,10,scenario1_stationary,moper,50,2.710000000000001,0,0.061693750000000006,0.19871000000000003,0.5,0.5,-0.13020187500000002,-0.2378401756286621,4.017475703221862e-07,0.00022931542480364442,,,1.0,normal
1061,10,scenario1_stationary,moper,50,3.439,0,0.062149375,0.199439,0.5,0.5,-0.1307941875,-0.2379378378391266,3.20019722721554e-07,0.0002403626567684114,,,1.0,normal
1062,10,scenario1_stationary,moper,50,4.0951,0,0.06255943750000001,0.20009510000000003,0.5,0.5,-0.13132726875,-0.2379387617111206,2.862682606519229e-07,0.0002529378398321569,,,1.0,normal
1063,10,scenario1_stationary,moper,50,4.685590000000001,0,0.06292849375000001,0.20068559000000002,0.5,0.5,-0.13180704187500003,-0.23826906085014343,1.6165279248525621e-07,0.00017835898324847221,,,1.0,normal
1064,10,scenario1_stationary,moper,50,0.0,1,0.09,0.11199999999999999,0.5,0.5,-0.10099999999999999,-0.23835451900959015,1.1964975783484988e-06,0.00030278589110821486,,,1.0,normal
1065,10,scenario1_stationary,moper,50,1.0,0,0.060625,0.197,0.5,0.5,-0.1288125,-0.23839417099952698,1.6801982383185532e-07,0.00018806388834491372,,,1.0,normal
1066,10,scenario1_stationary,moper,50,1.9000000000000004,0,0.0611875,0.19790000000000002,0.5,0.5,-0.12954375,-0.23824474215507507,8.854059387886082e-07,0.0002792872255668044,,,1.0,normal
1067,10,scenario1_stationary,moper,50,0.0,1,0.09,0.11199999999999999,0.5,0.5,-0.10099999999999999,-0.23819567263126373,1.0855413847821183e-06,0.0003441979642957449,,,1.0,normal
1068,10,scenario1_stationary,moper,50,0.0,1,0.09,0.11199999999999999,0.5,0.5,-0.10099999999999999,-0.23853908479213715,2.4094669015539694e-07,0.0002852369798347354,,,1.0,normal
1069,10,scenario1_stationary,moper,50,1.0,0,0.060625,0.197,0.5,0.5,-0.1288125,-0.23836183547973633,9.297206133851432e-07,0.0004288505297154188,,,1.0,normal
1070,10,scenario1_stationary,moper,50,1.9000000000000004,0,0.0611875,0.19790000000000002,0.5,0.5,-0.12954375,-0.23888768255710602,3.2548433637202834e-07,0.0003029542858712375,,,1.0,normal
1071,10,scenario1_stationary,moper,50,2.710000000000001,0,0.061693750000000006,0.19871000000000003,0.5,0.5,-0.13020187500000002,-0.23901084065437317,3.5929423347624834e-07,0.0002702155034057796,,,1.0,normal
1072,10,scenario1_stationary,moper,50,0.0,1,0.09,0.11199999999999999,0.5,0.5,-0.10099999999999999,-0.23943722248077393,3.1321209803536476e-07,0.00021051883231848478,,,1.0,normal
1073,10,scenario1_stationary,moper,50,0.0,1,0.09,0.11199999999999999,0.5,0.5,-0.10099999999999999,-0.23907658457756042,6.402402732419432e-07,0.00030732015147805214,,,1.0,normal
1074,10,scenario1_stationary,moper,50,0.0,1,0.09,0.11199999999999999,0.5,0.5,-0.10099999999999999,-0.2390582412481308,2.557324023655383e-07,0.00021841953275725245,,,1.0,normal
1075,10,scenario1_stationary,moper,50,1.0,0,0.060625,0.197,0.5,0.5,-0.1288125,-0.23922838270664215,7.885117270234332e-07,0.00034817622508853674,,,1.0,normal
1076,10,scenario1_stationary,moper,50,0.0,1,0.09,0.11199999999999999,0.5,0.5,-0.10099999999999999,-0.2393277883529663,7.120959821804718e-07,0.0004022417706437409,,,1.0,normal
1077,10,scenario1_stationary,moper,50,1.0,0,0.060625,0.197,0.5,0.5,-0.1288125,-0.2397456169128418,1.3273294996452023e-07,0.00020153471268713474,,,1.0,normal
1078,10,scenario1_stationary,moper,50,0.0,1,0.09,0.11199999999999999,0.5,0.5,-0.10099999999999999,-0.2397851049900055,2.0068018784513697e-06,0.0003267644206061959,,,1.0,normal
1079,10,scenario1_stationary,moper,50,0.0,1,0.09,0.11199999999999999,0.5,0.5,-0.10099999999999999,-0.2398378551006317,1.8423881442686252e-07,0.00022615358466282487,,,1.0,normal
1080,10,scenario1_stationary,moper,50,1.0,0,0.060625,0.197,0.5,0.5,-0.1288125,-0.23996062576770782,3.5637634709928534e-07,0.00027185591170564294,,,1.0,normal
1081,10,scenario1_stationary,moper,50,1.9000000000000004,0,0.0611875,0.19790000000000002,0.5,0.5,-0.12954375,-0.23975645005702972,7.65143795433687e-07,0.00028583407402038574,,,1.0,normal
1082,10,scenario1_stationary,moper,50,0.0,1,0.09,0.11199999999999999,0.5,0.5,-0.10099999999999999,-0.23998691141605377,4.942443752042891e-07,0.0002926222514361143,,,1.0,normal
1083,10,scenario1_stationary,moper,50,1.0,0,0.060625,0.197,0.5,0.5,-0.1288125,-0.2400878220796585,1.2407798521962832e-06,0.00039578560972586274,,,1.0,normal
1084,10,scenario1_stationary,moper,50,0.0,1,0.09,0.11199999999999999,0.5,0.5,-0.10099999999999999,-0.24028734862804413,4.4692319534078706e-07,0.0002846171846613288,,,1.0,normal
1085,10,scenario1_stationary,moper,50,0.0,1,0.09,0.11199999999999999,0.5,0.5,-0.10099999999999999,-0.24051623046398163,2.4051857394624676e-07,0.00020145380403846502,,,1.0,normal
1086,10,scenario1_stationary,moper,50,0.0,1,0.09,0.11199999999999999,0.5,0.5,-0.10099999999999999,-0.240838885307312,2.6939886765831034e-07,0.00025738344993442297,,,1.0,normal
1087,10,scenario1_stationary,moper,50,0.0,1,0.09,0.11199999999999999,0.5,0.5,-0.10099999999999999,-0.2407013177871704,1.6354088074876927e-06,0.00041883497033268213,,,1.0,normal
1088,10,scenario1_stationary,moper,50,0.0,1,0.09,0.11199999999999999,0.5,0.5,-0.10099999999999999,-0.2408573180437088,7.535584956031016e-08,0.00012523506302386522,,,1.0,normal
1089,10,scenario1_stationary,moper,50,0.0,1,0.09,0.11199999999999999,0.5,0.5,-0.10099999999999999,-0.24048802256584167,4.051824760153977e-07,0.00027213094290345907,,,1.0,normal
1090,10,scenario1_stationary,moper,50,1.0,0,0.060625,0.197,0.5,0.5,-0.1288125,-0.2407418042421341,7.403573363262694e-07,0.0003560854820534587,,,1.0,normal
1091,10,scenario1_stationary,moper,50,1.9000000000000004,0,0.0611875,0.19790000000000002,0.5,0.5,-0.12954375,-0.2409445196390152,5.04585841554217e-07,0.0003106574877165258,,,1.0,normal
1092,10,scenario1_stationary,moper,50,0.0,1,0.09,0.11199999999999999,0.5,0.5,-0.10099999999999999,-0.24101874232292175,2.2592679727040377e-07,0.0002132802619598806,,,1.0,normal
1093,10,scenario1_stationary,moper,50,1.0,0,0.060625,0.197,0.5,0.5,-0.1288125,-0.24138721823692322,2.2513765429721389e-07,0.0001976165222004056,,,1.0,normal
1094,10,scenario1_stationary,moper,50,1.9000000000000004,0,0.0611875,0.19790000000000002,0.5,0.5,-0.12954375,-0.24137721955776215,1.4368333722813986e-06,0.0004015658632852137,,,1.0,normal
1095,10,scenario1_stationary,moper,50,2.710000000000001,0,0.061693750000000006,0.19871000000000003,0.5,0.5,-0.13020187500000002,-0.24129541218280792,3.325012869481725e-07,0.0002705561928451061,,,1.0,normal
1096,10,scenario1_stationary,moper,50,0.0,1,0.09,0.11199999999999999,0.5,0.5,-0.10099999999999999,-0.24133342504501343,2.4941573428804986e-07,0.00018652935978025198,,,1.0,normal
1097,10,scenario1_stationary,moper,50,0.0,1,0.09,0.11199999999999999,0.5,0.5,-0.10099999999999999,-0.241517573595047,4.483724751480622e-07,0.00026263942709192634,,,1.0,normal
1098,10,scenario1_stationary,moper,50,0.0,1,0.09,0.11199999999999999,0.5,0.5,-0.10099999999999999,-0.24183520674705505,2.8859176381956786e-07,0.0002693220158107579,,,1.0,normal
1099,10,scenario1_stationary,moper,50,0.0,1,0.09,0.11199999999999999,0.5,0.5,-0.10099999999999999,-0.24212342500686646,8.12146481621312e-07,0.00023118301760405302,,,1.0,normal
1100,10,scenario1_stationary,moper,50,0.0,1,0.09,0.11199999999999999,0.5,0.5,-0.10099999999999999,-0.24207434058189392,8.16573333395354e-07,0.0001943844836205244,,,1.0,normal
1101,10,scenario1_stationary,moper,50,1.0,0,0.060625,0.197,0.5,0.5,-0.1288125,-0.24203850328922272,3.068677472128911e-07,0.00023620150750502944,,,1.0,normal
1102,10,scenario1_stationary,moper,50,1.9000000000000004,0,0.0611875,0.19790000000000002,0.5,0.5,-0.12954375,-0.24232761561870575,1.5495339766857796e-07,0.00021027954062446952,,,1.0,normal
1103,10,scenario1_stationary,moper,50,0.0,1,0.09,0.11199999999999999,0.5,0.5,-0.10099999999999999,-0.24228255450725555,2.7894677145923197e-07,0.00023804884403944016,,,1.0,normal
1104,10,scenario1_stationary,moper,50,1.0,0,0.060625,0.197,0.5,0.5,-0.1288125,-0.24226751923561096,3.7541454389611317e-07,0.00023087812587618828,,,1.0,normal
1105,10,scenario1_stationary,moper,50,1.9000000000000004,0,0.0611875,0.19790000000000002,0.5,0.5,-0.12954375,-0.24249178171157837,3.3869531534946873e-07,0.00020402809605002403,,,1.0,normal
1106,10,scenario1_stationary,moper,50,0.0,1,0.09,0.11199999999999999,0.5,0.5,-0.10099999999999999,-0.24265727400779724,2.4721362024138216e-07,0.00019626121502369642,,,1.0,normal
1107,10,scenario1_stationary,moper,50,0.0,1,0.09,0.11199999999999999,0.5,0.5,-0.10099999999999999,-0.24275192618370056,2.205549947120744e-07,0.00022245151922106743,,,1.0,normal
1108,10,scenario1_stationary,moper,50,1.0,0,0.060625,0.197,0.5,0.5,-0.1288125,-0.24291642010211945,1.908455118382335e-07,0.00019421754404902458,,,1.0,normal
1109,10,scenario1_stationary,moper,50,0.0,1,0.09,0.11199999999999999,0.5,0.5,-0.10099999999999999,-0.24288047850131989,5.801383053949394e-07,0.0002603389439173043,,,1.0,normal
1110,10,scenario1_stationary,moper,50,0.0,1,0.09,0.11199999999999999,0.5,0.5,-0.10099999999999999,-0.24300459027290344,1.7488596881776175e-07,0.00022684922441840172,,,1.0,normal
1111,10,scenario1_stationary,moper,50,0.0,1,0.09,0.11199999999999999,0.5,0.5,-0.10099999999999999,-0.24316400289535522,2.8091909598515485e-07,0.00023352220887318254,,,1.0,normal
1112,10,scenario1_stationary,moper,50,1.0,0,0.060625,0.197,0.5,0.5,-0.1288125,-0.2432406097650528,8.347061566382763e-07,0.00023062515538185835,,,1.0,normal
1113,10,scenario1_stationary,moper,50,1.9000000000000004,0,0.0611875,0.19790000000000002,0.5,0.5,-0.12954375,-0.2433517724275589,6.113876906965743e-07,0.0002484661526978016,,,1.0,normal
1114,10,scenario1_stationary,moper,50,0.0,1,0.09,0.11199999999999999,0.5,0.5,-0.10099999999999999,-0.2434873878955841,8.783399607636966e-07,0.00026787753449752927,,,1.0,normal
1115,10,scenario1_stationary,moper,50,0.0,1,0.09,0.11199999999999999,0.5,0.5,-0.10099999999999999,-0.24347485601902008,1.8304297100257827e-07,0.00021382258273661137,,,1.0,normal
1116,10,scenario1_stationary,moper,50,1.0,0,0.060625,0.197,0.5,0.5,-0.1288125,-0.24371817708015442,4.7206765430019004e-07,0.00023744127247482538,,,1.0,normal
1117,10,scenario1_stationary,moper,50,0.0,1,0.09,0.11199999999999999,0.5,0.5,-0.10099999999999999,-0.24361832439899445,3.242953141580074e-07,0.0002613728283904493,,,1.0,normal
1118,10,scenario1_stationary,moper,50,0.0,1,0.09,0.11199999999999999,0.5,0.5,-0.10099999999999999,-0.24370934069156647,3.1977617709344486e-07,0.0002608728827908635,,,1.0,normal
1119,10,scenario1_stationary,moper,50,1.0,0,0.060625,0.197,0.5,0.5,-0.1288125,-0.24400240182876587,3.7063068702991586e-07,0.00025591731537133455,,,1.0,normal
1120,10,scenario1_stationary,moper,50,1.9000000000000004,0,0.0611875,0.19790000000000002,0.5,0.5,-0.12954375,-0.2442237287759781,3.477895234027528e-07,0.0002196190762333572,,,1.0,normal
1121,10,scenario1_stationary,moper,50,2.710000000000001,0,0.061693750000000006,0.19871000000000003,0.5,0.5,-0.13020187500000002,-0.24433016777038574,6.722997341057635e-07,0.00028260512044653296,,,1.0,normal
1122,10,scenario1_stationary,moper,50,3.439,0,0.062149375,0.199439,0.5,0.5,-0.1307941875,-0.2443738579750061,2.172222366425558e-07,0.0002130771172232926,,,1.0,normal
1123,10,scenario1_stationary,moper,50,4.0951,0,0.06255943750000001,0.20009510000000003,0.5,0.5,-0.13132726875,-0.2444474846124649,1.4359051192514016e-07,0.00017502944683656096,,,1.0,normal
1124,10,scenario1_stationary,moper,50,0.0,1,0.09,0.11199999999999999,0.5,0.5,-0.10099999999999999,-0.24451641738414764,1.0425060281704646e-06,0.0002962987055070698,,,1.0,normal
1125,10,scenario1_stationary,moper,50,1.0,0,0.060625,0.197,0.5,0.5,-0.1288125,-0.2445930689573288,2.2219582263005577e-07,0.0002171399537473917,,,1.0,normal
1126,10,scenario1_stationary,moper,50,1.9000000000000004,0,0.0611875,0.19790000000000002,0.5,0.5,-0.12954375,-0.24490194022655487,1.4902676070960297e-07,0.0001684997114352882,,,1.0,normal
1127,10,scenario1_stationary,moper,50,0.0,1,0.09,0.11199999999999999,0.5,0.5,-0.10099999999999999,-0.2448500543832779,5.097942903375952e-07,0.00021703855600208044,,,1.0,normal
1128,10,scenario1_stationary,moper,50,1.0,0,0.060625,0.197,0.5,0.5,-0.1288125,-0.24489031732082367,7.210752528408193e-07,0.00027150841196998954,,,1.0,normal
1129,10,scenario1_stationary,moper,50,1.9000000000000004,0,0.0611875,0.19790000000000002,0.5,0.5,-0.12954375,-0.24469512701034546,2.0819133794702793e-07,0.00023140688426792622,,,1.0,normal
1130,10,scenario1_stationary,moper,50,2.710000000000001,0,0.061693750000000006,0.19871000000000003,0.5,0.5,-0.13020187500000002,-0.24502018094062805,1.7169512034342915e-07,0.00021489325445145369,,,1.0,normal
1131,10,scenario1_stationary,moper,50,3.439,0,0.062149375,0.199439,0.5,0.5,-0.1307941875,-0.24521377682685852,1.7359036519337678e-07,0.00023087626323103905,,,1.0,normal
1132,10,scenario1_stationary,moper,50,0.0,1,0.09,0.11199999999999999,0.5,0.5,-0.10099999999999999,-0.24553480744361877,1.546720511669264e-07,0.00017301732441410422,,,1.0,normal
1133,10,scenario1_stationary,moper,50,0.0,1,0.09,0.11199999999999999,0.5,0.5,-0.10099999999999999,-0.24559935927391052,2.2823930123649916e-07,0.00017967727035284042,,,1.0,normal
1134,10,scenario1_stationary,moper,50,0.0,1,0.09,0.11199999999999999,0.5,0.5,-0.10099999999999999,-0.24566945433616638,1.7208716940331215e-07,0.00019714684458449483,,,1.0,normal
1135,10,scenario1_stationary,moper,50,1.0,0,0.060625,0.197,0.5,0.5,-0.1288125,-0.24571232497692108,3.994994699496601e-07,0.0002247386146336794,,,1.0,normal
1136,10,scenario1_stationary,moper,50,0.0,1,0.09,0.11199999999999999,0.5,0.5,-0.10099999999999999,-0.24590766429901123,1.2988343200959207e-07,0.00015982368495315313,,,1.0,normal
1137,10,scenario1_stationary,moper,50,1.0,0,0.060625,0.197,0.5,0.5,-0.1288125,-0.2457689493894577,1.0508935019970522e-06,0.000293289078399539,,,1.0,normal
1138,10,scenario1_stationary,moper,50,1.9000000000000004,0,0.0611875,0.19790000000000002,0.5,0.5,-0.12954375,-0.2460152804851532,2.298400829658931e-07,0.00018825556617230177,,,1.0,normal
1139,10,scenario1_stationary,moper,50,2.710000000000001,0,0.061693750000000006,0.19871000000000003,0.5,0.5,-0.13020187500000002,-0.24600179493427277,2.0892005636596878e-07,0.00019544229144230485,,,1.0,normal
1140,10,scenario1_stationary,moper,50,0.0,1,0.09,0.11199999999999999,0.5,0.5,-0.10099999999999999,-0.24608741700649261,2.9407249257928925e-07,0.00020986981689929962,,,1.0,normal
1141,10,scenario1_stationary,moper,50,0.0,1,0.09,0.11199999999999999,0.5,0.5,-0.10099999999999999,-0.24623246490955353,1.975965489009468e-07,0.0001959668006747961,,,1.0,normal
1142,10,scenario1_stationary,moper,50,1.0,0,0.060625,0.197,0.5,0.5,-0.1288125,-0.24639585614204407,1.896216588193056e-07,0.00017967337043955922,,,1.0,normal
1143,10,scenario1_stationary,moper,50,1.9000000000000004,0,0.0611875,0.19790000000000002,0.5,0.5,-0.12954375,-0.246580109000206,1.3859639125257672e-07,0.00015591987175866961,,,1.0,normal
1144,10,scenario1_stationary,moper,50,0.0,1,0.09,0.11199999999999999,0.5,0.5,-0.10099999999999999,-0.24664658308029175,2.291430973855313e-07,0.00019126728875562549,,,1.0,normal
1145,10,scenario1_stationary,moper,50,0.0,1,0.09,0.11199999999999999,0.5,0.5,-0.10099999999999999,-0.2468205988407135,1.2308947816563887e-07,0.00013809680240228772,,,1.0,normal
1146,10,scenario1_stationary,moper,50,1.0,0,0.060625,0.197,0.5,0.5,-0.1288125,-0.246850848197937,2.107073271417903e-07,0.00017551041673868895,,,1.0,normal
1147,10,scenario1_stationary,moper,50,0.0,1,0.09,0.11199999999999999,0.5,0.5,-0.10099999999999999,-0.24689406156539917,2.269572547675125e-07,0.00018538907170295715,,,1.0,normal
1148,10,scenario1_stationary,moper,50,1.0,0,0.060625,0.197,0.5,0.5,-0.1288125,-0.24706578254699707,1.9819260899112123e-07,0.0001661134883761406,,,1.0,normal
1149,10,scenario1_stationary,moper,50,1.9000000000000004,0,0.0611875,0.19790000000000002,0.5,0.5,-0.12954375,-0.24696874618530273,1.625030705554309e-07,0.00017630384536460042,,,1.0,normal
1150,10,scenario1_stationary,moper,50,0.0,1,0.09,0.11199999999999999,0.5,0.5,-0.10099999999999999,-0.24720917642116547,1.7867606061372499e-07,0.0001763559994287789,,,1.0,normal
1151,10,scenario1_stationary,moper,50,0.0,1,0.09,0.11199999999999999,0.5,0.5,-0.10099999999999999,-0.24732328951358795,1.6999901220060565e-07,0.00017845036927610636,,,1.0,normal
1152,10,scenario1_stationary,moper,50,0.0,1,0.09,0.11199999999999999,0.5,0.5,-0.10099999999999999,-0.2474210262298584,1.675041687576595e-07,0.0001825444051064551,,,1.0,normal
1153,10,scenario1_stationary,moper,50,0.0,1,0.09,0.11199999999999999,0.5,0.5,-0.10099999999999999,-0.2474493682384491,2.522789941394876e-07,0.0002103581791743636,,,1.0,normal
1154,10,scenario1_stationary,moper,50,1.0,0,0.060625,0.197,0.5,0.5,-0.1288125,-0.24755464494228363,3.01619678566567e-07,0.00022339116549119353,,,1.0,normal
1155,10,scenario1_stationary,moper,50,0.0,1,0.09,0.11199999999999999,0.5,0.5,-0.10099999999999999,-0.2477591335773468,2.2083864337218984e-07,0.00019512901781126857,,,1.0,normal
1156,10,scenario1_stationary,moper,50,1.0,0,0.060625,0.197,0.5,0.5,-0.1288125,-0.24759705364704132,4.612105612977757e-07,0.0002631916431710124,,,1.0,normal
1157,10,scenario1_stationary,moper,50,0.0,1,0.09,0.11199999999999999,0.5,0.5,-0.10099999999999999,-0.2479693591594696,9.969024716838248e-08,0.00013399106683209538,,,1.0,normal
1158,10,scenario1_stationary,moper,50,0.0,1,0.09,0.11199999999999999,0.5,0.5,-0.10099999999999999,-0.24815309047698975,5.14510361426801e-07,0.00018068903591483831,,,1.0,normal
1159,10,scenario1_stationary,moper,50,0.0,1,0.09,0.11199999999999999,0.5,0.5,-0.10099999999999999,-0.24802319705486298,1.8770528242839646e-07,0.00017631391528993845,,,1.0,normal
1160,10,scenario1_stationary,moper,50,1.0,0,0.060625,0.197,0.5,0.5,-0.1288125,-0.2480512261390686,1.052978404914029e-06,0.0002653474803082645,,,1.0,normal
1161,10,scenario1_stationary,moper,50,1.9000000000000004,0,0.0611875,0.19790000000000002,0.5,0.5,-0.12954375,-0.24820850789546967,2.7780563982560125e-07,0.0002600997104309499,,,1.0,normal
1162,10,scenario1_stationary,moper,50,0.0,1,0.09,0.11199999999999999,0.5,0.5,-0.10099999999999999,-0.24820329248905182,6.733105237799464e-07,0.0003645115066319704,,,1.0,normal
1163,10,scenario1_stationary,moper,50,1.0,0,0.060625,0.197,0.5,0.5,-0.1288125,-0.24870091676712036,8.916980505091487e-07,0.0002462800475768745,,,1.0,normal
1164,10,scenario1_stationary,moper,50,0.0,1,0.09,0.11199999999999999,0.5,0.5,-0.10099999999999999,-0.24884086847305298,1.0156654184356739e-07,0.0001304300967603922,,,1.0,normal
1165,10,scenario1_stationary,moper,50,0.0,1,0.09,0.11199999999999999,0.5,0.5,-0.10099999999999999,-0.24910326302051544,1.6586683670993807e-07,0.0001716618426144123,,,1.0,normal
1166,10,scenario1_stationary,moper,50,0.0,1,0.09,0.11199999999999999,0.5,0.5,-0.10099999999999999,-0.24901393055915833,2.509171395104204e-07,0.00023940426763147116,,,1.0,normal
1167,10,scenario1_stationary,moper,50,0.0,1,0.09,0.11199999999999999,0.5,0.5,-0.10099999999999999,-0.2490043342113495,8.276819585262274e-07,0.00023974187206476927,,,1.0,normal
1168,10,scenario1_stationary,moper,50,0.0,1,0.09,0.11199999999999999,0.5,0.5,-0.10099999999999999,-0.24914196133613586,1.1137548483475257e-07,0.0001401393092237413,,,1.0,normal
1169,10,scenario1_stationary,moper,50,1.0,0,0.060625,0.197,0.5,0.5,-0.1288125,-0.24920198321342468,7.300626236883545e-08,0.00015588727546855807,,,1.0,normal
1170,10,scenario1_stationary,moper,50,1.9000000000000004,0,0.0611875,0.19790000000000002,0.5,0.5,-0.12954375,-0.24917761981487274,1.8913857502411702e-07,0.00019290077034384012,,,1.0,normal
1171,10,scenario1_stationary,moper,50,2.710000000000001,0,0.061693750000000006,0.19871000000000003,0.5,0.5,-0.13020187500000002,-0.2493661344051361,1.7035122823472193e-07,0.00020799849880859256,,,1.0,normal
1172,10,scenario1_stationary,moper,50,3.439,0,0.062149375,0.199439,0.5,0.5,-0.1307941875,-0.2494293451309204,1.0732344435382402e-07,0.00015853228978812695,,,1.0,normal
1173,10,scenario1_stationary,moper,50,0.0,1,0.09,0.11199999999999999,0.5,0.5,-0.10099999999999999,-0.24966758489608765,2.2553670930847147e-07,0.00019791378872469068,,,1.0,normal
1174,10,scenario1_stationary,moper,50,1.0,0,0.060625,0.197,0.5,0.5,-0.1288125,-0.24976544082164764,1.8838728976788843e-07,0.0002210712991654873,,,1.0,normal
1175,10,scenario1_stationary,moper,50,0.0,1,0.09,0.11199999999999999,0.5,0.5,-0.10099999999999999,-0.24978435039520264,1.5799400898686145e-07,0.0001878805924206972,,,1.0,normal
1176,10,scenario1_stationary,moper,50,1.0,0,0.060625,0.197,0.5,0.5,-0.1288125,-0.24986198544502258,1.933023554556712e-07,0.00016736058751121163,,,1.0,normal
1177,10,scenario1_stationary,moper,50,0.0,1,0.09,0.11199999999999999,0.5,0.5,-0.10099999999999999,-0.24998164176940918,3.677793927181483e-07,0.00017479370580986142,,,1.0,normal
1178,10,scenario1_stationary,moper,50,0.0,1,0.09,0.11199999999999999,0.5,0.5,-0.10099999999999999,-0.25017037987709045,1.307804069483609e-07,0.00017885881243273616,,,1.0,normal
1179,10,scenario1_stationary,moper,50,1.0,0,0.060625,0.197,0.5,0.5,-0.1288125,-0.25022077560424805,2.1301747210600297e-07,0.0002253839047625661,,,1.0,normal
1180,10,scenario1_stationary,moper,50,1.9000000000000004,0,0.0611875,0.19790000000000002,0.5,0.5,-0.12954375,-0.25022968649864197,3.3213052574865287e-07,0.0002495814114809036,,,1.0,normal
1181,10,scenario1_stationary,moper,50,0.0,1,0.09,0.11199999999999999,0.5,0.5,-0.10099999999999999,-0.250507652759552,4.000509647994477e-07,0.0002198200672864914,,,1.0,normal
1182,10,scenario1_stationary,moper,50,1.0,0,0.060625,0.197,0.5,0.5,-0.1288125,-0.250653475522995,1.9159901398779766e-07,0.0002174079418182373,,,1.0,normal
1183,10,scenario1_stationary,moper,50,1.9000000000000004,0,0.0611875,0.19790000000000002,0.5,0.5,-0.12954375,-0.25081029534339905,2.2121074039205268e-07,0.00021158246090635657,,,1.0,normal
1184,10,scenario1_stationary,moper,50,0.0,1,0.09,0.11199999999999999,0.5,0.5,-0.10099999999999999,-0.2505626678466797,6.492983857242507e-07,0.0002616507699713111,,,1.0,normal
1185,10,scenario1_stationary,moper,50,0.0,1,0.09,0.11199999999999999,0.5,0.5,-0.10099999999999999,-0.25083741545677185,1.6076475617410324e-07,0.0001820728648453951,,,1.0,normal
1186,10,scenario1_stationary,moper,50,1.0,0,0.060625,0.197,0.5,0.5,-0.1288125,-0.25066474080085754,2.6423879262438277e-07,0.00023327418603003025,,,1.0,normal
1187,10,scenario1_stationary,moper,50,1.9000000000000004,0,0.0611875,0.19790000000000002,0.5,0.5,-0.12954375,-0.25108522176742554,1.3547627020216169e-07,0.0001942158560268581,,,1.0,normal
1188,10,scenario1_stationary,moper,50,2.710000000000001,0,0.061693750000000006,0.19871000000000003,0.5,0.5,-0.13020187500000002,-0.2511473298072815,1.6912542832869804e-07,0.000209940189961344,,,1.0,normal
1189,10,scenario1_stationary,moper,50,3.439,0,0.062149375,0.199439,0.5,0.5,-0.1307941875,-0.25119584798812866,7.264120540639851e-07,0.0002685350482352078,,,1.0,normal
1190,10,scenario1_stationary,moper,50,0.0,1,0.09,0.11199999999999999,0.5,0.5,-0.10099999999999999,-0.2513751983642578,2.0907026510030846e-07,0.0001947860000655055,,,1.0,normal
1191,10,scenario1_stationary,moper,50,1.0,0,0.060625,0.197,0.5,0.5,-0.1288125,-0.2517205774784088,7.814806508577021e-07,0.0001926106051541865,,,1.0,normal
1192,10,scenario1_stationary,moper,50,0.0,1,0.09,0.11199999999999999,0.5,0.5,-0.10099999999999999,-0.2516464591026306,1.2063671306350443e-07,0.00015689822612330317,,,1.0,normal
1193,10,scenario1_stationary,moper,50,1.0,0,0.060625,0.197,0.5,0.5,-0.1288125,-0.2518126964569092,8.85133204064914e-07,0.00018336117500439286,,,1.0,normal
1194,10,scenario1_stationary,moper,50,1.9000000000000004,0,0.0611875,0.19790000000000002,0.5,0.5,-0.12954375,-0.251675546169281,2.360575592774694e-07,0.00018319429364055395,,,1.0,normal
1195,10,scenario1_stationary,moper,50,2.710000000000001,0,0.061693750000000006,0.19871000000000003,0.5,0.5,-0.13020187500000002,-0.2517709732055664,6.97263487836608e-07,0.00022009352687746286,,,1.0,normal
1196,10,scenario1_stationary,moper,50,0.0,1,0.09,0.11199999999999999,0.5,0.5,-0.10099999999999999,-0.2519664168357849,2.6762239713207236e-07,0.0001875563757494092,,,1.0,normal
1197,10,scenario1_stationary,moper,50,0.0,1,0.09,0.11199999999999999,0.5,0.5,-0.10099999999999999,-0.2518180310726166,3.9436741872123093e-07,0.00024353485787287354,,,1.0,normal
1198,10,scenario1_stationary,moper,50,0.0,1,0.09,0.11199999999999999,0.5,0.5,-0.10099999999999999,-0.2519552409648895,2.1801324123771337e-07,0.00022416072897613049,,,1.0,normal
1199,10,scenario1_stationary,moper,50,0.0,1,0.09,0.11199999999999999,0.5,0.5,-0.10099999999999999,-0.2521688640117645,4.0341677731703385e-07,0.00026856292970478535,,,1.0,normal
1200,10,scenario1_stationary,moper,50,0.0,1,0.09,0.11199999999999999,0.5,0.5,-0.10099999999999999,-0.2525131106376648,1.8423480696583283e-07,0.00018790882313624024,,,1.0,normal
1201,10,scenario1_stationary,moper,50,1.0,0,0.060625,0.197,0.5,0.5,-0.1288125,-0.25244954228401184,2.129829965724639e-07,0.0001910837017931044,,,1.0,normal
1202,10,scenario1_stationary,moper,50,0.0,1,0.09,0.11199999999999999,0.5,0.5,-0.10099999999999999,-0.25259119272232056,4.822711048291239e-07,0.00018606684170663357,,,1.0,normal
1203,10,scenario1_stationary,moper,50,1.0,0,0.060625,0.197,0.5,0.5,-0.1288125,-0.2527117133140564,1.7356104820009932e-07,0.00019830174278467894,,,1.0,normal
1204,10,scenario1_stationary,moper,50,1.9000000000000004,0,0.0611875,0.19790000000000002,0.5,0.5,-0.12954375,-0.25277289748191833,1.906708035903648e-07,0.0002150899381376803,,,1.0,normal
1205,10,scenario1_stationary,moper,50,2.710000000000001,0,0.061693750000000006,0.19871000000000003,0.5,0.5,-0.13020187500000002,-0.25289154052734375,2.619601673359284e-07,0.00023927533766254783,,,1.0,normal
1206,10,scenario1_stationary,moper,50,0.0,1,0.09,0.11199999999999999,0.5,0.5,-0.10099999999999999,-0.2530776262283325,1.6361116195184877e-07,0.0001895700115710497,,,1.0,normal
1207,10,scenario1_stationary,moper,50,0.0,1,0.09,0.11199999999999999,0.5,0.5,-0.10099999999999999,-0.2533031702041626,1.2738497900954826e-07,0.0001721190637908876,,,1.0,normal
1208,10,scenario1_stationary,moper,50,1.0,0,0.060625,0.197,0.5,0.5,-0.1288125,-0.25325486063957214,1.0320558203602559e-06,0.0002813208266161382,,,1.0,normal
1209,10,scenario1_stationary,moper,50,0.0,1,0.09,0.11199999999999999,0.5,0.5,-0.10099999999999999,-0.25342458486557007,1.387678025821515e-07,0.00016947579570114613,,,1.0,normal
1210,10,scenario1_stationary,moper,50,1.0,0,0.060625,0.197,0.5,0.5,-0.1288125,-0.253554105758667,1.5598372726799425e-07,0.00015345669817179441,,,1.0,normal
1211,10,scenario1_stationary,moper,50,0.0,1,0.09,0.11199999999999999,0.5,0.5,-0.10099999999999999,-0.25355949997901917,2.602923530048429e-07,0.00020907865837216377,,,1.0,normal
1212,10,scenario1_stationary,moper,50,1.0,0,0.060625,0.197,0.5,0.5,-0.1288125,-0.2536415457725525,3.3020788237081433e-07,0.0002650216920301318,,,1.0,normal
1213,10,scenario1_stationary,moper,50,0.0,1,0.09,0.11199999999999999,0.5,0.5,-0.10099999999999999,-0.25367841124534607,2.0373681763885543e-07,0.0002284254296682775,,,1.0,normal
1214,10,scenario1_stationary,moper,50,0.0,1,0.09,0.11199999999999999,0.5,0.5,-0.10099999999999999,-0.25398334860801697,1.4581962659576675e-07,0.00018634938169270754,,,1.0,normal
1215,10,scenario1_stationary,moper,50,1.0,0,0.060625,0.197,0.5,0.5,-0.1288125,-0.2542683482170105,1.7124293094639143e-07,0.00021169846877455711,,,1.0,normal
1216,10,scenario1_stationary,moper,50,0.0,1,0.09,0.11199999999999999,0.5,0.5,-0.10099999999999999,-0.2543107867240906,7.096186891430989e-07,0.00022610754240304232,,,1.0,normal
1217,10,scenario1_stationary,moper,50,1.0,0,0.060625,0.197,0.5,0.5,-0.1288125,-0.25422245264053345,9.438804227102082e-08,0.00013269472401589155,,,1.0,normal
1218,10,scenario1_stationary,moper,50,0.0,1,0.09,0.11199999999999999,0.5,0.5,-0.10099999999999999,-0.254081130027771,2.541544859013811e-07,0.00023611728101968765,,,1.0,normal
1219,10,scenario1_stationary,moper,50,1.0,0,0.060625,0.197,0.5,0.5,-0.1288125,-0.2542639672756195,1.1436387694629957e-06,0.00036925228778272867,,,1.0,normal
1220,10,scenario1_stationary,moper,50,1.9000000000000004,0,0.0611875,0.19790000000000002,0.5,0.5,-0.12954375,-0.25439685583114624,2.6408994813209574e-07,0.0002858873922377825,,,1.0,normal
1221,10,scenario1_stationary,moper,50,0.0,1,0.09,0.11199999999999999,0.5,0.5,-0.10099999999999999,-0.2546767294406891,1.8332983131585934e-07,0.00022416049614548683,,,1.0,normal
1222,10,scenario1_stationary,moper,50,1.0,0,0.060625,0.197,0.5,0.5,-0.1288125,-0.2545764744281769,2.1049322640465107e-07,0.0002289410913363099,,,1.0,normal
1223,10,scenario1_stationary,moper,50,1.9000000000000004,0,0.0611875,0.19790000000000002,0.5,0.5,-0.12954375,-0.2546868920326233,9.965503977582557e-07,0.00030192581471055746,,,1.0,normal
1224,10,scenario1_stationary,moper,50,0.0,1,0.09,0.11199999999999999,0.5,0.5,-0.10099999999999999,-0.25490665435791016,2.2791890330609021e-07,0.00026063225232064724,,,1.0,normal
1225,10,scenario1_stationary,moper,50,1.0,0,0.060625,0.197,0.5,0.5,-0.1288125,-0.25503307580947876,2.5833651307038963e-07,0.00026629079366102815,,,1.0,normal
1226,10,scenario1_stationary,moper,50,1.9000000000000004,0,0.0611875,0.19790000000000002,0.5,0.5,-0.12954375,-0.2552693784236908,1.2482919942158333e-07,0.00018832494970411062,,,1.0,normal
1227,10,scenario1_stationary,moper,50,0.0,1,0.09,0.11199999999999999,0.5,0.5,-0.10099999999999999,-0.25523293018341064,1.4418453986309032e-07,0.00017667410429567099,,,1.0,normal
1228,10,scenario1_stationary,moper,50,0.0,1,0.09,0.11199999999999999,0.5,0.5,-0.10099999999999999,-0.25525742769241333,2.586222365152935e-07,0.00019645295105874538,,,1.0,normal
1229,10,scenario1_stationary,moper,50,1.0,0,0.060625,0.197,0.5,0.5,-0.1288125,-0.2553718388080597,1.912584082219837e-07,0.00021578354062512517,,,1.0,normal
1230,10,scenario1_stationary,moper,50,1.9000000000000004,0,0.0611875,0.19790000000000002,0.5,0.5,-0.12954375,-0.25535455346107483,2.5616947141315904e-07,0.0002497481182217598,,,1.0,normal
1231,10,scenario1_stationary,moper,50,2.710000000000001,0,0.061693750000000006,0.19871000000000003,0.5,0.5,-0.13020187500000002,-0.25540891289711,7.446996619364654e-07,0.00027146912179887295,,,1.0,normal
1232,10,scenario1_stationary,moper,50,3.439,0,0.062149375,0.199439,0.5,0.5,-0.1307941875,-0.25550854206085205,9.371478881803341e-07,0.0003032679087482393,,,1.0,normal
1233,10,scenario1_stationary,moper,50,0.0,1,0.09,0.11199999999999999,0.5,0.5,-0.10099999999999999,-0.25563353300094604,1.0270043730997713e-06,0.0003286274732090533,,,1.0,normal
1234,10,scenario1_stationary,moper,50,1.0,0,0.060625,0.197,0.5,0.5,-0.1288125,-0.255850613117218,1.0612752703309525e-06,0.00032635004026815295,,,1.0,normal
1235,10,scenario1_stationary,moper,50,1.9000000000000004,0,0.0611875,0.19790000000000002,0.5,0.5,-0.12954375,-0.2561850845813751,1.328457557292495e-07,0.0001947777345776558,,,1.0,normal
1236,10,scenario1_stationary,moper,50,2.710000000000001,0,0.061693750000000006,0.19871000000000003,0.5,0.5,-0.13020187500000002,-0.25612524151802063,3.6407789139047964e-07,0.00027960981242358685,,,1.0,normal
1237,10,scenario1_stationary,moper,50,3.439,0,0.062149375,0.199439,0.5,0.5,-0.1307941875,-0.2563484013080597,6.34636535323807e-07,0.0002636592253111303,,,1.0,normal
1238,10,scenario1_stationary,moper,50,0.0,1,0.09,0.11199999999999999,0.5,0.5,-0.10099999999999999,-0.25655728578567505,1.6550318093777605e-07,0.0002037539379671216,,,1.0,normal
1239,10,scenario1_stationary,moper,50,0.0,1,0.09,0.11199999999999999,0.5,0.5,-0.10099999999999999,-0.2564127743244171,3.11474735781303e-07,0.0002210584352724254,,,1.0,normal
1240,10,scenario1_stationary,moper,50,0.0,1,0.09,0.11199999999999999,0.5,0.5,-0.10099999999999999,-0.2562016248703003,2.834813130903058e-07,0.00022035825531929731,,,1.0,normal
1241,10,scenario1_stationary,moper,50,1.0,0,0.060625,0.197,0.5,0.5,-0.1288125,-0.2563544511795044,4.321493634051876e-07,0.0002880006795749068,,,1.0,normal
1242,10,scenario1_stationary,moper,50,0.0,1,0.09,0.11199999999999999,0.5,0.5,-0.10099999999999999,-0.25686293840408325,3.0435754183599784e-07,0.00031848903745412827,,,1.0,normal
1243,10,scenario1_stationary,moper,50,0.0,1,0.09,0.11199999999999999,0.5,0.5,-0.10099999999999999,-0.25678080320358276,2.14834557255017e-07,0.00025972421281039715,,,1.0,normal
1244,10,scenario1_stationary,moper,50,1.0,0,0.060625,0.197,0.5,0.5,-0.1288125,-0.25692126154899597,2.601692585812998e-07,0.00024346011923626065,,,1.0,normal
1245,10,scenario1_stationary,moper,50,0.0,1,0.09,0.11199999999999999,0.5,0.5,-0.10099999999999999,-0.2572091519832611,2.2538107202763058e-07,0.00023657397832721472,,,1.0,normal
1246,10,scenario1_stationary,moper,50,0.0,1,0.09,0.11199999999999999,0.5,0.5,-0.10099999999999999,-0.25714007019996643,2.308276236817619e-07,0.00021368841407820582,,,1.0,normal
1247,10,scenario1_stationary,moper,50,1.0,0,0.060625,0.197,0.5,0.5,-0.1288125,-0.2571956217288971,2.1218050960669643e-07,0.0002207034849561751,,,1.0,normal
1248,10,scenario1_stationary,moper,50,0.0,1,0.09,0.11199999999999999,0.5,0.5,-0.10099999999999999,-0.25751829147338867,2.1568973807006842e-07,0.00024578964803367853,,,1.0,normal
1249,10,scenario1_stationary,moper,50,1.0,0,0.060625,0.197,0.5,0.5,-0.1288125,-0.2574460506439209,2.940857939393027e-07,0.000287739560008049,,,1.0,normal
1250,10,scenario1_stationary,moper,50,1.9000000000000004,0,0.0611875,0.19790000000000002,0.5,0.5,-0.12954375,-0.2575506567955017,2.554238562879618e-07,0.00022050546249374747,,,1.0,normal
1251,10,scenario1_stationary,moper,50,0.0,1,0.09,0.11199999999999999,0.5,0.5,-0.10099999999999999,-0.25773680210113525,9.786726451466166e-08,0.0001413128338754177,,,1.0,normal
1252,10,scenario1_stationary,moper,50,0.0,1,0.09,0.11199999999999999,0.5,0.5,-0.10099999999999999,-0.2577454745769501,2.0240192100118293e-07,0.00021089112851768732,,,1.0,normal
1253,10,scenario1_stationary,moper,50,0.0,1,0.09,0.11199999999999999,0.5,0.5,-0.10099999999999999,-0.25800007581710815,1.5770348227306386e-07,0.00017730309627950191,,,1.0,normal
1254,10,scenario1_stationary,moper,50,1.0,0,0.060625,0.197,0.5,0.5,-0.1288125,-0.2580482065677643,9.540168122157411e-08,0.00015019957209005952,,,1.0,normal
1255,10,scenario1_stationary,moper,50,0.0,1,0.09,0.11199999999999999,0.5,0.5,-0.10099999999999999,-0.2581099271774292,8.48282525112154e-07,0.00024586886866018176,,,1.0,normal
1256,10,scenario1_stationary,moper,50,0.0,1,0.09,0.11199999999999999,0.5,0.5,-0.10099999999999999,-0.25822630524635315,1.4893080901856592e-07,0.00021676754113286734,,,1.0,normal
1257,10,scenario1_stationary,moper,50,1.0,0,0.060625,0.197,0.5,0.5,-0.1288125,-0.25833624601364136,1.5664029717754602e-07,0.00022241217084228992,,,1.0,normal
1258,10,scenario1_stationary,moper,50,1.9000000000000004,0,0.0611875,0.19790000000000002,0.5,0.5,-0.12954375,-0.2584940493106842,5.066739845460688e-07,0.00023486331338062882,,,1.0,normal
1259,10,scenario1_stationary,moper,50,0.0,1,0.09,0.11199999999999999,0.5,0.5,-0.10099999999999999,-0.25861361622810364,1.6118539747367322e-07,0.00016979529755190015,,,1.0,normal
1260,10,scenario1_stationary,moper,50,0.0,1,0.09,0.11199999999999999,0.5,0.5,-0.10099999999999999,-0.2588810622692108,1.4059416741929454e-07,0.0001902931835502386,,,1.0,normal
1261,10,scenario1_stationary,moper,50,1.0,0,0.060625,0.197,0.5,0.5,-0.1288125,-0.2588810324668884,2.0353489560420712e-07,0.00021425372688099742,,,1.0,normal
1262,10,scenario1_stationary,moper,50,1.9000000000000004,0,0.0611875,0.19790000000000002,0.5,0.5,-0.12954375,-0.2588347792625427,1.985752930977469e-07,0.0001617642119526863,,,1.0,normal
1263,10,scenario1_stationary,moper,50,0.0,1,0.09,0.11199999999999999,0.5,0.5,-0.10099999999999999,-0.2590063214302063,9.599885686384368e-08,0.0001506697153672576,,,1.0,normal
1264,10,scenario1_stationary,moper,50,0.0,1,0.09,0.11199999999999999,0.5,0.5,-0.10099999999999999,-0.2589961886405945,1.0932226359727792e-06,0.0002951371716335416,,,1.0,normal
1265,10,scenario1_stationary,moper,50,0.0,1,0.09,0.11199999999999999,0.5,0.5,-0.10099999999999999,-0.2591131627559662,7.680342832827591e-07,0.00030115246772766113,,,1.0,normal
1266,10,scenario1_stationary,moper,50,0.0,1,0.09,0.11199999999999999,0.5,0.5,-0.10099999999999999,-0.2592783570289612,1.9720818045243504e-07,0.00023078237427398562,,,1.0,normal
1267,10,scenario1_stationary,moper,50,0.0,1,0.09,0.11199999999999999,0.5,0.5,-0.10099999999999999,-0.25949913263320923,8.989033517536882e-07,0.00024166266666725278,,,1.0,normal
1268,10,scenario1_stationary,moper,50,0.0,1,0.09,0.11199999999999999,0.5,0.5,-0.10099999999999999,-0.2595803737640381,1.9672950202220818e-07,0.0001928920391947031,,,1.0,normal
1269,10,scenario1_stationary,moper,50,1.0,0,0.060625,0.197,0.5,0.5,-0.1288125,-0.25978320837020874,2.2499821739074832e-07,0.00025352631928399205,,,1.0,normal
1270,10,scenario1_stationary,moper,50,1.9000000000000004,0,0.0611875,0.19790000000000002,0.5,0.5,-0.12954375,-0.2597388029098511,6.538906518471777e-07,0.000309160677716136,,,1.0,normal
1271,10,scenario1_stationary,moper,50,0.0,1,0.09,0.11199999999999999,0.5,0.5,-0.10099999999999999,-0.259397953748703,7.548612757091178e-07,0.0002539549022912979,,,1.0,normal
1272,10,scenario1_stationary,moper,50,1.0,0,0.060625,0.197,0.5,0.5,-0.1288125,-0.25960227847099304,7.22662775842764e-07,0.0003168778494000435,,,1.0,normal
1273,10,scenario1_stationary,moper,50,0.0,1,0.09,0.11199999999999999,0.5,0.5,-0.10099999999999999,-0.2598593831062317,4.0466278505846276e-07,0.00033838761737570167,,,1.0,normal
1274,10,scenario1_stationary,moper,50,1.0,0,0.060625,0.197,0.5,0.5,-0.1288125,-0.25998982787132263,2.9340617402340285e-07,0.0002920187544077635,,,1.0,normal
1275,10,scenario1_stationary,moper,50,0.0,1,0.09,0.11199999999999999,0.5,0.5,-0.10099999999999999,-0.26014211773872375,1.7742331692716107e-07,0.00017606443725526333,,,1.0,normal
1276,10,scenario1_stationary,moper,50,1.0,0,0.060625,0.197,0.5,0.5,-0.1288125,-0.2603716254234314,3.087574214077904e-07,0.0002764985547401011,,,1.0,normal
1277,10,scenario1_stationary,moper,50,1.9000000000000004,0,0.0611875,0.19790000000000002,0.5,0.5,-0.12954375,-0.2603011727333069,8.995713187687215e-07,0.00039555778494104743,,,1.0,normal
1278,10,scenario1_stationary,moper,50,0.0,1,0.09,0.11199999999999999,0.5,0.5,-0.10099999999999999,-0.26054805517196655,4.794896995008457e-07,0.00017894012853503227,,,1.0,normal
1279,10,scenario1_stationary,moper,50,0.0,1,0.09,0.11199999999999999,0.5,0.5,-0.10099999999999999,-0.26039445400238037,6.519867383758537e-07,0.0002621747553348541,,,1.0,normal
1280,10,scenario1_stationary,moper,50,1.0,0,0.060625,0.197,0.5,0.5,-0.1288125,-0.26072847843170166,1.400318581090687e-07,0.00020864198449999094,,,1.0,normal
1281,10,scenario1_stationary,moper,50,1.9000000000000004,0,0.0611875,0.19790000000000002,0.5,0.5,-0.12954375,-0.260847806930542,1.0249248560967317e-07,0.00018111581448465586,,,1.0,normal
1282,10,scenario1_stationary,moper,50,0.0,1,0.09,0.11199999999999999,0.5,0.5,-0.10099999999999999,-0.26108771562576294,4.5905636625320767e-07,0.00018444482702761889,,,1.0,normal
1283,10,scenario1_stationary,moper,50,0.0,1,0.09,0.11199999999999999,0.5,0.5,-0.10099999999999999,-0.26100075244903564,6.727231038894388e-07,0.00021927111083641648,,,1.0,normal
1284,10,scenario1_stationary,moper,50,0.0,1,0.09,0.11199999999999999,0.5,0.5,-0.10099999999999999,-0.26105305552482605,5.764029538113391e-07,0.00022382551105692983,,,1.0,normal
1285,10,scenario1_stationary,moper,50,0.0,1,0.09,0.11199999999999999,0.5,0.5,-0.10099999999999999,-0.26111817359924316,3.180288672410825e-07,0.00021971832029521465,,,1.0,normal
1286,10,scenario1_stationary,moper,50,1.0,0,0.060625,0.197,0.5,0.5,-0.1288125,-0.26107120513916016,5.415789701146423e-07,0.0003020387375727296,,,1.0,normal
1287,10,scenario1_stationary,moper,50,0.0,1,0.09,0.11199999999999999,0.5,0.5,-0.10099999999999999,-0.2613714933395386,4.365983556908759e-07,0.00026707141660153866,,,1.0,normal
1288,10,scenario1_stationary,moper,50,1.0,0,0.060625,0.197,0.5,0.5,-0.1288125,-0.26143428683280945,6.120594093772525e-07,0.0002558595151640475,,,1.0,normal
1289,10,scenario1_stationary,moper,50,0.0,1,0.09,0.11199999999999999,0.5,0.5,-0.10099999999999999,-0.26170045137405396,6.22315269538376e-07,0.00024048739578574896,,,1.0,normal
1290,10,scenario1_stationary,moper,50,0.0,1,0.09,0.11199999999999999,0.5,0.5,-0.10099999999999999,-0.26165831089019775,3.843177864837344e-07,0.0002749413251876831,,,1.0,normal
1291,10,scenario1_stationary,moper,50,1.0,0,0.060625,0.197,0.5,0.5,-0.1288125,-0.2619239091873169,2.3635635670871125e-07,0.00022742582950741053,,,1.0,normal
1292,10,scenario1_stationary,moper,50,1.9000000000000004,0,0.0611875,0.19790000000000002,0.5,0.5,-0.12954375,-0.26224249601364136,1.651997934004612e-07,0.00018924300093203783,,,1.0,normal
1293,10,scenario1_stationary,moper,50,2.710000000000001,0,0.061693750000000006,0.19871000000000003,0.5,0.5,-0.13020187500000002,-0.2622470259666443,5.824404638588021e-07,0.0002492723288014531,,,1.0,normal
1294,10,scenario1_stationary,moper,50,0.0,1,0.09,0.11199999999999999,0.5,0.5,-0.10099999999999999,-0.2619921565055847,2.2516191222621273e-07,0.00018557265866547823,,,1.0,normal
1295,10,scenario1_stationary,moper,50,1.0,0,0.060625,0.197,0.5,0.5,-0.1288125,-0.2621130347251892,2.9725185868301196e-07,0.0002349340356886387,,,1.0,normal
1296,10,scenario1_stationary,moper,50,1.9000000000000004,0,0.0611875,0.19790000000000002,0.5,0.5,-0.12954375,-0.2622948884963989,1.1620275017776294e-06,0.0003068544901907444,,,1.0,normal
1297,10,scenario1_stationary,moper,50,2.710000000000001,0,0.061693750000000006,0.19871000000000003,0.5,0.5,-0.13020187500000002,-0.2624995708465576,3.791282381371275e-07,0.0002236930886283517,,,1.0,normal
1298,10,scenario1_stationary,moper,50,0.0,1,0.09,0.11199999999999999,0.5,0.5,-0.10099999999999999,-0.2624475955963135,7.98749908881291e-07,0.0002830296871252358,,,1.0,normal
1299,10,scenario1_stationary,moper,50,0.0,1,0.09,0.11199999999999999,0.5,0.5,-0.10099999999999999,-0.2628234624862671,2.3577254637530132e-07,0.00020446546841412783,,,1.0,normal
1300,10,scenario1_stationary,moper,50,1.0,0,0.060625,0.197,0.5,0.5,-0.1288125,-0.2629791498184204,1.5106382988960831e-07,0.00017365103121846914,,,1.0,normal
1301,10,scenario1_stationary,moper,50,0.0,1,0.09,0.11199999999999999,0.5,0.5,-0.10099999999999999,-0.263283908367157,8.582629362763328e-08,0.0001231085043400526,,,1.0,normal
1302,10,scenario1_stationary,moper,50,0.0,1,0.09,0.11199999999999999,0.5,0.5,-0.10099999999999999,-0.26312434673309326,1.8663877199287526e-07,0.00018216809257864952,,,1.0,normal
1303,10,scenario1_stationary,moper,50,0.0,1,0.09,0.11199999999999999,0.5,0.5,-0.10099999999999999,-0.2635022699832916,1.314725324164101e-07,0.0001625326694920659,,,1.0,normal
1304,10,scenario1_stationary,moper,50,0.0,1,0.09,0.11199999999999999,0.5,0.5,-0.10099999999999999,-0.2633042633533478,1.7022992437887297e-07,0.00017070455942302942,,,1.0,normal
1305,10,scenario1_stationary,moper,50,0.0,1,0.09,0.11199999999999999,0.5,0.5,-0.10099999999999999,-0.2635425925254822,7.361120424320688e-07,0.0001853171270340681,,,1.0,normal
1306,10,scenario1_stationary,moper,50,0.0,1,0.09,0.11199999999999999,0.5,0.5,-0.10099999999999999,-0.263553649187088,7.516224513892666e-07,0.00016827945364639163,,,1.0,normal
1307,10,scenario1_stationary,moper,50,1.0,0,0.060625,0.197,0.5,0.5,-0.1288125,-0.2638501524925232,5.384323742418928e-08,0.00010390998795628548,,,1.0,normal
1308,10,scenario1_stationary,moper,50,1.9000000000000004,0,0.0611875,0.19790000000000002,0.5,0.5,-0.12954375,-0.26385846734046936,1.1179505321479155e-07,0.000170342274941504,,,1.0,normal
1309,10,scenario1_stationary,moper,50,2.710000000000001,0,0.061693750000000006,0.19871000000000003,0.5,0.5,-0.13020187500000002,-0.26367467641830444,2.728577612742811e-07,0.00021166284568607807,,,1.0,normal
1310,10,scenario1_stationary,moper,50,0.0,1,0.09,0.11199999999999999,0.5,0.5,-0.10099999999999999,-0.2640911936759949,8.261325490366289e-08,0.00016574887558817863,,,1.0,normal
1311,10,scenario1_stationary,moper,50,1.0,0,0.060625,0.197,0.5,0.5,-0.1288125,-0.2639714777469635,1.1102282826414012e-07,0.00018199661280959845,,,1.0,normal
1312,10,scenario1_stationary,moper,50,0.0,1,0.09,0.11199999999999999,0.5,0.5,-0.10099999999999999,-0.2640843987464905,5.842344990014681e-07,0.00021848641335964203,,,1.0,normal
1313,10,scenario1_stationary,moper,50,0.0,1,0.09,0.11199999999999999,0.5,0.5,-0.10099999999999999,-0.2640913426876068,1.1616723583074418e-07,0.00016938801854848862,,,1.0,normal
1314,10,scenario1_stationary,moper,50,1.0,0,0.060625,0.197,0.5,0.5,-0.1288125,-0.26425546407699585,1.4597510755720577e-07,0.00019727787002921104,,,1.0,normal
1315,10,scenario1_stationary,moper,50,0.0,1,0.09,0.11199999999999999,0.5,0.5,-0.10099999999999999,-0.2644098699092865,1.6360407073534589e-07,0.00020868016872555017,,,1.0,normal
1316,10,scenario1_stationary,moper,50,1.0,0,0.060625,0.197,0.5,0.5,-0.1288125,-0.2646661400794983,1.0037354059022618e-07,0.00018409074982628226,,,1.0,normal
1317,10,scenario1_stationary,moper,50,0.0,1,0.09,0.11199999999999999,0.5,0.5,-0.10099999999999999,-0.2648019790649414,6.407533703622903e-08,0.00014821835793554783,,,1.0,normal
1318,10,scenario1_stationary,moper,50,1.0,0,0.060625,0.197,0.5,0.5,-0.1288125,-0.2648824155330658,1.1357205664808134e-07,0.00015817361418157816,,,1.0,normal
1319,10,scenario1_stationary,moper,50,1.9000000000000004,0,0.0611875,0.19790000000000002,0.5,0.5,-0.12954375,-0.2647237181663513,7.723959356553678e-07,0.0002104484010487795,,,1.0,normal
1320,10,scenario1_stationary,moper,50,0.0,1,0.09,0.11199999999999999,0.5,0.5,-0.10099999999999999,-0.264837384223938,2.0087310304006678e-07,0.00016800884623080492,,,1.0,normal
1321,10,scenario1_stationary,moper,50,0.0,1,0.09,0.11199999999999999,0.5,0.5,-0.10099999999999999,-0.2650250196456909,2.6222147653243155e-07,0.00019124243408441544,,,1.0,normal
1322,10,scenario1_stationary,moper,50,0.0,1,0.09,0.11199999999999999,0.5,0.5,-0.10099999999999999,-0.2650095522403717,1.730181935499786e-07,0.00019894621800631285,,,1.0,normal
1323,10,scenario1_stationary,moper,50,0.0,1,0.09,0.11199999999999999,0.5,0.5,-0.10099999999999999,-0.2654339671134949,1.2925491432724812e-07,0.00016873364802449942,,,1.0,normal
1324,10,scenario1_stationary,moper,50,1.0,0,0.060625,0.197,0.5,0.5,-0.1288125,-0.2653847932815552,2.6623430926520086e-07,0.00023123342543840408,,,1.0,normal
1325,10,scenario1_stationary,moper,50,1.9000000000000004,0,0.0611875,0.19790000000000002,0.5,0.5,-0.12954375,-0.26545947790145874,1.0762083491044905e-07,0.00014751532580703497,,,1.0,normal
1326,10,scenario1_stationary,moper,50,2.710000000000001,0,0.061693750000000006,0.19871000000000003,0.5,0.5,-0.13020187500000002,-0.26549726724624634,1.4460000841154397e-07,0.00017737527377903461,,,1.0,normal
1327,10,scenario1_stationary,moper,50,3.439,0,0.062149375,0.199439,0.5,0.5,-0.1307941875,-0.2656780779361725,1.5704006273153936e-07,0.00019877380691468716,,,1.0,normal
1328,10,scenario1_stationary,moper,50,0.0,1,0.09,0.11199999999999999,0.5,0.5,-0.10099999999999999,-0.2658762037754059,2.563011491929501e-07,0.00017806305550038815,,,1.0,normal
1329,10,scenario1_stationary,moper,50,1.0,0,0.060625,0.197,0.5,0.5,-0.1288125,-0.2660475969314575,4.1249556659295195e-08,9.958638111129403e-05,,,1.0,normal
1330,10,scenario1_stationary,moper,50,1.9000000000000004,0,0.0611875,0.19790000000000002,0.5,0.5,-0.12954375,-0.26616278290748596,3.6859310625914077e-07,0.00016368203796446323,,,1.0,normal
1331,10,scenario1_stationary,moper,50,0.0,1,0.09,0.11199999999999999,0.5,0.5,-0.10099999999999999,-0.2659960389137268,7.925630711724807e-07,0.00021894596284255385,,,1.0,normal
1332,10,scenario1_stationary,moper,50,0.0,1,0.09,0.11199999999999999,0.5,0.5,-0.10099999999999999,-0.26626312732696533,8.726266287339968e-08,0.00013878208119422197,,,1.0,normal
1333,10,scenario1_stationary,moper,50,0.0,1,0.09,0.11199999999999999,0.5,0.5,-0.10099999999999999,-0.26635658740997314,1.466292189888918e-07,0.00019487884128466249,,,1.0,normal
1334,10,scenario1_stationary,moper,50,0.0,1,0.09,0.11199999999999999,0.5,0.5,-0.10099999999999999,-0.26629456877708435,2.4774169560259907e-07,0.00022760219871997833,,,1.0,normal
1335,10,scenario1_stationary,moper,50,1.0,0,0.060625,0.197,0.5,0.5,-0.1288125,-0.2664926052093506,8.491158496326534e-07,0.00021157728042453527,,,1.0,normal
1336,10,scenario1_stationary,moper,50,0.0,1,0.09,0.11199999999999999,0.5,0.5,-0.10099999999999999,-0.26642000675201416,4.119151242321095e-07,0.00024085305631160736,,,1.0,normal
1337,10,scenario1_stationary,moper,50,0.0,1,0.09,0.11199999999999999,0.5,0.5,-0.10099999999999999,-0.26656869053840637,2.2440360680775484e-07,0.00023152888752520084,,,1.0,normal
1338,10,scenario1_stationary,moper,50,0.0,1,0.09,0.11199999999999999,0.5,0.5,-0.10099999999999999,-0.2667037844657898,2.763463555766066e-07,0.00023115472868084908,,,1.0,normal
1339,10,scenario1_stationary,moper,50,0.0,1,0.09,0.11199999999999999,0.5,0.5,-0.10099999999999999,-0.2669719159603119,4.971539055986796e-07,0.0002844863338395953,,,1.0,normal
1340,10,scenario1_stationary,moper,50,1.0,0,0.060625,0.197,0.5,0.5,-0.1288125,-0.2670278251171112,9.025000480278322e-08,0.0001675562816672027,,,1.0,normal
1341,10,scenario1_stationary,moper,50,1.9000000000000004,0,0.0611875,0.19790000000000002,0.5,0.5,-0.12954375,-0.2668841481208801,2.245473353923444e-07,0.00020514405332505703,,,1.0,normal
1342,10,scenario1_stationary,moper,50,2.710000000000001,0,0.061693750000000006,0.19871000000000003,0.5,0.5,-0.13020187500000002,-0.26728716492652893,1.0172713160727653e-07,0.0001433126744814217,,,1.0,normal
1343,10,scenario1_stationary,moper,50,3.439,0,0.062149375,0.199439,0.5,0.5,-0.1307941875,-0.2672330141067505,1.5993383328805066e-07,0.00019298167899250984,,,1.0,normal
1344,10,scenario1_stationary,moper,50,4.0951,0,0.06255943750000001,0.20009510000000003,0.5,0.5,-0.13132726875,-0.26754164695739746,1.7177956124214688e-07,0.00019710510969161987,,,1.0,normal
1345,10,scenario1_stationary,moper,50,4.685590000000001,0,0.06292849375000001,0.20068559000000002,0.5,0.5,-0.13180704187500003,-0.2676595151424408,9.173609782919812e-08,0.00016799685545265675,,,1.0,normal
1346,10,scenario1_stationary,moper,50,5.217031000000002,0,0.063260644375,0.201217031,0.5,0.5,-0.1322388376875,-0.2675953507423401,1.039314980744166e-07,0.00017145019955933094,,,1.0,normal
1347,10,scenario1_stationary,moper,50,5.695327900000002,0,0.0635595799375,0.2016953279,0.5,0.5,-0.13262745391875,-0.2679555416107178,5.862467844508501e-08,0.00014664395712316036,,,1.0,normal
1348,10,scenario1_stationary,moper,50,6.125795110000002,0,0.06382862194375,0.20212579511,0.5,0.5,-0.132977208526875,-0.2679483890533447,5.4334574173253714e-08,0.00012614147271960974,,,1.0,normal
1349,10,scenario1_stationary,moper,50,0.5132155990000022,1,0.09018662385418182,0.11214929908334545,0.5,0.5,-0.10116796146876364,-0.26803624629974365,2.995669490246655e-07,0.0001642368733882904,,,1.0,normal
1350,10,scenario1_stationary,moper,50,1.4618940391000024,0,0.0609136837744375,0.19746189403910003,0.5,0.5,-0.12918778890676877,-0.26811304688453674,1.0297534913661366e-07,0.00013630243483930826,,,1.0,normal
1351,10,scenario1_stationary,moper,50,2.315704635190002,0,0.06144731539699375,0.19831570463519002,0.5,0.5,-0.12988151001609188,-0.2680014967918396,1.3194733128329972e-06,0.0002891480689868331,,,1.0,normal
1352,10,scenario1_stationary,moper,50,3.0841341716710016,0,0.06192758385729438,0.19908413417167103,0.5,0.5,-0.1305058590144827,-0.26823946833610535,1.1241658626204298e-07,0.0001470659044571221,,,1.0,normal
1353,10,scenario1_stationary,moper,50,0.0,1,0.09,0.11199999999999999,0.5,0.5,-0.10099999999999999,-0.26784634590148926,5.863452088306076e-07,0.00029687501955777407,,,1.0,normal
1354,10,scenario1_stationary,moper,50,1.0,0,0.060625,0.197,0.5,0.5,-0.1288125,-0.2682276666164398,1.295097945330781e-06,0.00033047539182007313,,,1.0,normal
1355,10,scenario1_stationary,moper,50,1.9000000000000004,0,0.0611875,0.19790000000000002,0.5,0.5,-0.12954375,-0.2684449553489685,3.945209812172834e-07,0.00028312421636655927,,,1.0,normal
1356,10,scenario1_stationary,moper,50,0.0,1,0.09,0.11199999999999999,0.5,0.5,-0.10099999999999999,-0.2686117887496948,2.63555875790189e-07,0.00025792187079787254,,,1.0,normal
1357,10,scenario1_stationary,moper,50,0.0,1,0.09,0.11199999999999999,0.5,0.5,-0.10099999999999999,-0.26878684759140015,1.9950061869167257e-07,0.00020967621821910143,,,1.0,normal
1358,10,scenario1_stationary,moper,50,0.0,1,0.09,0.11199999999999999,0.5,0.5,-0.10099999999999999,-0.2688933312892914,2.5644442303018877e-07,0.00020487571600824594,,,1.0,normal
1359,10,scenario1_stationary,moper,50,1.0,0,0.060625,0.197,0.5,0.5,-0.1288125,-0.2691243290901184,2.3446420982509153e-07,0.00018242793157696724,,,1.0,normal
1360,10,scenario1_stationary,moper,50,1.9000000000000004,0,0.0611875,0.19790000000000002,0.5,0.5,-0.12954375,-0.2692294716835022,1.3255527164801606e-07,0.00014212372479960322,,,1.0,normal
1361,10,scenario1_stationary,moper,50,0.0,1,0.09,0.11199999999999999,0.5,0.5,-0.10099999999999999,-0.26911789178848267,5.983070536785817e-07,0.0002525146119296551,,,1.0,normal
1362,10,scenario1_stationary,moper,50,0.0,1,0.09,0.11199999999999999,0.5,0.5,-0.10099999999999999,-0.2692039906978607,3.9529803075311065e-07,0.00024084257893264294,,,1.0,normal
1363,10,scenario1_stationary,moper,50,0.0,1,0.09,0.11199999999999999,0.5,0.5,-0.10099999999999999,-0.2693392038345337,1.1009410627593752e-06,0.00031103409128263593,,,1.0,normal
1364,10,scenario1_stationary,moper,50,0.0,1,0.09,0.11199999999999999,0.5,0.5,-0.10099999999999999,-0.26955896615982056,2.2519967046719103e-07,0.00021553551778197289,,,1.0,normal
1365,10,scenario1_stationary,moper,50,0.0,1,0.09,0.11199999999999999,0.5,0.5,-0.10099999999999999,-0.26965245604515076,1.5027076472051704e-07,0.000186410965397954,,,1.0,normal
1366,10,scenario1_stationary,moper,50,1.0,0,0.060625,0.197,0.5,0.5,-0.1288125,-0.2698059380054474,1.7806317487156775e-07,0.00020839134231209755,,,1.0,normal
1367,10,scenario1_stationary,moper,50,0.0,1,0.09,0.11199999999999999,0.5,0.5,-0.10099999999999999,-0.2699412405490875,1.6577934047745657e-07,0.0001684750895947218,,,1.0,normal
1368,10,scenario1_stationary,moper,50,0.0,1,0.09,0.11199999999999999,0.5,0.5,-0.10099999999999999,-0.2700580656528473,7.132333621484577e-07,0.00020889559527859092,,,1.0,normal
1369,10,scenario1_stationary,moper,50,0.0,1,0.09,0.11199999999999999,0.5,0.5,-0.10099999999999999,-0.27042314410209656,8.424501629633596e-08,0.00015156669542193413,,,1.0,normal
1370,10,scenario1_stationary,moper,50,0.0,1,0.09,0.11199999999999999,0.5,0.5,-0.10099999999999999,-0.2702180743217468,9.243079546195077e-08,0.00013334269169718027,,,1.0,normal
1371,10,scenario1_stationary,moper,50,0.0,1,0.09,0.11199999999999999,0.5,0.5,-0.10099999999999999,-0.27049458026885986,8.997349709716218e-08,0.00012913148384541273,,,1.0,normal
1372,10,scenario1_stationary,moper,50,0.0,1,0.09,0.11199999999999999,0.5,0.5,-0.10099999999999999,-0.2704029083251953,6.503476157604382e-08,0.00012166856322437525,,,1.0,normal
1373,10,scenario1_stationary,moper,50,1.0,0,0.060625,0.197,0.5,0.5,-0.1288125,-0.2704521119594574,4.1204097556146735e-07,0.00016775965923443437,,,1.0,normal
1374,10,scenario1_stationary,moper,50,1.9000000000000004,0,0.0611875,0.19790000000000002,0.5,0.5,-0.12954375,-0.2705693244934082,9.724183769321826e-08,0.00017545645823702216,,,1.0,normal
1375,10,scenario1_stationary,moper,50,2.710000000000001,0,0.061693750000000006,0.19871000000000003,0.5,0.5,-0.13020187500000002,-0.27054476737976074,1.529639916952874e-07,0.00020721869077533484,,,1.0,normal
1376,10,scenario1_stationary,moper,50,3.439,0,0.062149375,0.199439,0.5,0.5,-0.1307941875,-0.2707534432411194,3.171770970311627e-07,0.00022423145128414035,,,1.0,normal
1377,10,scenario1_stationary,moper,50,0.0,1,0.09,0.11199999999999999,0.5,0.5,-0.10099999999999999,-0.2708972692489624,1.2122239922973677e-07,0.00021227810066193342,,,1.0,normal
1378,10,scenario1_stationary,moper,50,0.0,1,0.09,0.11199999999999999,0.5,0.5,-0.10099999999999999,-0.2709318697452545,1.5729634128547332e-07,0.00021311064483597875,,,1.0,normal
1379,10,scenario1_stationary,moper,50,1.0,0,0.060625,0.197,0.5,0.5,-0.1288125,-0.27071690559387207,4.812588940694695e-07,0.00023984850849956274,,,1.0,normal
1380,10,scenario1_stationary,moper,50,0.0,1,0.09,0.11199999999999999,0.5,0.5,-0.10099999999999999,-0.27105602622032166,7.458365871571004e-07,0.00024059147108346224,,,1.0,normal
1381,10,scenario1_stationary,moper,50,0.0,1,0.09,0.11199999999999999,0.5,0.5,-0.10099999999999999,-0.27134639024734497,2.0298621450365317e-07,0.00018456787802278996,,,1.0,normal
1382,10,scenario1_stationary,moper,50,1.0,0,0.060625,0.197,0.5,0.5,-0.1288125,-0.2716710567474365,1.1423620804862367e-07,0.00015104608610272408,,,1.0,normal
1383,10,scenario1_stationary,moper,50,1.9000000000000004,0,0.0611875,0.19790000000000002,0.5,0.5,-0.12954375,-0.27117595076560974,1.6575030485910247e-06,0.0003828611224889755,,,1.0,normal
1384,10,scenario1_stationary,moper,50,2.710000000000001,0,0.061693750000000006,0.19871000000000003,0.5,0.5,-0.13020187500000002,-0.27140116691589355,4.5089086597727146e-07,0.00022601336240768433,,,1.0,normal
1385,10,scenario1_stationary,moper,50,3.439,0,0.062149375,0.199439,0.5,0.5,-0.1307941875,-0.2717282176017761,1.5974053724221449e-07,0.00019036943558603525,,,1.0,normal
1386,10,scenario1_stationary,moper,50,0.0,1,0.09,0.11199999999999999,0.5,0.5,-0.10099999999999999,-0.2715766131877899,3.0257490379881347e-07,0.0002813561586663127,,,1.0,normal
1387,10,scenario1_stationary,moper,50,0.0,1,0.09,0.11199999999999999,0.5,0.5,-0.10099999999999999,-0.2715952396392822,4.754418512220582e-07,0.00031995028257369995,,,1.0,normal
1388,10,scenario1_stationary,moper,50,0.0,1,0.09,0.11199999999999999,0.5,0.5,-0.10099999999999999,-0.2721211612224579,1.278409200722308e-07,0.00017217069398611784,,,1.0,normal
1389,10,scenario1_stationary,moper,50,0.0,1,0.09,0.11199999999999999,0.5,0.5,-0.10099999999999999,-0.27225828170776367,1.0297472385900619e-07,0.0001389737008139491,,,1.0,normal
1390,10,scenario1_stationary,moper,50,0.0,1,0.09,0.11199999999999999,0.5,0.5,-0.10099999999999999,-0.272367388010025,9.786089094632189e-08,0.00015888491179794073,,,1.0,normal
1391,10,scenario1_stationary,moper,50,0.0,1,0.09,0.11199999999999999,0.5,0.5,-0.10099999999999999,-0.27247264981269836,4.785084684044705e-07,0.00021692970767617226,,,1.0,normal
1392,10,scenario1_stationary,moper,50,0.0,1,0.09,0.11199999999999999,0.5,0.5,-0.10099999999999999,-0.27225029468536377,1.5134301634134317e-07,0.00017144298180937767,,,1.0,normal
1393,10,scenario1_stationary,moper,50,0.0,1,0.09,0.11199999999999999,0.5,0.5,-0.10099999999999999,-0.2725216746330261,1.1385895959392656e-07,0.0001675501698628068,,,1.0,normal
1394,10,scenario1_stationary,moper,50,1.0,0,0.060625,0.197,0.5,0.5,-0.1288125,-0.2724331021308899,5.439492269943003e-07,0.00023166026221588254,,,1.0,normal
1395,10,scenario1_stationary,moper,50,1.9000000000000004,0,0.0611875,0.19790000000000002,0.5,0.5,-0.12954375,-0.27251923084259033,1.8285223291059083e-07,0.00023060140665620565,,,1.0,normal
1396,10,scenario1_stationary,moper,50,0.0,1,0.09,0.11199999999999999,0.5,0.5,-0.10099999999999999,-0.2727035582065582,5.558499083235802e-07,0.00026459398213773966,,,1.0,normal
1397,10,scenario1_stationary,moper,50,0.0,1,0.09,0.11199999999999999,0.5,0.5,-0.10099999999999999,-0.27276811003685,2.1601978517082898e-07,0.00023834197781980038,,,1.0,normal
1398,10,scenario1_stationary,moper,50,0.0,1,0.09,0.11199999999999999,0.5,0.5,-0.10099999999999999,-0.27305838465690613,1.0695436003516079e-07,0.00017839152133092284,,,1.0,normal
1399,10,scenario1_stationary,moper,50,0.0,1,0.09,0.11199999999999999,0.5,0.5,-0.10099999999999999,-0.27287402749061584,8.344826483153156e-07,0.00027763500111177564,,,1.0,normal
1400,10,scenario1_stationary,moper,50,1.0,0,0.060625,0.197,0.5,0.5,-0.1288125,-0.27346271276474,7.267556867418534e-08,0.00013385422062128782,,,1.0,normal
1401,10,scenario1_stationary,moper,50,0.0,1,0.09,0.11199999999999999,0.5,0.5,-0.10099999999999999,-0.273265540599823,4.5184461328062753e-07,0.0002258598105981946,,,1.0,normal
1402,10,scenario1_stationary,moper,50,0.0,1,0.09,0.11199999999999999,0.5,0.5,-0.10099999999999999,-0.2736065089702606,8.563119280324827e-08,0.00015130394604057074,,,1.0,normal
1403,10,scenario1_stationary,moper,50,1.0,0,0.060625,0.197,0.5,0.5,-0.1288125,-0.27341869473457336,1.4888135524415702e-07,0.00017618329729884863,,,1.0,normal
1404,10,scenario1_stationary,moper,50,1.9000000000000004,0,0.0611875,0.19790000000000002,0.5,0.5,-0.12954375,-0.2737700939178467,5.516839252095451e-08,0.00012402841821312904,,,1.0,normal
1405,10,scenario1_stationary,moper,50,0.0,1,0.09,0.11199999999999999,0.5,0.5,-0.10099999999999999,-0.2736680209636688,9.509249565553546e-08,0.0001254912931472063,,,1.0,normal
1406,10,scenario1_stationary,moper,50,1.0,0,0.060625,0.197,0.5,0.5,-0.1288125,-0.27412569522857666,3.327378124140523e-07,0.0001295977272093296,,,1.0,normal
1407,10,scenario1_stationary,moper,50,0.0,1,0.09,0.11199999999999999,0.5,0.5,-0.10099999999999999,-0.27362316846847534,1.1036376008632942e-06,0.00025057431776076555,,,1.0,normal
1408,10,scenario1_stationary,moper,50,0.0,1,0.09,0.11199999999999999,0.5,0.5,-0.10099999999999999,-0.27413588762283325,7.06234501990366e-08,0.0001458480255678296,,,1.0,normal
1409,10,scenario1_stationary,moper,50,0.0,1,0.09,0.11199999999999999,0.5,0.5,-0.10099999999999999,-0.2740876078605652,1.6785281786724227e-07,0.00019663921557366848,,,1.0,normal
1410,10,scenario1_stationary,moper,50,1.0,0,0.060625,0.197,0.5,0.5,-0.1288125,-0.2744533121585846,6.772856977477204e-07,0.0002305553061887622,,,1.0,normal
1411,10,scenario1_stationary,moper,50,0.0,1,0.09,0.11199999999999999,0.5,0.5,-0.10099999999999999,-0.2741066813468933,8.810754934529541e-07,0.00026737304870039225,,,1.0,normal
1412,10,scenario1_stationary,moper,50,1.0,0,0.060625,0.197,0.5,0.5,-0.1288125,-0.27464041113853455,1.559356235247833e-07,0.00012386107118800282,,,1.0,normal
1413,10,scenario1_stationary,moper,50,0.0,1,0.09,0.11199999999999999,0.5,0.5,-0.10099999999999999,-0.274562805891037,1.9498342851420603e-07,0.0002176007255911827,,,1.0,normal
1414,10,scenario1_stationary,moper,50,1.0,0,0.060625,0.197,0.5,0.5,-0.1288125,-0.27464887499809265,5.708082539968018e-07,0.00028831197414547205,,,1.0,normal
1415,10,scenario1_stationary,moper,50,1.9000000000000004,0,0.0611875,0.19790000000000002,0.5,0.5,-0.12954375,-0.27479737997055054,2.764879809546983e-07,0.00019314652308821678,,,1.0,normal
1416,10,scenario1_stationary,moper,50,2.710000000000001,0,0.061693750000000006,0.19871000000000003,0.5,0.5,-0.13020187500000002,-0.2750541865825653,2.393700242464547e-07,0.0001806505024433136,,,1.0,normal
1417,10,scenario1_stationary,moper,50,3.439,0,0.062149375,0.199439,0.5,0.5,-0.1307941875,-0.275037556886673,1.667048223907841e-07,0.00019013427663594484,,,1.0,normal
1418,10,scenario1_stationary,moper,50,4.0951,0,0.06255943750000001,0.20009510000000003,0.5,0.5,-0.13132726875,-0.2752724289894104,7.695452097777888e-08,0.00011135765817016363,,,1.0,normal
1419,10,scenario1_stationary,moper,50,4.685590000000001,0,0.06292849375000001,0.20068559000000002,0.5,0.5,-0.13180704187500003,-0.2751384377479553,1.2140381500103103e-07,0.00016752409283071756,,,1.0,normal
1420,10,scenario1_stationary,moper,50,5.217031000000002,0,0.063260644375,0.201217031,0.5,0.5,-0.1322388376875,-0.27521008253097534,2.2170584657033032e-07,0.00021020101848989725,,,1.0,normal
1421,10,scenario1_stationary,moper,50,5.695327900000002,0,0.0635595799375,0.2016953279,0.5,0.5,-0.13262745391875,-0.27551594376564026,1.1659356857762759e-07,0.0001745974295772612,,,1.0,normal
1422,10,scenario1_stationary,moper,50,0.1257951100000021,1,0.09004574367636364,0.11203659494109092,0.5,0.5,-0.10104116930872728,-0.27552059292793274,1.331646046764945e-07,0.0001945712137967348,,,1.0,normal
1423,10,scenario1_stationary,moper,50,1.1132155990000019,0,0.060695759749375,0.19711321559900002,0.5,0.5,-0.12890448767418752,-0.2754291296005249,1.9194310141301685e-07,0.00019589124713093042,,,1.0,normal
1424,10,scenario1_stationary,moper,50,2.0018940391000015,0,0.0612511837744375,0.1980018940391,0.5,0.5,-0.12962653890676876,-0.2757198214530945,3.2932919680206396e-07,0.00020239688456058502,,,1.0,normal
1425,10,scenario1_stationary,moper,50,2.801704635190001,0,0.061751065396993744,0.19880170463519,0.5,0.5,-0.13027638501609187,-0.27579957246780396,3.7990912460372783e-07,0.000196560169570148,,,1.0,normal
1426,10,scenario1_stationary,moper,50,0.0,1,0.09,0.11199999999999999,0.5,0.5,-0.10099999999999999,-0.2757677733898163,1.4728512098827196e-07,0.00018547475337982178,,,1.0,normal
1427,10,scenario1_stationary,moper,50,1.0,0,0.060625,0.197,0.5,0.5,-0.1288125,-0.27586159110069275,2.0499648201166565e-07,0.00023632554803043604,,,1.0,normal
1428,10,scenario1_stationary,moper,50,0.0,1,0.09,0.11199999999999999,0.5,0.5,-0.10099999999999999,-0.27601465582847595,4.0137837231668527e-07,0.0003241602680645883,,,1.0,normal
1429,10,scenario1_stationary,moper,50,1.0,0,0.060625,0.197,0.5,0.5,-0.1288125,-0.2763440012931824,3.82674215870793e-07,0.00023021572269499302,,,1.0,normal
1430,10,scenario1_stationary,moper,50,0.0,1,0.09,0.11199999999999999,0.5,0.5,-0.10099999999999999,-0.27639123797416687,2.127303417864823e-07,0.0002040305407717824,,,1.0,normal
1431,10,scenario1_stationary,moper,50,0.0,1,0.09,0.11199999999999999,0.5,0.5,-0.10099999999999999,-0.2764512002468109,8.527291583959595e-08,0.00014203926548361778,,,1.0,normal
1432,10,scenario1_stationary,moper,50,1.0,0,0.060625,0.197,0.5,0.5,-0.1288125,-0.2765916883945465,8.500829551394418e-08,0.00014544633449986577,,,1.0,normal
1433,10,scenario1_stationary,moper,50,1.9000000000000004,0,0.0611875,0.19790000000000002,0.5,0.5,-0.12954375,-0.27666211128234863,9.425408364904797e-08,0.00014450098387897015,,,1.0,normal
1434,10,scenario1_stationary,moper,50,0.0,1,0.09,0.11199999999999999,0.5,0.5,-0.10099999999999999,-0.2767280340194702,1.8201514251359185e-07,0.00020392739679664373,,,1.0,normal
1435,10,scenario1_stationary,moper,50,0.0,1,0.09,0.11199999999999999,0.5,0.5,-0.10099999999999999,-0.2767055332660675,1.7628582327233744e-07,0.0002013599150814116,,,1.0,normal
1436,10,scenario1_stationary,moper,50,0.0,1,0.09,0.11199999999999999,0.5,0.5,-0.10099999999999999,-0.27687039971351624,4.686448278334865e-07,0.00025220285169780254,,,1.0,normal
1437,10,scenario1_stationary,moper,50,0.0,1,0.09,0.11199999999999999,0.5,0.5,-0.10099999999999999,-0.27693384885787964,1.3555916211771546e-07,0.00019476894522085786,,,1.0,normal
1438,10,scenario1_stationary,moper,50,0.0,1,0.09,0.11199999999999999,0.5,0.5,-0.10099999999999999,-0.2771943509578705,6.939362151570094e-08,0.00014705868670716882,,,1.0,normal
1439,10,scenario1_stationary,moper,50,0.0,1,0.09,0.11199999999999999,0.5,0.5,-0.10099999999999999,-0.27734896540641785,6.701819188492664e-08,0.0001134260674007237,,,1.0,normal
1440,10,scenario1_stationary,moper,50,1.0,0,0.060625,0.197,0.5,0.5,-0.1288125,-0.2776244878768921,4.748516602148811e-08,0.0001338005531579256,,,1.0,normal
1441,10,scenario1_stationary,moper,50,1.9000000000000004,0,0.0611875,0.19790000000000002,0.5,0.5,-0.12954375,-0.2775607705116272,1.2550825090329454e-07,0.00015280174557119608,,,1.0,normal
1442,10,scenario1_stationary,moper,50,0.0,1,0.09,0.11199999999999999,0.5,0.5,-0.10099999999999999,-0.277652382850647,4.142561351727636e-07,0.00019916589371860027,,,1.0,normal
1443,10,scenario1_stationary,moper,50,1.0,0,0.060625,0.197,0.5,0.5,-0.1288125,-0.2776728868484497,7.858830031182151e-08,0.00013553560711443424,,,1.0,normal
1444,10,scenario1_stationary,moper,50,0.0,1,0.09,0.11199999999999999,0.5,0.5,-0.10099999999999999,-0.27776363492012024,4.003846925115795e-07,0.00018966331845149398,,,1.0,normal
1445,10,scenario1_stationary,moper,50,1.0,0,0.060625,0.197,0.5,0.5,-0.1288125,-0.2780603766441345,5.425550497761833e-08,0.00013588310685008764,,,1.0,normal
1446,10,scenario1_stationary,moper,50,1.9000000000000004,0,0.0611875,0.19790000000000002,0.5,0.5,-0.12954375,-0.2779833674430847,3.447299832259887e-07,0.00018645933596417308,,,1.0,normal
1447,10,scenario1_stationary,moper,50,0.0,1,0.09,0.11199999999999999,0.5,0.5,-0.10099999999999999,-0.2780573070049286,1.1699155066935418e-07,0.00015476718544960022,,,1.0,normal
1448,10,scenario1_stationary,moper,50,0.0,1,0.09,0.11199999999999999,0.5,0.5,-0.10099999999999999,-0.27808165550231934,3.6261997138353763e-07,0.00017929892055690289,,,1.0,normal
1449,10,scenario1_stationary,moper,50,1.0,0,0.060625,0.197,0.5,0.5,-0.1288125,-0.2782083749771118,1.8713585347995831e-07,0.0001809068489819765,,,1.0,normal
1450,10,scenario1_stationary,moper,50,1.9000000000000004,0,0.0611875,0.19790000000000002,0.5,0.5,-0.12954375,-0.27848750352859497,6.118268913724023e-08,0.0001458674087189138,,,1.0,normal
1451,10,scenario1_stationary,moper,50,0.0,1,0.09,0.11199999999999999,0.5,0.5,-0.10099999999999999,-0.27859964966773987,7.04611764490437e-08,0.00013142405077815056,,,1.0,normal
1452,10,scenario1_stationary,moper,50,0.0,1,0.09,0.11199999999999999,0.5,0.5,-0.10099999999999999,-0.278938353061676,5.566646521515395e-08,8.802569936960936e-05,,,1.0,normal
1453,10,scenario1_stationary,moper,50,0.0,1,0.09,0.11199999999999999,0.5,0.5,-0.10099999999999999,-0.27864548563957214,1.4849010199213808e-07,0.0001732436940073967,,,1.0,normal
1454,10,scenario1_stationary,moper,50,0.0,1,0.09,0.11199999999999999,0.5,0.5,-0.10099999999999999,-0.2789570987224579,2.1153523732664326e-07,0.00015439855633303523,,,1.0,normal
1455,10,scenario1_stationary,moper,50,1.0,0,0.060625,0.197,0.5,0.5,-0.1288125,-0.2790682315826416,3.693668588766741e-07,0.000157178845256567,,,1.0,normal
1456,10,scenario1_stationary,moper,50,1.9000000000000004,0,0.0611875,0.19790000000000002,0.5,0.5,-0.12954375,-0.27882108092308044,1.7070564695131907e-07,0.00016414170386269689,,,1.0,normal
1457,10,scenario1_stationary,moper,50,2.710000000000001,0,0.061693750000000006,0.19871000000000003,0.5,0.5,-0.13020187500000002,-0.2789827883243561,3.869245119858533e-07,0.00020202604355290532,,,1.0,normal
1458,10,scenario1_stationary,moper,50,3.439,0,0.062149375,0.199439,0.5,0.5,-0.1307941875,-0.2793136239051819,9.82581980224495e-08,0.00017427775310352445,,,1.0,normal
1459,10,scenario1_stationary,moper,50,0.0,1,0.09,0.11199999999999999,0.5,0.5,-0.10099999999999999,-0.2794654667377472,3.6569147709997196e-07,0.0001902066869661212,,,1.0,normal
1460,10,scenario1_stationary,moper,50,1.0,0,0.060625,0.197,0.5,0.5,-0.1288125,-0.2795657515525818,1.0810850881171064e-07,0.00015447119949385524,,,1.0,normal
1461,10,scenario1_stationary,moper,50,1.9000000000000004,0,0.0611875,0.19790000000000002,0.5,0.5,-0.12954375,-0.2795024514198303,3.3011656341841444e-07,0.00018575636204332113,,,1.0,normal
1462,10,scenario1_stationary,moper,50,0.0,1,0.09,0.11199999999999999,0.5,0.5,-0.10099999999999999,-0.27970215678215027,2.5422104954486713e-07,0.0001596540678292513,,,1.0,normal
1463,10,scenario1_stationary,moper,50,0.0,1,0.09,0.11199999999999999,0.5,0.5,-0.10099999999999999,-0.27996283769607544,4.865411540322384e-08,0.0001338999718427658,,,1.0,normal
1464,10,scenario1_stationary,moper,50,0.0,1,0.09,0.11199999999999999,0.5,0.5,-0.10099999999999999,-0.2797647714614868,6.02024442741822e-07,0.0002011817996390164,,,1.0,normal
1465,10,scenario1_stationary,moper,50,1.0,0,0.060625,0.197,0.5,0.5,-0.1288125,-0.2798078656196594,4.893452114629326e-07,0.00023391551803797483,,,1.0,normal
1466,10,scenario1_stationary,moper,50,1.9000000000000004,0,0.0611875,0.19790000000000002,0.5,0.5,-0.12954375,-0.2800317406654358,3.07041148062126e-07,0.0002327302936464548,,,1.0,normal
1467,10,scenario1_stationary,moper,50,2.710000000000001,0,0.061693750000000006,0.19871000000000003,0.5,0.5,-0.13020187500000002,-0.28010597825050354,2.420740088382445e-07,0.00019848241936415434,,,1.0,normal
1468,10,scenario1_stationary,moper,50,0.0,1,0.09,0.11199999999999999,0.5,0.5,-0.10099999999999999,-0.2803109586238861,2.1678656025869714e-07,0.00019893166609108448,,,1.0,normal
1469,10,scenario1_stationary,moper,50,0.0,1,0.09,0.11199999999999999,0.5,0.5,-0.10099999999999999,-0.28031590580940247,9.235964739673364e-07,0.0002728977124206722,,,1.0,normal
1470,10,scenario1_stationary,moper,50,1.0,0,0.060625,0.197,0.5,0.5,-0.1288125,-0.2802935242652893,1.2617610423149017e-07,0.00019413343397900462,,,1.0,normal
1471,10,scenario1_stationary,moper,50,1.9000000000000004,0,0.0611875,0.19790000000000002,0.5,0.5,-0.12954375,-0.28046759963035583,3.8925705325709714e-07,0.00022349937353283167,,,1.0,normal
1472,10,scenario1_stationary,moper,50,0.0,1,0.09,0.11199999999999999,0.5,0.5,-0.10099999999999999,-0.2803710997104645,8.41505027437961e-07,0.0003044133773073554,,,1.0,normal
1473,10,scenario1_stationary,moper,50,0.0,1,0.09,0.11199999999999999,0.5,0.5,-0.10099999999999999,-0.2808205187320709,1.4370100132055086e-07,0.0001987955765798688,,,1.0,normal
1474,10,scenario1_stationary,moper,50,1.0,0,0.060625,0.197,0.5,0.5,-0.1288125,-0.28089383244514465,3.471488696504821e-07,0.0002311375574208796,,,1.0,normal
1475,10,scenario1_stationary,moper,50,0.0,1,0.09,0.11199999999999999,0.5,0.5,-0.10099999999999999,-0.28098633885383606,2.3364495405076013e-07,0.00021347118308767676,,,1.0,normal
1476,10,scenario1_stationary,moper,50,0.0,1,0.09,0.11199999999999999,0.5,0.5,-0.10099999999999999,-0.2813372313976288,1.6132742075569695e-07,0.00017484452109783888,,,1.0,normal
1477,10,scenario1_stationary,moper,50,1.0,0,0.060625,0.197,0.5,0.5,-0.1288125,-0.2813112437725067,1.4100808698458422e-07,0.00014557014219462872,,,1.0,normal
1478,10,scenario1_stationary,moper,50,1.9000000000000004,0,0.0611875,0.19790000000000002,0.5,0.5,-0.12954375,-0.2812599837779999,7.246157451845647e-08,0.00012244126992300153,,,1.0,normal
1479,10,scenario1_stationary,moper,50,0.0,1,0.09,0.11199999999999999,0.5,0.5,-0.10099999999999999,-0.2815015912055969,1.1140031119794003e-07,0.00017389381537213922,,,1.0,normal
1480,10,scenario1_stationary,moper,50,1.0,0,0.060625,0.197,0.5,0.5,-0.1288125,-0.2813267707824707,4.401596527259244e-07,0.00023589155171066523,,,1.0,normal
1481,10,scenario1_stationary,moper,50,1.9000000000000004,0,0.0611875,0.19790000000000002,0.5,0.5,-0.12954375,-0.28161054849624634,9.773556541858852e-08,0.00017401506192982197,,,1.0,normal
1482,10,scenario1_stationary,moper,50,0.0,1,0.09,0.11199999999999999,0.5,0.5,-0.10099999999999999,-0.2815617024898529,1.609261488511038e-07,0.0001725366455502808,,,1.0,normal
1483,10,scenario1_stationary,moper,50,1.0,0,0.060625,0.197,0.5,0.5,-0.1288125,-0.2817361056804657,4.204003687391378e-07,0.00022659695241600275,,,1.0,normal
1484,10,scenario1_stationary,moper,50,1.9000000000000004,0,0.0611875,0.19790000000000002,0.5,0.5,-0.12954375,-0.2814429998397827,3.7826134757779073e-07,0.0003164892550557852,,,1.0,normal
1485,10,scenario1_stationary,moper,50,0.0,1,0.09,0.11199999999999999,0.5,0.5,-0.10099999999999999,-0.28201788663864136,1.6748298037327913e-07,0.00020571338245645165,,,1.0,normal
1486,10,scenario1_stationary,moper,50,1.0,0,0.060625,0.197,0.5,0.5,-0.1288125,-0.28212684392929077,2.011699109516485e-07,0.00022816023556515574,,,1.0,normal
1487,10,scenario1_stationary,moper,50,1.9000000000000004,0,0.0611875,0.19790000000000002,0.5,0.5,-0.12954375,-0.28228867053985596,3.4935740700348106e-07,0.00024150649551302195,,,1.0,normal
1488,10,scenario1_stationary,moper,50,0.0,1,0.09,0.11199999999999999,0.5,0.5,-0.10099999999999999,-0.2824110686779022,2.5243355139537016e-07,0.00021645758533850312,,,1.0,normal
1489,10,scenario1_stationary,moper,50,0.0,1,0.09,0.11199999999999999,0.5,0.5,-0.10099999999999999,-0.2823996841907501,1.8522811728871602e-07,0.0002051927731372416,,,1.0,normal
1490,10,scenario1_stationary,moper,50,0.0,1,0.09,0.11199999999999999,0.5,0.5,-0.10099999999999999,-0.28255313634872437,8.687422337061435e-07,0.000264918664470315,,,1.0,normal
1491,10,scenario1_stationary,moper,50,1.0,0,0.060625,0.197,0.5,0.5,-0.1288125,-0.2825629711151123,2.978486008942127e-07,0.00021971960086375475,,,1.0,normal
1492,10,scenario1_stationary,moper,50,0.0,1,0.09,0.11199999999999999,0.5,0.5,-0.10099999999999999,-0.2830011248588562,3.7689730447709735e-07,0.000218853703700006,,,1.0,normal
1493,10,scenario1_stationary,moper,50,0.0,1,0.09,0.11199999999999999,0.5,0.5,-0.10099999999999999,-0.2830498218536377,1.3346041782824614e-07,0.0002119330456480384,,,1.0,normal
1494,10,scenario1_stationary,moper,50,0.0,1,0.09,0.11199999999999999,0.5,0.5,-0.10099999999999999,-0.2827542722225189,4.4303430968284374e-07,0.00026660028379410505,,,1.0,normal
1495,10,scenario1_stationary,moper,50,0.0,1,0.09,0.11199999999999999,0.5,0.5,-0.10099999999999999,-0.2830458879470825,1.9054513700211828e-07,0.00019995169714093208,,,1.0,normal
1496,10,scenario1_stationary,moper,50,0.0,1,0.09,0.11199999999999999,0.5,0.5,-0.10099999999999999,-0.28312432765960693,1.3698905831915908e-07,0.00020549073815345764,,,1.0,normal
1497,10,scenario1_stationary,moper,50,0.0,1,0.09,0.11199999999999999,0.5,0.5,-0.10099999999999999,-0.2832021713256836,1.0965131878037937e-06,0.00030857999809086323,,,1.0,normal
1498,10,scenario1_stationary,moper,50,0.0,1,0.09,0.11199999999999999,0.5,0.5,-0.10099999999999999,-0.2833615243434906,2.926202284925239e-07,0.00018590892432257533,,,1.0,normal
1499,10,scenario1_stationary,moper,50,0.0,1,0.09,0.11199999999999999,0.5,0.5,-0.10099999999999999,-0.28356820344924927,2.2380001496458135e-07,0.00018841098062694073,,,1.0,normal
1500,10,scenario1_stationary,moper,50,1.0,0,0.060625,0.197,0.5,0.5,-0.1288125,-0.28360608220100403,1.504978968114301e-07,0.00020933616906404495,,,1.0,normal
1501,10,scenario1_stationary,moper,50,0.0,1,0.09,0.11199999999999999,0.5,0.5,-0.10099999999999999,-0.28378379344940186,7.965503812101815e-08,0.00016320706345140934,,,1.0,normal
1502,10,scenario1_stationary,moper,50,0.0,1,0.09,0.11199999999999999,0.5,0.5,-0.10099999999999999,-0.28389668464660645,1.3015336719490733e-07,0.00018126307986676693,,,1.0,normal
1503,10,scenario1_stationary,moper,50,0.0,1,0.09,0.11199999999999999,0.5,0.5,-0.10099999999999999,-0.28398436307907104,6.657829487721756e-08,0.00015445228200405836,,,1.0,normal
1504,10,scenario1_stationary,moper,50,0.0,1,0.09,0.11199999999999999,0.5,0.5,-0.10099999999999999,-0.28404128551483154,7.331572504654105e-08,0.00013028888497501612,,,1.0,normal
1505,10,scenario1_stationary,moper,50,0.0,1,0.09,0.11199999999999999,0.5,0.5,-0.10099999999999999,-0.2843308448791504,3.806445292298122e-08,0.0001180049148388207,,,1.0,normal
1506,10,scenario1_stationary,moper,50,1.0,0,0.060625,0.197,0.5,0.5,-0.1288125,-0.284426212310791,6.394015628075067e-08,0.00011362158693373203,,,1.0,normal
1507,10,scenario1_stationary,moper,50,0.0,1,0.09,0.11199999999999999,0.5,0.5,-0.10099999999999999,-0.284501850605011,4.563127475876172e-08,0.00011143123265355825,,,1.0,normal
1508,10,scenario1_stationary,moper,50,1.0,0,0.060625,0.197,0.5,0.5,-0.1288125,-0.2844275236129761,7.873878615782814e-08,0.00012572761625051498,,,1.0,normal
1509,10,scenario1_stationary,moper,50,0.0,1,0.09,0.11199999999999999,0.5,0.5,-0.10099999999999999,-0.28442466259002686,2.8314374844740087e-07,0.00018267880659550428,,,1.0,normal
1510,10,scenario1_stationary,moper,50,0.0,1,0.09,0.11199999999999999,0.5,0.5,-0.10099999999999999,-0.2845757007598877,1.2430081142156268e-07,0.00015178584726527333,,,1.0,normal
1511,10,scenario1_stationary,moper,50,1.0,0,0.060625,0.197,0.5,0.5,-0.1288125,-0.28484398126602173,4.8410552011546315e-08,0.00012000720016658306,,,1.0,normal
1512,10,scenario1_stationary,moper,50,0.0,1,0.09,0.11199999999999999,0.5,0.5,-0.10099999999999999,-0.28477051854133606,1.563463882803262e-07,0.00016460090409964323,,,1.0,normal
1513,10,scenario1_stationary,moper,50,0.0,1,0.09,0.11199999999999999,0.5,0.5,-0.10099999999999999,-0.285001277923584,1.1662122290090338e-07,0.00014296744484454393,,,1.0,normal
1514,10,scenario1_stationary,moper,50,1.0,0,0.060625,0.197,0.5,0.5,-0.1288125,-0.2852362394332886,1.4735772424501192e-07,0.00012748921290040016,,,1.0,normal
1515,10,scenario1_stationary,moper,50,0.0,1,0.09,0.11199999999999999,0.5,0.5,-0.10099999999999999,-0.2851727306842804,6.052694061509101e-07,0.00018389837350696325,,,1.0,normal
1516,10,scenario1_stationary,moper,50,0.0,1,0.09,0.11199999999999999,0.5,0.5,-0.10099999999999999,-0.28537309169769287,5.987168094634399e-08,0.00013295456301420927,,,1.0,normal
1517,10,scenario1_stationary,moper,50,0.0,1,0.09,0.11199999999999999,0.5,0.5,-0.10099999999999999,-0.2855108082294464,5.195945362856946e-08,0.0001449852716177702,,,1.0,normal
1518,10,scenario1_stationary,moper,50,0.0,1,0.09,0.11199999999999999,0.5,0.5,-0.10099999999999999,-0.28556060791015625,8.275262075585488e-08,0.00014548678882420063,,,1.0,normal
1519,10,scenario1_stationary,moper,50,1.0,0,0.060625,0.197,0.5,0.5,-0.1288125,-0.2855919599533081,8.042114529871469e-08,0.0001239768462255597,,,1.0,normal
1520,10,scenario1_stationary,moper,50,1.9000000000000004,0,0.0611875,0.19790000000000002,0.5,0.5,-0.12954375,-0.2857658565044403,4.652791218973107e-08,0.00012343598064035177,,,1.0,normal
1521,10,scenario1_stationary,moper,50,2.710000000000001,0,0.061693750000000006,0.19871000000000003,0.5,0.5,-0.13020187500000002,-0.28579118847846985,8.002006097740377e-07,0.00023153540678322315,,,1.0,normal
1522,10,scenario1_stationary,moper,50,0.0,1,0.09,0.11199999999999999,0.5,0.5,-0.10099999999999999,-0.28596800565719604,1.3462283732224023e-07,0.00014746084343641996,,,1.0,normal
1523,10,scenario1_stationary,moper,50,1.0,0,0.060625,0.197,0.5,0.5,-0.1288125,-0.28599438071250916,6.553114673124583e-08,0.00012516218703240156,,,1.0,normal
1524,10,scenario1_stationary,moper,50,0.0,1,0.09,0.11199999999999999,0.5,0.5,-0.10099999999999999,-0.28594285249710083,3.879270593643014e-07,0.00020654418040066957,,,1.0,normal
1525,10,scenario1_stationary,moper,50,1.0,0,0.060625,0.197,0.5,0.5,-0.1288125,-0.2861052453517914,1.1262171994985692e-07,0.00015468988567590714,,,1.0,normal
1526,10,scenario1_stationary,moper,50,0.0,1,0.09,0.11199999999999999,0.5,0.5,-0.10099999999999999,-0.2862807810306549,1.2961240258846374e-07,0.0001331237144768238,,,1.0,normal
1527,10,scenario1_stationary,moper,50,0.0,1,0.09,0.11199999999999999,0.5,0.5,-0.10099999999999999,-0.2864912450313568,9.145312418468166e-08,0.0001243468141183257,,,1.0,normal
1528,10,scenario1_stationary,moper,50,0.0,1,0.09,0.11199999999999999,0.5,0.5,-0.10099999999999999,-0.2864208221435547,1.3466164716646745e-07,0.00015993928536772728,,,1.0,normal
1529,10,scenario1_stationary,moper,50,0.0,1,0.09,0.11199999999999999,0.5,0.5,-0.10099999999999999,-0.2865617275238037,1.4298979067461914e-07,0.00015302037354558706,,,1.0,normal
1530,10,scenario1_stationary,moper,50,1.0,0,0.060625,0.197,0.5,0.5,-0.1288125,-0.2866610884666443,1.2816926187042554e-07,0.00015372131019830704,,,1.0,normal
1531,10,scenario1_stationary,moper,50,0.0,1,0.09,0.11199999999999999,0.5,0.5,-0.10099999999999999,-0.2868014872074127,1.7297909948865708e-07,0.00017868331633508205,,,1.0,normal
1532,10,scenario1_stationary,moper,50,1.0,0,0.060625,0.197,0.5,0.5,-0.1288125,-0.2870676815509796,9.772300302302028e-08,0.0001443581422790885,,,1.0,normal
1533,10,scenario1_stationary,moper,50,0.0,1,0.09,0.11199999999999999,0.5,0.5,-0.10099999999999999,-0.2871224284172058,7.197229479061207e-08,0.00013008643873035908,,,1.0,normal
1534,10,scenario1_stationary,moper,50,1.0,0,0.060625,0.197,0.5,0.5,-0.1288125,-0.28716394305229187,1.516998509032419e-07,0.0001382038462907076,,,1.0,normal
1535,10,scenario1_stationary,moper,50,0.0,1,0.09,0.11199999999999999,0.5,0.5,-0.10099999999999999,-0.28723040223121643,5.397677682594804e-07,0.0002209425438195467,,,1.0,normal
1536,10,scenario1_stationary,moper,50,1.0,0,0.060625,0.197,0.5,0.5,-0.1288125,-0.2875174283981323,3.0601083267356444e-07,0.0001373571576550603,,,1.0,normal
1537,10,scenario1_stationary,moper,50,1.9000000000000004,0,0.0611875,0.19790000000000002,0.5,0.5,-0.12954375,-0.28742602467536926,1.1672623401182136e-07,0.00011700449977070093,,,1.0,normal
1538,10,scenario1_stationary,moper,50,2.710000000000001,0,0.061693750000000006,0.19871000000000003,0.5,0.5,-0.13020187500000002,-0.2875273823738098,1.0095128999410008e-07,0.00012540805619210005,,,1.0,normal
1539,10,scenario1_stationary,moper,50,0.0,1,0.09,0.11199999999999999,0.5,0.5,-0.10099999999999999,-0.28767895698547363,7.896404099483334e-07,0.00019142345990985632,,,1.0,normal
1540,10,scenario1_stationary,moper,50,1.0,0,0.060625,0.197,0.5,0.5,-0.1288125,-0.2878269553184509,1.4665737069208262e-07,0.0001342444447800517,,,1.0,normal
1541,10,scenario1_stationary,moper,50,0.0,1,0.09,0.11199999999999999,0.5,0.5,-0.10099999999999999,-0.2878750264644623,7.957631851240876e-07,0.0001992783509194851,,,1.0,normal
1542,10,scenario1_stationary,moper,50,0.0,1,0.09,0.11199999999999999,0.5,0.5,-0.10099999999999999,-0.2877780795097351,3.101992547271948e-07,0.00014828064013272524,,,1.0,normal
1543,10,scenario1_stationary,moper,50,0.0,1,0.09,0.11199999999999999,0.5,0.5,-0.10099999999999999,-0.2877284288406372,3.4978938856511377e-07,0.0002034241333603859,,,1.0,normal
1544,10,scenario1_stationary,moper,50,0.0,1,0.09,0.11199999999999999,0.5,0.5,-0.10099999999999999,-0.28816473484039307,6.740761193668732e-08,0.00014878262300044298,,,1.0,normal
1545,10,scenario1_stationary,moper,50,1.0,0,0.060625,0.197,0.5,0.5,-0.1288125,-0.288222998380661,3.339461045470671e-07,0.00020553066860884428,,,1.0,normal
1546,10,scenario1_stationary,moper,50,1.9000000000000004,0,0.0611875,0.19790000000000002,0.5,0.5,-0.12954375,-0.28846171498298645,9.400836376016741e-08,0.00013886496890336275,,,1.0,normal
1547,10,scenario1_stationary,moper,50,2.710000000000001,0,0.061693750000000006,0.19871000000000003,0.5,0.5,-0.13020187500000002,-0.28850722312927246,2.642944423314475e-07,0.0001589067978784442,,,1.0,normal
1548,10,scenario1_stationary,moper,50,0.0,1,0.09,0.11199999999999999,0.5,0.5,-0.10099999999999999,-0.28862011432647705,6.730521562303693e-08,0.00013887695968151093,,,1.0,normal
1549,10,scenario1_stationary,moper,50,1.0,0,0.060625,0.197,0.5,0.5,-0.1288125,-0.28877967596054077,1.0306771969226247e-07,0.00013821630273014307,,,1.0,normal
1550,10,scenario1_stationary,moper,50,0.0,1,0.09,0.11199999999999999,0.5,0.5,-0.10099999999999999,-0.28876882791519165,1.2791113590537861e-07,0.00014129653573036194,,,1.0,normal
1551,10,scenario1_stationary,moper,50,1.0,0,0.060625,0.197,0.5,0.5,-0.1288125,-0.2890894114971161,4.9118074940679435e-08,0.0001213178038597107,,,1.0,normal
1552,10,scenario1_stationary,moper,50,0.0,1,0.09,0.11199999999999999,0.5,0.5,-0.10099999999999999,-0.2889789044857025,6.156818699309952e-08,0.00012233341112732887,,,1.0,normal
1553,10,scenario1_stationary,moper,50,1.0,0,0.060625,0.197,0.5,0.5,-0.1288125,-0.2892642021179199,4.29828688197631e-08,0.00010342628229409456,,,1.0,normal
1554,10,scenario1_stationary,moper,50,1.9000000000000004,0,0.0611875,0.19790000000000002,0.5,0.5,-0.12954375,-0.28949272632598877,6.729669621563517e-07,0.0001537699718028307,,,1.0,normal
1555,10,scenario1_stationary,moper,50,2.710000000000001,0,0.061693750000000006,0.19871000000000003,0.5,0.5,-0.13020187500000002,-0.28941065073013306,5.760668742027519e-08,9.502016473561525e-05,,,1.0,normal
1556,10,scenario1_stationary,moper,50,0.0,1,0.09,0.11199999999999999,0.5,0.5,-0.10099999999999999,-0.28966909646987915,5.044631734563154e-08,0.00010793888941407204,,,1.0,normal
1557,10,scenario1_stationary,moper,50,1.0,0,0.060625,0.197,0.5,0.5,-0.1288125,-0.28984135389328003,1.970491325664625e-08,8.748192340135574e-05,,,1.0,normal
1558,10,scenario1_stationary,moper,50,1.9000000000000004,0,0.0611875,0.19790000000000002,0.5,0.5,-0.12954375,-0.28953370451927185,1.3520504182906734e-07,0.00014163285959511995,,,1.0,normal
1559,10,scenario1_stationary,moper,50,0.0,1,0.09,0.11199999999999999,0.5,0.5,-0.10099999999999999,-0.2896687984466553,3.865549729198392e-07,0.00018089974764734507,,,1.0,normal
1560,10,scenario1_stationary,moper,50,1.0,0,0.060625,0.197,0.5,0.5,-0.1288125,-0.2898775637149811,6.163877230846992e-08,0.00011786795221269131,,,1.0,normal
1561,10,scenario1_stationary,moper,50,0.0,1,0.09,0.11199999999999999,0.5,0.5,-0.10099999999999999,-0.2898871898651123,6.466959945328199e-08,0.00013033882714807987,,,1.0,normal
1562,10,scenario1_stationary,moper,50,1.0,0,0.060625,0.197,0.5,0.5,-0.1288125,-0.28967422246932983,7.167880653469183e-07,0.00027621269691735506,,,1.0,normal
1563,10,scenario1_stationary,moper,50,0.0,1,0.09,0.11199999999999999,0.5,0.5,-0.10099999999999999,-0.290068656206131,1.6364360533316358e-07,0.0001892342697829008,,,1.0,normal
1564,10,scenario1_stationary,moper,50,1.0,0,0.060625,0.197,0.5,0.5,-0.1288125,-0.2901710569858551,5.163585683476413e-07,0.00020258151926100254,,,1.0,normal
1565,10,scenario1_stationary,moper,50,1.9000000000000004,0,0.0611875,0.19790000000000002,0.5,0.5,-0.12954375,-0.290370911359787,9.803647316175557e-08,0.00014982628636062145,,,1.0,normal
1566,10,scenario1_stationary,moper,50,0.0,1,0.09,0.11199999999999999,0.5,0.5,-0.10099999999999999,-0.2904807925224304,1.1079337127739564e-06,0.000276880688033998,,,1.0,normal
1567,10,scenario1_stationary,moper,50,0.0,1,0.09,0.11199999999999999,0.5,0.5,-0.10099999999999999,-0.29074031114578247,2.991168059907068e-07,0.0001661805436015129,,,1.0,normal
1568,10,scenario1_stationary,moper,50,0.0,1,0.09,0.11199999999999999,0.5,0.5,-0.10099999999999999,-0.290667325258255,9.69496625202737e-08,0.00016298738773912191,,,1.0,normal
1569,10,scenario1_stationary,moper,50,1.0,0,0.060625,0.197,0.5,0.5,-0.1288125,-0.29061731696128845,5.115828116686316e-07,0.00022063544020056725,,,1.0,normal
1570,10,scenario1_stationary,moper,50,1.9000000000000004,0,0.0611875,0.19790000000000002,0.5,0.5,-0.12954375,-0.29070067405700684,1.345839137911753e-07,0.00020576338283717632,,,1.0,normal
1571,10,scenario1_stationary,moper,50,0.0,1,0.09,0.11199999999999999,0.5,0.5,-0.10099999999999999,-0.29096806049346924,1.212858933286043e-07,0.00019741652067750692,,,1.0,normal
1572,10,scenario1_stationary,moper,50,1.0,0,0.060625,0.197,0.5,0.5,-0.1288125,-0.291433185338974,4.130907882426982e-08,9.800773113965988e-05,,,1.0,normal
1573,10,scenario1_stationary,moper,50,1.9000000000000004,0,0.0611875,0.19790000000000002,0.5,0.5,-0.12954375,-0.2913486957550049,2.737315298873e-07,0.00012112327385693789,,,1.0,normal
1574,10,scenario1_stationary,moper,50,2.710000000000001,0,0.061693750000000006,0.19871000000000003,0.5,0.5,-0.13020187500000002,-0.29097869992256165,9.496229722572025e-07,0.0002763554221019149,,,1.0,normal
1575,10,scenario1_stationary,moper,50,0.0,1,0.09,0.11199999999999999,0.5,0.5,-0.10099999999999999,-0.29143115878105164,2.7619338993645215e-07,0.00013658276293426752,,,1.0,normal
1576,10,scenario1_stationary,moper,50,0.0,1,0.09,0.11199999999999999,0.5,0.5,-0.10099999999999999,-0.2913459837436676,2.0606429984582064e-07,0.0001783468760550022,,,1.0,normal
1577,10,scenario1_stationary,moper,50,1.0,0,0.060625,0.197,0.5,0.5,-0.1288125,-0.2914956212043762,1.4828565042535047e-07,0.00020473799668252468,,,1.0,normal
1578,10,scenario1_stationary,moper,50,1.9000000000000004,0,0.0611875,0.19790000000000002,0.5,0.5,-0.12954375,-0.2915899455547333,1.983613913125737e-07,0.00023389665875583887,,,1.0,normal
1579,10,scenario1_stationary,moper,50,2.710000000000001,0,0.061693750000000006,0.19871000000000003,0.5,0.5,-0.13020187500000002,-0.29171937704086304,5.311609925229277e-07,0.0002494883956387639,,,1.0,normal
1580,10,scenario1_stationary,moper,50,0.0,1,0.09,0.11199999999999999,0.5,0.5,-0.10099999999999999,-0.29201772809028625,2.437888326767279e-07,0.00014985469169914722,,,1.0,normal
1581,10,scenario1_stationary,moper,50,0.0,1,0.09,0.11199999999999999,0.5,0.5,-0.10099999999999999,-0.2917400300502777,3.068316232202051e-07,0.00020935467910021544,,,1.0,normal
1582,10,scenario1_stationary,moper,50,0.0,1,0.09,0.11199999999999999,0.5,0.5,-0.10099999999999999,-0.2920798659324646,1.536088234388444e-07,0.0002163870958611369,,,1.0,normal
1583,10,scenario1_stationary,moper,50,1.0,0,0.060625,0.197,0.5,0.5,-0.1288125,-0.2922493517398834,1.4406170123493212e-07,0.00018287589773535728,,,1.0,normal
1584,10,scenario1_stationary,moper,50,0.0,1,0.09,0.11199999999999999,0.5,0.5,-0.10099999999999999,-0.29236721992492676,2.7154854365107894e-07,0.00014203705359250307,,,1.0,normal
1585,10,scenario1_stationary,moper,50,0.0,1,0.09,0.11199999999999999,0.5,0.5,-0.10099999999999999,-0.29242202639579773,6.908057770260712e-08,0.000152875785715878,,,1.0,normal
1586,10,scenario1_stationary,moper,50,1.0,0,0.060625,0.197,0.5,0.5,-0.1288125,-0.2924916744232178,7.680219482608663e-07,0.0002821877133101225,,,1.0,normal
1587,10,scenario1_stationary,moper,50,1.9000000000000004,0,0.0611875,0.19790000000000002,0.5,0.5,-0.12954375,-0.2926127016544342,9.745633633428952e-08,0.00018910865765064955,,,1.0,normal
1588,10,scenario1_stationary,moper,50,0.0,1,0.09,0.11199999999999999,0.5,0.5,-0.10099999999999999,-0.2925271689891815,1.8156612213715562e-07,0.00018010439816862345,,,1.0,normal
1589,10,scenario1_stationary,moper,50,0.0,1,0.09,0.11199999999999999,0.5,0.5,-0.10099999999999999,-0.29275524616241455,1.0357037893982124e-07,0.00016056932508945465,,,1.0,normal
1590,10,scenario1_stationary,moper,50,0.0,1,0.09,0.11199999999999999,0.5,0.5,-0.10099999999999999,-0.2929726839065552,2.239103764622996e-07,0.000214047497138381,,,1.0,normal
1591,10,scenario1_stationary,moper,50,1.0,0,0.060625,0.197,0.5,0.5,-0.1288125,-0.2930314540863037,2.940320484867698e-07,0.00018216145690530539,,,1.0,normal
1592,10,scenario1_stationary,moper,50,0.0,1,0.09,0.11199999999999999,0.5,0.5,-0.10099999999999999,-0.29293641448020935,7.204138228189549e-07,0.00026214064564555883,,,1.0,normal
1593,10,scenario1_stationary,moper,50,1.0,0,0.060625,0.197,0.5,0.5,-0.1288125,-0.2932223677635193,3.480788990373185e-08,0.0001049478305503726,,,1.0,normal
1594,10,scenario1_stationary,moper,50,0.0,1,0.09,0.11199999999999999,0.5,0.5,-0.10099999999999999,-0.2933202385902405,9.152461188932648e-08,0.00016028620302677155,,,1.0,normal
1595,10,scenario1_stationary,moper,50,0.0,1,0.09,0.11199999999999999,0.5,0.5,-0.10099999999999999,-0.2932243049144745,3.9636614701521466e-07,0.00021992356050759554,,,1.0,normal
1596,10,scenario1_stationary,moper,50,1.0,0,0.060625,0.197,0.5,0.5,-0.1288125,-0.29360976815223694,6.259374885075886e-08,0.0001229390036314726,,,1.0,normal
1597,10,scenario1_stationary,moper,50,0.0,1,0.09,0.11199999999999999,0.5,0.5,-0.10099999999999999,-0.2936405539512634,1.1716348069512605e-07,0.0001423859503120184,,,1.0,normal
1598,10,scenario1_stationary,moper,50,0.0,1,0.09,0.11199999999999999,0.5,0.5,-0.10099999999999999,-0.2937256395816803,4.2031155089716776e-07,0.00020664185285568237,,,1.0,normal
1599,10,scenario1_stationary,moper,50,0.0,1,0.09,0.11199999999999999,0.5,0.5,-0.10099999999999999,-0.2938604950904846,7.360135896306019e-07,0.00018626893870532513,,,1.0,normal
1600,10,scenario1_stationary,moper,50,1.0,0,0.060625,0.197,0.5,0.5,-0.1288125,-0.2939907908439636,7.373215282768797e-08,9.574741125106812e-05,,,1.0,normal
1601,10,scenario1_stationary,moper,50,1.9000000000000004,0,0.0611875,0.19790000000000002,0.5,0.5,-0.12954375,-0.2939639091491699,2.4778262286417885e-07,0.00016210926696658134,,,1.0,normal
1602,10,scenario1_stationary,moper,50,0.0,1,0.09,0.11199999999999999,0.5,0.5,-0.10099999999999999,-0.2941296100616455,2.0730621486109158e-07,0.00018007471226155758,,,1.0,normal
1603,10,scenario1_stationary,moper,50,1.0,0,0.060625,0.197,0.5,0.5,-0.1288125,-0.2943270206451416,8.70692318244437e-08,0.00014261098112910986,,,1.0,normal
1604,10,scenario1_stationary,moper,50,0.0,1,0.09,0.11199999999999999,0.5,0.5,-0.10099999999999999,-0.2943623960018158,1.1130637744827254e-07,0.00011118699330836535,,,1.0,normal
1605,10,scenario1_stationary,moper,50,1.0,0,0.060625,0.197,0.5,0.5,-0.1288125,-0.2944613993167877,7.477378005660285e-08,0.00012804928701370955,,,1.0,normal
1606,10,scenario1_stationary,moper,50,1.9000000000000004,0,0.0611875,0.19790000000000002,0.5,0.5,-0.12954375,-0.2946213483810425,1.4706218109949987e-07,0.00015401572454720736,,,1.0,normal
1607,10,scenario1_stationary,moper,50,0.0,1,0.09,0.11199999999999999,0.5,0.5,-0.10099999999999999,-0.29457271099090576,1.5782399032104877e-07,0.0001493078889325261,,,1.0,normal
1608,10,scenario1_stationary,moper,50,0.0,1,0.09,0.11199999999999999,0.5,0.5,-0.10099999999999999,-0.294733464717865,1.3664326559137407e-07,0.0001391664845868945,,,1.0,normal
1609,10,scenario1_stationary,moper,50,1.0,0,0.060625,0.197,0.5,0.5,-0.1288125,-0.29486143589019775,1.716612274549334e-07,0.0001441191416233778,,,1.0,normal
1610,10,scenario1_stationary,moper,50,0.0,1,0.09,0.11199999999999999,0.5,0.5,-0.10099999999999999,-0.2950097322463989,3.475365701888222e-07,0.00016929476987570524,,,1.0,normal
1611,10,scenario1_stationary,moper,50,0.0,1,0.09,0.11199999999999999,0.5,0.5,-0.10099999999999999,-0.2952592968940735,4.57910864781752e-08,9.583600331097841e-05,,,1.0,normal
1612,10,scenario1_stationary,moper,50,1.0,0,0.060625,0.197,0.5,0.5,-0.1288125,-0.2952585816383362,3.954811234052613e-07,0.0001806570217013359,,,1.0,normal
1613,10,scenario1_stationary,moper,50,0.0,1,0.09,0.11199999999999999,0.5,0.5,-0.10099999999999999,-0.2954668700695038,2.447835001362364e-08,9.334005881100893e-05,,,1.0,normal
1614,10,scenario1_stationary,moper,50,1.0,0,0.060625,0.197,0.5,0.5,-0.1288125,-0.29543057084083557,2.3985757025002385e-07,0.00014414777979254723,,,1.0,normal
1615,10,scenario1_stationary,moper,50,1.9000000000000004,0,0.0611875,0.19790000000000002,0.5,0.5,-0.12954375,-0.29549965262413025,4.865547253984914e-08,0.00012692762538790703,,,1.0,normal
1616,10,scenario1_stationary,moper,50,0.0,1,0.09,0.11199999999999999,0.5,0.5,-0.10099999999999999,-0.29568323493003845,1.1335291105751821e-07,0.00013910408597439528,,,1.0,normal
1617,10,scenario1_stationary,moper,50,0.0,1,0.09,0.11199999999999999,0.5,0.5,-0.10099999999999999,-0.29592186212539673,2.8708424082424244e-08,8.236756548285484e-05,,,1.0,normal
1618,10,scenario1_stationary,moper,50,1.0,0,0.060625,0.197,0.5,0.5,-0.1288125,-0.2960425317287445,4.16686347648465e-08,7.110065780580044e-05,,,1.0,normal
1619,10,scenario1_stationary,moper,50,0.0,1,0.09,0.11199999999999999,0.5,0.5,-0.10099999999999999,-0.29605162143707275,9.949987855861764e-08,0.00011040049139410257,,,1.0,normal
1620,10,scenario1_stationary,moper,50,1.0,0,0.060625,0.197,0.5,0.5,-0.1288125,-0.2961070239543915,6.848041067541999e-08,9.601528290659189e-05,,,1.0,normal
1621,10,scenario1_stationary,moper,50,0.0,1,0.09,0.11199999999999999,0.5,0.5,-0.10099999999999999,-0.29617249965667725,7.055557205148943e-08,0.00010703073348850012,,,1.0,normal
1622,10,scenario1_stationary,moper,50,1.0,0,0.060625,0.197,0.5,0.5,-0.1288125,-0.2961413860321045,3.2351061918234336e-07,0.00015883613377809525,,,1.0,normal
1623,10,scenario1_stationary,moper,50,1.9000000000000004,0,0.0611875,0.19790000000000002,0.5,0.5,-0.12954375,-0.296214759349823,1.1566626767489652e-07,0.0001501627266407013,,,1.0,normal
1624,10,scenario1_stationary,moper,50,2.710000000000001,0,0.061693750000000006,0.19871000000000003,0.5,0.5,-0.13020187500000002,-0.2963804304599762,8.16875811437967e-08,0.00013053917791694403,,,1.0,normal
1625,10,scenario1_stationary,moper,50,0.0,1,0.09,0.11199999999999999,0.5,0.5,-0.10099999999999999,-0.2964227795600891,6.104278895691095e-07,0.0001745640765875578,,,1.0,normal
1626,10,scenario1_stationary,moper,50,0.0,1,0.09,0.11199999999999999,0.5,0.5,-0.10099999999999999,-0.2966541349887848,1.7142684782811557e-07,0.00014031212776899338,,,1.0,normal
1627,10,scenario1_stationary,moper,50,0.0,1,0.09,0.11199999999999999,0.5,0.5,-0.10099999999999999,-0.29670724272727966,1.2118810843730898e-07,0.00015304237604141235,,,1.0,normal
1628,10,scenario1_stationary,moper,50,0.0,1,0.09,0.11199999999999999,0.5,0.5,-0.10099999999999999,-0.2967485785484314,1.56143812546361e-07,0.00017947971355170012,,,1.0,normal
1629,10,scenario1_stationary,moper,50,1.0,0,0.060625,0.197,0.5,0.5,-0.1288125,-0.29697704315185547,1.3753729888321686e-07,0.00015655567403882742,,,1.0,normal
1630,10,scenario1_stationary,moper,50,1.9000000000000004,0,0.0611875,0.19790000000000002,0.5,0.5,-0.12954375,-0.29719075560569763,4.7242559730875655e-07,0.00017549213953316212,,,1.0,normal
1631,10,scenario1_stationary,moper,50,2.710000000000001,0,0.061693750000000006,0.19871000000000003,0.5,0.5,-0.13020187500000002,-0.2972641885280609,4.1269160533374816e-08,0.00010745914187282324,,,1.0,normal
1632,10,scenario1_stationary,moper,50,0.0,1,0.09,0.11199999999999999,0.5,0.5,-0.10099999999999999,-0.29725122451782227,4.1494428160149255e-07,0.00016893143765628338,,,1.0,normal
1633,10,scenario1_stationary,moper,50,1.0,0,0.060625,0.197,0.5,0.5,-0.1288125,-0.29746848344802856,1.262653057665375e-07,0.00013778801076114178,,,1.0,normal
1634,10,scenario1_stationary,moper,50,0.0,1,0.09,0.11199999999999999,0.5,0.5,-0.10099999999999999,-0.2974048852920532,3.522249585330428e-07,0.00017637514974921942,,,1.0,normal
1635,10,scenario1_stationary,moper,50,1.0,0,0.060625,0.197,0.5,0.5,-0.1288125,-0.29757529497146606,1.4141390636268625e-07,0.0001489589922130108,,,1.0,normal
1636,10,scenario1_stationary,moper,50,0.0,1,0.09,0.11199999999999999,0.5,0.5,-0.10099999999999999,-0.2977813482284546,1.5639076877960179e-07,0.00012474250979721546,,,1.0,normal
1637,10,scenario1_stationary,moper,50,0.0,1,0.09,0.11199999999999999,0.5,0.5,-0.10099999999999999,-0.29779157042503357,4.0556560065851954e-07,0.00015519035514444113,,,1.0,normal
1638,10,scenario1_stationary,moper,50,0.0,1,0.09,0.11199999999999999,0.5,0.5,-0.10099999999999999,-0.2978246510028839,1.918673433465301e-07,0.0001416490413248539,,,1.0,normal
1639,10,scenario1_stationary,moper,50,1.0,0,0.060625,0.197,0.5,0.5,-0.1288125,-0.29812777042388916,4.889176707933984e-08,0.00011244963388890028,,,1.0,normal
1640,10,scenario1_stationary,moper,50,1.9000000000000004,0,0.0611875,0.19790000000000002,0.5,0.5,-0.12954375,-0.29813578724861145,1.4065972209209576e-07,0.00014518445823341608,,,1.0,normal
1641,10,scenario1_stationary,moper,50,0.0,1,0.09,0.11199999999999999,0.5,0.5,-0.10099999999999999,-0.2982296049594879,6.969325028194362e-08,0.00011672591790556908,,,1.0,normal
1642,10,scenario1_stationary,moper,50,0.0,1,0.09,0.11199999999999999,0.5,0.5,-0.10099999999999999,-0.2983704209327698,3.0667959549646184e-07,0.00015219429042190313,,,1.0,normal
1643,10,scenario1_stationary,moper,50,0.0,1,0.09,0.11199999999999999,0.5,0.5,-0.10099999999999999,-0.29847317934036255,1.2506554014635185e-07,0.0001219531986862421,,,1.0,normal
1644,10,scenario1_stationary,moper,50,1.0,0,0.060625,0.197,0.5,0.5,-0.1288125,-0.2984526753425598,9.596239181064448e-08,0.00015196821186691523,,,1.0,normal
1645,10,scenario1_stationary,moper,50,0.0,1,0.09,0.11199999999999999,0.5,0.5,-0.10099999999999999,-0.29867610335350037,2.906359100052214e-07,0.0001756191486492753,,,1.0,normal
1646,10,scenario1_stationary,moper,50,0.0,1,0.09,0.11199999999999999,0.5,0.5,-0.10099999999999999,-0.29881829023361206,2.0446043436095351e-07,0.00013734737876802683,,,1.0,normal
1647,10,scenario1_stationary,moper,50,1.0,0,0.060625,0.197,0.5,0.5,-0.1288125,-0.2986341714859009,7.802242407706217e-07,0.00019989022985100746,,,1.0,normal
1648,10,scenario1_stationary,moper,50,1.9000000000000004,0,0.0611875,0.19790000000000002,0.5,0.5,-0.12954375,-0.29901933670043945,9.168149972538231e-08,0.00011990487109869719,,,1.0,normal
1649,10,scenario1_stationary,moper,50,2.710000000000001,0,0.061693750000000006,0.19871000000000003,0.5,0.5,-0.13020187500000002,-0.29896050691604614,1.8436978166391782e-07,0.00015176355373114347,,,1.0,normal
1650,10,scenario1_stationary,moper,50,0.0,1,0.09,0.11199999999999999,0.5,0.5,-0.10099999999999999,-0.29904207587242126,3.688853382755042e-07,0.0001532833557575941,,,1.0,normal
1651,10,scenario1_stationary,moper,50,0.0,1,0.09,0.11199999999999999,0.5,0.5,-0.10099999999999999,-0.29899370670318604,6.816944733145647e-07,0.0002259125467389822,,,1.0,normal
1652,10,scenario1_stationary,moper,50,0.0,1,0.09,0.11199999999999999,0.5,0.5,-0.10099999999999999,-0.299150288105011,3.4070046694978373e-07,0.00028774759266525507,,,1.0,normal
1653,10,scenario1_stationary,moper,50,0.0,1,0.09,0.11199999999999999,0.5,0.5,-0.10099999999999999,-0.2993597686290741,4.2418349721629056e-07,0.00026129104662686586,,,1.0,normal
1654,10,scenario1_stationary,moper,50,1.0,0,0.060625,0.197,0.5,0.5,-0.1288125,-0.2994852364063263,4.786402314493898e-07,0.00026525009889155626,,,1.0,normal
1655,10,scenario1_stationary,moper,50,0.0,1,0.09,0.11199999999999999,0.5,0.5,-0.10099999999999999,-0.2997855544090271,2.3039316943140875e-07,0.0002702669007703662,,,1.0,normal
1656,10,scenario1_stationary,moper,50,0.0,1,0.09,0.11199999999999999,0.5,0.5,-0.10099999999999999,-0.2997716963291168,1.8655515532373101e-07,0.00022570404689759016,,,1.0,normal
1657,10,scenario1_stationary,moper,50,1.0,0,0.060625,0.197,0.5,0.5,-0.1288125,-0.29981353878974915,1.2856582998210797e-07,0.0001338813453912735,,,1.0,normal
1658,10,scenario1_stationary,moper,50,1.9000000000000004,0,0.0611875,0.19790000000000002,0.5,0.5,-0.12954375,-0.29991239309310913,1.1210759964797035e-07,0.00018451886717230082,,,1.0,normal
1659,10,scenario1_stationary,moper,50,2.710000000000001,0,0.061693750000000006,0.19871000000000003,0.5,0.5,-0.13020187500000002,-0.3000715970993042,2.1131231164872588e-07,0.0002328711561858654,,,1.0,normal
1660,10,scenario1_stationary,moper,50,3.439,0,0.062149375,0.199439,0.5,0.5,-0.1307941875,-0.30027350783348083,7.111972308848635e-07,0.0002581122098490596,,,1.0,normal
1661,10,scenario1_stationary,moper,50,0.0,1,0.09,0.11199999999999999,0.5,0.5,-0.10099999999999999,-0.30026572942733765,2.0157078495230962e-07,0.00021229207050055265,,,1.0,normal
1662,10,scenario1_stationary,moper,50,1.0,0,0.060625,0.197,0.5,0.5,-0.1288125,-0.3000975251197815,6.033734507582267e-07,0.00029249279759824276,,,1.0,normal
1663,10,scenario1_stationary,moper,50,1.9000000000000004,0,0.0611875,0.19790000000000002,0.5,0.5,-0.12954375,-0.30029594898223877,1.7383499084644427e-07,0.00021255796309560537,,,1.0,normal
1664,10,scenario1_stationary,moper,50,0.0,1,0.09,0.11199999999999999,0.5,0.5,-0.10099999999999999,-0.30044400691986084,4.796337975676579e-07,0.00027092674281448126,,,1.0,normal
1665,10,scenario1_stationary,moper,50,1.0,0,0.060625,0.197,0.5,0.5,-0.1288125,-0.3005627393722534,7.186623065535969e-07,0.0003166639944538474,,,1.0,normal
1666,10,scenario1_stationary,moper,50,0.0,1,0.09,0.11199999999999999,0.5,0.5,-0.10099999999999999,-0.3010244369506836,2.606782345537795e-07,0.00021492072846740484,,,1.0,normal
1667,10,scenario1_stationary,moper,50,0.0,1,0.09,0.11199999999999999,0.5,0.5,-0.10099999999999999,-0.30106380581855774,3.5534301900952414e-07,0.00029076042119413614,,,1.0,normal
1668,10,scenario1_stationary,moper,50,0.0,1,0.09,0.11199999999999999,0.5,0.5,-0.10099999999999999,-0.3008441627025604,7.223349030027748e-07,0.00040232983883470297,,,1.0,normal
1669,10,scenario1_stationary,moper,50,1.0,0,0.060625,0.197,0.5,0.5,-0.1288125,-0.3011642396450043,5.5516725439019865e-08,0.00011900695972144604,,,1.0,normal
1670,10,scenario1_stationary,moper,50,0.0,1,0.09,0.11199999999999999,0.5,0.5,-0.10099999999999999,-0.3008531332015991,1.2115638128307182e-06,0.0003167014801874757,,,1.0,normal
1671,10,scenario1_stationary,moper,50,0.0,1,0.09,0.11199999999999999,0.5,0.5,-0.10099999999999999,-0.3010459244251251,2.4313393964803254e-07,0.00027850328478962183,,,1.0,normal
1672,10,scenario1_stationary,moper,50,1.0,0,0.060625,0.197,0.5,0.5,-0.1288125,-0.30122292041778564,3.2540583561058156e-07,0.0002549082273617387,,,1.0,normal
1673,10,scenario1_stationary,moper,50,0.0,1,0.09,0.11199999999999999,0.5,0.5,-0.10099999999999999,-0.3015812635421753,1.5059225688673905e-07,0.00020035321358591318,,,1.0,normal
1674,10,scenario1_stationary,moper,50,0.0,1,0.09,0.11199999999999999,0.5,0.5,-0.10099999999999999,-0.30175524950027466,1.5668044284211646e-07,0.000205905525945127,,,1.0,normal
1675,10,scenario1_stationary,moper,50,0.0,1,0.09,0.11199999999999999,0.5,0.5,-0.10099999999999999,-0.3018353581428528,4.508053450535954e-07,0.00021680700592696667,,,1.0,normal
1676,10,scenario1_stationary,moper,50,0.0,1,0.09,0.11199999999999999,0.5,0.5,-0.10099999999999999,-0.3015906512737274,4.93214884045301e-07,0.0002082671271637082,,,1.0,normal
1677,10,scenario1_stationary,moper,50,0.0,1,0.09,0.11199999999999999,0.5,0.5,-0.10099999999999999,-0.301763117313385,2.528279594571359e-07,0.00022120890207588673,,,1.0,normal
1678,10,scenario1_stationary,moper,50,0.0,1,0.09,0.11199999999999999,0.5,0.5,-0.10099999999999999,-0.3017147481441498,7.363972827079124e-07,0.0003564481157809496,,,1.0,normal
1679,10,scenario1_stationary,moper,50,1.0,0,0.060625,0.197,0.5,0.5,-0.1288125,-0.30216488242149353,2.639249032654334e-07,0.00021088356152176857,,,1.0,normal
1680,10,scenario1_stationary,moper,50,1.9000000000000004,0,0.0611875,0.19790000000000002,0.5,0.5,-0.12954375,-0.3021385371685028,2.864856867290655e-07,0.00023771962150931358,,,1.0,normal
1681,10,scenario1_stationary,moper,50,2.710000000000001,0,0.061693750000000006,0.19871000000000003,0.5,0.5,-0.13020187500000002,-0.3024402856826782,2.5582377816135704e-07,0.0001933104358613491,,,1.0,normal
1682,10,scenario1_stationary,moper,50,3.439,0,0.062149375,0.199439,0.5,0.5,-0.1307941875,-0.30222874879837036,3.1945404543876066e-07,0.0001984710106626153,,,1.0,normal
1683,10,scenario1_stationary,moper,50,4.0951,0,0.06255943750000001,0.20009510000000003,0.5,0.5,-0.13132726875,-0.3024072051048279,8.739344536934368e-08,0.00017743301577866077,,,1.0,normal
1684,10,scenario1_stationary,moper,50,0.0,1,0.09,0.11199999999999999,0.5,0.5,-0.10099999999999999,-0.30254918336868286,2.270889751798677e-07,0.0002653873525559902,,,1.0,normal
1685,10,scenario1_stationary,moper,50,0.0,1,0.09,0.11199999999999999,0.5,0.5,-0.10099999999999999,-0.30262404680252075,2.998668264808657e-07,0.0002580668078735471,,,1.0,normal
1686,10,scenario1_stationary,moper,50,0.0,1,0.09,0.11199999999999999,0.5,0.5,-0.10099999999999999,-0.3027094006538391,1.857379459124786e-07,0.000196884386241436,,,1.0,normal
1687,10,scenario1_stationary,moper,50,0.0,1,0.09,0.11199999999999999,0.5,0.5,-0.10099999999999999,-0.3030465543270111,1.145501045130004e-07,0.00020222156308591366,,,1.0,normal
1688,10,scenario1_stationary,moper,50,0.0,1,0.09,0.11199999999999999,0.5,0.5,-0.10099999999999999,-0.30290988087654114,6.897072353240219e-07,0.00028860766906291246,,,1.0,normal
1689,10,scenario1_stationary,moper,50,0.0,1,0.09,0.11199999999999999,0.5,0.5,-0.10099999999999999,-0.3031517565250397,2.825746605594759e-07,0.00016235955990850925,,,1.0,normal
1690,10,scenario1_stationary,moper,50,0.0,1,0.09,0.11199999999999999,0.5,0.5,-0.10099999999999999,-0.3032776713371277,8.433286780018534e-08,0.0001433895668014884,,,1.0,normal
1691,10,scenario1_stationary,moper,50,1.0,0,0.060625,0.197,0.5,0.5,-0.1288125,-0.3034338057041168,1.0409872430727773e-07,0.00018144166097044945,,,1.0,normal
1692,10,scenario1_stationary,moper,50,1.9000000000000004,0,0.0611875,0.19790000000000002,0.5,0.5,-0.12954375,-0.3032614588737488,5.822560069645988e-07,0.000281193177215755,,,1.0,normal
1693,10,scenario1_stationary,moper,50,2.710000000000001,0,0.061693750000000006,0.19871000000000003,0.5,0.5,-0.13020187500000002,-0.30369579792022705,1.5914194761990075e-07,0.00014017929788678885,,,1.0,normal
1694,10,scenario1_stationary,moper,50,0.0,1,0.09,0.11199999999999999,0.5,0.5,-0.10099999999999999,-0.30352506041526794,4.3239862179689226e-07,0.000221567926928401,,,1.0,normal
1695,10,scenario1_stationary,moper,50,0.0,1,0.09,0.11199999999999999,0.5,0.5,-0.10099999999999999,-0.30382582545280457,3.6496354027804045e-07,0.00013248459435999393,,,1.0,normal
1696,10,scenario1_stationary,moper,50,1.0,0,0.060625,0.197,0.5,0.5,-0.1288125,-0.3038911819458008,5.34880726377196e-08,0.00013148225843906403,,,1.0,normal
1697,10,scenario1_stationary,moper,50,0.0,1,0.09,0.11199999999999999,0.5,0.5,-0.10099999999999999,-0.3037882447242737,2.5760198241187027e-07,0.0002152295783162117,,,1.0,normal
1698,10,scenario1_stationary,moper,50,0.0,1,0.09,0.11199999999999999,0.5,0.5,-0.10099999999999999,-0.30394089221954346,2.889964605401474e-07,0.00019734236411750317,,,1.0,normal
1699,10,scenario1_stationary,moper,50,1.0,0,0.060625,0.197,0.5,0.5,-0.1288125,-0.30410298705101013,1.190427525443738e-07,0.0001579581294208765,,,1.0,normal
1700,10,scenario1_stationary,moper,50,1.9000000000000004,0,0.0611875,0.19790000000000002,0.5,0.5,-0.12954375,-0.30431628227233887,5.110640586281079e-07,0.00021797744557261467,,,1.0,normal
1701,10,scenario1_stationary,moper,50,2.710000000000001,0,0.061693750000000006,0.19871000000000003,0.5,0.5,-0.13020187500000002,-0.30441001057624817,5.374400302571303e-08,0.00011858309153467417,,,1.0,normal
1702,10,scenario1_stationary,moper,50,0.0,1,0.09,0.11199999999999999,0.5,0.5,-0.10099999999999999,-0.304317831993103,5.2276693196517954e-08,9.924103505909443e-05,,,1.0,normal
1703,10,scenario1_stationary,moper,50,1.0,0,0.060625,0.197,0.5,0.5,-0.1288125,-0.30427515506744385,5.269965299703472e-07,0.00023654790129512548,,,1.0,normal
1704,10,scenario1_stationary,moper,50,1.9000000000000004,0,0.0611875,0.19790000000000002,0.5,0.5,-0.12954375,-0.3045628070831299,1.7504601146356435e-07,0.0001855414593592286,,,1.0,normal
1705,10,scenario1_stationary,moper,50,0.0,1,0.09,0.11199999999999999,0.5,0.5,-0.10099999999999999,-0.30491262674331665,1.0239050851623688e-07,0.00011896935757249594,,,1.0,normal
1706,10,scenario1_stationary,moper,50,0.0,1,0.09,0.11199999999999999,0.5,0.5,-0.10099999999999999,-0.3049778342247009,3.8649005773550016e-07,0.00015552295371890068,,,1.0,normal
1707,10,scenario1_stationary,moper,50,1.0,0,0.060625,0.197,0.5,0.5,-0.1288125,-0.30511826276779175,9.518598886870677e-08,0.00011551810894161463,,,1.0,normal
1708,10,scenario1_stationary,moper,50,0.0,1,0.09,0.11199999999999999,0.5,0.5,-0.10099999999999999,-0.30487507581710815,4.1264615902036894e-07,0.00019311264622956514,,,1.0,normal
1709,10,scenario1_stationary,moper,50,0.0,1,0.09,0.11199999999999999,0.5,0.5,-0.10099999999999999,-0.3052935004234314,6.953847986324035e-08,0.00012913078535348177,,,1.0,normal
1710,10,scenario1_stationary,moper,50,0.0,1,0.09,0.11199999999999999,0.5,0.5,-0.10099999999999999,-0.30521461367607117,2.1678302175587305e-07,0.00021823635324835777,,,1.0,normal
1711,10,scenario1_stationary,moper,50,1.0,0,0.060625,0.197,0.5,0.5,-0.1288125,-0.305586576461792,1.446941695348869e-07,0.00012617616448551416,,,1.0,normal
1712,10,scenario1_stationary,moper,50,1.9000000000000004,0,0.0611875,0.19790000000000002,0.5,0.5,-0.12954375,-0.30580800771713257,9.409928480863528e-08,0.00015742285177111626,,,1.0,normal
1713,10,scenario1_stationary,moper,50,2.710000000000001,0,0.061693750000000006,0.19871000000000003,0.5,0.5,-0.13020187500000002,-0.3057324290275574,3.445949232627754e-07,0.00020998192485421896,,,1.0,normal
1714,10,scenario1_stationary,moper,50,3.439,0,0.062149375,0.199439,0.5,0.5,-0.1307941875,-0.30565187335014343,1.0134068162415133e-07,0.00012131908442825079,,,1.0,normal
1715,10,scenario1_stationary,moper,50,4.0951,0,0.06255943750000001,0.20009510000000003,0.5,0.5,-0.13132726875,-0.3058805465698242,1.1145463929551624e-07,0.0001660702982917428,,,1.0,normal
1716,10,scenario1_stationary,moper,50,0.0,1,0.09,0.11199999999999999,0.5,0.5,-0.10099999999999999,-0.30604615807533264,1.2512893476923637e-07,0.0001773056574165821,,,1.0,normal
1717,10,scenario1_stationary,moper,50,1.0,0,0.060625,0.197,0.5,0.5,-0.1288125,-0.3062172830104828,3.747794963260276e-08,9.363261051476002e-05,,,1.0,normal
1718,10,scenario1_stationary,moper,50,1.9000000000000004,0,0.0611875,0.19790000000000002,0.5,0.5,-0.12954375,-0.3063064515590668,4.341748649494548e-08,0.0001163785345852375,,,1.0,normal
1719,10,scenario1_stationary,moper,50,0.0,1,0.09,0.11199999999999999,0.5,0.5,-0.10099999999999999,-0.30593666434288025,5.986953510728199e-07,0.00022483908105641603,,,1.0,normal
1720,10,scenario1_stationary,moper,50,0.0,1,0.09,0.11199999999999999,0.5,0.5,-0.10099999999999999,-0.30611947178840637,2.516833887966641e-07,0.00020964222494512796,,,1.0,normal
1721,10,scenario1_stationary,moper,50,0.0,1,0.09,0.11199999999999999,0.5,0.5,-0.10099999999999999,-0.30634260177612305,2.927309310507553e-07,0.00021974218543618917,,,1.0,normal
1722,10,scenario1_stationary,moper,50,1.0,0,0.060625,0.197,0.5,0.5,-0.1288125,-0.30666032433509827,1.317903723929703e-07,0.00016535073518753052,,,1.0,normal
1723,10,scenario1_stationary,moper,50,1.9000000000000004,0,0.0611875,0.19790000000000002,0.5,0.5,-0.12954375,-0.30683571100234985,8.998539868798616e-08,0.00014627131167799234,,,1.0,normal
1724,10,scenario1_stationary,moper,50,2.710000000000001,0,0.061693750000000006,0.19871000000000003,0.5,0.5,-0.13020187500000002,-0.3066961467266083,2.7913071676266554e-07,0.0001786462962627411,,,1.0,normal
1725,10,scenario1_stationary,moper,50,3.439,0,0.062149375,0.199439,0.5,0.5,-0.1307941875,-0.30676159262657166,9.809390633108706e-08,0.00016069388948380947,,,1.0,normal
1726,10,scenario1_stationary,moper,50,4.0951,0,0.06255943750000001,0.20009510000000003,0.5,0.5,-0.13132726875,-0.3070143461227417,5.4098752144682294e-08,0.00014237139839679003,,,1.0,normal
1727,10,scenario1_stationary,moper,50,0.0,1,0.09,0.11199999999999999,0.5,0.5,-0.10099999999999999,-0.3072047233581543,6.588079770608601e-08,0.00012383086141198874,,,1.0,normal
1728,10,scenario1_stationary,moper,50,1.0,0,0.060625,0.197,0.5,0.5,-0.1288125,-0.3070656955242157,7.033514748400194e-07,0.00021198589820414782,,,1.0,normal
1729,10,scenario1_stationary,moper,50,1.9000000000000004,0,0.0611875,0.19790000000000002,0.5,0.5,-0.12954375,-0.3069610595703125,2.708791839722835e-07,0.00017900532111525536,,,1.0,normal
1730,10,scenario1_stationary,moper,50,2.710000000000001,0,0.061693750000000006,0.19871000000000003,0.5,0.5,-0.13020187500000002,-0.3072066009044647,2.1427739227419806e-07,0.00019730767235159874,,,1.0,normal
1731,10,scenario1_stationary,moper,50,3.439,0,0.062149375,0.199439,0.5,0.5,-0.1307941875,-0.30725356936454773,4.7554897264490137e-07,0.0002693475689738989,,,1.0,normal
1732,10,scenario1_stationary,moper,50,0.0,1,0.09,0.11199999999999999,0.5,0.5,-0.10099999999999999,-0.30761900544166565,2.894344390824699e-07,0.0002213778207078576,,,1.0,normal
1733,10,scenario1_stationary,moper,50,1.0,0,0.060625,0.197,0.5,0.5,-0.1288125,-0.3078576922416687,7.677041367060156e-07,0.00021337473299354315,,,1.0,normal
1734,10,scenario1_stationary,moper,50,1.9000000000000004,0,0.0611875,0.19790000000000002,0.5,0.5,-0.12954375,-0.3076934516429901,3.695177497320401e-07,0.0002160391304641962,,,1.0,normal
1735,10,scenario1_stationary,moper,50,0.0,1,0.09,0.11199999999999999,0.5,0.5,-0.10099999999999999,-0.30787530541419983,1.629485097964789e-07,0.00015966896899044514,,,1.0,normal
1736,10,scenario1_stationary,moper,50,0.0,1,0.09,0.11199999999999999,0.5,0.5,-0.10099999999999999,-0.307938814163208,1.4580484730686294e-07,0.00017239677254110575,,,1.0,normal
1737,10,scenario1_stationary,moper,50,1.0,0,0.060625,0.197,0.5,0.5,-0.1288125,-0.3081680238246918,2.2823964229701232e-07,0.0001859520561993122,,,1.0,normal
1738,10,scenario1_stationary,moper,50,0.0,1,0.09,0.11199999999999999,0.5,0.5,-0.10099999999999999,-0.3082822859287262,7.76292608861695e-07,0.00020511506590992212,,,1.0,normal
1739,10,scenario1_stationary,moper,50,0.0,1,0.09,0.11199999999999999,0.5,0.5,-0.10099999999999999,-0.3083028793334961,1.4570079542863823e-07,0.00013536226470023394,,,1.0,normal
1740,10,scenario1_stationary,moper,50,0.0,1,0.09,0.11199999999999999,0.5,0.5,-0.10099999999999999,-0.30829882621765137,9.160079628145468e-08,0.00014070782344788313,,,1.0,normal
1741,10,scenario1_stationary,moper,50,1.0,0,0.060625,0.197,0.5,0.5,-0.1288125,-0.3083990514278412,8.856168420834365e-08,0.00015079369768500328,,,1.0,normal
1742,10,scenario1_stationary,moper,50,1.9000000000000004,0,0.0611875,0.19790000000000002,0.5,0.5,-0.12954375,-0.30848538875579834,2.882968885842274e-07,0.00019601639360189438,,,1.0,normal
1743,10,scenario1_stationary,moper,50,2.710000000000001,0,0.061693750000000006,0.19871000000000003,0.5,0.5,-0.13020187500000002,-0.30865907669067383,2.273426673582435e-07,0.00018520921003073454,,,1.0,normal
1744,10,scenario1_stationary,moper,50,0.0,1,0.09,0.11199999999999999,0.5,0.5,-0.10099999999999999,-0.3086221218109131,7.114288109733025e-07,0.00024499022401869297,,,1.0,normal
1745,10,scenario1_stationary,moper,50,1.0,0,0.060625,0.197,0.5,0.5,-0.1288125,-0.3090464174747467,1.0869435129734484e-07,0.00016433896962553263,,,1.0,normal
1746,10,scenario1_stationary,moper,50,0.0,1,0.09,0.11199999999999999,0.5,0.5,-0.10099999999999999,-0.30907920002937317,2.829719676356035e-07,0.00022658449597656727,,,1.0,normal
1747,10,scenario1_stationary,moper,50,1.0,0,0.060625,0.197,0.5,0.5,-0.1288125,-0.30888402462005615,4.099163959381258e-07,0.0003127588424831629,,,1.0,normal
1748,10,scenario1_stationary,moper,50,0.0,1,0.09,0.11199999999999999,0.5,0.5,-0.10099999999999999,-0.3092166483402252,5.600711006081838e-07,0.00023773103021085262,,,1.0,normal
1749,10,scenario1_stationary,moper,50,1.0,0,0.060625,0.197,0.5,0.5,-0.1288125,-0.30941563844680786,5.7870376934943124e-08,0.00012597930617630482,,,1.0,normal
1750,10,scenario1_stationary,moper,50,0.0,1,0.09,0.11199999999999999,0.5,0.5,-0.10099999999999999,-0.30933284759521484,6.517075235024095e-08,0.00011060363613069057,,,1.0,normal
1751,10,scenario1_stationary,moper,50,0.0,1,0.09,0.11199999999999999,0.5,0.5,-0.10099999999999999,-0.309400349855423,1.4129940950624587e-07,0.0001548150321468711,,,1.0,normal
1752,10,scenario1_stationary,moper,50,0.0,1,0.09,0.11199999999999999,0.5,0.5,-0.10099999999999999,-0.3096141815185547,3.4945807669828355e-07,0.0002222068142145872,,,1.0,normal
1753,10,scenario1_stationary,moper,50,0.0,1,0.09,0.11199999999999999,0.5,0.5,-0.10099999999999999,-0.30995768308639526,5.051118989740644e-08,0.00012937362771481276,,,1.0,normal
1754,10,scenario1_stationary,moper,50,1.0,0,0.060625,0.197,0.5,0.5,-0.1288125,-0.30988746881484985,2.2127595400434075e-07,0.00014827412087470293,,,1.0,normal
1755,10,scenario1_stationary,moper,50,0.0,1,0.09,0.11199999999999999,0.5,0.5,-0.10099999999999999,-0.3098858892917633,3.5111398233311775e-08,0.00011184520553797483,,,1.0,normal
1756,10,scenario1_stationary,moper,50,0.0,1,0.09,0.11199999999999999,0.5,0.5,-0.10099999999999999,-0.3100041449069977,4.773926320922328e-08,0.0001184168504551053,,,1.0,normal
1757,10,scenario1_stationary,moper,50,0.0,1,0.09,0.11199999999999999,0.5,0.5,-0.10099999999999999,-0.30998003482818604,2.1577723430254991e-07,0.00019022333435714245,,,1.0,normal
1758,10,scenario1_stationary,moper,50,0.0,1,0.09,0.11199999999999999,0.5,0.5,-0.10099999999999999,-0.3100951910018921,1.3829048839397728e-07,0.00015386694576591253,,,1.0,normal
1759,10,scenario1_stationary,moper,50,1.0,0,0.060625,0.197,0.5,0.5,-0.1288125,-0.3103298246860504,1.7280461861446383e-07,0.00019208667799830437,,,1.0,normal
1760,10,scenario1_stationary,moper,50,1.9000000000000004,0,0.0611875,0.19790000000000002,0.5,0.5,-0.12954375,-0.31050047278404236,1.8665977563614433e-07,0.00020622345618903637,,,1.0,normal
1761,10,scenario1_stationary,moper,50,2.710000000000001,0,0.061693750000000006,0.19871000000000003,0.5,0.5,-0.13020187500000002,-0.3106353282928467,2.3375899615984963e-07,0.00013852608390152454,,,1.0,normal
1762,10,scenario1_stationary,moper,50,3.439,0,0.062149375,0.199439,0.5,0.5,-0.1307941875,-0.31045088171958923,2.8444813437999983e-07,0.0001738198334351182,,,1.0,normal
1763,10,scenario1_stationary,moper,50,4.0951,0,0.06255943750000001,0.20009510000000003,0.5,0.5,-0.13132726875,-0.31074437499046326,6.522841289324788e-08,0.0001402832567691803,,,1.0,normal
1764,10,scenario1_stationary,moper,50,4.685590000000001,0,0.06292849375000001,0.20068559000000002,0.5,0.5,-0.13180704187500003,-0.3109129071235657,1.5302086353585764e-07,0.00013743876479566097,,,1.0,normal
1765,10,scenario1_stationary,moper,50,0.0,1,0.09,0.11199999999999999,0.5,0.5,-0.10099999999999999,-0.31106194853782654,1.843402230861102e-07,0.00013946788385510445,,,1.0,normal
1766,10,scenario1_stationary,moper,50,0.0,1,0.09,0.11199999999999999,0.5,0.5,-0.10099999999999999,-0.31111785769462585,1.430415323966372e-07,0.00015031220391392708,,,1.0,normal
1767,10,scenario1_stationary,moper,50,1.0,0,0.060625,0.197,0.5,0.5,-0.1288125,-0.3110826015472412,1.2669278248722549e-07,0.00013940827921032906,,,1.0,normal
1768,10,scenario1_stationary,moper,50,0.0,1,0.09,0.11199999999999999,0.5,0.5,-0.10099999999999999,-0.31100717186927795,6.167651918076444e-07,0.00016694795340299606,,,1.0,normal
1769,10,scenario1_stationary,moper,50,1.0,0,0.060625,0.197,0.5,0.5,-0.1288125,-0.3111587464809418,2.80128006124869e-07,0.00017853663302958012,,,1.0,normal
1770,10,scenario1_stationary,moper,50,0.0,1,0.09,0.11199999999999999,0.5,0.5,-0.10099999999999999,-0.31145110726356506,2.6399496277917933e-07,0.00025534071028232574,,,1.0,normal
1771,10,scenario1_stationary,moper,50,0.0,1,0.09,0.11199999999999999,0.5,0.5,-0.10099999999999999,-0.3115214407444,4.59883210623957e-07,0.00021713529713451862,,,1.0,normal
1772,10,scenario1_stationary,moper,50,0.0,1,0.09,0.11199999999999999,0.5,0.5,-0.10099999999999999,-0.3117831349372864,4.0063329720396723e-07,0.00025690102484077215,,,1.0,normal
1773,10,scenario1_stationary,moper,50,1.0,0,0.060625,0.197,0.5,0.5,-0.1288125,-0.3119942545890808,2.0770974629158445e-07,0.0002596151316538453,,,1.0,normal
1774,10,scenario1_stationary,moper,50,0.0,1,0.09,0.11199999999999999,0.5,0.5,-0.10099999999999999,-0.3119233548641205,2.7236163191446394e-07,0.00022625515703111887,,,1.0,normal
1775,10,scenario1_stationary,moper,50,0.0,1,0.09,0.11199999999999999,0.5,0.5,-0.10099999999999999,-0.3117908239364624,1.1251377429744025e-07,0.00013360276352614164,,,1.0,normal
1776,10,scenario1_stationary,moper,50,1.0,0,0.060625,0.197,0.5,0.5,-0.1288125,-0.3119347393512726,1.82795091063781e-07,0.00021505507174879313,,,1.0,normal
1777,10,scenario1_stationary,moper,50,0.0,1,0.09,0.11199999999999999,0.5,0.5,-0.10099999999999999,-0.31216979026794434,1.856238043274061e-07,0.00020230351947247982,,,1.0,normal
1778,10,scenario1_stationary,moper,50,1.0,0,0.060625,0.197,0.5,0.5,-0.1288125,-0.3122439384460449,3.0954674912209157e-07,0.0001921089133247733,,,1.0,normal
1779,10,scenario1_stationary,moper,50,0.0,1,0.09,0.11199999999999999,0.5,0.5,-0.10099999999999999,-0.31238046288490295,1.3566722145696986e-07,0.0001744478940963745,,,1.0,normal
1780,10,scenario1_stationary,moper,50,0.0,1,0.09,0.11199999999999999,0.5,0.5,-0.10099999999999999,-0.31268781423568726,4.8153225407077116e-08,0.00012285832781344652,,,1.0,normal
1781,10,scenario1_stationary,moper,50,0.0,1,0.09,0.11199999999999999,0.5,0.5,-0.10099999999999999,-0.3126099705696106,6.683832509679632e-08,0.00011965387966483831,,,1.0,normal
1782,10,scenario1_stationary,moper,50,0.0,1,0.09,0.11199999999999999,0.5,0.5,-0.10099999999999999,-0.31238722801208496,6.988869927226915e-07,0.0001923133386299014,,,1.0,normal
1783,10,scenario1_stationary,moper,50,0.0,1,0.09,0.11199999999999999,0.5,0.5,-0.10099999999999999,-0.3124745488166809,4.523356551544566e-07,0.00023791252169758081,,,1.0,normal
1784,10,scenario1_stationary,moper,50,0.0,1,0.09,0.11199999999999999,0.5,0.5,-0.10099999999999999,-0.31284165382385254,2.520135637951171e-07,0.00020066252909600735,,,1.0,normal
1785,10,scenario1_stationary,moper,50,1.0,0,0.060625,0.197,0.5,0.5,-0.1288125,-0.3129887580871582,2.1270972183629056e-07,0.00020964548457413912,,,1.0,normal
1786,10,scenario1_stationary,moper,50,1.9000000000000004,0,0.0611875,0.19790000000000002,0.5,0.5,-0.12954375,-0.3131452202796936,5.068482096248772e-07,0.0002575296675786376,,,1.0,normal
1787,10,scenario1_stationary,moper,50,2.710000000000001,0,0.061693750000000006,0.19871000000000003,0.5,0.5,-0.13020187500000002,-0.3132122755050659,6.017718305884046e-07,0.0002937512472271919,,,1.0,normal
1788,10,scenario1_stationary,moper,50,0.0,1,0.09,0.11199999999999999,0.5,0.5,-0.10099999999999999,-0.3134343922138214,3.897351632531354e-07,0.000240249908529222,,,1.0,normal
1789,10,scenario1_stationary,moper,50,0.0,1,0.09,0.11199999999999999,0.5,0.5,-0.10099999999999999,-0.3135627508163452,2.3362589729458705e-07,0.00020802556537091732,,,1.0,normal
1790,10,scenario1_stationary,moper,50,1.0,0,0.060625,0.197,0.5,0.5,-0.1288125,-0.31369858980178833,2.435870953831909e-07,0.00022640579845756292,,,1.0,normal
1791,10,scenario1_stationary,moper,50,0.0,1,0.09,0.11199999999999999,0.5,0.5,-0.10099999999999999,-0.3139016032218933,1.4151974880860507e-07,0.000161809497512877,,,1.0,normal
1792,10,scenario1_stationary,moper,50,0.0,1,0.09,0.11199999999999999,0.5,0.5,-0.10099999999999999,-0.3137850761413574,2.922616602063499e-07,0.00025423127226531506,,,1.0,normal
1793,10,scenario1_stationary,moper,50,1.0,0,0.060625,0.197,0.5,0.5,-0.1288125,-0.31350693106651306,5.642397127303411e-07,0.0003453256795182824,,,1.0,normal
1794,10,scenario1_stationary,moper,50,0.0,1,0.09,0.11199999999999999,0.5,0.5,-0.10099999999999999,-0.31331154704093933,3.5632663752949156e-07,0.0002895306097343564,,,1.0,normal
1795,10,scenario1_stationary,moper,50,1.0,0,0.060625,0.197,0.5,0.5,-0.1288125,-0.31368643045425415,5.459594376588939e-07,0.00038206169847398996,,,1.0,normal
1796,10,scenario1_stationary,moper,50,0.0,1,0.09,0.11199999999999999,0.5,0.5,-0.10099999999999999,-0.3141629993915558,3.3577958902242244e-07,0.00036934856325387955,,,1.0,normal
1797,10,scenario1_stationary,moper,50,1.0,0,0.060625,0.197,0.5,0.5,-0.1288125,-0.31408199667930603,6.497415370176896e-07,0.0003270439337939024,,,1.0,normal
1798,10,scenario1_stationary,moper,50,0.0,1,0.09,0.11199999999999999,0.5,0.5,-0.10099999999999999,-0.31442123651504517,2.937794079116429e-07,0.0002682246267795563,,,1.0,normal
1799,10,scenario1_stationary,moper,50,0.0,1,0.09,0.11199999999999999,0.5,0.5,-0.10099999999999999,-0.31425225734710693,4.3335128907528997e-07,0.0003532018745318055,,,1.0,normal
1800,10,scenario1_stationary,moper,50,1.0,0,0.060625,0.197,0.5,0.5,-0.1288125,-0.314658522605896,2.7431153171164624e-07,0.0002650389214977622,,,1.0,normal
1801,10,scenario1_stationary,moper,50,1.9000000000000004,0,0.0611875,0.19790000000000002,0.5,0.5,-0.12954375,-0.3144211173057556,6.973180575187143e-07,0.0003756784135475755,,,1.0,normal
1802,10,scenario1_stationary,moper,50,0.0,1,0.09,0.11199999999999999,0.5,0.5,-0.10099999999999999,-0.31465771794319153,7.631622338521993e-07,0.0003663155948743224,,,1.0,normal
1803,10,scenario1_stationary,moper,50,1.0,0,0.060625,0.197,0.5,0.5,-0.1288125,-0.3146500587463379,2.6098445005118265e-07,0.0003044119803234935,,,1.0,normal
1804,10,scenario1_stationary,moper,50,0.0,1,0.09,0.11199999999999999,0.5,0.5,-0.10099999999999999,-0.3149382174015045,2.2611058625443547e-07,0.0002427713479846716,,,1.0,normal
1805,10,scenario1_stationary,moper,50,1.0,0,0.060625,0.197,0.5,0.5,-0.1288125,-0.3151429295539856,3.2836709351613536e-07,0.00032271817326545715,,,1.0,normal
1806,10,scenario1_stationary,moper,50,1.9000000000000004,0,0.0611875,0.19790000000000002,0.5,0.5,-0.12954375,-0.3154512345790863,2.3662688874992455e-07,0.000273645156994462,,,1.0,normal
1807,10,scenario1_stationary,moper,50,0.0,1,0.09,0.11199999999999999,0.5,0.5,-0.10099999999999999,-0.31497105956077576,5.14152191044559e-07,0.00024286413099616766,,,1.0,normal
1808,10,scenario1_stationary,moper,50,1.0,0,0.060625,0.197,0.5,0.5,-0.1288125,-0.31497153639793396,3.798547822952969e-07,0.0002259730827063322,,,1.0,normal
1809,10,scenario1_stationary,moper,50,0.0,1,0.09,0.11199999999999999,0.5,0.5,-0.10099999999999999,-0.31536731123924255,2.210999809904024e-07,0.00024164398200809956,,,1.0,normal
1810,10,scenario1_stationary,moper,50,0.0,1,0.09,0.11199999999999999,0.5,0.5,-0.10099999999999999,-0.31547555327415466,3.227843308195588e-07,0.00021660409402102232,,,1.0,normal
1811,10,scenario1_stationary,moper,50,1.0,0,0.060625,0.197,0.5,0.5,-0.1288125,-0.3158792555332184,1.2112300851185864e-07,0.00020608410704880953,,,1.0,normal
1812,10,scenario1_stationary,moper,50,0.0,1,0.09,0.11199999999999999,0.5,0.5,-0.10099999999999999,-0.3155986964702606,4.996941243007313e-07,0.00029954349156469107,,,1.0,normal
1813,10,scenario1_stationary,moper,50,0.0,1,0.09,0.11199999999999999,0.5,0.5,-0.10099999999999999,-0.31564825773239136,1.2610011879132799e-07,0.0001938450150191784,,,1.0,normal
1814,10,scenario1_stationary,moper,50,0.0,1,0.09,0.11199999999999999,0.5,0.5,-0.10099999999999999,-0.3158392608165741,3.606259042499005e-07,0.00023669761139899492,,,1.0,normal
1815,10,scenario1_stationary,moper,50,0.0,1,0.09,0.11199999999999999,0.5,0.5,-0.10099999999999999,-0.316148042678833,9.422763014299562e-08,0.00014838133938610554,,,1.0,normal
1816,10,scenario1_stationary,moper,50,0.0,1,0.09,0.11199999999999999,0.5,0.5,-0.10099999999999999,-0.31648921966552734,8.976628862455982e-08,0.0001231227070093155,,,1.0,normal
1817,10,scenario1_stationary,moper,50,0.0,1,0.09,0.11199999999999999,0.5,0.5,-0.10099999999999999,-0.3165420889854431,1.3433617596092517e-07,0.00015381874982267618,,,1.0,normal
1818,10,scenario1_stationary,moper,50,0.0,1,0.09,0.11199999999999999,0.5,0.5,-0.10099999999999999,-0.31644514203071594,2.4502347173438466e-07,0.0001904418459162116,,,1.0,normal
1819,10,scenario1_stationary,moper,50,1.0,0,0.060625,0.197,0.5,0.5,-0.1288125,-0.3163648843765259,2.949192889900587e-07,0.0001767459325492382,,,1.0,normal
1820,10,scenario1_stationary,moper,50,1.9000000000000004,0,0.0611875,0.19790000000000002,0.5,0.5,-0.12954375,-0.3165350556373596,7.75111175244092e-08,0.0001570258755236864,,,1.0,normal
1821,10,scenario1_stationary,moper,50,0.0,1,0.09,0.11199999999999999,0.5,0.5,-0.10099999999999999,-0.3165968358516693,1.248256126018532e-06,0.0002966906176880002,,,1.0,normal
1822,10,scenario1_stationary,moper,50,0.0,1,0.09,0.11199999999999999,0.5,0.5,-0.10099999999999999,-0.3165327310562134,2.2085070838784304e-07,0.0002351419534534216,,,1.0,normal
1823,10,scenario1_stationary,moper,50,1.0,0,0.060625,0.197,0.5,0.5,-0.1288125,-0.3169737160205841,1.437051508901277e-07,0.00019069307018071413,,,1.0,normal
1824,10,scenario1_stationary,moper,50,1.9000000000000004,0,0.0611875,0.19790000000000002,0.5,0.5,-0.12954375,-0.3169408142566681,4.2821201873266546e-07,0.00029930099844932556,,,1.0,normal
1825,10,scenario1_stationary,moper,50,0.0,1,0.09,0.11199999999999999,0.5,0.5,-0.10099999999999999,-0.3173225224018097,1.3818564070788852e-07,0.00021998456213623285,,,1.0,normal
1826,10,scenario1_stationary,moper,50,0.0,1,0.09,0.11199999999999999,0.5,0.5,-0.10099999999999999,-0.3172898292541504,2.860737424725812e-07,0.0002479194663465023,,,1.0,normal
1827,10,scenario1_stationary,moper,50,1.0,0,0.060625,0.197,0.5,0.5,-0.1288125,-0.3171514868736267,3.529374339450442e-07,0.00026275182608515024,,,1.0,normal
1828,10,scenario1_stationary,moper,50,1.9000000000000004,0,0.0611875,0.19790000000000002,0.5,0.5,-0.12954375,-0.317191481590271,2.6039759859486367e-07,0.0002242234768345952,,,1.0,normal
1829,10,scenario1_stationary,moper,50,2.710000000000001,0,0.061693750000000006,0.19871000000000003,0.5,0.5,-0.13020187500000002,-0.3173805773258209,1.4751903165688418e-07,0.00022137584164738655,,,1.0,normal
1830,10,scenario1_stationary,moper,50,0.0,1,0.09,0.11199999999999999,0.5,0.5,-0.10099999999999999,-0.31748148798942566,2.857264576050511e-07,0.0002379068173468113,,,1.0,normal
1831,10,scenario1_stationary,moper,50,0.0,1,0.09,0.11199999999999999,0.5,0.5,-0.10099999999999999,-0.31768935918807983,1.8861931039282354e-07,0.0002163990866392851,,,1.0,normal
1832,10,scenario1_stationary,moper,50,0.0,1,0.09,0.11199999999999999,0.5,0.5,-0.10099999999999999,-0.3175108730792999,5.808411742691533e-07,0.0002795703476294875,,,1.0,normal
1833,10,scenario1_stationary,moper,50,1.0,0,0.060625,0.197,0.5,0.5,-0.1288125,-0.3180752694606781,1.0447614329223143e-07,0.00018196459859609604,,,1.0,normal
1834,10,scenario1_stationary,moper,50,1.9000000000000004,0,0.0611875,0.19790000000000002,0.5,0.5,-0.12954375,-0.3178766965866089,1.1770165428970358e-06,0.00032601412385702133,,,1.0,normal
1835,10,scenario1_stationary,moper,50,2.710000000000001,0,0.061693750000000006,0.19871000000000003,0.5,0.5,-0.13020187500000002,-0.3183753788471222,2.0556588253839436e-07,0.00018697080668061972,,,1.0,normal
1836,10,scenario1_stationary,moper,50,3.439,0,0.062149375,0.199439,0.5,0.5,-0.1307941875,-0.3182670474052429,4.508455617724394e-07,0.00022557529155164957,,,1.0,normal
1837,10,scenario1_stationary,moper,50,4.0951,0,0.06255943750000001,0.20009510000000003,0.5,0.5,-0.13132726875,-0.3182525634765625,1.5706119427250087e-07,0.00014995562378317118,,,1.0,normal
1838,10,scenario1_stationary,moper,50,4.685590000000001,0,0.06292849375000001,0.20068559000000002,0.5,0.5,-0.13180704187500003,-0.3182539641857147,4.122163943520718e-07,0.00023834488820284605,,,1.0,normal
1839,10,scenario1_stationary,moper,50,0.0,1,0.09,0.11199999999999999,0.5,0.5,-0.10099999999999999,-0.31863683462142944,9.42481790389138e-08,0.00015072221867740154,,,1.0,normal
1840,10,scenario1_stationary,moper,50,1.0,0,0.060625,0.197,0.5,0.5,-0.1288125,-0.3186245262622833,1.4947332260817348e-07,0.00014807051047682762,,,1.0,normal
1841,10,scenario1_stationary,moper,50,0.0,1,0.09,0.11199999999999999,0.5,0.5,-0.10099999999999999,-0.3185710608959198,3.3803613064264937e-07,0.00017503462731838226,,,1.0,normal
1842,10,scenario1_stationary,moper,50,0.0,1,0.09,0.11199999999999999,0.5,0.5,-0.10099999999999999,-0.3188985288143158,2.0177448334379733e-07,0.00017403950914740562,,,1.0,normal
1843,10,scenario1_stationary,moper,50,1.0,0,0.060625,0.197,0.5,0.5,-0.1288125,-0.31884798407554626,1.2877416111223283e-07,0.00019284896552562714,,,1.0,normal
1844,10,scenario1_stationary,moper,50,1.9000000000000004,0,0.0611875,0.19790000000000002,0.5,0.5,-0.12954375,-0.31910213828086853,7.011566367509658e-07,0.0002484242431819439,,,1.0,normal
1845,10,scenario1_stationary,moper,50,0.0,1,0.09,0.11199999999999999,0.5,0.5,-0.10099999999999999,-0.3191860616207123,1.0114874271494045e-07,0.00016994297038763762,,,1.0,normal
1846,10,scenario1_stationary,moper,50,1.0,0,0.060625,0.197,0.5,0.5,-0.1288125,-0.3194442093372345,6.99482001209617e-08,0.0001326599158346653,,,1.0,normal
1847,10,scenario1_stationary,moper,50,1.9000000000000004,0,0.0611875,0.19790000000000002,0.5,0.5,-0.12954375,-0.3194366991519928,1.4317910768113506e-07,0.00013777229469269514,,,1.0,normal
1848,10,scenario1_stationary,moper,50,0.0,1,0.09,0.11199999999999999,0.5,0.5,-0.10099999999999999,-0.31937769055366516,8.910720339372347e-08,0.00014352949801832438,,,1.0,normal
1849,10,scenario1_stationary,moper,50,0.0,1,0.09,0.11199999999999999,0.5,0.5,-0.10099999999999999,-0.31966057419776917,9.1483968844841e-08,0.0001716185361146927,,,1.0,normal
1850,10,scenario1_stationary,moper,50,1.0,0,0.060625,0.197,0.5,0.5,-0.1288125,-0.3195260763168335,1.2972549257028732e-07,0.0001680917339399457,,,1.0,normal
1851,10,scenario1_stationary,moper,50,0.0,1,0.09,0.11199999999999999,0.5,0.5,-0.10099999999999999,-0.31963008642196655,5.11375219502952e-07,0.00018543133046478033,,,1.0,normal
1852,10,scenario1_stationary,moper,50,1.0,0,0.060625,0.197,0.5,0.5,-0.1288125,-0.3198869824409485,4.9899171017386834e-08,0.0001064039533957839,,,1.0,normal
1853,10,scenario1_stationary,moper,50,0.0,1,0.09,0.11199999999999999,0.5,0.5,-0.10099999999999999,-0.3200260400772095,1.6434661631592462e-07,0.00014013948384672403,,,1.0,normal
1854,10,scenario1_stationary,moper,50,0.0,1,0.09,0.11199999999999999,0.5,0.5,-0.10099999999999999,-0.3199767470359802,1.9388112093565724e-07,0.000163440709002316,,,1.0,normal
1855,10,scenario1_stationary,moper,50,1.0,0,0.060625,0.197,0.5,0.5,-0.1288125,-0.320398211479187,2.668343199729861e-07,0.00016410602256655693,,,1.0,normal
1856,10,scenario1_stationary,moper,50,0.0,1,0.09,0.11199999999999999,0.5,0.5,-0.10099999999999999,-0.3202711045742035,1.179911066628847e-07,0.0001522892853245139,,,1.0,normal
1857,10,scenario1_stationary,moper,50,1.0,0,0.060625,0.197,0.5,0.5,-0.1288125,-0.320169597864151,3.4617625033206423e-07,0.00018956803251057863,,,1.0,normal
1858,10,scenario1_stationary,moper,50,1.9000000000000004,0,0.0611875,0.19790000000000002,0.5,0.5,-0.12954375,-0.3204003870487213,6.927518256816256e-07,0.00019654456991702318,,,1.0,normal
1859,10,scenario1_stationary,moper,50,2.710000000000001,0,0.061693750000000006,0.19871000000000003,0.5,0.5,-0.13020187500000002,-0.3207702040672302,1.0818997253636553e-07,0.00017342926003038883,,,1.0,normal
1860,10,scenario1_stationary,moper,50,3.439,0,0.062149375,0.199439,0.5,0.5,-0.1307941875,-0.32084977626800537,6.184868084346817e-08,0.00013162940740585327,,,1.0,normal
1861,10,scenario1_stationary,moper,50,0.0,1,0.09,0.11199999999999999,0.5,0.5,-0.10099999999999999,-0.32083550095558167,5.0622123382026984e-08,0.000104716164059937,,,1.0,normal
1862,10,scenario1_stationary,moper,50,0.0,1,0.09,0.11199999999999999,0.5,0.5,-0.10099999999999999,-0.3211521506309509,6.023878285077444e-08,0.00011898309458047152,,,1.0,normal
1863,10,scenario1_stationary,moper,50,1.0,0,0.060625,0.197,0.5,0.5,-0.1288125,-0.3209068179130554,6.11463946142976e-08,0.00012029404751956463,,,1.0,normal
1864,10,scenario1_stationary,moper,50,0.0,1,0.09,0.11199999999999999,0.5,0.5,-0.10099999999999999,-0.32097724080085754,2.9960887104607536e-07,0.00018344377167522907,,,1.0,normal
1865,10,scenario1_stationary,moper,50,0.0,1,0.09,0.11199999999999999,0.5,0.5,-0.10099999999999999,-0.3210377097129822,9.181666627000595e-08,0.0001744042383506894,,,1.0,normal
1866,10,scenario1_stationary,moper,50,0.0,1,0.09,0.11199999999999999,0.5,0.5,-0.10099999999999999,-0.32125693559646606,4.703315710230527e-07,0.00024975696578621864,,,1.0,normal
1867,10,scenario1_stationary,moper,50,1.0,0,0.060625,0.197,0.5,0.5,-0.1288125,-0.32128700613975525,6.775641168133006e-07,0.000253819627687335,,,1.0,normal
1868,10,scenario1_stationary,moper,50,1.9000000000000004,0,0.0611875,0.19790000000000002,0.5,0.5,-0.12954375,-0.32136842608451843,3.2373787917094887e-07,0.000254426384344697,,,1.0,normal
1869,10,scenario1_stationary,moper,50,0.0,1,0.09,0.11199999999999999,0.5,0.5,-0.10099999999999999,-0.3216331899166107,1.952550690020871e-07,0.00022242870181798935,,,1.0,normal
1870,10,scenario1_stationary,moper,50,0.0,1,0.09,0.11199999999999999,0.5,0.5,-0.10099999999999999,-0.32176634669303894,2.0558728408559546e-07,0.00022629171144217253,,,1.0,normal
1871,10,scenario1_stationary,moper,50,1.0,0,0.060625,0.197,0.5,0.5,-0.1288125,-0.3219846487045288,1.8529161138758354e-07,0.00013719825074076653,,,1.0,normal
1872,10,scenario1_stationary,moper,50,1.9000000000000004,0,0.0611875,0.19790000000000002,0.5,0.5,-0.12954375,-0.32190537452697754,6.158252574550716e-08,0.00011473346967250109,,,1.0,normal
1873,10,scenario1_stationary,moper,50,0.0,1,0.09,0.11199999999999999,0.5,0.5,-0.10099999999999999,-0.3218989968299866,2.5546933102305047e-07,0.00021500058937817812,,,1.0,normal
1874,10,scenario1_stationary,moper,50,0.0,1,0.09,0.11199999999999999,0.5,0.5,-0.10099999999999999,-0.3221345543861389,3.338217879900185e-07,0.00028202030807733536,,,1.0,normal
1875,10,scenario1_stationary,moper,50,1.0,0,0.060625,0.197,0.5,0.5,-0.1288125,-0.32222220301628113,3.522212921325263e-07,0.0002046205336228013,,,1.0,normal
1876,10,scenario1_stationary,moper,50,0.0,1,0.09,0.11199999999999999,0.5,0.5,-0.10099999999999999,-0.3221117854118347,2.7613862130237976e-07,0.00018584448844194412,,,1.0,normal
1877,10,scenario1_stationary,moper,50,1.0,0,0.060625,0.197,0.5,0.5,-0.1288125,-0.32240182161331177,1.240414064795914e-07,0.00017350900452584028,,,1.0,normal
1878,10,scenario1_stationary,moper,50,0.0,1,0.09,0.11199999999999999,0.5,0.5,-0.10099999999999999,-0.32251328229904175,2.0584465687534248e-07,0.00020143657457083464,,,1.0,normal
1879,10,scenario1_stationary,moper,50,0.0,1,0.09,0.11199999999999999,0.5,0.5,-0.10099999999999999,-0.3226062059402466,5.4603212618076213e-08,0.00012793473433703184,,,1.0,normal
1880,10,scenario1_stationary,moper,50,1.0,0,0.060625,0.197,0.5,0.5,-0.1288125,-0.32276010513305664,8.181736887991065e-08,0.00014324183575809002,,,1.0,normal
1881,10,scenario1_stationary,moper,50,1.9000000000000004,0,0.0611875,0.19790000000000002,0.5,0.5,-0.12954375,-0.3228321075439453,2.2715400405104447e-07,0.00016205909196287394,,,1.0,normal
1882,10,scenario1_stationary,moper,50,0.0,1,0.09,0.11199999999999999,0.5,0.5,-0.10099999999999999,-0.32291704416275024,9.534235090313814e-08,0.00015923462342470884,,,1.0,normal
1883,10,scenario1_stationary,moper,50,0.0,1,0.09,0.11199999999999999,0.5,0.5,-0.10099999999999999,-0.32303377985954285,1.4630447253694e-07,0.0001627479214221239,,,1.0,normal
1884,10,scenario1_stationary,moper,50,0.0,1,0.09,0.11199999999999999,0.5,0.5,-0.10099999999999999,-0.3232489228248596,5.611514097836334e-08,0.00011363194789737463,,,1.0,normal
1885,10,scenario1_stationary,moper,50,0.0,1,0.09,0.11199999999999999,0.5,0.5,-0.10099999999999999,-0.3232971727848053,5.6625751199135266e-08,0.0001362287439405918,,,1.0,normal
1886,10,scenario1_stationary,moper,50,0.0,1,0.09,0.11199999999999999,0.5,0.5,-0.10099999999999999,-0.32344579696655273,6.146164821529965e-08,0.0001371009275317192,,,1.0,normal
1887,10,scenario1_stationary,moper,50,0.0,1,0.09,0.11199999999999999,0.5,0.5,-0.10099999999999999,-0.323469877243042,7.510519139941607e-07,0.000208389014005661,,,1.0,normal
1888,10,scenario1_stationary,moper,50,0.0,1,0.09,0.11199999999999999,0.5,0.5,-0.10099999999999999,-0.3232565224170685,2.7538879976418684e-07,0.00023019639775156975,,,1.0,normal
1889,10,scenario1_stationary,moper,50,1.0,0,0.060625,0.197,0.5,0.5,-0.1288125,-0.32363754510879517,6.366493607856683e-07,0.00031141703948378563,,,1.0,normal
1890,10,scenario1_stationary,moper,50,0.0,1,0.09,0.11199999999999999,0.5,0.5,-0.10099999999999999,-0.32365649938583374,4.037999019601557e-07,0.000270661199465394,,,1.0,normal
1891,10,scenario1_stationary,moper,50,1.0,0,0.060625,0.197,0.5,0.5,-0.1288125,-0.32364732027053833,6.827767720096745e-07,0.00035872170701622963,,,1.0,normal
1892,10,scenario1_stationary,moper,50,0.0,1,0.09,0.11199999999999999,0.5,0.5,-0.10099999999999999,-0.3241954445838928,4.0091555320032057e-07,0.00030461803544312716,,,1.0,normal
1893,10,scenario1_stationary,moper,50,0.0,1,0.09,0.11199999999999999,0.5,0.5,-0.10099999999999999,-0.3239806592464447,2.969228489746456e-07,0.00027578696608543396,,,1.0,normal
1894,10,scenario1_stationary,moper,50,0.0,1,0.09,0.11199999999999999,0.5,0.5,-0.10099999999999999,-0.3241073489189148,1.0497257107999758e-07,0.00017292541451752186,,,1.0,normal
1895,10,scenario1_stationary,moper,50,1.0,0,0.060625,0.197,0.5,0.5,-0.1288125,-0.32401102781295776,2.3395766390876815e-07,0.00018593808636069298,,,1.0,normal
1896,10,scenario1_stationary,moper,50,0.0,1,0.09,0.11199999999999999,0.5,0.5,-0.10099999999999999,-0.3242403566837311,3.7249540696393524e-07,0.000231083482503891,,,1.0,normal
1897,10,scenario1_stationary,moper,50,0.0,1,0.09,0.11199999999999999,0.5,0.5,-0.10099999999999999,-0.32452645897865295,9.864615435617452e-08,0.00017506745643913746,,,1.0,normal
1898,10,scenario1_stationary,moper,50,0.0,1,0.09,0.11199999999999999,0.5,0.5,-0.10099999999999999,-0.32471972703933716,1.2986441788598313e-07,0.0002116785617545247,,,1.0,normal
1899,10,scenario1_stationary,moper,50,0.0,1,0.09,0.11199999999999999,0.5,0.5,-0.10099999999999999,-0.3247458040714264,1.749858427047002e-07,0.000221640570089221,,,1.0,normal
1900,10,scenario1_stationary,moper,50,1.0,0,0.060625,0.197,0.5,0.5,-0.1288125,-0.3248230814933777,1.292071232228409e-07,0.00021132640540599823,,,1.0,normal
1901,10,scenario1_stationary,moper,50,1.9000000000000004,0,0.0611875,0.19790000000000002,0.5,0.5,-0.12954375,-0.32472479343414307,2.2770106511416088e-07,0.00019154336769133806,,,1.0,normal
1902,10,scenario1_stationary,moper,50,0.0,1,0.09,0.11199999999999999,0.5,0.5,-0.10099999999999999,-0.32481059432029724,1.6955330295331805e-07,0.00020181783474981785,,,1.0,normal
1903,10,scenario1_stationary,moper,50,1.0,0,0.060625,0.197,0.5,0.5,-0.1288125,-0.32512545585632324,9.932394817724344e-08,0.00015977979637682438,,,1.0,normal
1904,10,scenario1_stationary,moper,50,1.9000000000000004,0,0.0611875,0.19790000000000002,0.5,0.5,-0.12954375,-0.3251568377017975,1.5519333373958943e-07,0.00017233053222298622,,,1.0,normal
1905,10,scenario1_stationary,moper,50,2.710000000000001,0,0.061693750000000006,0.19871000000000003,0.5,0.5,-0.13020187500000002,-0.32539013028144836,1.762291503837332e-07,0.0001989486627280712,,,1.0,normal
1906,10,scenario1_stationary,moper,50,0.0,1,0.09,0.11199999999999999,0.5,0.5,-0.10099999999999999,-0.32548144459724426,3.847780760679598e-08,0.00010561267845332623,,,1.0,normal
1907,10,scenario1_stationary,moper,50,1.0,0,0.060625,0.197,0.5,0.5,-0.1288125,-0.32539135217666626,9.744485396367963e-08,0.00011809298302978277,,,1.0,normal
1908,10,scenario1_stationary,moper,50,0.0,1,0.09,0.11199999999999999,0.5,0.5,-0.10099999999999999,-0.32553261518478394,3.685590286295337e-07,0.00020500121172517538,,,1.0,normal
1909,10,scenario1_stationary,moper,50,1.0,0,0.060625,0.197,0.5,0.5,-0.1288125,-0.32560041546821594,3.60950366484758e-07,0.0002172307576984167,,,1.0,normal
1910,10,scenario1_stationary,moper,50,1.9000000000000004,0,0.0611875,0.19790000000000002,0.5,0.5,-0.12954375,-0.3252457082271576,8.890082199286553e-07,0.00030400266405195,,,1.0,normal
1911,10,scenario1_stationary,moper,50,0.0,1,0.09,0.11199999999999999,0.5,0.5,-0.10099999999999999,-0.325876384973526,1.708627337393409e-07,0.00022542360238730907,,,1.0,normal
1912,10,scenario1_stationary,moper,50,1.0,0,0.060625,0.197,0.5,0.5,-0.1288125,-0.32576650381088257,9.395315601068432e-07,0.0003459324361756444,,,1.0,normal
1913,10,scenario1_stationary,moper,50,1.9000000000000004,0,0.0611875,0.19790000000000002,0.5,0.5,-0.12954375,-0.32623451948165894,3.047616417006793e-07,0.0002729458501562476,,,1.0,normal
1914,10,scenario1_stationary,moper,50,0.0,1,0.09,0.11199999999999999,0.5,0.5,-0.10099999999999999,-0.32638639211654663,2.9197602202657436e-07,0.0002653776900842786,,,1.0,normal
1915,10,scenario1_stationary,moper,50,1.0,0,0.060625,0.197,0.5,0.5,-0.1288125,-0.3260693848133087,2.805618350976147e-07,0.00023159501142799854,,,1.0,normal
1916,10,scenario1_stationary,moper,50,0.0,1,0.09,0.11199999999999999,0.5,0.5,-0.10099999999999999,-0.3262326419353485,1.7974909383156046e-07,0.0002053206553682685,,,1.0,normal
1917,10,scenario1_stationary,moper,50,0.0,1,0.09,0.11199999999999999,0.5,0.5,-0.10099999999999999,-0.32651278376579285,1.727112817206944e-07,0.00022857077419757843,,,1.0,normal
1918,10,scenario1_stationary,moper,50,0.0,1,0.09,0.11199999999999999,0.5,0.5,-0.10099999999999999,-0.326735258102417,1.4257093994274328e-07,0.0001963791437447071,,,1.0,normal
1919,10,scenario1_stationary,moper,50,0.0,1,0.09,0.11199999999999999,0.5,0.5,-0.10099999999999999,-0.32671216130256653,4.0700771819501824e-07,0.00021985301282256842,,,1.0,normal
1920,10,scenario1_stationary,moper,50,1.0,0,0.060625,0.197,0.5,0.5,-0.1288125,-0.3267371654510498,8.75872530059496e-08,0.00014108035247772932,,,1.0,normal
1921,10,scenario1_stationary,moper,50,0.0,1,0.09,0.11199999999999999,0.5,0.5,-0.10099999999999999,-0.32711517810821533,8.217361369133869e-08,0.0001677446998655796,,,1.0,normal
1922,10,scenario1_stationary,moper,50,1.0,0,0.060625,0.197,0.5,0.5,-0.1288125,-0.32692214846611023,1.4913997858911898e-07,0.0001846925588324666,,,1.0,normal
1923,10,scenario1_stationary,moper,50,0.0,1,0.09,0.11199999999999999,0.5,0.5,-0.10099999999999999,-0.3270992636680603,3.0841835041428567e-07,0.0001731248339638114,,,1.0,normal
1924,10,scenario1_stationary,moper,50,1.0,0,0.060625,0.197,0.5,0.5,-0.1288125,-0.32714152336120605,2.2646092645572935e-07,0.00018165574874728918,,,1.0,normal
1925,10,scenario1_stationary,moper,50,0.0,1,0.09,0.11199999999999999,0.5,0.5,-0.10099999999999999,-0.3273409903049469,1.646675116262486e-07,0.00019104243256151676,,,1.0,normal
1926,10,scenario1_stationary,moper,50,0.0,1,0.09,0.11199999999999999,0.5,0.5,-0.10099999999999999,-0.3274976313114166,1.880265187992336e-07,0.00022722547873854637,,,1.0,normal
1927,10,scenario1_stationary,moper,50,1.0,0,0.060625,0.197,0.5,0.5,-0.1288125,-0.32759976387023926,5.238181444155998e-08,0.00013839418534189463,,,1.0,normal
1928,10,scenario1_stationary,moper,50,1.9000000000000004,0,0.0611875,0.19790000000000002,0.5,0.5,-0.12954375,-0.3275606632232666,6.886048709020542e-08,0.000125251361168921,,,1.0,normal
1929,10,scenario1_stationary,moper,50,0.0,1,0.09,0.11199999999999999,0.5,0.5,-0.10099999999999999,-0.32767271995544434,1.634913502357449e-07,0.00021490035578608513,,,1.0,normal
1930,10,scenario1_stationary,moper,50,0.0,1,0.09,0.11199999999999999,0.5,0.5,-0.10099999999999999,-0.3277432918548584,2.4607521709185676e-07,0.0002321411157026887,,,1.0,normal
1931,10,scenario1_stationary,moper,50,0.0,1,0.09,0.11199999999999999,0.5,0.5,-0.10099999999999999,-0.3279699683189392,1.6933280733155698e-07,0.0001710995566099882,,,1.0,normal
1932,10,scenario1_stationary,moper,50,0.0,1,0.09,0.11199999999999999,0.5,0.5,-0.10099999999999999,-0.3282219469547272,9.235368025883872e-08,0.0001326149795204401,,,1.0,normal
1933,10,scenario1_stationary,moper,50,0.0,1,0.09,0.11199999999999999,0.5,0.5,-0.10099999999999999,-0.3281159996986389,2.6046114953715005e-07,0.00019307073671370745,,,1.0,normal
1934,10,scenario1_stationary,moper,50,1.0,0,0.060625,0.197,0.5,0.5,-0.1288125,-0.32827627658843994,9.619090235446492e-08,0.00014358689077198505,,,1.0,normal
1935,10,scenario1_stationary,moper,50,0.0,1,0.09,0.11199999999999999,0.5,0.5,-0.10099999999999999,-0.3282281756401062,4.040823853301845e-07,0.00021218240726739168,,,1.0,normal
1936,10,scenario1_stationary,moper,50,1.0,0,0.060625,0.197,0.5,0.5,-0.1288125,-0.32829606533050537,2.3733863940833544e-07,0.00020569481421262026,,,1.0,normal
1937,10,scenario1_stationary,moper,50,0.0,1,0.09,0.11199999999999999,0.5,0.5,-0.10099999999999999,-0.328535795211792,7.196205586978976e-08,0.00014684093184769154,,,1.0,normal
1938,10,scenario1_stationary,moper,50,1.0,0,0.060625,0.197,0.5,0.5,-0.1288125,-0.32878807187080383,2.1120672499819193e-07,0.00012570770923048258,,,1.0,normal
1939,10,scenario1_stationary,moper,50,1.9000000000000004,0,0.0611875,0.19790000000000002,0.5,0.5,-0.12954375,-0.3288864493370056,1.2564809992454684e-07,0.0001351170940324664,,,1.0,normal
1940,10,scenario1_stationary,moper,50,2.710000000000001,0,0.061693750000000006,0.19871000000000003,0.5,0.5,-0.13020187500000002,-0.3288012146949768,1.1924175851163454e-06,0.00023547874297946692,,,1.0,normal
1941,10,scenario1_stationary,moper,50,3.439,0,0.062149375,0.199439,0.5,0.5,-0.1307941875,-0.3287407457828522,2.0580253590196662e-07,0.00020354264415800571,,,1.0,normal
1942,10,scenario1_stationary,moper,50,0.0,1,0.09,0.11199999999999999,0.5,0.5,-0.10099999999999999,-0.3289797306060791,4.220337928018125e-07,0.0002646716311573982,,,1.0,normal
1943,10,scenario1_stationary,moper,50,0.0,1,0.09,0.11199999999999999,0.5,0.5,-0.10099999999999999,-0.3292858600616455,1.989408815461502e-07,0.00014828634448349476,,,1.0,normal
1944,10,scenario1_stationary,moper,50,0.0,1,0.09,0.11199999999999999,0.5,0.5,-0.10099999999999999,-0.32936957478523254,2.0532560540686973e-07,0.0001497288467362523,,,1.0,normal
1945,10,scenario1_stationary,moper,50,0.0,1,0.09,0.11199999999999999,0.5,0.5,-0.10099999999999999,-0.32953861355781555,1.505050022387877e-07,0.00015634344890713692,,,1.0,normal
1946,10,scenario1_stationary,moper,50,0.0,1,0.09,0.11199999999999999,0.5,0.5,-0.10099999999999999,-0.32940879464149475,7.192683142420719e-07,0.00016623386181890965,,,1.0,normal
1947,10,scenario1_stationary,moper,50,1.0,0,0.060625,0.197,0.5,0.5,-0.1288125,-0.3293383717536926,2.441490778437583e-07,0.00020312191918492317,,,1.0,normal
1948,10,scenario1_stationary,moper,50,1.9000000000000004,0,0.0611875,0.19790000000000002,0.5,0.5,-0.12954375,-0.3294919729232788,3.9298740261983767e-07,0.00022272567730396986,,,1.0,normal
1949,10,scenario1_stationary,moper,50,2.710000000000001,0,0.061693750000000006,0.19871000000000003,0.5,0.5,-0.13020187500000002,-0.3297100067138672,2.0461796168547153e-07,0.00020673300605267286,,,1.0,normal
1950,10,scenario1_stationary,moper,50,3.439,0,0.062149375,0.199439,0.5,0.5,-0.1307941875,-0.32992398738861084,1.6872282060376165e-07,0.0001979272346943617,,,1.0,normal
1951,10,scenario1_stationary,moper,50,0.0,1,0.09,0.11199999999999999,0.5,0.5,-0.10099999999999999,-0.3299908936023712,1.2883661781870615e-07,0.0001675882376730442,,,1.0,normal
1952,10,scenario1_stationary,moper,50,0.0,1,0.09,0.11199999999999999,0.5,0.5,-0.10099999999999999,-0.33028051257133484,1.431946543561935e-07,0.00018137518782168627,,,1.0,normal
1953,10,scenario1_stationary,moper,50,0.0,1,0.09,0.11199999999999999,0.5,0.5,-0.10099999999999999,-0.3303752839565277,1.681076753357047e-07,0.0001726554473862052,,,1.0,normal
1954,10,scenario1_stationary,moper,50,0.0,1,0.09,0.11199999999999999,0.5,0.5,-0.10099999999999999,-0.33006688952445984,4.070406021128292e-07,0.00023748306557536125,,,1.0,normal
1955,10,scenario1_stationary,moper,50,0.0,1,0.09,0.11199999999999999,0.5,0.5,-0.10099999999999999,-0.33025068044662476,1.1781202147176373e-07,0.00016012857668101788,,,1.0,normal
1956,10,scenario1_stationary,moper,50,1.0,0,0.060625,0.197,0.5,0.5,-0.1288125,-0.3304130733013153,2.622548720410123e-07,0.00021688907872885466,,,1.0,normal
1957,10,scenario1_stationary,moper,50,0.0,1,0.09,0.11199999999999999,0.5,0.5,-0.10099999999999999,-0.3306829333305359,1.2772328261689836e-07,0.00019222660921514034,,,1.0,normal
1958,10,scenario1_stationary,moper,50,1.0,0,0.060625,0.197,0.5,0.5,-0.1288125,-0.3307506740093231,4.419986225911998e-07,0.0002147891791537404,,,1.0,normal
1959,10,scenario1_stationary,moper,50,0.0,1,0.09,0.11199999999999999,0.5,0.5,-0.10099999999999999,-0.330795019865036,1.0179630294260278e-07,0.0001443780492991209,,,1.0,normal
1960,10,scenario1_stationary,moper,50,0.0,1,0.09,0.11199999999999999,0.5,0.5,-0.10099999999999999,-0.33097732067108154,1.2356333911611728e-07,0.00016761524602770805,,,1.0,normal
1961,10,scenario1_stationary,moper,50,1.0,0,0.060625,0.197,0.5,0.5,-0.1288125,-0.3311016857624054,2.2409547284496512e-07,0.00021957524586468935,,,1.0,normal
1962,10,scenario1_stationary,moper,50,0.0,1,0.09,0.11199999999999999,0.5,0.5,-0.10099999999999999,-0.33119165897369385,2.875152915748913e-07,0.00022029236424714327,,,1.0,normal
1963,10,scenario1_stationary,moper,50,1.0,0,0.060625,0.197,0.5,0.5,-0.1288125,-0.33151739835739136,2.1546993878018839e-07,0.00023464381229132414,,,1.0,normal
1964,10,scenario1_stationary,moper,50,0.0,1,0.09,0.11199999999999999,0.5,0.5,-0.10099999999999999,-0.3314049243927002,2.6822326049114054e-07,0.0002487368183210492,,,1.0,normal
1965,10,scenario1_stationary,moper,50,0.0,1,0.09,0.11199999999999999,0.5,0.5,-0.10099999999999999,-0.33140063285827637,1.858716132119298e-07,0.00021990598179399967,,,1.0,normal
1966,10,scenario1_stationary,moper,50,1.0,0,0.060625,0.197,0.5,0.5,-0.1288125,-0.3314269185066223,1.5624891602783464e-07,0.00020427699200809002,,,1.0,normal
1967,10,scenario1_stationary,moper,50,1.9000000000000004,0,0.0611875,0.19790000000000002,0.5,0.5,-0.12954375,-0.331495463848114,2.536400245389814e-07,0.0002771797589957714,,,1.0,normal
1968,10,scenario1_stationary,moper,50,0.0,1,0.09,0.11199999999999999,0.5,0.5,-0.10099999999999999,-0.33171042799949646,2.961483573926671e-07,0.00026488443836569786,,,1.0,normal
1969,10,scenario1_stationary,moper,50,1.0,0,0.060625,0.197,0.5,0.5,-0.1288125,-0.3316555917263031,3.0316903121274663e-07,0.00024462363217025995,,,1.0,normal
1970,10,scenario1_stationary,moper,50,1.9000000000000004,0,0.0611875,0.19790000000000002,0.5,0.5,-0.12954375,-0.33168941736221313,7.75731109570188e-07,0.00030364596750587225,,,1.0,normal
1971,10,scenario1_stationary,moper,50,0.0,1,0.09,0.11199999999999999,0.5,0.5,-0.10099999999999999,-0.3318362236022949,2.731751749251998e-07,0.00028043845668435097,,,1.0,normal
1972,10,scenario1_stationary,moper,50,1.0,0,0.060625,0.197,0.5,0.5,-0.1288125,-0.3320990800857544,1.2245111520314822e-06,0.0004150939639657736,,,1.0,normal
1973,10,scenario1_stationary,moper,50,1.9000000000000004,0,0.0611875,0.19790000000000002,0.5,0.5,-0.12954375,-0.3321104347705841,8.307857797262841e-07,0.00040381273720413446,,,1.0,normal
1974,10,scenario1_stationary,moper,50,2.710000000000001,0,0.061693750000000006,0.19871000000000003,0.5,0.5,-0.13020187500000002,-0.332376092672348,4.663140202865179e-07,0.0003714865306392312,,,1.0,normal
1975,10,scenario1_stationary,moper,50,0.0,1,0.09,0.11199999999999999,0.5,0.5,-0.10099999999999999,-0.33258968591690063,2.626823061291361e-07,0.0002972108777612448,,,1.0,normal
1976,10,scenario1_stationary,moper,50,1.0,0,0.060625,0.197,0.5,0.5,-0.1288125,-0.3322910666465759,6.305107262960519e-07,0.00035488163121044636,,,1.0,normal
1977,10,scenario1_stationary,moper,50,0.0,1,0.09,0.11199999999999999,0.5,0.5,-0.10099999999999999,-0.33218416571617126,5.320279115039739e-07,0.0003323786659166217,,,1.0,normal
1978,10,scenario1_stationary,moper,50,1.0,0,0.060625,0.197,0.5,0.5,-0.1288125,-0.33254849910736084,3.9030376797200006e-07,0.00035870843566954136,,,1.0,normal
1979,10,scenario1_stationary,moper,50,0.0,1,0.09,0.11199999999999999,0.5,0.5,-0.10099999999999999,-0.332686185836792,4.3897841806028737e-07,0.0003541418118402362,,,1.0,normal
1980,10,scenario1_stationary,moper,50,0.0,1,0.09,0.11199999999999999,0.5,0.5,-0.10099999999999999,-0.33269792795181274,3.916679531812406e-07,0.00030696182511746883,,,1.0,normal
1981,10,scenario1_stationary,moper,50,0.0,1,0.09,0.11199999999999999,0.5,0.5,-0.10099999999999999,-0.332877516746521,2.632794178225595e-07,0.0002749693812802434,,,1.0,normal
1982,10,scenario1_stationary,moper,50,0.0,1,0.09,0.11199999999999999,0.5,0.5,-0.10099999999999999,-0.3330388367176056,2.0873305572877143e-07,0.00026656303089112043,,,1.0,normal
1983,10,scenario1_stationary,moper,50,1.0,0,0.060625,0.197,0.5,0.5,-0.1288125,-0.33333730697631836,1.414851880099377e-07,0.00019108748529106379,,,1.0,normal
1984,10,scenario1_stationary,moper,50,1.9000000000000004,0,0.0611875,0.19790000000000002,0.5,0.5,-0.12954375,-0.3334501087665558,8.460701224066725e-07,0.00028514815494418144,,,1.0,normal
1985,10,scenario1_stationary,moper,50,2.710000000000001,0,0.061693750000000006,0.19871000000000003,0.5,0.5,-0.13020187500000002,-0.3336487412452698,1.562580393965618e-07,0.0001782815670594573,,,1.0,normal
1986,10,scenario1_stationary,moper,50,3.439,0,0.062149375,0.199439,0.5,0.5,-0.1307941875,-0.3336711823940277,1.9928259575863194e-07,0.00020770484115928411,,,1.0,normal
1987,10,scenario1_stationary,moper,50,4.0951,0,0.06255943750000001,0.20009510000000003,0.5,0.5,-0.13132726875,-0.33348923921585083,4.4523773112814524e-07,0.00022925063967704773,,,1.0,normal
1988,10,scenario1_stationary,moper,50,0.0,1,0.09,0.11199999999999999,0.5,0.5,-0.10099999999999999,-0.33362671732902527,1.296249934057414e-07,0.00015577662270516157,,,1.0,normal
1989,10,scenario1_stationary,moper,50,0.0,1,0.09,0.11199999999999999,0.5,0.5,-0.10099999999999999,-0.33355939388275146,2.444620577080059e-07,0.0002571687800809741,,,1.0,normal
1990,10,scenario1_stationary,moper,50,0.0,1,0.09,0.11199999999999999,0.5,0.5,-0.10099999999999999,-0.33370542526245117,5.977463501949387e-07,0.0002861244138330221,,,1.0,normal
1991,10,scenario1_stationary,moper,50,0.0,1,0.09,0.11199999999999999,0.5,0.5,-0.10099999999999999,-0.334168404340744,1.2599593901541084e-07,0.00019200833048671484,,,1.0,normal
1992,10,scenario1_stationary,moper,50,0.0,1,0.09,0.11199999999999999,0.5,0.5,-0.10099999999999999,-0.3340815007686615,6.877424993945169e-07,0.0002510001650080085,,,1.0,normal
1993,10,scenario1_stationary,moper,50,1.0,0,0.060625,0.197,0.5,0.5,-0.1288125,-0.33440127968788147,1.0629432267705852e-07,0.0001813489943742752,,,1.0,normal
1994,10,scenario1_stationary,moper,50,1.9000000000000004,0,0.0611875,0.19790000000000002,0.5,0.5,-0.12954375,-0.3346390426158905,2.049507230594827e-07,0.00020470668096095324,,,1.0,normal
1995,10,scenario1_stationary,moper,50,2.710000000000001,0,0.061693750000000006,0.19871000000000003,0.5,0.5,-0.13020187500000002,-0.33433839678764343,1.1011466938271042e-07,0.0001467447727918625,,,1.0,normal
1996,10,scenario1_stationary,moper,50,0.0,1,0.09,0.11199999999999999,0.5,0.5,-0.10099999999999999,-0.3344150185585022,1.443024046920982e-07,0.00016910233534872532,,,1.0,normal
1997,10,scenario1_stationary,moper,50,1.0,0,0.060625,0.197,0.5,0.5,-0.1288125,-0.33430296182632446,4.496925782859762e-07,0.0002330712741240859,,,1.0,normal
1998,10,scenario1_stationary,moper,50,0.0,1,0.09,0.11199999999999999,0.5,0.5,-0.10099999999999999,-0.33491450548171997,7.113521149904045e-08,0.0001344851916655898,,,1.0,normal
1999,10,scenario1_stationary,moper,50,1.0,0,0.060625,0.197,0.5,0.5,-0.1288125,-0.3349020779132843,9.998118599696681e-08,0.00012979982420802116,,,1.0,normal
